{"type":"FeatureCollection","features":[{"type":"Feature","geometry":{"type":"Point","coordinates":[1.871083,41.754111]},"properties":{"id":"es-10018","source":"ES","brand":"PETRO-PINTO,S.L.","address":"CALLE BARCELONA, S/N","municipality":"Sant Fruitós de Bages","province":"BARCELONA","postalCode":"08272","schedule":"L-D: 24H","fuels":{"gasoline95":1.545,"gasoline98":1.685,"diesel":1.685,"dieselPremium":1.725,"lpg":0.845,"adblue":0.735},"extra":{"saleType":"P","margin":"D","reportingType":"dm","ideess":"10018","idMunicipio":"1075","idProvincia":"08","idCCAA":"09"}}},{"type":"Feature","geometry":{"type":"Point","coordinates":[1.88,41.962472]},"properties":{"id":"es-10074","source":"ES","brand":"PETRO PINTÓ S.L.","address":"CARRETERA CTRA. C-1411-Z, KM.59.4 KM. ","municipality":"Puig-reig","province":"BARCELONA","postalCode":"08692","schedule":"L-D: 24H","fuels":{"gasoline95":1.545,"diesel":1.685,"dieselPremium":1.725,"lpg":0.845,"adblue":0.735},"extra":{"saleType":"P","margin":"I","reportingType":"dm","ideess":"10074","idMunicipio":"1041","idProvincia":"08","idCCAA":"09"}}},{"type":"Feature","geometry":{"type":"Point","coordinates":[1.218889,41.138083]},"properties":{"id":"es-10154","source":"ES","brand":"SIN ASIGNAR","address":"POLIGONO INDUSTRIAL RIU CLAR C/GRANIT S/N PARC.35-38","municipality":"Tarragona","province":"TARRAGONA","postalCode":"43006","schedule":"L: 08:00-13:00 y 15:00-20:00","fuels":{"diesel":1.912},"extra":{"saleType":"P","margin":"N","reportingType":"dm","ideess":"10154","idMunicipio":"6494","idProvincia":"43","idCCAA":"09"}}},{"type":"Feature","geometry":{"type":"Point","coordinates":[1.850583,41.636472]},"properties":{"id":"es-10452","source":"ES","brand":"REPSOL","address":"CARRETERA C-55 KM. 17,1","municipality":"Castellbell i el Vilar","province":"BARCELONA","postalCode":"08296","schedule":"L-D: 06:00-22:00","fuels":{"gasoline95":1.779,"gasoline98":1.949,"diesel":1.949,"dieselPremium":2.009},"extra":{"saleType":"P","margin":"D","reportingType":"OM","ideess":"10452","idMunicipio":"916","idProvincia":"08","idCCAA":"09"}}},{"type":"Feature","geometry":{"type":"Point","coordinates":[1.825611,41.496417]},"properties":{"id":"es-10598","source":"ES","brand":"PEDROSA CENTER","address":"CALLE LAPEDROSA, 20","municipality":"Masquefa","province":"BARCELONA","postalCode":"08783","schedule":"L-D: 24H","fuels":{"gasoline95":1.569,"gasoline98":1.909,"diesel":1.739,"dieselPremium":1.769},"extra":{"saleType":"P","margin":"D","reportingType":"dm","ideess":"10598","idMunicipio":"985","idProvincia":"08","idCCAA":"09"}}},{"type":"Feature","geometry":{"type":"Point","coordinates":[1.544111,41.225194]},"properties":{"id":"es-10666","source":"ES","brand":"PETROCAT","address":"AVENIDA LAS MATAS, 12","municipality":"Vendrell (El)","province":"TARRAGONA","postalCode":"43880","schedule":"L-D: 05:00-23:00","fuels":{"gasoline95":1.815,"gasoline98":1.935,"diesel":1.909,"dieselPremium":2.019},"extra":{"saleType":"P","margin":"D","reportingType":"OM","ideess":"10666","idMunicipio":"6509","idProvincia":"43","idCCAA":"09"}}},{"type":"Feature","geometry":{"type":"Point","coordinates":[1.981333,41.443167]},"properties":{"id":"es-10668","source":"ES","brand":"PETROCAT DIRECTE","address":"CALLE MEXICO, S/N","municipality":"Sant Andreu de la Barca","province":"BARCELONA","postalCode":"08740","schedule":"L-D: 24H","fuels":{"gasoline95":1.755,"gasoline98":1.925,"diesel":1.915,"dieselPremium":1.975},"extra":{"saleType":"P","margin":"D","reportingType":"OM","ideess":"10668","idMunicipio":"1058","idProvincia":"08","idCCAA":"09"}}},{"type":"Feature","geometry":{"type":"Point","coordinates":[1.104611,41.403167]},"properties":{"id":"es-10689","source":"ES","brand":"BONAREA","address":"POLIGONO LES ERES, 7","municipality":"Espluga de Francolí (L')","province":"TARRAGONA","postalCode":"43440","schedule":"L-D: 24H","fuels":{"gasoline95":1.526,"diesel":1.703,"adblue":0.499},"extra":{"saleType":"P","margin":"D","reportingType":"dm","ideess":"10689","idMunicipio":"6398","idProvincia":"43","idCCAA":"09"}}},{"type":"Feature","geometry":{"type":"Point","coordinates":[1.876944,41.526417]},"properties":{"id":"es-10693","source":"ES","brand":"NIEVES","address":"CALLE TRES RIERES, S/N. NAVE 9, 9","municipality":"Esparreguera","province":"BARCELONA","postalCode":"08292","schedule":"L-D: 24H","fuels":{"gasoline95":1.719,"diesel":1.889},"extra":{"saleType":"P","margin":"D","reportingType":"dm","ideess":"10693","idMunicipio":"940","idProvincia":"08","idCCAA":"09"}}},{"type":"Feature","geometry":{"type":"Point","coordinates":[1.805361,41.568583]},"properties":{"id":"es-10694","source":"ES","brand":"NIEVES","address":"CARRETERA NACIONAL II KM. 575","municipality":"Collbató","province":"BARCELONA","postalCode":"08293","schedule":"L-D: 24H","fuels":{"gasoline95":1.589,"diesel":1.768,"adblue":0.899},"extra":{"saleType":"P","margin":"D","reportingType":"dm","ideess":"10694","idMunicipio":"933","idProvincia":"08","idCCAA":"09"}}},{"type":"Feature","geometry":{"type":"Point","coordinates":[1.142861,41.39225]},"properties":{"id":"es-10716","source":"ES","brand":"PETRO7 - PETROLIS INDEPENDENTS","address":"N-240 km 38,8","municipality":"Montblanc","province":"TARRAGONA","postalCode":"43400","schedule":"L-D: 24H","fuels":{"gasoline95":1.585,"gasoline98":1.785,"diesel":1.739,"dieselPremium":1.799,"lpg":1.094},"extra":{"saleType":"P","margin":"D","reportingType":"dm","ideess":"10716","idMunicipio":"6430","idProvincia":"43","idCCAA":"09"}}},{"type":"Feature","geometry":{"type":"Point","coordinates":[1.221797,41.1385]},"properties":{"id":"es-10755","source":"ES","brand":"BIONET","address":"POL. INDUSTRIAL RIU-CLAR, C/ SOFRE Nº 3","municipality":"Tarragona","province":"TARRAGONA","postalCode":"43006","schedule":"L-D: 24H","fuels":{"gasoline95":1.65,"gasoline98":1.78,"diesel":1.799,"dieselB":1.09,"adblue":0.908},"extra":{"saleType":"P","margin":"N","reportingType":"dm","ideess":"10755","idMunicipio":"6494","idProvincia":"43","idCCAA":"09"}}},{"type":"Feature","geometry":{"type":"Point","coordinates":[1.015528,41.127417]},"properties":{"id":"es-10864","source":"ES","brand":"REPSOL","address":"CARRETERA T-310 KM. 8,6","municipality":"Montbrió del Camp","province":"TARRAGONA","postalCode":"43340","schedule":"L-D: 06:00-22:00","fuels":{"gasoline95":1.799,"gasoline98":1.919,"diesel":1.905,"dieselPremium":1.985,"dieselB":1.649},"extra":{"saleType":"P","margin":"I","reportingType":"OM","ideess":"10864","idMunicipio":"6431","idProvincia":"43","idCCAA":"09"}}},{"type":"Feature","geometry":{"type":"Point","coordinates":[1.593528,41.288972]},"properties":{"id":"es-10974","source":"ES","brand":"REPSOL","address":"AUTOPISTA AP7 KM. 208","municipality":"Arboç (L')","province":"TARRAGONA","postalCode":"43720","schedule":"L-D: 24H","fuels":{"gasoline95":1.835,"gasoline98":1.945,"diesel":1.925,"dieselRenewable":2.045,"lpg":1.155},"extra":{"saleType":"P","margin":"I","reportingType":"OM","ideess":"10974","idMunicipio":"6359","idProvincia":"43","idCCAA":"09"}}},{"type":"Feature","geometry":{"type":"Point","coordinates":[1.354611,41.306611]},"properties":{"id":"es-10985","source":"ES","brand":"COPVILAR","address":"CARRETERA TP-2003 KM. 0,110","municipality":"Vila-rodona","province":"TARRAGONA","postalCode":"43814","schedule":"L-D: 24H","fuels":{"gasoline95":1.6,"diesel":1.77,"dieselB":1.26},"extra":{"saleType":"P","margin":"N","reportingType":"dm","ideess":"10985","idMunicipio":"6517","idProvincia":"43","idCCAA":"09"}}},{"type":"Feature","geometry":{"type":"Point","coordinates":[1.750611,41.593778]},"properties":{"id":"es-11034","source":"ES","brand":"REPSOL","address":"AUTOVIA A-2 KM. 567","municipality":"Bruc (El)","province":"BARCELONA","postalCode":"08294","schedule":"L-D: 24H","fuels":{"gasoline95":1.785,"gasoline98":1.887,"diesel":1.975,"dieselRenewable":2.085,"adblue":0.89},"extra":{"saleType":"P","margin":"I","reportingType":"dm","ideess":"11034","idMunicipio":"887","idProvincia":"08","idCCAA":"09"}}},{"type":"Feature","geometry":{"type":"Point","coordinates":[1.994139,41.433194]},"properties":{"id":"es-11036","source":"ES","brand":"PANDORA ENERGY","address":"CARRETERA N-II KM. 597","municipality":"Pallejà","province":"BARCELONA","postalCode":"08780","schedule":"L-D: 24H","fuels":{"gasoline95":1.589,"diesel":1.759},"extra":{"saleType":"P","margin":"D","reportingType":"dm","ideess":"11036","idMunicipio":"1022","idProvincia":"08","idCCAA":"09"}}},{"type":"Feature","geometry":{"type":"Point","coordinates":[1.553417,41.283417]},"properties":{"id":"es-11047","source":"ES","brand":"LA BOTIGA DEL SINDICAT","address":"CALLE AFORES, S/N","municipality":"Llorenç del Penedès","province":"TARRAGONA","postalCode":"43712","schedule":"L-D: 24H","fuels":{"diesel":1.85,"dieselB":1.43},"extra":{"saleType":"P","margin":"N","reportingType":"dm","ideess":"11047","idMunicipio":"6418","idProvincia":"43","idCCAA":"09"}}},{"type":"Feature","geometry":{"type":"Point","coordinates":[1.897556,41.515306]},"properties":{"id":"es-11050","source":"ES","brand":"GALP","address":"CALLE SALVADOR SEGUI,1, ","municipality":"Abrera","province":"BARCELONA","postalCode":"08630","schedule":"L-D: 24H","fuels":{"gasoline95":1.729,"gasoline98":1.989,"diesel":1.859,"dieselPremium":1.939,"adblue":0.899},"extra":{"saleType":"P","margin":"N","reportingType":"dm","ideess":"11050","idMunicipio":"861","idProvincia":"08","idCCAA":"09"}}},{"type":"Feature","geometry":{"type":"Point","coordinates":[1.778111,41.435556]},"properties":{"id":"es-11051","source":"ES","brand":"GALP","address":"CALLE DE FRANÇA, 5","municipality":"Sant Sadurní d'Anoia","province":"BARCELONA","postalCode":"08770","schedule":"L-D: 24H","fuels":{"gasoline95":1.679,"diesel":1.809,"adblue":0.899},"extra":{"saleType":"P","margin":"N","reportingType":"dm","ideess":"11051","idMunicipio":"1102","idProvincia":"08","idCCAA":"09"}}},{"type":"Feature","geometry":{"type":"Point","coordinates":[1.457806,41.170389]},"properties":{"id":"es-11080","source":"ES","brand":"PETROCAT","address":"CARRETERA TV-2041 KM. 0,300","municipality":"Roda de Barà","province":"TARRAGONA","postalCode":"43883","schedule":"L-D: 06:00-22:00","fuels":{"gasoline95":1.825,"gasoline98":1.945,"diesel":1.925,"dieselPremium":2.035},"extra":{"saleType":"P","margin":"D","reportingType":"OM","ideess":"11080","idMunicipio":"6475","idProvincia":"43","idCCAA":"09"}}},{"type":"Feature","geometry":{"type":"Point","coordinates":[1.001167,41.722222]},"properties":{"id":"es-11151","source":"ES","brand":"XOPLUC","address":"C-53 km 127","municipality":"Fuliola (La)","province":"LLEIDA","postalCode":"25332","schedule":"L-D: 24H","fuels":{"gasoline95":1.581,"diesel":1.693,"dieselPremium":1.713},"extra":{"saleType":"P","margin":"D","reportingType":"dm","ideess":"11151","idMunicipio":"3888","idProvincia":"25","idCCAA":"09"}}},{"type":"Feature","geometry":{"type":"Point","coordinates":[1.61375,41.576]},"properties":{"id":"es-11173","source":"ES","brand":"PETROMIRALLES","address":"CALLE EL REC CANTONADA JOAN MERCADER, S/N","municipality":"Igualada","province":"BARCELONA","postalCode":"08700","schedule":"L-D: 24H","fuels":{"gasoline95":1.589,"gasoline98":1.689,"diesel":1.709,"dieselPremium":1.739,"lpg":1.099,"adblue":0.789},"extra":{"saleType":"P","margin":"N","reportingType":"dm","ideess":"11173","idMunicipio":"967","idProvincia":"08","idCCAA":"09"}}},{"type":"Feature","geometry":{"type":"Point","coordinates":[1.134778,41.087306]},"properties":{"id":"es-11249","source":"ES","brand":"SHELL","address":"AUTOVIA SALOU-REUS KM. 1300","municipality":"Salou","province":"TARRAGONA","postalCode":"43840","schedule":"L-D: 05:00-23:00","fuels":{"gasoline95":1.759,"gasoline98":1.899,"diesel":1.819,"dieselPremium":1.899},"extra":{"saleType":"P","margin":"D","reportingType":"OM","ideess":"11249","idMunicipio":"6480","idProvincia":"43","idCCAA":"09"}}},{"type":"Feature","geometry":{"type":"Point","coordinates":[1.107444,41.144333]},"properties":{"id":"es-11250","source":"ES","brand":"VILALTA","address":"CALLE PINTOR FUSTER, 3","municipality":"Reus","province":"TARRAGONA","postalCode":"43203","schedule":"L-D: 24H","fuels":{"diesel":1.799,"adblue":0.699},"extra":{"saleType":"P","margin":"D","reportingType":"dm","ideess":"11250","idMunicipio":"6467","idProvincia":"43","idCCAA":"09"}}},{"type":"Feature","geometry":{"type":"Point","coordinates":[1.170111,41.159306]},"properties":{"id":"es-11251","source":"ES","brand":"TRADILO INVERSIONES","address":"CALLE ALEMANIA, 9","municipality":"Constantí","province":"TARRAGONA","postalCode":"43120","schedule":"L-D: 24H","fuels":{"gasoline95":1.55,"diesel":1.735,"adblue":0.9},"extra":{"saleType":"P","margin":"D","reportingType":"dm","ideess":"11251","idMunicipio":"6391","idProvincia":"43","idCCAA":"09"}}},{"type":"Feature","geometry":{"type":"Point","coordinates":[1.86525,41.4465]},"properties":{"id":"es-11345","source":"ES","brand":"CACENCA","address":"CAMI CAN VALLS, S/N","municipality":"Gelida","province":"BARCELONA","postalCode":"08790","schedule":"L-V: 06:00-22:00; S-D: 07:00-22:00","fuels":{"gasoline95":1.759,"diesel":1.879,"adblue":0.99},"extra":{"saleType":"P","margin":"D","reportingType":"dm","ideess":"11345","idMunicipio":"956","idProvincia":"08","idCCAA":"09"}}},{"type":"Feature","geometry":{"type":"Point","coordinates":[1.059333,41.07575]},"properties":{"id":"es-11389","source":"ES","brand":"SHELL","address":"CARRETERA NACIONAL 340 KM. 232,500","municipality":"Cambrils","province":"TARRAGONA","postalCode":"43850","schedule":"L-D: 05:00-23:00","fuels":{"gasoline95":1.699,"gasoline98":1.839,"diesel":1.819,"dieselPremium":1.899},"extra":{"saleType":"P","margin":"N","reportingType":"OM","ideess":"11389","idMunicipio":"6383","idProvincia":"43","idCCAA":"09"}}},{"type":"Feature","geometry":{"type":"Point","coordinates":[1.969167,41.452806]},"properties":{"id":"es-11463","source":"ES","brand":"PETROMIRALLES","address":"CARRETERA NACIONAL II KM. 593","municipality":"Sant Andreu de la Barca","province":"BARCELONA","postalCode":"08740","schedule":"L-D: 24H","fuels":{"gasoline95":1.749,"diesel":1.789,"adblue":0.789},"extra":{"saleType":"P","margin":"D","reportingType":"dm","ideess":"11463","idMunicipio":"1058","idProvincia":"08","idCCAA":"09"}}},{"type":"Feature","geometry":{"type":"Point","coordinates":[1.885472,41.390472]},"properties":{"id":"es-11513","source":"ES","brand":"NIEVES","address":"CARRETERA N-340 KM. 1229,7","municipality":"Vallirana","province":"BARCELONA","postalCode":"08759","schedule":"L-V: 05:00-23:00; S-D: 06:00-23:00","fuels":{"gasoline95":1.674,"gasoline98":1.804,"diesel":1.865,"dieselPremium":1.885,"adblue":0.969},"extra":{"saleType":"P","margin":"D","reportingType":"dm","ideess":"11513","idMunicipio":"1155","idProvincia":"08","idCCAA":"09"}}},{"type":"Feature","geometry":{"type":"Point","coordinates":[1.152361,41.117361]},"properties":{"id":"es-11536","source":"ES","brand":"REPSOL","address":"AVENIDA VILA DEL COMU DE LA, 8","municipality":"Vila-seca","province":"TARRAGONA","postalCode":"43480","schedule":"L-D: 06:00-22:00","fuels":{"gasoline95":1.799,"gasoline98":1.919,"diesel":1.905,"dieselPremium":1.965,"lpg":1.155},"extra":{"saleType":"P","margin":"D","reportingType":"OM","ideess":"11536","idMunicipio":"6518","idProvincia":"43","idCCAA":"09"}}},{"type":"Feature","geometry":{"type":"Point","coordinates":[1.271667,41.158611]},"properties":{"id":"es-11622","source":"ES","brand":"CEPSA","address":"CARRETERA TP-2031 KM. 4,8","municipality":"Catllar (El)","province":"TARRAGONA","postalCode":"43764","schedule":"L-D: 07:30-22:00","fuels":{"gasoline95":1.839,"gasoline98":1.889,"diesel":1.959,"dieselPremium":1.989},"extra":{"saleType":"P","margin":"D","reportingType":"dm","ideess":"11622","idMunicipio":"6388","idProvincia":"43","idCCAA":"09"}}},{"type":"Feature","geometry":{"type":"Point","coordinates":[1.883639,41.501056]},"properties":{"id":"es-11659","source":"ES","brand":"NIEVES","address":"CALLE ISAAC PERAL, 9","municipality":"Sant Esteve Sesrovires","province":"BARCELONA","postalCode":"08635","schedule":"L-D: 24H","fuels":{"gasoline95":1.719,"gasoline98":1.909,"diesel":1.889,"dieselPremium":1.909,"dieselB":1.649,"lpg":1.139,"adblue":0.899},"extra":{"saleType":"P","margin":"D","reportingType":"dm","ideess":"11659","idMunicipio":"1070","idProvincia":"08","idCCAA":"09"}}},{"type":"Feature","geometry":{"type":"Point","coordinates":[1.992917,41.403278]},"properties":{"id":"es-11669","source":"ES","brand":"REPSOL","address":"CARRETERA N-340 KM. 1242","municipality":"Cervelló","province":"BARCELONA","postalCode":"08758","schedule":"L-V: 05:00-23:00","fuels":{"gasoline95":1.809,"gasoline98":1.919,"diesel":1.975,"dieselRenewable":2.095},"extra":{"saleType":"P","margin":"I","reportingType":"OM","ideess":"11669","idMunicipio":"932","idProvincia":"08","idCCAA":"09"}}},{"type":"Feature","geometry":{"type":"Point","coordinates":[1.160694,41.161917]},"properties":{"id":"es-11672","source":"ES","brand":"ALAS","address":"POLIGONO CONSTANTI - AVD.EUROPA, 5","municipality":"Constantí","province":"TARRAGONA","postalCode":"43120","schedule":"L-D: 24H","fuels":{"gasoline95":1.559,"diesel":1.709,"dieselPremium":1.739,"adblue":0.6},"extra":{"saleType":"P","margin":"D","reportingType":"dm","ideess":"11672","idMunicipio":"6391","idProvincia":"43","idCCAA":"09"}}},{"type":"Feature","geometry":{"type":"Point","coordinates":[1.48925,41.178222]},"properties":{"id":"es-11696","source":"ES","brand":"REPSOL","address":"CARRETERA N-340 KM. 1183,8","municipality":"Roda de Barà","province":"TARRAGONA","postalCode":"43883","schedule":"L-D: 06:00-22:00","fuels":{"gasoline95":1.805,"gasoline98":1.925,"diesel":1.915,"dieselPremium":2.015},"extra":{"saleType":"P","margin":"I","reportingType":"OM","ideess":"11696","idMunicipio":"6475","idProvincia":"43","idCCAA":"09"}}},{"type":"Feature","geometry":{"type":"Point","coordinates":[1.969639,41.45325]},"properties":{"id":"es-11703","source":"ES","brand":"NIEVES","address":"CALLE CARRETERA DE MARTORELL, 24","municipality":"Sant Andreu de la Barca","province":"BARCELONA","postalCode":"08740","schedule":"L-D: 24H","fuels":{"gasoline95":1.749,"gasoline98":1.809,"diesel":1.789,"adblue":0.899},"extra":{"saleType":"P","margin":"D","reportingType":"dm","ideess":"11703","idMunicipio":"1058","idProvincia":"08","idCCAA":"09"}}},{"type":"Feature","geometry":{"type":"Point","coordinates":[1.000306,41.644444]},"properties":{"id":"es-11705","source":"ES","brand":"E.S.ARENES BELLPUIG","address":"CARRETERA LV3344 KM. 1,5","municipality":"Bellpuig","province":"LLEIDA","postalCode":"25250","schedule":"L-D: 24H","fuels":{"gasoline95":1.543,"diesel":1.728,"dieselPremium":1.756,"adblue":0.725},"extra":{"saleType":"P","margin":"I","reportingType":"dm","ideess":"11705","idMunicipio":"3847","idProvincia":"25","idCCAA":"09"}}},{"type":"Feature","geometry":{"type":"Point","coordinates":[1.474917,41.176806]},"properties":{"id":"es-11771","source":"ES","brand":"ESCLATOIL","address":"CARRER HISPANO SUIZA, 1","municipality":"Roda de Barà","province":"TARRAGONA","postalCode":"43883","schedule":"L-D: 24H","fuels":{"gasoline95":1.629,"diesel":1.809,"adblue":0.529},"extra":{"saleType":"P","margin":"N","reportingType":"dm","ideess":"11771","idMunicipio":"6475","idProvincia":"43","idCCAA":"09"}}},{"type":"Feature","geometry":{"type":"Point","coordinates":[1.750389,41.593333]},"properties":{"id":"es-11804","source":"ES","brand":"REPSOL","address":"CARRETERA A-2 KM. 567","municipality":"Bruc (El)","province":"BARCELONA","postalCode":"08294","schedule":"L-D: 24H","fuels":{"gasoline95":1.785,"gasoline98":1.887,"diesel":1.975,"dieselRenewable":2.085,"adblue":0.89},"extra":{"saleType":"P","margin":"D","reportingType":"dm","ideess":"11804","idMunicipio":"887","idProvincia":"08","idCCAA":"09"}}},{"type":"Feature","geometry":{"type":"Point","coordinates":[1.156972,41.386861]},"properties":{"id":"es-11876","source":"ES","brand":"BONAREA","address":"POLIGONO PLANS DE JORI, CTRA LLEIDA, 4","municipality":"Montblanc","province":"TARRAGONA","postalCode":"43400","schedule":"L-D: 24H","fuels":{"gasoline95":1.523,"diesel":1.7,"adblue":0.499},"extra":{"saleType":"P","margin":"D","reportingType":"dm","ideess":"11876","idMunicipio":"6430","idProvincia":"43","idCCAA":"09"}}},{"type":"Feature","geometry":{"type":"Point","coordinates":[1.84575,41.716722]},"properties":{"id":"es-11898","source":"ES","brand":"BP BUFALVENT","address":"CALLE EDISON, 2","municipality":"Manresa","province":"BARCELONA","postalCode":"08240","schedule":"L-D: 24H","fuels":{"gasoline95":1.799,"gasoline98":1.939,"diesel":1.899,"dieselPremium":1.989,"adblue":0.925},"extra":{"saleType":"P","margin":"D","reportingType":"OM","ideess":"11898","idMunicipio":"978","idProvincia":"08","idCCAA":"09"}}},{"type":"Feature","geometry":{"type":"Point","coordinates":[1.985417,41.284694]},"properties":{"id":"es-11935","source":"ES","brand":"BALLENOIL","address":"AVENIDA CONSTITUCIO, 83","municipality":"Castelldefels","province":"BARCELONA","postalCode":"08860","schedule":"L-D: 24H","fuels":{"gasoline95":1.659,"diesel":1.789},"extra":{"saleType":"P","margin":"D","reportingType":"OM","ideess":"11935","idMunicipio":"919","idProvincia":"08","idCCAA":"09"}}},{"type":"Feature","geometry":{"type":"Point","coordinates":[1.509833,41.619444]},"properties":{"id":"es-11943","source":"ES","brand":"REPSOL","address":"AUTOVIA A-2 KM. 543","municipality":"Jorba","province":"BARCELONA","postalCode":"08719","schedule":"L-D: 24H","fuels":{"gasoline95":1.788,"gasoline98":2.05,"diesel":1.987,"dieselRenewable":2.055,"adblue":0.98},"extra":{"saleType":"P","margin":"I","reportingType":"dm","ideess":"11943","idMunicipio":"968","idProvincia":"08","idCCAA":"09"}}},{"type":"Feature","geometry":{"type":"Point","coordinates":[1.89825,41.812417]},"properties":{"id":"es-11953","source":"ES","brand":"PETROMIRALLES","address":"CALLE TOMAS VILADOMIU, 15","municipality":"Sallent","province":"BARCELONA","postalCode":"08650","schedule":"L-D: 24H","fuels":{"gasoline95":1.619,"diesel":1.699,"dieselPremium":1.729,"adblue":0.789},"extra":{"saleType":"P","margin":"N","reportingType":"dm","ideess":"11953","idMunicipio":"1055","idProvincia":"08","idCCAA":"09"}}},{"type":"Feature","geometry":{"type":"Point","coordinates":[1.03725,41.085917]},"properties":{"id":"es-12075","source":"ES","brand":"AREA CAMBRILS COOPERATIVA","address":"CARRETERA MONTBRIO T-3120 KM. 2","municipality":"Cambrils","province":"TARRAGONA","postalCode":"43850","schedule":"L-D: 24H","fuels":{"gasoline95":1.919,"gasoline98":2.049,"diesel":1.909,"dieselPremium":2.105,"dieselB":1.789,"lpg":1.05},"extra":{"saleType":"P","margin":"D","reportingType":"dm","ideess":"12075","idMunicipio":"6383","idProvincia":"43","idCCAA":"09"}}},{"type":"Feature","geometry":{"type":"Point","coordinates":[1.180417,41.130028]},"properties":{"id":"es-12090","source":"ES","brand":"MOEVE","address":"AUTOPISTA AUTOPISTA A-7 KM. 1156","municipality":"Reus","province":"TARRAGONA","postalCode":"43204","schedule":"L-D: 24H","fuels":{"gasoline95":1.84,"gasoline95Premium":1.899,"diesel":1.992,"dieselPremium":2.052},"extra":{"saleType":"P","margin":"I","reportingType":"dm","ideess":"12090","idMunicipio":"6467","idProvincia":"43","idCCAA":"09"}}},{"type":"Feature","geometry":{"type":"Point","coordinates":[1.098806,41.145583]},"properties":{"id":"es-12116","source":"ES","brand":"ALCAMPO","address":"CALLE PARE MANYANET, S/N","municipality":"Reus","province":"TARRAGONA","postalCode":"43205","schedule":"L-D: 24H","fuels":{"gasoline95":1.559,"diesel":1.759,"dieselPremium":1.799},"extra":{"saleType":"P","margin":"D","reportingType":"dm","ideess":"12116","idMunicipio":"6467","idProvincia":"43","idCCAA":"09"}}},{"type":"Feature","geometry":{"type":"Point","coordinates":[1.900222,41.541444]},"properties":{"id":"es-12121","source":"ES","brand":"NIEVES","address":"AVINGUDA FRANCESC MACIA ESQ. CTRA. MARTORELL - ILLA 2, S/N","municipality":"Olesa de Montserrat","province":"BARCELONA","postalCode":"08640","schedule":"L-D: 24H","fuels":{"gasoline95":1.52,"diesel":1.698},"extra":{"saleType":"P","margin":"D","reportingType":"dm","ideess":"12121","idMunicipio":"1011","idProvincia":"08","idCCAA":"09"}}},{"type":"Feature","geometry":{"type":"Point","coordinates":[1.9195,41.482111]},"properties":{"id":"es-12155","source":"ES","brand":"CARREFOUR","address":"CARRETERA NACIONAL II KM. 588","municipality":"Martorell","province":"BARCELONA","postalCode":"08760","schedule":"L-D: 24H","fuels":{"gasoline95":1.729,"diesel":1.869,"dieselPremium":1.909},"extra":{"saleType":"P","margin":"N","reportingType":"dm","ideess":"12155","idMunicipio":"980","idProvincia":"08","idCCAA":"09"}}},{"type":"Feature","geometry":{"type":"Point","coordinates":[1.985528,41.280639]},"properties":{"id":"es-12156","source":"ES","brand":"CARREFOUR","address":"CALLE RAL DE VALENCIA, 21","municipality":"Castelldefels","province":"BARCELONA","postalCode":"08860","schedule":"L-D: 24H","fuels":{"gasoline95":1.779,"diesel":1.899},"extra":{"saleType":"P","margin":"N","reportingType":"dm","ideess":"12156","idMunicipio":"919","idProvincia":"08","idCCAA":"09"}}},{"type":"Feature","geometry":{"type":"Point","coordinates":[1.055222,41.882]},"properties":{"id":"es-12187","source":"ES","brand":"COOPSERVICE D'ARTESA","address":"CARRETERA MONTBLANC KM. 1","municipality":"Artesa de Segre","province":"LLEIDA","postalCode":"25730","schedule":"L-D: 24H","fuels":{"gasoline95":1.565,"diesel":1.733,"dieselB":1.355,"adblue":0.652},"extra":{"saleType":"P","margin":"N","reportingType":"dm","ideess":"12187","idMunicipio":"3833","idProvincia":"25","idCCAA":"09"}}},{"type":"Feature","geometry":{"type":"Point","coordinates":[1.54075,41.602306]},"properties":{"id":"es-12260","source":"ES","brand":"BONAREA","address":"AUTOVIA AUTOVIA A-2 KM. 545","municipality":"Jorba","province":"BARCELONA","postalCode":"08519","schedule":"L-D: 24H","fuels":{"gasoline95":1.523,"gasoline98":1.561,"diesel":1.701,"adblue":0.499},"extra":{"saleType":"P","margin":"I","reportingType":"dm","ideess":"12260","idMunicipio":"968","idProvincia":"08","idCCAA":"09"}}},{"type":"Feature","geometry":{"type":"Point","coordinates":[1.260972,41.311028]},"properties":{"id":"es-12267","source":"ES","brand":"CEPSA","address":"CALLE BLANQUERS, 51","municipality":"Valls","province":"TARRAGONA","postalCode":"43800","schedule":"L-D: 24H","fuels":{"gasoline95":1.822,"gasoline98":1.94,"diesel":1.992,"dieselPremium":2.052},"extra":{"saleType":"P","margin":"I","reportingType":"dm","ideess":"12267","idMunicipio":"6507","idProvincia":"43","idCCAA":"09"}}},{"type":"Feature","geometry":{"type":"Point","coordinates":[1.550028,41.985444]},"properties":{"id":"es-12292","source":"ES","brand":"BONAREA","address":"CARRETERA MANRESA KM. 78,100","municipality":"Solsona","province":"LLEIDA","postalCode":"25280","schedule":"L-D: 24H","fuels":{"gasoline95":1.527,"diesel":1.704,"adblue":0.499},"extra":{"saleType":"P","margin":"I","reportingType":"dm","ideess":"12292","idMunicipio":"3989","idProvincia":"25","idCCAA":"09"}}},{"type":"Feature","geometry":{"type":"Point","coordinates":[1.616917,41.590056]},"properties":{"id":"es-12308","source":"ES","brand":"CARREFOUR","address":"AVENIDA PAISES CATALANES, S/N","municipality":"Igualada","province":"BARCELONA","postalCode":"08700","schedule":"L-D: 24H","fuels":{"gasoline95":1.679,"diesel":1.759},"extra":{"saleType":"P","margin":"N","reportingType":"dm","ideess":"12308","idMunicipio":"967","idProvincia":"08","idCCAA":"09"}}},{"type":"Feature","geometry":{"type":"Point","coordinates":[1.960583,41.461222]},"properties":{"id":"es-12310","source":"ES","brand":"CONFORT AUTO","address":"CALLE FERRO, 13","municipality":"Castellbisbal","province":"BARCELONA","postalCode":"08755","schedule":"L-V: 05:30-21:30; S: 08:00-15:00","fuels":{"gasoline95":1.698,"gasoline98":1.778,"diesel":1.819,"dieselPremium":1.919,"adblue":0.95},"extra":{"saleType":"P","margin":"D","reportingType":"dm","ideess":"12310","idMunicipio":"917","idProvincia":"08","idCCAA":"09"}}},{"type":"Feature","geometry":{"type":"Point","coordinates":[1.849639,41.714444]},"properties":{"id":"es-12339","source":"ES","brand":"PETROMIRALLES","address":"CALLE DOCTOR FERRAN, 26","municipality":"Manresa","province":"BARCELONA","postalCode":"08240","schedule":"L-D: 24H","fuels":{"diesel":1.719,"adblue":0.789},"extra":{"saleType":"P","margin":"D","reportingType":"dm","ideess":"12339","idMunicipio":"978","idProvincia":"08","idCCAA":"09"}}},{"type":"Feature","geometry":{"type":"Point","coordinates":[1.860694,41.664917]},"properties":{"id":"es-12340","source":"ES","brand":"ESCLATOIL","address":"PLAZA GENERALITAT, 1","municipality":"Sant Vicenç de Castellet","province":"BARCELONA","postalCode":"08295","schedule":"L-D: 24H","fuels":{"gasoline95":1.569,"diesel":1.749},"extra":{"saleType":"P","margin":"N","reportingType":"dm","ideess":"12340","idMunicipio":"1105","idProvincia":"08","idCCAA":"09"}}},{"type":"Feature","geometry":{"type":"Point","coordinates":[1.764833,41.835667]},"properties":{"id":"es-12349","source":"ES","brand":"U. S. SÚRIA      *ROVIRA ENERGIA*","address":"PASEO JONCARETS, 149","municipality":"Súria","province":"BARCELONA","postalCode":"08260","schedule":"L-D: 24H","fuels":{"gasoline95":1.579,"diesel":1.739},"extra":{"saleType":"P","margin":"N","reportingType":"dm","ideess":"12349","idMunicipio":"1134","idProvincia":"08","idCCAA":"09"}}},{"type":"Feature","geometry":{"type":"Point","coordinates":[1.882222,41.545472]},"properties":{"id":"es-12403","source":"ES","brand":"NIEVES","address":"CALLE VAPOR CREMAT DEL, 13","municipality":"Olesa de Montserrat","province":"BARCELONA","postalCode":"08640","schedule":"L-D: 24H","fuels":{"gasoline95":1.52,"diesel":1.698,"adblue":0.999},"extra":{"saleType":"P","margin":"D","reportingType":"dm","ideess":"12403","idMunicipio":"1011","idProvincia":"08","idCCAA":"09"}}},{"type":"Feature","geometry":{"type":"Point","coordinates":[1.979444,41.562833]},"properties":{"id":"es-12411","source":"ES","brand":"BONAREA","address":"CALLE RAMON LLULL ESQUINA STA.MARIA DE TOUDELL, S/N","municipality":"Viladecavalls","province":"BARCELONA","postalCode":"08232","schedule":"L-D: 24H","fuels":{"gasoline95":1.522,"diesel":1.699,"adblue":0.499},"extra":{"saleType":"P","margin":"D","reportingType":"dm","ideess":"12411","idMunicipio":"1161","idProvincia":"08","idCCAA":"09"}}},{"type":"Feature","geometry":{"type":"Point","coordinates":[1.837722,41.735944]},"properties":{"id":"es-12437","source":"ES","brand":"U.S. MANRESA -GAS-OILS ROVIRA-","address":"CARRER DOLORS, 19","municipality":"Manresa","province":"BARCELONA","postalCode":"08240","schedule":"L-D: 24H","fuels":{"gasoline95":1.579,"diesel":1.739},"extra":{"saleType":"P","margin":"N","reportingType":"dm","ideess":"12437","idMunicipio":"978","idProvincia":"08","idCCAA":"09"}}},{"type":"Feature","geometry":{"type":"Point","coordinates":[1.622417,41.591361]},"properties":{"id":"es-12447","source":"ES","brand":"FER PREU JUST","address":"CALLE ALEMANYA, 3","municipality":"Igualada","province":"BARCELONA","postalCode":"08700","schedule":"L-D: 24H","fuels":{"gasoline95":1.589,"diesel":1.729},"extra":{"saleType":"P","margin":"D","reportingType":"dm","ideess":"12447","idMunicipio":"967","idProvincia":"08","idCCAA":"09"}}},{"type":"Feature","geometry":{"type":"Point","coordinates":[1.877472,41.935694]},"properties":{"id":"es-12454","source":"ES","brand":"BALLUS BAIXCOST","address":"POLIGONO CAL VIDAL PARCEL-LA, 18","municipality":"Puig-reig","province":"BARCELONA","postalCode":"08692","schedule":"L-D: 24H","fuels":{"gasoline95":1.646,"diesel":1.775},"extra":{"saleType":"P","margin":"D","reportingType":"dm","ideess":"12454","idMunicipio":"1041","idProvincia":"08","idCCAA":"09"}}},{"type":"Feature","geometry":{"type":"Point","coordinates":[1.86175,41.545528]},"properties":{"id":"es-12541","source":"ES","brand":"ANEU OIL","address":"CALLE FARGA, 17","municipality":"Esparreguera","province":"BARCELONA","postalCode":"08292","schedule":"L-D: 24H","fuels":{"gasoline95":1.697,"diesel":1.767},"extra":{"saleType":"P","margin":"D","reportingType":"dm","ideess":"12541","idMunicipio":"940","idProvincia":"08","idCCAA":"09"}}},{"type":"Feature","geometry":{"type":"Point","coordinates":[1.654444,41.203333]},"properties":{"id":"es-12584","source":"ES","brand":"BP CUBELLES","address":"CARRETERA C-31 KM. 147,500","municipality":"Cubelles","province":"BARCELONA","postalCode":"08880","schedule":"L-D: 24H","fuels":{"gasoline95":1.795,"gasoline98":1.935,"diesel":1.899,"dieselPremium":1.989},"extra":{"saleType":"P","margin":"D","reportingType":"OM","ideess":"12584","idMunicipio":"938","idProvincia":"08","idCCAA":"09"}}},{"type":"Feature","geometry":{"type":"Point","coordinates":[1.750222,41.528306]},"properties":{"id":"es-12599","source":"ES","brand":"ESCLATOIL","address":"AVENIDA AVINGUDA IGUALADA, 97","municipality":"Piera","province":"BARCELONA","postalCode":"08784","schedule":"L-D: 24H","fuels":{"gasoline95":1.589,"diesel":1.769,"adblue":0.529},"extra":{"saleType":"P","margin":"N","reportingType":"dm","ideess":"12599","idMunicipio":"1027","idProvincia":"08","idCCAA":"09"}}},{"type":"Feature","geometry":{"type":"Point","coordinates":[1.007556,41.618861]},"properties":{"id":"es-12602","source":"ES","brand":"NADAL","address":"CARRETERA LP-2015 KM. 0,500","municipality":"Bellpuig","province":"LLEIDA","postalCode":"25250","schedule":"L-D: 07:00-00:00","fuels":{"gasoline95":1.65,"diesel":1.775,"dieselPremium":1.805},"extra":{"saleType":"P","margin":"I","reportingType":"dm","ideess":"12602","idMunicipio":"3847","idProvincia":"25","idCCAA":"09"}}},{"type":"Feature","geometry":{"type":"Point","coordinates":[1.085083,41.145528]},"properties":{"id":"es-12683","source":"ES","brand":"BONAREA","address":"CARRETERA RIUDOMS KM. 2,2","municipality":"Reus","province":"TARRAGONA","postalCode":"43206","schedule":"L-D: 24H","fuels":{"gasoline95":1.521,"diesel":1.699,"adblue":0.499},"extra":{"saleType":"P","margin":"D","reportingType":"dm","ideess":"12683","idMunicipio":"6467","idProvincia":"43","idCCAA":"09"}}},{"type":"Feature","geometry":{"type":"Point","coordinates":[1.849,41.724111]},"properties":{"id":"es-12714","source":"ES","brand":"AVIA","address":"CALLE AGUSTI COLL, 18","municipality":"Manresa","province":"BARCELONA","postalCode":"08240","schedule":"L-D: 24H","fuels":{"gasoline95":1.579,"diesel":1.739},"extra":{"saleType":"P","margin":"D","reportingType":"dm","ideess":"12714","idMunicipio":"978","idProvincia":"08","idCCAA":"09"}}},{"type":"Feature","geometry":{"type":"Point","coordinates":[1.873167,41.705833]},"properties":{"id":"es-12746","source":"ES","brand":"LOW COST FUEL","address":"CALLE DE LES FONTS, 7","municipality":"Pont de Vilomara i Rocafort (El)","province":"BARCELONA","postalCode":"08254","schedule":"L-D: 24H","fuels":{"gasoline95":1.549,"diesel":1.699},"extra":{"saleType":"P","margin":"D","reportingType":"dm","ideess":"12746","idMunicipio":"1033","idProvincia":"08","idCCAA":"09"}}},{"type":"Feature","geometry":{"type":"Point","coordinates":[1.738722,41.222861]},"properties":{"id":"es-12815","source":"ES","brand":"AUTONETOIL","address":"RONDA EUROPA CANTONADA CARRER SOLICRUP, S/N","municipality":"Vilanova i la Geltrú","province":"BARCELONA","postalCode":"08800","schedule":"L-D: 24H","fuels":{"gasoline95":1.609,"diesel":1.789},"extra":{"saleType":"P","margin":"D","reportingType":"dm","ideess":"12815","idMunicipio":"1167","idProvincia":"08","idCCAA":"09"}}},{"type":"Feature","geometry":{"type":"Point","coordinates":[1.815833,41.56325]},"properties":{"id":"es-12825","source":"ES","brand":"ESCLATOIL","address":"AVINGUDA CENTENARI AMADEU VIVES, 2","municipality":"Collbató","province":"BARCELONA","postalCode":"08293","schedule":"L-D: 24H","fuels":{"gasoline95":1.589,"diesel":1.769,"adblue":0.529},"extra":{"saleType":"P","margin":"N","reportingType":"dm","ideess":"12825","idMunicipio":"933","idProvincia":"08","idCCAA":"09"}}},{"type":"Feature","geometry":{"type":"Point","coordinates":[1.822,41.499528]},"properties":{"id":"es-12852","source":"ES","brand":"BONAREA","address":"POLIGONO IND. LA PEDROSA, S/N","municipality":"Masquefa","province":"BARCELONA","postalCode":"08783","schedule":"L-D: 24H","fuels":{"gasoline95":1.52,"diesel":1.698,"adblue":0.499},"extra":{"saleType":"P","margin":"N","reportingType":"dm","ideess":"12852","idMunicipio":"985","idProvincia":"08","idCCAA":"09"}}},{"type":"Feature","geometry":{"type":"Point","coordinates":[1.132889,41.145639]},"properties":{"id":"es-12860","source":"ES","brand":"ESCLATOIL","address":"CALLE ARGENTINA, 13","municipality":"Reus","province":"TARRAGONA","postalCode":"43204","schedule":"L-D: 24H","fuels":{"gasoline95":1.589,"diesel":1.769,"adblue":0.529},"extra":{"saleType":"P","margin":"N","reportingType":"dm","ideess":"12860","idMunicipio":"6467","idProvincia":"43","idCCAA":"09"}}},{"type":"Feature","geometry":{"type":"Point","coordinates":[1.123944,41.086]},"properties":{"id":"es-12919","source":"ES","brand":"ESCLATOIL","address":"CALLE VICTORIA DELS ANGELS, 2","municipality":"Salou","province":"TARRAGONA","postalCode":"43840","schedule":"L-D: 24H","fuels":{"gasoline95":1.579,"diesel":1.749,"dieselPremium":1.799,"adblue":0.529},"extra":{"saleType":"P","margin":"N","reportingType":"dm","ideess":"12919","idMunicipio":"6480","idProvincia":"43","idCCAA":"09"}}},{"type":"Feature","geometry":{"type":"Point","coordinates":[1.75525,41.237556]},"properties":{"id":"es-12935","source":"ES","brand":"LOWCOSTFUEL","address":"RAMBLA DEL GARRAF, 68","municipality":"Sant Pere de Ribes","province":"BARCELONA","postalCode":"08810","schedule":"L-D: 24H","fuels":{"gasoline95":1.589,"diesel":1.769},"extra":{"saleType":"P","margin":"D","reportingType":"dm","ideess":"12935","idMunicipio":"1092","idProvincia":"08","idCCAA":"09"}}},{"type":"Feature","geometry":{"type":"Point","coordinates":[1.912722,41.491111]},"properties":{"id":"es-12955","source":"ES","brand":"NIEVES","address":"AVENIDA COMTE LLOBREGAT, 107","municipality":"Martorell","province":"BARCELONA","postalCode":"08760","schedule":"L-D: 24H","fuels":{"gasoline95":1.619,"diesel":1.749,"adblue":0.999},"extra":{"saleType":"P","margin":"D","reportingType":"dm","ideess":"12955","idMunicipio":"980","idProvincia":"08","idCCAA":"09"}}},{"type":"Feature","geometry":{"type":"Point","coordinates":[1.054889,41.697778]},"properties":{"id":"es-12979","source":"ES","brand":"LOW COST 24","address":"CARRER DIAGONAL, 7","municipality":"Tornabous","province":"LLEIDA","postalCode":"25331","schedule":"L-D: 24H","fuels":{"gasoline95":1.549,"diesel":1.639,"dieselPremium":1.739},"extra":{"saleType":"P","margin":"D","reportingType":"dm","ideess":"12979","idMunicipio":"4005","idProvincia":"25","idCCAA":"09"}}},{"type":"Feature","geometry":{"type":"Point","coordinates":[1.679278,41.332167]},"properties":{"id":"es-12982","source":"ES","brand":"ESCLATOIL","address":"AVENIDA TARRAGONA, 132-142","municipality":"Vilafranca del Penedès","province":"BARCELONA","postalCode":"08720","schedule":"L-D: 24H","fuels":{"gasoline95":1.569,"diesel":1.749,"dieselPremium":1.799,"adblue":0.529},"extra":{"saleType":"P","margin":"N","reportingType":"dm","ideess":"12982","idMunicipio":"1162","idProvincia":"08","idCCAA":"09"}}},{"type":"Feature","geometry":{"type":"Point","coordinates":[1.912722,41.592917]},"properties":{"id":"es-12986","source":"ES","brand":"PETROALFA","address":"CALLE BERLIN, 9","municipality":"Vacarisses","province":"BARCELONA","postalCode":"08233","schedule":"L-D: 24H","fuels":{"gasoline95":1.629,"diesel":1.779},"extra":{"saleType":"P","margin":"N","reportingType":"dm","ideess":"12986","idMunicipio":"1151","idProvincia":"08","idCCAA":"09"}}},{"type":"Feature","geometry":{"type":"Point","coordinates":[1.847194,41.783556]},"properties":{"id":"es-13007","source":"ES","brand":"PETRO PINTÓ","address":"RONDA SANT PERE, 331","municipality":"Santpedor","province":"BARCELONA","postalCode":"08251","schedule":"L-D: 24H","fuels":{"gasoline95":1.545,"diesel":1.685,"dieselPremium":1.725,"adblue":0.735},"extra":{"saleType":"P","margin":"D","reportingType":"dm","ideess":"13007","idMunicipio":"1127","idProvincia":"08","idCCAA":"09"}}},{"type":"Feature","geometry":{"type":"Point","coordinates":[1.896472,41.539972]},"properties":{"id":"es-13045","source":"ES","brand":"ESCLATOIL","address":"CALLE JACINT VERDAGUER, 35","municipality":"Olesa de Montserrat","province":"BARCELONA","postalCode":"08640","schedule":"L-D: 24H","fuels":{"gasoline95":1.569,"diesel":1.749},"extra":{"saleType":"P","margin":"N","reportingType":"dm","ideess":"13045","idMunicipio":"1011","idProvincia":"08","idCCAA":"09"}}},{"type":"Feature","geometry":{"type":"Point","coordinates":[1.155722,41.118722]},"properties":{"id":"es-13055","source":"ES","brand":"ALAS","address":"CALLE FRANQUESES (DE LES), 12","municipality":"Vila-seca","province":"TARRAGONA","postalCode":"43480","schedule":"L-D: 24H","fuels":{"gasoline95":1.559,"diesel":1.709,"dieselPremium":1.769,"lpg":0.935,"adblue":0.6},"extra":{"saleType":"P","margin":"D","reportingType":"dm","ideess":"13055","idMunicipio":"6518","idProvincia":"43","idCCAA":"09"}}},{"type":"Feature","geometry":{"type":"Point","coordinates":[1.233139,41.115944]},"properties":{"id":"es-13075","source":"ES","brand":"BP TARRAGONA CITY","address":"CALLE CTRA VELLA DE VALENCIA, 5","municipality":"Tarragona","province":"TARRAGONA","postalCode":"43006","schedule":"L-D: 06:00-22:00","fuels":{"gasoline95":1.809,"gasoline98":1.949,"diesel":1.889,"dieselPremium":1.979},"extra":{"saleType":"P","margin":"N","reportingType":"OM","ideess":"13075","idMunicipio":"6494","idProvincia":"43","idCCAA":"09"}}},{"type":"Feature","geometry":{"type":"Point","coordinates":[1.656972,41.577361]},"properties":{"id":"es-13082","source":"ES","brand":"BONAREA","address":"POLIGONO PLA DE LES GAVARRERES AV. MADRID, 44","municipality":"Òdena","province":"BARCELONA","postalCode":"08711","schedule":"L-D: 24H","fuels":{"gasoline95":1.522,"diesel":1.7,"adblue":0.499},"extra":{"saleType":"P","margin":"N","reportingType":"dm","ideess":"13082","idMunicipio":"1008","idProvincia":"08","idCCAA":"09"}}},{"type":"Feature","geometry":{"type":"Point","coordinates":[1.206556,41.130583]},"properties":{"id":"es-13105","source":"ES","brand":"BENZOIL","address":"CALLE B-PP9, 2","municipality":"Tarragona","province":"TARRAGONA","postalCode":"43006","schedule":"L-D: 24H","fuels":{"gasoline95":1.799,"diesel":1.899},"extra":{"saleType":"P","margin":"I","reportingType":"dm","ideess":"13105","idMunicipio":"6494","idProvincia":"43","idCCAA":"09"}}},{"type":"Feature","geometry":{"type":"Point","coordinates":[1.226167,41.140583]},"properties":{"id":"es-13190","source":"ES","brand":"EXOIL","address":"CALLE COURE DEL  EN  TORREFORTA, 9","municipality":"Tarragona","province":"TARRAGONA","postalCode":"43006","schedule":"L-D: 24H","fuels":{"gasoline95":1.618,"diesel":1.748,"adblue":0.68},"extra":{"saleType":"P","margin":"D","reportingType":"dm","ideess":"13190","idMunicipio":"6494","idProvincia":"43","idCCAA":"09"}}},{"type":"Feature","geometry":{"type":"Point","coordinates":[1.841806,41.737278]},"properties":{"id":"es-13262","source":"ES","brand":"BONAREA","address":"POLIGONO ELS DOLORS CL.SALLENT, 50","municipality":"Manresa","province":"BARCELONA","postalCode":"08240","schedule":"L-D: 24H","fuels":{"gasoline95":1.523,"diesel":1.701,"adblue":0.499},"extra":{"saleType":"P","margin":"N","reportingType":"dm","ideess":"13262","idMunicipio":"978","idProvincia":"08","idCCAA":"09"}}},{"type":"Feature","geometry":{"type":"Point","coordinates":[1.897944,41.514583]},"properties":{"id":"es-13318","source":"ES","brand":"HAM","address":"CALLE TREBALL, 1","municipality":"Abrera","province":"BARCELONA","postalCode":"08630","schedule":"L-D: 24H","fuels":{"diesel":1.859,"dieselB":1.669,"adblue":0.899},"extra":{"saleType":"P","margin":"N","reportingType":"dm","ideess":"13318","idMunicipio":"861","idProvincia":"08","idCCAA":"09"}}},{"type":"Feature","geometry":{"type":"Point","coordinates":[1.221806,41.1385]},"properties":{"id":"es-13326","source":"ES","brand":"HAM BIONET","address":"CALLE SOFRE, 5","municipality":"Tarragona","province":"TARRAGONA","postalCode":"43006","schedule":"L-V: 06:00-22:00; S: 07:00-15:00","fuels":{"cng":1.644,"lng":1.599,"bioCng":1.624,"bioLng":1.569},"extra":{"saleType":"P","margin":"D","reportingType":"dm","ideess":"13326","idMunicipio":"6494","idProvincia":"43","idCCAA":"09"}}},{"type":"Feature","geometry":{"type":"Point","coordinates":[1.632,41.595833]},"properties":{"id":"es-13330","source":"ES","brand":"HAM IGUALADA","address":"AVENIDA EUROPA, 26","municipality":"Igualada","province":"BARCELONA","postalCode":"08700","schedule":"L-D: 24H","fuels":{"cng":1.666,"bioCng":1.646},"extra":{"saleType":"P","margin":"D","reportingType":"dm","ideess":"13330","idMunicipio":"967","idProvincia":"08","idCCAA":"09"}}},{"type":"Feature","geometry":{"type":"Point","coordinates":[1.989,41.287389]},"properties":{"id":"es-13352","source":"ES","brand":"PREMIUM ENERGY CASTELLDEFELS","address":"AVINGUDA CONSTITUCION, 11","municipality":"Castelldefels","province":"BARCELONA","postalCode":"08860","schedule":"L-D: 24H","fuels":{"gasoline95":1.668,"dieselPremium":1.788},"extra":{"saleType":"P","margin":"D","reportingType":"dm","ideess":"13352","idMunicipio":"919","idProvincia":"08","idCCAA":"09"}}},{"type":"Feature","geometry":{"type":"Point","coordinates":[1.152417,41.107944]},"properties":{"id":"es-13363","source":"ES","brand":"PANDORA E ENERGY","address":"CARRER JOSEP CARNER, S/N","municipality":"Vila-seca","province":"TARRAGONA","postalCode":"43480","schedule":"L-D: 24H","fuels":{"gasoline95":1.598,"diesel":1.738},"extra":{"saleType":"P","margin":"D","reportingType":"dm","ideess":"13363","idMunicipio":"6518","idProvincia":"43","idCCAA":"09"}}},{"type":"Feature","geometry":{"type":"Point","coordinates":[1.227028,41.141167]},"properties":{"id":"es-13382","source":"ES","brand":"EXOIL","address":"CALLE MERCURI, 15,17","municipality":"Tarragona","province":"TARRAGONA","postalCode":"43006","schedule":"L-D: 24H","fuels":{"lpg":0.957},"extra":{"saleType":"P","margin":"D","reportingType":"dm","ideess":"13382","idMunicipio":"6494","idProvincia":"43","idCCAA":"09"}}},{"type":"Feature","geometry":{"type":"Point","coordinates":[1.802556,41.426222]},"properties":{"id":"es-13563","source":"ES","brand":"AMAT OIL","address":"CALLE LA CREU TRENCADA, 1","municipality":"Subirats","province":"BARCELONA","postalCode":"08739","schedule":"L-D: 24H","fuels":{"gasoline95":1.699,"diesel":1.849},"extra":{"saleType":"P","margin":"D","reportingType":"dm","ideess":"13563","idMunicipio":"1133","idProvincia":"08","idCCAA":"09"}}},{"type":"Feature","geometry":{"type":"Point","coordinates":[1.944667,41.389083]},"properties":{"id":"es-13610","source":"ES","brand":"VALLIWASH-PETROMIRALLES","address":"CALLE MAJOR, 12","municipality":"Vallirana","province":"BARCELONA","postalCode":"08759","schedule":"L-V: 06:00-23:00; S: 07:00-23:00; D: 07:30-23:00","fuels":{"gasoline95":1.699,"diesel":1.903},"extra":{"saleType":"P","margin":"D","reportingType":"dm","ideess":"13610","idMunicipio":"1155","idProvincia":"08","idCCAA":"09"}}},{"type":"Feature","geometry":{"type":"Point","coordinates":[1.149694,41.652472]},"properties":{"id":"es-13614","source":"ES","brand":"BONAREA","address":"AVENIDA BARCELONA, 26","municipality":"Tàrrega","province":"LLEIDA","postalCode":"25300","schedule":"L-D: 24H","fuels":{"gasoline95":1.523,"diesel":1.701,"adblue":0.499},"extra":{"saleType":"P","margin":"N","reportingType":"dm","ideess":"13614","idMunicipio":"3997","idProvincia":"25","idCCAA":"09"}}},{"type":"Feature","geometry":{"type":"Point","coordinates":[1.700083,41.334722]},"properties":{"id":"es-13623","source":"ES","brand":"TAMOIL","address":"AVENIDA RONDA MAR, 24","municipality":"Vilafranca del Penedès","province":"BARCELONA","postalCode":"08720","schedule":"L-D: 24H","fuels":{"gasoline95":1.569,"diesel":1.699},"extra":{"saleType":"P","margin":"D","reportingType":"OM","ideess":"13623","idMunicipio":"1162","idProvincia":"08","idCCAA":"09"}}},{"type":"Feature","geometry":{"type":"Point","coordinates":[1.135111,41.14225]},"properties":{"id":"es-13698","source":"ES","brand":"GMOIL","address":"CALLE BELGICA, 9,11","municipality":"Reus","province":"TARRAGONA","postalCode":"43204","schedule":"L-D: 24H","fuels":{"gasoline95":1.559,"diesel":1.709},"extra":{"saleType":"P","margin":"D","reportingType":"dm","ideess":"13698","idMunicipio":"6467","idProvincia":"43","idCCAA":"09"}}},{"type":"Feature","geometry":{"type":"Point","coordinates":[1.393306,41.15025]},"properties":{"id":"es-13815","source":"ES","brand":"OILPRIX","address":"CALLE RIERA DE GAIA (DE LA), 20","municipality":"Torredembarra","province":"TARRAGONA","postalCode":"43830","schedule":"L-D: 24H","fuels":{"gasoline95":1.689,"diesel":1.809,"adblue":0.871},"extra":{"saleType":"P","margin":"D","reportingType":"OM","ideess":"13815","idMunicipio":"6499","idProvincia":"43","idCCAA":"09"}}},{"type":"Feature","geometry":{"type":"Point","coordinates":[1.218667,41.138972]},"properties":{"id":"es-13842","source":"ES","brand":"CONFORT AUTO","address":"CALLE COURE (DEL), 7","municipality":"Tarragona","province":"TARRAGONA","postalCode":"43006","schedule":"L-V: 08:30-19:30; S: 08:30-13:00","fuels":{"gasoline95":1.614,"diesel":1.797,"adblue":0.99},"extra":{"saleType":"P","margin":"D","reportingType":"dm","ideess":"13842","idMunicipio":"6494","idProvincia":"43","idCCAA":"09"}}},{"type":"Feature","geometry":{"type":"Point","coordinates":[1.723639,41.280222]},"properties":{"id":"es-13876","source":"ES","brand":"SPAROIL","address":"CARRETERA VILAFRANCA KM. 45","municipality":"Canyelles","province":"BARCELONA","postalCode":"08259","schedule":"L-D: 24H","fuels":{"gasoline95":1.729,"diesel":1.869},"extra":{"saleType":"P","margin":"I","reportingType":"dm","ideess":"13876","idMunicipio":"905","idProvincia":"08","idCCAA":"09"}}},{"type":"Feature","geometry":{"type":"Point","coordinates":[1.266667,41.669528]},"properties":{"id":"es-13909","source":"ES","brand":"ESCLATOIL","address":"AVENIDA TÀRREGA, 5","municipality":"Cervera","province":"LLEIDA","postalCode":"25200","schedule":"L-D: 24H","fuels":{"gasoline95":1.569,"diesel":1.749},"extra":{"saleType":"P","margin":"D","reportingType":"dm","ideess":"13909","idMunicipio":"3867","idProvincia":"25","idCCAA":"09"}}},{"type":"Feature","geometry":{"type":"Point","coordinates":[1.844028,41.736278]},"properties":{"id":"es-13944","source":"ES","brand":"ESCLATOIL","address":"CARRETERA VIC, CANTONADA C/CASTELLGALÍ KM. 0","municipality":"Manresa","province":"BARCELONA","postalCode":"08241","schedule":"L-D: 24H","fuels":{"gasoline95":1.569,"diesel":1.749,"dieselPremium":1.799,"adblue":0.529},"extra":{"saleType":"P","margin":"D","reportingType":"dm","ideess":"13944","idMunicipio":"978","idProvincia":"08","idCCAA":"09"}}},{"type":"Feature","geometry":{"type":"Point","coordinates":[1.742639,41.355778]},"properties":{"id":"es-13982","source":"ES","brand":"BONAREA","address":"CARRETERA N-340 KM. 1215,500","municipality":"Sant Cugat Sesgarrigues","province":"BARCELONA","postalCode":"08798","schedule":"L-D: 24H","fuels":{"gasoline95":1.521,"diesel":1.699,"adblue":0.499},"extra":{"saleType":"P","margin":"I","reportingType":"dm","ideess":"13982","idMunicipio":"1068","idProvincia":"08","idCCAA":"09"}}},{"type":"Feature","geometry":{"type":"Point","coordinates":[1.995417,41.443139]},"properties":{"id":"es-14000","source":"ES","brand":"FERCAM","address":"CALLE FERRALLA, 38","municipality":"Castellbisbal","province":"BARCELONA","postalCode":"08755","schedule":"L-D: 24H","fuels":{"diesel":1.649,"dieselRenewable":1.749,"adblue":0.79},"extra":{"saleType":"P","margin":"D","reportingType":"dm","ideess":"14000","idMunicipio":"917","idProvincia":"08","idCCAA":"09"}}},{"type":"Feature","geometry":{"type":"Point","coordinates":[1.229361,41.115472]},"properties":{"id":"es-14009","source":"ES","brand":"GM OIL","address":"CARRETERA ANTIGUA DE VALENCIA 8 KM. 8","municipality":"Tarragona","province":"TARRAGONA","postalCode":"43006","schedule":"L-D: 24H","fuels":{"gasoline95":1.559,"diesel":1.699},"extra":{"saleType":"P","margin":"D","reportingType":"dm","ideess":"14009","idMunicipio":"6494","idProvincia":"43","idCCAA":"09"}}},{"type":"Feature","geometry":{"type":"Point","coordinates":[1.812889,41.2475]},"properties":{"id":"es-14139","source":"ES","brand":"NIEVES","address":"AVENIDA CAMI PLA, 8","municipality":"Sitges","province":"BARCELONA","postalCode":"08870","schedule":"L-D: 24H","fuels":{"gasoline95":1.775,"diesel":1.889,"dieselPremium":1.939,"adblue":0.999},"extra":{"saleType":"P","margin":"N","reportingType":"dm","ideess":"14139","idMunicipio":"1130","idProvincia":"08","idCCAA":"09"}}},{"type":"Feature","geometry":{"type":"Point","coordinates":[1.146639,41.223111]},"properties":{"id":"es-14158","source":"ES","brand":"JOAN OILS","address":"CARRER CERAMICA, 6","municipality":"Selva del Camp (La)","province":"TARRAGONA","postalCode":"43470","schedule":"L-D: 24H","fuels":{"dieselPremium":1.795,"adblue":0.725},"extra":{"saleType":"P","margin":"N","reportingType":"dm","ideess":"14158","idMunicipio":"6490","idProvincia":"43","idCCAA":"09"}}},{"type":"Feature","geometry":{"type":"Point","coordinates":[1.225806,41.113833]},"properties":{"id":"es-14170","source":"ES","brand":"BONAREA","address":"POLIGONO INDUSTRIAL FRANCOLI, 4","municipality":"Tarragona","province":"TARRAGONA","postalCode":"43006","schedule":"L-D: 24H","fuels":{"gasoline95":1.52,"diesel":1.698,"adblue":0.499},"extra":{"saleType":"P","margin":"D","reportingType":"dm","ideess":"14170","idMunicipio":"6494","idProvincia":"43","idCCAA":"09"}}},{"type":"Feature","geometry":{"type":"Point","coordinates":[1.122722,41.160389]},"properties":{"id":"es-14220","source":"ES","brand":"PETROLOWCOST","address":"CALLE EIVISSA (D'), 1","municipality":"Reus","province":"TARRAGONA","postalCode":"43201","schedule":"L-D: 24H","fuels":{"gasoline95":1.669,"diesel":1.839},"extra":{"saleType":"P","margin":"D","reportingType":"dm","ideess":"14220","idMunicipio":"6467","idProvincia":"43","idCCAA":"09"}}},{"type":"Feature","geometry":{"type":"Point","coordinates":[1.262639,41.304306]},"properties":{"id":"es-14260","source":"ES","brand":"BONAREA","address":"POLIGONO IND. DE VALLS/CARRETERA DEL PLA, 180","municipality":"Valls","province":"TARRAGONA","postalCode":"43800","schedule":"L-D: 24H","fuels":{"gasoline95":1.522,"diesel":1.699,"adblue":0.499},"extra":{"saleType":"P","margin":"D","reportingType":"dm","ideess":"14260","idMunicipio":"6507","idProvincia":"43","idCCAA":"09"}}},{"type":"Feature","geometry":{"type":"Point","coordinates":[1.987917,41.483]},"properties":{"id":"es-14272","source":"ES","brand":"ESCLATOIL","address":"AVENIDA CAN CAMPANYA, 1","municipality":"Castellbisbal","province":"BARCELONA","postalCode":"08755","schedule":"L-D: 24H","fuels":{"gasoline95":1.609,"diesel":1.789,"dieselPremium":1.839,"adblue":0.529},"extra":{"saleType":"P","margin":"D","reportingType":"dm","ideess":"14272","idMunicipio":"917","idProvincia":"08","idCCAA":"09"}}},{"type":"Feature","geometry":{"type":"Point","coordinates":[1.229361,41.271861]},"properties":{"id":"es-14415","source":"ES","brand":"REPSOL","address":"POLIGONO POL. 17 PARCELA 127-129 ENLACE AUTOVÍA A-27 CON C-37, S/N","municipality":"Valls","province":"TARRAGONA","postalCode":"43800","schedule":"L-D: 06:00-22:00","fuels":{"gasoline95":1.835,"gasoline95Premium":1.895,"gasoline98":1.945,"diesel":1.899,"dieselPremium":1.999,"dieselB":1.655},"extra":{"saleType":"P","margin":"I","reportingType":"OM","ideess":"14415","idMunicipio":"6507","idProvincia":"43","idCCAA":"09"}}},{"type":"Feature","geometry":{"type":"Point","coordinates":[1.627194,41.58475]},"properties":{"id":"es-14706","source":"ES","brand":"ESCLATOIL","address":"AVENIDA AVINGUDA MESTRE MUNTANER CANTONADA CARRER LLEIDA, S/N","municipality":"Igualada","province":"BARCELONA","postalCode":"08700","schedule":"L-D: 24H","fuels":{"gasoline95":1.569,"diesel":1.749,"dieselPremium":1.799,"adblue":0.529},"extra":{"saleType":"P","margin":"D","reportingType":"dm","ideess":"14706","idMunicipio":"967","idProvincia":"08","idCCAA":"09"}}},{"type":"Feature","geometry":{"type":"Point","coordinates":[1.22825,41.108528]},"properties":{"id":"es-14721","source":"ES","brand":"OIL PRIX","address":"CALLE EIX TRANSVERSAL S/N, S/N","municipality":"Tarragona","province":"TARRAGONA","postalCode":"43006","schedule":"L-D: 24H","fuels":{"gasoline95":1.465,"diesel":1.741,"dieselPremium":1.996,"lpg":0.781,"adblue":0.807},"extra":{"saleType":"P","margin":"D","reportingType":"OM","ideess":"14721","idMunicipio":"6494","idProvincia":"43","idCCAA":"09"}}},{"type":"Feature","geometry":{"type":"Point","coordinates":[1.142194,41.640778]},"properties":{"id":"es-14729","source":"ES","brand":"ESCLATOIL","address":"AVINGUDA TARRAGONA, 13","municipality":"Tàrrega","province":"LLEIDA","postalCode":"25300","schedule":"L-D: 24H","fuels":{"gasoline95":1.569,"diesel":1.749,"dieselPremium":1.799,"adblue":0.529},"extra":{"saleType":"P","margin":"D","reportingType":"dm","ideess":"14729","idMunicipio":"3997","idProvincia":"25","idCCAA":"09"}}},{"type":"Feature","geometry":{"type":"Point","coordinates":[1.897944,41.514583]},"properties":{"id":"es-14790","source":"ES","brand":"HAM","address":"PASAJE TREBALL DEL, 1","municipality":"Abrera","province":"BARCELONA","postalCode":"08630","schedule":"L-D: 24H","fuels":{"cng":1.644,"lng":1.599,"bioCng":1.624,"bioLng":1.569},"extra":{"saleType":"P","margin":"D","reportingType":"dm","ideess":"14790","idMunicipio":"861","idProvincia":"08","idCCAA":"09"}}},{"type":"Feature","geometry":{"type":"Point","coordinates":[1.778,41.435472]},"properties":{"id":"es-14795","source":"ES","brand":"HAM","address":"CARRER FRANCISCO MORAGAS, 15","municipality":"Sant Sadurní d'Anoia","province":"BARCELONA","postalCode":"08770","schedule":"L-D: 24H","fuels":{"cng":1.644,"lng":1.599,"bioCng":1.624,"bioLng":1.569},"extra":{"saleType":"P","margin":"D","reportingType":"dm","ideess":"14795","idMunicipio":"1102","idProvincia":"08","idCCAA":"09"}}},{"type":"Feature","geometry":{"type":"Point","coordinates":[1.039583,41.0785]},"properties":{"id":"es-14893","source":"ES","brand":"BONAREA","address":"CALLE FUSTERIES, S/N","municipality":"Cambrils","province":"TARRAGONA","postalCode":"43850","schedule":"L-D: 24H","fuels":{"gasoline95":1.521,"diesel":1.699,"adblue":0.499},"extra":{"saleType":"P","margin":"I","reportingType":"dm","ideess":"14893","idMunicipio":"6383","idProvincia":"43","idCCAA":"09"}}},{"type":"Feature","geometry":{"type":"Point","coordinates":[1.844472,41.741111]},"properties":{"id":"es-14999","source":"ES","brand":"GM OIL","address":"CALLE DE SALLENT, 91","municipality":"Manresa","province":"BARCELONA","postalCode":"08240","schedule":"L-D: 24H","fuels":{"gasoline95":1.549,"diesel":1.699},"extra":{"saleType":"P","margin":"D","reportingType":"dm","ideess":"14999","idMunicipio":"978","idProvincia":"08","idCCAA":"09"}}},{"type":"Feature","geometry":{"type":"Point","coordinates":[1.150583,41.105389]},"properties":{"id":"es-15061","source":"ES","brand":"SEROIL ENERGY","address":"CALLE JOSEP CARNER, 2","municipality":"Vila-seca","province":"TARRAGONA","postalCode":"43480","schedule":"L-D: 24H","fuels":{"gasoline95":1.598,"diesel":1.738},"extra":{"saleType":"P","margin":"D","reportingType":"dm","ideess":"15061","idMunicipio":"6518","idProvincia":"43","idCCAA":"09"}}},{"type":"Feature","geometry":{"type":"Point","coordinates":[1.788694,41.769778]},"properties":{"id":"es-15067","source":"ES","brand":"NATURGY IBERIA","address":"CARRETERA C-55 KM. 39","municipality":"Sant Joan de Vilatorrada","province":"BARCELONA","postalCode":"08250","schedule":"L: 24H","fuels":{"cng":1.599,"lng":1.499},"extra":{"saleType":"P","margin":"I","reportingType":"dm","ideess":"15067","idMunicipio":"1079","idProvincia":"08","idCCAA":"09"}}},{"type":"Feature","geometry":{"type":"Point","coordinates":[1.608361,41.580611]},"properties":{"id":"es-15146","source":"ES","brand":"BY ENERGY","address":"CALLE PRAT DE LA RIBA, S/N","municipality":"Igualada","province":"BARCELONA","postalCode":"08700","schedule":"L-D: 24H","fuels":{"gasoline95":1.459,"diesel":1.759},"extra":{"saleType":"P","margin":"I","reportingType":"dm","ideess":"15146","idMunicipio":"967","idProvincia":"08","idCCAA":"09"}}},{"type":"Feature","geometry":{"type":"Point","coordinates":[1.750694,41.524083]},"properties":{"id":"es-15150","source":"ES","brand":"NIEVES","address":"CARRETERA B-224 DE MARTORELL A CAPELLADES KM. 9,6","municipality":"Piera","province":"BARCELONA","postalCode":"08784","schedule":"L-D: 24H","fuels":{"gasoline95":1.589,"diesel":1.769,"adblue":0.999},"extra":{"saleType":"P","margin":"N","reportingType":"dm","ideess":"15150","idMunicipio":"1027","idProvincia":"08","idCCAA":"09"}}},{"type":"Feature","geometry":{"type":"Point","coordinates":[1.903583,41.790917]},"properties":{"id":"es-15181","source":"ES","brand":"TRANSPORTES ABYCER S.L.","address":"POLIGONO BERENGUER, 2","municipality":"Sallent","province":"BARCELONA","postalCode":"08650","schedule":"L-D: 08:00-20:00","fuels":{"gasoline95":1.609,"diesel":1.699,"adblue":0.599},"extra":{"saleType":"P","margin":"N","reportingType":"dm","ideess":"15181","idMunicipio":"1055","idProvincia":"08","idCCAA":"09"}}},{"type":"Feature","geometry":{"type":"Point","coordinates":[1.912583,41.75125]},"properties":{"id":"es-15468","source":"ES","brand":"PETRO7","address":"CALLE TEXTIL, 3","municipality":"Navarcles","province":"BARCELONA","postalCode":"08270","schedule":"L-D: 24H","fuels":{"gasoline95":1.599,"diesel":1.774,"dieselPremium":1.834},"extra":{"saleType":"P","margin":"I","reportingType":"dm","ideess":"15468","idMunicipio":"1005","idProvincia":"08","idCCAA":"09"}}},{"type":"Feature","geometry":{"type":"Point","coordinates":[1.556083,41.984528]},"properties":{"id":"es-1548","source":"ES","brand":"PETROLIS DE BARCELONA","address":"CTRA. MANRESA, C-55 km 77,50","municipality":"Olius","province":"LLEIDA","postalCode":"25286","schedule":"L-D: 24H","fuels":{"gasoline95":1.55,"diesel":1.704,"lpg":1.103},"extra":{"saleType":"P","margin":"N","reportingType":"dm","ideess":"1548","idMunicipio":"3940","idProvincia":"25","idCCAA":"09"}}},{"type":"Feature","geometry":{"type":"Point","coordinates":[1.705639,41.350611]},"properties":{"id":"es-1553","source":"ES","brand":"SERVICIOS PENEDES SA","address":"CALLE IGUALADA, 70","municipality":"Vilafranca del Penedès","province":"BARCELONA","postalCode":"08720","schedule":"L-D: 24H","fuels":{"gasoline95":1.862,"gasoline98":1.991,"diesel":1.982,"dieselPremium":2.015,"dieselB":1.69},"extra":{"saleType":"P","margin":"D","reportingType":"dm","ideess":"1553","idMunicipio":"1162","idProvincia":"08","idCCAA":"09"}}},{"type":"Feature","geometry":{"type":"Point","coordinates":[1.623111,41.279861]},"properties":{"id":"es-15544","source":"ES","brand":"CECATRANS TRANSPORT & LOGISTICS, S.L","address":"CALLE MOTORS, 1","municipality":"Arboç (L')","province":"TARRAGONA","postalCode":"43720","schedule":"L-V: 07:00-18:00","fuels":{"diesel":1.446},"extra":{"saleType":"P","margin":"D","reportingType":"dm","ideess":"15544","idMunicipio":"6359","idProvincia":"43","idCCAA":"09"}}},{"type":"Feature","geometry":{"type":"Point","coordinates":[1.421944,41.655]},"properties":{"id":"es-1557","source":"ES","brand":"E.S. SANT GUIM","address":"CARRETERA CALAF, 35 KM. ","municipality":"Sant Guim de Freixenet","province":"LLEIDA","postalCode":"25270","schedule":"L-D: 24H","fuels":{"gasoline95":1.569,"gasoline98":1.629,"diesel":1.699,"adblue":0.7},"extra":{"saleType":"P","margin":"D","reportingType":"dm","ideess":"1557","idMunicipio":"3976","idProvincia":"25","idCCAA":"09"}}},{"type":"Feature","geometry":{"type":"Point","coordinates":[1.604667,41.579556]},"properties":{"id":"es-15628","source":"ES","brand":"BALLENOIL","address":"CALLE CORDOBA, 2","municipality":"Santa Margarida de Montbui","province":"BARCELONA","postalCode":"08710","schedule":"L-D: 24H","fuels":{"gasoline95":1.589,"diesel":1.699,"dieselPremium":1.719},"extra":{"saleType":"P","margin":"D","reportingType":"OM","ideess":"15628","idMunicipio":"1116","idProvincia":"08","idCCAA":"09"}}},{"type":"Feature","geometry":{"type":"Point","coordinates":[1.403056,41.807833]},"properties":{"id":"es-1565","source":"ES","brand":"BONAREA","address":"C-1412A (BONAREA) km 23,85","municipality":"Torà","province":"LLEIDA","postalCode":"25750","schedule":"L-D: 24H","fuels":{"gasoline95":1.525,"diesel":1.703,"adblue":0.499},"extra":{"saleType":"P","margin":"D","reportingType":"dm","ideess":"1565","idMunicipio":"4003","idProvincia":"25","idCCAA":"09"}}},{"type":"Feature","geometry":{"type":"Point","coordinates":[1.896833,41.509222]},"properties":{"id":"es-15652","source":"ES","brand":"BALTRAN S.A","address":"AVENIDA ENERGIA, 9","municipality":"Abrera","province":"BARCELONA","postalCode":"08630","schedule":"L-D: 24H","fuels":{"diesel":1.77},"extra":{"saleType":"P","margin":"N","reportingType":"dm","ideess":"15652","idMunicipio":"861","idProvincia":"08","idCCAA":"09"}}},{"type":"Feature","geometry":{"type":"Point","coordinates":[1.129444,41.612111]},"properties":{"id":"es-1566","source":"ES","brand":"BONAREA","address":"CTRA. TARREGA A MONTBLACH (C-240 km 69)","municipality":"Verdú","province":"LLEIDA","postalCode":"25340","schedule":"L-D: 24H","fuels":{"gasoline95":1.526,"diesel":1.703,"adblue":0.499},"extra":{"saleType":"P","margin":"D","reportingType":"dm","ideess":"1566","idMunicipio":"4022","idProvincia":"25","idCCAA":"09"}}},{"type":"Feature","geometry":{"type":"Point","coordinates":[1.40225,41.810694]},"properties":{"id":"es-1571","source":"ES","brand":"E.S.MAS","address":"CTRA. ANDORRA, S/N (C1412 km 23,42)","municipality":"Torà","province":"LLEIDA","postalCode":"25750","schedule":"L-V: 09:00-13:00 y 15:00-19:00","fuels":{"gasoline95":1.4,"diesel":1.53,"dieselB":1.0},"extra":{"saleType":"P","margin":"D","reportingType":"dm","ideess":"1571","idMunicipio":"4003","idProvincia":"25","idCCAA":"09"}}},{"type":"Feature","geometry":{"type":"Point","coordinates":[1.915806,41.484889]},"properties":{"id":"es-15718","source":"ES","brand":"PETROLOWCOST SL","address":"AVINGUDA COMPTE DEL LLOBREGAT, 35","municipality":"Martorell","province":"BARCELONA","postalCode":"08760","schedule":"L-D: 24H","fuels":{"gasoline95":1.649,"diesel":1.779,"dieselPremium":1.819,"adblue":0.799},"extra":{"saleType":"P","margin":"D","reportingType":"dm","ideess":"15718","idMunicipio":"980","idProvincia":"08","idCCAA":"09"}}},{"type":"Feature","geometry":{"type":"Point","coordinates":[1.050194,41.8895]},"properties":{"id":"es-1573","source":"ES","brand":"FARRE OIL","address":"CARRETERA C-14 KM. 102,100","municipality":"Artesa de Segre","province":"LLEIDA","postalCode":"25730","schedule":"L-V: 07:00-21:00; S-D: 07:00-14:30","fuels":{"gasoline95":1.769,"gasoline98":1.939,"diesel":1.919,"dieselPremium":1.989,"dieselB":1.429,"adblue":0.985},"extra":{"saleType":"P","margin":"D","reportingType":"dm","ideess":"1573","idMunicipio":"3833","idProvincia":"25","idCCAA":"09"}}},{"type":"Feature","geometry":{"type":"Point","coordinates":[1.636472,41.578583]},"properties":{"id":"es-15750","source":"ES","brand":"PLENERGY","address":"CARRER C-244, PK 0,05","municipality":"Òdena","province":"BARCELONA","postalCode":"08711","schedule":"L-D: 24H","fuels":{"gasoline95":1.519,"diesel":1.699},"extra":{"saleType":"P","margin":"D","reportingType":"dm","ideess":"15750","idMunicipio":"1008","idProvincia":"08","idCCAA":"09"}}},{"type":"Feature","geometry":{"type":"Point","coordinates":[1.728389,41.239389]},"properties":{"id":"es-15764","source":"ES","brand":"GALP","address":"CARRER CERAMICA, 0","municipality":"Vilanova i la Geltrú","province":"BARCELONA","postalCode":"08800","schedule":"L-D: 06:00-22:00","fuels":{"gasoline95":1.604,"gasoline95Premium":1.654,"diesel":1.784},"extra":{"saleType":"P","margin":"D","reportingType":"OM","ideess":"15764","idMunicipio":"1167","idProvincia":"08","idCCAA":"09"}}},{"type":"Feature","geometry":{"type":"Point","coordinates":[1.182056,41.116306]},"properties":{"id":"es-15801","source":"ES","brand":"ICOR ENERGIA","address":"CARRER VILA SECA, 14","municipality":"Tarragona","province":"TARRAGONA","postalCode":"43110","schedule":"L: 24H","fuels":{"gasoline95":1.699,"diesel":1.829,"lpg":0.995,"adblue":0.829},"extra":{"saleType":"P","margin":"D","reportingType":"dm","ideess":"15801","idMunicipio":"6494","idProvincia":"43","idCCAA":"09"}}},{"type":"Feature","geometry":{"type":"Point","coordinates":[1.953194,41.55675]},"properties":{"id":"es-15813","source":"ES","brand":"ESCLATOIL","address":"CARRETERA DE TERRASSA A OLESA DE MONTSERRAT KM. S/N","municipality":"Viladecavalls","province":"BARCELONA","postalCode":"08232","schedule":"L-D: 24H","fuels":{"gasoline95":1.579,"diesel":1.749,"dieselPremium":1.799,"adblue":0.529},"extra":{"saleType":"P","margin":"D","reportingType":"dm","ideess":"15813","idMunicipio":"1161","idProvincia":"08","idCCAA":"09"}}},{"type":"Feature","geometry":{"type":"Point","coordinates":[1.752167,41.358]},"properties":{"id":"es-1585","source":"ES","brand":"SHELL","address":"N-340 km 1216,35","municipality":"Sant Cugat Sesgarrigues","province":"BARCELONA","postalCode":"08798","schedule":"L-D: 06:00-22:00","fuels":{"gasoline95":1.689,"gasoline98":1.829,"diesel":1.849,"dieselPremium":1.929},"extra":{"saleType":"P","margin":"D","reportingType":"OM","ideess":"1585","idMunicipio":"1068","idProvincia":"08","idCCAA":"09"}}},{"type":"Feature","geometry":{"type":"Point","coordinates":[1.278167,41.781917]},"properties":{"id":"es-1588","source":"ES","brand":"BONAREA","address":"CENTRO COMERCIAL BONAREA, CTRA.L-313 km 14,5","municipality":"Guissona","province":"LLEIDA","postalCode":"25210","schedule":"L-D: 24H","fuels":{"gasoline95":1.526,"gasoline98":1.564,"diesel":1.703},"extra":{"saleType":"P","margin":"D","reportingType":"dm","ideess":"1588","idMunicipio":"3901","idProvincia":"25","idCCAA":"09"}}},{"type":"Feature","geometry":{"type":"Point","coordinates":[1.919778,41.482806]},"properties":{"id":"es-15881","source":"ES","brand":"PETROPRIX","address":"AVENIDA COMTE DE LLOBREGAT, 4","municipality":"Martorell","province":"BARCELONA","postalCode":"08760","schedule":"L-D: 24H","fuels":{"gasoline95":1.619,"diesel":1.749},"extra":{"saleType":"P","margin":"D","reportingType":"dm","ideess":"15881","idMunicipio":"980","idProvincia":"08","idCCAA":"09"}}},{"type":"Feature","geometry":{"type":"Point","coordinates":[1.513444,41.490972]},"properties":{"id":"es-1597","source":"ES","brand":"PETROMIRALLES","address":"CARRETERA C-37 KM. 48,500","municipality":"Santa Maria de Miralles","province":"BARCELONA","postalCode":"08787","schedule":"L-D: 24H","fuels":{"gasoline95":1.589,"diesel":1.709,"dieselPremium":1.739},"extra":{"saleType":"P","margin":"I","reportingType":"dm","ideess":"1597","idMunicipio":"1122","idProvincia":"08","idCCAA":"09"}}},{"type":"Feature","geometry":{"type":"Point","coordinates":[1.946806,41.795]},"properties":{"id":"es-1609","source":"ES","brand":"MEROIL","address":"C/ ROCAFORT, 103 (B-4512 km 0,6)","municipality":"Artés","province":"BARCELONA","postalCode":"08271","schedule":"L-D: 06:00-22:00","fuels":{"gasoline95":1.609,"gasoline98":1.809,"diesel":1.719,"dieselPremium":1.819,"dieselB":1.519,"adblue":0.739},"extra":{"saleType":"P","margin":"I","reportingType":"dm","ideess":"1609","idMunicipio":"871","idProvincia":"08","idCCAA":"09"}}},{"type":"Feature","geometry":{"type":"Point","coordinates":[1.529444,41.211611]},"properties":{"id":"es-16121","source":"ES","brand":"ESCLATOIL","address":"CALLE ANTONI DEU FONT, 19","municipality":"Vendrell (El)","province":"TARRAGONA","postalCode":"43700","schedule":"L: 00:00-23:59","fuels":{"gasoline95":1.629,"diesel":1.809,"dieselPremium":1.859,"adblue":0.529},"extra":{"saleType":"P","margin":"D","reportingType":"dm","ideess":"16121","idMunicipio":"6509","idProvincia":"43","idCCAA":"09"}}},{"type":"Feature","geometry":{"type":"Point","coordinates":[1.8815,41.544556]},"properties":{"id":"es-16123","source":"ES","brand":"BONAREA","address":"POLIGONO CAMI LA FLORA-FOU PARC, 15","municipality":"Olesa de Montserrat","province":"BARCELONA","postalCode":"08640","schedule":"L-D: 24H","fuels":{"gasoline95":1.521,"diesel":1.699,"adblue":0.499},"extra":{"saleType":"P","margin":"N","reportingType":"dm","ideess":"16123","idMunicipio":"1011","idProvincia":"08","idCCAA":"09"}}},{"type":"Feature","geometry":{"type":"Point","coordinates":[1.985083,41.3655]},"properties":{"id":"es-1613","source":"ES","brand":"BONAREA","address":"CARRETERA BV-2005 KM. 4,7","municipality":"Torrelles de Llobregat","province":"BARCELONA","postalCode":"08629","schedule":"L-D: 24H","fuels":{"gasoline95":1.52,"diesel":1.698,"adblue":0.499},"extra":{"saleType":"P","margin":"I","reportingType":"dm","ideess":"1613","idMunicipio":"1149","idProvincia":"08","idCCAA":"09"}}},{"type":"Feature","geometry":{"type":"Point","coordinates":[1.848611,41.677528]},"properties":{"id":"es-16137","source":"ES","brand":"BONAREA","address":"CALLE MONTSERRAT ROIG, 18","municipality":"Castellgalí","province":"BARCELONA","postalCode":"08297","schedule":"L-D: 00:00-23:59","fuels":{"gasoline95":1.522,"diesel":1.7,"adblue":0.499},"extra":{"saleType":"P","margin":"N","reportingType":"dm","ideess":"16137","idMunicipio":"923","idProvincia":"08","idCCAA":"09"}}},{"type":"Feature","geometry":{"type":"Point","coordinates":[1.393167,41.538639]},"properties":{"id":"es-1614","source":"ES","brand":"COPERAL","address":"CARRETERA C-241 KM. S/N","municipality":"Santa Coloma de Queralt","province":"TARRAGONA","postalCode":"43420","schedule":"L-D: 24H","fuels":{"gasoline95":1.579,"diesel":1.729},"extra":{"saleType":"P","margin":"I","reportingType":"dm","ideess":"1614","idMunicipio":"6485","idProvincia":"43","idCCAA":"09"}}},{"type":"Feature","geometry":{"type":"Point","coordinates":[1.74876,41.530028]},"properties":{"id":"es-1615","source":"ES","brand":"GASOILS CARRERAS DE PIERA S.L.","address":"AVDA. CTRA. IGUALADA, 119","municipality":"Piera","province":"BARCELONA","postalCode":"08784","schedule":"L-D: 24H","fuels":{"gasoline95":1.639,"diesel":1.799},"extra":{"saleType":"P","margin":"I","reportingType":"dm","ideess":"1615","idMunicipio":"1027","idProvincia":"08","idCCAA":"09"}}},{"type":"Feature","geometry":{"type":"Point","coordinates":[1.683056,41.335806]},"properties":{"id":"es-16189","source":"ES","brand":"PLENERGY","address":"CARRER PLA DEL VIVER, 4","municipality":"Vilafranca del Penedès","province":"BARCELONA","postalCode":"08720","schedule":"L-D: 24H","fuels":{"gasoline95":1.519,"diesel":1.699},"extra":{"saleType":"P","margin":"D","reportingType":"dm","ideess":"16189","idMunicipio":"1162","idProvincia":"08","idCCAA":"09"}}},{"type":"Feature","geometry":{"type":"Point","coordinates":[1.752694,41.356889]},"properties":{"id":"es-1619","source":"ES","brand":"SHELL","address":"N-340 km 1216,35","municipality":"Sant Cugat Sesgarrigues","province":"BARCELONA","postalCode":"08798","schedule":"L-D: 06:00-22:00","fuels":{"gasoline95":1.689,"gasoline98":1.829,"diesel":1.849,"dieselPremium":1.929,"adblue":1.25},"extra":{"saleType":"P","margin":"I","reportingType":"OM","ideess":"1619","idMunicipio":"1068","idProvincia":"08","idCCAA":"09"}}},{"type":"Feature","geometry":{"type":"Point","coordinates":[1.687972,41.3505]},"properties":{"id":"es-16190","source":"ES","brand":"PLENERGY","address":"CARRER PAU 2-POUS D'EN ROSSELL, S/N","municipality":"Vilafranca del Penedès","province":"BARCELONA","postalCode":"08720","schedule":"L-D: 24H","fuels":{"gasoline95":1.519,"diesel":1.699},"extra":{"saleType":"P","margin":"D","reportingType":"dm","ideess":"16190","idMunicipio":"1162","idProvincia":"08","idCCAA":"09"}}},{"type":"Feature","geometry":{"type":"Point","coordinates":[1.744278,41.2325]},"properties":{"id":"es-16223","source":"ES","brand":"ESCLATOIL","address":"RAMBLA GARRAF, DEL, 4,12","municipality":"Sant Pere de Ribes","province":"BARCELONA","postalCode":"08810","schedule":"L-D: 24H","fuels":{"gasoline95":1.579,"diesel":1.749,"dieselPremium":1.799,"adblue":0.529},"extra":{"saleType":"P","margin":"D","reportingType":"dm","ideess":"16223","idMunicipio":"1092","idProvincia":"08","idCCAA":"09"}}},{"type":"Feature","geometry":{"type":"Point","coordinates":[1.737,41.227444]},"properties":{"id":"es-1623","source":"ES","brand":"AVIA","address":"AVINGUDA EDUARD TOLDRA, 62","municipality":"Vilanova i la Geltrú","province":"BARCELONA","postalCode":"08800","schedule":"L-D: 06:00-22:00","fuels":{"gasoline95":1.568,"gasoline98":1.695,"diesel":1.746,"dieselPremium":1.776,"adblue":1.0},"extra":{"saleType":"P","margin":"N","reportingType":"dm","ideess":"1623","idMunicipio":"1167","idProvincia":"08","idCCAA":"09"}}},{"type":"Feature","geometry":{"type":"Point","coordinates":[1.991083,41.463917]},"properties":{"id":"es-1624","source":"ES","brand":"BENZINERA CASTELLBISBAL","address":"C/ MAGNETISME, 1 (B-150)","municipality":"Castellbisbal","province":"BARCELONA","postalCode":"08755","schedule":"L-D: 24H","fuels":{"gasoline95":1.689,"gasoline98":1.799,"diesel":1.839,"dieselPremium":1.859,"adblue":0.799},"extra":{"saleType":"P","margin":"N","reportingType":"dm","ideess":"1624","idMunicipio":"917","idProvincia":"08","idCCAA":"09"}}},{"type":"Feature","geometry":{"type":"Point","coordinates":[1.984361,41.399389]},"properties":{"id":"es-16361","source":"ES","brand":"ESCLATOIL","address":"CARRER LLOBREGAT, S/N, S/N","municipality":"Cervelló","province":"BARCELONA","postalCode":"08758","schedule":"L-D: 24H","fuels":{"gasoline95":1.589,"diesel":1.769,"dieselPremium":1.819,"adblue":0.529},"extra":{"saleType":"P","margin":"D","reportingType":"dm","ideess":"16361","idMunicipio":"932","idProvincia":"08","idCCAA":"09"}}},{"type":"Feature","geometry":{"type":"Point","coordinates":[1.986722,41.281472]},"properties":{"id":"es-1642","source":"ES","brand":"GALP","address":"AVENIDA CANAL OLIMPIC DEL, 21","municipality":"Castelldefels","province":"BARCELONA","postalCode":"08860","schedule":"L-V: 05:00-22:00; S-D: 06:00-22:00","fuels":{"gasoline95":1.829,"gasoline95Premium":1.879,"diesel":1.969,"dieselPremium":2.019},"extra":{"saleType":"P","margin":"N","reportingType":"OM","ideess":"1642","idMunicipio":"919","idProvincia":"08","idCCAA":"09"}}},{"type":"Feature","geometry":{"type":"Point","coordinates":[1.260778,41.301361]},"properties":{"id":"es-16432","source":"ES","brand":"PLENERGY","address":"CARRER DEL PLA, 148","municipality":"Valls","province":"TARRAGONA","postalCode":"43800","schedule":"L-D: 24H","fuels":{"gasoline95":1.519,"diesel":1.699},"extra":{"saleType":"P","margin":"D","reportingType":"dm","ideess":"16432","idMunicipio":"6507","idProvincia":"43","idCCAA":"09"}}},{"type":"Feature","geometry":{"type":"Point","coordinates":[1.858,41.74475]},"properties":{"id":"es-1645","source":"ES","brand":"E.S. ROSALEDA  -ST. FRUITOS DE BAGES-     GASOILS ROVIRA","address":"CARRETERA N 141 C KM. 3,7","municipality":"Sant Fruitós de Bages","province":"BARCELONA","postalCode":"08272","schedule":"L-D: 24H","fuels":{"gasoline95":1.579,"gasoline98":1.779,"diesel":1.739,"dieselPremium":1.769},"extra":{"saleType":"P","margin":"D","reportingType":"dm","ideess":"1645","idMunicipio":"1075","idProvincia":"08","idCCAA":"09"}}},{"type":"Feature","geometry":{"type":"Point","coordinates":[1.240056,41.151917]},"properties":{"id":"es-16461","source":"ES","brand":"REPSOL","address":"CARRETERA N-240 KM. 3,7","municipality":"Tarragona","province":"TARRAGONA","postalCode":"43130","schedule":"L-D: 06:00-22:00","fuels":{"gasoline95":1.815,"gasoline98":1.935,"diesel":1.895,"dieselRenewable":2.015},"extra":{"saleType":"P","margin":"D","reportingType":"OM","ideess":"16461","idMunicipio":"6494","idProvincia":"43","idCCAA":"09"}}},{"type":"Feature","geometry":{"type":"Point","coordinates":[1.802583,41.778389]},"properties":{"id":"es-1670","source":"ES","brand":"PETROCAT DIRECTE","address":"CARRETERA BV-4511 KM. 9,2","municipality":"Sant Joan de Vilatorrada","province":"BARCELONA","postalCode":"08250","schedule":"L-D: 24H","fuels":{"gasoline95":1.535,"diesel":1.689},"extra":{"saleType":"P","margin":"I","reportingType":"OM","ideess":"1670","idMunicipio":"1079","idProvincia":"08","idCCAA":"09"}}},{"type":"Feature","geometry":{"type":"Point","coordinates":[1.789444,41.769639]},"properties":{"id":"es-1671","source":"ES","brand":"TAMOIL","address":"CARRETERA C-55 KM. 39","municipality":"Sant Joan de Vilatorrada","province":"BARCELONA","postalCode":"08250","schedule":"L-D: 24H","fuels":{"gasoline95":1.599,"gasoline98":1.699,"diesel":1.699,"biodiesel":1.669,"adblue":0.899},"extra":{"saleType":"P","margin":"D","reportingType":"OM","ideess":"1671","idMunicipio":"1079","idProvincia":"08","idCCAA":"09"}}},{"type":"Feature","geometry":{"type":"Point","coordinates":[1.788639,41.769806]},"properties":{"id":"es-1672","source":"ES","brand":"BEROIL","address":"CARRETERA C-55 KM. 39","municipality":"Sant Joan de Vilatorrada","province":"BARCELONA","postalCode":"08250","schedule":"L-D: 00:00-23:59","fuels":{"gasoline95":1.519,"diesel":1.689,"adblue":0.6},"extra":{"saleType":"P","margin":"I","reportingType":"dm","ideess":"1672","idMunicipio":"1079","idProvincia":"08","idCCAA":"09"}}},{"type":"Feature","geometry":{"type":"Point","coordinates":[1.718667,41.322694]},"properties":{"id":"es-1674","source":"ES","brand":"PETROCAT DIRECTE","address":"CARRETERA C-15 KM. 11,5","municipality":"Olèrdola","province":"BARCELONA","postalCode":"08734","schedule":"L-D: 24H","fuels":{"gasoline95":1.535,"diesel":1.689},"extra":{"saleType":"P","margin":"D","reportingType":"OM","ideess":"1674","idMunicipio":"1009","idProvincia":"08","idCCAA":"09"}}},{"type":"Feature","geometry":{"type":"Point","coordinates":[1.718806,41.323389]},"properties":{"id":"es-1675","source":"ES","brand":"PETROCAT DIRECTE","address":"CARRETERA C-15 KM. 11,5","municipality":"Olèrdola","province":"BARCELONA","postalCode":"08734","schedule":"L-D: 24H","fuels":{"gasoline95":1.535,"diesel":1.689},"extra":{"saleType":"P","margin":"I","reportingType":"OM","ideess":"1675","idMunicipio":"1009","idProvincia":"08","idCCAA":"09"}}},{"type":"Feature","geometry":{"type":"Point","coordinates":[1.710333,41.348167]},"properties":{"id":"es-1681","source":"ES","brand":"ESCLATOIL","address":"CARRETERA BARCELONA KM. 115","municipality":"Vilafranca del Penedès","province":"BARCELONA","postalCode":"08720","schedule":"L-D: 24H","fuels":{"gasoline95":1.569,"diesel":1.749},"extra":{"saleType":"P","margin":"N","reportingType":"dm","ideess":"1681","idMunicipio":"1162","idProvincia":"08","idCCAA":"09"}}},{"type":"Feature","geometry":{"type":"Point","coordinates":[1.648806,41.201361]},"properties":{"id":"es-1687","source":"ES","brand":"CARREFOUR","address":"CARRETERA COMARCAL KM. 246","municipality":"Cubelles","province":"BARCELONA","postalCode":"08880","schedule":"L-D: 24H","fuels":{"gasoline95":1.759,"gasoline98":1.909,"diesel":1.899,"dieselPremium":1.939},"extra":{"saleType":"P","margin":"N","reportingType":"dm","ideess":"1687","idMunicipio":"938","idProvincia":"08","idCCAA":"09"}}},{"type":"Feature","geometry":{"type":"Point","coordinates":[1.739167,41.354889]},"properties":{"id":"es-1688","source":"ES","brand":"CARREFOUR","address":"AVENIDA BARCELONA, S/N","municipality":"Olèrdola","province":"BARCELONA","postalCode":"08734","schedule":"L-D: 24H","fuels":{"gasoline95":1.619,"gasoline98":1.889,"diesel":1.819,"dieselPremium":1.859},"extra":{"saleType":"P","margin":"N","reportingType":"dm","ideess":"1688","idMunicipio":"1009","idProvincia":"08","idCCAA":"09"}}},{"type":"Feature","geometry":{"type":"Point","coordinates":[1.862139,41.750556]},"properties":{"id":"es-1695","source":"ES","brand":"CARREFOUR","address":"CARRETERA MANRESA A BERGA KM. 1","municipality":"Sant Fruitós de Bages","province":"BARCELONA","postalCode":"08272","schedule":"L-D: 24H","fuels":{"gasoline95":1.699,"gasoline98":1.859,"diesel":1.889,"dieselPremium":1.929},"extra":{"saleType":"P","margin":"N","reportingType":"dm","ideess":"1695","idMunicipio":"1075","idProvincia":"08","idCCAA":"09"}}},{"type":"Feature","geometry":{"type":"Point","coordinates":[1.888889,41.6125]},"properties":{"id":"es-1699","source":"ES","brand":"CEPSA","address":"CARRETERA E-9/C-16 KM. 35,500","municipality":"Vacarisses","province":"BARCELONA","postalCode":"08233","schedule":"L-D: 24H","fuels":{"gasoline95":1.784,"gasoline98":1.904,"diesel":1.969,"dieselPremium":2.029},"extra":{"saleType":"P","margin":"I","reportingType":"OM","ideess":"1699","idMunicipio":"1151","idProvincia":"08","idCCAA":"09"}}},{"type":"Feature","geometry":{"type":"Point","coordinates":[1.891361,41.611139]},"properties":{"id":"es-1700","source":"ES","brand":"CEPSA","address":"CARRETERA E-9/C-16 KM. 35,5","municipality":"Vacarisses","province":"BARCELONA","postalCode":"08233","schedule":"L-D: 24H","fuels":{"gasoline95":1.794,"gasoline98":1.904,"diesel":1.979,"dieselPremium":2.039},"extra":{"saleType":"P","margin":"D","reportingType":"OM","ideess":"1700","idMunicipio":"1151","idProvincia":"08","idCCAA":"09"}}},{"type":"Feature","geometry":{"type":"Point","coordinates":[1.945472,41.327611]},"properties":{"id":"es-1701","source":"ES","brand":"BP BEGUES","address":"CARRETERA BV-2041 KM. 8,3","municipality":"Begues","province":"BARCELONA","postalCode":"08859","schedule":"L-D: 06:00-22:00","fuels":{"gasoline95":1.825,"gasoline98":1.965,"diesel":1.909,"dieselPremium":1.999},"extra":{"saleType":"P","margin":"N","reportingType":"OM","ideess":"1701","idMunicipio":"882","idProvincia":"08","idCCAA":"09"}}},{"type":"Feature","geometry":{"type":"Point","coordinates":[1.683139,41.332667]},"properties":{"id":"es-1704","source":"ES","brand":"Q8","address":"POLIGONO CTRA.N-340 SORTIDA 30 -POL.IND.CLOT DE MOJA, S/N","municipality":"Olèrdola","province":"BARCELONA","postalCode":"08734","schedule":"L-D: 24H","fuels":{"gasoline95":1.799,"diesel":1.929},"extra":{"saleType":"P","margin":"N","reportingType":"dm","ideess":"1704","idMunicipio":"1009","idProvincia":"08","idCCAA":"09"}}},{"type":"Feature","geometry":{"type":"Point","coordinates":[1.902972,41.507833]},"properties":{"id":"es-1736","source":"ES","brand":"NIEVES","address":"CALLE HOSTAL DEL PI S/N, S/N","municipality":"Abrera","province":"BARCELONA","postalCode":"08630","schedule":"L-V: 07:00-22:00; S: 08:00-22:00; D: 10:00-22:00","fuels":{"gasoline95":1.719,"gasoline95Premium":1.739,"diesel":1.889,"dieselPremium":1.909,"adblue":0.999},"extra":{"saleType":"P","margin":"N","reportingType":"dm","ideess":"1736","idMunicipio":"861","idProvincia":"08","idCCAA":"09"}}},{"type":"Feature","geometry":{"type":"Point","coordinates":[1.813194,41.249222]},"properties":{"id":"es-1742","source":"ES","brand":"Q8","address":" EIX 2 PARCELA 12-14 - POL.IND. MAS ALBA, ","municipality":"Sitges","province":"BARCELONA","postalCode":"08870","schedule":"L-D: 24H","fuels":{"gasoline95":1.779,"gasoline98":1.869,"diesel":1.899,"dieselPremium":1.969},"extra":{"saleType":"P","margin":"N","reportingType":"dm","ideess":"1742","idMunicipio":"1130","idProvincia":"08","idCCAA":"09"}}},{"type":"Feature","geometry":{"type":"Point","coordinates":[1.969083,41.452611]},"properties":{"id":"es-1750","source":"ES","brand":"Q8","address":"CARRETERA CTRA NACIONAL II (SECTOR 21) PARKING C. COMERCIAL ATRIUM KM. ","municipality":"Sant Andreu de la Barca","province":"BARCELONA","postalCode":"08740","schedule":"L-D: 24H","fuels":{"gasoline95":1.719,"gasoline98":1.799,"diesel":1.799,"dieselPremium":1.869},"extra":{"saleType":"P","margin":"N","reportingType":"dm","ideess":"1750","idMunicipio":"1058","idProvincia":"08","idCCAA":"09"}}},{"type":"Feature","geometry":{"type":"Point","coordinates":[1.149417,41.651917]},"properties":{"id":"es-1760","source":"ES","brand":"PETROLIS INDEPENDENTS - PETRO7","address":"AV. CERVERA ESQ. MESTRE GÜELL  - C.C. CAPRABO","municipality":"Tàrrega","province":"LLEIDA","postalCode":"25300","schedule":"L-D: 24H","fuels":{"gasoline95":1.522,"diesel":1.7,"dieselPremium":1.76},"extra":{"saleType":"P","margin":"N","reportingType":"dm","ideess":"1760","idMunicipio":"3997","idProvincia":"25","idCCAA":"09"}}},{"type":"Feature","geometry":{"type":"Point","coordinates":[1.652389,41.313861]},"properties":{"id":"es-1774","source":"ES","brand":"PINS OIL","address":"POLIGONO PLA DE L'ESTACIO, S/N","municipality":"Santa Margarida i els Monjos","province":"BARCELONA","postalCode":"08730","schedule":"L-V: 04:00-23:00; S-D: 07:00-23:00","fuels":{"gasoline95":1.729,"gasoline98":1.899,"diesel":1.859,"dieselPremium":1.889,"adblue":0.995},"extra":{"saleType":"P","margin":"D","reportingType":"dm","ideess":"1774","idMunicipio":"1117","idProvincia":"08","idCCAA":"09"}}},{"type":"Feature","geometry":{"type":"Point","coordinates":[1.886361,41.543111]},"properties":{"id":"es-1778","source":"ES","brand":"GALP","address":"CALLE COLON, S/N","municipality":"Olesa de Montserrat","province":"BARCELONA","postalCode":"08640","schedule":"L-D: 06:00-22:00","fuels":{"gasoline95":1.684,"gasoline98":1.824,"diesel":1.874,"dieselPremium":1.924},"extra":{"saleType":"P","margin":"N","reportingType":"OM","ideess":"1778","idMunicipio":"1011","idProvincia":"08","idCCAA":"09"}}},{"type":"Feature","geometry":{"type":"Point","coordinates":[1.994222,41.378917]},"properties":{"id":"es-1788","source":"ES","brand":"BP JORDAN","address":"CALLE LLAVEROL ESQ CRTA C-2005, 0","municipality":"Sant Vicenç dels Horts","province":"BARCELONA","postalCode":"08620","schedule":"L-D: 24H","fuels":{"gasoline95":1.789,"gasoline98":1.929,"diesel":1.959,"dieselPremium":2.049,"adblue":0.959},"extra":{"saleType":"P","margin":"N","reportingType":"dm","ideess":"1788","idMunicipio":"1108","idProvincia":"08","idCCAA":"09"}}},{"type":"Feature","geometry":{"type":"Point","coordinates":[1.608444,41.580972]},"properties":{"id":"es-1793","source":"ES","brand":"PETRONOR","address":"AVINGUDA ANGEL GUIMERA, 15","municipality":"Igualada","province":"BARCELONA","postalCode":"08700","schedule":"L-D: 08:00-22:00","fuels":{"gasoline95":1.735,"gasoline98":1.905,"diesel":1.909,"dieselPremium":1.969},"extra":{"saleType":"P","margin":"D","reportingType":"OM","ideess":"1793","idMunicipio":"967","idProvincia":"08","idCCAA":"09"}}},{"type":"Feature","geometry":{"type":"Point","coordinates":[1.730361,41.378417]},"properties":{"id":"es-1810","source":"ES","brand":"REPSOL","address":"CARRETERA C-243 KM. 7,5","municipality":"Granada (La)","province":"BARCELONA","postalCode":"08792","schedule":"L-D: 06:00-22:00","fuels":{"gasoline95":1.819,"gasoline98":1.969,"diesel":1.919,"dieselPremium":1.959,"dieselB":1.619,"adblue":0.899},"extra":{"saleType":"P","margin":"D","reportingType":"dm","ideess":"1810","idMunicipio":"959","idProvincia":"08","idCCAA":"09"}}},{"type":"Feature","geometry":{"type":"Point","coordinates":[1.730583,41.377889]},"properties":{"id":"es-1811","source":"ES","brand":"REPSOL","address":"CARRETERA VILAFRANCA A SANT SADURNI D'ANOIA KM. 7,5","municipality":"Granada (La)","province":"BARCELONA","postalCode":"08792","schedule":"L-D: 24H","fuels":{"gasoline95":1.819,"gasoline98":1.969,"diesel":1.919,"dieselPremium":1.959},"extra":{"saleType":"P","margin":"I","reportingType":"dm","ideess":"1811","idMunicipio":"959","idProvincia":"08","idCCAA":"09"}}},{"type":"Feature","geometry":{"type":"Point","coordinates":[1.201,41.661917]},"properties":{"id":"es-1812","source":"ES","brand":"DST","address":"AUTOVÍA N.II.(CERCA ITV) (AUTOV? N.II.(CERCA ITV) km 512,9)","municipality":"Granyanella","province":"LLEIDA","postalCode":"25218","schedule":"L-D: 24H","fuels":{"gasoline95":1.669,"diesel":1.769,"dieselPremium":1.829,"dieselB":1.574,"adblue":0.829},"extra":{"saleType":"P","margin":"D","reportingType":"dm","ideess":"1812","idMunicipio":"3896","idProvincia":"25","idCCAA":"09"}}},{"type":"Feature","geometry":{"type":"Point","coordinates":[1.632,41.595833]},"properties":{"id":"es-1816","source":"ES","brand":"REPSOL","address":"AVENIDA EUROPA, 26","municipality":"Igualada","province":"BARCELONA","postalCode":"08700","schedule":"L-D: 07:00-22:00","fuels":{"gasoline95":1.775,"gasoline98":1.925,"diesel":1.969,"dieselRenewable":2.059,"lpg":1.145,"adblue":0.98},"extra":{"saleType":"P","margin":"D","reportingType":"dm","ideess":"1816","idMunicipio":"967","idProvincia":"08","idCCAA":"09"}}},{"type":"Feature","geometry":{"type":"Point","coordinates":[1.211083,41.666028]},"properties":{"id":"es-1826","source":"ES","brand":"REPSOL","address":"AUTOVIA A-II KM. 513,8","municipality":"Granyanella","province":"LLEIDA","postalCode":"25218","schedule":"L-D: 24H","fuels":{"gasoline95":1.825,"gasoline98":1.995,"diesel":1.925,"dieselRenewable":2.025,"lpg":1.25,"adblue":0.95},"extra":{"saleType":"P","margin":"I","reportingType":"dm","ideess":"1826","idMunicipio":"3896","idProvincia":"25","idCCAA":"09"}}},{"type":"Feature","geometry":{"type":"Point","coordinates":[1.679778,41.536889]},"properties":{"id":"es-1829","source":"ES","brand":"PETRONOR","address":"CARRER VILANOVA IGUALADA, 8,3","municipality":"Torre de Claramunt (La)","province":"BARCELONA","postalCode":"08789","schedule":"L-D: 06:00-22:00","fuels":{"gasoline95":1.735,"gasoline98":1.855,"diesel":1.915,"dieselPremium":1.975},"extra":{"saleType":"P","margin":"D","reportingType":"OM","ideess":"1829","idMunicipio":"1146","idProvincia":"08","idCCAA":"09"}}},{"type":"Feature","geometry":{"type":"Point","coordinates":[1.990278,41.540861]},"properties":{"id":"es-1844","source":"ES","brand":"REPSOL","address":"CARRETERA C-243 KM. 10,9","municipality":"Terrassa","province":"BARCELONA","postalCode":"08224","schedule":"L-D: 24H","fuels":{"gasoline95":1.765,"gasoline98":1.935,"diesel":1.959,"dieselRenewable":2.079},"extra":{"saleType":"P","margin":"D","reportingType":"OM","ideess":"1844","idMunicipio":"1141","idProvincia":"08","idCCAA":"09"}}},{"type":"Feature","geometry":{"type":"Point","coordinates":[1.735833,41.228278]},"properties":{"id":"es-1845","source":"ES","brand":"GALP","address":"AVINGUDA EDUARDO TOLDRA, 67","municipality":"Vilanova i la Geltrú","province":"BARCELONA","postalCode":"08800","schedule":"L-D: 06:00-22:00","fuels":{"gasoline95":1.739,"gasoline98":1.879,"diesel":1.859,"dieselPremium":1.909,"lpg":1.105},"extra":{"saleType":"P","margin":"N","reportingType":"OM","ideess":"1845","idMunicipio":"1167","idProvincia":"08","idCCAA":"09"}}},{"type":"Feature","geometry":{"type":"Point","coordinates":[1.704667,41.401694]},"properties":{"id":"es-1846","source":"ES","brand":"MEROIL","address":"CARRETERA C-15 KM. 21,5","municipality":"Pla del Penedès (El)","province":"BARCELONA","postalCode":"08733","schedule":"L-D: 24H","fuels":{"gasoline95":1.852,"gasoline98":1.981,"diesel":1.972,"dieselPremium":2.005,"adblue":0.955},"extra":{"saleType":"P","margin":"D","reportingType":"dm","ideess":"1846","idMunicipio":"1029","idProvincia":"08","idCCAA":"09"}}},{"type":"Feature","geometry":{"type":"Point","coordinates":[1.899389,41.809889]},"properties":{"id":"es-1852","source":"ES","brand":"SALLENT DE SERVEIS, S.L.","address":"PLAZA LACETANIA, 44","municipality":"Sallent","province":"BARCELONA","postalCode":"08650","schedule":"L-D: 24H","fuels":{"gasoline95":1.609,"diesel":1.719},"extra":{"saleType":"P","margin":"D","reportingType":"dm","ideess":"1852","idMunicipio":"1055","idProvincia":"08","idCCAA":"09"}}},{"type":"Feature","geometry":{"type":"Point","coordinates":[1.723917,41.283306]},"properties":{"id":"es-1853","source":"ES","brand":"MOEVE","address":"CARRETERA C-31 KM. 6,101","municipality":"Canyelles","province":"BARCELONA","postalCode":"08811","schedule":"L-D: 06:00-22:00","fuels":{"gasoline95":1.824,"gasoline98":1.944,"diesel":1.999,"dieselPremium":2.069},"extra":{"saleType":"P","margin":"I","reportingType":"dm","ideess":"1853","idMunicipio":"905","idProvincia":"08","idCCAA":"09"}}},{"type":"Feature","geometry":{"type":"Point","coordinates":[1.810333,41.738139]},"properties":{"id":"es-1854","source":"ES","brand":"PETROCAT","address":"CARRETERA C-37 KM. 95,39","municipality":"Manresa","province":"BARCELONA","postalCode":"08240","schedule":"L-D: 06:00-22:00","fuels":{"gasoline95":1.795,"gasoline98":1.915,"diesel":1.935,"dieselPremium":1.995,"lpg":1.149},"extra":{"saleType":"P","margin":"D","reportingType":"OM","ideess":"1854","idMunicipio":"978","idProvincia":"08","idCCAA":"09"}}},{"type":"Feature","geometry":{"type":"Point","coordinates":[1.999861,41.796528]},"properties":{"id":"es-1857","source":"ES","brand":"ES CALDERS","address":"CARRETERA N-143 TRAMO C (MANRESA A VIC) KM. 18,42","municipality":"Calders","province":"BARCELONA","postalCode":"08275","schedule":"L-D: 24H","fuels":{"gasoline95":1.679,"diesel":1.898},"extra":{"saleType":"P","margin":"I","reportingType":"dm","ideess":"1857","idMunicipio":"894","idProvincia":"08","idCCAA":"09"}}},{"type":"Feature","geometry":{"type":"Point","coordinates":[1.991972,41.555889]},"properties":{"id":"es-1865","source":"ES","brand":"GALP","address":"CARRETERA D'OLESA KM. 240","municipality":"Terrassa","province":"BARCELONA","postalCode":"08224","schedule":"L-D: 24H","fuels":{"gasoline95":1.754,"gasoline95Premium":1.804,"diesel":1.944,"dieselPremium":1.994,"lpg":1.119,"adblue":0.799},"extra":{"saleType":"P","margin":"N","reportingType":"OM","ideess":"1865","idMunicipio":"1141","idProvincia":"08","idCCAA":"09"}}},{"type":"Feature","geometry":{"type":"Point","coordinates":[1.526806,41.733111]},"properties":{"id":"es-1995","source":"ES","brand":"BONAREA","address":"POLIG. IND. LES GARRIGUES, 24, C. BON AREA","municipality":"Calaf","province":"BARCELONA","postalCode":"08280","schedule":"L-D: 24H","fuels":{"gasoline95":1.524,"diesel":1.702,"adblue":0.499},"extra":{"saleType":"P","margin":"N","reportingType":"dm","ideess":"1995","idMunicipio":"893","idProvincia":"08","idCCAA":"09"}}},{"type":"Feature","geometry":{"type":"Point","coordinates":[1.193528,41.906833]},"properties":{"id":"es-1999","source":"ES","brand":"BONAREA","address":"POL. IND., C/PONENT, S/N","municipality":"Ponts","province":"LLEIDA","postalCode":"25740","schedule":"L-D: 24H","fuels":{"gasoline95":1.526,"diesel":1.704,"adblue":0.499},"extra":{"saleType":"P","margin":"N","reportingType":"dm","ideess":"1999","idMunicipio":"3958","idProvincia":"25","idCCAA":"09"}}},{"type":"Feature","geometry":{"type":"Point","coordinates":[1.263944,41.673139]},"properties":{"id":"es-2000","source":"ES","brand":"BONAREA","address":"CENTRO BONAREA, C/URGELL,S/N","municipality":"Cervera","province":"LLEIDA","postalCode":"25200","schedule":"L-D: 24H","fuels":{"gasoline95":1.525,"diesel":1.703,"adblue":0.499},"extra":{"saleType":"P","margin":"N","reportingType":"dm","ideess":"2000","idMunicipio":"3867","idProvincia":"25","idCCAA":"09"}}},{"type":"Feature","geometry":{"type":"Point","coordinates":[1.513667,41.729722]},"properties":{"id":"es-2001","source":"ES","brand":"(SIN RÓTULO)","address":"CARRETERA MANRESA A ST. GUIM, KM. 32,400","municipality":"Calaf","province":"BARCELONA","postalCode":"08280","schedule":"L-V: 07:00-21:30; S: 08:00-14:00 y 17:00-21:30; D: 09:00-14:00","fuels":{"gasoline95":1.579,"gasoline98":1.725,"diesel":1.727,"dieselPremium":1.752,"dieselB":1.415},"extra":{"saleType":"P","margin":"N","reportingType":"dm","ideess":"2001","idMunicipio":"893","idProvincia":"08","idCCAA":"09"}}},{"type":"Feature","geometry":{"type":"Point","coordinates":[1.071278,41.162944]},"properties":{"id":"es-2002","source":"ES","brand":"ENTREAUTO","address":"APEL·LES MESTRES 44-46","municipality":"Reus","province":"TARRAGONA","postalCode":"43206","schedule":"L-D: 24H","fuels":{"gasoline95":1.639,"gasoline98":1.739,"diesel":1.779,"adblue":0.6},"extra":{"saleType":"P","margin":"N","reportingType":"dm","ideess":"2002","idMunicipio":"6467","idProvincia":"43","idCCAA":"09"}}},{"type":"Feature","geometry":{"type":"Point","coordinates":[1.61125,41.590778]},"properties":{"id":"es-2004","source":"ES","brand":"MEROIL, S.L.","address":"AVINGUDA MESTRE MUNTANER, ","municipality":"Igualada","province":"BARCELONA","postalCode":"08700","schedule":"L-D: 06:00-23:00","fuels":{"gasoline95":1.768,"gasoline98":1.916,"diesel":1.958,"dieselPremium":2.048},"extra":{"saleType":"P","margin":"D","reportingType":"dm","ideess":"2004","idMunicipio":"967","idProvincia":"08","idCCAA":"09"}}},{"type":"Feature","geometry":{"type":"Point","coordinates":[1.26975,41.67525]},"properties":{"id":"es-2011","source":"ES","brand":"PETROLIS INDEPENDENTS","address":"AVENIDA AGRAMUNT.POL.INDUSTRIAL, 1","municipality":"Cervera","province":"LLEIDA","postalCode":"25200","schedule":"L-V: 08:00-20:30","fuels":{"gasoline95":1.533,"diesel":1.713,"dieselPremium":1.773},"extra":{"saleType":"P","margin":"N","reportingType":"dm","ideess":"2011","idMunicipio":"3867","idProvincia":"25","idCCAA":"09"}}},{"type":"Feature","geometry":{"type":"Point","coordinates":[1.133472,41.662778]},"properties":{"id":"es-2014","source":"ES","brand":"PETROMIRALLES","address":"PG IND. LA CANALETA S/N (BARCELONA-MADRID km 507)","municipality":"Tàrrega","province":"LLEIDA","postalCode":"25300","schedule":"L-D: 24H","fuels":{"gasoline95":1.689,"diesel":1.719,"dieselPremium":1.749,"dieselB":1.659,"adblue":0.789},"extra":{"saleType":"P","margin":"N","reportingType":"dm","ideess":"2014","idMunicipio":"3997","idProvincia":"25","idCCAA":"09"}}},{"type":"Feature","geometry":{"type":"Point","coordinates":[1.197528,41.76]},"properties":{"id":"es-2015","source":"ES","brand":"BONAREA","address":"C/ SANTA MAGDALENA, S/N","municipality":"Plans de Sió (Els)","province":"LLEIDA","postalCode":"25212","schedule":"L-D: 24H","fuels":{"diesel":1.703,"dieselB":1.393,"adblue":0.499},"extra":{"saleType":"P","margin":"N","reportingType":"dm","ideess":"2015","idMunicipio":"3952","idProvincia":"25","idCCAA":"09"}}},{"type":"Feature","geometry":{"type":"Point","coordinates":[1.079,41.656861]},"properties":{"id":"es-2018","source":"ES","brand":"BONAREA","address":"PTDA. LES ERES, 4","municipality":"Anglesola","province":"LLEIDA","postalCode":"25320","schedule":"L-D: 24H","fuels":{"diesel":1.703,"dieselB":1.394},"extra":{"saleType":"P","margin":"N","reportingType":"dm","ideess":"2018","idMunicipio":"3828","idProvincia":"25","idCCAA":"09"}}},{"type":"Feature","geometry":{"type":"Point","coordinates":[1.104639,41.782056]},"properties":{"id":"es-2019","source":"ES","brand":"BONAREA","address":"CENTRO  BONAREA, AVDA. GENERALITAT 10, (P. IND. NAVESMA)","municipality":"Agramunt","province":"LLEIDA","postalCode":"25310","schedule":"L-D: 24H","fuels":{"gasoline95":1.526,"diesel":1.704,"adblue":0.499},"extra":{"saleType":"P","margin":"N","reportingType":"dm","ideess":"2019","idMunicipio":"3806","idProvincia":"25","idCCAA":"09"}}},{"type":"Feature","geometry":{"type":"Point","coordinates":[1.095056,41.121972]},"properties":{"id":"es-2026","source":"ES","brand":"REPSOL","address":"CARRETERA C-3141 KM. 5","municipality":"Reus","province":"TARRAGONA","postalCode":"43206","schedule":"L-D: 06:00-22:00","fuels":{"gasoline95":1.789,"gasoline98":1.959,"diesel":1.895,"dieselPremium":2.005},"extra":{"saleType":"P","margin":"I","reportingType":"OM","ideess":"2026","idMunicipio":"6467","idProvincia":"43","idCCAA":"09"}}},{"type":"Feature","geometry":{"type":"Point","coordinates":[1.694417,41.341194]},"properties":{"id":"es-2028","source":"ES","brand":"BENZINERES MONTOIL","address":"AVINGUDA TARRAGONA, 107","municipality":"Vilafranca del Penedès","province":"BARCELONA","postalCode":"08720","schedule":"L-D: 24H","fuels":{"gasoline95":1.839,"gasoline98":1.969,"diesel":1.979,"dieselPremium":2.029},"extra":{"saleType":"P","margin":"N","reportingType":"dm","ideess":"2028","idMunicipio":"1162","idProvincia":"08","idCCAA":"09"}}},{"type":"Feature","geometry":{"type":"Point","coordinates":[1.387667,41.536694]},"properties":{"id":"es-2029","source":"ES","brand":"COPERAL","address":"CARRETERA IGUALADA KM. S/N","municipality":"Santa Coloma de Queralt","province":"TARRAGONA","postalCode":"43420","schedule":"L-D: 24H","fuels":{"gasoline95":1.579,"diesel":1.729,"dieselB":1.404,"adblue":0.6},"extra":{"saleType":"P","margin":"N","reportingType":"dm","ideess":"2029","idMunicipio":"6485","idProvincia":"43","idCCAA":"09"}}},{"type":"Feature","geometry":{"type":"Point","coordinates":[1.687583,41.338944]},"properties":{"id":"es-2033","source":"ES","brand":"PETROMIRALLES","address":"CALLE LA MUNIA, 2","municipality":"Vilafranca del Penedès","province":"BARCELONA","postalCode":"08720","schedule":"L-D: 24H","fuels":{"gasoline95":1.589,"diesel":1.719,"dieselPremium":1.749,"dieselB":1.659,"lpg":1.099,"adblue":0.789},"extra":{"saleType":"P","margin":"N","reportingType":"dm","ideess":"2033","idMunicipio":"1162","idProvincia":"08","idCCAA":"09"}}},{"type":"Feature","geometry":{"type":"Point","coordinates":[1.622333,41.589056]},"properties":{"id":"es-2035","source":"ES","brand":"PETROMIRALLES","address":"CALLE GUIMARAES, S/N","municipality":"Igualada","province":"BARCELONA","postalCode":"08700","schedule":"L-D: 24H","fuels":{"gasoline95":1.589,"gasoline95E85":2.129,"diesel":1.709,"dieselPremium":1.739,"adblue":0.789},"extra":{"saleType":"P","margin":"N","reportingType":"dm","ideess":"2035","idMunicipio":"967","idProvincia":"08","idCCAA":"09"}}},{"type":"Feature","geometry":{"type":"Point","coordinates":[1.99725,41.402944]},"properties":{"id":"es-2041","source":"ES","brand":"PETROMIRALLES","address":"CALLE A, 31","municipality":"Sant Vicenç dels Horts","province":"BARCELONA","postalCode":"08620","schedule":"L-D: 24H","fuels":{"gasoline95":1.649,"gasoline98":1.749,"diesel":1.769,"dieselPremium":1.799,"adblue":0.789},"extra":{"saleType":"P","margin":"N","reportingType":"dm","ideess":"2041","idMunicipio":"1108","idProvincia":"08","idCCAA":"09"}}},{"type":"Feature","geometry":{"type":"Point","coordinates":[1.287806,41.789361]},"properties":{"id":"es-2049","source":"ES","brand":"BONAREA","address":"AVDA. VERGE DEL CLAUSTRE, 32","municipality":"Guissona","province":"LLEIDA","postalCode":"25210","schedule":"L-D: 24H","fuels":{"diesel":1.703,"dieselB":1.393,"adblue":0.499},"extra":{"saleType":"P","margin":"N","reportingType":"dm","ideess":"2049","idMunicipio":"3901","idProvincia":"25","idCCAA":"09"}}},{"type":"Feature","geometry":{"type":"Point","coordinates":[1.736861,41.221667]},"properties":{"id":"es-2053","source":"ES","brand":"ALCAMPO","address":"CALLE METALURGIA, 4","municipality":"Vilanova i la Geltrú","province":"BARCELONA","postalCode":"08800","schedule":"L-D: 24H","fuels":{"gasoline95":1.568,"gasoline98":1.688,"diesel":1.708,"dieselPremium":1.758},"extra":{"saleType":"P","margin":"N","reportingType":"dm","ideess":"2053","idMunicipio":"1167","idProvincia":"08","idCCAA":"09"}}},{"type":"Feature","geometry":{"type":"Point","coordinates":[1.881222,41.528278]},"properties":{"id":"es-2079","source":"ES","brand":"REPSOL","address":"CR A-2, 581,5","municipality":"Esparreguera","province":"BARCELONA","postalCode":"08292","schedule":"L-D: 24H","fuels":{"gasoline95":1.795,"gasoline98":1.915,"diesel":1.965,"dieselB":1.675,"dieselRenewable":2.085,"lpg":1.149},"extra":{"saleType":"P","margin":"I","reportingType":"OM","ideess":"2079","idMunicipio":"940","idProvincia":"08","idCCAA":"09"}}},{"type":"Feature","geometry":{"type":"Point","coordinates":[1.854667,41.484778]},"properties":{"id":"es-2085","source":"ES","brand":"REPSOL","address":"CARRETERA B-224 KM. 20,8","municipality":"Sant Llorenç d'Hortons","province":"BARCELONA","postalCode":"08791","schedule":"L-V: 06:00-22:00; S-D: 07:00-22:00","fuels":{"gasoline95":1.755,"gasoline98":1.925,"diesel":1.929,"dieselPremium":1.989},"extra":{"saleType":"P","margin":"D","reportingType":"OM","ideess":"2085","idMunicipio":"1084","idProvincia":"08","idCCAA":"09"}}},{"type":"Feature","geometry":{"type":"Point","coordinates":[1.817083,41.726389]},"properties":{"id":"es-2086","source":"ES","brand":"HICAP ENERGY","address":"CALLE CR. CARDONA, 80/82","municipality":"Manresa","province":"BARCELONA","postalCode":"08240","schedule":"L: 24H","fuels":{"gasoline95":1.629,"gasoline98":1.829,"diesel":1.749,"dieselPremium":1.799},"extra":{"saleType":"P","margin":"N","reportingType":"dm","ideess":"2086","idMunicipio":"978","idProvincia":"08","idCCAA":"09"}}},{"type":"Feature","geometry":{"type":"Point","coordinates":[1.793306,41.700722]},"properties":{"id":"es-2208","source":"ES","brand":"REPSOL","address":"CARRETERA C-37 KM. 78,48","municipality":"Sant Salvador de Guardiola","province":"BARCELONA","postalCode":"08253","schedule":"L-D: 06:00-22:00","fuels":{"gasoline95":1.809,"gasoline98":1.969,"diesel":1.899,"dieselB":1.689,"dieselRenewable":1.969},"extra":{"saleType":"P","margin":"D","reportingType":"dm","ideess":"2208","idMunicipio":"1104","idProvincia":"08","idCCAA":"09"}}},{"type":"Feature","geometry":{"type":"Point","coordinates":[1.840028,41.758083]},"properties":{"id":"es-2243","source":"ES","brand":"REPSOL","address":"CARRETERA DE SANTPEDOR KM. 3,5","municipality":"Sant Fruitós de Bages","province":"BARCELONA","postalCode":"08272","schedule":"L-V: 06:00-22:00","fuels":{"gasoline95":1.789,"gasoline98":1.909,"diesel":1.929,"dieselRenewable":2.049},"extra":{"saleType":"P","margin":"I","reportingType":"OM","ideess":"2243","idMunicipio":"1075","idProvincia":"08","idCCAA":"09"}}},{"type":"Feature","geometry":{"type":"Point","coordinates":[1.636806,41.578361]},"properties":{"id":"es-2285","source":"ES","brand":"PETRONOR","address":"CARRETERA N-2 KM. 555","municipality":"Òdena","province":"BARCELONA","postalCode":"08711","schedule":"L-D: 06:00-22:00","fuels":{"gasoline95":1.735,"gasoline95Premium":1.805,"gasoline98":1.855,"diesel":1.915,"dieselRenewable":2.035},"extra":{"saleType":"P","margin":"I","reportingType":"OM","ideess":"2285","idMunicipio":"1008","idProvincia":"08","idCCAA":"09"}}},{"type":"Feature","geometry":{"type":"Point","coordinates":[1.881472,41.773139]},"properties":{"id":"es-2292","source":"ES","brand":"REPSOL","address":"AUTOVIA C 16 , 35,6 KM. 35,6","municipality":"Sant Fruitós de Bages","province":"BARCELONA","postalCode":"08272","schedule":"L-D: 06:00-22:00","fuels":{"gasoline95":1.769,"gasoline98":1.889,"diesel":1.939,"dieselPremium":1.999},"extra":{"saleType":"P","margin":"D","reportingType":"OM","ideess":"2292","idMunicipio":"1075","idProvincia":"08","idCCAA":"09"}}},{"type":"Feature","geometry":{"type":"Point","coordinates":[1.927778,41.475167]},"properties":{"id":"es-2301","source":"ES","brand":"REPSOL","address":"CL PAU CLARIS, 13","municipality":"Martorell","province":"BARCELONA","postalCode":"08760","schedule":"L-D: 24H","fuels":{"gasoline95":1.789,"gasoline98":1.899,"diesel":1.945,"dieselRenewable":2.065},"extra":{"saleType":"P","margin":"D","reportingType":"OM","ideess":"2301","idMunicipio":"980","idProvincia":"08","idCCAA":"09"}}},{"type":"Feature","geometry":{"type":"Point","coordinates":[1.973528,41.27525]},"properties":{"id":"es-2304","source":"ES","brand":"REPSOL","address":"AVENIDA 303, 1","municipality":"Castelldefels","province":"BARCELONA","postalCode":"08860","schedule":"L-D: 06:00-22:00","fuels":{"gasoline95":1.815,"gasoline98":1.935,"diesel":1.939,"dieselRenewable":2.059},"extra":{"saleType":"P","margin":"D","reportingType":"OM","ideess":"2304","idMunicipio":"919","idProvincia":"08","idCCAA":"09"}}},{"type":"Feature","geometry":{"type":"Point","coordinates":[1.913083,41.489222]},"properties":{"id":"es-2312","source":"ES","brand":"PETRONOR","address":"CARRETERA N-2 KM. 593,5","municipality":"Martorell","province":"BARCELONA","postalCode":"08760","schedule":"L-V: 06:00-21:00; S: 08:00-13:00","fuels":{"gasoline95":1.775,"gasoline98":1.945,"diesel":1.945,"dieselPremium":2.005},"extra":{"saleType":"P","margin":"I","reportingType":"OM","ideess":"2312","idMunicipio":"980","idProvincia":"08","idCCAA":"09"}}},{"type":"Feature","geometry":{"type":"Point","coordinates":[1.726111,41.239028]},"properties":{"id":"es-2313","source":"ES","brand":"CEPSA","address":"AVENIDA VILAFRANCA, S/N","municipality":"Vilanova i la Geltrú","province":"BARCELONA","postalCode":"08800","schedule":"L-V: 06:30-22:00; S-D: 07:00-21:00","fuels":{"gasoline95":1.789,"diesel":1.924,"dieselPremium":2.014},"extra":{"saleType":"P","margin":"I","reportingType":"dm","ideess":"2313","idMunicipio":"1167","idProvincia":"08","idCCAA":"09"}}},{"type":"Feature","geometry":{"type":"Point","coordinates":[1.138806,41.639833]},"properties":{"id":"es-2314","source":"ES","brand":"REPSOL","address":"CARRETERA C-240 KM. 29","municipality":"Tàrrega","province":"LLEIDA","postalCode":"25300","schedule":"L-D: 24H","fuels":{"gasoline95":1.749,"gasoline98":1.919,"diesel":1.929,"dieselRenewable":2.029},"extra":{"saleType":"P","margin":"I","reportingType":"dm","ideess":"2314","idMunicipio":"3997","idProvincia":"25","idCCAA":"09"}}},{"type":"Feature","geometry":{"type":"Point","coordinates":[1.880222,41.552278]},"properties":{"id":"es-2326","source":"ES","brand":"REPSOL","address":"CARRETERA C-55 KM. 6,39","municipality":"Olesa de Montserrat","province":"BARCELONA","postalCode":"08640","schedule":"L-D: 06:00-22:00","fuels":{"gasoline95":1.785,"gasoline98":1.955,"diesel":1.975,"dieselRenewable":2.095},"extra":{"saleType":"P","margin":"D","reportingType":"OM","ideess":"2326","idMunicipio":"1011","idProvincia":"08","idCCAA":"09"}}},{"type":"Feature","geometry":{"type":"Point","coordinates":[1.962917,41.414028]},"properties":{"id":"es-2334","source":"ES","brand":"REPSOL","address":"AVENIDA CATALUÑA 135-137","municipality":"Palma de Cervelló (La)","province":"BARCELONA","postalCode":"08756","schedule":"L-D: 06:00-22:00","fuels":{"gasoline95":1.815,"gasoline98":1.935,"diesel":1.965,"dieselRenewable":2.085},"extra":{"saleType":"P","margin":"I","reportingType":"OM","ideess":"2334","idMunicipio":"1023","idProvincia":"08","idCCAA":"09"}}},{"type":"Feature","geometry":{"type":"Point","coordinates":[1.948361,41.464778]},"properties":{"id":"es-2340","source":"ES","brand":"MOEVE","address":"CR N-2, 591,3","municipality":"Martorell","province":"BARCELONA","postalCode":"08760","schedule":"L-D: 06:00-22:00","fuels":{"gasoline95":1.784,"gasoline95Premium":1.889,"diesel":1.989,"dieselPremium":2.059,"lpg":1.119},"extra":{"saleType":"P","margin":"D","reportingType":"OM","ideess":"2340","idMunicipio":"980","idProvincia":"08","idCCAA":"09"}}},{"type":"Feature","geometry":{"type":"Point","coordinates":[1.967583,41.562278]},"properties":{"id":"es-2342","source":"ES","brand":"REPSOL","address":"CR BP-1213, 1,8 (BP-1213 km 1,85)","municipality":"Viladecavalls","province":"BARCELONA","postalCode":"08232","schedule":"L-D: 06:00-22:00","fuels":{"gasoline95":1.775,"gasoline98":1.935,"diesel":1.959,"dieselRenewable":2.079},"extra":{"saleType":"P","margin":"D","reportingType":"OM","ideess":"2342","idMunicipio":"1161","idProvincia":"08","idCCAA":"09"}}},{"type":"Feature","geometry":{"type":"Point","coordinates":[1.629278,41.576472]},"properties":{"id":"es-2349","source":"ES","brand":"REPSOL","address":"AVINGUDA MONTSERRAT, 2","municipality":"Igualada","province":"BARCELONA","postalCode":"08700","schedule":"L-D: 06:00-22:00","fuels":{"gasoline95":1.735,"gasoline95Premium":1.795,"gasoline98":1.905,"diesel":1.909,"dieselPremium":1.969},"extra":{"saleType":"P","margin":"D","reportingType":"OM","ideess":"2349","idMunicipio":"967","idProvincia":"08","idCCAA":"09"}}},{"type":"Feature","geometry":{"type":"Point","coordinates":[1.874917,41.532194]},"properties":{"id":"es-2418","source":"ES","brand":"BP PARADA LA CREU","address":"AVENIDA FRANCISCO MARIMON, 121","municipality":"Esparreguera","province":"BARCELONA","postalCode":"08292","schedule":"L-D: 06:00-22:00","fuels":{"gasoline95":1.785,"gasoline98":1.925,"diesel":1.955,"dieselPremium":2.045},"extra":{"saleType":"P","margin":"N","reportingType":"OM","ideess":"2418","idMunicipio":"940","idProvincia":"08","idCCAA":"09"}}},{"type":"Feature","geometry":{"type":"Point","coordinates":[1.698917,41.907278]},"properties":{"id":"es-2419","source":"ES","brand":"VILALTA","address":"CARRETERA C-1410A KM. 29","municipality":"Cardona","province":"BARCELONA","postalCode":"08261","schedule":"L-D: 07:00-21:00","fuels":{"gasoline95":1.639,"gasoline98":1.789,"diesel":1.769,"dieselPremium":1.799,"dieselB":1.45},"extra":{"saleType":"P","margin":"D","reportingType":"dm","ideess":"2419","idMunicipio":"909","idProvincia":"08","idCCAA":"09"}}},{"type":"Feature","geometry":{"type":"Point","coordinates":[1.778861,41.256]},"properties":{"id":"es-2426","source":"ES","brand":"REPSOL","address":"CARRETERA B-211 KM. 8","municipality":"Sant Pere de Ribes","province":"BARCELONA","postalCode":"08810","schedule":"L-D: 06:00-22:00","fuels":{"gasoline95":1.805,"gasoline98":1.925,"diesel":1.919,"dieselRenewable":2.039},"extra":{"saleType":"P","margin":"D","reportingType":"OM","ideess":"2426","idMunicipio":"1092","idProvincia":"08","idCCAA":"09"}}},{"type":"Feature","geometry":{"type":"Point","coordinates":[1.094528,41.782]},"properties":{"id":"es-2434","source":"ES","brand":"CEPSA","address":"C-240 km 89","municipality":"Agramunt","province":"LLEIDA","postalCode":"25310","schedule":"L-D: 07:00-22:00","fuels":{"gasoline95":1.825,"diesel":1.935,"dieselPremium":2.015,"dieselB":1.639,"adblue":1.049},"extra":{"saleType":"P","margin":"D","reportingType":"dm","ideess":"2434","idMunicipio":"3806","idProvincia":"25","idCCAA":"09"}}},{"type":"Feature","geometry":{"type":"Point","coordinates":[1.850222,41.636833]},"properties":{"id":"es-2442","source":"ES","brand":"REPSOL","address":"CARRETERA CR CM-1411 ABRERA-BELLVER KM. 17,1","municipality":"Castellbell i el Vilar","province":"BARCELONA","postalCode":"08296","schedule":"L-D: 06:00-22:00","fuels":{"gasoline95":1.779,"gasoline98":1.949,"diesel":1.949,"dieselPremium":2.009},"extra":{"saleType":"P","margin":"I","reportingType":"OM","ideess":"2442","idMunicipio":"916","idProvincia":"08","idCCAA":"09"}}},{"type":"Feature","geometry":{"type":"Point","coordinates":[1.103222,41.647111]},"properties":{"id":"es-2443","source":"ES","brand":"REPSOL","address":"CARRETERA A-2 KM. 504","municipality":"Vilagrassa","province":"LLEIDA","postalCode":"25330","schedule":"L-V: 06:00-22:00","fuels":{"gasoline95":1.739,"gasoline98":1.909,"diesel":1.909,"dieselPremium":1.969},"extra":{"saleType":"P","margin":"D","reportingType":"dm","ideess":"2443","idMunicipio":"4024","idProvincia":"25","idCCAA":"09"}}},{"type":"Feature","geometry":{"type":"Point","coordinates":[1.261056,41.670972]},"properties":{"id":"es-2447","source":"ES","brand":"REPSOL","address":"CARRETERA N-II KM. 518","municipality":"Cervera","province":"LLEIDA","postalCode":"25200","schedule":"L: 06:00-22:00","fuels":{"gasoline95":1.819,"gasoline98":1.999,"diesel":1.949,"dieselPremium":2.04},"extra":{"saleType":"P","margin":"D","reportingType":"dm","ideess":"2447","idMunicipio":"3867","idProvincia":"25","idCCAA":"09"}}},{"type":"Feature","geometry":{"type":"Point","coordinates":[1.827417,41.238528]},"properties":{"id":"es-2449","source":"ES","brand":"REPSOL","address":"CR C-31, 164,38","municipality":"Sitges","province":"BARCELONA","postalCode":"08870","schedule":"L-D: 24H","fuels":{"gasoline95":1.815,"gasoline95Premium":1.875,"gasoline98":1.925,"diesel":1.915,"dieselRenewable":2.035,"lpg":1.125},"extra":{"saleType":"P","margin":"D","reportingType":"OM","ideess":"2449","idMunicipio":"1130","idProvincia":"08","idCCAA":"09"}}},{"type":"Feature","geometry":{"type":"Point","coordinates":[1.927528,41.38275]},"properties":{"id":"es-2452","source":"ES","brand":"REPSOL","address":"CL MAYOR, 610","municipality":"Vallirana","province":"BARCELONA","postalCode":"08759","schedule":"L-D: 06:00-22:00","fuels":{"gasoline95":1.799,"gasoline98":1.919,"diesel":1.969,"dieselRenewable":2.089,"lpg":1.115},"extra":{"saleType":"P","margin":"D","reportingType":"OM","ideess":"2452","idMunicipio":"1155","idProvincia":"08","idCCAA":"09"}}},{"type":"Feature","geometry":{"type":"Point","coordinates":[1.878111,41.903861]},"properties":{"id":"es-2460","source":"ES","brand":"PETROCAT","address":"CARRETERA C-16 KM. 73,47","municipality":"Navàs","province":"BARCELONA","postalCode":"08670","schedule":"L-D: 06:00-22:00","fuels":{"gasoline95":1.749,"gasoline98":1.869,"diesel":1.945,"dieselPremium":2.005},"extra":{"saleType":"P","margin":"I","reportingType":"OM","ideess":"2460","idMunicipio":"1006","idProvincia":"08","idCCAA":"09"}}},{"type":"Feature","geometry":{"type":"Point","coordinates":[1.528528,41.99425]},"properties":{"id":"es-2461","source":"ES","brand":"REPSOL","address":"CARRETERA CTRA. DE MANRESA S/N KM. ","municipality":"Solsona","province":"LLEIDA","postalCode":"25280","schedule":"L-D: 24H","fuels":{"gasoline95":1.789,"gasoline98":1.909,"diesel":1.939,"dieselPremium":1.999,"dieselB":1.599},"extra":{"saleType":"P","margin":"D","reportingType":"OM","ideess":"2461","idMunicipio":"3989","idProvincia":"25","idCCAA":"09"}}},{"type":"Feature","geometry":{"type":"Point","coordinates":[1.676111,41.552611]},"properties":{"id":"es-2464","source":"ES","brand":"CAMPSA","address":"AVENIDA CATALUÑA, 1","municipality":"Pobla de Claramunt (La)","province":"BARCELONA","postalCode":"08787","schedule":"L-D: 24H","fuels":{"gasoline95":1.729,"gasoline98":1.909,"diesel":1.935},"extra":{"saleType":"P","margin":"I","reportingType":"dm","ideess":"2464","idMunicipio":"1030","idProvincia":"08","idCCAA":"09"}}},{"type":"Feature","geometry":{"type":"Point","coordinates":[1.191222,41.92075]},"properties":{"id":"es-2465","source":"ES","brand":"ONDINA DEL SEGRE","address":"CR C-14, 117,10","municipality":"Ponts","province":"LLEIDA","postalCode":"25740","schedule":"L: 04:00-22:00","fuels":{"gasoline95":1.769,"gasoline98":1.909,"diesel":1.939,"dieselRenewable":2.019,"adblue":0.8},"extra":{"saleType":"P","margin":"I","reportingType":"dm","ideess":"2465","idMunicipio":"3958","idProvincia":"25","idCCAA":"09"}}},{"type":"Feature","geometry":{"type":"Point","coordinates":[1.672139,41.206972]},"properties":{"id":"es-2473","source":"ES","brand":"REPSOL","address":"CARRETERA C-31 KM. 148,50","municipality":"Cubelles","province":"BARCELONA","postalCode":"08880","schedule":"L-D: 06:00-22:00","fuels":{"gasoline95":1.795,"gasoline98":1.915,"diesel":1.909,"dieselPremium":1.969},"extra":{"saleType":"P","margin":"D","reportingType":"OM","ideess":"2473","idMunicipio":"938","idProvincia":"08","idCCAA":"09"}}},{"type":"Feature","geometry":{"type":"Point","coordinates":[1.672139,41.206972]},"properties":{"id":"es-2474","source":"ES","brand":"REPSOL","address":"CARRETERA C-31 KM. 148,50","municipality":"Cubelles","province":"BARCELONA","postalCode":"08880","schedule":"L-D: 06:00-22:00","fuels":{"gasoline95":1.795,"gasoline98":1.915,"diesel":1.909,"dieselPremium":1.969},"extra":{"saleType":"P","margin":"I","reportingType":"OM","ideess":"2474","idMunicipio":"938","idProvincia":"08","idCCAA":"09"}}},{"type":"Feature","geometry":{"type":"Point","coordinates":[1.703667,41.346222]},"properties":{"id":"es-2477","source":"ES","brand":"REPSOL","address":"AVENIDA DE BARCELONA, 34","municipality":"Vilafranca del Penedès","province":"BARCELONA","postalCode":"08720","schedule":"L-D: 06:00-22:00","fuels":{"gasoline95":1.829,"diesel":1.949,"dieselRenewable":2.069},"extra":{"saleType":"P","margin":"D","reportingType":"OM","ideess":"2477","idMunicipio":"1162","idProvincia":"08","idCCAA":"09"}}},{"type":"Feature","geometry":{"type":"Point","coordinates":[1.898056,41.800639]},"properties":{"id":"es-2489","source":"ES","brand":"PETRONOR","address":"CARRETERA C-16 KM. 60,40","municipality":"Sallent","province":"BARCELONA","postalCode":"08650","schedule":"L-D: 06:00-22:00","fuels":{"gasoline95":1.759,"gasoline98":1.879,"diesel":1.949,"dieselPremium":2.009,"lpg":1.109},"extra":{"saleType":"P","margin":"I","reportingType":"OM","ideess":"2489","idMunicipio":"1055","idProvincia":"08","idCCAA":"09"}}},{"type":"Feature","geometry":{"type":"Point","coordinates":[1.287583,41.789278]},"properties":{"id":"es-2495","source":"ES","brand":"REPSOL","address":"CARRETERA DE PONTS KM. 15,1","municipality":"Guissona","province":"LLEIDA","postalCode":"25210","schedule":"L-D: 07:00-23:00","fuels":{"gasoline95":1.735,"gasoline98":1.905,"diesel":1.895,"dieselPremium":1.955},"extra":{"saleType":"P","margin":"D","reportingType":"OM","ideess":"2495","idMunicipio":"3901","idProvincia":"25","idCCAA":"09"}}},{"type":"Feature","geometry":{"type":"Point","coordinates":[1.820306,41.721778]},"properties":{"id":"es-2505","source":"ES","brand":"REPSOL","address":"CALLE MURALLA SANT FRANCESC, 54","municipality":"Manresa","province":"BARCELONA","postalCode":"08240","schedule":"L-D: 06:00-00:00","fuels":{"gasoline95":1.799,"gasoline98":1.979,"diesel":1.959,"dieselRenewable":2.039},"extra":{"saleType":"P","margin":"D","reportingType":"dm","ideess":"2505","idMunicipio":"978","idProvincia":"08","idCCAA":"09"}}},{"type":"Feature","geometry":{"type":"Point","coordinates":[1.620222,41.5875]},"properties":{"id":"es-2525","source":"ES","brand":"REPSOL","address":"AVENIDA MESTRE MUNTAMER, 56","municipality":"Igualada","province":"BARCELONA","postalCode":"08700","schedule":"L-D: 24H","fuels":{"gasoline95":1.775,"gasoline98":1.925,"diesel":1.969,"dieselRenewable":2.059,"adblue":0.98},"extra":{"saleType":"P","margin":"D","reportingType":"dm","ideess":"2525","idMunicipio":"967","idProvincia":"08","idCCAA":"09"}}},{"type":"Feature","geometry":{"type":"Point","coordinates":[1.854167,41.668694]},"properties":{"id":"es-2529","source":"ES","brand":"PETRONOR","address":"CARRETERA C-55 KM. 21,7","municipality":"Sant Vicenç de Castellet","province":"BARCELONA","postalCode":"08295","schedule":"L-D: 06:00-22:00","fuels":{"gasoline95":1.769,"gasoline98":1.939,"diesel":1.959},"extra":{"saleType":"P","margin":"I","reportingType":"OM","ideess":"2529","idMunicipio":"1105","idProvincia":"08","idCCAA":"09"}}},{"type":"Feature","geometry":{"type":"Point","coordinates":[1.399639,41.617056]},"properties":{"id":"es-2537","source":"ES","brand":"LA PANADELLA","address":"CARRETERA NACIONAL II KM. 532","municipality":"Montmaneu","province":"BARCELONA","postalCode":"08717","schedule":"L-D: 24H","fuels":{"gasoline95":1.809,"gasoline98":1.992,"diesel":1.949,"dieselPremium":2.069},"extra":{"saleType":"P","margin":"D","reportingType":"dm","ideess":"2537","idMunicipio":"999","idProvincia":"08","idCCAA":"09"}}},{"type":"Feature","geometry":{"type":"Point","coordinates":[1.399361,41.61775]},"properties":{"id":"es-2538","source":"ES","brand":"LA PANADELLA","address":"CARRETERA NACIONAL II KM. 532","municipality":"Montmaneu","province":"BARCELONA","postalCode":"08717","schedule":"L-D: 24H","fuels":{"gasoline95":1.809,"gasoline98":1.992,"diesel":1.949,"dieselB":1.699,"dieselRenewable":2.009,"adblue":0.98},"extra":{"saleType":"P","margin":"I","reportingType":"dm","ideess":"2538","idMunicipio":"999","idProvincia":"08","idCCAA":"09"}}},{"type":"Feature","geometry":{"type":"Point","coordinates":[1.844056,41.609111]},"properties":{"id":"es-2541","source":"ES","brand":"REPSOL","address":"CR C-55, 13,33","municipality":"Monistrol de Montserrat","province":"BARCELONA","postalCode":"08691","schedule":"L-D: 07:00-22:00","fuels":{"gasoline95":1.769,"diesel":1.969,"dieselRenewable":2.089},"extra":{"saleType":"P","margin":"I","reportingType":"OM","ideess":"2541","idMunicipio":"993","idProvincia":"08","idCCAA":"09"}}},{"type":"Feature","geometry":{"type":"Point","coordinates":[1.007167,41.632389]},"properties":{"id":"es-2555","source":"ES","brand":"REPSOL","address":"CR A-2, 495,5","municipality":"Bellpuig","province":"LLEIDA","postalCode":"25250","schedule":"L-D: 06:00-22:00","fuels":{"gasoline95":1.765,"gasoline98":1.935,"diesel":1.915,"dieselRenewable":2.035},"extra":{"saleType":"P","margin":"I","reportingType":"OM","ideess":"2555","idMunicipio":"3847","idProvincia":"25","idCCAA":"09"}}},{"type":"Feature","geometry":{"type":"Point","coordinates":[1.756083,41.827361]},"properties":{"id":"es-2556","source":"ES","brand":"REPSOL","address":"CARRETERA MANRESA SURIA KM. 14","municipality":"Súria","province":"BARCELONA","postalCode":"08260","schedule":"L-D: 06:00-22:00","fuels":{"gasoline95":1.779,"gasoline98":1.919,"diesel":1.949,"dieselPremium":2.009},"extra":{"saleType":"P","margin":"I","reportingType":"dm","ideess":"2556","idMunicipio":"1134","idProvincia":"08","idCCAA":"09"}}},{"type":"Feature","geometry":{"type":"Point","coordinates":[1.840111,41.733806]},"properties":{"id":"es-2760","source":"ES","brand":"REPSOL","address":"CALLE CARRETERA DE VIC, 230","municipality":"Manresa","province":"BARCELONA","postalCode":"08240","schedule":"L-D: 24H","fuels":{"gasoline95":1.789,"gasoline98":1.979,"diesel":1.829,"dieselRenewable":1.919},"extra":{"saleType":"P","margin":"D","reportingType":"dm","ideess":"2760","idMunicipio":"978","idProvincia":"08","idCCAA":"09"}}},{"type":"Feature","geometry":{"type":"Point","coordinates":[1.839917,41.734139]},"properties":{"id":"es-2761","source":"ES","brand":"REPSOL","address":"CALLE CARRETERA DE VIC, 225","municipality":"Manresa","province":"BARCELONA","postalCode":"08240","schedule":"L-D: 24H","fuels":{"gasoline95":1.839,"gasoline98":2.009,"diesel":1.879,"dieselRenewable":1.969},"extra":{"saleType":"P","margin":"I","reportingType":"dm","ideess":"2761","idMunicipio":"978","idProvincia":"08","idCCAA":"09"}}},{"type":"Feature","geometry":{"type":"Point","coordinates":[1.781056,41.425611]},"properties":{"id":"es-2762","source":"ES","brand":"REPSOL","address":"CARRETERA SAN QUINTIN KM. 9,2","municipality":"Sant Sadurní d'Anoia","province":"BARCELONA","postalCode":"08770","schedule":"L-D: 24H","fuels":{"gasoline95":1.799,"gasoline95Premium":1.859,"gasoline98":1.939,"diesel":1.899,"dieselRenewable":1.979,"lpg":1.129,"adblue":0.989},"extra":{"saleType":"P","margin":"D","reportingType":"dm","ideess":"2762","idMunicipio":"1102","idProvincia":"08","idCCAA":"09"}}},{"type":"Feature","geometry":{"type":"Point","coordinates":[1.95425,41.267222]},"properties":{"id":"es-2778","source":"ES","brand":"BP GASFELS","address":"AVENIDA CONSTITUCIO, 364","municipality":"Castelldefels","province":"BARCELONA","postalCode":"08860","schedule":"L-D: 06:00-22:00","fuels":{"gasoline95":1.815,"gasoline98":1.955,"diesel":1.939,"dieselPremium":2.039},"extra":{"saleType":"P","margin":"N","reportingType":"dm","ideess":"2778","idMunicipio":"919","idProvincia":"08","idCCAA":"09"}}},{"type":"Feature","geometry":{"type":"Point","coordinates":[1.991083,41.307389]},"properties":{"id":"es-2785","source":"ES","brand":"BP LA BOBILA","address":"AVENIDA JOAN CARLES I ESQ C/ ARGILA, 0","municipality":"Gavà","province":"BARCELONA","postalCode":"08850","schedule":"L-D: 06:00-22:00","fuels":{"gasoline95":1.825,"gasoline98":1.965,"diesel":1.909,"dieselPremium":1.999},"extra":{"saleType":"P","margin":"N","reportingType":"OM","ideess":"2785","idMunicipio":"955","idProvincia":"08","idCCAA":"09"}}},{"type":"Feature","geometry":{"type":"Point","coordinates":[1.835306,41.731361]},"properties":{"id":"es-2794","source":"ES","brand":"REPSOL","address":"CALLE CTRA DE VIC, 163","municipality":"Manresa","province":"BARCELONA","postalCode":"08240","schedule":"L-D: 06:00-22:00","fuels":{"gasoline95":1.799,"gasoline98":1.979,"diesel":1.959,"dieselRenewable":2.039},"extra":{"saleType":"P","margin":"D","reportingType":"dm","ideess":"2794","idMunicipio":"978","idProvincia":"08","idCCAA":"09"}}},{"type":"Feature","geometry":{"type":"Point","coordinates":[1.136278,41.662472]},"properties":{"id":"es-2795","source":"ES","brand":"REPSOL","address":"CARRETERA A-2 KM. 507,39","municipality":"Tàrrega","province":"LLEIDA","postalCode":"25300","schedule":"L-D: 24H","fuels":{"gasoline95":1.775,"gasoline95Premium":1.835,"gasoline98":1.945,"diesel":1.929,"dieselPremium":1.989},"extra":{"saleType":"P","margin":"D","reportingType":"OM","ideess":"2795","idMunicipio":"3997","idProvincia":"25","idCCAA":"09"}}},{"type":"Feature","geometry":{"type":"Point","coordinates":[1.738556,41.220889]},"properties":{"id":"es-2807","source":"ES","brand":"REPSOL","address":"CL RONDA EUROPA, 58","municipality":"Vilanova i la Geltrú","province":"BARCELONA","postalCode":"08800","schedule":"L-D: 06:00-22:00","fuels":{"gasoline95":1.815,"gasoline98":1.925,"diesel":1.919,"dieselPremium":1.979,"lpg":1.125},"extra":{"saleType":"P","margin":"D","reportingType":"OM","ideess":"2807","idMunicipio":"1167","idProvincia":"08","idCCAA":"09"}}},{"type":"Feature","geometry":{"type":"Point","coordinates":[1.675722,41.222472]},"properties":{"id":"es-2815","source":"ES","brand":"REPSOL","address":"AUTOPISTA AUTOPISTA C-32 (PAU CASAL) KM. 16,75","municipality":"Cubelles","province":"BARCELONA","postalCode":"08880","schedule":"L-D: 24H","fuels":{"gasoline95":1.785,"gasoline98":1.905,"diesel":1.919,"dieselPremium":1.979},"extra":{"saleType":"P","margin":"D","reportingType":"OM","ideess":"2815","idMunicipio":"938","idProvincia":"08","idCCAA":"09"}}},{"type":"Feature","geometry":{"type":"Point","coordinates":[1.676139,41.220194]},"properties":{"id":"es-2817","source":"ES","brand":"REPSOL","address":"AUTOPISTA AUTOPISTA PAU CASALS KM. 15,75","municipality":"Cubelles","province":"BARCELONA","postalCode":"08880","schedule":"L-D: 24H","fuels":{"gasoline95":1.785,"gasoline98":1.905,"diesel":1.919,"dieselPremium":1.979},"extra":{"saleType":"P","margin":"I","reportingType":"OM","ideess":"2817","idMunicipio":"938","idProvincia":"08","idCCAA":"09"}}},{"type":"Feature","geometry":{"type":"Point","coordinates":[1.198583,41.661556]},"properties":{"id":"es-2823","source":"ES","brand":"REPSOL","address":"CR A-2 , 512","municipality":"Granyanella","province":"LLEIDA","postalCode":"25218","schedule":"L-D: 06:00-22:00","fuels":{"gasoline95":1.775,"gasoline98":1.945,"diesel":1.929,"dieselPremium":1.989,"lpg":1.185},"extra":{"saleType":"P","margin":"D","reportingType":"OM","ideess":"2823","idMunicipio":"3896","idProvincia":"25","idCCAA":"09"}}},{"type":"Feature","geometry":{"type":"Point","coordinates":[1.883722,41.478917]},"properties":{"id":"es-2825","source":"ES","brand":"REPSOL","address":"CR B-224, 23,5","municipality":"Sant Esteve Sesrovires","province":"BARCELONA","postalCode":"08635","schedule":"L-V: 05:00-22:00; S-D: 06:00-22:00","fuels":{"gasoline95":1.759,"gasoline98":1.929,"diesel":1.925,"dieselRenewable":2.045},"extra":{"saleType":"P","margin":"D","reportingType":"OM","ideess":"2825","idMunicipio":"1070","idProvincia":"08","idCCAA":"09"}}},{"type":"Feature","geometry":{"type":"Point","coordinates":[1.578861,41.745028]},"properties":{"id":"es-2826","source":"ES","brand":"REPSOL","address":"CARRETERA C-25 KM. 111,52","municipality":"Sant Pere Sallavinera","province":"BARCELONA","postalCode":"08281","schedule":"L-D: 06:00-22:00","fuels":{"gasoline95":1.749,"gasoline98":1.909,"diesel":1.955,"dieselPremium":2.015},"extra":{"saleType":"P","margin":"D","reportingType":"OM","ideess":"2826","idMunicipio":"1096","idProvincia":"08","idCCAA":"09"}}},{"type":"Feature","geometry":{"type":"Point","coordinates":[1.580083,41.745833]},"properties":{"id":"es-2827","source":"ES","brand":"REPSOL","address":"CARRETERA C-25 KM. 111,52","municipality":"Sant Pere Sallavinera","province":"BARCELONA","postalCode":"08281","schedule":"L-D: 06:00-22:00","fuels":{"gasoline95":1.749,"gasoline98":1.909,"diesel":1.955,"dieselPremium":2.015},"extra":{"saleType":"P","margin":"I","reportingType":"OM","ideess":"2827","idMunicipio":"1096","idProvincia":"08","idCCAA":"09"}}},{"type":"Feature","geometry":{"type":"Point","coordinates":[1.509722,41.618806]},"properties":{"id":"es-2837","source":"ES","brand":"REPSOL","address":"AUTOVIA A-2 KM 543    MARGEN DERECHO KM. ","municipality":"Jorba","province":"BARCELONA","postalCode":"08719","schedule":"L-D: 06:00-22:00","fuels":{"gasoline95":1.788,"gasoline98":2.05,"diesel":1.987,"dieselRenewable":2.18,"adblue":0.98},"extra":{"saleType":"P","margin":"D","reportingType":"dm","ideess":"2837","idMunicipio":"968","idProvincia":"08","idCCAA":"09"}}},{"type":"Feature","geometry":{"type":"Point","coordinates":[1.782194,41.437472]},"properties":{"id":"es-2839","source":"ES","brand":"AMAT OIL","address":"CALLE ITALIA, 29","municipality":"Sant Sadurní d'Anoia","province":"BARCELONA","postalCode":"08770","schedule":"L-D: 24H","fuels":{"gasoline95":1.699,"diesel":1.849,"dieselPremium":1.859,"dieselB":1.599,"adblue":0.989},"extra":{"saleType":"P","margin":"D","reportingType":"dm","ideess":"2839","idMunicipio":"1102","idProvincia":"08","idCCAA":"09"}}},{"type":"Feature","geometry":{"type":"Point","coordinates":[1.677333,41.352278]},"properties":{"id":"es-2852","source":"ES","brand":"CEPSA","address":"CARRETERA BP-2121 KM. 2","municipality":"Pacs del Penedès","province":"BARCELONA","postalCode":"08796","schedule":"L-D: 06:00-22:00","fuels":{"gasoline95":1.834,"gasoline95Premium":1.879,"gasoline98":1.914,"diesel":1.979,"dieselPremium":2.049},"extra":{"saleType":"P","margin":"D","reportingType":"OM","ideess":"2852","idMunicipio":"1019","idProvincia":"08","idCCAA":"09"}}},{"type":"Feature","geometry":{"type":"Point","coordinates":[1.720944,41.350083]},"properties":{"id":"es-2853","source":"ES","brand":"CEPSA","address":"CARRETERA N-340 KM. 1213,7","municipality":"Vilafranca del Penedès","province":"BARCELONA","postalCode":"08720","schedule":"L-D: 06:00-22:00","fuels":{"gasoline95":1.854,"diesel":1.999,"dieselPremium":2.069},"extra":{"saleType":"P","margin":"D","reportingType":"dm","ideess":"2853","idMunicipio":"1162","idProvincia":"08","idCCAA":"09"}}},{"type":"Feature","geometry":{"type":"Point","coordinates":[1.972389,41.867472]},"properties":{"id":"es-2855","source":"ES","brand":"E.S.  AVINYÓ   -CEPSA-","address":"CALLE ANTONI PONT  (B-431, PK 53), S/N","municipality":"Avinyó","province":"BARCELONA","postalCode":"08279","schedule":"L-S: 06:00-22:00; D: 07:00-22:00","fuels":{"gasoline95":1.784,"gasoline95Premium":1.904,"diesel":1.994,"dieselPremium":2.054,"dieselB":1.567},"extra":{"saleType":"P","margin":"D","reportingType":"dm","ideess":"2855","idMunicipio":"873","idProvincia":"08","idCCAA":"09"}}},{"type":"Feature","geometry":{"type":"Point","coordinates":[1.839639,41.694194]},"properties":{"id":"es-2857","source":"ES","brand":"CEPSA","address":"CARRETERA C-55 KM. 24,9","municipality":"Manresa","province":"BARCELONA","postalCode":"08240","schedule":"L-V: 06:00-22:00","fuels":{"gasoline95":1.784,"gasoline95Premium":1.869,"diesel":1.969,"dieselPremium":2.029},"extra":{"saleType":"P","margin":"D","reportingType":"OM","ideess":"2857","idMunicipio":"978","idProvincia":"08","idCCAA":"09"}}},{"type":"Feature","geometry":{"type":"Point","coordinates":[1.838806,41.693833]},"properties":{"id":"es-2858","source":"ES","brand":"CEPSA","address":"CARRETERA C-55 KM. 24,9","municipality":"Manresa","province":"BARCELONA","postalCode":"08240","schedule":"L-D: 06:00-22:00","fuels":{"gasoline95":1.784,"gasoline95Premium":1.869,"gasoline98":1.904,"diesel":1.969,"dieselPremium":2.029},"extra":{"saleType":"P","margin":"I","reportingType":"OM","ideess":"2858","idMunicipio":"978","idProvincia":"08","idCCAA":"09"}}},{"type":"Feature","geometry":{"type":"Point","coordinates":[1.981056,41.270806]},"properties":{"id":"es-2865","source":"ES","brand":"MOEVE","address":"CALLE GRANADA, 20/24","municipality":"Castelldefels","province":"BARCELONA","postalCode":"08860","schedule":"L-D: 24H","fuels":{"gasoline95":1.784,"gasoline98":1.914,"diesel":1.949,"dieselPremium":2.019},"extra":{"saleType":"P","margin":"D","reportingType":"OM","ideess":"2865","idMunicipio":"919","idProvincia":"08","idCCAA":"09"}}},{"type":"Feature","geometry":{"type":"Point","coordinates":[1.979778,41.280361]},"properties":{"id":"es-2869","source":"ES","brand":"BALLENOIL","address":"AVENIDA CONSTITUCIO, 99","municipality":"Castelldefels","province":"BARCELONA","postalCode":"08860","schedule":"L-D: 24H","fuels":{"gasoline95":1.659,"gasoline95Premium":1.669,"diesel":1.789,"dieselPremium":1.799},"extra":{"saleType":"P","margin":"D","reportingType":"OM","ideess":"2869","idMunicipio":"919","idProvincia":"08","idCCAA":"09"}}},{"type":"Feature","geometry":{"type":"Point","coordinates":[1.736278,41.232333]},"properties":{"id":"es-2884","source":"ES","brand":"MOEVE","address":"RONDA EUROPA, S/N","municipality":"Vilanova i la Geltrú","province":"BARCELONA","postalCode":"08800","schedule":"L-D: 24H","fuels":{"gasoline95":1.809,"gasoline95Premium":1.889,"diesel":1.909,"dieselPremium":1.999},"extra":{"saleType":"P","margin":"D","reportingType":"OM","ideess":"2884","idMunicipio":"1167","idProvincia":"08","idCCAA":"09"}}},{"type":"Feature","geometry":{"type":"Point","coordinates":[1.73925,41.230167]},"properties":{"id":"es-2887","source":"ES","brand":"BP VILANOVA - AV EDUARDO TOLDRA","address":"AVENIDA EDUARD TOLDRA, 68","municipality":"Vilanova i la Geltrú","province":"BARCELONA","postalCode":"08800","schedule":"L-D: 24H","fuels":{"gasoline95":1.799,"gasoline98":1.939,"diesel":1.909,"dieselPremium":1.999},"extra":{"saleType":"P","margin":"D","reportingType":"OM","ideess":"2887","idMunicipio":"1167","idProvincia":"08","idCCAA":"09"}}},{"type":"Feature","geometry":{"type":"Point","coordinates":[1.721806,41.219333]},"properties":{"id":"es-2888","source":"ES","brand":"BP VILANOVA - AV BALMES","address":"AVENIDA BALMES, 35","municipality":"Vilanova i la Geltrú","province":"BARCELONA","postalCode":"08800","schedule":"L-D: 24H","fuels":{"gasoline95":1.799,"gasoline98":1.939,"diesel":1.909,"dieselPremium":1.999},"extra":{"saleType":"P","margin":"I","reportingType":"OM","ideess":"2888","idMunicipio":"1167","idProvincia":"08","idCCAA":"09"}}},{"type":"Feature","geometry":{"type":"Point","coordinates":[1.978,41.468167]},"properties":{"id":"es-2965","source":"ES","brand":"GALP","address":"AUTOPISTA AP-7 KM 165,5 KM. 165,5","municipality":"Castellbisbal","province":"BARCELONA","postalCode":"08755","schedule":"L-D: 24H","fuels":{"gasoline95":1.779,"gasoline98":1.919,"diesel":1.949,"dieselPremium":2.039,"adblue":0.799},"extra":{"saleType":"P","margin":"D","reportingType":"OM","ideess":"2965","idMunicipio":"917","idProvincia":"08","idCCAA":"09"}}},{"type":"Feature","geometry":{"type":"Point","coordinates":[1.737056,41.228556]},"properties":{"id":"es-2983","source":"ES","brand":"EVOLUTION","address":"AVENIDA EDUARD TOLDRA, 60","municipality":"Vilanova i la Geltrú","province":"BARCELONA","postalCode":"08800","schedule":"L-D: 24H","fuels":{"gasoline95":1.568,"gasoline98":1.695,"diesel":1.746,"dieselPremium":1.776,"adblue":0.698},"extra":{"saleType":"P","margin":"D","reportingType":"dm","ideess":"2983","idMunicipio":"1167","idProvincia":"08","idCCAA":"09"}}},{"type":"Feature","geometry":{"type":"Point","coordinates":[1.801722,41.567917]},"properties":{"id":"es-2990","source":"ES","brand":"GALP","address":"AUTOVIA A-2 KM. 573","municipality":"Bruc (El)","province":"BARCELONA","postalCode":"08294","schedule":"L-D: 24H","fuels":{"gasoline95":1.784,"gasoline98":1.894,"diesel":1.974,"dieselPremium":2.024,"cng":1.639,"lng":1.594,"adblue":0.799},"extra":{"saleType":"P","margin":"N","reportingType":"OM","ideess":"2990","idMunicipio":"887","idProvincia":"08","idCCAA":"09"}}},{"type":"Feature","geometry":{"type":"Point","coordinates":[1.716278,41.219306]},"properties":{"id":"es-3033","source":"ES","brand":"GALP","address":"Avda. Cubelles","municipality":"Cubelles","province":"BARCELONA","postalCode":"08880","schedule":"L-D: 06:00-22:00","fuels":{"gasoline95":1.739,"gasoline95Premium":1.789,"diesel":1.859,"dieselPremium":1.909},"extra":{"saleType":"P","margin":"N","reportingType":"OM","ideess":"3033","idMunicipio":"938","idProvincia":"08","idCCAA":"09"}}},{"type":"Feature","geometry":{"type":"Point","coordinates":[1.978722,41.464861]},"properties":{"id":"es-3042","source":"ES","brand":"CEPSA","address":"AUTOPISTA AP-7 KM. 165,5","municipality":"Castellbisbal","province":"BARCELONA","postalCode":"08755","schedule":"L-D: 24H","fuels":{"gasoline95":1.814,"gasoline95Premium":1.919,"diesel":1.999,"dieselPremium":2.089},"extra":{"saleType":"P","margin":"I","reportingType":"OM","ideess":"3042","idMunicipio":"917","idProvincia":"08","idCCAA":"09"}}},{"type":"Feature","geometry":{"type":"Point","coordinates":[1.268611,41.313694]},"properties":{"id":"es-3055","source":"ES","brand":"ESCLATOIL","address":"HIPER ESCLAT. ARTESANS,S/N POL.IND.VALLS","municipality":"Valls","province":"TARRAGONA","postalCode":"43800","schedule":"L-D: 24H","fuels":{"gasoline95":1.569,"diesel":1.749,"adblue":0.529},"extra":{"saleType":"P","margin":"N","reportingType":"dm","ideess":"3055","idMunicipio":"6507","idProvincia":"43","idCCAA":"09"}}},{"type":"Feature","geometry":{"type":"Point","coordinates":[1.062528,41.079389]},"properties":{"id":"es-3057","source":"ES","brand":"ESCLATOIL","address":"HIPER ESCLAT. CTRA. N-340 km 1.145","municipality":"Vinyols i els Arcs","province":"TARRAGONA","postalCode":"43391","schedule":"L-D: 24H","fuels":{"gasoline95":1.579,"diesel":1.749,"adblue":0.529},"extra":{"saleType":"P","margin":"N","reportingType":"dm","ideess":"3057","idMunicipio":"6524","idProvincia":"43","idCCAA":"09"}}},{"type":"Feature","geometry":{"type":"Point","coordinates":[1.203806,41.128472]},"properties":{"id":"es-3058","source":"ES","brand":"CARREFOUR","address":"AUTOVIA DE REUS KM. 4","municipality":"Tarragona","province":"TARRAGONA","postalCode":"43080","schedule":"L-D: 24H","fuels":{"gasoline95":1.759,"gasoline98":1.909,"diesel":1.859,"dieselPremium":1.899},"extra":{"saleType":"P","margin":"N","reportingType":"dm","ideess":"3058","idMunicipio":"6494","idProvincia":"43","idCCAA":"09"}}},{"type":"Feature","geometry":{"type":"Point","coordinates":[1.083917,41.152222]},"properties":{"id":"es-3061","source":"ES","brand":"GALP","address":"CALLE RECASENS I MERCADE, 79","municipality":"Reus","province":"TARRAGONA","postalCode":"43206","schedule":"L-D: 06:00-22:00","fuels":{"gasoline95":1.734,"gasoline98":1.859,"diesel":1.874,"dieselPremium":1.924},"extra":{"saleType":"P","margin":"N","reportingType":"OM","ideess":"3061","idMunicipio":"6467","idProvincia":"43","idCCAA":"09"}}},{"type":"Feature","geometry":{"type":"Point","coordinates":[1.520028,41.187444]},"properties":{"id":"es-3224","source":"ES","brand":"Q8","address":"AVENIDA DE LA GENERALITAT, 22","municipality":"Vendrell (El)","province":"TARRAGONA","postalCode":"43700","schedule":"L-D: 24H","fuels":{"gasoline95":1.779,"gasoline98":1.869,"diesel":1.899,"dieselPremium":1.969},"extra":{"saleType":"P","margin":"N","reportingType":"dm","ideess":"3224","idMunicipio":"6509","idProvincia":"43","idCCAA":"09"}}},{"type":"Feature","geometry":{"type":"Point","coordinates":[1.546472,41.215389]},"properties":{"id":"es-3226","source":"ES","brand":"Q8","address":"CARRETERA CTRA COMARCAL 246 KM. ","municipality":"Vendrell (El)","province":"TARRAGONA","postalCode":"43700","schedule":"L-D: 24H","fuels":{"gasoline95":1.779,"gasoline98":1.869,"diesel":1.899,"dieselPremium":1.969},"extra":{"saleType":"P","margin":"N","reportingType":"dm","ideess":"3226","idMunicipio":"6509","idProvincia":"43","idCCAA":"09"}}},{"type":"Feature","geometry":{"type":"Point","coordinates":[1.351806,41.136056]},"properties":{"id":"es-3230","source":"ES","brand":"CEPSA","address":"AUTOPISTA AP 7 KM. 237","municipality":"Altafulla","province":"TARRAGONA","postalCode":"43893","schedule":"L-D: 24H","fuels":{"gasoline95":1.844,"gasoline95Premium":1.929,"diesel":1.959,"dieselPremium":2.049,"lpg":1.199},"extra":{"saleType":"P","margin":"N","reportingType":"OM","ideess":"3230","idMunicipio":"6355","idProvincia":"43","idCCAA":"09"}}},{"type":"Feature","geometry":{"type":"Point","coordinates":[1.58575,41.246278]},"properties":{"id":"es-3234","source":"ES","brand":"GM FUEL STATIONS","address":"CARRETERA NACIONAL 340 KM. 1196,525","municipality":"Castellet i la Gornal","province":"BARCELONA","postalCode":"08729","schedule":"L-V: 06:00-23:00; S-D: 07:00-23:00","fuels":{"gasoline95":1.699,"gasoline98":1.799,"diesel":1.799,"adblue":0.82},"extra":{"saleType":"P","margin":"I","reportingType":"dm","ideess":"3234","idMunicipio":"920","idProvincia":"08","idCCAA":"09"}}},{"type":"Feature","geometry":{"type":"Point","coordinates":[1.596111,41.191778]},"properties":{"id":"es-3238","source":"ES","brand":"REPSOL","address":"CARRETERA C-246 KM. 56","municipality":"Calafell","province":"TARRAGONA","postalCode":"43820","schedule":"L-D: 06:00-22:00","fuels":{"gasoline95":1.815,"gasoline98":1.925,"diesel":1.899,"dieselRenewable":2.019},"extra":{"saleType":"P","margin":"I","reportingType":"OM","ideess":"3238","idMunicipio":"6381","idProvincia":"43","idCCAA":"09"}}},{"type":"Feature","geometry":{"type":"Point","coordinates":[1.094639,41.090167]},"properties":{"id":"es-3240","source":"ES","brand":"REPSOL","address":"AUTOVIA A 7 KM. 1148","municipality":"Cambrils","province":"TARRAGONA","postalCode":"43850","schedule":"L-D: 24H","fuels":{"gasoline95":1.799,"gasoline98":1.919,"diesel":1.905,"dieselPremium":1.965,"dieselB":1.655},"extra":{"saleType":"P","margin":"I","reportingType":"OM","ideess":"3240","idMunicipio":"6383","idProvincia":"43","idCCAA":"09"}}},{"type":"Feature","geometry":{"type":"Point","coordinates":[1.246944,41.278583]},"properties":{"id":"es-3241","source":"ES","brand":"REPSOL","address":"CALLE CTRA. DE TARRAGONA, 28","municipality":"Valls","province":"TARRAGONA","postalCode":"43800","schedule":"L-S: 06:00-22:00; D: 07:00-22:00","fuels":{"gasoline95":1.819,"gasoline98":1.969,"diesel":1.899,"dieselPremium":2.009,"dieselB":1.659,"adblue":1.05},"extra":{"saleType":"P","margin":"D","reportingType":"dm","ideess":"3241","idMunicipio":"6507","idProvincia":"43","idCCAA":"09"}}},{"type":"Feature","geometry":{"type":"Point","coordinates":[1.000139,41.192278]},"properties":{"id":"es-3243","source":"ES","brand":"REPSOL","address":"CR C-242, 62,6","municipality":"Alforja","province":"TARRAGONA","postalCode":"43365","schedule":"L-S: 07:00-17:00","fuels":{"gasoline95":1.775,"gasoline98":1.945,"diesel":1.879,"dieselPremium":1.989},"extra":{"saleType":"P","margin":"D","reportingType":"OM","ideess":"3243","idMunicipio":"6352","idProvincia":"43","idCCAA":"09"}}},{"type":"Feature","geometry":{"type":"Point","coordinates":[1.496139,41.279028]},"properties":{"id":"es-3244","source":"ES","brand":"REPSOL","address":"CR T-240, 3,5","municipality":"Bisbal del Penedès (La)","province":"TARRAGONA","postalCode":"43717","schedule":"L-D: 06:00-22:00","fuels":{"gasoline95":1.829,"gasoline98":1.939,"diesel":1.915,"dieselB":1.599,"dieselRenewable":2.035},"extra":{"saleType":"P","margin":"D","reportingType":"OM","ideess":"3244","idMunicipio":"6372","idProvincia":"43","idCCAA":"09"}}},{"type":"Feature","geometry":{"type":"Point","coordinates":[1.219806,41.186194]},"properties":{"id":"es-3246","source":"ES","brand":"REPSOL","address":"CARRETERA C-750 KM. 1,9","municipality":"Pobla de Mafumet (La)","province":"TARRAGONA","postalCode":"43140","schedule":"L: 00:05-23:00","fuels":{"gasoline95":1.819,"gasoline98":1.989,"diesel":1.899,"dieselB":1.649,"dieselRenewable":2.019},"extra":{"saleType":"P","margin":"D","reportingType":"OM","ideess":"3246","idMunicipio":"6452","idProvincia":"43","idCCAA":"09"}}},{"type":"Feature","geometry":{"type":"Point","coordinates":[1.133111,41.180278]},"properties":{"id":"es-3248","source":"ES","brand":"REPSOL","address":"CARRETERA C-14 DIRECCIO MONTBLANC KM. 10,96","municipality":"Reus","province":"TARRAGONA","postalCode":"43206","schedule":"L-V: 00:00-23:59; S-D: 24H","fuels":{"gasoline95":1.769,"gasoline98":1.879,"diesel":1.879,"dieselPremium":1.979},"extra":{"saleType":"P","margin":"D","reportingType":"dm","ideess":"3248","idMunicipio":"6467","idProvincia":"43","idCCAA":"09"}}},{"type":"Feature","geometry":{"type":"Point","coordinates":[1.133722,41.18275]},"properties":{"id":"es-3249","source":"ES","brand":"REPSOL","address":"CARRETERA C-14 DIRECCIO REUS KM. 11,24","municipality":"Reus","province":"TARRAGONA","postalCode":"43206","schedule":"L-D: 06:00-22:00","fuels":{"gasoline95":1.789,"diesel":1.909,"dieselPremium":2.019},"extra":{"saleType":"P","margin":"I","reportingType":"dm","ideess":"3249","idMunicipio":"6467","idProvincia":"43","idCCAA":"09"}}},{"type":"Feature","geometry":{"type":"Point","coordinates":[1.238722,41.173583]},"properties":{"id":"es-3251","source":"ES","brand":"FRANCAS ENERGY","address":"CARRETERA N-240, KM:6,05 PERAFORT - TARRAGONA KM. ","municipality":"Perafort","province":"TARRAGONA","postalCode":"43152","schedule":"L-D: 24H","fuels":{"gasoline95":1.636,"diesel":1.761},"extra":{"saleType":"P","margin":"I","reportingType":"dm","ideess":"3251","idMunicipio":"6446","idProvincia":"43","idCCAA":"09"}}},{"type":"Feature","geometry":{"type":"Point","coordinates":[1.20175,41.192972]},"properties":{"id":"es-3252","source":"ES","brand":"PETRONOR","address":"AVENIDA DE LA PAU, ","municipality":"Morell (El)","province":"TARRAGONA","postalCode":"43760","schedule":"L-D: 05:00-23:00","fuels":{"gasoline95":1.809,"diesel":1.909,"dieselPremium":2.019,"dieselB":1.655},"extra":{"saleType":"P","margin":"I","reportingType":"OM","ideess":"3252","idMunicipio":"6438","idProvincia":"43","idCCAA":"09"}}},{"type":"Feature","geometry":{"type":"Point","coordinates":[1.56575,41.235389]},"properties":{"id":"es-3255","source":"ES","brand":"REPSOL","address":"CR N-340, 1194,3","municipality":"Bellvei","province":"TARRAGONA","postalCode":"43719","schedule":"L-D: 06:00-22:00","fuels":{"gasoline95":1.805,"gasoline98":1.925,"diesel":1.915,"dieselPremium":2.015,"lpg":1.185},"extra":{"saleType":"P","margin":"I","reportingType":"OM","ideess":"3255","idMunicipio":"6368","idProvincia":"43","idCCAA":"09"}}},{"type":"Feature","geometry":{"type":"Point","coordinates":[1.490806,41.177944]},"properties":{"id":"es-3260","source":"ES","brand":"REPSOL","address":"CL VALLESPIR, 118","municipality":"Roda de Barà","province":"TARRAGONA","postalCode":"43883","schedule":"L-D: 06:00-22:00","fuels":{"gasoline95":1.805,"diesel":1.905,"dieselPremium":2.015},"extra":{"saleType":"P","margin":"D","reportingType":"OM","ideess":"3260","idMunicipio":"6475","idProvincia":"43","idCCAA":"09"}}},{"type":"Feature","geometry":{"type":"Point","coordinates":[1.624417,41.197417]},"properties":{"id":"es-3262","source":"ES","brand":"REPSOL","address":"CARRETERA C-246 KM. 53,7","municipality":"Cunit","province":"TARRAGONA","postalCode":"43881","schedule":"L-D: 06:00-22:00","fuels":{"gasoline95":1.805,"gasoline98":1.925,"diesel":1.899,"dieselRenewable":2.019,"lpg":1.169},"extra":{"saleType":"P","margin":"I","reportingType":"OM","ideess":"3262","idMunicipio":"6395","idProvincia":"43","idCCAA":"09"}}},{"type":"Feature","geometry":{"type":"Point","coordinates":[1.108222,41.145222]},"properties":{"id":"es-3263","source":"ES","brand":"ALAS","address":"AVENIDA SANT BERNAT CALBO, 16","municipality":"Reus","province":"TARRAGONA","postalCode":"43205","schedule":"L-D: 24H","fuels":{"gasoline95":1.559,"gasoline98":1.709,"diesel":1.709,"dieselPremium":1.769,"adblue":0.6},"extra":{"saleType":"P","margin":"N","reportingType":"dm","ideess":"3263","idMunicipio":"6467","idProvincia":"43","idCCAA":"09"}}},{"type":"Feature","geometry":{"type":"Point","coordinates":[1.222444,41.113944]},"properties":{"id":"es-3264","source":"ES","brand":"REPSOL","address":"POLIGONO IND. FRANCOLI, PARCELA 1, 1","municipality":"Tarragona","province":"TARRAGONA","postalCode":"43006","schedule":"L-V: 05:00-21:00","fuels":{"gasoline95":1.809,"diesel":1.899,"dieselPremium":2.009},"extra":{"saleType":"P","margin":"D","reportingType":"OM","ideess":"3264","idMunicipio":"6494","idProvincia":"43","idCCAA":"09"}}},{"type":"Feature","geometry":{"type":"Point","coordinates":[1.125083,41.149806]},"properties":{"id":"es-3265","source":"ES","brand":"REPSOL","address":"CR N-420, 876,8","municipality":"Reus","province":"TARRAGONA","postalCode":"43204","schedule":"L-D: 06:00-22:00","fuels":{"gasoline95":1.799,"gasoline98":1.919,"diesel":1.909,"dieselPremium":2.029,"adblue":0.699},"extra":{"saleType":"P","margin":"I","reportingType":"dm","ideess":"3265","idMunicipio":"6467","idProvincia":"43","idCCAA":"09"}}},{"type":"Feature","geometry":{"type":"Point","coordinates":[1.249472,41.2885]},"properties":{"id":"es-3267","source":"ES","brand":"REPSOL","address":"CALLE CTRA. DE MONTBLANC, 34","municipality":"Valls","province":"TARRAGONA","postalCode":"43800","schedule":"L-D: 06:00-22:00","fuels":{"gasoline95":1.819,"gasoline98":1.969,"diesel":1.899,"dieselPremium":2.009},"extra":{"saleType":"P","margin":"D","reportingType":"OM","ideess":"3267","idMunicipio":"6507","idProvincia":"43","idCCAA":"09"}}},{"type":"Feature","geometry":{"type":"Point","coordinates":[1.222472,41.115417]},"properties":{"id":"es-3268","source":"ES","brand":"REPSOL","address":"CR N-340, 1159.5","municipality":"Tarragona","province":"TARRAGONA","postalCode":"43006","schedule":"L-D: 06:00-22:00","fuels":{"gasoline95":1.809,"gasoline98":1.929,"diesel":1.899,"dieselRenewable":2.019,"lpg":1.155},"extra":{"saleType":"P","margin":"D","reportingType":"OM","ideess":"3268","idMunicipio":"6494","idProvincia":"43","idCCAA":"09"}}},{"type":"Feature","geometry":{"type":"Point","coordinates":[1.030028,41.165361]},"properties":{"id":"es-3272","source":"ES","brand":"REPSOL","address":"CARRETERA 510,1 KM. 510,1","municipality":"Riudoms","province":"TARRAGONA","postalCode":"43330","schedule":"L-D: 06:00-22:00","fuels":{"gasoline95":1.789,"gasoline95Premium":1.859,"gasoline98":1.899,"diesel":1.885,"dieselRenewable":2.005},"extra":{"saleType":"P","margin":"D","reportingType":"OM","ideess":"3272","idMunicipio":"6473","idProvincia":"43","idCCAA":"09"}}},{"type":"Feature","geometry":{"type":"Point","coordinates":[1.299389,41.361694]},"properties":{"id":"es-3276","source":"ES","brand":"REPSOL","address":"CARRETERA C-37 VALLS IGUALADA KM. 9,850","municipality":"Pla de Santa Maria (El)","province":"TARRAGONA","postalCode":"43810","schedule":"L-D: 06:00-22:00","fuels":{"gasoline95":1.825,"diesel":1.899,"dieselPremium":2.009,"dieselB":1.599},"extra":{"saleType":"P","margin":"D","reportingType":"OM","ideess":"3276","idMunicipio":"6451","idProvincia":"43","idCCAA":"09"}}},{"type":"Feature","geometry":{"type":"Point","coordinates":[1.253667,41.134694]},"properties":{"id":"es-3280","source":"ES","brand":"BP","address":"BLOQUE SAN JORDI, S/N","municipality":"Tarragona","province":"TARRAGONA","postalCode":"43007","schedule":"L-V: 08:00-20:00; S-D: 09:00-19:00","fuels":{"gasoline95":1.839,"gasoline98":1.889,"diesel":1.959,"dieselPremium":2.009,"adblue":0.699},"extra":{"saleType":"P","margin":"N","reportingType":"dm","ideess":"3280","idMunicipio":"6494","idProvincia":"43","idCCAA":"09"}}},{"type":"Feature","geometry":{"type":"Point","coordinates":[1.258472,41.298361]},"properties":{"id":"es-3286","source":"ES","brand":"REPSOL","address":"CARRETERA C-37 VALLS IGUALADA KM. 2,5","municipality":"Valls","province":"TARRAGONA","postalCode":"43800","schedule":"L-D: 06:00-22:00","fuels":{"gasoline95":1.819,"gasoline98":1.969,"diesel":1.899,"dieselRenewable":2.019,"lpg":1.169},"extra":{"saleType":"P","margin":"D","reportingType":"dm","ideess":"3286","idMunicipio":"6507","idProvincia":"43","idCCAA":"09"}}},{"type":"Feature","geometry":{"type":"Point","coordinates":[1.261111,41.283111]},"properties":{"id":"es-3289","source":"ES","brand":"REPSOL","address":"CARRETERA C-246 VALLS-BARCELONA KM. 0,850","municipality":"Valls","province":"TARRAGONA","postalCode":"43800","schedule":"L-D: 06:00-22:00","fuels":{"gasoline95":1.819,"gasoline98":1.969,"diesel":1.899,"dieselPremium":2.009,"dieselB":1.629},"extra":{"saleType":"P","margin":"D","reportingType":"OM","ideess":"3289","idMunicipio":"6507","idProvincia":"43","idCCAA":"09"}}},{"type":"Feature","geometry":{"type":"Point","coordinates":[1.365667,41.139889]},"properties":{"id":"es-3290","source":"ES","brand":"REPSOL","address":"CARRETERA N-340 KM. 1173","municipality":"Altafulla","province":"TARRAGONA","postalCode":"43893","schedule":"L-D: 06:00-00:00","fuels":{"gasoline95":1.825,"gasoline98":1.935,"diesel":1.925,"dieselRenewable":2.045,"lpg":1.185},"extra":{"saleType":"P","margin":"D","reportingType":"OM","ideess":"3290","idMunicipio":"6355","idProvincia":"43","idCCAA":"09"}}},{"type":"Feature","geometry":{"type":"Point","coordinates":[1.220028,41.120139]},"properties":{"id":"es-3291","source":"ES","brand":"BALLENOIL","address":"CALLE FRANCOLI, 75","municipality":"Tarragona","province":"TARRAGONA","postalCode":"43006","schedule":"L-D: 24H","fuels":{"gasoline95":1.619,"gasoline95Premium":1.629,"diesel":1.759,"dieselPremium":1.769},"extra":{"saleType":"P","margin":"I","reportingType":"OM","ideess":"3291","idMunicipio":"6494","idProvincia":"43","idCCAA":"09"}}},{"type":"Feature","geometry":{"type":"Point","coordinates":[1.103333,41.144444]},"properties":{"id":"es-3292","source":"ES","brand":"REPSOL","address":"CALLE AVENIDA S.BERNARDO CALVO, S/N","municipality":"Reus","province":"TARRAGONA","postalCode":"43205","schedule":"L-D: 06:00-22:00","fuels":{"gasoline95":1.789,"gasoline98":1.909,"diesel":1.895,"dieselB":1.599,"dieselRenewable":2.015},"extra":{"saleType":"P","margin":"D","reportingType":"OM","ideess":"3292","idMunicipio":"6467","idProvincia":"43","idCCAA":"09"}}},{"type":"Feature","geometry":{"type":"Point","coordinates":[1.589944,41.289444]},"properties":{"id":"es-3293","source":"ES","brand":"REPSOL","address":"AU AP-7   OESTE, 208","municipality":"Sant Jaume dels Domenys","province":"TARRAGONA","postalCode":"43713","schedule":"L-D: 24H","fuels":{"gasoline95":1.825,"gasoline95Premium":1.895,"gasoline98":1.945,"diesel":1.925,"dieselRenewable":2.045,"lpg":1.155},"extra":{"saleType":"P","margin":"D","reportingType":"OM","ideess":"3293","idMunicipio":"6482","idProvincia":"43","idCCAA":"09"}}},{"type":"Feature","geometry":{"type":"Point","coordinates":[1.114583,41.152306]},"properties":{"id":"es-3294","source":"ES","brand":"LORRY PETROL","address":"CARRER TARRAGONA, CAMI DE, 55","municipality":"Reus","province":"TARRAGONA","postalCode":"43204","schedule":"L-D: 24H","fuels":{"gasoline95":1.702,"gasoline98":1.832,"diesel":1.786,"dieselPremium":1.872},"extra":{"saleType":"P","margin":"N","reportingType":"dm","ideess":"3294","idMunicipio":"6467","idProvincia":"43","idCCAA":"09"}}},{"type":"Feature","geometry":{"type":"Point","coordinates":[1.534611,41.224778]},"properties":{"id":"es-3295","source":"ES","brand":"BP LA COMETA","address":"CR VENDRELL A VALLS KM  S/N","municipality":"Vendrell (El)","province":"TARRAGONA","postalCode":"43700","schedule":"L-D: 06:00-22:00","fuels":{"gasoline95":1.819,"gasoline98":1.959,"diesel":1.919,"dieselPremium":2.009},"extra":{"saleType":"P","margin":"N","reportingType":"dm","ideess":"3295","idMunicipio":"6509","idProvincia":"43","idCCAA":"09"}}},{"type":"Feature","geometry":{"type":"Point","coordinates":[1.230639,41.141194]},"properties":{"id":"es-3296","source":"ES","brand":"REPSOL","address":"CARRER DEL COURE, 2","municipality":"Tarragona","province":"TARRAGONA","postalCode":"43006","schedule":"L-V: 06:00-21:00; S: 07:00-21:00","fuels":{"gasoline95":1.839,"gasoline98":1.949,"diesel":1.959,"dieselRenewable":2.039,"adblue":1.0},"extra":{"saleType":"P","margin":"D","reportingType":"dm","ideess":"3296","idMunicipio":"6494","idProvincia":"43","idCCAA":"09"}}},{"type":"Feature","geometry":{"type":"Point","coordinates":[1.108111,41.072833]},"properties":{"id":"es-3300","source":"ES","brand":"BP","address":"AVENIDA DIPUTACIO, S/N","municipality":"Cambrils","province":"TARRAGONA","postalCode":"43850","schedule":"L-D: 06:00-22:00","fuels":{"gasoline95":1.799,"gasoline98":1.929,"diesel":1.915,"dieselPremium":1.985},"extra":{"saleType":"P","margin":"D","reportingType":"dm","ideess":"3300","idMunicipio":"6383","idProvincia":"43","idCCAA":"09"}}},{"type":"Feature","geometry":{"type":"Point","coordinates":[1.494167,41.262361]},"properties":{"id":"es-3303","source":"ES","brand":"SHELL","address":"CARRETERA DE VENDRELL A VALLS KM. 69300","municipality":"Bisbal del Penedès (La)","province":"TARRAGONA","postalCode":"43717","schedule":"L-D: 07:00-22:00","fuels":{"gasoline95":1.819,"diesel":1.929,"adblue":0.699},"extra":{"saleType":"P","margin":"N","reportingType":"dm","ideess":"3303","idMunicipio":"6372","idProvincia":"43","idCCAA":"09"}}},{"type":"Feature","geometry":{"type":"Point","coordinates":[1.214861,41.148194]},"properties":{"id":"es-3306","source":"ES","brand":"CEPSA","address":"CARRETERA TV-7211 KM. 9","municipality":"Constantí","province":"TARRAGONA","postalCode":"43120","schedule":"L-S: 06:00-22:00","fuels":{"gasoline95":1.814,"diesel":1.919,"dieselB":1.699},"extra":{"saleType":"P","margin":"D","reportingType":"OM","ideess":"3306","idMunicipio":"6391","idProvincia":"43","idCCAA":"09"}}},{"type":"Feature","geometry":{"type":"Point","coordinates":[1.096917,41.156639]},"properties":{"id":"es-3310","source":"ES","brand":"REPSOL","address":"CL DR.VILASECA-PAISES CATALANS, 26","municipality":"Reus","province":"TARRAGONA","postalCode":"43205","schedule":"L-D: 06:00-22:00","fuels":{"gasoline95":1.789,"gasoline98":1.909,"diesel":1.895,"dieselRenewable":2.015},"extra":{"saleType":"P","margin":"D","reportingType":"OM","ideess":"3310","idMunicipio":"6467","idProvincia":"43","idCCAA":"09"}}},{"type":"Feature","geometry":{"type":"Point","coordinates":[1.117194,41.161139]},"properties":{"id":"es-3315","source":"ES","brand":"REPSOL","address":"CL MONTBLANC, 139","municipality":"Reus","province":"TARRAGONA","postalCode":"43206","schedule":"L-S: 06:00-22:00; D: 06:00-14:00","fuels":{"gasoline95":1.789,"gasoline98":1.909,"diesel":1.899,"dieselPremium":2.009},"extra":{"saleType":"P","margin":"D","reportingType":"OM","ideess":"3315","idMunicipio":"6467","idProvincia":"43","idCCAA":"09"}}},{"type":"Feature","geometry":{"type":"Point","coordinates":[1.164611,41.374361]},"properties":{"id":"es-3317","source":"ES","brand":"REPSOL","address":"AVENIDA MURALLA SANTA TECLA, 10","municipality":"Montblanc","province":"TARRAGONA","postalCode":"43400","schedule":"L-D: 06:00-22:00","fuels":{"gasoline95":1.825,"gasoline98":1.945,"diesel":1.919,"dieselRenewable":2.039},"extra":{"saleType":"P","margin":"D","reportingType":"OM","ideess":"3317","idMunicipio":"6430","idProvincia":"43","idCCAA":"09"}}},{"type":"Feature","geometry":{"type":"Point","coordinates":[1.296972,41.128778]},"properties":{"id":"es-3318","source":"ES","brand":"REPSOL","address":"CARRETERA N-340 VALENCIA - BARCELOMA KM. 1167","municipality":"Tarragona","province":"TARRAGONA","postalCode":"43007","schedule":"L-D: 06:00-22:00","fuels":{"gasoline95":1.815,"gasoline98":1.935,"diesel":1.925,"dieselRenewable":2.045},"extra":{"saleType":"P","margin":"I","reportingType":"OM","ideess":"3318","idMunicipio":"6494","idProvincia":"43","idCCAA":"09"}}},{"type":"Feature","geometry":{"type":"Point","coordinates":[1.228278,41.117389]},"properties":{"id":"es-3319","source":"ES","brand":"REPSOL","address":"CR N-340, 1160","municipality":"Tarragona","province":"TARRAGONA","postalCode":"43006","schedule":"L-D: 06:00-22:00","fuels":{"gasoline95":1.819,"gasoline95Premium":1.879,"gasoline98":1.929,"diesel":1.899,"dieselRenewable":2.019},"extra":{"saleType":"P","margin":"I","reportingType":"OM","ideess":"3319","idMunicipio":"6494","idProvincia":"43","idCCAA":"09"}}},{"type":"Feature","geometry":{"type":"Point","coordinates":[1.242806,41.189361]},"properties":{"id":"es-3325","source":"ES","brand":"REPSOL","address":"CARRETERA TARRAGONA LERIDA KM. 8","municipality":"Perafort","province":"TARRAGONA","postalCode":"43152","schedule":"L-V: 07:00-19:00; S: 09:00-14:00","fuels":{"gasoline95":1.809,"gasoline98":1.979,"diesel":1.889,"dieselB":1.635,"dieselRenewable":2.009},"extra":{"saleType":"P","margin":"D","reportingType":"OM","ideess":"3325","idMunicipio":"6446","idProvincia":"43","idCCAA":"09"}}},{"type":"Feature","geometry":{"type":"Point","coordinates":[1.178556,41.457917]},"properties":{"id":"es-3328","source":"ES","brand":"REPSOL","address":"TRAVESSERA CARRETERA DE ARTESA, 4","municipality":"Solivella","province":"TARRAGONA","postalCode":"43412","schedule":"L: 06:00-22:00","fuels":{"gasoline95":1.799,"gasoline98":1.989,"diesel":1.929,"dieselPremium":1.989,"dieselB":1.619},"extra":{"saleType":"P","margin":"I","reportingType":"dm","ideess":"3328","idMunicipio":"6493","idProvincia":"43","idCCAA":"09"}}},{"type":"Feature","geometry":{"type":"Point","coordinates":[1.351222,41.289778]},"properties":{"id":"es-3329","source":"ES","brand":"CAMPSA","address":"CR C-51, 26,5","municipality":"Vila-rodona","province":"TARRAGONA","postalCode":"43814","schedule":"L-S: 07:00-21:00; D: 07:00-14:00","fuels":{"gasoline95":1.809,"gasoline98":1.979,"diesel":1.889,"dieselB":1.629,"dieselRenewable":2.009},"extra":{"saleType":"P","margin":"D","reportingType":"OM","ideess":"3329","idMunicipio":"6517","idProvincia":"43","idCCAA":"09"}}},{"type":"Feature","geometry":{"type":"Point","coordinates":[1.115556,41.141833]},"properties":{"id":"es-3330","source":"ES","brand":"BP","address":"CALLE CARRETERA DE SALOU, 111","municipality":"Reus","province":"TARRAGONA","postalCode":"43205","schedule":"L-V: 07:00-20:00","fuels":{"gasoline95":1.855,"gasoline98":1.985,"diesel":1.955,"dieselPremium":2.069},"extra":{"saleType":"P","margin":"I","reportingType":"dm","ideess":"3330","idMunicipio":"6467","idProvincia":"43","idCCAA":"09"}}},{"type":"Feature","geometry":{"type":"Point","coordinates":[1.280833,41.122944]},"properties":{"id":"es-3334","source":"ES","brand":"REPSOL","address":"CR N-340, 1165","municipality":"Tarragona","province":"TARRAGONA","postalCode":"43007","schedule":"L-D: 05:00-23:00","fuels":{"gasoline95":1.825,"gasoline95Premium":1.885,"gasolineRenewable":1.935,"diesel":1.935,"dieselRenewable":2.045},"extra":{"saleType":"P","margin":"D","reportingType":"OM","ideess":"3334","idMunicipio":"6494","idProvincia":"43","idCCAA":"09"}}},{"type":"Feature","geometry":{"type":"Point","coordinates":[1.117167,41.158528]},"properties":{"id":"es-3336","source":"ES","brand":"REPSOL","address":"CL AVDA. MARIA FORTUNY, 57","municipality":"Reus","province":"TARRAGONA","postalCode":"43205","schedule":"L-D: 07:00-00:00","fuels":{"gasoline95":1.789,"gasoline98":1.909,"diesel":1.899,"dieselPremium":2.009},"extra":{"saleType":"P","margin":"D","reportingType":"OM","ideess":"3336","idMunicipio":"6467","idProvincia":"43","idCCAA":"09"}}},{"type":"Feature","geometry":{"type":"Point","coordinates":[1.150028,41.077806]},"properties":{"id":"es-3337","source":"ES","brand":"REPSOL","address":"CR AP-1, 7,8","municipality":"Salou","province":"TARRAGONA","postalCode":"43840","schedule":"L-D: 07:00-22:00","fuels":{"gasoline95":1.805,"gasoline98":1.925,"diesel":1.909,"dieselPremium":1.969,"lpg":1.155},"extra":{"saleType":"P","margin":"D","reportingType":"OM","ideess":"3337","idMunicipio":"6480","idProvincia":"43","idCCAA":"09"}}},{"type":"Feature","geometry":{"type":"Point","coordinates":[1.103556,41.144556]},"properties":{"id":"es-3338","source":"ES","brand":"REPSOL","address":"AVENIDA S.BERNAT CALBO, 26/28","municipality":"Reus","province":"TARRAGONA","postalCode":"43205","schedule":"L-D: 06:00-22:00","fuels":{"gasoline95":1.789,"gasoline98":1.909,"diesel":1.895,"dieselPremium":2.005,"lpg":1.155},"extra":{"saleType":"P","margin":"D","reportingType":"OM","ideess":"3338","idMunicipio":"6467","idProvincia":"43","idCCAA":"09"}}},{"type":"Feature","geometry":{"type":"Point","coordinates":[1.536972,41.219778]},"properties":{"id":"es-3339","source":"ES","brand":"REPSOL","address":"CL AVDA JAUME CARNER ESQ.C/DEL MAR,","municipality":"Vendrell (El)","province":"TARRAGONA","postalCode":"43700","schedule":"L-D: 06:00-22:00","fuels":{"gasoline95":1.815,"gasoline98":1.935,"diesel":1.919,"dieselPremium":2.019},"extra":{"saleType":"P","margin":"D","reportingType":"OM","ideess":"3339","idMunicipio":"6509","idProvincia":"43","idCCAA":"09"}}},{"type":"Feature","geometry":{"type":"Point","coordinates":[1.233222,41.106639]},"properties":{"id":"es-3340","source":"ES","brand":"VILALTA","address":"CALLE MUELLE CASTILLA, S/N","municipality":"Tarragona","province":"TARRAGONA","postalCode":"43004","schedule":"L-D: 24H","fuels":{"gasoline95":1.799,"diesel":1.795,"adblue":0.699},"extra":{"saleType":"P","margin":"D","reportingType":"dm","ideess":"3340","idMunicipio":"6494","idProvincia":"43","idCCAA":"09"}}},{"type":"Feature","geometry":{"type":"Point","coordinates":[1.145528,41.203556]},"properties":{"id":"es-3341","source":"ES","brand":"CEPSA","address":"CARRETERA SALOU PONS KM. 15,8","municipality":"Selva del Camp (La)","province":"TARRAGONA","postalCode":"43470","schedule":"L: 06:00-22:00","fuels":{"gasoline95":1.799,"gasoline95Premium":1.899,"diesel":1.919,"dieselPremium":2.029,"dieselB":1.709},"extra":{"saleType":"P","margin":"D","reportingType":"dm","ideess":"3341","idMunicipio":"6490","idProvincia":"43","idCCAA":"09"}}},{"type":"Feature","geometry":{"type":"Point","coordinates":[1.544361,41.236278]},"properties":{"id":"es-3347","source":"ES","brand":"MOEVE","address":"CALLE ALT PENEDES-UR.MOLI SERRA, S/N","municipality":"Santa Oliva","province":"TARRAGONA","postalCode":"43710","schedule":"L-D: 06:00-22:00","fuels":{"gasoline95":1.819,"gasoline95E10":1.879,"diesel":1.935,"dieselPremium":2.039},"extra":{"saleType":"P","margin":"D","reportingType":"dm","ideess":"3347","idMunicipio":"6486","idProvincia":"43","idCCAA":"09"}}},{"type":"Feature","geometry":{"type":"Point","coordinates":[1.569861,41.19525]},"properties":{"id":"es-3349","source":"ES","brand":"MOEVE","address":"CALLE PRIORAT  EN  RESIDENCIAL, 16","municipality":"Calafell","province":"TARRAGONA","postalCode":"43820","schedule":"L-V: 07:00-21:00; S-D: 08:00-20:00","fuels":{"gasoline95":1.794,"gasoline95Premium":1.869,"diesel":1.919,"dieselPremium":2.009},"extra":{"saleType":"P","margin":"D","reportingType":"OM","ideess":"3349","idMunicipio":"6381","idProvincia":"43","idCCAA":"09"}}},{"type":"Feature","geometry":{"type":"Point","coordinates":[1.618583,41.285889]},"properties":{"id":"es-3350","source":"ES","brand":"MOEVE","address":"CARRETERA N-340 KM. 1201,8","municipality":"Arboç (L')","province":"TARRAGONA","postalCode":"43720","schedule":"L-D: 06:00-22:00","fuels":{"gasoline95":1.824,"gasoline95Premium":1.899,"diesel":1.949,"dieselPremium":2.039},"extra":{"saleType":"P","margin":"D","reportingType":"dm","ideess":"3350","idMunicipio":"6359","idProvincia":"43","idCCAA":"09"}}},{"type":"Feature","geometry":{"type":"Point","coordinates":[1.306778,41.131694]},"properties":{"id":"es-3360","source":"ES","brand":"MOEVE","address":"CARRETERA N-340 KM. 1168","municipality":"Tarragona","province":"TARRAGONA","postalCode":"43007","schedule":"L-D: 07:00-22:30","fuels":{"gasoline95":1.815,"diesel":1.935,"dieselPremium":1.999,"adblue":0.969},"extra":{"saleType":"P","margin":"D","reportingType":"dm","ideess":"3360","idMunicipio":"6494","idProvincia":"43","idCCAA":"09"}}},{"type":"Feature","geometry":{"type":"Point","coordinates":[1.212444,41.124361]},"properties":{"id":"es-3361","source":"ES","brand":"CEPSA","address":"CARRETERA N-420 KM. 867","municipality":"Tarragona","province":"TARRAGONA","postalCode":"43006","schedule":"L-S: 06:00-22:00; D: 07:00-22:00","fuels":{"gasoline95":1.814,"gasoline95Premium":1.879,"gasoline98":1.914,"diesel":1.919,"dieselPremium":1.999},"extra":{"saleType":"P","margin":"D","reportingType":"OM","ideess":"3361","idMunicipio":"6494","idProvincia":"43","idCCAA":"09"}}},{"type":"Feature","geometry":{"type":"Point","coordinates":[1.214028,41.124639]},"properties":{"id":"es-3362","source":"ES","brand":"CEPSA","address":"CARRETERA N-420 KM. 867","municipality":"Tarragona","province":"TARRAGONA","postalCode":"43006","schedule":"L-S: 06:00-22:00; D: 07:00-22:00","fuels":{"gasoline95":1.814,"gasoline95Premium":1.879,"gasoline98":1.914,"diesel":1.919,"dieselPremium":1.999},"extra":{"saleType":"P","margin":"I","reportingType":"OM","ideess":"3362","idMunicipio":"6494","idProvincia":"43","idCCAA":"09"}}},{"type":"Feature","geometry":{"type":"Point","coordinates":[1.412222,41.147167]},"properties":{"id":"es-3364","source":"ES","brand":"MOEVE","address":"CARRETERA N-340 KM. 1177,4","municipality":"Torredembarra","province":"TARRAGONA","postalCode":"43830","schedule":"L-D: 06:00-22:00","fuels":{"gasoline95":1.824,"gasoline95Premium":1.909,"diesel":1.939,"dieselPremium":2.029},"extra":{"saleType":"P","margin":"I","reportingType":"OM","ideess":"3364","idMunicipio":"6499","idProvincia":"43","idCCAA":"09"}}},{"type":"Feature","geometry":{"type":"Point","coordinates":[1.169056,41.256167]},"properties":{"id":"es-3367","source":"ES","brand":"ICOR ENERGIA","address":"AVENIDA DE REUS, 86","municipality":"Alcover","province":"TARRAGONA","postalCode":"43460","schedule":"L-D: 06:30-21:30","fuels":{"gasoline95":1.699,"gasoline98":1.809,"diesel":1.849,"dieselPremium":1.979,"dieselB":0.999},"extra":{"saleType":"P","margin":"N","reportingType":"dm","ideess":"3367","idMunicipio":"6347","idProvincia":"43","idCCAA":"09"}}},{"type":"Feature","geometry":{"type":"Point","coordinates":[1.592806,41.275472]},"properties":{"id":"es-3373","source":"ES","brand":"TAMOIL","address":"CARRETERA TP-2124 KM. 1,6","municipality":"Arboç (L')","province":"TARRAGONA","postalCode":"43720","schedule":"L-D: 24H","fuels":{"gasoline95":1.699,"gasoline98":1.799,"diesel":1.769,"dieselPremium":1.799,"biodiesel":1.739,"adblue":0.899},"extra":{"saleType":"P","margin":"D","reportingType":"OM","ideess":"3373","idMunicipio":"6359","idProvincia":"43","idCCAA":"09"}}},{"type":"Feature","geometry":{"type":"Point","coordinates":[1.411861,41.287889]},"properties":{"id":"es-3375","source":"ES","brand":"GALP","address":"AUTOPISTA AP-2 (MRG.IZDO.) KM. 221,5","municipality":"Vila-rodona","province":"TARRAGONA","postalCode":"43814","schedule":"L-D: 06:00-22:00","fuels":{"gasoline95":1.794,"gasoline98":1.924,"diesel":1.924,"dieselPremium":2.014,"lpg":1.089,"adblue":0.799},"extra":{"saleType":"P","margin":"I","reportingType":"OM","ideess":"3375","idMunicipio":"6517","idProvincia":"43","idCCAA":"09"}}},{"type":"Feature","geometry":{"type":"Point","coordinates":[1.191306,41.387222]},"properties":{"id":"es-3376","source":"ES","brand":"CEPSA","address":"AUTOPISTA AP-2 (MRG.DCHO.) KM. 196","municipality":"Montblanc","province":"TARRAGONA","postalCode":"43400","schedule":"L-D: 24H","fuels":{"gasoline95":1.814,"gasoline95Premium":1.899,"diesel":1.919,"dieselPremium":2.009},"extra":{"saleType":"P","margin":"D","reportingType":"OM","ideess":"3376","idMunicipio":"6430","idProvincia":"43","idCCAA":"09"}}},{"type":"Feature","geometry":{"type":"Point","coordinates":[1.187806,41.388056]},"properties":{"id":"es-3377","source":"ES","brand":"CEPSA","address":"AUTOPISTA AP-2 (MRG.IZDO.) KM. 196","municipality":"Montblanc","province":"TARRAGONA","postalCode":"43400","schedule":"L-D: 24H","fuels":{"gasoline95":1.794,"gasoline98":1.954,"diesel":1.919,"dieselPremium":2.009},"extra":{"saleType":"P","margin":"I","reportingType":"OM","ideess":"3377","idMunicipio":"6430","idProvincia":"43","idCCAA":"09"}}},{"type":"Feature","geometry":{"type":"Point","coordinates":[1.414278,41.286361]},"properties":{"id":"es-3378","source":"ES","brand":"GALP","address":"AUTOPISTA AP-2 (MRG.DCHO.) KM. 221,5","municipality":"Vila-rodona","province":"TARRAGONA","postalCode":"43814","schedule":"L-D: 06:00-22:00","fuels":{"gasoline95":1.794,"gasoline98":1.924,"diesel":1.924,"dieselPremium":2.014,"lpg":1.089,"adblue":0.799},"extra":{"saleType":"P","margin":"D","reportingType":"OM","ideess":"3378","idMunicipio":"6517","idProvincia":"43","idCCAA":"09"}}},{"type":"Feature","geometry":{"type":"Point","coordinates":[1.207444,41.205778]},"properties":{"id":"es-3381","source":"ES","brand":"ICOR ENERGIA","address":"CARRETERA T-722 KM. 11,5","municipality":"Vilallonga del Camp","province":"TARRAGONA","postalCode":"43141","schedule":"L-D: 06:30-21:30","fuels":{"gasoline95":1.699,"gasoline98":1.809,"diesel":1.829,"dieselPremium":1.979},"extra":{"saleType":"P","margin":"N","reportingType":"dm","ideess":"3381","idMunicipio":"6513","idProvincia":"43","idCCAA":"09"}}},{"type":"Feature","geometry":{"type":"Point","coordinates":[1.318528,41.17025]},"properties":{"id":"es-3386","source":"ES","brand":"PETROLIS DE BARCELONA S.A","address":"CARRETERA PT-2039 KM. 0,900","municipality":"Catllar (El)","province":"TARRAGONA","postalCode":"43764","schedule":"L-V: 07:00-21:00; S-D: 08:00-20:00","fuels":{"gasoline95":1.729,"gasoline98":1.859,"diesel":1.859},"extra":{"saleType":"P","margin":"N","reportingType":"dm","ideess":"3386","idMunicipio":"6388","idProvincia":"43","idCCAA":"09"}}},{"type":"Feature","geometry":{"type":"Point","coordinates":[1.236056,41.274528]},"properties":{"id":"es-3387","source":"ES","brand":"ICOR ENERGIA","address":"CARRETERA C-724 KM. 6,3","municipality":"Valls","province":"TARRAGONA","postalCode":"43800","schedule":"L-D: 06:30-21:30","fuels":{"gasoline95":1.699,"gasoline98":1.809,"diesel":1.799,"adblue":0.82},"extra":{"saleType":"P","margin":"I","reportingType":"dm","ideess":"3387","idMunicipio":"6507","idProvincia":"43","idCCAA":"09"}}},{"type":"Feature","geometry":{"type":"Point","coordinates":[1.393444,41.152056]},"properties":{"id":"es-3390","source":"ES","brand":"GALP","address":"CARRETERA DE LA RIERA KM. 20","municipality":"Torredembarra","province":"TARRAGONA","postalCode":"43830","schedule":"L-D: 24H","fuels":{"gasoline95":1.814,"gasoline98":1.974,"diesel":1.939,"dieselPremium":1.989},"extra":{"saleType":"P","margin":"N","reportingType":"OM","ideess":"3390","idMunicipio":"6499","idProvincia":"43","idCCAA":"09"}}},{"type":"Feature","geometry":{"type":"Point","coordinates":[1.345444,41.140806]},"properties":{"id":"es-3391","source":"ES","brand":"CEPSA","address":"CARRETERA E-15/AP-7 KM. 237","municipality":"Altafulla","province":"TARRAGONA","postalCode":"43893","schedule":"L-D: 24H","fuels":{"gasoline95":1.824,"gasoline95Premium":1.909,"gasoline98":1.954,"diesel":1.939,"dieselPremium":2.029,"lpg":1.199},"extra":{"saleType":"P","margin":"D","reportingType":"OM","ideess":"3391","idMunicipio":"6355","idProvincia":"43","idCCAA":"09"}}},{"type":"Feature","geometry":{"type":"Point","coordinates":[1.863806,41.433139]},"properties":{"id":"es-396","source":"ES","brand":"E.S.GELIDA","address":"CALLE ANSELM CLAVE, 5176901","municipality":"Gelida","province":"BARCELONA","postalCode":"08790","schedule":"L-D: 07:00-21:00","fuels":{"gasoline95":1.729,"gasoline98":1.789,"diesel":1.879},"extra":{"saleType":"P","margin":"D","reportingType":"dm","ideess":"396","idMunicipio":"956","idProvincia":"08","idCCAA":"09"}}},{"type":"Feature","geometry":{"type":"Point","coordinates":[1.72975,41.35375]},"properties":{"id":"es-7998","source":"ES","brand":"LACICAR","address":"SANT MIQUEL D'OLERDOLA (P. I.  SANT PERE MOLANTA)","municipality":"Olèrdola","province":"BARCELONA","postalCode":"08799","schedule":"L-V: 08:00-13:00 y 15:00-20:00","fuels":{"diesel":1.934},"extra":{"saleType":"P","margin":"N","reportingType":"dm","ideess":"7998","idMunicipio":"1009","idProvincia":"08","idCCAA":"09"}}},{"type":"Feature","geometry":{"type":"Point","coordinates":[1.371611,41.726694]},"properties":{"id":"es-8132","source":"ES","brand":"E.S. SANT RAMON","address":"CARRETERA NACIONAL 141 KM. 11,400","municipality":"Sant Ramon","province":"LLEIDA","postalCode":"25215","schedule":"L: 08:30-21:00","fuels":{"gasoline95":1.745,"gasoline98":1.91,"diesel":1.945,"dieselB":1.47},"extra":{"saleType":"P","margin":"I","reportingType":"dm","ideess":"8132","idMunicipio":"3980","idProvincia":"25","idCCAA":"09"}}},{"type":"Feature","geometry":{"type":"Point","coordinates":[1.513472,41.18625]},"properties":{"id":"es-8164","source":"ES","brand":"GM FUEL STATIONS","address":"CARRETERA NACIONAL 340 KM. 1187","municipality":"Vendrell (El)","province":"TARRAGONA","postalCode":"43880","schedule":"L-D: 24H","fuels":{"gasoline95":1.729,"gasoline98":1.859,"diesel":1.869,"adblue":0.82},"extra":{"saleType":"P","margin":"I","reportingType":"dm","ideess":"8164","idMunicipio":"6509","idProvincia":"43","idCCAA":"09"}}},{"type":"Feature","geometry":{"type":"Point","coordinates":[1.919694,41.379556]},"properties":{"id":"es-8288","source":"ES","brand":"GALP","address":"CARRETERA N-340 KM. 1234,5","municipality":"Vallirana","province":"BARCELONA","postalCode":"08759","schedule":"L-D: 06:00-22:00","fuels":{"gasoline95":1.704,"gasoline98":1.814,"diesel":1.919,"dieselPremium":1.969,"adblue":0.799},"extra":{"saleType":"P","margin":"N","reportingType":"OM","ideess":"8288","idMunicipio":"1155","idProvincia":"08","idCCAA":"09"}}},{"type":"Feature","geometry":{"type":"Point","coordinates":[1.594361,41.191694]},"properties":{"id":"es-8313","source":"ES","brand":"SHELL","address":"CARRETERA C-246 \"MAS MEL\" SECTOR 6 KM. 4","municipality":"Calafell","province":"TARRAGONA","postalCode":"43820","schedule":"L-D: 05:00-23:00","fuels":{"gasoline95":1.784,"gasoline98":1.924,"diesel":1.884,"dieselPremium":1.964},"extra":{"saleType":"P","margin":"N","reportingType":"OM","ideess":"8313","idMunicipio":"6381","idProvincia":"43","idCCAA":"09"}}},{"type":"Feature","geometry":{"type":"Point","coordinates":[1.02225,41.062944]},"properties":{"id":"es-8529","source":"ES","brand":"SHELL","address":"CARRETERA NACIONAL 340 KM. 299,300","municipality":"Cambrils","province":"TARRAGONA","postalCode":"43850","schedule":"L-V: 09:00-14:00 y 16:00-19:00","fuels":{"gasoline95":1.699,"gasoline98":1.839,"diesel":1.799,"dieselPremium":1.879},"extra":{"saleType":"P","margin":"I","reportingType":"OM","ideess":"8529","idMunicipio":"6383","idProvincia":"43","idCCAA":"09"}}},{"type":"Feature","geometry":{"type":"Point","coordinates":[1.061222,41.137639]},"properties":{"id":"es-8530","source":"ES","brand":"SHELL","address":"CARRETERA T-310 REUS-PRATDIP KM. 4","municipality":"Riudoms","province":"TARRAGONA","postalCode":"43330","schedule":"L-D: 06:00-22:00","fuels":{"gasoline95":1.699,"diesel":1.819,"dieselPremium":1.899,"dieselB":1.589},"extra":{"saleType":"P","margin":"I","reportingType":"OM","ideess":"8530","idMunicipio":"6473","idProvincia":"43","idCCAA":"09"}}},{"type":"Feature","geometry":{"type":"Point","coordinates":[1.238611,41.112694]},"properties":{"id":"es-8531","source":"ES","brand":"REPSOL","address":"CALLE TORRES JORDI (DE), 1","municipality":"Tarragona","province":"TARRAGONA","postalCode":"43005","schedule":"L-D: 24H","fuels":{"gasoline95":1.809,"gasoline98":1.929,"diesel":1.909,"dieselPremium":1.995,"adblue":0.699},"extra":{"saleType":"P","margin":"N","reportingType":"dm","ideess":"8531","idMunicipio":"6494","idProvincia":"43","idCCAA":"09"}}},{"type":"Feature","geometry":{"type":"Point","coordinates":[1.181417,41.114611]},"properties":{"id":"es-8532","source":"ES","brand":"SHELL","address":"CARRETERA NACIONAL 340 KM. 1156","municipality":"Tarragona","province":"TARRAGONA","postalCode":"43110","schedule":"L-D: 06:00-22:00","fuels":{"gasoline95":1.649,"gasoline98":1.849,"diesel":1.769,"dieselPremium":1.869},"extra":{"saleType":"P","margin":"I","reportingType":"OM","ideess":"8532","idMunicipio":"6494","idProvincia":"43","idCCAA":"09"}}},{"type":"Feature","geometry":{"type":"Point","coordinates":[1.182694,41.085833]},"properties":{"id":"es-8533","source":"ES","brand":"SHELL","address":"PASEO PASSEIG PAU CASALS, S/N","municipality":"Vila-seca","province":"TARRAGONA","postalCode":"43480","schedule":"L-D: 05:00-23:00","fuels":{"gasoline95":1.739,"gasoline98":1.879,"diesel":1.819,"dieselPremium":1.899},"extra":{"saleType":"P","margin":"I","reportingType":"OM","ideess":"8533","idMunicipio":"6518","idProvincia":"43","idCCAA":"09"}}},{"type":"Feature","geometry":{"type":"Point","coordinates":[1.130611,41.103389]},"properties":{"id":"es-8534","source":"ES","brand":"SHELL","address":"CARRETERA N-340A KM. 1151","municipality":"Vila-seca","province":"TARRAGONA","postalCode":"43480","schedule":"L-D: 24H","fuels":{"gasoline95":1.799,"gasoline98":1.929,"diesel":1.939,"dieselPremium":1.985,"lpg":0.935,"adblue":0.719},"extra":{"saleType":"P","margin":"D","reportingType":"dm","ideess":"8534","idMunicipio":"6518","idProvincia":"43","idCCAA":"09"}}},{"type":"Feature","geometry":{"type":"Point","coordinates":[1.061028,41.0775]},"properties":{"id":"es-8535","source":"ES","brand":"SHELL","address":"TRAVESÍA CR NACIONAL 340, 233","municipality":"Vinyols i els Arcs","province":"TARRAGONA","postalCode":"43391","schedule":"L-D: 06:00-22:00","fuels":{"gasoline95":1.699,"gasoline98":1.839,"diesel":1.819,"dieselPremium":1.899},"extra":{"saleType":"P","margin":"N","reportingType":"OM","ideess":"8535","idMunicipio":"6524","idProvincia":"43","idCCAA":"09"}}},{"type":"Feature","geometry":{"type":"Point","coordinates":[1.217083,41.114]},"properties":{"id":"es-8536","source":"ES","brand":"TAMOIL","address":"AUTOVIA AP-01 KM. 0,450","municipality":"Tarragona","province":"TARRAGONA","postalCode":"43007","schedule":"L-D: 24H","fuels":{"gasoline95":1.599,"gasoline98":1.699,"diesel":1.699,"biodiesel":1.669,"adblue":0.899},"extra":{"saleType":"P","margin":"D","reportingType":"OM","ideess":"8536","idMunicipio":"6494","idProvincia":"43","idCCAA":"09"}}},{"type":"Feature","geometry":{"type":"Point","coordinates":[1.197528,41.105417]},"properties":{"id":"es-8564","source":"ES","brand":"SHELL","address":"AUTOVIA A-1 TARRAGONA-SALOU KM. 3","municipality":"Tarragona","province":"TARRAGONA","postalCode":"43006","schedule":"L-V: 00:00-23:59","fuels":{"gasoline95":1.659,"gasoline98":1.859,"diesel":1.779,"dieselPremium":1.879},"extra":{"saleType":"P","margin":"D","reportingType":"OM","ideess":"8564","idMunicipio":"6494","idProvincia":"43","idCCAA":"09"}}},{"type":"Feature","geometry":{"type":"Point","coordinates":[1.688667,41.930222]},"properties":{"id":"es-8922","source":"ES","brand":"AVANTI","address":"CTRA. DE CARDONA A BERGA (B420 km 1.700)","municipality":"Cardona","province":"BARCELONA","postalCode":"08261","schedule":"L-D: 24H","fuels":{"gasoline95":1.609,"diesel":1.759,"dieselPremium":1.799,"dieselB":1.4,"adblue":0.64},"extra":{"saleType":"P","margin":"D","reportingType":"dm","ideess":"8922","idMunicipio":"909","idProvincia":"08","idCCAA":"09"}}},{"type":"Feature","geometry":{"type":"Point","coordinates":[1.1705,41.394417]},"properties":{"id":"es-9096","source":"ES","brand":"ENERGETICS CONCA S.L.","address":"LA GUARDIA DELS PRATS (C-14 km 38.3)","municipality":"Montblanc","province":"TARRAGONA","postalCode":"43400","schedule":"L-V: 08:00-13:00 y 15:00-19:00; S: 08:00-13:00","fuels":{"diesel":1.779,"adblue":0.68},"extra":{"saleType":"P","margin":"I","reportingType":"dm","ideess":"9096","idMunicipio":"6430","idProvincia":"43","idCCAA":"09"}}},{"type":"Feature","geometry":{"type":"Point","coordinates":[1.245528,41.446667]},"properties":{"id":"es-9246","source":"ES","brand":"VINICOLA DE SARRAL, SCCL","address":"AVINGUDA DE LA CONCA, 33","municipality":"Sarral","province":"TARRAGONA","postalCode":"43392","schedule":"L-D: 24H","fuels":{"gasoline95":1.598,"diesel":1.789,"dieselB":1.443},"extra":{"saleType":"P","margin":"N","reportingType":"dm","ideess":"9246","idMunicipio":"6487","idProvincia":"43","idCCAA":"09"}}},{"type":"Feature","geometry":{"type":"Point","coordinates":[1.874306,41.858028]},"properties":{"id":"es-9369","source":"ES","brand":"PETROBAGES S.L.","address":"AVENIDA INDUSTRIA, ","municipality":"Balsareny","province":"BARCELONA","postalCode":"08660","schedule":"L-D: 24H","fuels":{"gasoline95":1.63,"diesel":1.79},"extra":{"saleType":"P","margin":"D","reportingType":"dm","ideess":"9369","idMunicipio":"879","idProvincia":"08","idCCAA":"09"}}},{"type":"Feature","geometry":{"type":"Point","coordinates":[1.968222,41.501833]},"properties":{"id":"es-9461","source":"ES","brand":"CEPSA","address":"CARRETERA C-243C KM. 5","municipality":"Castellbisbal","province":"BARCELONA","postalCode":"08755","schedule":"L-D: 06:00-23:00","fuels":{"gasoline95":1.765,"gasoline98":1.945,"diesel":1.945,"dieselPremium":2.109},"extra":{"saleType":"P","margin":"D","reportingType":"dm","ideess":"9461","idMunicipio":"917","idProvincia":"08","idCCAA":"09"}}},{"type":"Feature","geometry":{"type":"Point","coordinates":[1.897389,41.593444]},"properties":{"id":"es-9492","source":"ES","brand":"LOWCOSTFUEL","address":"CARRETERA C-58 KM. 32,5","municipality":"Vacarisses","province":"BARCELONA","postalCode":"08233","schedule":"L-D: 24H","fuels":{"gasoline95":1.599,"diesel":1.769},"extra":{"saleType":"P","margin":"D","reportingType":"dm","ideess":"9492","idMunicipio":"1151","idProvincia":"08","idCCAA":"09"}}},{"type":"Feature","geometry":{"type":"Point","coordinates":[1.89825,41.592667]},"properties":{"id":"es-9493","source":"ES","brand":"LOWCOSTFUEL","address":"CARRETERA C-58 KM. 32,5","municipality":"Vacarisses","province":"BARCELONA","postalCode":"08233","schedule":"L-D: 24H","fuels":{"gasoline95":1.599,"diesel":1.769},"extra":{"saleType":"P","margin":"I","reportingType":"dm","ideess":"9493","idMunicipio":"1151","idProvincia":"08","idCCAA":"09"}}},{"type":"Feature","geometry":{"type":"Point","coordinates":[1.169889,41.250583]},"properties":{"id":"es-9582","source":"ES","brand":"OILPRIX","address":"CRTA.C-14 km 19,50","municipality":"Alcover","province":"TARRAGONA","postalCode":"43460","schedule":"L-S: 06:30-22:00; D: 07:30-22:00","fuels":{"gasoline95":1.696,"diesel":1.753,"dieselB":1.393,"adblue":0.928},"extra":{"saleType":"P","margin":"I","reportingType":"OM","ideess":"9582","idMunicipio":"6347","idProvincia":"43","idCCAA":"09"}}},{"type":"Feature","geometry":{"type":"Point","coordinates":[1.697694,41.451528]},"properties":{"id":"es-9835","source":"ES","brand":"NINGUNO","address":"CALLE CARRETERA (LA), 162","municipality":"Sant Pere de Riudebitlles","province":"BARCELONA","postalCode":"08776","schedule":"L-D: 06:00-22:00","fuels":{"gasoline95":1.799,"gasoline98":1.939,"diesel":1.899,"dieselPremium":1.949},"extra":{"saleType":"P","margin":"D","reportingType":"dm","ideess":"9835","idMunicipio":"1093","idProvincia":"08","idCCAA":"09"}}},{"type":"Feature","geometry":{"type":"Point","coordinates":[1.811222,41.729389]},"properties":{"id":"es-9895","source":"ES","brand":"PETROSET","address":"AVENIDA PIRELLI, 29","municipality":"Manresa","province":"BARCELONA","postalCode":"08241","schedule":"L-D: 24H","fuels":{"gasoline95":1.599,"gasoline98":1.799,"diesel":1.699,"dieselPremium":1.779,"adblue":0.99},"extra":{"saleType":"P","margin":"N","reportingType":"dm","ideess":"9895","idMunicipio":"978","idProvincia":"08","idCCAA":"09"}}}]}