{"type":"FeatureCollection","features":[{"type":"Feature","geometry":{"type":"Point","coordinates":[-6.071944,37.289778]},"properties":{"id":"es-10216","source":"ES","brand":"E.S. IÑIGO","address":"CARRETERA CTRA. SE-647 ALMENSILLA-CORIA KM 8.320 KM. 8,320","municipality":"Coria del Río","province":"SEVILLA","postalCode":"41110","schedule":"L-D: 06:30-22:30","fuels":{"gasoline95":1.689,"diesel":1.819},"extra":{"saleType":"P","margin":"D","reportingType":"dm","ideess":"10216","idMunicipio":"6089","idProvincia":"41","idCCAA":"01"}}},{"type":"Feature","geometry":{"type":"Point","coordinates":[-6.490667,37.138417]},"properties":{"id":"es-10602","source":"ES","brand":"BP CANALIEGA","address":"AVENIDA AVDA. LA CANALIEGA, S/N","municipality":"Almonte","province":"HUELVA","postalCode":"21750","schedule":"L-V: 06:00-22:00; S: 24H; D: 00:00-22:00","fuels":{"gasoline95":1.809,"gasoline98":1.949,"diesel":1.949,"dieselPremium":2.039},"extra":{"saleType":"P","margin":"D","reportingType":"OM","ideess":"10602","idMunicipio":"3219","idProvincia":"21","idCCAA":"01"}}},{"type":"Feature","geometry":{"type":"Point","coordinates":[-6.538056,37.358889]},"properties":{"id":"es-10774","source":"ES","brand":"CARREFOUR","address":"CARRETERA CRTRA LA PALMA A BOLLULLOS KM. 3,2","municipality":"Palma del Condado (La)","province":"HUELVA","postalCode":"21700","schedule":"L-D: 24H","fuels":{"gasoline95":1.789,"gasoline98":1.879,"diesel":1.899,"dieselPremium":1.939},"extra":{"saleType":"P","margin":"D","reportingType":"dm","ideess":"10774","idMunicipio":"3268","idProvincia":"21","idCCAA":"01"}}},{"type":"Feature","geometry":{"type":"Point","coordinates":[-6.035389,37.368861]},"properties":{"id":"es-10849","source":"ES","brand":"CARREFOUR","address":"CARRETERA SAN JUAN DE AZNALFARACHE KM. 1","municipality":"San Juan de Aznalfarache","province":"SEVILLA","postalCode":"41920","schedule":"L-D: 24H","fuels":{"gasoline95":1.729,"gasoline98":1.939,"diesel":1.899,"dieselPremium":1.939},"extra":{"saleType":"P","margin":"N","reportingType":"dm","ideess":"10849","idMunicipio":"6143","idProvincia":"41","idCCAA":"01"}}},{"type":"Feature","geometry":{"type":"Point","coordinates":[-6.289722,37.301917]},"properties":{"id":"es-10979","source":"ES","brand":"E.S.ALCARAYON (BP OIL)","address":"AVENIDA DEL ALJARAFE,, 98","municipality":"Pilas","province":"SEVILLA","postalCode":"41840","schedule":"L-D: 06:00-22:00","fuels":{"gasoline95":1.785,"gasoline98":1.925,"diesel":1.949,"dieselPremium":2.039},"extra":{"saleType":"P","margin":"N","reportingType":"dm","ideess":"10979","idMunicipio":"6132","idProvincia":"41","idCCAA":"01"}}},{"type":"Feature","geometry":{"type":"Point","coordinates":[-6.939472,37.269667]},"properties":{"id":"es-11038","source":"ES","brand":"CH","address":"CALLE RUBEN DARIO, 3","municipality":"Huelva","province":"HUELVA","postalCode":"21005","schedule":"L-D: 24H","fuels":{"gasoline95":1.845,"gasoline98":2.015,"diesel":1.985,"dieselPremium":2.094},"extra":{"saleType":"P","margin":"N","reportingType":"dm","ideess":"11038","idMunicipio":"3255","idProvincia":"21","idCCAA":"01"}}},{"type":"Feature","geometry":{"type":"Point","coordinates":[-6.064944,37.339028]},"properties":{"id":"es-11121","source":"ES","brand":"REPSOL","address":"CTRA/ MAIRENA DEL ALJARAFE - PALOMARES DEL RIO KM-1","municipality":"Mairena del Aljarafe","province":"SEVILLA","postalCode":"41927","schedule":"L-D: 06:00-23:00","fuels":{"gasoline95":1.775,"gasoline98":1.955,"diesel":1.965,"dieselRenewable":2.055,"adblue":1.2},"extra":{"saleType":"P","margin":"D","reportingType":"dm","ideess":"11121","idMunicipio":"6116","idProvincia":"41","idCCAA":"01"}}},{"type":"Feature","geometry":{"type":"Point","coordinates":[-6.720278,37.796889]},"properties":{"id":"es-11263","source":"ES","brand":"REPSOL","address":"CARRETERA NACIONAL 435 KM. 151,7","municipality":"Almonaster la Real","province":"HUELVA","postalCode":"21350","schedule":"L-D: 08:00-20:00","fuels":{"gasoline95":1.805,"diesel":1.985,"dieselRenewable":2.105},"extra":{"saleType":"P","margin":"D","reportingType":"OM","ideess":"11263","idMunicipio":"3218","idProvincia":"21","idCCAA":"01"}}},{"type":"Feature","geometry":{"type":"Point","coordinates":[-6.253528,37.67825]},"properties":{"id":"es-11315","source":"ES","brand":"AGLA","address":"CARRETERA NACIONAL 433 KM. 47","municipality":"Castillo de las Guardas (El)","province":"SEVILLA","postalCode":"41890","schedule":"L-D: 06:00-22:00","fuels":{"gasoline95":1.689,"diesel":1.899,"dieselPremium":1.919},"extra":{"saleType":"P","margin":"I","reportingType":"dm","ideess":"11315","idMunicipio":"6086","idProvincia":"41","idCCAA":"01"}}},{"type":"Feature","geometry":{"type":"Point","coordinates":[-6.000194,37.002333]},"properties":{"id":"es-11369","source":"ES","brand":"MORA Y CIUDAD COMBUSTIBLES","address":"POLIGONO MARISMILLAS, S/N","municipality":"Cabezas de San Juan (Las)","province":"SEVILLA","postalCode":"41730","schedule":"L-S: 06:30-21:30; D: 08:00-21:00","fuels":{"gasoline95":1.698,"diesel":1.828,"dieselB":1.468},"extra":{"saleType":"P","margin":"D","reportingType":"dm","ideess":"11369","idMunicipio":"6074","idProvincia":"41","idCCAA":"01"}}},{"type":"Feature","geometry":{"type":"Point","coordinates":[-6.087972,37.36575]},"properties":{"id":"es-11468","source":"ES","brand":"SHELL","address":"CARRETERA SE-620 C.CUESTA-BOLLULLOS KM. 3","municipality":"Bormujos","province":"SEVILLA","postalCode":"41930","schedule":"L-D: 24H","fuels":{"gasoline95":1.664,"diesel":1.784},"extra":{"saleType":"P","margin":"D","reportingType":"OM","ideess":"11468","idMunicipio":"6071","idProvincia":"41","idCCAA":"01"}}},{"type":"Feature","geometry":{"type":"Point","coordinates":[-6.314333,37.969778]},"properties":{"id":"es-11490","source":"ES","brand":"AGLA","address":"AVENIDA CONSTITUCION, 1","municipality":"Cala","province":"HUELVA","postalCode":"21270","schedule":"L-S: 07:00-22:00; D: 08:00-22:00","fuels":{"gasoline95":1.699,"diesel":1.839},"extra":{"saleType":"P","margin":"D","reportingType":"dm","ideess":"11490","idMunicipio":"3230","idProvincia":"21","idCCAA":"01"}}},{"type":"Feature","geometry":{"type":"Point","coordinates":[-6.024528,37.461806]},"properties":{"id":"es-11546","source":"ES","brand":"REPSOL","address":"CARRETERA A-8079 KM. 2","municipality":"Algaba (La)","province":"SEVILLA","postalCode":"41980","schedule":"L-D: 06:00-22:00","fuels":{"gasoline95":1.749,"gasoline95Premium":1.819,"gasoline98":1.919,"diesel":1.939,"dieselPremium":2.009},"extra":{"saleType":"P","margin":"I","reportingType":"OM","ideess":"11546","idMunicipio":"6061","idProvincia":"41","idCCAA":"01"}}},{"type":"Feature","geometry":{"type":"Point","coordinates":[-6.543583,37.60625]},"properties":{"id":"es-11668","source":"ES","brand":"COOPERATIVA CORCHERA","address":"CARRETERA HU-4103 KM. 29,5","municipality":"Berrocal","province":"HUELVA","postalCode":"21647","schedule":"L-D: 24H","fuels":{"gasoline95":1.794,"diesel":1.91,"dieselB":1.34},"extra":{"saleType":"P","margin":"I","reportingType":"dm","ideess":"11668","idMunicipio":"3226","idProvincia":"21","idCCAA":"01"}}},{"type":"Feature","geometry":{"type":"Point","coordinates":[-6.832556,37.37725]},"properties":{"id":"es-11706","source":"ES","brand":"SUMALCA","address":"CALLE MOGUER, S/N","municipality":"Trigueros","province":"HUELVA","postalCode":"21620","schedule":"L-D: 24H","fuels":{"gasoline95":1.644,"diesel":1.75,"dieselPremium":1.76,"dieselB":1.348},"extra":{"saleType":"P","margin":"D","reportingType":"dm","ideess":"11706","idMunicipio":"3284","idProvincia":"21","idCCAA":"01"}}},{"type":"Feature","geometry":{"type":"Point","coordinates":[-6.211083,37.309333]},"properties":{"id":"es-12086","source":"ES","brand":"LA JULIANA","address":"CARRETERA A-474 KM. 19","municipality":"Benacazón","province":"SEVILLA","postalCode":"41805","schedule":"L-D: 24H","fuels":{"gasoline95":1.659,"diesel":1.775,"dieselPremium":1.875,"dieselB":1.469,"adblue":0.97},"extra":{"saleType":"P","margin":"I","reportingType":"dm","ideess":"12086","idMunicipio":"6069","idProvincia":"41","idCCAA":"01"}}},{"type":"Feature","geometry":{"type":"Point","coordinates":[-6.031444,37.385583]},"properties":{"id":"es-12132","source":"ES","brand":"BP VEGA DEL REY","address":"CALLE SAN JUAN DE AZNALFARACHE, ","municipality":"Camas","province":"SEVILLA","postalCode":"41900","schedule":"L-D: 06:30-22:30","fuels":{"gasoline95":1.765,"gasoline98":1.905,"diesel":1.939,"dieselPremium":2.029},"extra":{"saleType":"P","margin":"D","reportingType":"OM","ideess":"12132","idMunicipio":"6075","idProvincia":"41","idCCAA":"01"}}},{"type":"Feature","geometry":{"type":"Point","coordinates":[-6.035833,37.554639]},"properties":{"id":"es-12165","source":"ES","brand":"MOEVE- E.S. EL CERRO","address":"CALLE INGENIERIA, 1","municipality":"Guillena","province":"SEVILLA","postalCode":"41210","schedule":"L-D: 24H","fuels":{"gasoline95":1.749,"diesel":1.939,"adblue":1.0},"extra":{"saleType":"P","margin":"N","reportingType":"dm","ideess":"12165","idMunicipio":"6105","idProvincia":"41","idCCAA":"01"}}},{"type":"Feature","geometry":{"type":"Point","coordinates":[-6.025444,37.355083]},"properties":{"id":"es-12238","source":"ES","brand":"REPSOL CROSS","address":"POLIGONO ALAVERA PARCELA 6.1, ","municipality":"San Juan de Aznalfarache","province":"SEVILLA","postalCode":"41920","schedule":"L-D: 24H","fuels":{"gasoline95":1.775,"gasoline98":1.915,"diesel":1.969,"dieselPremium":2.059,"adblue":1.3},"extra":{"saleType":"P","margin":"D","reportingType":"dm","ideess":"12238","idMunicipio":"6143","idProvincia":"41","idCCAA":"01"}}},{"type":"Feature","geometry":{"type":"Point","coordinates":[-6.977444,37.195056]},"properties":{"id":"es-12239","source":"ES","brand":"REPSOL","address":"AUTOVIA A-497 KM. 18","municipality":"Punta Umbría","province":"HUELVA","postalCode":"21100","schedule":"L-D: 06:00-22:00","fuels":{"gasoline95":1.849,"gasoline98":1.969,"diesel":1.999,"dieselRenewable":2.109},"extra":{"saleType":"P","margin":"D","reportingType":"OM","ideess":"12239","idMunicipio":"3274","idProvincia":"21","idCCAA":"01"}}},{"type":"Feature","geometry":{"type":"Point","coordinates":[-6.093056,37.384278]},"properties":{"id":"es-12291","source":"ES","brand":"C2I","address":"CALLE NUESTRA SEÑORA DEL ROSARIO, 23","municipality":"Espartinas","province":"SEVILLA","postalCode":"41807","schedule":"L-D: 24H","fuels":{"gasoline95":1.659,"diesel":1.779},"extra":{"saleType":"P","margin":"I","reportingType":"dm","ideess":"12291","idMunicipio":"6096","idProvincia":"41","idCCAA":"01"}}},{"type":"Feature","geometry":{"type":"Point","coordinates":[-6.070833,37.320556]},"properties":{"id":"es-12371","source":"ES","brand":"BP","address":"AVENIDA ALJARAFE (DEL), 68","municipality":"Palomares del Río","province":"SEVILLA","postalCode":"41928","schedule":"L-V: 08:00-20:00","fuels":{"gasoline95":1.769,"gasoline98":1.889,"diesel":1.939,"dieselPremium":1.999},"extra":{"saleType":"P","margin":"N","reportingType":"dm","ideess":"12371","idMunicipio":"6127","idProvincia":"41","idCCAA":"01"}}},{"type":"Feature","geometry":{"type":"Point","coordinates":[-6.593806,37.299722]},"properties":{"id":"es-12379","source":"ES","brand":"SAT CONDADO","address":"CARRETERA ALMONTE DE KM. 9","municipality":"Rociana del Condado","province":"HUELVA","postalCode":"21720","schedule":"L-D: 06:00-22:00","fuels":{"gasoline95":1.589,"diesel":1.749,"dieselB":1.429},"extra":{"saleType":"P","margin":"I","reportingType":"dm","ideess":"12379","idMunicipio":"3275","idProvincia":"21","idCCAA":"01"}}},{"type":"Feature","geometry":{"type":"Point","coordinates":[-6.444083,37.82475]},"properties":{"id":"es-12406","source":"ES","brand":"HIGUEROIL","address":"POLIGONO PUERTA DEL PARQUE NATURAL, 1","municipality":"Higuera de la Sierra","province":"HUELVA","postalCode":"21220","schedule":"L-D: 24H","fuels":{"gasoline95":1.655,"diesel":1.842},"extra":{"saleType":"P","margin":"D","reportingType":"dm","ideess":"12406","idMunicipio":"3252","idProvincia":"21","idCCAA":"01"}}},{"type":"Feature","geometry":{"type":"Point","coordinates":[-6.959833,37.262639]},"properties":{"id":"es-12619","source":"ES","brand":"TYCSA AQUALON","address":"CALLE JOSE MANUEL CARRION, S/N","municipality":"Huelva","province":"HUELVA","postalCode":"21001","schedule":"L-D: 06:00-22:00","fuels":{"gasoline95":1.839,"gasoline98":1.939,"diesel":1.979,"dieselPremium":2.039},"extra":{"saleType":"P","margin":"D","reportingType":"dm","ideess":"12619","idMunicipio":"3255","idProvincia":"21","idCCAA":"01"}}},{"type":"Feature","geometry":{"type":"Point","coordinates":[-6.952472,37.239083]},"properties":{"id":"es-12654","source":"ES","brand":"GAS AUTO","address":"CALLE ISAAC ALBENIZ, 2","municipality":"Huelva","province":"HUELVA","postalCode":"21001","schedule":"L-D: 24H","fuels":{"gasoline95":1.689,"diesel":1.799,"lpg":0.939,"adblue":1.079},"extra":{"saleType":"P","margin":"D","reportingType":"dm","ideess":"12654","idMunicipio":"3255","idProvincia":"21","idCCAA":"01"}}},{"type":"Feature","geometry":{"type":"Point","coordinates":[-6.080111,37.373472]},"properties":{"id":"es-12740","source":"ES","brand":"AGLA, ES AGROENERGETICA LG","address":"AVENIDA JUAN DIEGO, 68","municipality":"Bormujos","province":"SEVILLA","postalCode":"41930","schedule":"L-D: 24H","fuels":{"gasoline95":1.655,"diesel":1.765},"extra":{"saleType":"P","margin":"D","reportingType":"dm","ideess":"12740","idMunicipio":"6071","idProvincia":"41","idCCAA":"01"}}},{"type":"Feature","geometry":{"type":"Point","coordinates":[-6.076583,37.261111]},"properties":{"id":"es-12819","source":"ES","brand":"A&B","address":"CALLE CARRIZALES, 2","municipality":"Puebla del Río (La)","province":"SEVILLA","postalCode":"41130","schedule":"L-D: 24H","fuels":{"gasoline95":1.639,"diesel":1.749},"extra":{"saleType":"P","margin":"D","reportingType":"dm","ideess":"12819","idMunicipio":"6136","idProvincia":"41","idCCAA":"01"}}},{"type":"Feature","geometry":{"type":"Point","coordinates":[-6.507861,37.254056]},"properties":{"id":"es-12917","source":"ES","brand":"CEPSA","address":"POLIGONO INDUSTRIAL EL TOMILLAR,PARCELA, 77","municipality":"Almonte","province":"HUELVA","postalCode":"21730","schedule":"L-D: 24H","fuels":{"gasoline95":1.834,"diesel":1.924,"dieselPremium":1.994,"dieselB":1.599,"adblue":1.025},"extra":{"saleType":"P","margin":"N","reportingType":"dm","ideess":"12917","idMunicipio":"3219","idProvincia":"21","idCCAA":"01"}}},{"type":"Feature","geometry":{"type":"Point","coordinates":[-6.973167,37.19375]},"properties":{"id":"es-13157","source":"ES","brand":"DEOIL","address":"CALLE COSTA DE LA LUZ, 2","municipality":"Punta Umbría","province":"HUELVA","postalCode":"21100","schedule":"L-D: 06:00-23:00","fuels":{"gasoline95":1.66,"diesel":1.8,"adblue":0.9},"extra":{"saleType":"P","margin":"D","reportingType":"dm","ideess":"13157","idMunicipio":"3274","idProvincia":"21","idCCAA":"01"}}},{"type":"Feature","geometry":{"type":"Point","coordinates":[-6.029306,37.378083]},"properties":{"id":"es-13172","source":"ES","brand":"BALLENOIL","address":"CALLE SAN ROQUE, 54","municipality":"Tomares","province":"SEVILLA","postalCode":"41940","schedule":"L-D: 24H","fuels":{"gasoline95":1.639,"diesel":1.799,"dieselPremium":1.809},"extra":{"saleType":"P","margin":"D","reportingType":"OM","ideess":"13172","idMunicipio":"6150","idProvincia":"41","idCCAA":"01"}}},{"type":"Feature","geometry":{"type":"Point","coordinates":[-6.930278,37.279722]},"properties":{"id":"es-13204","source":"ES","brand":"SHELL","address":"CALLE DEL DOCTOR, SN","municipality":"Huelva","province":"HUELVA","postalCode":"21005","schedule":"L-D: 24H","fuels":{"gasoline95":1.749,"diesel":1.869},"extra":{"saleType":"P","margin":"N","reportingType":"OM","ideess":"13204","idMunicipio":"3255","idProvincia":"21","idCCAA":"01"}}},{"type":"Feature","geometry":{"type":"Point","coordinates":[-6.146722,37.422639]},"properties":{"id":"es-13226","source":"ES","brand":"PLENERGY","address":"CALLE LOS TRIGALES, 47","municipality":"Olivares","province":"SEVILLA","postalCode":"41804","schedule":"L-D: 24H","fuels":{"gasoline95":1.639,"diesel":1.755},"extra":{"saleType":"P","margin":"N","reportingType":"dm","ideess":"13226","idMunicipio":"6124","idProvincia":"41","idCCAA":"01"}}},{"type":"Feature","geometry":{"type":"Point","coordinates":[-6.083028,37.379639]},"properties":{"id":"es-13302","source":"ES","brand":"SUPECO","address":"POLIGONO CERCA DEL PINO I, CTRA. BORMUJOS, S/N","municipality":"Gines","province":"SEVILLA","postalCode":"41960","schedule":"L-D: 24H","fuels":{"gasoline95":1.665,"diesel":1.785},"extra":{"saleType":"P","margin":"N","reportingType":"dm","ideess":"13302","idMunicipio":"6103","idProvincia":"41","idCCAA":"01"}}},{"type":"Feature","geometry":{"type":"Point","coordinates":[-6.832028,37.271]},"properties":{"id":"es-13364","source":"ES","brand":"MOGUEROIL","address":"POLIGONO LOS ARROYOS, 59","municipality":"Moguer","province":"HUELVA","postalCode":"21800","schedule":"L-D: 06:00-23:00","fuels":{"gasoline95":1.698,"diesel":1.859},"extra":{"saleType":"P","margin":"D","reportingType":"dm","ideess":"13364","idMunicipio":"3264","idProvincia":"21","idCCAA":"01"}}},{"type":"Feature","geometry":{"type":"Point","coordinates":[-6.002056,37.463111]},"properties":{"id":"es-13386","source":"ES","brand":"BALLENOIL","address":"AVENIDA DE LA INDUSTRIA, 25","municipality":"Algaba (La)","province":"SEVILLA","postalCode":"41980","schedule":"L-D: 24H","fuels":{"gasoline95":1.639,"diesel":1.779},"extra":{"saleType":"P","margin":"N","reportingType":"OM","ideess":"13386","idMunicipio":"6061","idProvincia":"41","idCCAA":"01"}}},{"type":"Feature","geometry":{"type":"Point","coordinates":[-6.081917,37.380889]},"properties":{"id":"es-13394","source":"ES","brand":"PETROPRIX","address":"CALLE ALBAÑILERIA, 5","municipality":"Gines","province":"SEVILLA","postalCode":"41960","schedule":"L-D: 24H","fuels":{"gasoline95":1.665,"diesel":1.785},"extra":{"saleType":"P","margin":"D","reportingType":"dm","ideess":"13394","idMunicipio":"6103","idProvincia":"41","idCCAA":"01"}}},{"type":"Feature","geometry":{"type":"Point","coordinates":[-6.054778,37.545944]},"properties":{"id":"es-13464","source":"ES","brand":"PETROSAND","address":"AVENIDA AVENIDA PAÑEROS, 10","municipality":"Guillena","province":"SEVILLA","postalCode":"41210","schedule":"L-D: 24H","fuels":{"gasoline95":1.689,"diesel":1.789},"extra":{"saleType":"P","margin":"D","reportingType":"dm","ideess":"13464","idMunicipio":"6105","idProvincia":"41","idCCAA":"01"}}},{"type":"Feature","geometry":{"type":"Point","coordinates":[-6.107944,37.571778]},"properties":{"id":"es-13472","source":"ES","brand":"REPSOL","address":"AUTOVIA RUTA DE LA PLATA KM. 790","municipality":"Guillena","province":"SEVILLA","postalCode":"41219","schedule":"L-D: 24H","fuels":{"gasoline95":1.809,"gasoline98":1.919,"diesel":1.979,"dieselPremium":2.039,"adblue":0.999},"extra":{"saleType":"P","margin":"D","reportingType":"dm","ideess":"13472","idMunicipio":"6105","idProvincia":"41","idCCAA":"01"}}},{"type":"Feature","geometry":{"type":"Point","coordinates":[-6.541472,37.350778]},"properties":{"id":"es-13495","source":"ES","brand":"BALLENOIL","address":"CALLE VITICULTORES, 3","municipality":"Bollullos Par del Condado","province":"HUELVA","postalCode":"21710","schedule":"L-D: 24H","fuels":{"gasoline95":1.719,"diesel":1.779},"extra":{"saleType":"P","margin":"N","reportingType":"OM","ideess":"13495","idMunicipio":"3227","idProvincia":"21","idCCAA":"01"}}},{"type":"Feature","geometry":{"type":"Point","coordinates":[-6.061944,37.282389]},"properties":{"id":"es-13609","source":"ES","brand":"Q8 EASY","address":"AVENIDA BLANCA PALOMA, S/N","municipality":"Coria del Río","province":"SEVILLA","postalCode":"41100","schedule":"L-D: 24H","fuels":{"gasoline95":1.699,"diesel":1.829},"extra":{"saleType":"P","margin":"N","reportingType":"dm","ideess":"13609","idMunicipio":"6089","idProvincia":"41","idCCAA":"01"}}},{"type":"Feature","geometry":{"type":"Point","coordinates":[-6.053139,37.295861]},"properties":{"id":"es-13613","source":"ES","brand":"BALLENOIL","address":"AVENIDA PALOMARES, 104","municipality":"Coria del Río","province":"SEVILLA","postalCode":"41110","schedule":"L-D: 24H","fuels":{"gasoline95":1.627,"diesel":1.749},"extra":{"saleType":"P","margin":"D","reportingType":"OM","ideess":"13613","idMunicipio":"6089","idProvincia":"41","idCCAA":"01"}}},{"type":"Feature","geometry":{"type":"Point","coordinates":[-6.064972,37.381111]},"properties":{"id":"es-13894","source":"ES","brand":"AGLA","address":"CALLE FRANCISCO TOMAS Y VALIENTE, 46","municipality":"Bormujos","province":"SEVILLA","postalCode":"41930","schedule":"L-D: 24H","fuels":{"gasoline95":1.658,"diesel":1.768},"extra":{"saleType":"P","margin":"I","reportingType":"dm","ideess":"13894","idMunicipio":"6071","idProvincia":"41","idCCAA":"01"}}},{"type":"Feature","geometry":{"type":"Point","coordinates":[-6.291389,37.302778]},"properties":{"id":"es-13953","source":"ES","brand":"BALLENOIL","address":"AVENIDA ALJARAFE (EL), 80","municipality":"Pilas","province":"SEVILLA","postalCode":"41840","schedule":"L-D: 24H","fuels":{"gasoline95":1.639,"diesel":1.779},"extra":{"saleType":"P","margin":"D","reportingType":"OM","ideess":"13953","idMunicipio":"6132","idProvincia":"41","idCCAA":"01"}}},{"type":"Feature","geometry":{"type":"Point","coordinates":[-6.0665,37.37725]},"properties":{"id":"es-14017","source":"ES","brand":"BALLENOIL","address":"CARRETERA BORMUJOS-CASTILLEJA DE LA CUESTA KM. S/N","municipality":"Bormujos","province":"SEVILLA","postalCode":"41930","schedule":"L-D: 24H","fuels":{"gasoline95":1.665,"diesel":1.785},"extra":{"saleType":"P","margin":"D","reportingType":"OM","ideess":"14017","idMunicipio":"6071","idProvincia":"41","idCCAA":"01"}}},{"type":"Feature","geometry":{"type":"Point","coordinates":[-6.931583,37.733083]},"properties":{"id":"es-14146","source":"ES","brand":"AGLA","address":"CARRETERA A-485 KM. 100","municipality":"Cerro de Andévalo (El)","province":"HUELVA","postalCode":"21320","schedule":"L-D: 07:30-22:00","fuels":{"gasoline95":1.8,"diesel":1.969,"dieselB":1.6},"extra":{"saleType":"P","margin":"D","reportingType":"dm","ideess":"14146","idMunicipio":"3237","idProvincia":"21","idCCAA":"01"}}},{"type":"Feature","geometry":{"type":"Point","coordinates":[-6.055028,37.455361]},"properties":{"id":"es-14159","source":"ES","brand":"TJ OIL","address":"CALLE CASTILLA LA MANCHA, 181","municipality":"Salteras","province":"SEVILLA","postalCode":"41909","schedule":"L-D: 24H","fuels":{"gasoline95":1.68,"diesel":1.835,"adblue":0.835},"extra":{"saleType":"P","margin":"N","reportingType":"dm","ideess":"14159","idMunicipio":"6142","idProvincia":"41","idCCAA":"01"}}},{"type":"Feature","geometry":{"type":"Point","coordinates":[-6.166028,37.363972]},"properties":{"id":"es-14231","source":"ES","brand":"REDCAROIL","address":"CALLE CAVADORES, 2","municipality":"Umbrete","province":"SEVILLA","postalCode":"41806","schedule":"L-D: 24H","fuels":{"gasoline95":1.639,"diesel":1.759},"extra":{"saleType":"P","margin":"D","reportingType":"dm","ideess":"14231","idMunicipio":"6151","idProvincia":"41","idCCAA":"01"}}},{"type":"Feature","geometry":{"type":"Point","coordinates":[-6.139,37.334361]},"properties":{"id":"es-14316","source":"ES","brand":"QP BOLLULLOS","address":"AVENIDA JUAN PABLO II, 6","municipality":"Bollullos de la Mitación","province":"SEVILLA","postalCode":"41110","schedule":"L-D: 24H","fuels":{"gasoline95":1.639,"diesel":1.799},"extra":{"saleType":"P","margin":"D","reportingType":"dm","ideess":"14316","idMunicipio":"6070","idProvincia":"41","idCCAA":"01"}}},{"type":"Feature","geometry":{"type":"Point","coordinates":[-6.036833,37.421639]},"properties":{"id":"es-14334","source":"ES","brand":"REPSOL","address":"AVENIDA DOLMENES DE VALENCINA, 6","municipality":"Valencina de la Concepción","province":"SEVILLA","postalCode":"41907","schedule":"L-D: 24H","fuels":{"gasoline95":1.759,"gasoline98":1.929,"diesel":1.949,"dieselRenewable":2.069},"extra":{"saleType":"P","margin":"D","reportingType":"dm","ideess":"14334","idMunicipio":"6153","idProvincia":"41","idCCAA":"01"}}},{"type":"Feature","geometry":{"type":"Point","coordinates":[-6.571333,37.897389]},"properties":{"id":"es-14409","source":"ES","brand":"PETROSTAR ENERGIA","address":"POLIGONO CANTALGALLO, S/N","municipality":"Aracena","province":"HUELVA","postalCode":"21200","schedule":"L-D: 24H","fuels":{"gasoline95":1.664,"diesel":1.834},"extra":{"saleType":"P","margin":"D","reportingType":"dm","ideess":"14409","idMunicipio":"3221","idProvincia":"21","idCCAA":"01"}}},{"type":"Feature","geometry":{"type":"Point","coordinates":[-6.052278,37.355111]},"properties":{"id":"es-14441","source":"ES","brand":"PETROPRIX","address":"CALLE LONJA, 28","municipality":"Mairena del Aljarafe","province":"SEVILLA","postalCode":"41927","schedule":"L-D: 24H","fuels":{"gasoline95":1.649,"diesel":1.749},"extra":{"saleType":"P","margin":"D","reportingType":"dm","ideess":"14441","idMunicipio":"6116","idProvincia":"41","idCCAA":"01"}}},{"type":"Feature","geometry":{"type":"Point","coordinates":[-6.732889,37.307306]},"properties":{"id":"es-14490","source":"ES","brand":"COSTAOIL","address":"CALLE CAMINO DE LAS COLMENILLAS, S/N","municipality":"Lucena del Puerto","province":"HUELVA","postalCode":"21820","schedule":"L: 06:00-22:00","fuels":{"gasoline95":1.563,"diesel":1.68,"dieselB":1.287},"extra":{"saleType":"P","margin":"D","reportingType":"dm","ideess":"14490","idMunicipio":"3260","idProvincia":"21","idCCAA":"01"}}},{"type":"Feature","geometry":{"type":"Point","coordinates":[-6.115194,37.382139]},"properties":{"id":"es-14725","source":"ES","brand":"BP","address":"CALLE JARDINES DE TRIANA, 1","municipality":"Espartinas","province":"SEVILLA","postalCode":"41807","schedule":"L-V: 05:30-23:30; S-D: 06:00-23:00","fuels":{"gasoline95":1.879,"gasoline98":1.999,"diesel":1.939,"dieselPremium":2.059},"extra":{"saleType":"P","margin":"D","reportingType":"dm","ideess":"14725","idMunicipio":"6096","idProvincia":"41","idCCAA":"01"}}},{"type":"Feature","geometry":{"type":"Point","coordinates":[-6.889778,37.220389]},"properties":{"id":"es-14844","source":"ES","brand":"BALLENOIL","address":"AVENIDA MAZAGON, 3","municipality":"Palos de la Frontera","province":"HUELVA","postalCode":"21810","schedule":"L-D: 24H","fuels":{"gasoline95":1.649,"diesel":1.809},"extra":{"saleType":"P","margin":"I","reportingType":"OM","ideess":"14844","idMunicipio":"3269","idProvincia":"21","idCCAA":"01"}}},{"type":"Feature","geometry":{"type":"Point","coordinates":[-6.220861,37.903]},"properties":{"id":"es-14853","source":"ES","brand":"GONDELCU","address":"AVENIDA MARINA ESPAÑOLA, S/N","municipality":"Santa Olalla del Cala","province":"HUELVA","postalCode":"21260","schedule":"L-D: 24H","fuels":{"gasoline95":1.68,"diesel":1.82},"extra":{"saleType":"P","margin":"D","reportingType":"dm","ideess":"14853","idMunicipio":"3283","idProvincia":"21","idCCAA":"01"}}},{"type":"Feature","geometry":{"type":"Point","coordinates":[-6.593806,37.29825]},"properties":{"id":"es-14883","source":"ES","brand":"VIRSUR","address":"POLIGONO HUERTAS NUEVAS PARCELA 3, 3","municipality":"Rociana del Condado","province":"HUELVA","postalCode":"21720","schedule":"L-D: 24H","fuels":{"gasoline95":1.589,"diesel":1.749,"dieselB":1.429},"extra":{"saleType":"P","margin":"D","reportingType":"dm","ideess":"14883","idMunicipio":"3275","idProvincia":"21","idCCAA":"01"}}},{"type":"Feature","geometry":{"type":"Point","coordinates":[-6.140306,37.333167]},"properties":{"id":"es-15066","source":"ES","brand":"AYBCARBURANTES","address":"CALLE CALVARIO, 103","municipality":"Bollullos de la Mitación","province":"SEVILLA","postalCode":"41110","schedule":"L-D: 07:00-22:00","fuels":{"gasoline95":1.639,"diesel":1.749},"extra":{"saleType":"P","margin":"D","reportingType":"dm","ideess":"15066","idMunicipio":"6070","idProvincia":"41","idCCAA":"01"}}},{"type":"Feature","geometry":{"type":"Point","coordinates":[-6.55875,37.888667]},"properties":{"id":"es-15110","source":"ES","brand":"ASB ENERGIA","address":"CALLE SANTO DOMINGO, 1","municipality":"Aracena","province":"HUELVA","postalCode":"21200","schedule":"L-D: 24H","fuels":{"gasoline95":1.705,"diesel":1.885,"adblue":1.65},"extra":{"saleType":"P","margin":"N","reportingType":"dm","ideess":"15110","idMunicipio":"3221","idProvincia":"21","idCCAA":"01"}}},{"type":"Feature","geometry":{"type":"Point","coordinates":[-6.072,37.320389]},"properties":{"id":"es-15159","source":"ES","brand":"BALLENOIL","address":"AVENIDA DEL ALJARAFE, 50","municipality":"Palomares del Río","province":"SEVILLA","postalCode":"41928","schedule":"L-D: 24H","fuels":{"gasoline95":1.627,"diesel":1.749,"dieselPremium":1.769},"extra":{"saleType":"P","margin":"D","reportingType":"OM","ideess":"15159","idMunicipio":"6127","idProvincia":"41","idCCAA":"01"}}},{"type":"Feature","geometry":{"type":"Point","coordinates":[-6.101306,37.309917]},"properties":{"id":"es-15184","source":"ES","brand":"QP ALMENSILLA","address":"CALLE ALISO, 32","municipality":"Almensilla","province":"SEVILLA","postalCode":"41111","schedule":"L-D: 24H","fuels":{"gasoline95":1.659,"diesel":1.809},"extra":{"saleType":"P","margin":"D","reportingType":"dm","ideess":"15184","idMunicipio":"6064","idProvincia":"41","idCCAA":"01"}}},{"type":"Feature","geometry":{"type":"Point","coordinates":[-6.036389,37.418]},"properties":{"id":"es-15209","source":"ES","brand":"BALLENOIL","address":"CALLE SANTA CRUZ, 4","municipality":"Camas","province":"SEVILLA","postalCode":"41900","schedule":"L-D: 24H","fuels":{"gasoline95":1.639,"diesel":1.785,"dieselPremium":1.805},"extra":{"saleType":"P","margin":"D","reportingType":"OM","ideess":"15209","idMunicipio":"6075","idProvincia":"41","idCCAA":"01"}}},{"type":"Feature","geometry":{"type":"Point","coordinates":[-6.884444,37.196722]},"properties":{"id":"es-15223","source":"ES","brand":"MOLGAS","address":"POLIGONO POLÍGONO NUEVO, 38","municipality":"Palos de la Frontera","province":"HUELVA","postalCode":"21810","schedule":"L: 24H","fuels":{"lng":1.649},"extra":{"saleType":"P","margin":"D","reportingType":"dm","ideess":"15223","idMunicipio":"3269","idProvincia":"21","idCCAA":"01"}}},{"type":"Feature","geometry":{"type":"Point","coordinates":[-6.960389,37.364139]},"properties":{"id":"es-15244","source":"ES","brand":"DEOIL","address":"POLIGONO LA COLMENILLA, 4","municipality":"Gibraleón","province":"HUELVA","postalCode":"21500","schedule":"L: 06:00-22:00","fuels":{"gasoline95":1.66,"diesel":1.8,"adblue":0.9},"extra":{"saleType":"P","margin":"N","reportingType":"dm","ideess":"15244","idMunicipio":"3249","idProvincia":"21","idCCAA":"01"}}},{"type":"Feature","geometry":{"type":"Point","coordinates":[-6.392694,37.365222]},"properties":{"id":"es-15278","source":"ES","brand":"NTRA.SRA. DE LA ESTRELLA,S.C.A","address":"CALLE LA COOPERATIVA, 12","municipality":"Chucena","province":"HUELVA","postalCode":"21891","schedule":"L-D: 06:00-23:00","fuels":{"gasoline95":1.642,"diesel":1.79,"dieselB":1.498},"extra":{"saleType":"P","margin":"D","reportingType":"dm","ideess":"15278","idMunicipio":"3238","idProvincia":"21","idCCAA":"01"}}},{"type":"Feature","geometry":{"type":"Point","coordinates":[-6.834944,37.919028]},"properties":{"id":"es-15297","source":"ES","brand":"JUCOFUEL","address":"CALLE FRENEROS, 11","municipality":"Cortegana","province":"HUELVA","postalCode":"21230","schedule":"L-D: 24H","fuels":{"gasoline95":1.859,"diesel":1.999},"extra":{"saleType":"P","margin":"N","reportingType":"dm","ideess":"15297","idMunicipio":"3240","idProvincia":"21","idCCAA":"01"}}},{"type":"Feature","geometry":{"type":"Point","coordinates":[-6.924861,37.7305]},"properties":{"id":"es-15335","source":"ES","brand":"E.S. LA CARRASCA","address":"POLIGONO INDUSTRIAL LA CARRASCA, 17","municipality":"Cerro de Andévalo (El)","province":"HUELVA","postalCode":"21320","schedule":"L-D: 07:00-22:00","fuels":{"gasoline95E10":1.759,"diesel":1.909},"extra":{"saleType":"P","margin":"D","reportingType":"dm","ideess":"15335","idMunicipio":"3237","idProvincia":"21","idCCAA":"01"}}},{"type":"Feature","geometry":{"type":"Point","coordinates":[-6.301444,37.239222]},"properties":{"id":"es-15361","source":"ES","brand":"COMBUSTIBLES VILLAMANRIQUE","address":"POLIGONO LAS CAÑADAS, 3","municipality":"Villamanrique de la Condesa","province":"SEVILLA","postalCode":"41850","schedule":"L-D: 24H","fuels":{"gasoline95":1.709,"diesel":1.849,"dieselB":1.649},"extra":{"saleType":"P","margin":"N","reportingType":"dm","ideess":"15361","idMunicipio":"6154","idProvincia":"41","idCCAA":"01"}}},{"type":"Feature","geometry":{"type":"Point","coordinates":[-6.598167,37.387472]},"properties":{"id":"es-15395","source":"ES","brand":"SUMAROIL","address":"CALLE ANGUSTIAS, 0","municipality":"Villarrasa","province":"HUELVA","postalCode":"21850","schedule":"L-D: 24H","fuels":{"gasoline95":1.709,"diesel":1.849,"dieselB":1.599},"extra":{"saleType":"P","margin":"N","reportingType":"dm","ideess":"15395","idMunicipio":"3291","idProvincia":"21","idCCAA":"01"}}},{"type":"Feature","geometry":{"type":"Point","coordinates":[-6.674333,37.321944]},"properties":{"id":"es-15448","source":"ES","brand":"SCAI SAN CRISTÓBAL","address":"AVENIDA DE ROCIANA, 31","municipality":"Bonares","province":"HUELVA","postalCode":"21830","schedule":"L-D: 24H","fuels":{"diesel":1.769,"adblue":0.899},"extra":{"saleType":"P","margin":"I","reportingType":"dm","ideess":"15448","idMunicipio":"3228","idProvincia":"21","idCCAA":"01"}}},{"type":"Feature","geometry":{"type":"Point","coordinates":[-6.923528,37.259861]},"properties":{"id":"es-15674","source":"ES","brand":"TYCSA","address":"CALLE CAMPO COMÚN, 1","municipality":"Huelva","province":"HUELVA","postalCode":"21007","schedule":"L-D: 24H","fuels":{"gasoline95":1.839,"diesel":1.979},"extra":{"saleType":"P","margin":"N","reportingType":"dm","ideess":"15674","idMunicipio":"3255","idProvincia":"21","idCCAA":"01"}}},{"type":"Feature","geometry":{"type":"Point","coordinates":[-6.159583,37.384056]},"properties":{"id":"es-15749","source":"ES","brand":"BEST FUEL","address":"CARRETERA A8076 KM. 7","municipality":"Espartinas","province":"SEVILLA","postalCode":"41807","schedule":"L-V: 05:30-23:30; S-D: 06:00-23:30","fuels":{"gasoline95":1.759,"diesel":1.849,"dieselPremium":1.899,"adblue":0.999},"extra":{"saleType":"P","margin":"D","reportingType":"dm","ideess":"15749","idMunicipio":"6096","idProvincia":"41","idCCAA":"01"}}},{"type":"Feature","geometry":{"type":"Point","coordinates":[-6.082694,37.378111]},"properties":{"id":"es-15982","source":"ES","brand":"PLENERGY","address":"AVENIDA MARCHALOMAR, 4","municipality":"Gines","province":"SEVILLA","postalCode":"41960","schedule":"L-D: 24H","fuels":{"gasoline95":1.665,"diesel":1.785},"extra":{"saleType":"P","margin":"D","reportingType":"dm","ideess":"15982","idMunicipio":"6103","idProvincia":"41","idCCAA":"01"}}},{"type":"Feature","geometry":{"type":"Point","coordinates":[-6.030528,37.374667]},"properties":{"id":"es-16026","source":"ES","brand":"Q8","address":"CALLE SALADILLA, 4","municipality":"Tomares","province":"SEVILLA","postalCode":"41940","schedule":"L-D: 24H","fuels":{"gasoline95":1.679,"diesel":1.799},"extra":{"saleType":"P","margin":"N","reportingType":"dm","ideess":"16026","idMunicipio":"6150","idProvincia":"41","idCCAA":"01"}}},{"type":"Feature","geometry":{"type":"Point","coordinates":[-6.072222,37.413528]},"properties":{"id":"es-16207","source":"ES","brand":"PETROPRIX","address":"AVENIDA DE ANDALUCIA, 40","municipality":"Valencina de la Concepción","province":"SEVILLA","postalCode":"41907","schedule":"L-D: 24H","fuels":{"gasoline95":1.639,"diesel":1.785},"extra":{"saleType":"P","margin":"D","reportingType":"dm","ideess":"16207","idMunicipio":"6153","idProvincia":"41","idCCAA":"01"}}},{"type":"Feature","geometry":{"type":"Point","coordinates":[-6.057861,37.278333]},"properties":{"id":"es-16209","source":"ES","brand":"PETROPRIX","address":"AVENIDA DE BLAS INFANTE, 41","municipality":"Coria del Río","province":"SEVILLA","postalCode":"41100","schedule":"L-D: 24H","fuels":{"gasoline95":1.627,"diesel":1.749},"extra":{"saleType":"P","margin":"D","reportingType":"dm","ideess":"16209","idMunicipio":"6089","idProvincia":"41","idCCAA":"01"}}},{"type":"Feature","geometry":{"type":"Point","coordinates":[-6.05625,37.350694]},"properties":{"id":"es-16219","source":"ES","brand":"Q8","address":"AVENIDA MARIANA PINEDA ESQUINA CTRA A-8055, S/N","municipality":"Mairena del Aljarafe","province":"SEVILLA","postalCode":"41926","schedule":"L-D: 24H","fuels":{"gasoline95":1.689,"diesel":1.789},"extra":{"saleType":"P","margin":"D","reportingType":"dm","ideess":"16219","idMunicipio":"6116","idProvincia":"41","idCCAA":"01"}}},{"type":"Feature","geometry":{"type":"Point","coordinates":[-6.130083,37.34175]},"properties":{"id":"es-16255","source":"ES","brand":"Q8","address":"CARRETERA A-474 DE SEVILLA A ALMONTE POR PILAS KM. 7,75","municipality":"Bollullos de la Mitación","province":"SEVILLA","postalCode":"41110","schedule":"L-D: 24H","fuels":{"gasoline95":1.664,"gasoline98":1.894,"diesel":1.814,"dieselPremium":1.864},"extra":{"saleType":"P","margin":"N","reportingType":"dm","ideess":"16255","idMunicipio":"6070","idProvincia":"41","idCCAA":"01"}}},{"type":"Feature","geometry":{"type":"Point","coordinates":[-6.120222,37.420861]},"properties":{"id":"es-16356","source":"ES","brand":"PLENERGY","address":"AVENIDA DE LA INDUSTRIA, 1","municipality":"Salteras","province":"SEVILLA","postalCode":"41909","schedule":"L-D: 24H","fuels":{"gasoline95":1.629,"diesel":1.745},"extra":{"saleType":"P","margin":"D","reportingType":"dm","ideess":"16356","idMunicipio":"6142","idProvincia":"41","idCCAA":"01"}}},{"type":"Feature","geometry":{"type":"Point","coordinates":[-6.056917,37.543389]},"properties":{"id":"es-16377","source":"ES","brand":"BP GUILLENA","address":"AVENIDA DE LAS PAJANOSAS, 67","municipality":"Guillena","province":"SEVILLA","postalCode":"41210","schedule":"L-D: 24H","fuels":{"gasoline95":1.729,"diesel":1.829},"extra":{"saleType":"P","margin":"D","reportingType":"dm","ideess":"16377","idMunicipio":"6105","idProvincia":"41","idCCAA":"01"}}},{"type":"Feature","geometry":{"type":"Point","coordinates":[-6.055194,37.353472]},"properties":{"id":"es-16417","source":"ES","brand":"PETROL&GO","address":"CALLE EXPOSICION, 22","municipality":"Mairena del Aljarafe","province":"SEVILLA","postalCode":"41927","schedule":"L-D: 06:30-21:00","fuels":{"gasoline95":1.659,"diesel":1.759,"adblue":0.968},"extra":{"saleType":"P","margin":"D","reportingType":"dm","ideess":"16417","idMunicipio":"6116","idProvincia":"41","idCCAA":"01"}}},{"type":"Feature","geometry":{"type":"Point","coordinates":[-6.633139,37.692]},"properties":{"id":"es-5093","source":"ES","brand":"LUKOIL","address":"CALLE MANUEL CENTENO, S/N","municipality":"Campillo (El)","province":"HUELVA","postalCode":"21650","schedule":"L-D: 06:00-22:00","fuels":{"gasoline95":1.67,"diesel":1.79},"extra":{"saleType":"P","margin":"N","reportingType":"dm","ideess":"5093","idMunicipio":"3232","idProvincia":"21","idCCAA":"01"}}},{"type":"Feature","geometry":{"type":"Point","coordinates":[-6.918167,37.271167]},"properties":{"id":"es-5591","source":"ES","brand":"CARREFOUR","address":"RONDA RONDA EXTERIOR ZONA SUR S/N, S/N","municipality":"Huelva","province":"HUELVA","postalCode":"21007","schedule":"L-D: 24H","fuels":{"gasoline95":1.799,"gasoline98":2.009,"diesel":1.939,"dieselPremium":1.979},"extra":{"saleType":"P","margin":"N","reportingType":"dm","ideess":"5591","idMunicipio":"3255","idProvincia":"21","idCCAA":"01"}}},{"type":"Feature","geometry":{"type":"Point","coordinates":[-6.511889,37.233111]},"properties":{"id":"es-5592","source":"ES","brand":"AVIA","address":"CRA. DEL ROCIO km 15.10","municipality":"Almonte","province":"HUELVA","postalCode":"21730","schedule":"L-D: 06:00-22:00","fuels":{"gasoline95":1.799,"gasoline98":1.989,"diesel":1.899,"dieselPremium":1.989,"dieselB":1.499,"adblue":0.99},"extra":{"saleType":"P","margin":"D","reportingType":"dm","ideess":"5592","idMunicipio":"3219","idProvincia":"21","idCCAA":"01"}}},{"type":"Feature","geometry":{"type":"Point","coordinates":[-6.839167,37.325833]},"properties":{"id":"es-5594","source":"ES","brand":"IDS","address":"CTRA. SEVILLA-HUELVA km 626","municipality":"San Juan del Puerto","province":"HUELVA","postalCode":"21610","schedule":"L-D: 24H","fuels":{"diesel":1.92,"adblue":1.195},"extra":{"saleType":"P","margin":"N","reportingType":"dm","ideess":"5594","idMunicipio":"3278","idProvincia":"21","idCCAA":"01"}}},{"type":"Feature","geometry":{"type":"Point","coordinates":[-6.604222,37.694444]},"properties":{"id":"es-5657","source":"ES","brand":"REPSOL","address":"CARRETERA HU-421 KM. 4,4","municipality":"Minas de Riotinto","province":"HUELVA","postalCode":"21660","schedule":"L-D: 06:00-22:00","fuels":{"gasoline95":1.819,"gasoline98":1.979,"diesel":1.999,"dieselRenewable":2.109,"lpg":1.175},"extra":{"saleType":"P","margin":"I","reportingType":"OM","ideess":"5657","idMunicipio":"3263","idProvincia":"21","idCCAA":"01"}}},{"type":"Feature","geometry":{"type":"Point","coordinates":[-6.406361,37.423528]},"properties":{"id":"es-5660","source":"ES","brand":"PATEROIL","address":"CARRETERA BERROCAL KM. 0,3","municipality":"Paterna del Campo","province":"HUELVA","postalCode":"21880","schedule":"L-D: 07:00-14:00 y 16:00-21:00","fuels":{"gasoline95":1.812,"diesel":1.936,"dieselB":1.395},"extra":{"saleType":"P","margin":"D","reportingType":"dm","ideess":"5660","idMunicipio":"3270","idProvincia":"21","idCCAA":"01"}}},{"type":"Feature","geometry":{"type":"Point","coordinates":[-6.595417,37.301472]},"properties":{"id":"es-5711","source":"ES","brand":"REPSOL","address":"CALLE CARRIL DE LOS MORISCOS, 109","municipality":"Rociana del Condado","province":"HUELVA","postalCode":"21720","schedule":"L-D: 06:00-22:00","fuels":{"gasoline95":1.799,"diesel":1.929,"dieselPremium":2.029,"dieselB":1.659},"extra":{"saleType":"P","margin":"I","reportingType":"dm","ideess":"5711","idMunicipio":"3275","idProvincia":"21","idCCAA":"01"}}},{"type":"Feature","geometry":{"type":"Point","coordinates":[-6.883139,37.217528]},"properties":{"id":"es-5730","source":"ES","brand":"BP OIL ESPAÑA","address":"CARRETERA VARIANTE MERCANCIAS PELIGROSAS KM. 12,5","municipality":"Palos de la Frontera","province":"HUELVA","postalCode":"21810","schedule":"L-D: 24H","fuels":{"gasoline95":1.796,"gasoline98":1.941,"diesel":1.967,"dieselPremium":2.057,"dieselB":1.729,"adblue":1.099},"extra":{"saleType":"P","margin":"N","reportingType":"dm","ideess":"5730","idMunicipio":"3269","idProvincia":"21","idCCAA":"01"}}},{"type":"Feature","geometry":{"type":"Point","coordinates":[-6.929861,37.271278]},"properties":{"id":"es-5740","source":"ES","brand":"MOEVE","address":"CL AVDA. DE ANDALUCIA S.N.","municipality":"Huelva","province":"HUELVA","postalCode":"21006","schedule":"L-D: 24H","fuels":{"gasoline95":1.854,"gasoline98":1.965,"diesel":2.004,"dieselPremium":2.084},"extra":{"saleType":"P","margin":"D","reportingType":"dm","ideess":"5740","idMunicipio":"3255","idProvincia":"21","idCCAA":"01"}}},{"type":"Feature","geometry":{"type":"Point","coordinates":[-6.827944,37.315444]},"properties":{"id":"es-5742","source":"ES","brand":"COLOSO","address":"CR N-435, 219,9","municipality":"San Juan del Puerto","province":"HUELVA","postalCode":"21610","schedule":"L-D: 07:00-23:00","fuels":{"gasoline95":1.735,"gasoline98E10":1.799,"diesel":1.829,"dieselPremium":1.849},"extra":{"saleType":"P","margin":"I","reportingType":"dm","ideess":"5742","idMunicipio":"3278","idProvincia":"21","idCCAA":"01"}}},{"type":"Feature","geometry":{"type":"Point","coordinates":[-6.485611,37.396444]},"properties":{"id":"es-5749","source":"ES","brand":"REPSOL","address":"CARRETERA A-472 KM. 28","municipality":"Villalba del Alcor","province":"HUELVA","postalCode":"21860","schedule":"L-D: 05:00-00:00","fuels":{"gasoline95":1.812,"diesel":1.936,"dieselB":1.395},"extra":{"saleType":"P","margin":"D","reportingType":"dm","ideess":"5749","idMunicipio":"3288","idProvincia":"21","idCCAA":"01"}}},{"type":"Feature","geometry":{"type":"Point","coordinates":[-6.299472,37.292472]},"properties":{"id":"es-6434","source":"ES","brand":"LOS VENTOLINES (AGLA)","address":"PILAS-VILLAMANRIQUE km 1,5","municipality":"Pilas","province":"SEVILLA","postalCode":"41840","schedule":"L-D: 06:30-23:00","fuels":{"gasoline95":1.699,"gasoline98":1.729,"diesel":1.819,"dieselPremium":1.879},"extra":{"saleType":"P","margin":"N","reportingType":"dm","ideess":"6434","idMunicipio":"6132","idProvincia":"41","idCCAA":"01"}}},{"type":"Feature","geometry":{"type":"Point","coordinates":[-6.348472,37.831083]},"properties":{"id":"es-6436","source":"ES","brand":"ZUFREGAS S.L","address":"CALLE LOS LINARES, 0","municipality":"Zufre","province":"HUELVA","postalCode":"21210","schedule":"L-V: 7:00-14:00 y 16:00-20:00; S: 09:00-14:00","fuels":{"gasoline95":1.729,"diesel":1.859},"extra":{"saleType":"P","margin":"D","reportingType":"dm","ideess":"6436","idMunicipio":"3293","idProvincia":"21","idCCAA":"01"}}},{"type":"Feature","geometry":{"type":"Point","coordinates":[-6.196583,37.367472]},"properties":{"id":"es-6442","source":"ES","brand":"SAJARDINES","address":"SANLUCAR-BENACAZÓN km 3","municipality":"Sanlúcar la Mayor","province":"SEVILLA","postalCode":"41800","schedule":"L-D: 06:00-00:00","fuels":{"gasoline95":1.709,"gasoline98":1.889,"diesel":1.819,"dieselPremium":1.919},"extra":{"saleType":"P","margin":"D","reportingType":"dm","ideess":"6442","idMunicipio":"6145","idProvincia":"41","idCCAA":"01"}}},{"type":"Feature","geometry":{"type":"Point","coordinates":[-6.390417,37.349111]},"properties":{"id":"es-6450","source":"ES","brand":"GASOLIVIA","address":"CARRETERA CTRA. CHUCENA-HINOJOS ( CRTA. A-481 KM 0.2) KM. 0,2","municipality":"Chucena","province":"HUELVA","postalCode":"21891","schedule":"L-D: 06:00-21:00","fuels":{"gasoline95":1.629,"diesel":1.739,"adblue":1.0},"extra":{"saleType":"P","margin":"D","reportingType":"dm","ideess":"6450","idMunicipio":"3238","idProvincia":"21","idCCAA":"01"}}},{"type":"Feature","geometry":{"type":"Point","coordinates":[-6.737083,37.928833]},"properties":{"id":"es-6451","source":"ES","brand":"CEPSA","address":"CARRETERA NACIONAL 433. SEVILLA A LISBOA.CRUCE JABUGO KM. 105","municipality":"Nava (La)","province":"HUELVA","postalCode":"21291","schedule":"L-D: 24H","fuels":{"gasoline95":1.819,"diesel":1.999,"dieselPremium":2.019},"extra":{"saleType":"P","margin":"D","reportingType":"dm","ideess":"6451","idMunicipio":"3265","idProvincia":"21","idCCAA":"01"}}},{"type":"Feature","geometry":{"type":"Point","coordinates":[-6.552167,37.381528]},"properties":{"id":"es-6452","source":"ES","brand":"CEPSA","address":"CALLE ALMONTE, 8","municipality":"Palma del Condado (La)","province":"HUELVA","postalCode":"21700","schedule":"L-D: 06:00-22:00","fuels":{"gasoline95":1.864,"gasoline95Premium":1.909,"diesel":2.019,"dieselPremium":2.089},"extra":{"saleType":"P","margin":"D","reportingType":"OM","ideess":"6452","idMunicipio":"3268","idProvincia":"21","idCCAA":"01"}}},{"type":"Feature","geometry":{"type":"Point","coordinates":[-6.399694,37.387028]},"properties":{"id":"es-6453","source":"ES","brand":"AGD","address":"CARRETERA A472 KM. 34,90","municipality":"Manzanilla","province":"HUELVA","postalCode":"21890","schedule":"L-D: 24H","fuels":{"gasoline95":1.585,"diesel":1.699},"extra":{"saleType":"P","margin":"D","reportingType":"dm","ideess":"6453","idMunicipio":"3261","idProvincia":"21","idCCAA":"01"}}},{"type":"Feature","geometry":{"type":"Point","coordinates":[-6.797639,37.51525]},"properties":{"id":"es-6454","source":"ES","brand":"DEOIL","address":"N-435 km 198,9","municipality":"Valverde del Camino","province":"HUELVA","postalCode":"21600","schedule":"L-D: 24H","fuels":{"gasoline95":1.68,"diesel":1.8,"dieselPremium":1.85,"adblue":0.9},"extra":{"saleType":"P","margin":"D","reportingType":"dm","ideess":"6454","idMunicipio":"3286","idProvincia":"21","idCCAA":"01"}}},{"type":"Feature","geometry":{"type":"Point","coordinates":[-6.034806,37.423139]},"properties":{"id":"es-6474","source":"ES","brand":"E.S. MARIA AUXILIADORA","address":"CARRETERA EXTREMADURA (N-630) KM. 809","municipality":"Valencina de la Concepción","province":"SEVILLA","postalCode":"41907","schedule":"L-D: 24H","fuels":{"gasoline95":1.675,"diesel":1.835,"adblue":0.835},"extra":{"saleType":"P","margin":"D","reportingType":"dm","ideess":"6474","idMunicipio":"6153","idProvincia":"41","idCCAA":"01"}}},{"type":"Feature","geometry":{"type":"Point","coordinates":[-6.162472,37.52775]},"properties":{"id":"es-6476","source":"ES","brand":"REPSOL","address":"CALLE PUENTE SIN BARANDA (DEL), 0","municipality":"Gerena","province":"SEVILLA","postalCode":"41860","schedule":"L-D: 06:30-22:30","fuels":{"gasoline95":1.729,"gasoline98":1.939,"diesel":1.949,"dieselPremium":2.069},"extra":{"saleType":"P","margin":"N","reportingType":"dm","ideess":"6476","idMunicipio":"6101","idProvincia":"41","idCCAA":"01"}}},{"type":"Feature","geometry":{"type":"Point","coordinates":[-6.044889,37.4445]},"properties":{"id":"es-6481","source":"ES","brand":"ITALICA OIL","address":"AVENIDA EXTREMADURA Nº1 (SE-184 km 1,2)","municipality":"Santiponce","province":"SEVILLA","postalCode":"41970","schedule":"L-D: 06:00-22:00","fuels":{"gasoline95":1.659,"gasoline95E10":1.659,"diesel":1.769,"dieselPremium":1.799},"extra":{"saleType":"P","margin":"D","reportingType":"dm","ideess":"6481","idMunicipio":"6146","idProvincia":"41","idCCAA":"01"}}},{"type":"Feature","geometry":{"type":"Point","coordinates":[-6.058278,37.29375]},"properties":{"id":"es-6483","source":"ES","brand":"PLENERGY","address":"ACCESO CTR. SEVILLA - CORIA, KM. 11, ","municipality":"Coria del Río","province":"SEVILLA","postalCode":"41100","schedule":"L-D: 24H","fuels":{"gasoline95":1.627,"diesel":1.749},"extra":{"saleType":"P","margin":"D","reportingType":"dm","ideess":"6483","idMunicipio":"6089","idProvincia":"41","idCCAA":"01"}}},{"type":"Feature","geometry":{"type":"Point","coordinates":[-6.952111,37.266639]},"properties":{"id":"es-6484","source":"ES","brand":"CEPSA","address":"AVENIDA CRISTOBAL COLON, 25","municipality":"Huelva","province":"HUELVA","postalCode":"21002","schedule":"L-D: 07:00-23:00","fuels":{"gasoline95":1.844,"gasoline95Premium":1.919,"diesel":2.009,"dieselPremium":2.089},"extra":{"saleType":"P","margin":"I","reportingType":"OM","ideess":"6484","idMunicipio":"3255","idProvincia":"21","idCCAA":"01"}}},{"type":"Feature","geometry":{"type":"Point","coordinates":[-6.910194,37.272778]},"properties":{"id":"es-6499","source":"ES","brand":"CEPSA","address":"CARRETERA A472 KM. 85","municipality":"Huelva","province":"HUELVA","postalCode":"21007","schedule":"L-V: 06:00-20:00; S: 08:00-15:00","fuels":{"gasoline95":1.834,"gasoline95Premium":1.909,"gasoline98":1.944,"diesel":2.009,"dieselPremium":2.079},"extra":{"saleType":"P","margin":"I","reportingType":"OM","ideess":"6499","idMunicipio":"3255","idProvincia":"21","idCCAA":"01"}}},{"type":"Feature","geometry":{"type":"Point","coordinates":[-6.539028,37.391083]},"properties":{"id":"es-6500","source":"ES","brand":"CEPSA","address":"CARRETERA A472 KM. 48,7","municipality":"Palma del Condado (La)","province":"HUELVA","postalCode":"21700","schedule":"L: 06:00-22:00","fuels":{"gasoline95":1.864,"diesel":2.014,"dieselPremium":2.099,"adblue":1.07},"extra":{"saleType":"P","margin":"I","reportingType":"dm","ideess":"6500","idMunicipio":"3268","idProvincia":"21","idCCAA":"01"}}},{"type":"Feature","geometry":{"type":"Point","coordinates":[-6.67225,37.364167]},"properties":{"id":"es-6501","source":"ES","brand":"CEPSA","address":"CARRETERA A472 KM. 60,750","municipality":"Niebla","province":"HUELVA","postalCode":"21840","schedule":"L-V: 06:00-20:00; S: 07:00-14:00","fuels":{"gasoline95":1.844,"diesel":1.989,"dieselPremium":2.059,"dieselB":1.679},"extra":{"saleType":"P","margin":"I","reportingType":"OM","ideess":"6501","idMunicipio":"3267","idProvincia":"21","idCCAA":"01"}}},{"type":"Feature","geometry":{"type":"Point","coordinates":[-6.532556,37.342444]},"properties":{"id":"es-6528","source":"ES","brand":"SUTACON","address":"MIGUEL INDURAIN, S/N","municipality":"Bollullos Par del Condado","province":"HUELVA","postalCode":"21710","schedule":"L-V: 07:00-21:00; S: 07:00-20:00; D: 09:00-14:00","fuels":{"gasoline95":1.779,"gasoline98":1.879,"diesel":1.889,"dieselB":1.46,"lpg":1.1,"adblue":0.96},"extra":{"saleType":"P","margin":"N","reportingType":"dm","ideess":"6528","idMunicipio":"3227","idProvincia":"21","idCCAA":"01"}}},{"type":"Feature","geometry":{"type":"Point","coordinates":[-6.069861,37.262528]},"properties":{"id":"es-6538","source":"ES","brand":"PETROPRIX","address":"AVENIDA ISLA MAYOR, 18","municipality":"Puebla del Río (La)","province":"SEVILLA","postalCode":"41130","schedule":"L-D: 06:30-23:00","fuels":{"gasoline95":1.627,"diesel":1.749},"extra":{"saleType":"P","margin":"N","reportingType":"dm","ideess":"6538","idMunicipio":"6136","idProvincia":"41","idCCAA":"01"}}},{"type":"Feature","geometry":{"type":"Point","coordinates":[-6.154216,37.421821]},"properties":{"id":"es-6539","source":"ES","brand":"GASOLINERA OLIVARES","address":"LARGA, S/N","municipality":"Olivares","province":"SEVILLA","postalCode":"41804","schedule":"L-D: 05:00-23:00","fuels":{"gasoline95":1.629,"diesel":1.755,"dieselB":1.639},"extra":{"saleType":"P","margin":"N","reportingType":"dm","ideess":"6539","idMunicipio":"6124","idProvincia":"41","idCCAA":"01"}}},{"type":"Feature","geometry":{"type":"Point","coordinates":[-6.046944,37.292556]},"properties":{"id":"es-6540","source":"ES","brand":"E.S. EL ROCIO","address":"AVDA. BATÁN, 85","municipality":"Coria del Río","province":"SEVILLA","postalCode":"41100","schedule":"L-D: 06:30-23:00","fuels":{"gasoline95":1.699,"diesel":1.829},"extra":{"saleType":"P","margin":"N","reportingType":"dm","ideess":"6540","idMunicipio":"6089","idProvincia":"41","idCCAA":"01"}}},{"type":"Feature","geometry":{"type":"Point","coordinates":[-6.006111,37.372]},"properties":{"id":"es-6548","source":"ES","brand":"BP  PARQUE DE LOS PRINCIPES","address":"AVENIDA FLOTA DE INDIAS, S/N","municipality":"Sevilla","province":"SEVILLA","postalCode":"41011","schedule":"L-V: 06:00-23:00; S-D: 07:00-23:00","fuels":{"gasoline95":1.779,"gasoline98":1.919,"diesel":1.959,"dieselPremium":2.049},"extra":{"saleType":"P","margin":"N","reportingType":"dm","ideess":"6548","idMunicipio":"6148","idProvincia":"41","idCCAA":"01"}}},{"type":"Feature","geometry":{"type":"Point","coordinates":[-6.88825,37.302972]},"properties":{"id":"es-6611","source":"ES","brand":"COMBUSTIBLES Y LUBRICANTES LA NICOBA, S.L.","address":"CARRETERA H-101 KM. 0,280","municipality":"Huelva","province":"HUELVA","postalCode":"21007","schedule":"L-S: 06:00-22:00; D: 08:00-16:00","fuels":{"gasoline95":1.829,"diesel":1.989,"dieselPremium":2.069,"dieselB":1.759,"adblue":0.99},"extra":{"saleType":"P","margin":"D","reportingType":"dm","ideess":"6611","idMunicipio":"3255","idProvincia":"21","idCCAA":"01"}}},{"type":"Feature","geometry":{"type":"Point","coordinates":[-6.952444,37.233333]},"properties":{"id":"es-6612","source":"ES","brand":"CEPSA","address":"AVENIDA FRANCISCO MONTENEGRO, 30","municipality":"Huelva","province":"HUELVA","postalCode":"21001","schedule":"L-V: 06:00-20:00","fuels":{"gasoline95":1.864,"gasoline95Premium":1.939,"diesel":2.019,"dieselPremium":2.089,"lpg":1.209},"extra":{"saleType":"P","margin":"D","reportingType":"OM","ideess":"6612","idMunicipio":"3255","idProvincia":"21","idCCAA":"01"}}},{"type":"Feature","geometry":{"type":"Point","coordinates":[-6.827194,37.315722]},"properties":{"id":"es-6613","source":"ES","brand":"CEPSA","address":"CARRETERA A472 KM. 70,5","municipality":"San Juan del Puerto","province":"HUELVA","postalCode":"21610","schedule":"L: 06:00-22:00","fuels":{"gasoline95":1.864,"diesel":2.014,"dieselPremium":2.099},"extra":{"saleType":"P","margin":"I","reportingType":"dm","ideess":"6613","idMunicipio":"3278","idProvincia":"21","idCCAA":"01"}}},{"type":"Feature","geometry":{"type":"Point","coordinates":[-6.882194,37.222611]},"properties":{"id":"es-6614","source":"ES","brand":"CEPSA","address":"POLIGONO CALLE A, 66","municipality":"Palos de la Frontera","province":"HUELVA","postalCode":"21810","schedule":"L: 07:00-22:00","fuels":{"gasoline95":1.794,"diesel":1.954,"dieselB":1.784},"extra":{"saleType":"P","margin":"I","reportingType":"dm","ideess":"6614","idMunicipio":"3269","idProvincia":"21","idCCAA":"01"}}},{"type":"Feature","geometry":{"type":"Point","coordinates":[-6.867917,37.189333]},"properties":{"id":"es-6615","source":"ES","brand":"CEPSA","address":"CARRETERA A-494 KM. 18,600","municipality":"Palos de la Frontera","province":"HUELVA","postalCode":"21810","schedule":"L-D: 07:00-23:00","fuels":{"gasoline95":1.854,"diesel":2.014,"dieselPremium":2.104},"extra":{"saleType":"P","margin":"D","reportingType":"dm","ideess":"6615","idMunicipio":"3269","idProvincia":"21","idCCAA":"01"}}},{"type":"Feature","geometry":{"type":"Point","coordinates":[-6.550528,37.693694]},"properties":{"id":"es-6616","source":"ES","brand":"MOEVE","address":"CALLE MARIA CRISTINA, 16","municipality":"Nerva","province":"HUELVA","postalCode":"21670","schedule":"L-S: 06:00-22:00; D: 07:00-22:00","fuels":{"gasoline95":1.868,"gasoline95Premium":1.958,"diesel":2.028,"dieselPremium":2.108,"dieselB":1.798},"extra":{"saleType":"P","margin":"D","reportingType":"dm","ideess":"6616","idMunicipio":"3266","idProvincia":"21","idCCAA":"01"}}},{"type":"Feature","geometry":{"type":"Point","coordinates":[-6.657306,37.674722]},"properties":{"id":"es-6697","source":"ES","brand":"DEOIL","address":"CARRETERA NACIONAL 435 KM. 181,8","municipality":"Zalamea la Real","province":"HUELVA","postalCode":"21640","schedule":"L-D: 06:00-22:00","fuels":{"gasoline95":1.68,"diesel":1.8,"dieselPremium":1.85},"extra":{"saleType":"P","margin":"I","reportingType":"dm","ideess":"6697","idMunicipio":"3292","idProvincia":"21","idCCAA":"01"}}},{"type":"Feature","geometry":{"type":"Point","coordinates":[-6.569472,37.896972]},"properties":{"id":"es-6738","source":"ES","brand":"AGLA","address":"N-433 km 88,4","municipality":"Aracena","province":"HUELVA","postalCode":"21200","schedule":"L-D: 06:00-22:00","fuels":{"gasoline95":1.719,"diesel":1.899},"extra":{"saleType":"P","margin":"I","reportingType":"dm","ideess":"6738","idMunicipio":"3221","idProvincia":"21","idCCAA":"01"}}},{"type":"Feature","geometry":{"type":"Point","coordinates":[-6.392139,37.399583]},"properties":{"id":"es-6739","source":"ES","brand":"E.S.CAMPO DE TEJADA","address":"CARRETERA HU-5132 KM. 2","municipality":"Escacena del Campo","province":"HUELVA","postalCode":"21870","schedule":"L-S: 07:00-21:00; D: 08:30-21:00","fuels":{"gasoline95":1.585,"diesel":1.729,"dieselPremium":1.755,"dieselB":1.39},"extra":{"saleType":"P","margin":"I","reportingType":"dm","ideess":"6739","idMunicipio":"3246","idProvincia":"21","idCCAA":"01"}}},{"type":"Feature","geometry":{"type":"Point","coordinates":[-6.788944,37.334111]},"properties":{"id":"es-6743","source":"ES","brand":"MOEVE","address":"AUTOVIA A-49 KM. 70,3","municipality":"Trigueros","province":"HUELVA","postalCode":"21620","schedule":"L-D: 24H","fuels":{"gasoline95":1.854,"gasoline95Premium":1.929,"diesel":1.989,"dieselPremium":2.069},"extra":{"saleType":"P","margin":"D","reportingType":"OM","ideess":"6743","idMunicipio":"3284","idProvincia":"21","idCCAA":"01"}}},{"type":"Feature","geometry":{"type":"Point","coordinates":[-6.802861,37.331611]},"properties":{"id":"es-6744","source":"ES","brand":"MOEVE","address":"AUTOVIA A-49 KM. 71,5","municipality":"Trigueros","province":"HUELVA","postalCode":"21620","schedule":"L-D: 24H","fuels":{"gasoline95":1.854,"gasoline95Premium":1.929,"diesel":1.989,"dieselPremium":2.069},"extra":{"saleType":"P","margin":"I","reportingType":"OM","ideess":"6744","idMunicipio":"3284","idProvincia":"21","idCCAA":"01"}}},{"type":"Feature","geometry":{"type":"Point","coordinates":[-6.560472,37.020083]},"properties":{"id":"es-6819","source":"ES","brand":"CEPSA","address":"CARRETERA A-483 KM. 40,5","municipality":"Almonte","province":"HUELVA","postalCode":"21760","schedule":"L-D: 06:00-23:00","fuels":{"gasoline95":1.854,"gasoline95Premium":1.899,"diesel":1.959,"dieselPremium":2.069},"extra":{"saleType":"P","margin":"D","reportingType":"OM","ideess":"6819","idMunicipio":"3219","idProvincia":"21","idCCAA":"01"}}},{"type":"Feature","geometry":{"type":"Point","coordinates":[-6.9475,37.28225]},"properties":{"id":"es-6822","source":"ES","brand":"REPSOL","address":"CALLE BARRIO LA ORDEN (N-431 KM 654,9), S/N","municipality":"Huelva","province":"HUELVA","postalCode":"21002","schedule":"L-D: 06:00-22:00","fuels":{"gasoline95":1.849,"gasoline98":2.019,"diesel":1.975,"dieselRenewable":2.095},"extra":{"saleType":"P","margin":"D","reportingType":"OM","ideess":"6822","idMunicipio":"3255","idProvincia":"21","idCCAA":"01"}}},{"type":"Feature","geometry":{"type":"Point","coordinates":[-6.941694,37.256333]},"properties":{"id":"es-6832","source":"ES","brand":"REPSOL","address":"CL AVENIDA FEDERICO MAYO, S.N.","municipality":"Huelva","province":"HUELVA","postalCode":"21004","schedule":"L-D: 06:00-22:00","fuels":{"gasoline95":1.855,"gasoline95Premium":1.915,"gasoline98":2.015,"diesel":1.975,"dieselRenewable":2.095},"extra":{"saleType":"P","margin":"D","reportingType":"OM","ideess":"6832","idMunicipio":"3255","idProvincia":"21","idCCAA":"01"}}},{"type":"Feature","geometry":{"type":"Point","coordinates":[-6.523222,37.263639]},"properties":{"id":"es-6880","source":"ES","brand":"REPSOL","address":"AVENIDA RAFAEL ALBERTI, 7","municipality":"Almonte","province":"HUELVA","postalCode":"21730","schedule":"L-D: 06:00-23:59","fuels":{"gasoline95":1.849,"gasoline98":2.035,"diesel":1.956,"dieselB":1.569,"dieselRenewable":2.035},"extra":{"saleType":"P","margin":"I","reportingType":"dm","ideess":"6880","idMunicipio":"3219","idProvincia":"21","idCCAA":"01"}}},{"type":"Feature","geometry":{"type":"Point","coordinates":[-6.889639,37.232028]},"properties":{"id":"es-6891","source":"ES","brand":"ESTACION DE SERVICIO LA FONTANILLA","address":"CR H-624, 12,6","municipality":"Palos de la Frontera","province":"HUELVA","postalCode":"21810","schedule":"L-D: 07:00-23:00","fuels":{"gasoline95":1.699,"diesel":1.869},"extra":{"saleType":"P","margin":"I","reportingType":"dm","ideess":"6891","idMunicipio":"3269","idProvincia":"21","idCCAA":"01"}}},{"type":"Feature","geometry":{"type":"Point","coordinates":[-6.961167,37.363444]},"properties":{"id":"es-6907","source":"ES","brand":"REPSOL","address":"CARRETERA NACIONAL 431 KM. 89,2","municipality":"Gibraleón","province":"HUELVA","postalCode":"21500","schedule":"L-S: 07:00-22:00; D: 08:00-22:00","fuels":{"gasoline95":1.805,"diesel":1.965,"dieselB":1.699,"dieselRenewable":2.085},"extra":{"saleType":"P","margin":"I","reportingType":"OM","ideess":"6907","idMunicipio":"3249","idProvincia":"21","idCCAA":"01"}}},{"type":"Feature","geometry":{"type":"Point","coordinates":[-6.555917,37.889528]},"properties":{"id":"es-6922","source":"ES","brand":"REPSOL","address":"CR  N-433, 86,3- ARACENA (N-433 km 86,5)","municipality":"Aracena","province":"HUELVA","postalCode":"21200","schedule":"L-D: 06:00-22:00","fuels":{"gasoline95":1.825,"gasoline98":1.995,"diesel":1.989,"dieselPremium":2.049},"extra":{"saleType":"P","margin":"I","reportingType":"OM","ideess":"6922","idMunicipio":"3221","idProvincia":"21","idCCAA":"01"}}},{"type":"Feature","geometry":{"type":"Point","coordinates":[-6.954194,37.955472]},"properties":{"id":"es-6924","source":"ES","brand":"REPSOL","address":"CARRETERA CR N-433 KM. 0","municipality":"Aroche","province":"HUELVA","postalCode":"21240","schedule":"L: 07:00-22:00","fuels":{"gasoline95":1.805,"diesel":1.975,"dieselB":1.679,"dieselRenewable":2.095},"extra":{"saleType":"P","margin":"I","reportingType":"OM","ideess":"6924","idMunicipio":"3222","idProvincia":"21","idCCAA":"01"}}},{"type":"Feature","geometry":{"type":"Point","coordinates":[-6.948139,37.330639]},"properties":{"id":"es-6941","source":"ES","brand":"REPSOL","address":"CARRETERA N-441 KM. 0,1","municipality":"Huelva","province":"HUELVA","postalCode":"21002","schedule":"L-V: 07:00-22:00; S: 07:30-15:30","fuels":{"gasoline95":1.805,"diesel":1.945,"dieselPremium":2.015},"extra":{"saleType":"P","margin":"I","reportingType":"OM","ideess":"6941","idMunicipio":"3255","idProvincia":"21","idCCAA":"01"}}},{"type":"Feature","geometry":{"type":"Point","coordinates":[-6.751389,37.567833]},"properties":{"id":"es-6955","source":"ES","brand":"REPSOL","address":"CARRETERA N-435 KM. 191","municipality":"Valverde del Camino","province":"HUELVA","postalCode":"21600","schedule":"L-D: 06:00-23:00","fuels":{"gasoline95":1.859,"gasoline98":2.019,"diesel":1.999,"dieselRenewable":2.109},"extra":{"saleType":"P","margin":"I","reportingType":"OM","ideess":"6955","idMunicipio":"3286","idProvincia":"21","idCCAA":"01"}}},{"type":"Feature","geometry":{"type":"Point","coordinates":[-6.221667,37.904]},"properties":{"id":"es-6957","source":"ES","brand":"REPSOL","address":"CALLE MARINA ESPAÑOLA, 70","municipality":"Santa Olalla del Cala","province":"HUELVA","postalCode":"21620","schedule":"L-D: 06:00-22:00","fuels":{"gasoline95":1.829,"gasoline98":1.999,"diesel":1.985,"dieselPremium":2.045},"extra":{"saleType":"P","margin":"D","reportingType":"OM","ideess":"6957","idMunicipio":"3283","idProvincia":"21","idCCAA":"01"}}},{"type":"Feature","geometry":{"type":"Point","coordinates":[-6.423194,37.348278]},"properties":{"id":"es-6972","source":"ES","brand":"REPSOL","address":"CR A-49, 37","municipality":"Chucena","province":"HUELVA","postalCode":"21891","schedule":"L-D: 24H","fuels":{"gasoline95":1.839,"gasoline98":1.949,"diesel":1.959,"dieselB":1.665,"dieselRenewable":2.069,"lpg":1.189},"extra":{"saleType":"P","margin":"D","reportingType":"OM","ideess":"6972","idMunicipio":"3238","idProvincia":"21","idCCAA":"01"}}},{"type":"Feature","geometry":{"type":"Point","coordinates":[-6.423194,37.346861]},"properties":{"id":"es-6973","source":"ES","brand":"REPSOL","address":"CARRETERA A-49 KM. 37","municipality":"Chucena","province":"HUELVA","postalCode":"21891","schedule":"L-D: 24H","fuels":{"gasoline95":1.839,"gasoline98":1.949,"diesel":1.959,"dieselB":1.665,"dieselRenewable":2.069},"extra":{"saleType":"P","margin":"I","reportingType":"OM","ideess":"6973","idMunicipio":"3238","idProvincia":"21","idCCAA":"01"}}},{"type":"Feature","geometry":{"type":"Point","coordinates":[-6.676222,37.351472]},"properties":{"id":"es-6974","source":"ES","brand":"REPSOL","address":"POLIGONO LOS BERMEJALES, 8","municipality":"Niebla","province":"HUELVA","postalCode":"21840","schedule":"L-D: 07:00-23:00","fuels":{"gasoline95":1.829,"diesel":1.929,"dieselPremium":1.949,"dieselB":1.649,"adblue":1.229},"extra":{"saleType":"P","margin":"D","reportingType":"dm","ideess":"6974","idMunicipio":"3267","idProvincia":"21","idCCAA":"01"}}},{"type":"Feature","geometry":{"type":"Point","coordinates":[-6.822806,37.138694]},"properties":{"id":"es-6987","source":"ES","brand":"GALP","address":"Ctra. A-494 km 24,500","municipality":"Moguer","province":"HUELVA","postalCode":"21130","schedule":"L-D: 07:00-23:00","fuels":{"gasoline95":1.804,"gasoline95Premium":1.854,"diesel":1.944,"dieselPremium":1.994},"extra":{"saleType":"P","margin":"N","reportingType":"OM","ideess":"6987","idMunicipio":"3264","idProvincia":"21","idCCAA":"01"}}},{"type":"Feature","geometry":{"type":"Point","coordinates":[-6.952056,37.253667]},"properties":{"id":"es-7011","source":"ES","brand":"GALP","address":"AVENIDA ITALIA, 32","municipality":"Huelva","province":"HUELVA","postalCode":"21003","schedule":"L-D: 06:00-22:00","fuels":{"gasoline95":1.714,"gasoline95Premium":1.764,"diesel":1.844,"dieselPremium":1.894},"extra":{"saleType":"P","margin":"N","reportingType":"OM","ideess":"7011","idMunicipio":"3255","idProvincia":"21","idCCAA":"01"}}},{"type":"Feature","geometry":{"type":"Point","coordinates":[-6.991028,37.273944]},"properties":{"id":"es-7013","source":"ES","brand":"TAMOIL","address":"CARRETERA A-492 KM. 0,100","municipality":"Aljaraque","province":"HUELVA","postalCode":"21110","schedule":"L-D: 24H","fuels":{"gasoline95":1.699,"gasoline98":1.799,"diesel":1.799,"biodiesel":1.699,"adblue":0.899},"extra":{"saleType":"P","margin":"N","reportingType":"OM","ideess":"7013","idMunicipio":"3216","idProvincia":"21","idCCAA":"01"}}},{"type":"Feature","geometry":{"type":"Point","coordinates":[-6.540361,37.348222]},"properties":{"id":"es-7014","source":"ES","brand":"CEPSA","address":"AVENIDA 28 DE FEBRERO, 167","municipality":"Bollullos Par del Condado","province":"HUELVA","postalCode":"21710","schedule":"L-D: 07:00-22:00","fuels":{"gasoline95":1.804,"gasoline98":1.904,"diesel":1.924,"dieselPremium":1.984,"dieselB":1.614},"extra":{"saleType":"P","margin":"D","reportingType":"dm","ideess":"7014","idMunicipio":"3227","idProvincia":"21","idCCAA":"01"}}},{"type":"Feature","geometry":{"type":"Point","coordinates":[-6.025139,37.364778]},"properties":{"id":"es-7049","source":"ES","brand":"BALLENOIL","address":"CALLE RAMON Y CAJAL, S/N","municipality":"San Juan de Aznalfarache","province":"SEVILLA","postalCode":"41920","schedule":"L-D: 24H","fuels":{"gasoline95":1.649,"gasoline95Premium":1.669,"diesel":1.749,"dieselPremium":1.769},"extra":{"saleType":"P","margin":"N","reportingType":"OM","ideess":"7049","idMunicipio":"6143","idProvincia":"41","idCCAA":"01"}}},{"type":"Feature","geometry":{"type":"Point","coordinates":[-6.030722,37.390778]},"properties":{"id":"es-7050","source":"ES","brand":"CARREFOUR","address":"CALLE C/ POETA MUÑOZ SAN ROMÁN, ","municipality":"Camas","province":"SEVILLA","postalCode":"41900","schedule":"L-D: 24H","fuels":{"gasoline95":1.729,"gasoline98":1.929,"diesel":1.899,"dieselPremium":1.939},"extra":{"saleType":"P","margin":"N","reportingType":"dm","ideess":"7050","idMunicipio":"6075","idProvincia":"41","idCCAA":"01"}}},{"type":"Feature","geometry":{"type":"Point","coordinates":[-6.035528,37.315611]},"properties":{"id":"es-7057","source":"ES","brand":"Q8","address":"CARRETERA CARRETERA A 8058 KM. 6,7","municipality":"Palomares del Río","province":"SEVILLA","postalCode":"41928","schedule":"L-D: 24H","fuels":{"gasoline95":1.689,"diesel":1.819},"extra":{"saleType":"P","margin":"D","reportingType":"dm","ideess":"7057","idMunicipio":"6127","idProvincia":"41","idCCAA":"01"}}},{"type":"Feature","geometry":{"type":"Point","coordinates":[-6.036583,37.362639]},"properties":{"id":"es-7086","source":"ES","brand":"REPSOL","address":"CR SE-640, 0,7","municipality":"San Juan de Aznalfarache","province":"SEVILLA","postalCode":"41920","schedule":"L-D: 06:00-22:00","fuels":{"gasoline95":1.769,"gasoline98":1.939,"diesel":1.955,"dieselPremium":2.035},"extra":{"saleType":"P","margin":"I","reportingType":"OM","ideess":"7086","idMunicipio":"6143","idProvincia":"41","idCCAA":"01"}}},{"type":"Feature","geometry":{"type":"Point","coordinates":[-6.067722,37.412278]},"properties":{"id":"es-7100","source":"ES","brand":"REPSOL","address":"CARRETERA SE-510 KM. 3,8","municipality":"Valencina de la Concepción","province":"SEVILLA","postalCode":"41907","schedule":"L-D: 06:00-22:00","fuels":{"gasoline95":1.779,"gasoline98":1.949,"diesel":1.939,"dieselRenewable":2.049},"extra":{"saleType":"P","margin":"D","reportingType":"OM","ideess":"7100","idMunicipio":"6153","idProvincia":"41","idCCAA":"01"}}},{"type":"Feature","geometry":{"type":"Point","coordinates":[-6.066056,37.377806]},"properties":{"id":"es-7104","source":"ES","brand":"REPSOL","address":"CARRETERA SE-620 KM. 0,8","municipality":"Bormujos","province":"SEVILLA","postalCode":"41930","schedule":"L-V: 05:30-23:30; S-D: 06:00-23:00","fuels":{"gasoline95":1.649,"diesel":1.789,"dieselPremium":1.899},"extra":{"saleType":"P","margin":"D","reportingType":"dm","ideess":"7104","idMunicipio":"6071","idProvincia":"41","idCCAA":"01"}}},{"type":"Feature","geometry":{"type":"Point","coordinates":[-6.054917,37.535139]},"properties":{"id":"es-7121","source":"ES","brand":"REPSOL","address":"CARRETERA SE-180 KM. 10,6","municipality":"Guillena","province":"SEVILLA","postalCode":"41210","schedule":"L-D: 06:30-22:00","fuels":{"gasoline95":1.779,"gasoline98":1.919,"diesel":1.949,"dieselPremium":2.039},"extra":{"saleType":"P","margin":"D","reportingType":"dm","ideess":"7121","idMunicipio":"6105","idProvincia":"41","idCCAA":"01"}}},{"type":"Feature","geometry":{"type":"Point","coordinates":[-6.060194,37.377361]},"properties":{"id":"es-7122","source":"ES","brand":"REPSOL","address":"CARRETERA SE-617 KM. 3,3","municipality":"Tomares","province":"SEVILLA","postalCode":"41940","schedule":"L-D: 06:30-22:30","fuels":{"gasoline95":1.759,"gasoline98":1.939,"diesel":1.959,"dieselRenewable":2.069,"adblue":1.39},"extra":{"saleType":"P","margin":"I","reportingType":"dm","ideess":"7122","idMunicipio":"6150","idProvincia":"41","idCCAA":"01"}}},{"type":"Feature","geometry":{"type":"Point","coordinates":[-6.087806,37.870444]},"properties":{"id":"es-7128","source":"ES","brand":"CAMPSA","address":"CARRETERA C-421 KM. 113,8","municipality":"Almadén de la Plata","province":"SEVILLA","postalCode":"41240","schedule":"V: 08:00-20:00","fuels":{"gasoline95":1.759,"diesel":1.949,"dieselPremium":1.989,"dieselB":1.579},"extra":{"saleType":"P","margin":"I","reportingType":"dm","ideess":"7128","idMunicipio":"6063","idProvincia":"41","idCCAA":"01"}}},{"type":"Feature","geometry":{"type":"Point","coordinates":[-6.026333,37.381722]},"properties":{"id":"es-7129","source":"ES","brand":"REPSOL","address":"CR SE-610, 0,9","municipality":"Camas","province":"SEVILLA","postalCode":"41900","schedule":"L-D: 06:00-22:00","fuels":{"gasoline95":1.769,"gasoline98":1.929,"diesel":1.949,"dieselRenewable":2.069,"lpg":1.139},"extra":{"saleType":"P","margin":"D","reportingType":"OM","ideess":"7129","idMunicipio":"6075","idProvincia":"41","idCCAA":"01"}}},{"type":"Feature","geometry":{"type":"Point","coordinates":[-6.142972,37.515917]},"properties":{"id":"es-7150","source":"ES","brand":"REPSOL","address":"CARRETERA SE-3410 KM. 9,150","municipality":"Gerena","province":"SEVILLA","postalCode":"41860","schedule":"L-V: 06:00-21:00; S: 08:00-21:00","fuels":{"gasoline95":1.729,"diesel":1.935,"dieselPremium":2.045},"extra":{"saleType":"P","margin":"D","reportingType":"OM","ideess":"7150","idMunicipio":"6101","idProvincia":"41","idCCAA":"01"}}},{"type":"Feature","geometry":{"type":"Point","coordinates":[-6.064306,37.381194]},"properties":{"id":"es-7277","source":"ES","brand":"BP ALJAROIL S.L.","address":"AVENIDA AVENIDA DE TOMAS Y VALIENTE, 1","municipality":"Bormujos","province":"SEVILLA","postalCode":"41930","schedule":"L-D: 24H","fuels":{"gasoline95":1.759,"gasoline98":1.899,"diesel":1.959,"dieselPremium":2.049,"adblue":1.15},"extra":{"saleType":"P","margin":"D","reportingType":"dm","ideess":"7277","idMunicipio":"6071","idProvincia":"41","idCCAA":"01"}}},{"type":"Feature","geometry":{"type":"Point","coordinates":[-6.139639,37.422222]},"properties":{"id":"es-7278","source":"ES","brand":"EL OLIVO","address":"CARRETERA SE-510 KM. 10,850","municipality":"Olivares","province":"SEVILLA","postalCode":"41804","schedule":"L-D: 24H","fuels":{"gasoline95":1.629,"diesel":1.755,"dieselPremium":1.835,"adblue":1.17},"extra":{"saleType":"P","margin":"N","reportingType":"dm","ideess":"7278","idMunicipio":"6124","idProvincia":"41","idCCAA":"01"}}},{"type":"Feature","geometry":{"type":"Point","coordinates":[-6.046361,37.385722]},"properties":{"id":"es-7284","source":"ES","brand":"BP BENCIR(IKEA-CASTILLEJA)","address":"CENTRO COMERCIAL AIRESUR-IKEA S/N","municipality":"Castilleja de la Cuesta","province":"SEVILLA","postalCode":"41950","schedule":"L-D: 24H","fuels":{"gasoline95":1.769,"gasoline98":1.909,"diesel":1.949,"dieselPremium":2.039},"extra":{"saleType":"P","margin":"N","reportingType":"dm","ideess":"7284","idMunicipio":"6084","idProvincia":"41","idCCAA":"01"}}},{"type":"Feature","geometry":{"type":"Point","coordinates":[-6.026361,37.348389]},"properties":{"id":"es-7288","source":"ES","brand":"BP LA PALMERA","address":"CARRETERA SE660 KM. 3,75","municipality":"San Juan de Aznalfarache","province":"SEVILLA","postalCode":"41920","schedule":"L-D: 06:00-23:00","fuels":{"gasoline95":1.765,"gasoline98":1.905,"diesel":1.939,"dieselPremium":2.029},"extra":{"saleType":"P","margin":"D","reportingType":"OM","ideess":"7288","idMunicipio":"6143","idProvincia":"41","idCCAA":"01"}}},{"type":"Feature","geometry":{"type":"Point","coordinates":[-6.037333,37.429972]},"properties":{"id":"es-7289","source":"ES","brand":"BP SANTIPONCE","address":"CARRETERA N-630 KM. 808,40","municipality":"Santiponce","province":"SEVILLA","postalCode":"41970","schedule":"L-D: 24H","fuels":{"gasoline95":1.765,"gasoline98":1.905,"diesel":1.979,"dieselPremium":2.069,"adblue":0.999},"extra":{"saleType":"P","margin":"N","reportingType":"dm","ideess":"7289","idMunicipio":"6146","idProvincia":"41","idCCAA":"01"}}},{"type":"Feature","geometry":{"type":"Point","coordinates":[-6.007861,37.479389]},"properties":{"id":"es-7307","source":"ES","brand":"OROIL","address":"CARRETERA CTRA A 431 KM. 132,5","municipality":"Algaba (La)","province":"SEVILLA","postalCode":"41980","schedule":"L: 06:00-22:00","fuels":{"gasoline95":1.599,"diesel":1.759},"extra":{"saleType":"P","margin":"D","reportingType":"dm","ideess":"7307","idMunicipio":"6061","idProvincia":"41","idCCAA":"01"}}},{"type":"Feature","geometry":{"type":"Point","coordinates":[-6.039167,37.363389]},"properties":{"id":"es-7312","source":"ES","brand":"SHELL","address":"CARRETERA SE-640 KM. 0,750","municipality":"San Juan de Aznalfarache","province":"SEVILLA","postalCode":"41920","schedule":"L-D: 06:00-23:59","fuels":{"gasoline95":1.764,"gasoline98":1.904,"diesel":1.944,"dieselPremium":2.024,"lpg":1.029,"adblue":1.25},"extra":{"saleType":"P","margin":"D","reportingType":"OM","ideess":"7312","idMunicipio":"6143","idProvincia":"41","idCCAA":"01"}}},{"type":"Feature","geometry":{"type":"Point","coordinates":[-6.101972,37.416]},"properties":{"id":"es-7324","source":"ES","brand":"AGLA","address":"SE-510 km 6,5","municipality":"Salteras","province":"SEVILLA","postalCode":"41909","schedule":"L-V: 06:00-23:00; S-D: 07:00-23:00","fuels":{"gasoline95":1.679,"diesel":1.799,"dieselPremium":1.849,"dieselB":1.659,"adblue":1.3},"extra":{"saleType":"P","margin":"D","reportingType":"dm","ideess":"7324","idMunicipio":"6142","idProvincia":"41","idCCAA":"01"}}},{"type":"Feature","geometry":{"type":"Point","coordinates":[-6.242,37.311583]},"properties":{"id":"es-7325","source":"ES","brand":"AGLA AZNALCAZAR","address":"CARRETERA A-473 KM. 1","municipality":"Aznalcázar","province":"SEVILLA","postalCode":"41849","schedule":"L-S: 06:00-23:00; D: 08:00-23:00","fuels":{"gasoline95":1.699,"diesel":1.819,"dieselPremium":1.849},"extra":{"saleType":"P","margin":"N","reportingType":"dm","ideess":"7325","idMunicipio":"6066","idProvincia":"41","idCCAA":"01"}}},{"type":"Feature","geometry":{"type":"Point","coordinates":[-6.302472,37.271333]},"properties":{"id":"es-7326","source":"ES","brand":"CEPSA","address":"CARRETERA SE-631 KM. 3,900","municipality":"Pilas","province":"SEVILLA","postalCode":"41840","schedule":"L-D: 24H","fuels":{"gasoline95":1.789,"gasoline98":1.969,"diesel":1.969,"dieselPremium":2.079,"dieselB":1.789},"extra":{"saleType":"P","margin":"D","reportingType":"dm","ideess":"7326","idMunicipio":"6132","idProvincia":"41","idCCAA":"01"}}},{"type":"Feature","geometry":{"type":"Point","coordinates":[-6.267111,37.516667]},"properties":{"id":"es-7329","source":"ES","brand":"CEPSA","address":"AVENIDA ANDALUCIA, S/N","municipality":"Aznalcóllar","province":"SEVILLA","postalCode":"41870","schedule":"L-D: 06:00-22:00","fuels":{"gasoline95":1.749,"gasoline95Premium":1.769,"diesel":1.914,"dieselPremium":1.944},"extra":{"saleType":"P","margin":"I","reportingType":"dm","ideess":"7329","idMunicipio":"6067","idProvincia":"41","idCCAA":"01"}}},{"type":"Feature","geometry":{"type":"Point","coordinates":[-6.299944,37.706]},"properties":{"id":"es-7330","source":"ES","brand":"MOEVE","address":"CARRETERA NACIONAL 433 KM. 51,8","municipality":"Castillo de las Guardas (El)","province":"SEVILLA","postalCode":"41890","schedule":"L-D: 06:00-22:00","fuels":{"gasoline95":1.729,"diesel":1.939,"adblue":1.05},"extra":{"saleType":"P","margin":"D","reportingType":"dm","ideess":"7330","idMunicipio":"6086","idProvincia":"41","idCCAA":"01"}}},{"type":"Feature","geometry":{"type":"Point","coordinates":[-6.000694,37.363694]},"properties":{"id":"es-7344","source":"ES","brand":"MOEVE","address":"CARRERA DE LA ESCLUSA, 10 (PUERTO OESTE), ","municipality":"Sevilla","province":"SEVILLA","postalCode":"41001","schedule":"L-D: 24H","fuels":{"gasoline95":1.764,"gasoline95Premium":1.869,"diesel":1.96,"dieselPremium":2.059,"dieselB":1.679,"lpg":1.169},"extra":{"saleType":"P","margin":"D","reportingType":"OM","ideess":"7344","idMunicipio":"6148","idProvincia":"41","idCCAA":"01"}}},{"type":"Feature","geometry":{"type":"Point","coordinates":[-6.056167,37.352333]},"properties":{"id":"es-7347","source":"ES","brand":"REPSOL","address":"CALLE CL EXPOSICION - POLIGONO PISA, S.N. (SE-640), S/N","municipality":"Mairena del Aljarafe","province":"SEVILLA","postalCode":"41927","schedule":"L-S: 07:00-22:30; D: 08:00-22:30","fuels":{"gasoline95":1.775,"gasoline98":1.955,"diesel":1.965,"dieselRenewable":2.055,"lpg":1.129,"adblue":1.2},"extra":{"saleType":"P","margin":"D","reportingType":"dm","ideess":"7347","idMunicipio":"6116","idProvincia":"41","idCCAA":"01"}}},{"type":"Feature","geometry":{"type":"Point","coordinates":[-6.316417,37.246722]},"properties":{"id":"es-7349","source":"ES","brand":"CEPSA","address":"CARRETERA SE-631 KM. 7,6","municipality":"Villamanrique de la Condesa","province":"SEVILLA","postalCode":"41850","schedule":"L-V: 07:00-19:00","fuels":{"gasoline95":1.794,"diesel":1.989,"dieselPremium":2.069,"dieselB":1.729},"extra":{"saleType":"P","margin":"D","reportingType":"OM","ideess":"7349","idMunicipio":"6154","idProvincia":"41","idCCAA":"01"}}},{"type":"Feature","geometry":{"type":"Point","coordinates":[-6.000389,37.386944]},"properties":{"id":"es-7350","source":"ES","brand":"MOEVE","address":"PASEO CRISTOBAL COLON, ","municipality":"Sevilla","province":"SEVILLA","postalCode":"41001","schedule":"L-S: 07:00-21:00","fuels":{"gasoline95":1.795,"gasoline95Premium":1.899,"diesel":1.995,"dieselPremium":2.105},"extra":{"saleType":"P","margin":"D","reportingType":"dm","ideess":"7350","idMunicipio":"6148","idProvincia":"41","idCCAA":"01"}}},{"type":"Feature","geometry":{"type":"Point","coordinates":[-6.296972,37.301972]},"properties":{"id":"es-7355","source":"ES","brand":"U.S. MOEVE POSTE PILAS","address":"PLAZA DE ESPAÑA, N","municipality":"Pilas","province":"SEVILLA","postalCode":"41840","schedule":"L-V: 06:00-22:00; S: 08:00-14:00","fuels":{"gasoline95":1.739,"diesel":1.93},"extra":{"saleType":"P","margin":"N","reportingType":"dm","ideess":"7355","idMunicipio":"6132","idProvincia":"41","idCCAA":"01"}}},{"type":"Feature","geometry":{"type":"Point","coordinates":[-6.193583,37.384917]},"properties":{"id":"es-7356","source":"ES","brand":"BALLENOIL","address":"CARRETERA A-472 KM. 0,2","municipality":"Sanlúcar la Mayor","province":"SEVILLA","postalCode":"41800","schedule":"L-D: 24H","fuels":{"gasoline95":1.659,"gasoline95Premium":1.679,"diesel":1.785,"dieselPremium":1.805},"extra":{"saleType":"P","margin":"D","reportingType":"OM","ideess":"7356","idMunicipio":"6145","idProvincia":"41","idCCAA":"01"}}},{"type":"Feature","geometry":{"type":"Point","coordinates":[-6.323778,37.358194]},"properties":{"id":"es-7358","source":"ES","brand":"BP A-49 PILAS","address":"AUTOPISTA AUTOPISTA SEVILLA-HUELVA KM. 28","municipality":"Carrión de los Céspedes","province":"SEVILLA","postalCode":"41820","schedule":"L-D: 24H","fuels":{"gasoline95":1.819,"gasoline98":1.959,"diesel":1.939,"dieselPremium":2.029,"adblue":1.125},"extra":{"saleType":"P","margin":"I","reportingType":"OM","ideess":"7358","idMunicipio":"6080","idProvincia":"41","idCCAA":"01"}}},{"type":"Feature","geometry":{"type":"Point","coordinates":[-6.059472,37.292389]},"properties":{"id":"es-7364","source":"ES","brand":"REPSOL","address":"AVENIDA BLAS INFANTE, 41","municipality":"Coria del Río","province":"SEVILLA","postalCode":"41100","schedule":"L-D: 06:00-23:00","fuels":{"gasoline95":1.795,"gasoline98":1.965,"diesel":1.989,"dieselPremium":2.039,"lpg":1.155},"extra":{"saleType":"P","margin":"I","reportingType":"OM","ideess":"7364","idMunicipio":"6089","idProvincia":"41","idCCAA":"01"}}},{"type":"Feature","geometry":{"type":"Point","coordinates":[-6.197472,37.386639]},"properties":{"id":"es-7368","source":"ES","brand":"CAMPSA","address":"CALLE CRISTOBAL COLON, 49","municipality":"Sanlúcar la Mayor","province":"SEVILLA","postalCode":"41800","schedule":"L-D: 24H","fuels":{"gasoline95":1.799,"gasoline98":1.969,"diesel":1.989,"dieselRenewable":2.079,"adblue":1.2},"extra":{"saleType":"P","margin":"D","reportingType":"dm","ideess":"7368","idMunicipio":"6145","idProvincia":"41","idCCAA":"01"}}},{"type":"Feature","geometry":{"type":"Point","coordinates":[-6.047417,37.352083]},"properties":{"id":"es-7427","source":"ES","brand":"REPSOL","address":"AVENIDA CUBA, S/N","municipality":"Mairena del Aljarafe","province":"SEVILLA","postalCode":"41927","schedule":"L-D: 24H","fuels":{"gasoline95":1.775,"gasoline98":1.945,"diesel":1.959,"dieselPremium":2.039,"lpg":1.129},"extra":{"saleType":"P","margin":"D","reportingType":"OM","ideess":"7427","idMunicipio":"6116","idProvincia":"41","idCCAA":"01"}}},{"type":"Feature","geometry":{"type":"Point","coordinates":[-6.086167,37.383056]},"properties":{"id":"es-7428","source":"ES","brand":"SHELL","address":"AVENIDA EUROPA, 2","municipality":"Gines","province":"SEVILLA","postalCode":"41960","schedule":"L-D: 05:30-23:30","fuels":{"gasoline95":1.774,"gasoline98":1.914,"diesel":1.939,"dieselPremium":2.019,"lpg":0.999},"extra":{"saleType":"P","margin":"I","reportingType":"OM","ideess":"7428","idMunicipio":"6103","idProvincia":"41","idCCAA":"01"}}},{"type":"Feature","geometry":{"type":"Point","coordinates":[-6.082028,37.377722]},"properties":{"id":"es-7432","source":"ES","brand":"REPSOL","address":"CR SE-625, 0,750","municipality":"Gines","province":"SEVILLA","postalCode":"41960","schedule":"L-D: 06:00-22:00","fuels":{"gasoline95":1.785,"gasoline98":1.945,"diesel":1.939,"dieselPremium":2.019,"lpg":1.119},"extra":{"saleType":"P","margin":"D","reportingType":"OM","ideess":"7432","idMunicipio":"6103","idProvincia":"41","idCCAA":"01"}}},{"type":"Feature","geometry":{"type":"Point","coordinates":[-6.080472,37.374667]},"properties":{"id":"es-7433","source":"ES","brand":"REPSOL","address":"CARRETERA SE-625 KM. 1,150","municipality":"Bormujos","province":"SEVILLA","postalCode":"41930","schedule":"L-D: 24H","fuels":{"gasoline95":1.775,"gasoline98":1.945,"diesel":1.949,"dieselRenewable":2.059},"extra":{"saleType":"P","margin":"I","reportingType":"OM","ideess":"7433","idMunicipio":"6071","idProvincia":"41","idCCAA":"01"}}},{"type":"Feature","geometry":{"type":"Point","coordinates":[-6.033667,37.372667]},"properties":{"id":"es-7463","source":"ES","brand":"GALP","address":"CARRETERA CTRA. TOMARÉS-SEVILLA KM. S/N","municipality":"San Juan de Aznalfarache","province":"SEVILLA","postalCode":"41920","schedule":"L-D: 07:00-23:00","fuels":{"gasoline95":1.754,"gasoline98":1.894,"diesel":1.949,"dieselPremium":1.999},"extra":{"saleType":"P","margin":"N","reportingType":"OM","ideess":"7463","idMunicipio":"6143","idProvincia":"41","idCCAA":"01"}}},{"type":"Feature","geometry":{"type":"Point","coordinates":[-6.138417,37.350444]},"properties":{"id":"es-7467","source":"ES","brand":"GALP","address":"POLIGONO POLÍGONO INDUSTRIAL P.I.B.O. - PARC. 295 Y 296, 295","municipality":"Bollullos de la Mitación","province":"SEVILLA","postalCode":"41110","schedule":"L-D: 06:00-22:00","fuels":{"gasoline95":1.674,"gasoline95Premium":1.724,"diesel":1.784,"dieselPremium":1.834,"adblue":0.799},"extra":{"saleType":"P","margin":"N","reportingType":"OM","ideess":"7467","idMunicipio":"6070","idProvincia":"41","idCCAA":"01"}}},{"type":"Feature","geometry":{"type":"Point","coordinates":[-6.872917,37.306139]},"properties":{"id":"es-8082","source":"ES","brand":"BALLENOIL","address":"CARRETERA N431 KM. 63,1","municipality":"Huelva","province":"HUELVA","postalCode":"21007","schedule":"L-D: 24H","fuels":{"gasoline95":1.659,"diesel":1.788,"dieselPremium":1.798},"extra":{"saleType":"P","margin":"N","reportingType":"OM","ideess":"8082","idMunicipio":"3255","idProvincia":"21","idCCAA":"01"}}},{"type":"Feature","geometry":{"type":"Point","coordinates":[-6.093556,37.313778]},"properties":{"id":"es-8149","source":"ES","brand":"M4 REPOST","address":"CARRETERA SE-648 KM. 9,1","municipality":"Almensilla","province":"SEVILLA","postalCode":"41111","schedule":"L-D: 06:00-22:00","fuels":{"gasoline95":1.669,"diesel":1.809,"dieselPremium":1.849},"extra":{"saleType":"P","margin":"N","reportingType":"dm","ideess":"8149","idMunicipio":"6064","idProvincia":"41","idCCAA":"01"}}},{"type":"Feature","geometry":{"type":"Point","coordinates":[-6.144389,37.362583]},"properties":{"id":"es-8155","source":"ES","brand":"GALP","address":"CARRETERA BOLLULLOS DE LA MITACION-UMBRETE KM. 2,500","municipality":"Bollullos de la Mitación","province":"SEVILLA","postalCode":"41110","schedule":"L-D: 24H","fuels":{"gasoline95":1.674,"diesel":1.784,"dieselPremium":1.834,"lpg":0.849,"adblue":0.799},"extra":{"saleType":"P","margin":"D","reportingType":"OM","ideess":"8155","idMunicipio":"6070","idProvincia":"41","idCCAA":"01"}}},{"type":"Feature","geometry":{"type":"Point","coordinates":[-6.270222,37.363306]},"properties":{"id":"es-8156","source":"ES","brand":"REPSOL","address":"URBANIZACIÓN VIRGEN DEL ROCIO, 7","municipality":"Huévar del Aljarafe","province":"SEVILLA","postalCode":"41830","schedule":"L-V: 07:00-21:00; S: 08:00-15:00; D: 09:00-14:00","fuels":{"gasoline95":1.809,"diesel":1.929,"dieselB":1.659},"extra":{"saleType":"P","margin":"D","reportingType":"dm","ideess":"8156","idMunicipio":"6107","idProvincia":"41","idCCAA":"01"}}},{"type":"Feature","geometry":{"type":"Point","coordinates":[-6.2005,37.362056]},"properties":{"id":"es-8157","source":"ES","brand":"AREA DE SERVICIO LAS NIEVES *","address":"CARRETERA A-473 KM. 2,800","municipality":"Benacazón","province":"SEVILLA","postalCode":"41805","schedule":"L-D: 24H","fuels":{"gasoline95":1.709,"gasoline98":1.889,"diesel":1.819,"dieselPremium":1.919,"lpg":0.879},"extra":{"saleType":"P","margin":"D","reportingType":"dm","ideess":"8157","idMunicipio":"6069","idProvincia":"41","idCCAA":"01"}}},{"type":"Feature","geometry":{"type":"Point","coordinates":[-6.957222,37.267667]},"properties":{"id":"es-8252","source":"ES","brand":"REPSOL","address":"BARRIADA MOLINO DE LA VEGA, 37","municipality":"Huelva","province":"HUELVA","postalCode":"21002","schedule":"L-D: 24H","fuels":{"gasoline95":1.859,"gasoline98":1.969,"diesel":1.989,"dieselRenewable":2.099,"lpg":1.189},"extra":{"saleType":"P","margin":"D","reportingType":"OM","ideess":"8252","idMunicipio":"3255","idProvincia":"21","idCCAA":"01"}}},{"type":"Feature","geometry":{"type":"Point","coordinates":[-6.767806,37.578222]},"properties":{"id":"es-8258","source":"ES","brand":"DEOIL","address":"TRAVESÍA URBANA VALVERDE A-496 (A-496 KM 1+600), S/N","municipality":"Valverde del Camino","province":"HUELVA","postalCode":"21600","schedule":"L-D: 06:00-22:00","fuels":{"gasoline95":1.68,"diesel":1.8,"adblue":0.9},"extra":{"saleType":"P","margin":"D","reportingType":"dm","ideess":"8258","idMunicipio":"3286","idProvincia":"21","idCCAA":"01"}}},{"type":"Feature","geometry":{"type":"Point","coordinates":[-6.79925,37.422583]},"properties":{"id":"es-8432","source":"ES","brand":"DEOIL","address":"CTRA.N-435 km 210","municipality":"Beas","province":"HUELVA","postalCode":"21630","schedule":"L-D: 06:00-22:00","fuels":{"gasoline95":1.67,"gasoline98":1.78,"diesel":1.76,"dieselPremium":1.8,"dieselB":1.29},"extra":{"saleType":"P","margin":"I","reportingType":"dm","ideess":"8432","idMunicipio":"3225","idProvincia":"21","idCCAA":"01"}}},{"type":"Feature","geometry":{"type":"Point","coordinates":[-6.136389,37.380972]},"properties":{"id":"es-8515","source":"ES","brand":"SHELL","address":"CARRETERA N-431 KM. 562","municipality":"Espartinas","province":"SEVILLA","postalCode":"41807","schedule":"L-D: 06:00-00:00","fuels":{"gasoline95":1.774,"gasoline98":1.914,"diesel":1.939,"dieselPremium":2.019,"adblue":1.25},"extra":{"saleType":"P","margin":"I","reportingType":"OM","ideess":"8515","idMunicipio":"6096","idProvincia":"41","idCCAA":"01"}}},{"type":"Feature","geometry":{"type":"Point","coordinates":[-6.029472,37.324889]},"properties":{"id":"es-8516","source":"ES","brand":"SHELL","address":"CTRA.AUTOVIA SEVILLA - CORIA km 6","municipality":"Gelves","province":"SEVILLA","postalCode":"41120","schedule":"L: 06:00-22:00","fuels":{"gasoline95":1.745,"gasoline98":1.885,"diesel":1.879,"dieselPremium":1.959},"extra":{"saleType":"P","margin":"I","reportingType":"OM","ideess":"8516","idMunicipio":"6100","idProvincia":"41","idCCAA":"01"}}},{"type":"Feature","geometry":{"type":"Point","coordinates":[-6.066194,37.384222]},"properties":{"id":"es-8517","source":"ES","brand":"BALLENOIL","address":"AVENIDA DE EUROPA, 102","municipality":"Gines","province":"SEVILLA","postalCode":"41960","schedule":"L-D: 24H","fuels":{"gasoline95":1.665,"gasoline95Premium":1.685,"diesel":1.785,"dieselPremium":1.805},"extra":{"saleType":"P","margin":"N","reportingType":"OM","ideess":"8517","idMunicipio":"6103","idProvincia":"41","idCCAA":"01"}}},{"type":"Feature","geometry":{"type":"Point","coordinates":[-6.027944,37.371056]},"properties":{"id":"es-8522","source":"ES","brand":"REPSOL","address":"CARRETERA SAN JUAN DE AZNALFARACHE-CAMAS KM. S/N","municipality":"San Juan de Aznalfarache","province":"SEVILLA","postalCode":"41920","schedule":"L-D: 06:00-22:00","fuels":{"gasoline95":1.759,"gasoline98":1.929,"diesel":1.949,"dieselPremium":2.059},"extra":{"saleType":"P","margin":"I","reportingType":"OM","ideess":"8522","idMunicipio":"6143","idProvincia":"41","idCCAA":"01"}}},{"type":"Feature","geometry":{"type":"Point","coordinates":[-6.540861,37.355222]},"properties":{"id":"es-9091","source":"ES","brand":"SHELL","address":"CARRETERA CARRETERA H 611 KM 4,7 KM. SN","municipality":"Bollullos Par del Condado","province":"HUELVA","postalCode":"21710","schedule":"L-D: 24H","fuels":{"gasoline95":1.809,"gasoline98":1.889,"diesel":1.929,"dieselPremium":1.989},"extra":{"saleType":"P","margin":"D","reportingType":"dm","ideess":"9091","idMunicipio":"3227","idProvincia":"21","idCCAA":"01"}}},{"type":"Feature","geometry":{"type":"Point","coordinates":[-6.035972,37.415194]},"properties":{"id":"es-9186","source":"ES","brand":"7267","address":"CARRETERA EXTREMADURA KM. 28","municipality":"Camas","province":"SEVILLA","postalCode":"41900","schedule":"L-D: 24H","fuels":{"gasoline95":1.635,"gasoline98":1.785,"diesel":1.795,"lpg":1.075,"adblue":0.835},"extra":{"saleType":"P","margin":"D","reportingType":"dm","ideess":"9186","idMunicipio":"6075","idProvincia":"41","idCCAA":"01"}}},{"type":"Feature","geometry":{"type":"Point","coordinates":[-6.829194,37.2785]},"properties":{"id":"es-9289","source":"ES","brand":"PLATERO","address":"CTRA, A-494 km 6,200","municipality":"Moguer","province":"HUELVA","postalCode":"21800","schedule":"L-D: 24H","fuels":{"gasoline95":1.798,"gasoline98":1.989,"diesel":1.988,"dieselPremium":2.008,"dieselB":1.689,"adblue":1.129},"extra":{"saleType":"P","margin":"I","reportingType":"dm","ideess":"9289","idMunicipio":"3264","idProvincia":"21","idCCAA":"01"}}},{"type":"Feature","geometry":{"type":"Point","coordinates":[-6.050667,37.383611]},"properties":{"id":"es-9357","source":"ES","brand":"EUROPA 1","address":"CALLE CAMILO JOSE CELA, 7","municipality":"Castilleja de la Cuesta","province":"SEVILLA","postalCode":"41950","schedule":"L-D: 24H","fuels":{"gasoline95":1.675,"diesel":1.795,"dieselPremium":1.809,"lpg":0.95},"extra":{"saleType":"P","margin":"N","reportingType":"dm","ideess":"9357","idMunicipio":"6084","idProvincia":"41","idCCAA":"01"}}},{"type":"Feature","geometry":{"type":"Point","coordinates":[-6.919611,37.263306]},"properties":{"id":"es-9528","source":"ES","brand":"TYCSA TRAFICO PESADO","address":"AVDA. NUEVO COLOMBINO S/N.","municipality":"Huelva","province":"HUELVA","postalCode":"21007","schedule":"L-D: 06:30-22:30","fuels":{"gasoline95":1.839,"gasoline98":1.939,"diesel":1.979,"dieselPremium":2.039},"extra":{"saleType":"P","margin":"D","reportingType":"dm","ideess":"9528","idMunicipio":"3255","idProvincia":"21","idCCAA":"01"}}},{"type":"Feature","geometry":{"type":"Point","coordinates":[-6.9175,37.273083]},"properties":{"id":"es-9530","source":"ES","brand":"TYCSA RONDA NORTE","address":"RONDA NORTE km 8,5","municipality":"Huelva","province":"HUELVA","postalCode":"21005","schedule":"L-D: 06:30-22:30","fuels":{"gasoline95":1.839,"gasoline98":1.939,"diesel":1.979,"dieselPremium":2.039,"adblue":0.998},"extra":{"saleType":"P","margin":"N","reportingType":"dm","ideess":"9530","idMunicipio":"3255","idProvincia":"21","idCCAA":"01"}}},{"type":"Feature","geometry":{"type":"Point","coordinates":[-6.040389,37.080389]},"properties":{"id":"es-9701","source":"ES","brand":"MOEVE-ARROCEROS B.G.","address":"FINCA EL REBOSO S/N. (LOS PALACIOS-PINZON km 15)","municipality":"Puebla del Río (La)","province":"SEVILLA","postalCode":"41130","schedule":"L-D: 24H","fuels":{"diesel":1.73,"dieselB":1.29},"extra":{"saleType":"P","margin":"N","reportingType":"dm","ideess":"9701","idMunicipio":"6136","idProvincia":"41","idCCAA":"01"}}},{"type":"Feature","geometry":{"type":"Point","coordinates":[-6.838583,37.264861]},"properties":{"id":"es-9813","source":"ES","brand":"REPSOL","address":"A-494 km 7.100","municipality":"Moguer","province":"HUELVA","postalCode":"21880","schedule":"L: 07:00-23:00","fuels":{"gasoline95":1.799,"gasoline98":1.969,"diesel":1.965,"dieselB":1.719,"dieselRenewable":2.085},"extra":{"saleType":"P","margin":"I","reportingType":"dm","ideess":"9813","idMunicipio":"3264","idProvincia":"21","idCCAA":"01"}}},{"type":"Feature","geometry":{"type":"Point","coordinates":[-6.16525,37.944333]},"properties":{"id":"es-9862","source":"ES","brand":"TJ OIL","address":"CTRA. A-5.301 km 7.1","municipality":"Real de la Jara (El)","province":"SEVILLA","postalCode":"41250","schedule":"L-D: 06:00-22:00","fuels":{"gasoline95":1.68,"diesel":1.82,"dieselPremium":1.87,"dieselB":1.72},"extra":{"saleType":"P","margin":"D","reportingType":"dm","ideess":"9862","idMunicipio":"6137","idProvincia":"41","idCCAA":"01"}}},{"type":"Feature","geometry":{"type":"Point","coordinates":[-6.598222,37.351111]},"properties":{"id":"es-9916","source":"ES","brand":"REPSOL","address":"AUTOVIA A-49 KM KM. 53","municipality":"Villarrasa","province":"HUELVA","postalCode":"21850","schedule":"L-S: 06:00-21:00; D: 07:00-21:00","fuels":{"gasoline95":1.829,"gasoline98":1.949,"diesel":1.949,"dieselRenewable":2.069},"extra":{"saleType":"P","margin":"D","reportingType":"OM","ideess":"9916","idMunicipio":"3291","idProvincia":"21","idCCAA":"01"}}},{"type":"Feature","geometry":{"type":"Point","coordinates":[-6.872722,37.197472]},"properties":{"id":"es-9967","source":"ES","brand":"REPSOL","address":"A494 km 17,400","municipality":"Palos de la Frontera","province":"HUELVA","postalCode":"21810","schedule":"L: 07:00-22:00","fuels":{"gasoline95":1.805,"gasoline98":1.975,"diesel":1.949,"dieselB":1.699,"dieselRenewable":2.069},"extra":{"saleType":"P","margin":"I","reportingType":"OM","ideess":"9967","idMunicipio":"3269","idProvincia":"21","idCCAA":"01"}}},{"type":"Feature","geometry":{"type":"Point","coordinates":[-6.520556,37.258583]},"properties":{"id":"es-9985","source":"ES","brand":"E.S PUERTA DOÑANA 2","address":"AVENIDA DE LOS CABEZUDOS, 1","municipality":"Almonte","province":"HUELVA","postalCode":"21730","schedule":"L-D: 24H","fuels":{"gasoline95":1.704,"diesel":1.741,"dieselB":1.394},"extra":{"saleType":"P","margin":"D","reportingType":"dm","ideess":"9985","idMunicipio":"3219","idProvincia":"21","idCCAA":"01"}}}]}