{"type":"FeatureCollection","features":[{"type":"Feature","geometry":{"type":"Point","coordinates":[-4.546028,37.955556]},"properties":{"id":"es-10024","source":"ES","brand":"REPSOL","address":"CARRETERA CO 5+68 KM. 1,4","municipality":"Villafranca de Córdoba","province":"CÓRDOBA","postalCode":"14420","schedule":"L-D: 24H","fuels":{"gasoline95":1.719,"gasoline95Premium":1.799,"diesel":1.945,"dieselB":1.582,"dieselRenewable":2.065},"extra":{"saleType":"P","margin":"D","reportingType":"OM","ideess":"10024","idMunicipio":"2109","idProvincia":"14","idCCAA":"01"}}},{"type":"Feature","geometry":{"type":"Point","coordinates":[-4.549972,37.022722]},"properties":{"id":"es-10044","source":"ES","brand":"REPSOL","address":"A-354 km 11","municipality":"Antequera","province":"MÁLAGA","postalCode":"29200","schedule":"L-D: 07:00-23:00","fuels":{"gasoline95":1.765,"gasoline98":1.935,"diesel":1.919,"dieselRenewable":2.039},"extra":{"saleType":"P","margin":"I","reportingType":"OM","ideess":"10044","idMunicipio":"4469","idProvincia":"29","idCCAA":"01"}}},{"type":"Feature","geometry":{"type":"Point","coordinates":[-4.749389,37.887806]},"properties":{"id":"es-10075","source":"ES","brand":"E.S. EL GRANADAL","address":"AVENIDA AZABACHE, SN","municipality":"Córdoba","province":"CÓRDOBA","postalCode":"14014","schedule":"L-D: 24H","fuels":{"gasoline95":1.705,"gasoline98":1.885,"diesel":1.845,"dieselPremium":1.935,"lpg":0.995,"adblue":0.95},"extra":{"saleType":"P","margin":"N","reportingType":"dm","ideess":"10075","idMunicipio":"2063","idProvincia":"14","idCCAA":"01"}}},{"type":"Feature","geometry":{"type":"Point","coordinates":[-4.964,37.694556]},"properties":{"id":"es-10084","source":"ES","brand":"LA CHICA","address":"CARRETERA A-445 POSADAS-LA CARLOTA KM. 19,200","municipality":"Carlota (La)","province":"CÓRDOBA","postalCode":"14100","schedule":"L-S: 06:00-22:00","fuels":{"gasoline95":1.699,"diesel":1.879,"dieselB":1.629},"extra":{"saleType":"P","margin":"D","reportingType":"dm","ideess":"10084","idMunicipio":"2059","idProvincia":"14","idCCAA":"01"}}},{"type":"Feature","geometry":{"type":"Point","coordinates":[-4.72675,37.898972]},"properties":{"id":"es-10204","source":"ES","brand":"CARBURANTES PREMIUM","address":"PARC GABRIEL RAMOS BEJARANO 110 C, 110","municipality":"Córdoba","province":"CÓRDOBA","postalCode":"14014","schedule":"L-S: 06:00-22:00","fuels":{"gasoline95":1.779,"diesel":1.979,"dieselPremium":2.039,"adblue":0.89},"extra":{"saleType":"P","margin":"D","reportingType":"dm","ideess":"10204","idMunicipio":"2063","idProvincia":"14","idCCAA":"01"}}},{"type":"Feature","geometry":{"type":"Point","coordinates":[-4.157833,37.529083]},"properties":{"id":"es-10215","source":"ES","brand":"E.S. LOS LLANOS AGLA","address":"CARRETERA A-333 KM. 6","municipality":"Priego de Córdoba","province":"CÓRDOBA","postalCode":"14814","schedule":"L: 07:00-21:00","fuels":{"gasoline95":1.689,"gasoline98":1.825,"diesel":1.869,"dieselB":1.549},"extra":{"saleType":"P","margin":"D","reportingType":"dm","ideess":"10215","idMunicipio":"2097","idProvincia":"14","idCCAA":"01"}}},{"type":"Feature","geometry":{"type":"Point","coordinates":[-4.872167,37.902694]},"properties":{"id":"es-10263","source":"ES","brand":"ESTACIÓN DE SERVICIO EL CRUCE DE SANTA MARÍA DE TRASSIERRA","address":"CARRETERA DE TRASSIERRA KM. 8","municipality":"Córdoba","province":"CÓRDOBA","postalCode":"14011","schedule":"L-D: 07:00-22:00","fuels":{"gasoline95":1.729,"gasoline98":1.854,"diesel":1.829,"dieselPremium":1.939},"extra":{"saleType":"P","margin":"I","reportingType":"dm","ideess":"10263","idMunicipio":"2063","idProvincia":"14","idCCAA":"01"}}},{"type":"Feature","geometry":{"type":"Point","coordinates":[-4.148583,37.244472]},"properties":{"id":"es-10296","source":"ES","brand":"COMB.QUINTANA QUINTANA","address":"CARRETERA DE PRIGO km 39.650","municipality":"Loja","province":"GRANADA","postalCode":"18311","schedule":"L-S: 07:00-21:00; D: 07:00-14:00","fuels":{"gasoline95":1.599,"diesel":1.729,"dieselB":1.389},"extra":{"saleType":"P","margin":"D","reportingType":"dm","ideess":"10296","idMunicipio":"2772","idProvincia":"18","idCCAA":"01"}}},{"type":"Feature","geometry":{"type":"Point","coordinates":[-4.536861,37.266889]},"properties":{"id":"es-10331","source":"ES","brand":"COOPERATIVA","address":"AVENIDA DE LA VENTA, 3","municipality":"Benamejí","province":"CÓRDOBA","postalCode":"14910","schedule":"L: 08:00-22:00","fuels":{"diesel":1.699,"dieselB":1.293},"extra":{"saleType":"P","margin":"D","reportingType":"dm","ideess":"10331","idMunicipio":"2052","idProvincia":"14","idCCAA":"01"}}},{"type":"Feature","geometry":{"type":"Point","coordinates":[-4.024389,37.543833]},"properties":{"id":"es-10550","source":"ES","brand":"GCL","address":"CARRETERA NAL.432 KM.367.950","municipality":"Alcaudete","province":"JAÉN","postalCode":"23660","schedule":"L-D: 24H","fuels":{"gasoline95":1.639,"diesel":1.759,"dieselB":1.379,"adblue":0.8},"extra":{"saleType":"P","margin":"D","reportingType":"dm","ideess":"10550","idMunicipio":"3498","idProvincia":"23","idCCAA":"01"}}},{"type":"Feature","geometry":{"type":"Point","coordinates":[-4.959194,37.263528]},"properties":{"id":"es-10608","source":"ES","brand":"MOEVE","address":"AUTOVIA A-92 KM. 97","municipality":"Aguadulce","province":"SEVILLA","postalCode":"41550","schedule":"L-D: 24H","fuels":{"gasoline95":1.759,"gasoline95Premium":1.859,"diesel":1.949,"dieselPremium":2.029},"extra":{"saleType":"P","margin":"D","reportingType":"OM","ideess":"10608","idMunicipio":"6055","idProvincia":"41","idCCAA":"01"}}},{"type":"Feature","geometry":{"type":"Point","coordinates":[-4.758139,37.401333]},"properties":{"id":"es-10618","source":"ES","brand":"PETROMARKT","address":"CALLE MEMBRILLERAS, 5","municipality":"Puente Genil","province":"CÓRDOBA","postalCode":"14500","schedule":"L-D: 24H","fuels":{"gasoline95":1.689,"gasoline98":1.839,"diesel":1.829,"dieselPremium":1.879,"adblue":0.899},"extra":{"saleType":"P","margin":"D","reportingType":"dm","ideess":"10618","idMunicipio":"2098","idProvincia":"14","idCCAA":"01"}}},{"type":"Feature","geometry":{"type":"Point","coordinates":[-4.786111,37.886]},"properties":{"id":"es-10855","source":"ES","brand":"REPSOL","address":"AVENIDA REPUBLICA ARGENTINA, S/N","municipality":"Córdoba","province":"CÓRDOBA","postalCode":"14005","schedule":"L-D: 06:00-23:00","fuels":{"gasoline95":1.759,"gasoline98":1.909,"diesel":1.935,"dieselPremium":1.995},"extra":{"saleType":"P","margin":"D","reportingType":"OM","ideess":"10855","idMunicipio":"2063","idProvincia":"14","idCCAA":"01"}}},{"type":"Feature","geometry":{"type":"Point","coordinates":[-4.761639,37.921]},"properties":{"id":"es-10856","source":"ES","brand":"REPSOL","address":"CARRETERA BADAJOZ-GRANADA KM. 265","municipality":"Córdoba","province":"CÓRDOBA","postalCode":"14014","schedule":"L-D: 06:00-22:00","fuels":{"gasoline95":1.779,"gasoline98":1.919,"diesel":1.929,"dieselPremium":1.989,"adblue":1.249},"extra":{"saleType":"P","margin":"I","reportingType":"dm","ideess":"10856","idMunicipio":"2063","idProvincia":"14","idCCAA":"01"}}},{"type":"Feature","geometry":{"type":"Point","coordinates":[-4.632722,37.584722]},"properties":{"id":"es-10857","source":"ES","brand":"FUEL-ENERGY","address":"AVENIDA MARQUES DE LA VEGA DE ARMIJO, 76","municipality":"Montilla","province":"CÓRDOBA","postalCode":"14550","schedule":"L-D: 06:00-22:00","fuels":{"gasoline95":1.669,"diesel":1.792,"dieselB":1.426},"extra":{"saleType":"P","margin":"D","reportingType":"dm","ideess":"10857","idMunicipio":"2084","idProvincia":"14","idCCAA":"01"}}},{"type":"Feature","geometry":{"type":"Point","coordinates":[-4.931278,37.663083]},"properties":{"id":"es-10902","source":"ES","brand":"LA LAGUNILLA","address":"CARRETERA DE LA PAZ KM. 1,5","municipality":"Carlota (La)","province":"CÓRDOBA","postalCode":"14100","schedule":"L-D: 24H","fuels":{"gasoline95":1.709,"diesel":1.949,"dieselPremium":1.979,"dieselB":1.619,"adblue":0.95},"extra":{"saleType":"P","margin":"N","reportingType":"dm","ideess":"10902","idMunicipio":"2059","idProvincia":"14","idCCAA":"01"}}},{"type":"Feature","geometry":{"type":"Point","coordinates":[-4.692889,37.921417]},"properties":{"id":"es-10921","source":"ES","brand":"LA LANCHA","address":"CARRETERA MADRID - CÁDIZ KM. 393","municipality":"Córdoba","province":"CÓRDOBA","postalCode":"14610","schedule":"L-D: 06:00-23:00","fuels":{"gasoline95":1.779,"diesel":1.919,"dieselPremium":1.979,"adblue":0.999},"extra":{"saleType":"P","margin":"D","reportingType":"dm","ideess":"10921","idMunicipio":"2063","idProvincia":"14","idCCAA":"01"}}},{"type":"Feature","geometry":{"type":"Point","coordinates":[-4.309944,37.265389]},"properties":{"id":"es-10939","source":"ES","brand":"AGLA","address":"CARRETERA A333 KM. 34","municipality":"Iznájar","province":"CÓRDOBA","postalCode":"14970","schedule":"L-D: 06:30-22:00","fuels":{"gasoline95":1.739,"diesel":1.869},"extra":{"saleType":"P","margin":"D","reportingType":"dm","ideess":"10939","idMunicipio":"2079","idProvincia":"14","idCCAA":"01"}}},{"type":"Feature","geometry":{"type":"Point","coordinates":[-4.458111,37.971111]},"properties":{"id":"es-10966","source":"ES","brand":"BP PEDRO ABAD","address":"CARRETERA A-4 KM. 370","municipality":"Pedro Abad","province":"CÓRDOBA","postalCode":"14630","schedule":"L-D: 24H","fuels":{"gasoline95":1.739,"gasoline98":1.879,"diesel":1.915,"adblue":1.025},"extra":{"saleType":"P","margin":"D","reportingType":"OM","ideess":"10966","idMunicipio":"2092","idProvincia":"14","idCCAA":"01"}}},{"type":"Feature","geometry":{"type":"Point","coordinates":[-4.308,37.62275]},"properties":{"id":"es-11063","source":"ES","brand":"CARREFOUR","address":"CARRETERA A-305 KM. 60","municipality":"Baena","province":"CÓRDOBA","postalCode":"14850","schedule":"L-D: 24H","fuels":{"gasoline95":1.709,"gasoline98":1.799,"diesel":1.749,"dieselPremium":1.789},"extra":{"saleType":"P","margin":"N","reportingType":"dm","ideess":"11063","idMunicipio":"2049","idProvincia":"14","idCCAA":"01"}}},{"type":"Feature","geometry":{"type":"Point","coordinates":[-4.602111,37.4305]},"properties":{"id":"es-11158","source":"ES","brand":"REPSOL","address":"CARRETERA MORILES LAS NAVAS KM. 1","municipality":"Moriles","province":"CÓRDOBA","postalCode":"14510","schedule":"L-D: 06:00-22:00","fuels":{"gasoline95":1.709,"diesel":1.899,"dieselPremium":2.009,"dieselB":1.622},"extra":{"saleType":"P","margin":"I","reportingType":"OM","ideess":"11158","idMunicipio":"2087","idProvincia":"14","idCCAA":"01"}}},{"type":"Feature","geometry":{"type":"Point","coordinates":[-4.076611,37.163833]},"properties":{"id":"es-11254","source":"ES","brand":"SPS","address":"CARRETERA A- 4155 KM. 1","municipality":"Salar","province":"GRANADA","postalCode":"18310","schedule":"L-S: 06:00-22:00; D: 07:00-22:00","fuels":{"gasoline95":1.739,"diesel":1.879,"dieselPremium":1.989,"dieselB":1.52},"extra":{"saleType":"P","margin":"I","reportingType":"dm","ideess":"11254","idMunicipio":"2813","idProvincia":"18","idCCAA":"01"}}},{"type":"Feature","geometry":{"type":"Point","coordinates":[-4.849556,37.359417]},"properties":{"id":"es-11269","source":"ES","brand":"REPSOL","address":"CARRETERA ESTEPA 14 KM. ","municipality":"Herrera","province":"SEVILLA","postalCode":"41567","schedule":"L-S: 06:00-22:00; D: 07:00-22:00","fuels":{"gasoline95":1.709,"diesel":1.909,"dieselPremium":2.009,"dieselB":1.622},"extra":{"saleType":"P","margin":"I","reportingType":"OM","ideess":"11269","idMunicipio":"6106","idProvincia":"41","idCCAA":"01"}}},{"type":"Feature","geometry":{"type":"Point","coordinates":[-4.772472,37.901444]},"properties":{"id":"es-11327","source":"ES","brand":"GALP","address":"AVENIDA PROFESOR ARNOLD J. TOYNBEE, 23","municipality":"Córdoba","province":"CÓRDOBA","postalCode":"14006","schedule":"L-D: 06:00-23:00","fuels":{"gasoline95":1.729,"gasoline95Premium":1.779,"diesel":1.899,"dieselPremium":1.949},"extra":{"saleType":"P","margin":"N","reportingType":"OM","ideess":"11327","idMunicipio":"2063","idProvincia":"14","idCCAA":"01"}}},{"type":"Feature","geometry":{"type":"Point","coordinates":[-4.054167,37.181111]},"properties":{"id":"es-11496","source":"ES","brand":"REPSOL","address":"AUTOVIA A-92 KM. 200,3","municipality":"Huétor Tájar","province":"GRANADA","postalCode":"18360","schedule":"L-D: 06:00-00:00","fuels":{"gasoline95":1.729,"gasoline98":1.899,"diesel":1.875,"dieselPremium":1.985},"extra":{"saleType":"P","margin":"I","reportingType":"OM","ideess":"11496","idMunicipio":"2756","idProvincia":"18","idCCAA":"01"}}},{"type":"Feature","geometry":{"type":"Point","coordinates":[-4.218778,37.440472]},"properties":{"id":"es-11504","source":"ES","brand":"E.S. LA MILANA  AGLA","address":"CARRETERA A339 KM. 24","municipality":"Priego de Córdoba","province":"CÓRDOBA","postalCode":"14800","schedule":"L-D: 24H","fuels":{"gasoline95":1.625,"gasoline98":1.776,"diesel":1.788,"dieselPremium":1.875,"dieselB":1.514},"extra":{"saleType":"P","margin":"I","reportingType":"dm","ideess":"11504","idMunicipio":"2097","idProvincia":"14","idCCAA":"01"}}},{"type":"Feature","geometry":{"type":"Point","coordinates":[-4.453694,37.082083]},"properties":{"id":"es-11654","source":"ES","brand":"REPSOL","address":"AUTOVIA A-92 KM. 160","municipality":"Archidona","province":"MÁLAGA","postalCode":"29300","schedule":"L-D: 24H","fuels":{"gasoline95":1.799,"gasoline98":1.939,"diesel":1.949,"dieselPremium":1.999},"extra":{"saleType":"P","margin":"D","reportingType":"dm","ideess":"11654","idMunicipio":"4471","idProvincia":"29","idCCAA":"01"}}},{"type":"Feature","geometry":{"type":"Point","coordinates":[-4.820667,37.880333]},"properties":{"id":"es-11773","source":"ES","brand":"PETROIL ENERGY AZAHARA","address":"CARRETERA C-431 CORDOBA - PALMA DEL RIO KM. 3,300","municipality":"Córdoba","province":"CÓRDOBA","postalCode":"14005","schedule":"L-D: 24H","fuels":{"gasoline95":1.689,"gasoline98":1.805,"diesel":1.799,"dieselPremium":1.849},"extra":{"saleType":"P","margin":"I","reportingType":"dm","ideess":"11773","idMunicipio":"2063","idProvincia":"14","idCCAA":"01"}}},{"type":"Feature","geometry":{"type":"Point","coordinates":[-4.326944,37.067778]},"properties":{"id":"es-11965","source":"ES","brand":"REPSOL","address":"AUTOVIA A92M KM. 8","municipality":"Villanueva del Trabuco","province":"MÁLAGA","postalCode":"29313","schedule":"L-D: 24H","fuels":{"gasoline95":1.785,"gasoline98":1.905,"diesel":1.959,"dieselPremium":2.019},"extra":{"saleType":"P","margin":"I","reportingType":"dm","ideess":"11965","idMunicipio":"4552","idProvincia":"29","idCCAA":"01"}}},{"type":"Feature","geometry":{"type":"Point","coordinates":[-4.551917,37.439778]},"properties":{"id":"es-12022","source":"ES","brand":"REPSOL","address":"AUTOVIA A-45 KM. 51","municipality":"Lucena","province":"CÓRDOBA","postalCode":"14900","schedule":"L-D: 24H","fuels":{"gasoline95":1.745,"gasoline98":1.905,"diesel":1.949,"dieselPremium":2.019},"extra":{"saleType":"P","margin":"D","reportingType":"OM","ideess":"12022","idMunicipio":"2080","idProvincia":"14","idCCAA":"01"}}},{"type":"Feature","geometry":{"type":"Point","coordinates":[-4.550639,37.440417]},"properties":{"id":"es-12023","source":"ES","brand":"REPSOL","address":"AUTOVIA A-45 KM. 51","municipality":"Lucena","province":"CÓRDOBA","postalCode":"14900","schedule":"L-D: 24H","fuels":{"gasoline95":1.745,"gasoline98":1.905,"diesel":1.939,"dieselPremium":2.019,"lpg":1.125},"extra":{"saleType":"P","margin":"I","reportingType":"OM","ideess":"12023","idMunicipio":"2080","idProvincia":"14","idCCAA":"01"}}},{"type":"Feature","geometry":{"type":"Point","coordinates":[-4.836111,37.878611]},"properties":{"id":"es-12096","source":"ES","brand":"REPSOL","address":"CARRETERA PALMA DEL RIO KM. 4","municipality":"Córdoba","province":"CÓRDOBA","postalCode":"14005","schedule":"L-D: 24H","fuels":{"gasoline95":1.765,"gasoline98":1.935,"diesel":1.915,"dieselRenewable":2.035,"lpg":1.149},"extra":{"saleType":"P","margin":"I","reportingType":"OM","ideess":"12096","idMunicipio":"2063","idProvincia":"14","idCCAA":"01"}}},{"type":"Feature","geometry":{"type":"Point","coordinates":[-4.763583,37.396833]},"properties":{"id":"es-12136","source":"ES","brand":"M3 PETROLEOS","address":"CALLE LA PALMERA, 18","municipality":"Puente Genil","province":"CÓRDOBA","postalCode":"14500","schedule":"L-D: 24H","fuels":{"gasoline95":1.739,"gasoline98":1.859,"diesel":1.829,"dieselPremium":1.879,"adblue":0.989},"extra":{"saleType":"P","margin":"D","reportingType":"dm","ideess":"12136","idMunicipio":"2098","idProvincia":"14","idCCAA":"01"}}},{"type":"Feature","geometry":{"type":"Point","coordinates":[-4.585528,37.470722]},"properties":{"id":"es-12206","source":"ES","brand":"SANTO CRISTO","address":"CARRETERA MONTURQUE MORILES KM. 1","municipality":"Monturque","province":"CÓRDOBA","postalCode":"14930","schedule":"L-D: 06:00-22:00","fuels":{"diesel":1.699,"dieselB":1.299},"extra":{"saleType":"P","margin":"D","reportingType":"dm","ideess":"12206","idMunicipio":"2086","idProvincia":"14","idCCAA":"01"}}},{"type":"Feature","geometry":{"type":"Point","coordinates":[-4.80675,37.894722]},"properties":{"id":"es-12247","source":"ES","brand":"REPSOL","address":"CARRETERA CAMINO DE TURRUÑUELOS, PARCELA 4.1 KM. S/N","municipality":"Córdoba","province":"CÓRDOBA","postalCode":"14005","schedule":"L-D: 24H","fuels":{"gasoline95":1.755,"gasoline98":1.895,"diesel":1.939,"dieselRenewable":2.059},"extra":{"saleType":"P","margin":"D","reportingType":"OM","ideess":"12247","idMunicipio":"2063","idProvincia":"14","idCCAA":"01"}}},{"type":"Feature","geometry":{"type":"Point","coordinates":[-4.040083,37.186389]},"properties":{"id":"es-12319","source":"ES","brand":"CHT","address":"CARRETERA VENTA NUEVA KM. 0,120","municipality":"Huétor Tájar","province":"GRANADA","postalCode":"18360","schedule":"L-D: 24H","fuels":{"gasoline95":1.679,"gasoline98E10":1.829,"diesel":1.779,"dieselB":1.439},"extra":{"saleType":"P","margin":"D","reportingType":"dm","ideess":"12319","idMunicipio":"2756","idProvincia":"18","idCCAA":"01"}}},{"type":"Feature","geometry":{"type":"Point","coordinates":[-4.056972,37.199444]},"properties":{"id":"es-12439","source":"ES","brand":"CENTRO SUR","address":"CARRETERA ESTACION KM. 1","municipality":"Huétor Tájar","province":"GRANADA","postalCode":"18360","schedule":"L-D: 24H","fuels":{"gasoline95":1.669,"diesel":1.769,"dieselPremium":1.859,"dieselB":1.399},"extra":{"saleType":"P","margin":"D","reportingType":"dm","ideess":"12439","idMunicipio":"2756","idProvincia":"18","idCCAA":"01"}}},{"type":"Feature","geometry":{"type":"Point","coordinates":[-4.818833,37.365611]},"properties":{"id":"es-12443","source":"ES","brand":"MINIOIL","address":"CARRETERA ESTEPA-GUADIX KM. 8,5","municipality":"Puente Genil","province":"CÓRDOBA","postalCode":"14005","schedule":"L-D: 24H","fuels":{"gasoline95":1.679,"diesel":1.819,"adblue":0.899},"extra":{"saleType":"P","margin":"D","reportingType":"dm","ideess":"12443","idMunicipio":"2098","idProvincia":"14","idCCAA":"01"}}},{"type":"Feature","geometry":{"type":"Point","coordinates":[-4.762861,37.398861]},"properties":{"id":"es-12600","source":"ES","brand":"CARREFOUR","address":"CARRETERA LA RAMBLA, S/N KM. \"S\"/\"N\"","municipality":"Puente Genil","province":"CÓRDOBA","postalCode":"14500","schedule":"L-D: 24H","fuels":{"gasoline95":1.719,"diesel":1.899},"extra":{"saleType":"P","margin":"N","reportingType":"dm","ideess":"12600","idMunicipio":"2098","idProvincia":"14","idCCAA":"01"}}},{"type":"Feature","geometry":{"type":"Point","coordinates":[-4.702111,37.645722]},"properties":{"id":"es-12703","source":"ES","brand":"PETROGLOP","address":"CARRETERA N-331 KM. 35,6","municipality":"Montemayor","province":"CÓRDOBA","postalCode":"14350","schedule":"L-D: 24H","fuels":{"gasoline95":1.719,"diesel":1.899},"extra":{"saleType":"P","margin":"D","reportingType":"dm","ideess":"12703","idMunicipio":"2083","idProvincia":"14","idCCAA":"01"}}},{"type":"Feature","geometry":{"type":"Point","coordinates":[-4.759389,37.904556]},"properties":{"id":"es-12741","source":"ES","brand":"PETROL & GO","address":"CALLE LOS ARTESANOS, 7","municipality":"Córdoba","province":"CÓRDOBA","postalCode":"14014","schedule":"L-D: 24H","fuels":{"gasoline95":1.679,"diesel":1.789},"extra":{"saleType":"P","margin":"D","reportingType":"dm","ideess":"12741","idMunicipio":"2063","idProvincia":"14","idCCAA":"01"}}},{"type":"Feature","geometry":{"type":"Point","coordinates":[-4.036778,37.319972]},"properties":{"id":"es-12751","source":"ES","brand":"SHELL","address":"CARRETERA GR-3410 KM. 3","municipality":"Montefrío","province":"GRANADA","postalCode":"18270","schedule":"L-D: 07:00-23:00","fuels":{"gasoline95":1.699,"diesel":1.819},"extra":{"saleType":"P","margin":"I","reportingType":"dm","ideess":"12751","idMunicipio":"2781","idProvincia":"18","idCCAA":"01"}}},{"type":"Feature","geometry":{"type":"Point","coordinates":[-4.747694,37.891806]},"properties":{"id":"es-12753","source":"ES","brand":"PETROIL ENERGY GRANADAL","address":"CALLE TURQUESA, 2","municipality":"Córdoba","province":"CÓRDOBA","postalCode":"14014","schedule":"L-D: 24H","fuels":{"gasoline95":1.689,"diesel":1.799,"dieselPremium":1.849,"lpg":1.095,"adblue":0.999},"extra":{"saleType":"P","margin":"D","reportingType":"dm","ideess":"12753","idMunicipio":"2063","idProvincia":"14","idCCAA":"01"}}},{"type":"Feature","geometry":{"type":"Point","coordinates":[-4.725583,37.903861]},"properties":{"id":"es-12774","source":"ES","brand":"PETROPRIX","address":"AVENIDA ESTEBAN DE CABRERA, 8","municipality":"Córdoba","province":"CÓRDOBA","postalCode":"14014","schedule":"L-D: 24H","fuels":{"gasoline95":1.659,"diesel":1.769},"extra":{"saleType":"P","margin":"D","reportingType":"dm","ideess":"12774","idMunicipio":"2063","idProvincia":"14","idCCAA":"01"}}},{"type":"Feature","geometry":{"type":"Point","coordinates":[-4.127194,37.164056]},"properties":{"id":"es-12907","source":"ES","brand":"FUELING","address":"AVENIDA ANDALUCIA, 77","municipality":"Loja","province":"GRANADA","postalCode":"18300","schedule":"L: 24H","fuels":{"gasoline95":1.649,"diesel":1.749,"adblue":0.799},"extra":{"saleType":"P","margin":"D","reportingType":"dm","ideess":"12907","idMunicipio":"2772","idProvincia":"18","idCCAA":"01"}}},{"type":"Feature","geometry":{"type":"Point","coordinates":[-4.749306,37.893889]},"properties":{"id":"es-12960","source":"ES","brand":"CARREFOUR","address":"CARRETERA MADRID KM. 400","municipality":"Córdoba","province":"CÓRDOBA","postalCode":"14014","schedule":"L-D: 24H","fuels":{"gasoline95":1.749,"gasoline98":1.919,"diesel":1.919,"dieselPremium":1.959},"extra":{"saleType":"P","margin":"N","reportingType":"dm","ideess":"12960","idMunicipio":"2063","idProvincia":"14","idCCAA":"01"}}},{"type":"Feature","geometry":{"type":"Point","coordinates":[-4.927861,37.676056]},"properties":{"id":"es-12998","source":"ES","brand":"ES TADISUR","address":"CALLE ARTESANIA RONDA NORTE, 2","municipality":"Carlota (La)","province":"CÓRDOBA","postalCode":"14100","schedule":"L-D: 24H","fuels":{"gasoline95":1.699,"diesel":1.949},"extra":{"saleType":"P","margin":"D","reportingType":"dm","ideess":"12998","idMunicipio":"2059","idProvincia":"14","idCCAA":"01"}}},{"type":"Feature","geometry":{"type":"Point","coordinates":[-4.884,37.296111]},"properties":{"id":"es-13024","source":"ES","brand":"MERCAOIL ENERGY","address":"CALLE VIANA, 2","municipality":"Estepa","province":"SEVILLA","postalCode":"41560","schedule":"L-D: 24H","fuels":{"gasoline95":1.689,"diesel":1.819},"extra":{"saleType":"P","margin":"D","reportingType":"dm","ideess":"13024","idMunicipio":"6097","idProvincia":"41","idCCAA":"01"}}},{"type":"Feature","geometry":{"type":"Point","coordinates":[-4.530917,37.032833]},"properties":{"id":"es-13053","source":"ES","brand":"GAFISUR ANTEQUERA","address":"CALLE ACLARADORES LOS, 10","municipality":"Antequera","province":"MÁLAGA","postalCode":"29200","schedule":"L-D: 24H","fuels":{"gasoline95":1.699,"diesel":1.779,"adblue":0.89},"extra":{"saleType":"P","margin":"D","reportingType":"dm","ideess":"13053","idMunicipio":"4469","idProvincia":"29","idCCAA":"01"}}},{"type":"Feature","geometry":{"type":"Point","coordinates":[-4.524167,37.265389]},"properties":{"id":"es-13136","source":"ES","brand":"AREA117","address":"CARRETERA N-331 KM. 94,5","municipality":"Benamejí","province":"CÓRDOBA","postalCode":"14910","schedule":"L-D: 06:00-00:00","fuels":{"gasoline95":1.669,"gasoline95Premium":1.709,"diesel":1.799,"dieselPremium":1.839,"adblue":0.799},"extra":{"saleType":"P","margin":"N","reportingType":"dm","ideess":"13136","idMunicipio":"2052","idProvincia":"14","idCCAA":"01"}}},{"type":"Feature","geometry":{"type":"Point","coordinates":[-4.873083,37.1235]},"properties":{"id":"es-13242","source":"ES","brand":"SHELL","address":"CALLE CANAL, 4","municipality":"Sierra de Yeguas","province":"MÁLAGA","postalCode":"29328","schedule":"L-D: 24H","fuels":{"gasoline95":1.659,"diesel":1.798},"extra":{"saleType":"P","margin":"N","reportingType":"dm","ideess":"13242","idMunicipio":"4541","idProvincia":"29","idCCAA":"01"}}},{"type":"Feature","geometry":{"type":"Point","coordinates":[-4.631972,37.586444]},"properties":{"id":"es-13296","source":"ES","brand":"Q-H FUEL","address":"AVENIDA MARQUES DE LA VEGA DE ARMIJO, SN","municipality":"Montilla","province":"CÓRDOBA","postalCode":"14550","schedule":"L-D: 24H","fuels":{"gasoline95":1.729,"diesel":1.79},"extra":{"saleType":"P","margin":"N","reportingType":"dm","ideess":"13296","idMunicipio":"2084","idProvincia":"14","idCCAA":"01"}}},{"type":"Feature","geometry":{"type":"Point","coordinates":[-4.872972,37.123833]},"properties":{"id":"es-13298","source":"ES","brand":"AGLA - HNOS MARTIN","address":"CALLE CRUZ, 67","municipality":"Sierra de Yeguas","province":"MÁLAGA","postalCode":"29328","schedule":"L-D: 24H","fuels":{"gasoline95":1.649,"diesel":1.749,"adblue":0.769},"extra":{"saleType":"P","margin":"N","reportingType":"dm","ideess":"13298","idMunicipio":"4541","idProvincia":"29","idCCAA":"01"}}},{"type":"Feature","geometry":{"type":"Point","coordinates":[-4.73375,37.899167]},"properties":{"id":"es-13328","source":"ES","brand":"AGLA","address":"CALLE FINLANDIA, 62","municipality":"Córdoba","province":"CÓRDOBA","postalCode":"14014","schedule":"L-D: 24H","fuels":{"gasoline95":1.749,"gasoline98":1.879,"diesel":1.839,"dieselPremium":1.889,"adblue":0.89},"extra":{"saleType":"P","margin":"I","reportingType":"dm","ideess":"13328","idMunicipio":"2063","idProvincia":"14","idCCAA":"01"}}},{"type":"Feature","geometry":{"type":"Point","coordinates":[-4.665139,37.119833]},"properties":{"id":"es-13331","source":"ES","brand":"SHELL","address":"CALLE CASERIA DEL REY, 18","municipality":"Mollina","province":"MÁLAGA","postalCode":"29532","schedule":"L-D: 06:30-22:30","fuels":{"gasoline95":1.729,"diesel":1.839},"extra":{"saleType":"P","margin":"N","reportingType":"dm","ideess":"13331","idMunicipio":"4526","idProvincia":"29","idCCAA":"01"}}},{"type":"Feature","geometry":{"type":"Point","coordinates":[-4.314667,37.622667]},"properties":{"id":"es-13462","source":"ES","brand":"GEDS","address":"AVENIDA ALEMANIA, 1","municipality":"Baena","province":"CÓRDOBA","postalCode":"14850","schedule":"L-D: 00:00-23:59","fuels":{"gasoline95":1.699,"diesel":1.749},"extra":{"saleType":"P","margin":"D","reportingType":"OM","ideess":"13462","idMunicipio":"2049","idProvincia":"14","idCCAA":"01"}}},{"type":"Feature","geometry":{"type":"Point","coordinates":[-4.457417,37.472389]},"properties":{"id":"es-13526","source":"ES","brand":"FC PETROLEOS","address":"POLIGONO MANTON DE MANILA CALLE B, 1","municipality":"Cabra","province":"CÓRDOBA","postalCode":"14940","schedule":"L-D: 24H","fuels":{"gasoline95":1.679,"diesel":1.799},"extra":{"saleType":"P","margin":"D","reportingType":"dm","ideess":"13526","idMunicipio":"2055","idProvincia":"14","idCCAA":"01"}}},{"type":"Feature","geometry":{"type":"Point","coordinates":[-4.7965,37.853722]},"properties":{"id":"es-13764","source":"ES","brand":"MOEVE","address":"AVENIDA DE LA TORRECILLA, 41","municipality":"Córdoba","province":"CÓRDOBA","postalCode":"14013","schedule":"L-D: 24H","fuels":{"gasoline95":1.789,"diesel":1.955,"dieselPremium":2.039},"extra":{"saleType":"P","margin":"D","reportingType":"dm","ideess":"13764","idMunicipio":"2063","idProvincia":"14","idCCAA":"01"}}},{"type":"Feature","geometry":{"type":"Point","coordinates":[-4.538417,37.026861]},"properties":{"id":"es-13846","source":"ES","brand":"PETROPRIX","address":"LUGAR RESIDENCIA DE LA VEGA, 1","municipality":"Antequera","province":"MÁLAGA","postalCode":"29200","schedule":"L-D: 24H","fuels":{"gasoline95":1.679,"diesel":1.769},"extra":{"saleType":"P","margin":"I","reportingType":"dm","ideess":"13846","idMunicipio":"4469","idProvincia":"29","idCCAA":"01"}}},{"type":"Feature","geometry":{"type":"Point","coordinates":[-4.722889,37.612472]},"properties":{"id":"es-13855","source":"ES","brand":"GEDS","address":"POLIGONO ESQUINA CALLE EL HORNO CON CALLE EL PORRON, 1","municipality":"Rambla (La)","province":"CÓRDOBA","postalCode":"14540","schedule":"L-D: 24H","fuels":{"gasoline95":1.659,"diesel":1.749,"dieselB":1.499,"adblue":1.25},"extra":{"saleType":"P","margin":"N","reportingType":"OM","ideess":"13855","idMunicipio":"2099","idProvincia":"14","idCCAA":"01"}}},{"type":"Feature","geometry":{"type":"Point","coordinates":[-4.499972,37.380944]},"properties":{"id":"es-13999","source":"ES","brand":"ECONOIL","address":"CALLE TERUEL, 2","municipality":"Lucena","province":"CÓRDOBA","postalCode":"14900","schedule":"L-D: 24H","fuels":{"gasoline95":1.599,"diesel":1.699},"extra":{"saleType":"P","margin":"D","reportingType":"dm","ideess":"13999","idMunicipio":"2080","idProvincia":"14","idCCAA":"01"}}},{"type":"Feature","geometry":{"type":"Point","coordinates":[-4.555528,37.674806]},"properties":{"id":"es-14005","source":"ES","brand":"SHELL","address":"CALLE REGIONES DEVASTADAS, 37","municipality":"Espejo","province":"CÓRDOBA","postalCode":"14830","schedule":"L-D: 06:00-22:00","fuels":{"gasoline95":1.729,"gasoline98":1.829,"diesel":1.779,"dieselPremium":1.819,"dieselB":1.509,"adblue":0.8},"extra":{"saleType":"P","margin":"D","reportingType":"dm","ideess":"14005","idMunicipio":"2067","idProvincia":"14","idCCAA":"01"}}},{"type":"Feature","geometry":{"type":"Point","coordinates":[-4.79475,37.855278]},"properties":{"id":"es-14019","source":"ES","brand":"PETROIL ENERGY TORRECILLA","address":"AVENIDA DE LA TORRECILLA, 19","municipality":"Córdoba","province":"CÓRDOBA","postalCode":"14013","schedule":"L-D: 24H","fuels":{"gasoline95":1.689,"diesel":1.799,"dieselPremium":1.849,"lpg":1.095},"extra":{"saleType":"P","margin":"D","reportingType":"dm","ideess":"14019","idMunicipio":"2063","idProvincia":"14","idCCAA":"01"}}},{"type":"Feature","geometry":{"type":"Point","coordinates":[-4.748278,37.891778]},"properties":{"id":"es-14153","source":"ES","brand":"PETROIL ENERGY GRANADAL II","address":"CALLE ZAFIRO, 3","municipality":"Córdoba","province":"CÓRDOBA","postalCode":"14014","schedule":"L-D: 24H","fuels":{"gasoline95":1.689,"diesel":1.799},"extra":{"saleType":"P","margin":"D","reportingType":"dm","ideess":"14153","idMunicipio":"2063","idProvincia":"14","idCCAA":"01"}}},{"type":"Feature","geometry":{"type":"Point","coordinates":[-4.868583,37.052194]},"properties":{"id":"es-14178","source":"ES","brand":"SMART OIL","address":"CARRETERA JEREZ-CARTAGENA KM. 62","municipality":"Campillos","province":"MÁLAGA","postalCode":"29320","schedule":"L-D: 24H","fuels":{"gasoline95":1.699,"diesel":1.799},"extra":{"saleType":"P","margin":"D","reportingType":"dm","ideess":"14178","idMunicipio":"4486","idProvincia":"29","idCCAA":"01"}}},{"type":"Feature","geometry":{"type":"Point","coordinates":[-4.151972,37.170472]},"properties":{"id":"es-14213","source":"ES","brand":"AGLA SAN FRANCISCO","address":"AVENIDA TIERNO GALVAN, 1","municipality":"Loja","province":"GRANADA","postalCode":"18300","schedule":"L-D: 24H","fuels":{"gasoline95":1.629,"diesel":1.729,"lpg":1.059},"extra":{"saleType":"P","margin":"D","reportingType":"dm","ideess":"14213","idMunicipio":"2772","idProvincia":"18","idCCAA":"01"}}},{"type":"Feature","geometry":{"type":"Point","coordinates":[-4.678472,37.606278]},"properties":{"id":"es-14286","source":"ES","brand":"AVIA","address":"CARRETERA N331 KM. 41","municipality":"Montilla","province":"CÓRDOBA","postalCode":"14550","schedule":"L-D: 24H","fuels":{"gasoline95":1.659,"diesel":1.759,"dieselPremium":1.819},"extra":{"saleType":"P","margin":"I","reportingType":"dm","ideess":"14286","idMunicipio":"2084","idProvincia":"14","idCCAA":"01"}}},{"type":"Feature","geometry":{"type":"Point","coordinates":[-4.100361,37.436611]},"properties":{"id":"es-14351","source":"ES","brand":"FITO","address":"POLIGONO INDUSTRIAL LOS BERMEJALES VIAL 2 C/ CAÑADA, 18/19","municipality":"Almedinilla","province":"CÓRDOBA","postalCode":"14812","schedule":"L-S: 08:30-14:00 y 16:00-21:00","fuels":{"gasoline95":1.78,"diesel":1.798,"dieselB":1.58},"extra":{"saleType":"P","margin":"D","reportingType":"dm","ideess":"14351","idMunicipio":"2046","idProvincia":"14","idCCAA":"01"}}},{"type":"Feature","geometry":{"type":"Point","coordinates":[-4.523361,37.038972]},"properties":{"id":"es-14514","source":"ES","brand":"IDS","address":"POLIGONO POLIGONO EMPRESARIAL CALLE CATALUÑA, 2","municipality":"Antequera","province":"MÁLAGA","postalCode":"29200","schedule":"L-D: 24H","fuels":{"diesel":1.937,"dieselB":1.55,"adblue":1.105},"extra":{"saleType":"P","margin":"N","reportingType":"dm","ideess":"14514","idMunicipio":"4469","idProvincia":"29","idCCAA":"01"}}},{"type":"Feature","geometry":{"type":"Point","coordinates":[-4.481083,37.414361]},"properties":{"id":"es-14727","source":"ES","brand":"HISPANIA DE CARBURANTES","address":"AVENIDA DE LA INFANCIA, S/N","municipality":"Lucena","province":"CÓRDOBA","postalCode":"14900","schedule":"L-D: 24H","fuels":{"gasoline95":1.599,"diesel":1.699,"adblue":0.69},"extra":{"saleType":"P","margin":"D","reportingType":"dm","ideess":"14727","idMunicipio":"2080","idProvincia":"14","idCCAA":"01"}}},{"type":"Feature","geometry":{"type":"Point","coordinates":[-4.755,37.569667]},"properties":{"id":"es-14767","source":"ES","brand":"SAN ISIDRO","address":"CALLE OLIVAREROS, 23","municipality":"Montalbán de Córdoba","province":"CÓRDOBA","postalCode":"14548","schedule":"L-D: 24H","fuels":{"gasoline95":1.739,"diesel":1.929,"dieselB":1.579},"extra":{"saleType":"P","margin":"D","reportingType":"dm","ideess":"14767","idMunicipio":"2082","idProvincia":"14","idCCAA":"01"}}},{"type":"Feature","geometry":{"type":"Point","coordinates":[-4.522889,37.038389]},"properties":{"id":"es-14794","source":"ES","brand":"NATURGY ANTEQUERA","address":"POLIGONO PARQUE EMPRESARIAL ESTE, S/N","municipality":"Antequera","province":"MÁLAGA","postalCode":"29200","schedule":"L-D: 24H","fuels":{"cng":1.646,"lng":1.499},"extra":{"saleType":"P","margin":"D","reportingType":"dm","ideess":"14794","idMunicipio":"4469","idProvincia":"29","idCCAA":"01"}}},{"type":"Feature","geometry":{"type":"Point","coordinates":[-4.493583,37.411778]},"properties":{"id":"es-14846","source":"ES","brand":"Q8","address":"AVENIDA MIGUEL CUENCA VALDIVIA, 16","municipality":"Lucena","province":"CÓRDOBA","postalCode":"14900","schedule":"L-D: 24H","fuels":{"gasoline95":1.699,"diesel":1.869},"extra":{"saleType":"P","margin":"N","reportingType":"dm","ideess":"14846","idMunicipio":"2080","idProvincia":"14","idCCAA":"01"}}},{"type":"Feature","geometry":{"type":"Point","coordinates":[-4.575472,37.020639]},"properties":{"id":"es-14921","source":"ES","brand":"PLENERGY","address":"CALLE BERNARDO SIMON DE PINDEA, 1","municipality":"Antequera","province":"MÁLAGA","postalCode":"29200","schedule":"L-D: 24H","fuels":{"gasoline95":1.679,"diesel":1.769},"extra":{"saleType":"P","margin":"D","reportingType":"dm","ideess":"14921","idMunicipio":"4469","idProvincia":"29","idCCAA":"01"}}},{"type":"Feature","geometry":{"type":"Point","coordinates":[-4.193944,37.442611]},"properties":{"id":"es-14969","source":"ES","brand":"PLENERGY","address":"AVENIDA GRANADA, 15","municipality":"Priego de Córdoba","province":"CÓRDOBA","postalCode":"14800","schedule":"L-D: 24H","fuels":{"gasoline95":1.625,"diesel":1.787},"extra":{"saleType":"P","margin":"D","reportingType":"dm","ideess":"14969","idMunicipio":"2097","idProvincia":"14","idCCAA":"01"}}},{"type":"Feature","geometry":{"type":"Point","coordinates":[-4.101194,37.438083]},"properties":{"id":"es-14981","source":"ES","brand":"R.R. ESTACION DE SERVICIO","address":"POLIGONO IND. LOS BERMEJALES, 36","municipality":"Almedinilla","province":"CÓRDOBA","postalCode":"14812","schedule":"L-D: 24H","fuels":{"gasoline95E10":1.758,"diesel":1.809,"dieselB":1.539},"extra":{"saleType":"P","margin":"D","reportingType":"dm","ideess":"14981","idMunicipio":"2046","idProvincia":"14","idCCAA":"01"}}},{"type":"Feature","geometry":{"type":"Point","coordinates":[-4.731028,37.672389]},"properties":{"id":"es-15059","source":"ES","brand":"PLENERGY","address":"AVENIDA JUAN CARLOS I, 30","municipality":"Fernán-Núñez","province":"CÓRDOBA","postalCode":"14520","schedule":"L-D: 24H","fuels":{"gasoline95":1.665,"diesel":1.865},"extra":{"saleType":"P","margin":"D","reportingType":"dm","ideess":"15059","idMunicipio":"2069","idProvincia":"14","idCCAA":"01"}}},{"type":"Feature","geometry":{"type":"Point","coordinates":[-4.667972,37.499306]},"properties":{"id":"es-15117","source":"ES","brand":"GEDS","address":"AVENIDA PUENTE GENIL, 86","municipality":"Aguilar de la Frontera","province":"CÓRDOBA","postalCode":"14920","schedule":"L: 06:00-22:00","fuels":{"gasoline95":1.709,"diesel":1.829,"adblue":1.25},"extra":{"saleType":"P","margin":"D","reportingType":"OM","ideess":"15117","idMunicipio":"2044","idProvincia":"14","idCCAA":"01"}}},{"type":"Feature","geometry":{"type":"Point","coordinates":[-4.056972,37.197167]},"properties":{"id":"es-15134","source":"ES","brand":"COSAFRA","address":"CARRETERA DE LOJA KM 0,600 S/N KM. 0,600","municipality":"Huétor Tájar","province":"GRANADA","postalCode":"18360","schedule":"L-D: 24H","fuels":{"gasoline95":1.529,"diesel":1.639,"dieselB":1.259},"extra":{"saleType":"P","margin":"D","reportingType":"dm","ideess":"15134","idMunicipio":"2756","idProvincia":"18","idCCAA":"01"}}},{"type":"Feature","geometry":{"type":"Point","coordinates":[-4.537194,37.026278]},"properties":{"id":"es-15145","source":"ES","brand":"PLENERGY","address":"AVENIDA AVENIDA PRINCIPAL(P.IND), 4","municipality":"Antequera","province":"MÁLAGA","postalCode":"29200","schedule":"L-D: 24H","fuels":{"gasoline95":1.679,"diesel":1.769},"extra":{"saleType":"P","margin":"D","reportingType":"dm","ideess":"15145","idMunicipio":"4469","idProvincia":"29","idCCAA":"01"}}},{"type":"Feature","geometry":{"type":"Point","coordinates":[-4.764972,37.395111]},"properties":{"id":"es-15160","source":"ES","brand":"PLENERGY","address":"CALLE LA RAMBLA, 2","municipality":"Puente Genil","province":"CÓRDOBA","postalCode":"14500","schedule":"L-D: 24H","fuels":{"gasoline95":1.669,"diesel":1.819},"extra":{"saleType":"P","margin":"D","reportingType":"dm","ideess":"15160","idMunicipio":"2098","idProvincia":"14","idCCAA":"01"}}},{"type":"Feature","geometry":{"type":"Point","coordinates":[-4.368333,37.322778]},"properties":{"id":"es-15207","source":"ES","brand":"GEDS","address":"CALLE GRANADA, 69","municipality":"Rute","province":"CÓRDOBA","postalCode":"14960","schedule":"L-D: 00:00-23:59","fuels":{"gasoline95":1.619,"diesel":1.739,"adblue":1.25},"extra":{"saleType":"P","margin":"D","reportingType":"OM","ideess":"15207","idMunicipio":"2100","idProvincia":"14","idCCAA":"01"}}},{"type":"Feature","geometry":{"type":"Point","coordinates":[-4.272083,37.463889]},"properties":{"id":"es-15288","source":"ES","brand":"ALMAZARAS DE LA SUBBETICA","address":"CARRETERA CTRA. A 339 KM. KM. 17,8","municipality":"Carcabuey","province":"CÓRDOBA","postalCode":"14810","schedule":"L-D: 24H","fuels":{"gasoline95":1.509,"diesel":1.619,"dieselB":1.354},"extra":{"saleType":"P","margin":"I","reportingType":"dm","ideess":"15288","idMunicipio":"2057","idProvincia":"14","idCCAA":"01"}}},{"type":"Feature","geometry":{"type":"Point","coordinates":[-4.042528,37.204083]},"properties":{"id":"es-15300","source":"ES","brand":"LA VEGA","address":"CALLE BOLIVIA, 1","municipality":"Huétor Tájar","province":"GRANADA","postalCode":"18360","schedule":"L-D: 07:00-22:00","fuels":{"gasoline95":1.679,"diesel":1.779},"extra":{"saleType":"P","margin":"D","reportingType":"dm","ideess":"15300","idMunicipio":"2756","idProvincia":"18","idCCAA":"01"}}},{"type":"Feature","geometry":{"type":"Point","coordinates":[-4.010694,37.221417]},"properties":{"id":"es-15324","source":"ES","brand":"MC","address":"CARRERA TOCON KM 1, 1","municipality":"Villanueva Mesía","province":"GRANADA","postalCode":"18369","schedule":"L: 07:00-22:00","fuels":{"gasoline95":1.739,"diesel":1.799,"dieselPremium":1.869,"dieselB":1.479},"extra":{"saleType":"P","margin":"D","reportingType":"dm","ideess":"15324","idMunicipio":"2833","idProvincia":"18","idCCAA":"01"}}},{"type":"Feature","geometry":{"type":"Point","coordinates":[-4.749639,37.88825]},"properties":{"id":"es-15504","source":"ES","brand":"PLENERGY","address":"CALLE LAPISLÁZULI, 10","municipality":"Córdoba","province":"CÓRDOBA","postalCode":"14014","schedule":"L-D: 24H","fuels":{"gasoline95":1.669,"diesel":1.779},"extra":{"saleType":"P","margin":"D","reportingType":"dm","ideess":"15504","idMunicipio":"2063","idProvincia":"14","idCCAA":"01"}}},{"type":"Feature","geometry":{"type":"Point","coordinates":[-4.841778,37.87675]},"properties":{"id":"es-15669","source":"ES","brand":"PLENERGY","address":"POLIGONO CARRETERA PALMA DEL RIO, S/N","municipality":"Córdoba","province":"CÓRDOBA","postalCode":"14005","schedule":"L-D: 24H","fuels":{"gasoline95":1.669,"diesel":1.779},"extra":{"saleType":"P","margin":"D","reportingType":"dm","ideess":"15669","idMunicipio":"2063","idProvincia":"14","idCCAA":"01"}}},{"type":"Feature","geometry":{"type":"Point","coordinates":[-4.759833,37.903889]},"properties":{"id":"es-15743","source":"ES","brand":"NATURGY","address":"CALLE ARTESANOS (LOS), 7","municipality":"Córdoba","province":"CÓRDOBA","postalCode":"14014","schedule":"L-D: 24H","fuels":{"cng":1.646},"extra":{"saleType":"P","margin":"D","reportingType":"dm","ideess":"15743","idMunicipio":"2063","idProvincia":"14","idCCAA":"01"}}},{"type":"Feature","geometry":{"type":"Point","coordinates":[-4.50025,37.407722]},"properties":{"id":"es-15864","source":"ES","brand":"PLENERGY","address":"CALLE CONCHA LAGO, S/N","municipality":"Lucena","province":"CÓRDOBA","postalCode":"14900","schedule":"L-D: 24H","fuels":{"gasoline95":1.579,"diesel":1.699},"extra":{"saleType":"P","margin":"D","reportingType":"dm","ideess":"15864","idMunicipio":"2080","idProvincia":"14","idCCAA":"01"}}},{"type":"Feature","geometry":{"type":"Point","coordinates":[-4.423806,37.411583]},"properties":{"id":"es-15902","source":"ES","brand":"BQP FUEL","address":"CARRETERA LUCENA - LOJA KM. 6,600","municipality":"Lucena","province":"CÓRDOBA","postalCode":"14900","schedule":"L-D: 24H","fuels":{"gasoline95":1.679,"diesel":1.799},"extra":{"saleType":"P","margin":"D","reportingType":"dm","ideess":"15902","idMunicipio":"2080","idProvincia":"14","idCCAA":"01"}}},{"type":"Feature","geometry":{"type":"Point","coordinates":[-4.496111,37.404972]},"properties":{"id":"es-15922","source":"ES","brand":"PLENERGY","address":"CALLE ESPEJO, 21","municipality":"Lucena","province":"CÓRDOBA","postalCode":"14900","schedule":"L-D: 24H","fuels":{"gasoline95":1.579,"diesel":1.699},"extra":{"saleType":"P","margin":"D","reportingType":"dm","ideess":"15922","idMunicipio":"2080","idProvincia":"14","idCCAA":"01"}}},{"type":"Feature","geometry":{"type":"Point","coordinates":[-4.033472,37.187333]},"properties":{"id":"es-15980","source":"ES","brand":"PETROPRIX","address":"CARRETERA GRANADA-SEVILLA KM. 68","municipality":"Huétor Tájar","province":"GRANADA","postalCode":"18360","schedule":"L-D: 24H","fuels":{"gasoline95":1.569,"diesel":1.679},"extra":{"saleType":"P","margin":"D","reportingType":"dm","ideess":"15980","idMunicipio":"2756","idProvincia":"18","idCCAA":"01"}}},{"type":"Feature","geometry":{"type":"Point","coordinates":[-4.762528,37.399306]},"properties":{"id":"es-16016","source":"ES","brand":"BALLENOIL","address":"CALLE LAUREL, 3","municipality":"Puente Genil","province":"CÓRDOBA","postalCode":"14500","schedule":"L-D: 24H","fuels":{"gasoline95":1.669,"diesel":1.819,"dieselPremium":1.839},"extra":{"saleType":"P","margin":"N","reportingType":"OM","ideess":"16016","idMunicipio":"2098","idProvincia":"14","idCCAA":"01"}}},{"type":"Feature","geometry":{"type":"Point","coordinates":[-4.792222,37.8575]},"properties":{"id":"es-16032","source":"ES","brand":"PLENERGY","address":"AVENIDA DE LA TORRECILLA, S/N","municipality":"Córdoba","province":"CÓRDOBA","postalCode":"14013","schedule":"L-D: 24H","fuels":{"gasoline95":1.659,"diesel":1.769},"extra":{"saleType":"P","margin":"D","reportingType":"dm","ideess":"16032","idMunicipio":"2063","idProvincia":"14","idCCAA":"01"}}},{"type":"Feature","geometry":{"type":"Point","coordinates":[-4.791722,37.846361]},"properties":{"id":"es-16073","source":"ES","brand":"PETROPRIX","address":"CALLE INGENIERO JUAN DE LA CIERVA, 44","municipality":"Córdoba","province":"CÓRDOBA","postalCode":"14013","schedule":"L-D: 24H","fuels":{"gasoline95":1.659,"diesel":1.769},"extra":{"saleType":"P","margin":"D","reportingType":"dm","ideess":"16073","idMunicipio":"2063","idProvincia":"14","idCCAA":"01"}}},{"type":"Feature","geometry":{"type":"Point","coordinates":[-4.760472,37.904]},"properties":{"id":"es-16204","source":"ES","brand":"PETROPRIX","address":"AVENIDA AGRUPACION CORDOBA, 25","municipality":"Córdoba","province":"CÓRDOBA","postalCode":"14006","schedule":"L-D: 24H","fuels":{"gasoline95":1.669,"diesel":1.779},"extra":{"saleType":"P","margin":"D","reportingType":"dm","ideess":"16204","idMunicipio":"2063","idProvincia":"14","idCCAA":"01"}}},{"type":"Feature","geometry":{"type":"Point","coordinates":[-4.73775,37.643111]},"properties":{"id":"es-16205","source":"ES","brand":"REPSOL","address":"AUTOVIA AUTOVIA CORDOBA - ANTEQUERA KM. 21,6","municipality":"Rambla (La)","province":"CÓRDOBA","postalCode":"14540","schedule":"L-D: 24H","fuels":{"gasoline95":1.745,"gasoline98":1.895,"diesel":1.929,"dieselB":1.576,"dieselRenewable":2.049,"lpg":1.135},"extra":{"saleType":"P","margin":"D","reportingType":"OM","ideess":"16205","idMunicipio":"2099","idProvincia":"14","idCCAA":"01"}}},{"type":"Feature","geometry":{"type":"Point","coordinates":[-4.925083,37.675611]},"properties":{"id":"es-16230","source":"ES","brand":"BALLENOIL","address":"CALLE INGENIERIA, 14","municipality":"Carlota (La)","province":"CÓRDOBA","postalCode":"14100","schedule":"L-D: 24H","fuels":{"gasoline95":1.609,"gasoline95Premium":1.629,"diesel":1.819,"dieselPremium":1.839},"extra":{"saleType":"P","margin":"D","reportingType":"OM","ideess":"16230","idMunicipio":"2059","idProvincia":"14","idCCAA":"01"}}},{"type":"Feature","geometry":{"type":"Point","coordinates":[-4.474389,37.683472]},"properties":{"id":"es-16299","source":"ES","brand":"LA SALUD","address":"CALLE ALFARERIA, 1","municipality":"Castro del Río","province":"CÓRDOBA","postalCode":"14840","schedule":"L-D: 24H","fuels":{"gasoline95":1.649,"diesel":1.841,"dieselB":1.571,"adblue":0.6},"extra":{"saleType":"P","margin":"D","reportingType":"dm","ideess":"16299","idMunicipio":"2061","idProvincia":"14","idCCAA":"01"}}},{"type":"Feature","geometry":{"type":"Point","coordinates":[-4.124694,37.161056]},"properties":{"id":"es-16352","source":"ES","brand":"COMBUSTIBLES GOMEZ","address":"CALLE SALAR (VIAL B), 45","municipality":"Loja","province":"GRANADA","postalCode":"18300","schedule":"L-D: 24H","fuels":{"gasoline95":1.649,"diesel":1.729,"dieselPremium":1.829,"dieselB":1.369,"adblue":0.789},"extra":{"saleType":"P","margin":"D","reportingType":"dm","ideess":"16352","idMunicipio":"2772","idProvincia":"18","idCCAA":"01"}}},{"type":"Feature","geometry":{"type":"Point","coordinates":[-4.948778,37.661028]},"properties":{"id":"es-16411","source":"ES","brand":"MOEVE","address":"CARRETERA NACIONAL IV S/N KM. 434","municipality":"Carlota (La)","province":"CÓRDOBA","postalCode":"14100","schedule":"L-D: 24H","fuels":{"gasoline95":1.709,"gasoline98":1.879,"diesel":1.949,"dieselPremium":1.999,"adblue":0.999},"extra":{"saleType":"P","margin":"I","reportingType":"dm","ideess":"16411","idMunicipio":"2059","idProvincia":"14","idCCAA":"01"}}},{"type":"Feature","geometry":{"type":"Point","coordinates":[-4.881639,37.295139]},"properties":{"id":"es-16443","source":"ES","brand":"BALLENOIL","address":"AVENIDA BADIA POLESINE, 5","municipality":"Estepa","province":"SEVILLA","postalCode":"41560","schedule":"L-D: 24H","fuels":{"gasoline95":1.609,"gasoline95Premium":1.619,"diesel":1.739,"dieselPremium":1.749},"extra":{"saleType":"P","margin":"N","reportingType":"OM","ideess":"16443","idMunicipio":"6097","idProvincia":"41","idCCAA":"01"}}},{"type":"Feature","geometry":{"type":"Point","coordinates":[-4.724972,37.902722]},"properties":{"id":"es-16455","source":"ES","brand":"PLENERGY","address":"AVENIDA SIMÓN CARPINTERO, 8","municipality":"Córdoba","province":"CÓRDOBA","postalCode":"14014","schedule":"L-D: 24H","fuels":{"gasoline95":1.659,"diesel":1.769},"extra":{"saleType":"P","margin":"D","reportingType":"dm","ideess":"16455","idMunicipio":"2063","idProvincia":"14","idCCAA":"01"}}},{"type":"Feature","geometry":{"type":"Point","coordinates":[-4.217194,37.948694]},"properties":{"id":"es-5084","source":"ES","brand":"ESTACION DE SERVICIO DIEGO PILETA  Y AUTOLAVADO AGUA OSMOTIZADA: HIJOS DE DIEGO PILETA","address":"CARRETERA COMARCAL 527 KM. 29,100","municipality":"Lopera","province":"JAÉN","postalCode":"23780","schedule":"L-D: 05:00-23:00","fuels":{"gasoline95":1.629,"diesel":1.799,"dieselPremium":1.879,"dieselB":1.529,"adblue":0.909},"extra":{"saleType":"P","margin":"I","reportingType":"dm","ideess":"5084","idMunicipio":"3550","idProvincia":"23","idCCAA":"01"}}},{"type":"Feature","geometry":{"type":"Point","coordinates":[-4.493972,37.405333]},"properties":{"id":"es-5090","source":"ES","brand":"ENERPLUS","address":"AVENIDA DE LA GUARDIA CIVIL, 9","municipality":"Lucena","province":"CÓRDOBA","postalCode":"14900","schedule":"L-D: 24H","fuels":{"gasoline95":1.589,"gasoline98":1.619,"diesel":1.709,"dieselPremium":1.709,"dieselB":1.295,"lpg":1.089,"adblue":0.795},"extra":{"saleType":"P","margin":"I","reportingType":"dm","ideess":"5090","idMunicipio":"2080","idProvincia":"14","idCCAA":"01"}}},{"type":"Feature","geometry":{"type":"Point","coordinates":[-4.86475,37.632111]},"properties":{"id":"es-5091","source":"ES","brand":"E.S.NTRA . SÑRA. DEL ROSARIO.","address":"CARRERA ALDEA QUINTANA-PUENTE GENIL, KM. 10100, 10100","municipality":"Santaella","province":"CÓRDOBA","postalCode":"14547","schedule":"L-D: 06:00-00:00","fuels":{"gasoline95":1.699,"diesel":1.939,"dieselB":1.599},"extra":{"saleType":"P","margin":"N","reportingType":"dm","ideess":"5091","idMunicipio":"2103","idProvincia":"14","idCCAA":"01"}}},{"type":"Feature","geometry":{"type":"Point","coordinates":[-4.763528,37.396611]},"properties":{"id":"es-5558","source":"ES","brand":"PETROSOL","address":"CALLE LA RAMBLA, S/N","municipality":"Puente Genil","province":"CÓRDOBA","postalCode":"14500","schedule":"L-D: 24H","fuels":{"gasoline95":1.689,"diesel":1.829,"dieselPremium":1.879,"lpg":1.185,"adblue":0.899},"extra":{"saleType":"P","margin":"N","reportingType":"dm","ideess":"5558","idMunicipio":"2098","idProvincia":"14","idCCAA":"01"}}},{"type":"Feature","geometry":{"type":"Point","coordinates":[-4.059278,37.179722]},"properties":{"id":"es-5559","source":"ES","brand":"GALP","address":"AUTOVIA A 92 KM. 200,2","municipality":"Huétor Tájar","province":"GRANADA","postalCode":"18360","schedule":"L-D: 24H","fuels":{"gasoline95":1.729,"gasoline98":1.849,"diesel":1.869,"dieselPremium":1.919,"adblue":0.799},"extra":{"saleType":"P","margin":"D","reportingType":"OM","ideess":"5559","idMunicipio":"2756","idProvincia":"18","idCCAA":"01"}}},{"type":"Feature","geometry":{"type":"Point","coordinates":[-4.455389,37.472417]},"properties":{"id":"es-5563","source":"ES","brand":"FC GO","address":"CARRETERA CR. A-343 KM 10,7 KM. 10","municipality":"Cabra","province":"CÓRDOBA","postalCode":"14940","schedule":"L-D: 06:00-22:00","fuels":{"gasoline95":1.699,"diesel":1.809},"extra":{"saleType":"P","margin":"N","reportingType":"dm","ideess":"5563","idMunicipio":"2055","idProvincia":"14","idCCAA":"01"}}},{"type":"Feature","geometry":{"type":"Point","coordinates":[-4.919583,37.698111]},"properties":{"id":"es-5569","source":"ES","brand":"Q8","address":"CARRETERA N-IV KM 428, MARGEN N KM. 428","municipality":"Carlota (La)","province":"CÓRDOBA","postalCode":"14191","schedule":"L-D: 06:00-22:00","fuels":{"gasoline95":1.699,"gasoline98":1.799,"diesel":1.939},"extra":{"saleType":"P","margin":"D","reportingType":"dm","ideess":"5569","idMunicipio":"2059","idProvincia":"14","idCCAA":"01"}}},{"type":"Feature","geometry":{"type":"Point","coordinates":[-4.659444,37.576056]},"properties":{"id":"es-5570","source":"ES","brand":"FAMILY ENERGY","address":"POLIGONO LLANOS DE JARATA 140 (C.C. EROSKI), 140","municipality":"Montilla","province":"CÓRDOBA","postalCode":"14550","schedule":"L-S: 08:00-22:00","fuels":{"gasoline95":1.599,"gasoline98":1.659,"diesel":1.749,"dieselPremium":1.799},"extra":{"saleType":"P","margin":"N","reportingType":"dm","ideess":"5570","idMunicipio":"2084","idProvincia":"14","idCCAA":"01"}}},{"type":"Feature","geometry":{"type":"Point","coordinates":[-4.323389,37.623306]},"properties":{"id":"es-5581","source":"ES","brand":"SHELL","address":"AVENIDA SAN CARLOS DE CHILE, 55","municipality":"Baena","province":"CÓRDOBA","postalCode":"14850","schedule":"L-D: 24H","fuels":{"gasoline95":1.729,"gasoline98":1.829,"diesel":1.779,"dieselPremium":1.819,"dieselB":1.509,"adblue":0.8},"extra":{"saleType":"P","margin":"D","reportingType":"dm","ideess":"5581","idMunicipio":"2049","idProvincia":"14","idCCAA":"01"}}},{"type":"Feature","geometry":{"type":"Point","coordinates":[-4.48775,37.695056]},"properties":{"id":"es-5582","source":"ES","brand":"RIOSOL","address":"RONDA NORTE, S/N","municipality":"Castro del Río","province":"CÓRDOBA","postalCode":"14840","schedule":"L-D: 06:00-22:00","fuels":{"gasoline95":1.599,"diesel":1.699,"dieselPremium":1.759,"dieselB":1.42,"adblue":0.7},"extra":{"saleType":"P","margin":"D","reportingType":"dm","ideess":"5582","idMunicipio":"2061","idProvincia":"14","idCCAA":"01"}}},{"type":"Feature","geometry":{"type":"Point","coordinates":[-4.763028,37.875083]},"properties":{"id":"es-5598","source":"ES","brand":"ENERPLUS","address":"AVENIDA LONJAS, S/N","municipality":"Córdoba","province":"CÓRDOBA","postalCode":"14010","schedule":"L-D: 24H","fuels":{"gasoline95":1.659,"diesel":1.769,"dieselPremium":1.789,"lpg":0.985,"adblue":0.85},"extra":{"saleType":"P","margin":"N","reportingType":"dm","ideess":"5598","idMunicipio":"2063","idProvincia":"14","idCCAA":"01"}}},{"type":"Feature","geometry":{"type":"Point","coordinates":[-4.500306,37.40375]},"properties":{"id":"es-5601","source":"ES","brand":"CARREFOUR","address":"POLIGONO LOS POLVILLARES PLAN PARCIAL, 1","municipality":"Lucena","province":"CÓRDOBA","postalCode":"14900","schedule":"L-D: 24H","fuels":{"gasoline95":1.729,"gasoline98":1.899,"diesel":1.869,"dieselPremium":1.909},"extra":{"saleType":"P","margin":"N","reportingType":"dm","ideess":"5601","idMunicipio":"2080","idProvincia":"14","idCCAA":"01"}}},{"type":"Feature","geometry":{"type":"Point","coordinates":[-4.742417,37.587639]},"properties":{"id":"es-5650","source":"ES","brand":"REPSOL","address":"CARRETERA LA RAMBLA-MONTALBAN KM. 3,200","municipality":"Montalbán de Córdoba","province":"CÓRDOBA","postalCode":"14548","schedule":"L-D: 05:30-22:30","fuels":{"gasoline95":1.749,"diesel":1.949,"dieselB":1.589,"dieselRenewable":2.049,"adblue":0.99},"extra":{"saleType":"P","margin":"D","reportingType":"dm","ideess":"5650","idMunicipio":"2082","idProvincia":"14","idCCAA":"01"}}},{"type":"Feature","geometry":{"type":"Point","coordinates":[-4.080944,37.587417]},"properties":{"id":"es-5729","source":"ES","brand":"REPSOL","address":"CALLE ALCALDE FERNANDO TEJERO, S/N","municipality":"Alcaudete","province":"JAÉN","postalCode":"23660","schedule":"L-D: 05:30-23:30","fuels":{"gasoline95":1.749,"diesel":1.959,"dieselPremium":2.059,"dieselB":1.616},"extra":{"saleType":"P","margin":"D","reportingType":"OM","ideess":"5729","idMunicipio":"3498","idProvincia":"23","idCCAA":"01"}}},{"type":"Feature","geometry":{"type":"Point","coordinates":[-4.758806,37.904972]},"properties":{"id":"es-5744","source":"ES","brand":"REPSOL","address":"CALLE ARTESANOS, 8","municipality":"Córdoba","province":"CÓRDOBA","postalCode":"14007","schedule":"L-D: 06:00-22:00","fuels":{"gasoline95":1.749,"gasoline95Premium":1.819,"gasoline98":1.889,"diesel":1.935,"dieselRenewable":2.055},"extra":{"saleType":"P","margin":"D","reportingType":"OM","ideess":"5744","idMunicipio":"2063","idProvincia":"14","idCCAA":"01"}}},{"type":"Feature","geometry":{"type":"Point","coordinates":[-4.60775,37.908028]},"properties":{"id":"es-5745","source":"ES","brand":"REPSOL","address":"CR N-4, 384,8","municipality":"Córdoba","province":"CÓRDOBA","postalCode":"14610","schedule":"L-V: 07:00-21:00; S: 09:00-14:00; D: 09:00-15:00","fuels":{"gasoline95":1.739,"gasoline98":1.869,"diesel":1.935,"dieselRenewable":2.055},"extra":{"saleType":"P","margin":"D","reportingType":"OM","ideess":"5745","idMunicipio":"2063","idProvincia":"14","idCCAA":"01"}}},{"type":"Feature","geometry":{"type":"Point","coordinates":[-4.13125,37.587833]},"properties":{"id":"es-5747","source":"ES","brand":"CEPSA","address":"CARRETERA INT A316 N432 KM. 103","municipality":"Alcaudete","province":"JAÉN","postalCode":"23660","schedule":"L-D: 24H","fuels":{"gasoline95":1.819,"gasoline98":1.969,"diesel":1.959,"dieselPremium":2.049,"dieselB":1.719},"extra":{"saleType":"P","margin":"I","reportingType":"dm","ideess":"5747","idMunicipio":"3498","idProvincia":"23","idCCAA":"01"}}},{"type":"Feature","geometry":{"type":"Point","coordinates":[-4.734583,37.604694]},"properties":{"id":"es-5753","source":"ES","brand":"SHELL","address":"RONDA RONDA DE LA RAMBLA, S/N","municipality":"Rambla (La)","province":"CÓRDOBA","postalCode":"14540","schedule":"L-D: 06:00-22:00","fuels":{"gasoline95":1.719,"gasoline98":1.859,"diesel":1.919,"dieselPremium":1.999},"extra":{"saleType":"P","margin":"I","reportingType":"OM","ideess":"5753","idMunicipio":"2099","idProvincia":"14","idCCAA":"01"}}},{"type":"Feature","geometry":{"type":"Point","coordinates":[-4.481472,37.593083]},"properties":{"id":"es-5754","source":"ES","brand":"REPSOL","address":"CARRETERA MONTILLA-NUEVA CARTEYA KM. 17500","municipality":"Nueva Carteya","province":"CÓRDOBA","postalCode":"14857","schedule":"L-V: 05:30-22:00; S: 05:30-14:00; D: 06:30-14:00","fuels":{"gasoline95":1.759,"gasoline95Premium":1.799,"diesel":1.949,"dieselPremium":1.999,"dieselB":1.639},"extra":{"saleType":"P","margin":"I","reportingType":"dm","ideess":"5754","idMunicipio":"2088","idProvincia":"14","idCCAA":"01"}}},{"type":"Feature","geometry":{"type":"Point","coordinates":[-4.402222,37.456056]},"properties":{"id":"es-5766","source":"ES","brand":"FUEL-ENERGY","address":"A-340 km 53","municipality":"Cabra","province":"CÓRDOBA","postalCode":"14940","schedule":"L-D: 06:00-22:00","fuels":{"gasoline95":1.619,"diesel":1.748,"dieselB":1.426},"extra":{"saleType":"P","margin":"D","reportingType":"dm","ideess":"5766","idMunicipio":"2055","idProvincia":"14","idCCAA":"01"}}},{"type":"Feature","geometry":{"type":"Point","coordinates":[-4.277472,37.986306]},"properties":{"id":"es-5770","source":"ES","brand":"REPSOL","address":"POLIGONO ANTIGUA N-4 TR.ORIENTAL, 16, 16","municipality":"Villa del Río","province":"CÓRDOBA","postalCode":"14640","schedule":"L-D: 06:00-22:00","fuels":{"gasoline95":1.709,"gasoline95Premium":1.779,"diesel":1.925,"dieselB":1.586,"dieselRenewable":2.045},"extra":{"saleType":"P","margin":"N","reportingType":"OM","ideess":"5770","idMunicipio":"2108","idProvincia":"14","idCCAA":"01"}}},{"type":"Feature","geometry":{"type":"Point","coordinates":[-4.699583,37.62625]},"properties":{"id":"es-5782","source":"ES","brand":"REPSOL","address":"CARRETERA N-331 KM. 38","municipality":"Montemayor","province":"CÓRDOBA","postalCode":"14530","schedule":"L-D: 06:00-22:30","fuels":{"gasoline95":1.745,"gasoline95Premium":1.815,"diesel":1.929,"dieselPremium":2.039},"extra":{"saleType":"P","margin":"I","reportingType":"OM","ideess":"5782","idMunicipio":"2083","idProvincia":"14","idCCAA":"01"}}},{"type":"Feature","geometry":{"type":"Point","coordinates":[-4.168417,37.1645]},"properties":{"id":"es-5784","source":"ES","brand":"BP MIRADOR","address":"AUTOVIA A92 KM. 192","municipality":"Loja","province":"GRANADA","postalCode":"18300","schedule":"L-D: 24H","fuels":{"gasoline95":1.729,"gasoline98":1.869,"diesel":1.869,"dieselPremium":1.959,"adblue":1.025},"extra":{"saleType":"P","margin":"D","reportingType":"OM","ideess":"5784","idMunicipio":"2772","idProvincia":"18","idCCAA":"01"}}},{"type":"Feature","geometry":{"type":"Point","coordinates":[-4.16975,37.165694]},"properties":{"id":"es-5788","source":"ES","brand":"BP MANZANIL","address":"AUTOVIA A92 KM. 192","municipality":"Loja","province":"GRANADA","postalCode":"18300","schedule":"L-D: 24H","fuels":{"gasoline95":1.729,"gasoline98":1.869,"diesel":1.869,"dieselPremium":1.959,"adblue":1.025},"extra":{"saleType":"P","margin":"I","reportingType":"OM","ideess":"5788","idMunicipio":"2772","idProvincia":"18","idCCAA":"01"}}},{"type":"Feature","geometry":{"type":"Point","coordinates":[-4.474806,37.430944]},"properties":{"id":"es-5803","source":"ES","brand":"BP LOS BOMBEROS","address":"CARRETERA CABRA KM. 1,5","municipality":"Lucena","province":"CÓRDOBA","postalCode":"14900","schedule":"L-V: 06:00-22:00; S-D: 07:00-22:00","fuels":{"gasoline95":1.729,"diesel":1.919,"dieselPremium":1.999,"adblue":0.999},"extra":{"saleType":"P","margin":"D","reportingType":"dm","ideess":"5803","idMunicipio":"2080","idProvincia":"14","idCCAA":"01"}}},{"type":"Feature","geometry":{"type":"Point","coordinates":[-4.796694,37.19775]},"properties":{"id":"es-6440","source":"ES","brand":"SHELL","address":"AUTOVIA AUTOVIA A-92 KM. 123","municipality":"Roda de Andalucía (La)","province":"SEVILLA","postalCode":"41590","schedule":"L-D: 06:30-21:30","fuels":{"gasoline95":1.749,"gasoline98":1.919,"diesel":1.929,"dieselPremium":1.989},"extra":{"saleType":"P","margin":"D","reportingType":"dm","ideess":"6440","idMunicipio":"6139","idProvincia":"41","idCCAA":"01"}}},{"type":"Feature","geometry":{"type":"Point","coordinates":[-4.321389,37.612361]},"properties":{"id":"es-6444","source":"ES","brand":"ESTACION DE SERVICIO EL SALADILLO","address":"CALLE JUAN TORRICO LOMEÑA, 46","municipality":"Baena","province":"CÓRDOBA","postalCode":"14850","schedule":"L: 05:00-23:00","fuels":{"gasoline95":1.639,"gasoline98":1.709,"diesel":1.659,"dieselPremium":1.709},"extra":{"saleType":"P","margin":"D","reportingType":"dm","ideess":"6444","idMunicipio":"2049","idProvincia":"14","idCCAA":"01"}}},{"type":"Feature","geometry":{"type":"Point","coordinates":[-4.728278,37.137611]},"properties":{"id":"es-6466","source":"ES","brand":"AGLA","address":"AUTOVIA A-92 KM. 132","municipality":"Fuente de Piedra","province":"MÁLAGA","postalCode":"29520","schedule":"L-D: 07:00-22:00","fuels":{"gasoline95":1.659,"gasoline98":1.895,"diesel":1.795,"dieselPremium":1.835,"dieselB":1.495,"lpg":0.96,"adblue":0.899},"extra":{"saleType":"P","margin":"D","reportingType":"dm","ideess":"6466","idMunicipio":"4509","idProvincia":"29","idCCAA":"01"}}},{"type":"Feature","geometry":{"type":"Point","coordinates":[-4.329167,37.226944]},"properties":{"id":"es-6470","source":"ES","brand":"BP LAS TRES PROVINCIAS","address":"CARRETERA A-333 ALCAUDETE A ARCHIDONA POR PRIEGO DE CÓRDOBA KM. 53,4","municipality":"Iznájar","province":"CÓRDOBA","postalCode":"14978","schedule":"L-D: 07:00-21:00","fuels":{"gasoline95":1.769,"gasoline98":2.029,"diesel":1.899,"dieselPremium":2.079,"dieselB":1.452,"adblue":0.95},"extra":{"saleType":"P","margin":"D","reportingType":"dm","ideess":"6470","idMunicipio":"2079","idProvincia":"14","idCCAA":"01"}}},{"type":"Feature","geometry":{"type":"Point","coordinates":[-4.904972,37.234806]},"properties":{"id":"es-6479","source":"ES","brand":"AGLA","address":"CARRETERA CTRA. SE-491, GILENA-PEDRERA KM. 11,0 KM. 11","municipality":"Gilena","province":"SEVILLA","postalCode":"41565","schedule":"L-D: 07:00-21:00","fuels":{"gasoline95":1.669,"diesel":1.779},"extra":{"saleType":"P","margin":"D","reportingType":"dm","ideess":"6479","idMunicipio":"6102","idProvincia":"41","idCCAA":"01"}}},{"type":"Feature","geometry":{"type":"Point","coordinates":[-4.193944,37.432889]},"properties":{"id":"es-6491","source":"ES","brand":"SHELL","address":"CARRETERA ALGARINEJO KM. S/N","municipality":"Priego de Córdoba","province":"CÓRDOBA","postalCode":"14800","schedule":"L-D: 24H","fuels":{"gasoline95":1.699,"gasoline98":1.849,"diesel":1.829,"dieselB":1.549,"adblue":0.89},"extra":{"saleType":"P","margin":"I","reportingType":"dm","ideess":"6491","idMunicipio":"2097","idProvincia":"14","idCCAA":"01"}}},{"type":"Feature","geometry":{"type":"Point","coordinates":[-4.532556,37.265889]},"properties":{"id":"es-6492","source":"ES","brand":"ENERPLUS","address":"N-331 km 495,8","municipality":"Benamejí","province":"CÓRDOBA","postalCode":"14910","schedule":"L-D: 06:00-22:00","fuels":{"gasoline95":1.639,"diesel":1.795,"dieselPremium":1.795,"dieselB":1.295,"adblue":0.795},"extra":{"saleType":"P","margin":"I","reportingType":"dm","ideess":"6492","idMunicipio":"2052","idProvincia":"14","idCCAA":"01"}}},{"type":"Feature","geometry":{"type":"Point","coordinates":[-4.369889,37.317972]},"properties":{"id":"es-6493","source":"ES","brand":"MIRASIERRA","address":"CARRETERA DE RUTE A ENCINAS REALES KM. 0,2","municipality":"Rute","province":"CÓRDOBA","postalCode":"14960","schedule":"L-D: 06:00-22:00","fuels":{"gasoline95":1.619,"gasoline98":1.619,"diesel":1.739,"dieselPremium":1.739,"dieselB":1.495,"adblue":0.795},"extra":{"saleType":"P","margin":"I","reportingType":"dm","ideess":"6493","idMunicipio":"2100","idProvincia":"14","idCCAA":"01"}}},{"type":"Feature","geometry":{"type":"Point","coordinates":[-4.219722,37.948722]},"properties":{"id":"es-6502","source":"ES","brand":"E.S. LA LOPERANA","address":"CARRETERA COMARCAL 527 KM. 29","municipality":"Lopera","province":"JAÉN","postalCode":"23780","schedule":"L-D: 06:00-22:00","fuels":{"gasoline95":1.599,"diesel":1.759,"dieselPremium":1.819,"dieselB":1.159},"extra":{"saleType":"P","margin":"I","reportingType":"dm","ideess":"6502","idMunicipio":"3550","idProvincia":"23","idCCAA":"01"}}},{"type":"Feature","geometry":{"type":"Point","coordinates":[-4.974944,37.101917]},"properties":{"id":"es-6511","source":"ES","brand":"AGLA","address":"LOS CORRALES - M. JARA (CTRA. A-360 km 102,6)","municipality":"Corrales (Los)","province":"SEVILLA","postalCode":"41657","schedule":"L-S: 07:00-22:00; D: 08:00-14:00","fuels":{"gasoline95":1.669,"diesel":1.779,"dieselB":1.419},"extra":{"saleType":"P","margin":"I","reportingType":"dm","ideess":"6511","idMunicipio":"6092","idProvincia":"41","idCCAA":"01"}}},{"type":"Feature","geometry":{"type":"Point","coordinates":[-4.963861,37.369639]},"properties":{"id":"es-6515","source":"ES","brand":"SANTIAGO","address":"CARRETERA CTRA. ECIJA- LA RODA, C-3310 KM. 36,600","municipality":"Marinaleda","province":"SEVILLA","postalCode":"41569","schedule":"L: 06:00-22:00","fuels":{"gasoline95":1.689,"diesel":1.769,"dieselPremium":1.799,"dieselB":1.329},"extra":{"saleType":"P","margin":"I","reportingType":"dm","ideess":"6515","idMunicipio":"6118","idProvincia":"41","idCCAA":"01"}}},{"type":"Feature","geometry":{"type":"Point","coordinates":[-4.848,37.580083]},"properties":{"id":"es-6527","source":"ES","brand":"SANTIAGO","address":"CARRETERA CTRA. ECIJA-LA RAMBLA C-3312 KM. 25,000","municipality":"Santaella","province":"CÓRDOBA","postalCode":"14547","schedule":"L-D: 07:00-21:00","fuels":{"gasoline95":1.659,"diesel":1.879},"extra":{"saleType":"P","margin":"N","reportingType":"dm","ideess":"6527","idMunicipio":"2103","idProvincia":"14","idCCAA":"01"}}},{"type":"Feature","geometry":{"type":"Point","coordinates":[-4.934056,37.251944]},"properties":{"id":"es-6537","source":"ES","brand":"MYFUEL LOW COST","address":"CARRETERA GILENA-AGUADULCE KM. 2,87","municipality":"Gilena","province":"SEVILLA","postalCode":"41565","schedule":"L: 24H","fuels":{"gasoline95":1.669,"diesel":1.789,"adblue":0.869},"extra":{"saleType":"P","margin":"I","reportingType":"dm","ideess":"6537","idMunicipio":"6102","idProvincia":"41","idCCAA":"01"}}},{"type":"Feature","geometry":{"type":"Point","coordinates":[-4.915528,37.849778]},"properties":{"id":"es-6549","source":"ES","brand":"E.S. LAS CUEVAS","address":"CARRETERA PALMA DEL RIO KM. 12,5","municipality":"Córdoba","province":"CÓRDOBA","postalCode":"14710","schedule":"L-V: 06:00-22:30; S-D: 07:00-22:30","fuels":{"gasoline95":1.699,"gasoline98":1.804,"diesel":1.799,"dieselPremium":1.899,"dieselB":1.579},"extra":{"saleType":"P","margin":"N","reportingType":"dm","ideess":"6549","idMunicipio":"2063","idProvincia":"14","idCCAA":"01"}}},{"type":"Feature","geometry":{"type":"Point","coordinates":[-4.768167,37.901639]},"properties":{"id":"es-6550","source":"ES","brand":"E.S. GESTINCO CARDADOR","address":"POL. IND. DE CHINALES 51-52.","municipality":"Córdoba","province":"CÓRDOBA","postalCode":"14007","schedule":"L-D: 07:00-23:00","fuels":{"gasoline95":1.769,"gasoline98":1.929,"diesel":1.899,"dieselPremium":1.949,"adblue":0.999},"extra":{"saleType":"P","margin":"N","reportingType":"dm","ideess":"6550","idMunicipio":"2063","idProvincia":"14","idCCAA":"01"}}},{"type":"Feature","geometry":{"type":"Point","coordinates":[-4.284778,37.133278]},"properties":{"id":"es-6594","source":"ES","brand":"MOEVE","address":"AUTOVIA A-92 KM. 177","municipality":"Loja","province":"GRANADA","postalCode":"18300","schedule":"L-D: 24H","fuels":{"gasoline95":1.789,"gasoline98":1.879,"diesel":1.949,"dieselPremium":2.029,"adblue":0.999},"extra":{"saleType":"P","margin":"D","reportingType":"dm","ideess":"6594","idMunicipio":"2772","idProvincia":"18","idCCAA":"01"}}},{"type":"Feature","geometry":{"type":"Point","coordinates":[-4.877972,37.845194]},"properties":{"id":"es-6618","source":"ES","brand":"REPSOL","address":"CARRETERA N-437 KM. 8,100","municipality":"Córdoba","province":"CÓRDOBA","postalCode":"14193","schedule":"L-D: 24H","fuels":{"gasoline95":1.769,"gasoline95Premium":1.849,"diesel":1.959,"dieselB":1.589,"dieselRenewable":2.059,"adblue":0.99},"extra":{"saleType":"P","margin":"I","reportingType":"dm","ideess":"6618","idMunicipio":"2063","idProvincia":"14","idCCAA":"01"}}},{"type":"Feature","geometry":{"type":"Point","coordinates":[-4.928111,37.678611]},"properties":{"id":"es-6622","source":"ES","brand":"REPSOL","address":"AUTOVIA A-4 KM. 432","municipality":"Carlota (La)","province":"CÓRDOBA","postalCode":"14100","schedule":"L-V: 07:00-22:00; S-D: 08:00-20:00","fuels":{"gasoline95":1.709,"gasoline98":1.879,"diesel":1.965,"dieselRenewable":2.085},"extra":{"saleType":"P","margin":"I","reportingType":"OM","ideess":"6622","idMunicipio":"2059","idProvincia":"14","idCCAA":"01"}}},{"type":"Feature","geometry":{"type":"Point","coordinates":[-4.683722,37.893056]},"properties":{"id":"es-6623","source":"ES","brand":"REPSOL","address":"CR N-4, 392,9","municipality":"Córdoba","province":"CÓRDOBA","postalCode":"14005","schedule":"L-D: 24H","fuels":{"gasoline95":1.739,"gasoline98":1.869,"diesel":1.935,"dieselRenewable":2.055},"extra":{"saleType":"P","margin":"I","reportingType":"OM","ideess":"6623","idMunicipio":"2063","idProvincia":"14","idCCAA":"01"}}},{"type":"Feature","geometry":{"type":"Point","coordinates":[-4.816583,37.897]},"properties":{"id":"es-6624","source":"ES","brand":"Q8","address":"CARRETERA A TRASSIERRA KM. 0","municipality":"Córdoba","province":"CÓRDOBA","postalCode":"14005","schedule":"L-V: 06:30-22:30; S-D: 09:00-21:00","fuels":{"gasoline95":1.739,"gasoline98":1.879,"diesel":1.919,"dieselPremium":2.029},"extra":{"saleType":"P","margin":"I","reportingType":"dm","ideess":"6624","idMunicipio":"2063","idProvincia":"14","idCCAA":"01"}}},{"type":"Feature","geometry":{"type":"Point","coordinates":[-4.765444,37.85175]},"properties":{"id":"es-6625","source":"ES","brand":"REPSOL","address":"CARRETERA N-432 KM. 276,500","municipality":"Córdoba","province":"CÓRDOBA","postalCode":"14013","schedule":"L-D: 06:00-23:00","fuels":{"gasoline95":1.759,"gasoline98":1.939,"diesel":1.939,"dieselPremium":1.959},"extra":{"saleType":"P","margin":"D","reportingType":"dm","ideess":"6625","idMunicipio":"2063","idProvincia":"14","idCCAA":"01"}}},{"type":"Feature","geometry":{"type":"Point","coordinates":[-4.689889,37.893167]},"properties":{"id":"es-6627","source":"ES","brand":"CEPSA","address":"AUTOVIA A-4 KM. 393,5","municipality":"Córdoba","province":"CÓRDOBA","postalCode":"14013","schedule":"L-D: 24H","fuels":{"gasoline95":1.769,"gasoline95Premium":1.869,"gasoline98":1.899,"diesel":1.949,"dieselPremium":2.049},"extra":{"saleType":"P","margin":"D","reportingType":"OM","ideess":"6627","idMunicipio":"2063","idProvincia":"14","idCCAA":"01"}}},{"type":"Feature","geometry":{"type":"Point","coordinates":[-4.779,37.390611]},"properties":{"id":"es-6629","source":"ES","brand":"CEPSA","address":"CALLE SAN SEBASTIAN, 2","municipality":"Puente Genil","province":"CÓRDOBA","postalCode":"14500","schedule":"L-S: 06:00-22:00","fuels":{"gasoline95":1.739,"gasoline98":1.939,"diesel":1.929,"dieselPremium":1.999},"extra":{"saleType":"P","margin":"D","reportingType":"dm","ideess":"6629","idMunicipio":"2098","idProvincia":"14","idCCAA":"01"}}},{"type":"Feature","geometry":{"type":"Point","coordinates":[-4.863917,37.715]},"properties":{"id":"es-6634","source":"ES","brand":"MOEVE","address":"CARRETERA N-IVA KM. 424","municipality":"Carlota (La)","province":"CÓRDOBA","postalCode":"14191","schedule":"L-D: 24H","fuels":{"gasoline95":1.749,"gasoline98":1.919,"diesel":1.959,"dieselPremium":2.019,"dieselB":1.729},"extra":{"saleType":"P","margin":"I","reportingType":"dm","ideess":"6634","idMunicipio":"2059","idProvincia":"14","idCCAA":"01"}}},{"type":"Feature","geometry":{"type":"Point","coordinates":[-4.758806,37.890944]},"properties":{"id":"es-6635","source":"ES","brand":"BALLENOIL","address":"AVDA. LIBIA, 34","municipality":"Córdoba","province":"CÓRDOBA","postalCode":"14007","schedule":"L-D: 24H","fuels":{"gasoline95":1.669,"gasoline95Premium":1.689,"diesel":1.779,"dieselPremium":1.799},"extra":{"saleType":"P","margin":"I","reportingType":"OM","ideess":"6635","idMunicipio":"2063","idProvincia":"14","idCCAA":"01"}}},{"type":"Feature","geometry":{"type":"Point","coordinates":[-4.783583,37.894944]},"properties":{"id":"es-6637","source":"ES","brand":"CEPSA","address":"AVENIDA BRILLANTE (DEL), 4","municipality":"Córdoba","province":"CÓRDOBA","postalCode":"14006","schedule":"L-D: 07:00-23:00","fuels":{"gasoline95":1.799,"gasoline95Premium":1.889,"gasoline98":1.919,"diesel":1.979,"dieselPremium":2.059},"extra":{"saleType":"P","margin":"D","reportingType":"dm","ideess":"6637","idMunicipio":"2063","idProvincia":"14","idCCAA":"01"}}},{"type":"Feature","geometry":{"type":"Point","coordinates":[-4.777778,37.890778]},"properties":{"id":"es-6640","source":"ES","brand":"BALLENOIL","address":"PLAZA DE COLON, S,N","municipality":"Córdoba","province":"CÓRDOBA","postalCode":"14001","schedule":"L-D: 24H","fuels":{"gasoline95":1.669,"gasoline95Premium":1.689,"diesel":1.779,"dieselPremium":1.799},"extra":{"saleType":"P","margin":"I","reportingType":"OM","ideess":"6640","idMunicipio":"2063","idProvincia":"14","idCCAA":"01"}}},{"type":"Feature","geometry":{"type":"Point","coordinates":[-4.718139,37.906667]},"properties":{"id":"es-6641","source":"ES","brand":"REPSOL","address":"CALLE SIMON CARPINTERO, 29","municipality":"Córdoba","province":"CÓRDOBA","postalCode":"14014","schedule":"L-V: 06:00-22:00; S-D: 07:00-14:00","fuels":{"gasoline95":1.769,"diesel":1.949,"dieselRenewable":2.069},"extra":{"saleType":"P","margin":"D","reportingType":"OM","ideess":"6641","idMunicipio":"2063","idProvincia":"14","idCCAA":"01"}}},{"type":"Feature","geometry":{"type":"Point","coordinates":[-4.785556,37.861639]},"properties":{"id":"es-6642","source":"ES","brand":"MOEVE","address":"N-IVA km 405","municipality":"Córdoba","province":"CÓRDOBA","postalCode":"14013","schedule":"L-D: 06:00-00:00","fuels":{"gasoline95":1.819,"gasoline95Premium":1.899,"diesel":1.898,"dieselPremium":1.949,"lpg":1.159},"extra":{"saleType":"P","margin":"D","reportingType":"dm","ideess":"6642","idMunicipio":"2063","idProvincia":"14","idCCAA":"01"}}},{"type":"Feature","geometry":{"type":"Point","coordinates":[-4.486028,37.691333]},"properties":{"id":"es-6644","source":"ES","brand":"REPSOL","address":"CALLE RONDA PUENTE NUEVO, SN","municipality":"Castro del Río","province":"CÓRDOBA","postalCode":"14840","schedule":"L-S: 06:00-22:00; D: 08:00-14:00","fuels":{"gasoline95":1.709,"diesel":1.965,"dieselPremium":2.025,"dieselB":1.576},"extra":{"saleType":"P","margin":"D","reportingType":"OM","ideess":"6644","idMunicipio":"2061","idProvincia":"14","idCCAA":"01"}}},{"type":"Feature","geometry":{"type":"Point","coordinates":[-4.495833,37.688278]},"properties":{"id":"es-6647","source":"ES","brand":"CEPSA","address":"N-432 km 314,8","municipality":"Castro del Río","province":"CÓRDOBA","postalCode":"14840","schedule":"L-S: 06:00-22:00","fuels":{"gasoline95":1.769,"gasoline95E10":1.859,"diesel":1.949,"dieselPremium":2.039,"dieselB":1.619},"extra":{"saleType":"P","margin":"I","reportingType":"dm","ideess":"6647","idMunicipio":"2061","idProvincia":"14","idCCAA":"01"}}},{"type":"Feature","geometry":{"type":"Point","coordinates":[-4.467306,37.587194]},"properties":{"id":"es-6648","source":"ES","brand":"AGLA","address":"AVENIDA ANDALUCIA, S/N","municipality":"Nueva Carteya","province":"CÓRDOBA","postalCode":"14857","schedule":"L-D: 07:00-22:00","fuels":{"gasoline95":1.729,"diesel":1.819,"dieselPremium":1.839,"dieselB":1.599},"extra":{"saleType":"P","margin":"I","reportingType":"dm","ideess":"6648","idMunicipio":"2088","idProvincia":"14","idCCAA":"01"}}},{"type":"Feature","geometry":{"type":"Point","coordinates":[-4.491917,37.411667]},"properties":{"id":"es-6649","source":"ES","brand":"BALLENOIL","address":"CALLE EJIDO DEL VALLE, S/N - JUNTO RECINTO FERIAL, S,N","municipality":"Lucena","province":"CÓRDOBA","postalCode":"14900","schedule":"L-D: 24H","fuels":{"gasoline95":1.579,"gasoline95Premium":1.599,"diesel":1.699,"dieselPremium":1.719},"extra":{"saleType":"P","margin":"I","reportingType":"OM","ideess":"6649","idMunicipio":"2080","idProvincia":"14","idCCAA":"01"}}},{"type":"Feature","geometry":{"type":"Point","coordinates":[-4.191944,37.441972]},"properties":{"id":"es-6652","source":"ES","brand":"MOEVE","address":"AVENIDA DE GRANADA, S,N","municipality":"Priego de Córdoba","province":"CÓRDOBA","postalCode":"14800","schedule":"L-D: 06:00-22:00","fuels":{"gasoline95":1.729,"gasoline98":1.849,"diesel":1.939,"dieselPremium":2.009,"dieselB":1.599},"extra":{"saleType":"P","margin":"I","reportingType":"OM","ideess":"6652","idMunicipio":"2097","idProvincia":"14","idCCAA":"01"}}},{"type":"Feature","geometry":{"type":"Point","coordinates":[-4.374972,37.328444]},"properties":{"id":"es-6653","source":"ES","brand":"F.DEL MORAL","address":"AVENIDA BLAS INFANTE, S/N","municipality":"Rute","province":"CÓRDOBA","postalCode":"14960","schedule":"L: 24H","fuels":{"gasoline95":1.589,"diesel":1.719,"adblue":0.795},"extra":{"saleType":"P","margin":"D","reportingType":"dm","ideess":"6653","idMunicipio":"2100","idProvincia":"14","idCCAA":"01"}}},{"type":"Feature","geometry":{"type":"Point","coordinates":[-4.772861,37.874611]},"properties":{"id":"es-6654","source":"ES","brand":"BALLENOIL","address":"AVENIDA CAMPO DE LA VERDAD S/N, S/N","municipality":"Córdoba","province":"CÓRDOBA","postalCode":"14009","schedule":"L-D: 24H","fuels":{"gasoline95":1.659,"gasoline95Premium":1.669,"diesel":1.769,"dieselPremium":1.789},"extra":{"saleType":"P","margin":"D","reportingType":"OM","ideess":"6654","idMunicipio":"2063","idProvincia":"14","idCCAA":"01"}}},{"type":"Feature","geometry":{"type":"Point","coordinates":[-4.799667,37.881611]},"properties":{"id":"es-6655","source":"ES","brand":"REPSOL","address":"CL JOSE Mª MARTORELL, S/N","municipality":"Córdoba","province":"CÓRDOBA","postalCode":"14005","schedule":"L-D: 24H","fuels":{"gasoline95":1.755,"gasoline98":1.895,"diesel":1.935,"dieselPremium":1.995,"adblue":1.199},"extra":{"saleType":"P","margin":"D","reportingType":"dm","ideess":"6655","idMunicipio":"2063","idProvincia":"14","idCCAA":"01"}}},{"type":"Feature","geometry":{"type":"Point","coordinates":[-4.753,37.896167]},"properties":{"id":"es-6658","source":"ES","brand":"MOEVE","address":"AVENIDA CARLOS III, 53","municipality":"Córdoba","province":"CÓRDOBA","postalCode":"14014","schedule":"L-V: 07:00-21:00; S-D: 09:00-14:00","fuels":{"gasoline95":1.796,"diesel":1.959,"dieselPremium":2.039},"extra":{"saleType":"P","margin":"I","reportingType":"dm","ideess":"6658","idMunicipio":"2063","idProvincia":"14","idCCAA":"01"}}},{"type":"Feature","geometry":{"type":"Point","coordinates":[-4.160778,37.168278]},"properties":{"id":"es-6666","source":"ES","brand":"REPSOL","address":"AVENIDA ANDALUCIA, 25","municipality":"Loja","province":"GRANADA","postalCode":"18300","schedule":"L-D: 07:00-23:00","fuels":{"gasoline95":1.759,"gasoline98":1.929,"diesel":1.889,"dieselPremium":1.999},"extra":{"saleType":"P","margin":"I","reportingType":"dm","ideess":"6666","idMunicipio":"2772","idProvincia":"18","idCCAA":"01"}}},{"type":"Feature","geometry":{"type":"Point","coordinates":[-4.15375,37.326556]},"properties":{"id":"es-6676","source":"ES","brand":"CARBUALGA","address":"CARRETERA N-321 KM. 21","municipality":"Algarinejo","province":"GRANADA","postalCode":"18280","schedule":"L-V: 07:00-22:00; S: 07:00-15:00","fuels":{"gasoline95":1.687,"diesel":1.855,"dieselPremium":1.859,"dieselB":1.565},"extra":{"saleType":"P","margin":"D","reportingType":"dm","ideess":"6676","idMunicipio":"2680","idProvincia":"18","idCCAA":"01"}}},{"type":"Feature","geometry":{"type":"Point","coordinates":[-4.176139,37.872667]},"properties":{"id":"es-6678","source":"ES","brand":"REPSOL","address":"AVENIDA JOAQUIN COSTA, S/N","municipality":"Porcuna","province":"JAÉN","postalCode":"23790","schedule":"L-D: 06:00-22:00","fuels":{"gasoline95":1.719,"diesel":1.969,"dieselB":1.672,"dieselRenewable":2.089},"extra":{"saleType":"P","margin":"I","reportingType":"OM","ideess":"6678","idMunicipio":"3562","idProvincia":"23","idCCAA":"01"}}},{"type":"Feature","geometry":{"type":"Point","coordinates":[-4.361722,37.552611]},"properties":{"id":"es-6679","source":"ES","brand":"REPSOL","address":"CARRETERA CABRA-BAENA KM. 92","municipality":"Doña Mencía","province":"CÓRDOBA","postalCode":"14860","schedule":"L-D: 07:00-21:00","fuels":{"gasoline95":1.739,"gasoline95Premium":1.769,"diesel":1.899,"dieselPremium":1.949,"dieselB":1.579},"extra":{"saleType":"P","margin":"I","reportingType":"dm","ideess":"6679","idMunicipio":"2064","idProvincia":"14","idCCAA":"01"}}},{"type":"Feature","geometry":{"type":"Point","coordinates":[-4.646833,37.737417]},"properties":{"id":"es-6680","source":"ES","brand":"REPSOL","address":"CR N-432, 298,4","municipality":"Córdoba","province":"CÓRDOBA","postalCode":"14820","schedule":"L-D: 06:00-22:00","fuels":{"gasoline95":1.728,"diesel":1.898,"dieselPremium":1.958},"extra":{"saleType":"P","margin":"I","reportingType":"dm","ideess":"6680","idMunicipio":"2063","idProvincia":"14","idCCAA":"01"}}},{"type":"Feature","geometry":{"type":"Point","coordinates":[-4.781333,37.379556]},"properties":{"id":"es-6686","source":"ES","brand":"CAMPSA","address":"CALLE ESTEPA, 1","municipality":"Puente Genil","province":"CÓRDOBA","postalCode":"14500","schedule":"L-V: 07:00-21:00; S-D: 09:00-14:00","fuels":{"gasoline95":1.709,"diesel":1.899,"dieselPremium":1.999,"dieselB":1.616},"extra":{"saleType":"P","margin":"I","reportingType":"OM","ideess":"6686","idMunicipio":"2098","idProvincia":"14","idCCAA":"01"}}},{"type":"Feature","geometry":{"type":"Point","coordinates":[-4.766778,37.897333]},"properties":{"id":"es-6690","source":"ES","brand":"REPSOL","address":"CARRETERA N-432 KM. 269,2","municipality":"Córdoba","province":"CÓRDOBA","postalCode":"14007","schedule":"L-D: 06:00-22:00","fuels":{"gasoline95":1.759,"gasoline95Premium":1.829,"gasoline98":1.899,"diesel":1.929,"dieselRenewable":2.049,"lpg":1.149},"extra":{"saleType":"P","margin":"D","reportingType":"OM","ideess":"6690","idMunicipio":"2063","idProvincia":"14","idCCAA":"01"}}},{"type":"Feature","geometry":{"type":"Point","coordinates":[-4.005278,37.326]},"properties":{"id":"es-6691","source":"ES","brand":"REPSOL","address":"CARRETERA ALCALA KM. 1","municipality":"Montefrío","province":"GRANADA","postalCode":"18270","schedule":"L-S: 06:00-22:00; D: 08:00-22:00","fuels":{"gasoline95":1.699,"diesel":1.819,"dieselPremium":1.829,"dieselB":1.539},"extra":{"saleType":"P","margin":"D","reportingType":"dm","ideess":"6691","idMunicipio":"2781","idProvincia":"18","idCCAA":"01"}}},{"type":"Feature","geometry":{"type":"Point","coordinates":[-4.703917,37.918583]},"properties":{"id":"es-6694","source":"ES","brand":"REPSOL","address":"CARRETERA CRTRA NIV MADIRD-CADIZ KM. 394","municipality":"Córdoba","province":"CÓRDOBA","postalCode":"14610","schedule":"L-V: 07:00-20:00","fuels":{"gasoline95":1.759,"gasoline95Premium":1.819,"diesel":1.935,"dieselRenewable":2.055},"extra":{"saleType":"P","margin":"D","reportingType":"OM","ideess":"6694","idMunicipio":"2063","idProvincia":"14","idCCAA":"01"}}},{"type":"Feature","geometry":{"type":"Point","coordinates":[-4.703583,37.91625]},"properties":{"id":"es-6695","source":"ES","brand":"REPSOL","address":"CARRETERA CRTRA NA IV MADRID-CADIZ KM. 394","municipality":"Córdoba","province":"CÓRDOBA","postalCode":"14610","schedule":"L-D: 06:00-20:00","fuels":{"gasoline95":1.759,"diesel":1.935,"dieselPremium":2.045},"extra":{"saleType":"P","margin":"I","reportingType":"OM","ideess":"6695","idMunicipio":"2063","idProvincia":"14","idCCAA":"01"}}},{"type":"Feature","geometry":{"type":"Point","coordinates":[-4.846667,37.876528]},"properties":{"id":"es-6709","source":"ES","brand":"PETROIL ENERGY LA GRANJA","address":"CARRETERA PALMA DEL RÍO KM. 5,5","municipality":"Córdoba","province":"CÓRDOBA","postalCode":"14005","schedule":"L-D: 06:00-22:00","fuels":{"gasoline95":1.689,"diesel":1.799,"dieselPremium":1.849},"extra":{"saleType":"P","margin":"D","reportingType":"dm","ideess":"6709","idMunicipio":"2063","idProvincia":"14","idCCAA":"01"}}},{"type":"Feature","geometry":{"type":"Point","coordinates":[-4.65425,37.524778]},"properties":{"id":"es-6715","source":"ES","brand":"REPSOL","address":"CR N-331, 51,3","municipality":"Aguilar de la Frontera","province":"CÓRDOBA","postalCode":"14920","schedule":"L-D: 05:30-22:30","fuels":{"gasoline95":1.729,"gasoline95Premium":1.799,"diesel":1.945,"dieselRenewable":2.065},"extra":{"saleType":"P","margin":"I","reportingType":"OM","ideess":"6715","idMunicipio":"2044","idProvincia":"14","idCCAA":"01"}}},{"type":"Feature","geometry":{"type":"Point","coordinates":[-4.782417,37.865806]},"properties":{"id":"es-6723","source":"ES","brand":"REPSOL","address":"AVENIDA CADIZ, 74","municipality":"Córdoba","province":"CÓRDOBA","postalCode":"14013","schedule":"L-D: 24H","fuels":{"gasoline95":1.749,"gasoline95Premium":1.819,"diesel":1.929,"dieselPremium":2.009},"extra":{"saleType":"P","margin":"D","reportingType":"OM","ideess":"6723","idMunicipio":"2063","idProvincia":"14","idCCAA":"01"}}},{"type":"Feature","geometry":{"type":"Point","coordinates":[-4.741167,37.898139]},"properties":{"id":"es-6745","source":"ES","brand":"REPSOL","address":"CR N-4, 398,3","municipality":"Córdoba","province":"CÓRDOBA","postalCode":"14014","schedule":"L-V: 06:00-22:00; S: 07:00-15:00","fuels":{"gasoline95":1.769,"gasoline98":1.939,"diesel":1.945,"dieselRenewable":2.065},"extra":{"saleType":"P","margin":"D","reportingType":"OM","ideess":"6745","idMunicipio":"2063","idProvincia":"14","idCCAA":"01"}}},{"type":"Feature","geometry":{"type":"Point","coordinates":[-4.74125,37.897333]},"properties":{"id":"es-6746","source":"ES","brand":"REPSOL","address":"CARRETERA N- 4 KM. 668,6","municipality":"Córdoba","province":"CÓRDOBA","postalCode":"14014","schedule":"L-D: 06:00-22:00","fuels":{"gasoline95":1.769,"gasoline98":1.939,"diesel":1.945,"dieselRenewable":2.065},"extra":{"saleType":"P","margin":"I","reportingType":"OM","ideess":"6746","idMunicipio":"2063","idProvincia":"14","idCCAA":"01"}}},{"type":"Feature","geometry":{"type":"Point","coordinates":[-4.078222,37.591139]},"properties":{"id":"es-6767","source":"ES","brand":"SHELL","address":"AVENIDA DE ANDALUCIA, 45","municipality":"Alcaudete","province":"JAÉN","postalCode":"23660","schedule":"L-D: 06:00-22:00","fuels":{"gasoline95":1.749,"diesel":1.899,"dieselPremium":1.929,"dieselB":1.509,"lpg":1.109,"adblue":0.8},"extra":{"saleType":"P","margin":"D","reportingType":"dm","ideess":"6767","idMunicipio":"3498","idProvincia":"23","idCCAA":"01"}}},{"type":"Feature","geometry":{"type":"Point","coordinates":[-4.164972,37.868222]},"properties":{"id":"es-6773","source":"ES","brand":"CEPSA","address":"CARRETERA A-306 KM. 34","municipality":"Porcuna","province":"JAÉN","postalCode":"23790","schedule":"L-D: 06:00-22:00","fuels":{"gasoline95":1.799,"gasoline95Premium":1.979,"gasoline98":1.999,"diesel":1.989,"dieselPremium":2.149,"dieselB":1.719},"extra":{"saleType":"P","margin":"D","reportingType":"dm","ideess":"6773","idMunicipio":"3562","idProvincia":"23","idCCAA":"01"}}},{"type":"Feature","geometry":{"type":"Point","coordinates":[-4.661417,37.507556]},"properties":{"id":"es-6795","source":"ES","brand":"AVIA","address":"CALLE ANCHA, S/N","municipality":"Aguilar de la Frontera","province":"CÓRDOBA","postalCode":"14920","schedule":"L-D: 24H","fuels":{"gasoline95":1.729,"gasoline98":1.829,"diesel":1.879,"dieselPremium":1.929,"dieselB":1.309,"adblue":1.299},"extra":{"saleType":"P","margin":"D","reportingType":"dm","ideess":"6795","idMunicipio":"2044","idProvincia":"14","idCCAA":"01"}}},{"type":"Feature","geometry":{"type":"Point","coordinates":[-4.440389,37.474333]},"properties":{"id":"es-6797","source":"ES","brand":"MOEVE","address":"PLAZA DIPUTACION, S/N","municipality":"Cabra","province":"CÓRDOBA","postalCode":"14940","schedule":"L-S: 07:30-21:30","fuels":{"gasoline95":1.809,"diesel":1.979,"dieselPremium":2.079},"extra":{"saleType":"P","margin":"I","reportingType":"dm","ideess":"6797","idMunicipio":"2055","idProvincia":"14","idCCAA":"01"}}},{"type":"Feature","geometry":{"type":"Point","coordinates":[-4.828056,37.758194]},"properties":{"id":"es-6802","source":"ES","brand":"REPSOL","address":"CARRETERA NACIONAL IV KM. 419","municipality":"Córdoba","province":"CÓRDOBA","postalCode":"14191","schedule":"L-S: 06:00-22:00","fuels":{"gasoline95":1.759,"diesel":1.925,"dieselRenewable":2.045},"extra":{"saleType":"P","margin":"I","reportingType":"OM","ideess":"6802","idMunicipio":"2063","idProvincia":"14","idCCAA":"01"}}},{"type":"Feature","geometry":{"type":"Point","coordinates":[-4.486611,37.4145]},"properties":{"id":"es-6804","source":"ES","brand":"FUELING","address":"CL RONDA SAN FRANCISCO, S.N.","municipality":"Lucena","province":"CÓRDOBA","postalCode":"14900","schedule":"L-D: 06:00-22:00","fuels":{"gasoline95":1.649,"gasoline95E10":1.649,"gasoline98":1.749,"diesel":1.749,"dieselPremium":1.789,"adblue":0.599},"extra":{"saleType":"P","margin":"D","reportingType":"dm","ideess":"6804","idMunicipio":"2080","idProvincia":"14","idCCAA":"01"}}},{"type":"Feature","geometry":{"type":"Point","coordinates":[-4.805472,37.882944]},"properties":{"id":"es-6833","source":"ES","brand":"REPSOL","address":"CARRETERA A PALMA DEL RIO KM. 2","municipality":"Córdoba","province":"CÓRDOBA","postalCode":"14005","schedule":"L-D: 06:00-23:00","fuels":{"gasoline95":1.769,"gasoline95Premium":1.839,"gasoline98":1.939,"diesel":1.945,"dieselRenewable":2.065},"extra":{"saleType":"P","margin":"D","reportingType":"OM","ideess":"6833","idMunicipio":"2063","idProvincia":"14","idCCAA":"01"}}},{"type":"Feature","geometry":{"type":"Point","coordinates":[-4.640417,37.925806]},"properties":{"id":"es-6835","source":"ES","brand":"BP LAS VEGAS","address":"CARRETERA MADRID NACIONAL IV(ALCOLE KM. 387,5","municipality":"Córdoba","province":"CÓRDOBA","postalCode":"14610","schedule":"L-D: 06:00-22:00","fuels":{"gasoline95":1.799,"diesel":1.939,"dieselPremium":2.039,"adblue":0.99},"extra":{"saleType":"P","margin":"D","reportingType":"dm","ideess":"6835","idMunicipio":"2063","idProvincia":"14","idCCAA":"01"}}},{"type":"Feature","geometry":{"type":"Point","coordinates":[-4.137056,37.164556]},"properties":{"id":"es-6853","source":"ES","brand":"REPSOL","address":"CARRETERA N-342 KM. 483","municipality":"Loja","province":"GRANADA","postalCode":"18300","schedule":"L-D: 07:00-23:00","fuels":{"gasoline95":1.729,"gasoline98":1.899,"diesel":1.859,"dieselPremium":1.969,"lpg":1.099},"extra":{"saleType":"P","margin":"I","reportingType":"OM","ideess":"6853","idMunicipio":"2772","idProvincia":"18","idCCAA":"01"}}},{"type":"Feature","geometry":{"type":"Point","coordinates":[-4.492167,37.943]},"properties":{"id":"es-6875","source":"ES","brand":"REPSOL","address":"CR N-4, 372","municipality":"Carpio (El)","province":"CÓRDOBA","postalCode":"14620","schedule":"L-S: 06:00-22:00; D: 07:00-14:00","fuels":{"gasoline95":1.725,"gasoline95Premium":1.795,"diesel":1.945,"dieselPremium":2.055},"extra":{"saleType":"P","margin":"D","reportingType":"OM","ideess":"6875","idMunicipio":"2060","idProvincia":"14","idCCAA":"01"}}},{"type":"Feature","geometry":{"type":"Point","coordinates":[-4.93575,37.522]},"properties":{"id":"es-6921","source":"ES","brand":"REPSOL","address":"CARRETERA CO-740 KM. 22,8","municipality":"Santaella","province":"CÓRDOBA","postalCode":"14546","schedule":"L-S: 07:00-15:00","fuels":{"gasoline95":1.709,"diesel":1.899,"dieselB":1.562},"extra":{"saleType":"P","margin":"D","reportingType":"OM","ideess":"6921","idMunicipio":"2103","idProvincia":"14","idCCAA":"01"}}},{"type":"Feature","geometry":{"type":"Point","coordinates":[-4.811,37.797444]},"properties":{"id":"es-6929","source":"ES","brand":"REPSOL","address":"CR N-4, 412","municipality":"Córdoba","province":"CÓRDOBA","postalCode":"14190","schedule":"L-D: 24H","fuels":{"gasoline95":1.759,"gasoline98":1.879,"diesel":1.935,"dieselPremium":1.985},"extra":{"saleType":"P","margin":"D","reportingType":"OM","ideess":"6929","idMunicipio":"2063","idProvincia":"14","idCCAA":"01"}}},{"type":"Feature","geometry":{"type":"Point","coordinates":[-4.810028,37.797833]},"properties":{"id":"es-6930","source":"ES","brand":"REPSOL","address":"CARRETERA N-4 KM. 412","municipality":"Córdoba","province":"CÓRDOBA","postalCode":"14190","schedule":"L-D: 06:00-22:00","fuels":{"gasoline95":1.759,"diesel":1.925,"dieselPremium":1.985},"extra":{"saleType":"P","margin":"I","reportingType":"OM","ideess":"6930","idMunicipio":"2063","idProvincia":"14","idCCAA":"01"}}},{"type":"Feature","geometry":{"type":"Point","coordinates":[-4.942722,37.665]},"properties":{"id":"es-6931","source":"ES","brand":"REPSOL","address":"AVENIDA CARLOS III, 139","municipality":"Carlota (La)","province":"CÓRDOBA","postalCode":"14100","schedule":"L-D: 06:00-22:00","fuels":{"gasoline95":1.709,"gasoline98":1.879,"diesel":1.959,"dieselB":1.622,"dieselRenewable":2.079},"extra":{"saleType":"P","margin":"I","reportingType":"OM","ideess":"6931","idMunicipio":"2059","idProvincia":"14","idCCAA":"01"}}},{"type":"Feature","geometry":{"type":"Point","coordinates":[-4.261278,37.990056]},"properties":{"id":"es-6942","source":"ES","brand":"REPSOL","address":"CARRETERA NACIONAL 4 KM. 346,6","municipality":"Lopera","province":"JAÉN","postalCode":"23780","schedule":"L-D: 06:00-22:00","fuels":{"gasoline95":1.719,"diesel":1.919,"dieselRenewable":2.039},"extra":{"saleType":"P","margin":"D","reportingType":"OM","ideess":"6942","idMunicipio":"3550","idProvincia":"23","idCCAA":"01"}}},{"type":"Feature","geometry":{"type":"Point","coordinates":[-4.26125,37.989972]},"properties":{"id":"es-6943","source":"ES","brand":"REPSOL","address":"CARRETERA N-4 KM. 346,6","municipality":"Lopera","province":"JAÉN","postalCode":"23780","schedule":"L-D: 06:00-22:00","fuels":{"gasoline95":1.719,"gasoline98":1.889,"diesel":1.919,"dieselRenewable":2.039},"extra":{"saleType":"P","margin":"I","reportingType":"OM","ideess":"6943","idMunicipio":"3550","idProvincia":"23","idCCAA":"01"}}},{"type":"Feature","geometry":{"type":"Point","coordinates":[-4.066944,37.938306]},"properties":{"id":"es-6953","source":"ES","brand":"REPSOL","address":"CARRETERA ANDUJAR-ARJONA KM. 13,7","municipality":"Arjona","province":"JAÉN","postalCode":"23760","schedule":"L-D: 07:00-22:00","fuels":{"gasoline95":1.759,"diesel":1.939,"dieselB":1.689,"dieselRenewable":2.029},"extra":{"saleType":"P","margin":"D","reportingType":"dm","ideess":"6953","idMunicipio":"3501","idProvincia":"23","idCCAA":"01"}}},{"type":"Feature","geometry":{"type":"Point","coordinates":[-4.766111,37.877056]},"properties":{"id":"es-6961","source":"ES","brand":"REPSOL","address":"CALLE ENRIQUE PUGA, SN","municipality":"Córdoba","province":"CÓRDOBA","postalCode":"14010","schedule":"L-D: 06:00-22:00","fuels":{"gasoline95":1.759,"gasoline98":1.929,"diesel":1.949,"dieselRenewable":2.059},"extra":{"saleType":"P","margin":"D","reportingType":"OM","ideess":"6961","idMunicipio":"2063","idProvincia":"14","idCCAA":"01"}}},{"type":"Feature","geometry":{"type":"Point","coordinates":[-4.482278,37.418833]},"properties":{"id":"es-6975","source":"ES","brand":"REPSOL","address":"CARRETERA LA VIÑUELA KM. 2","municipality":"Lucena","province":"CÓRDOBA","postalCode":"14900","schedule":"L-D: 06:00-22:00","fuels":{"gasoline95":1.729,"gasoline98":1.899,"diesel":1.919,"dieselPremium":1.999},"extra":{"saleType":"P","margin":"D","reportingType":"OM","ideess":"6975","idMunicipio":"2080","idProvincia":"14","idCCAA":"01"}}},{"type":"Feature","geometry":{"type":"Point","coordinates":[-4.653389,37.580917]},"properties":{"id":"es-7001","source":"ES","brand":"CEPSA","address":"CARRETERA N-331A KM. 45","municipality":"Montilla","province":"CÓRDOBA","postalCode":"14550","schedule":"L-D: 06:00-22:00","fuels":{"gasoline95":1.799,"diesel":1.939,"dieselPremium":2.049,"dieselB":1.599},"extra":{"saleType":"P","margin":"I","reportingType":"dm","ideess":"7001","idMunicipio":"2084","idProvincia":"14","idCCAA":"01"}}},{"type":"Feature","geometry":{"type":"Point","coordinates":[-4.633833,37.580361]},"properties":{"id":"es-7002","source":"ES","brand":"CEPSA","address":"AVENIDA MARQUES DE LA VEGA DE ARMIJO, S/N","municipality":"Montilla","province":"CÓRDOBA","postalCode":"14550","schedule":"L-D: 06:00-22:00","fuels":{"gasoline95":1.799,"diesel":1.939,"dieselPremium":2.049,"dieselB":1.599},"extra":{"saleType":"P","margin":"D","reportingType":"dm","ideess":"7002","idMunicipio":"2084","idProvincia":"14","idCCAA":"01"}}},{"type":"Feature","geometry":{"type":"Point","coordinates":[-4.378528,37.889444]},"properties":{"id":"es-7030","source":"ES","brand":"MOTOLUX","address":"CALLE CONSOLACION, S/N","municipality":"Bujalance","province":"CÓRDOBA","postalCode":"14650","schedule":"L-D: 06:00-22:00","fuels":{"gasoline95":1.749,"gasoline98":1.879,"diesel":1.949,"dieselB":1.579,"adblue":1.2},"extra":{"saleType":"P","margin":"N","reportingType":"dm","ideess":"7030","idMunicipio":"2054","idProvincia":"14","idCCAA":"01"}}},{"type":"Feature","geometry":{"type":"Point","coordinates":[-4.097167,37.97175]},"properties":{"id":"es-7032","source":"ES","brand":"POZONUEVO","address":"C/CTRA ARJONA, km 58,0","municipality":"Arjonilla","province":"JAÉN","postalCode":"23750","schedule":"L-V: 07:00-21:00; S: 07:00-15:00","fuels":{"gasoline95":1.749,"gasoline98":1.869,"diesel":1.959,"dieselB":1.579},"extra":{"saleType":"P","margin":"N","reportingType":"dm","ideess":"7032","idMunicipio":"3502","idProvincia":"23","idCCAA":"01"}}},{"type":"Feature","geometry":{"type":"Point","coordinates":[-4.573889,37.025833]},"properties":{"id":"es-7046","source":"ES","brand":"CARREFOUR","address":"CARRETERA CTRA.N-343 KM. 65","municipality":"Antequera","province":"MÁLAGA","postalCode":"29200","schedule":"L-S: 08:00-22:00","fuels":{"gasoline95":1.739,"gasoline98":1.929,"diesel":1.899,"dieselPremium":1.939},"extra":{"saleType":"P","margin":"N","reportingType":"dm","ideess":"7046","idMunicipio":"4469","idProvincia":"29","idCCAA":"01"}}},{"type":"Feature","geometry":{"type":"Point","coordinates":[-4.843389,37.362528]},"properties":{"id":"es-7048","source":"ES","brand":"Q8","address":"POLG.IND. \"EL BUJEO\" PARCELA 41","municipality":"Herrera","province":"SEVILLA","postalCode":"41567","schedule":"L-D: 06:00-22:00","fuels":{"gasoline95":1.699,"diesel":1.889,"dieselPremium":1.999,"dieselB":1.611},"extra":{"saleType":"P","margin":"N","reportingType":"dm","ideess":"7048","idMunicipio":"6106","idProvincia":"41","idCCAA":"01"}}},{"type":"Feature","geometry":{"type":"Point","coordinates":[-4.576028,37.027333]},"properties":{"id":"es-7067","source":"ES","brand":"GALP","address":"CARRETERA SEVILLA. FINCA EL CAMPITO KM. SN","municipality":"Antequera","province":"MÁLAGA","postalCode":"29200","schedule":"L-D: 06:00-22:00","fuels":{"gasoline95":1.729,"diesel":1.819,"dieselPremium":1.869},"extra":{"saleType":"P","margin":"N","reportingType":"OM","ideess":"7067","idMunicipio":"4469","idProvincia":"29","idCCAA":"01"}}},{"type":"Feature","geometry":{"type":"Point","coordinates":[-4.534611,37.029306]},"properties":{"id":"es-7097","source":"ES","brand":"REPSOL","address":"CALLE EL EFEBO, S/N","municipality":"Antequera","province":"MÁLAGA","postalCode":"29200","schedule":"L-D: 24H","fuels":{"gasoline95":1.765,"gasoline95Premium":1.835,"diesel":1.919,"dieselPremium":2.009,"lpg":1.105},"extra":{"saleType":"P","margin":"D","reportingType":"OM","ideess":"7097","idMunicipio":"4469","idProvincia":"29","idCCAA":"01"}}},{"type":"Feature","geometry":{"type":"Point","coordinates":[-4.87975,37.302361]},"properties":{"id":"es-7117","source":"ES","brand":"REPSOL","address":"CR A-92, 110,1","municipality":"Estepa","province":"SEVILLA","postalCode":"41560","schedule":"L-D: 24H","fuels":{"gasoline95":1.729,"gasoline98":1.899,"diesel":1.905,"dieselRenewable":2.025,"lpg":1.075},"extra":{"saleType":"P","margin":"I","reportingType":"OM","ideess":"7117","idMunicipio":"6097","idProvincia":"41","idCCAA":"01"}}},{"type":"Feature","geometry":{"type":"Point","coordinates":[-4.88,37.301889]},"properties":{"id":"es-7120","source":"ES","brand":"REPSOL","address":"AUTOVIA A-92 KM. 105,250","municipality":"Estepa","province":"SEVILLA","postalCode":"41560","schedule":"L-D: 06:00-23:00","fuels":{"gasoline95":1.729,"gasoline98":1.899,"diesel":1.905,"dieselPremium":1.965,"dieselB":1.602,"lpg":1.069},"extra":{"saleType":"P","margin":"D","reportingType":"OM","ideess":"7120","idMunicipio":"6097","idProvincia":"41","idCCAA":"01"}}},{"type":"Feature","geometry":{"type":"Point","coordinates":[-4.765083,37.296556]},"properties":{"id":"es-7151","source":"ES","brand":"REPSOL","address":"CALLE CARRETERA DE HERRERA, 1","municipality":"Casariche","province":"SEVILLA","postalCode":"41580","schedule":"L-D: 06:00-22:00","fuels":{"gasoline95":1.709,"diesel":1.905,"dieselPremium":2.015},"extra":{"saleType":"P","margin":"I","reportingType":"OM","ideess":"7151","idMunicipio":"6081","idProvincia":"41","idCCAA":"01"}}},{"type":"Feature","geometry":{"type":"Point","coordinates":[-4.657889,37.05175]},"properties":{"id":"es-7172","source":"ES","brand":"BP","address":"CARRETERA A-384 KM. 77,6","municipality":"Antequera","province":"MÁLAGA","postalCode":"29200","schedule":"L-D: 24H","fuels":{"gasoline95":1.779,"gasoline98":1.919,"diesel":1.929,"dieselPremium":2.019,"dieselB":1.699,"adblue":0.9},"extra":{"saleType":"P","margin":"N","reportingType":"dm","ideess":"7172","idMunicipio":"4469","idProvincia":"29","idCCAA":"01"}}},{"type":"Feature","geometry":{"type":"Point","coordinates":[-4.527806,37.034417]},"properties":{"id":"es-7186","source":"ES","brand":"BP ANTEQUERA","address":"POLIGONO PARQUE EMPRESARIAL--CRUCE DEL ROMERAL, 0","municipality":"Antequera","province":"MÁLAGA","postalCode":"29200","schedule":"L: 06:00-00:00","fuels":{"gasoline95":1.755,"gasoline98":1.895,"diesel":1.905,"dieselPremium":1.995,"adblue":1.135},"extra":{"saleType":"P","margin":"N","reportingType":"OM","ideess":"7186","idMunicipio":"4469","idProvincia":"29","idCCAA":"01"}}},{"type":"Feature","geometry":{"type":"Point","coordinates":[-4.693528,37.131944]},"properties":{"id":"es-7195","source":"ES","brand":"ÁREA 117 DIR. SEVILLA","address":"CARRETERA A-92 KM. 135","municipality":"Humilladero","province":"MÁLAGA","postalCode":"29531","schedule":"L-D: 24H","fuels":{"gasoline95":1.669,"diesel":1.799,"dieselPremium":1.839,"adblue":0.799},"extra":{"saleType":"P","margin":"I","reportingType":"dm","ideess":"7195","idMunicipio":"4513","idProvincia":"29","idCCAA":"01"}}},{"type":"Feature","geometry":{"type":"Point","coordinates":[-4.384944,37.093139]},"properties":{"id":"es-7198","source":"ES","brand":"SHELL","address":"CALLE GALLARDO, 12","municipality":"Archidona","province":"MÁLAGA","postalCode":"29300","schedule":"L-D: 06:00-23:59","fuels":{"gasoline95":1.689,"diesel":1.789,"dieselPremium":1.869,"dieselB":1.529},"extra":{"saleType":"P","margin":"D","reportingType":"OM","ideess":"7198","idMunicipio":"4471","idProvincia":"29","idCCAA":"01"}}},{"type":"Feature","geometry":{"type":"Point","coordinates":[-4.331,37.03325]},"properties":{"id":"es-7202","source":"ES","brand":"E.S. SILES AGUILERA","address":"CARRETERA SALINAS KM. 11,5","municipality":"Villanueva del Trabuco","province":"MÁLAGA","postalCode":"29313","schedule":"L-D: 06:30-23:00","fuels":{"gasoline95":1.799,"diesel":1.829,"dieselPremium":1.899,"dieselB":1.659},"extra":{"saleType":"P","margin":"D","reportingType":"dm","ideess":"7202","idMunicipio":"4552","idProvincia":"29","idCCAA":"01"}}},{"type":"Feature","geometry":{"type":"Point","coordinates":[-4.566444,37.112694]},"properties":{"id":"es-7232","source":"ES","brand":"REPSOL","address":" N-331 KM 114,2, ","municipality":"Antequera","province":"MÁLAGA","postalCode":"29200","schedule":"L-D: 24H","fuels":{"gasoline95":1.765,"diesel":1.925,"dieselPremium":2.005},"extra":{"saleType":"P","margin":"D","reportingType":"OM","ideess":"7232","idMunicipio":"4469","idProvincia":"29","idCCAA":"01"}}},{"type":"Feature","geometry":{"type":"Point","coordinates":[-4.882472,37.291389]},"properties":{"id":"es-7254","source":"ES","brand":"BP MISAN ESTEPA","address":"AVENIDA DE ANDALUCIA, 32","municipality":"Estepa","province":"SEVILLA","postalCode":"41560","schedule":"L-D: 06:00-22:00","fuels":{"gasoline95":1.709,"gasoline98":1.889,"diesel":1.859,"dieselPremium":1.959},"extra":{"saleType":"P","margin":"N","reportingType":"dm","ideess":"7254","idMunicipio":"6097","idProvincia":"41","idCCAA":"01"}}},{"type":"Feature","geometry":{"type":"Point","coordinates":[-4.559583,37.022972]},"properties":{"id":"es-7260","source":"ES","brand":"BP  LA VEGA DE ANTEQUERA","address":"CALLE CRUZ BLANCA, 40","municipality":"Antequera","province":"MÁLAGA","postalCode":"29200","schedule":"L-D: 24H","fuels":{"gasoline95":1.755,"gasoline98":1.895,"diesel":1.905,"dieselPremium":1.995},"extra":{"saleType":"P","margin":"N","reportingType":"dm","ideess":"7260","idMunicipio":"4469","idProvincia":"29","idCCAA":"01"}}},{"type":"Feature","geometry":{"type":"Point","coordinates":[-4.859778,37.052083]},"properties":{"id":"es-7264","source":"ES","brand":"BP SAN RAFAEL","address":"CARRETERA JEREZ CARTAGENA KM. 136","municipality":"Campillos","province":"MÁLAGA","postalCode":"29320","schedule":"L-D: 06:00-23:00","fuels":{"gasoline95":1.825,"gasoline98":1.96,"diesel":1.989,"dieselPremium":2.06},"extra":{"saleType":"P","margin":"N","reportingType":"dm","ideess":"7264","idMunicipio":"4486","idProvincia":"29","idCCAA":"01"}}},{"type":"Feature","geometry":{"type":"Point","coordinates":[-4.995861,37.344389]},"properties":{"id":"es-7292","source":"ES","brand":"LIBRE","address":"CARRETERA SE-727 KM. 11,2","municipality":"Rubio (El)","province":"SEVILLA","postalCode":"41568","schedule":"L-S: 07:00-21:00","fuels":{"gasoline95":1.619,"diesel":1.679,"dieselPremium":1.749,"dieselB":1.309},"extra":{"saleType":"P","margin":"D","reportingType":"dm","ideess":"7292","idMunicipio":"6141","idProvincia":"41","idCCAA":"01"}}},{"type":"Feature","geometry":{"type":"Point","coordinates":[-4.677583,37.304]},"properties":{"id":"es-7334","source":"ES","brand":"GEDS","address":"CARRETERA BADOLATOSA KM. 0,300","municipality":"Badolatosa","province":"SEVILLA","postalCode":"41570","schedule":"L-D: 00:00-23:59","fuels":{"gasoline95":1.699,"diesel":1.884,"dieselB":1.614},"extra":{"saleType":"P","margin":"D","reportingType":"OM","ideess":"7334","idMunicipio":"6068","idProvincia":"41","idCCAA":"01"}}},{"type":"Feature","geometry":{"type":"Point","coordinates":[-4.655333,37.117306]},"properties":{"id":"es-7359","source":"ES","brand":"ES LIMONAR","address":"CR N-334, 143 (N-334 km 143,2)","municipality":"Mollina","province":"MÁLAGA","postalCode":"29532","schedule":"L-D: 07:00-22:00","fuels":{"gasoline95":1.648,"diesel":1.799},"extra":{"saleType":"P","margin":"I","reportingType":"dm","ideess":"7359","idMunicipio":"4526","idProvincia":"29","idCCAA":"01"}}},{"type":"Feature","geometry":{"type":"Point","coordinates":[-4.379333,37.095083]},"properties":{"id":"es-7367","source":"ES","brand":"AGLA","address":"AVENIDA PABLO PICASSO,, 42","municipality":"Archidona","province":"MÁLAGA","postalCode":"29300","schedule":"L-D: 06:00-23:00","fuels":{"gasoline95":1.659,"diesel":1.759,"dieselPremium":1.799},"extra":{"saleType":"P","margin":"D","reportingType":"dm","ideess":"7367","idMunicipio":"4471","idProvincia":"29","idCCAA":"01"}}},{"type":"Feature","geometry":{"type":"Point","coordinates":[-4.777056,37.214444]},"properties":{"id":"es-7370","source":"ES","brand":"REPSOL","address":"CARRETERA MALAGA, GRANADA, SEVILLA KM. 124,90","municipality":"Roda de Andalucía (La)","province":"SEVILLA","postalCode":"41590","schedule":"L-S: 07:00-22:00","fuels":{"gasoline95":1.709,"diesel":1.895,"dieselPremium":1.955},"extra":{"saleType":"P","margin":"I","reportingType":"OM","ideess":"7370","idMunicipio":"6139","idProvincia":"41","idCCAA":"01"}}},{"type":"Feature","geometry":{"type":"Point","coordinates":[-4.65425,37.206167]},"properties":{"id":"es-7386","source":"ES","brand":"DINERGIA","address":"CL PLAZA. CONSTITUCION, 14","municipality":"Alameda","province":"MÁLAGA","postalCode":"29530","schedule":"L-D: 09:00-14:00 y 17:00-20:00","fuels":{"gasoline95":1.639,"diesel":1.739,"dieselPremium":1.799},"extra":{"saleType":"P","margin":"D","reportingType":"dm","ideess":"7386","idMunicipio":"4455","idProvincia":"29","idCCAA":"01"}}},{"type":"Feature","geometry":{"type":"Point","coordinates":[-4.893333,37.228722]},"properties":{"id":"es-7392","source":"ES","brand":"REPSOL","address":"AVENIDA SANTO CRISTO, S/N, S/N","municipality":"Pedrera","province":"SEVILLA","postalCode":"41566","schedule":"L-D: 07:00-21:00","fuels":{"gasoline95":1.665,"diesel":1.855,"dieselPremium":1.965},"extra":{"saleType":"P","margin":"N","reportingType":"dm","ideess":"7392","idMunicipio":"6129","idProvincia":"41","idCCAA":"01"}}},{"type":"Feature","geometry":{"type":"Point","coordinates":[-4.391583,37.022389]},"properties":{"id":"es-7417","source":"ES","brand":"REPSOL","address":"CARRETERA A 359 KM. 17","municipality":"Villanueva del Rosario","province":"MÁLAGA","postalCode":"29312","schedule":"L-D: 24H","fuels":{"gasoline95":1.765,"gasoline98":1.885,"diesel":1.945,"dieselPremium":2.005},"extra":{"saleType":"P","margin":"D","reportingType":"OM","ideess":"7417","idMunicipio":"4551","idProvincia":"29","idCCAA":"01"}}},{"type":"Feature","geometry":{"type":"Point","coordinates":[-4.328306,37.069194]},"properties":{"id":"es-7429","source":"ES","brand":"REPSOL","address":"AUTOVIA MALAGA-GRANADA KM. 7","municipality":"Villanueva del Trabuco","province":"MÁLAGA","postalCode":"29313","schedule":"L-D: 24H","fuels":{"gasoline95":1.785,"gasoline98":1.905,"diesel":1.959,"dieselPremium":2.019,"adblue":1.2},"extra":{"saleType":"P","margin":"I","reportingType":"dm","ideess":"7429","idMunicipio":"4552","idProvincia":"29","idCCAA":"01"}}},{"type":"Feature","geometry":{"type":"Point","coordinates":[-4.883389,37.298667]},"properties":{"id":"es-7442","source":"ES","brand":"REPSOL","address":"CL AVDA. BADIA POLESINE , 49","municipality":"Estepa","province":"SEVILLA","postalCode":"41560","schedule":"L-D: 24H","fuels":{"gasoline95":1.739,"gasoline98":1.919,"diesel":1.899,"dieselPremium":1.989},"extra":{"saleType":"P","margin":"I","reportingType":"dm","ideess":"7442","idMunicipio":"6097","idProvincia":"41","idCCAA":"01"}}},{"type":"Feature","geometry":{"type":"Point","coordinates":[-4.438,37.481333]},"properties":{"id":"es-8053","source":"ES","brand":"MOEVE","address":"CARRETERA ANDUJAR-LUCENA KM. 103,9","municipality":"Cabra","province":"CÓRDOBA","postalCode":"14940","schedule":"L-D: 07:00-22:00","fuels":{"gasoline95":1.745,"gasoline98":1.887,"diesel":1.936,"dieselPremium":1.985,"dieselB":1.746,"adblue":1.155},"extra":{"saleType":"P","margin":"D","reportingType":"dm","ideess":"8053","idMunicipio":"2055","idProvincia":"14","idCCAA":"01"}}},{"type":"Feature","geometry":{"type":"Point","coordinates":[-4.822333,37.864583]},"properties":{"id":"es-8057","source":"ES","brand":"BP AEROPUERTO","address":"CARRETERA AEROPUERTO KM. 3700","municipality":"Córdoba","province":"CÓRDOBA","postalCode":"14005","schedule":"L-D: 24H","fuels":{"gasoline95":1.749,"gasoline98":1.889,"diesel":1.925,"dieselPremium":2.015,"lpg":1.099,"adblue":0.999},"extra":{"saleType":"P","margin":"D","reportingType":"dm","ideess":"8057","idMunicipio":"2063","idProvincia":"14","idCCAA":"01"}}},{"type":"Feature","geometry":{"type":"Point","coordinates":[-4.442917,37.177389]},"properties":{"id":"es-8109","source":"ES","brand":"AGLA","address":"AVENIDA DEL OLIVAR, 9","municipality":"Villanueva de Algaidas","province":"MÁLAGA","postalCode":"29310","schedule":"L-S: 07:00-21:00; D: 08:00-14:00","fuels":{"gasoline95":1.664,"diesel":1.719,"dieselB":1.318},"extra":{"saleType":"P","margin":"N","reportingType":"dm","ideess":"8109","idMunicipio":"4549","idProvincia":"29","idCCAA":"01"}}},{"type":"Feature","geometry":{"type":"Point","coordinates":[-4.972361,37.602583]},"properties":{"id":"es-8308","source":"ES","brand":"EL EMPALME","address":"CRTA. MADRID CADIZ - A4 (CTRA. MADRID-CADIZ - A4 km 441,5)","municipality":"Carlota (La)","province":"CÓRDOBA","postalCode":"14100","schedule":"L-D: 06:00-23:00","fuels":{"gasoline95":1.679,"diesel":1.779,"lpg":1.039,"adblue":0.84},"extra":{"saleType":"P","margin":"N","reportingType":"dm","ideess":"8308","idMunicipio":"2059","idProvincia":"14","idCCAA":"01"}}},{"type":"Feature","geometry":{"type":"Point","coordinates":[-4.482583,37.419694]},"properties":{"id":"es-8357","source":"ES","brand":"SHELL","address":"CARRETERA DE CABRA Nº 31","municipality":"Lucena","province":"CÓRDOBA","postalCode":"14900","schedule":"L-D: 06:00-00:00","fuels":{"gasoline95":1.749,"gasoline98":1.889,"diesel":1.919,"dieselPremium":1.999,"adblue":1.25},"extra":{"saleType":"P","margin":"N","reportingType":"OM","ideess":"8357","idMunicipio":"2080","idProvincia":"14","idCCAA":"01"}}},{"type":"Feature","geometry":{"type":"Point","coordinates":[-4.512111,37.044917]},"properties":{"id":"es-8465","source":"ES","brand":"SHELL","address":"CARRETERA N-331 KM. 124","municipality":"Antequera","province":"MÁLAGA","postalCode":"29200","schedule":"L-D: 06:00-00:00","fuels":{"gasoline95":1.784,"gasoline98":1.924,"diesel":1.944,"dieselPremium":2.024,"lpg":1.029,"adblue":1.25},"extra":{"saleType":"P","margin":"D","reportingType":"OM","ideess":"8465","idMunicipio":"4469","idProvincia":"29","idCCAA":"01"}}},{"type":"Feature","geometry":{"type":"Point","coordinates":[-4.417639,37.267972]},"properties":{"id":"es-9128","source":"ES","brand":"S.C.A.A. NTRA. SEÑORA DEL CARMEN","address":"AVENIDA DE JUAN XXII, S/N","municipality":"Cuevas de San Marcos","province":"MÁLAGA","postalCode":"29210","schedule":"L-D: 07:00-22:30","fuels":{"gasoline95":1.533,"diesel":1.654,"dieselB":1.318,"adblue":0.85},"extra":{"saleType":"P","margin":"D","reportingType":"dm","ideess":"9128","idMunicipio":"4502","idProvincia":"29","idCCAA":"01"}}},{"type":"Feature","geometry":{"type":"Point","coordinates":[-4.277639,37.986278]},"properties":{"id":"es-9227","source":"ES","brand":"SUYLAVIR","address":"POLIGONO LA ESTRELLA, 11","municipality":"Villa del Río","province":"CÓRDOBA","postalCode":"14940","schedule":"L-V: 07:00-21:30; S: 08:00-14:00","fuels":{"diesel":1.789,"adblue":0.998},"extra":{"saleType":"P","margin":"N","reportingType":"dm","ideess":"9227","idMunicipio":"2108","idProvincia":"14","idCCAA":"01"}}},{"type":"Feature","geometry":{"type":"Point","coordinates":[-4.4805,37.414083]},"properties":{"id":"es-9231","source":"ES","brand":"COOPERATIVA LUCENA","address":"AVENIDA DE LA INFANCIA, 15","municipality":"Lucena","province":"CÓRDOBA","postalCode":"14900","schedule":"L-D: 06:00-23:00","fuels":{"gasoline95":1.579,"diesel":1.699,"dieselB":1.299,"adblue":0.6},"extra":{"saleType":"P","margin":"I","reportingType":"dm","ideess":"9231","idMunicipio":"2080","idProvincia":"14","idCCAA":"01"}}},{"type":"Feature","geometry":{"type":"Point","coordinates":[-4.040806,37.186833]},"properties":{"id":"es-9259","source":"ES","brand":"BP HUETOR TAJAR","address":"CARRETERA VENTA NUEVA KM. 0,1","municipality":"Huétor Tájar","province":"GRANADA","postalCode":"18360","schedule":"L-D: 06:00-23:00","fuels":{"gasoline95":1.739,"gasoline98":1.882,"diesel":1.869,"dieselPremium":1.971,"adblue":0.949},"extra":{"saleType":"P","margin":"D","reportingType":"dm","ideess":"9259","idMunicipio":"2756","idProvincia":"18","idCCAA":"01"}}},{"type":"Feature","geometry":{"type":"Point","coordinates":[-4.793667,37.377861]},"properties":{"id":"es-9277","source":"ES","brand":"ENERGY LA VARIANTE","address":"CARRETERA ESTEPA-GUADIX KM. 12","municipality":"Puente Genil","province":"CÓRDOBA","postalCode":"14500","schedule":"L-D: 06:00-22:00","fuels":{"gasoline95":1.689,"diesel":1.829,"dieselPremium":1.859,"dieselB":1.499,"adblue":0.899},"extra":{"saleType":"P","margin":"I","reportingType":"dm","ideess":"9277","idMunicipio":"2098","idProvincia":"14","idCCAA":"01"}}},{"type":"Feature","geometry":{"type":"Point","coordinates":[-4.969861,37.603472]},"properties":{"id":"es-9286","source":"ES","brand":"SHELL","address":"AUTOVIA MADRID-SEVILLA km 441,500","municipality":"Écija","province":"SEVILLA","postalCode":"41400","schedule":"L-D: 07:00-23:00","fuels":{"gasoline95":1.749,"diesel":1.969,"dieselPremium":1.989,"adblue":0.864},"extra":{"saleType":"P","margin":"I","reportingType":"dm","ideess":"9286","idMunicipio":"6095","idProvincia":"41","idCCAA":"01"}}},{"type":"Feature","geometry":{"type":"Point","coordinates":[-4.801167,37.275778]},"properties":{"id":"es-9308","source":"ES","brand":"SHELL","address":"AUTOVIA A 92 km 113.700","municipality":"Estepa","province":"SEVILLA","postalCode":"41560","schedule":"L-D: 06:00-00:00","fuels":{"gasoline95":1.734,"diesel":1.914,"dieselPremium":1.994,"adblue":1.25},"extra":{"saleType":"P","margin":"I","reportingType":"OM","ideess":"9308","idMunicipio":"6097","idProvincia":"41","idCCAA":"01"}}},{"type":"Feature","geometry":{"type":"Point","coordinates":[-4.6615,37.124167]},"properties":{"id":"es-9386","source":"ES","brand":"S.COOP.AND. AGRÍCOLA VIRGEN DE LA OLIVA","address":"AVENIDA DE LAS AMÉRICAS, 35","municipality":"Mollina","province":"MÁLAGA","postalCode":"29532","schedule":"L-D: 08:00-20:00","fuels":{"gasoline95":1.614,"diesel":1.778,"dieselB":1.29},"extra":{"saleType":"P","margin":"D","reportingType":"dm","ideess":"9386","idMunicipio":"4526","idProvincia":"29","idCCAA":"01"}}},{"type":"Feature","geometry":{"type":"Point","coordinates":[-4.054083,37.500528]},"properties":{"id":"es-9401","source":"ES","brand":"23ESO68F","address":"SAN JOSE - LA RABITA km 8,9","municipality":"Alcalá la Real","province":"JAÉN","postalCode":"23684","schedule":"L: 07:00-23:00","fuels":{"gasoline95":1.608,"gasoline98":1.799,"diesel":1.759,"dieselB":1.499},"extra":{"saleType":"P","margin":"D","reportingType":"dm","ideess":"9401","idMunicipio":"3497","idProvincia":"23","idCCAA":"01"}}},{"type":"Feature","geometry":{"type":"Point","coordinates":[-4.961,37.108472]},"properties":{"id":"es-9445","source":"ES","brand":"SHELL","address":"POLIGONO LAS MAJADAS INDUSTRIAL, S/N","municipality":"Martín de la Jara","province":"SEVILLA","postalCode":"41658","schedule":"L-D: 00:00-23:59","fuels":{"gasoline95":1.659,"gasoline98":1.829,"diesel":1.798,"dieselPremium":1.879},"extra":{"saleType":"P","margin":"D","reportingType":"dm","ideess":"9445","idMunicipio":"6119","idProvincia":"41","idCCAA":"01"}}},{"type":"Feature","geometry":{"type":"Point","coordinates":[-4.693306,37.133194]},"properties":{"id":"es-9491","source":"ES","brand":"ÁREA 117 DIR. MÁLAGA","address":"CARRETERA A-92 KM. 138,2","municipality":"Humilladero","province":"MÁLAGA","postalCode":"29531","schedule":"L-D: 24H","fuels":{"gasoline95":1.669,"diesel":1.799,"dieselPremium":1.839,"adblue":0.799},"extra":{"saleType":"P","margin":"D","reportingType":"dm","ideess":"9491","idMunicipio":"4513","idProvincia":"29","idCCAA":"01"}}},{"type":"Feature","geometry":{"type":"Point","coordinates":[-4.327167,37.048]},"properties":{"id":"es-9560","source":"ES","brand":"OLIVARERA TRABUCO","address":"CARRETERA A-7203 KM. 2,2","municipality":"Villanueva del Trabuco","province":"MÁLAGA","postalCode":"29313","schedule":"L-D: 06:00-00:00","fuels":{"gasoline95":1.555,"diesel":1.755,"dieselB":1.399,"adblue":0.695},"extra":{"saleType":"P","margin":"N","reportingType":"dm","ideess":"9560","idMunicipio":"4552","idProvincia":"29","idCCAA":"01"}}},{"type":"Feature","geometry":{"type":"Point","coordinates":[-4.056806,37.198778]},"properties":{"id":"es-9640","source":"ES","brand":"COMBUSTIBLES GOMEZ","address":"CARRETERA DE LA ESTACION KM. 1","municipality":"Huétor Tájar","province":"GRANADA","postalCode":"18360","schedule":"L-D: 06:30-22:30","fuels":{"gasoline95":1.679,"gasoline98":1.799,"diesel":1.779,"dieselB":1.419},"extra":{"saleType":"P","margin":"N","reportingType":"dm","ideess":"9640","idMunicipio":"2756","idProvincia":"18","idCCAA":"01"}}},{"type":"Feature","geometry":{"type":"Point","coordinates":[-4.565361,37.021833]},"properties":{"id":"es-9780","source":"ES","brand":"ASC CARBURANTES","address":"ALAMEDA DE ANDALUCÍA, 42","municipality":"Antequera","province":"MÁLAGA","postalCode":"29200","schedule":"L-D: 24H","fuels":{"gasoline95":1.699,"diesel":1.789,"adblue":0.89},"extra":{"saleType":"P","margin":"N","reportingType":"dm","ideess":"9780","idMunicipio":"4469","idProvincia":"29","idCCAA":"01"}}},{"type":"Feature","geometry":{"type":"Point","coordinates":[-4.989111,37.1035]},"properties":{"id":"es-9788","source":"ES","brand":"CEPSA-LA DEHESA S.C.A.","address":"POLIGONO INDUSTRIAL LOS BALDIOS, S/N","municipality":"Corrales (Los)","province":"SEVILLA","postalCode":"41657","schedule":"L-D: 24H","fuels":{"gasoline95":1.57,"diesel":1.7,"dieselB":1.33},"extra":{"saleType":"P","margin":"N","reportingType":"dm","ideess":"9788","idMunicipio":"6092","idProvincia":"41","idCCAA":"01"}}},{"type":"Feature","geometry":{"type":"Point","coordinates":[-4.842472,37.570278]},"properties":{"id":"es-9834","source":"ES","brand":"REPSOL","address":"CALZADA CIRCUNVALACION, S/N","municipality":"Santaella","province":"CÓRDOBA","postalCode":"14546","schedule":"L-D: 06:00-23:00","fuels":{"gasoline95":1.709,"diesel":1.899,"dieselPremium":1.999,"dieselB":1.562},"extra":{"saleType":"P","margin":"D","reportingType":"OM","ideess":"9834","idMunicipio":"2103","idProvincia":"14","idCCAA":"01"}}},{"type":"Feature","geometry":{"type":"Point","coordinates":[-4.128139,37.157667]},"properties":{"id":"es-9837","source":"ES","brand":"SAN ISIDRO SCA","address":"POLIGONO MANZANIL II CALLE TRIGO, 1","municipality":"Loja","province":"GRANADA","postalCode":"18300","schedule":"L-D: 24H","fuels":{"gasoline95":1.505,"diesel":1.665,"dieselPremium":1.702,"dieselB":1.373,"adblue":0.569},"extra":{"saleType":"P","margin":"D","reportingType":"dm","ideess":"9837","idMunicipio":"2772","idProvincia":"18","idCCAA":"01"}}},{"type":"Feature","geometry":{"type":"Point","coordinates":[-4.731889,37.609444]},"properties":{"id":"es-9878","source":"ES","brand":"CEPSA","address":"CALLE CARRERA BAJA, 6","municipality":"Rambla (La)","province":"CÓRDOBA","postalCode":"14540","schedule":"L-D: 24H","fuels":{"diesel":1.747,"dieselB":1.217},"extra":{"saleType":"P","margin":"D","reportingType":"dm","ideess":"9878","idMunicipio":"2099","idProvincia":"14","idCCAA":"01"}}}]}