{"type":"FeatureCollection","features":[{"type":"Feature","geometry":{"type":"Point","coordinates":[-8.570861,42.4535]},"properties":{"id":"es-10055","source":"ES","brand":"MOEVE","address":"CALLE TENORIO, 1","municipality":"Cotobade","province":"PONTEVEDRA","postalCode":"36120","schedule":"L: 07:00-23:00","fuels":{"gasoline95":1.776,"gasoline98":1.906,"diesel":1.939,"dieselPremium":2.029,"adblue":1.0},"extra":{"saleType":"P","margin":"D","reportingType":"dm","ideess":"10055","idMunicipio":"5279","idProvincia":"36","idCCAA":"12"}}},{"type":"Feature","geometry":{"type":"Point","coordinates":[-8.496056,42.687944]},"properties":{"id":"es-10212","source":"ES","brand":"BP","address":"AVENIDA PONTEVEDRA, 24","municipality":"Estrada (A)","province":"PONTEVEDRA","postalCode":"36680","schedule":"L-D: 24H","fuels":{"gasoline95":1.769,"gasoline98":1.909,"diesel":1.939,"dieselPremium":2.029},"extra":{"saleType":"P","margin":"D","reportingType":"dm","ideess":"10212","idMunicipio":"5284","idProvincia":"36","idCCAA":"12"}}},{"type":"Feature","geometry":{"type":"Point","coordinates":[-8.093972,42.31425]},"properties":{"id":"es-10366","source":"ES","brand":"MOEVE","address":"AUTOVIA A52 km 249","municipality":"Ribadavia","province":"OURENSE","postalCode":"32400","schedule":"L-D: 24H","fuels":{"gasoline95":1.799,"gasoline98":1.919,"diesel":1.949,"dieselPremium":2.029},"extra":{"saleType":"P","margin":"D","reportingType":"OM","ideess":"10366","idMunicipio":"4937","idProvincia":"32","idCCAA":"12"}}},{"type":"Feature","geometry":{"type":"Point","coordinates":[-8.476417,42.145444]},"properties":{"id":"es-10367","source":"ES","brand":"CEPSA","address":"AUTOVIA A52 km 292","municipality":"Ponteareas","province":"PONTEVEDRA","postalCode":"36860","schedule":"L-D: 24H","fuels":{"gasoline95":1.769,"gasoline98":1.879,"diesel":1.929,"dieselPremium":2.029},"extra":{"saleType":"P","margin":"I","reportingType":"OM","ideess":"10367","idMunicipio":"5307","idProvincia":"36","idCCAA":"12"}}},{"type":"Feature","geometry":{"type":"Point","coordinates":[-8.355833,42.601972]},"properties":{"id":"es-10535","source":"ES","brand":"COAFOR","address":"RUA REGUEIRA, 47","municipality":"Forcarei","province":"PONTEVEDRA","postalCode":"36550","schedule":"L-V: 09:00-20:00; S: 09:00-14:00","fuels":{"gasoline95":1.599,"diesel":1.659,"dieselB":1.449,"adblue":0.699},"extra":{"saleType":"P","margin":"I","reportingType":"dm","ideess":"10535","idMunicipio":"5285","idProvincia":"36","idCCAA":"12"}}},{"type":"Feature","geometry":{"type":"Point","coordinates":[-8.187722,42.615444]},"properties":{"id":"es-10636","source":"ES","brand":"CEPSA","address":"CARRETERA  PO -200 km 9,950","municipality":"Lalín","province":"PONTEVEDRA","postalCode":"36519","schedule":"L: 7:30-23:00","fuels":{"gasoline95":1.789,"gasoline98":1.919,"diesel":1.899,"dieselPremium":1.979,"dieselB":1.729},"extra":{"saleType":"P","margin":"D","reportingType":"dm","ideess":"10636","idMunicipio":"5291","idProvincia":"36","idCCAA":"12"}}},{"type":"Feature","geometry":{"type":"Point","coordinates":[-8.186694,42.645556]},"properties":{"id":"es-10649","source":"ES","brand":"CAMPODEZA, S.C.G.","address":"LUGAR GRESANDE-GRESANDE, S/N","municipality":"Lalín","province":"PONTEVEDRA","postalCode":"36519","schedule":"L-D: 08:00-00:00","fuels":{"gasoline95":1.599,"diesel":1.699,"dieselB":1.359},"extra":{"saleType":"P","margin":"D","reportingType":"dm","ideess":"10649","idMunicipio":"5291","idProvincia":"36","idCCAA":"12"}}},{"type":"Feature","geometry":{"type":"Point","coordinates":[-8.17125,42.930583]},"properties":{"id":"es-10654","source":"ES","brand":"E.S.TEIRABOA","address":"PARQUE EMPRESARIAL, 1","municipality":"Arzúa","province":"CORUÑA (A)","postalCode":"15810","schedule":"L-D: 24H","fuels":{"gasoline95":1.759,"gasoline98":1.899,"diesel":1.829,"dieselPremium":1.899,"adblue":0.799},"extra":{"saleType":"P","margin":"D","reportingType":"dm","ideess":"10654","idMunicipio":"2123","idProvincia":"15","idCCAA":"12"}}},{"type":"Feature","geometry":{"type":"Point","coordinates":[-8.7295,42.707639]},"properties":{"id":"es-10659","source":"ES","brand":"STAROIL BARBANZA","address":"AUTOVIA BARBANZA KM. 7,7","municipality":"Dodro","province":"CORUÑA (A)","postalCode":"15981","schedule":"L-D: 24H","fuels":{"gasoline95":1.728,"gasoline98":1.799,"diesel":1.848,"dieselPremium":1.899,"adblue":1.099},"extra":{"saleType":"P","margin":"D","reportingType":"dm","ideess":"10659","idMunicipio":"2151","idProvincia":"15","idCCAA":"12"}}},{"type":"Feature","geometry":{"type":"Point","coordinates":[-8.618528,42.350056]},"properties":{"id":"es-10748","source":"ES","brand":"BP BLANCO (MI)","address":"LUGAR PAREDES, 32,33","municipality":"Vilaboa","province":"PONTEVEDRA","postalCode":"36141","schedule":"L-D: 07:00-23:00","fuels":{"gasoline95":1.779,"diesel":1.959,"dieselPremium":2.049},"extra":{"saleType":"P","margin":"I","reportingType":"OM","ideess":"10748","idMunicipio":"5326","idProvincia":"36","idCCAA":"12"}}},{"type":"Feature","geometry":{"type":"Point","coordinates":[-8.638028,42.528861]},"properties":{"id":"es-10817","source":"ES","brand":"REPSOL","address":"CARRERA SAN ANTONIÑO  (N 550 - KM 107), 56","municipality":"Barro","province":"PONTEVEDRA","postalCode":"36191","schedule":"L-V: 07:00-22:30; S-D: 09:00-21:00","fuels":{"gasoline95":1.789,"diesel":1.929,"dieselPremium":1.999},"extra":{"saleType":"P","margin":"I","reportingType":"dm","ideess":"10817","idMunicipio":"5270","idProvincia":"36","idCCAA":"12"}}},{"type":"Feature","geometry":{"type":"Point","coordinates":[-8.801444,42.162306]},"properties":{"id":"es-10881","source":"ES","brand":"REPSOL","address":"CARRETERA PO552 KM. 7,40","municipality":"Nigrán","province":"PONTEVEDRA","postalCode":"36391","schedule":"L-D: 07:00-23:00","fuels":{"gasoline95":1.786,"gasoline98":1.916,"diesel":1.946,"dieselPremium":2.066},"extra":{"saleType":"P","margin":"I","reportingType":"OM","ideess":"10881","idMunicipio":"5302","idProvincia":"36","idCCAA":"12"}}},{"type":"Feature","geometry":{"type":"Point","coordinates":[-8.529611,42.897917]},"properties":{"id":"es-10882","source":"ES","brand":"REPSOL","address":"AVENIDA DO CRUCEIRO DA CORUÑA, 77","municipality":"Santiago de Compostela","province":"CORUÑA (A)","postalCode":"15705","schedule":"L-D: 07:00-20:00","fuels":{"gasoline95":1.83,"gasoline98":1.98,"diesel":1.96,"dieselRenewable":2.08},"extra":{"saleType":"P","margin":"D","reportingType":"OM","ideess":"10882","idMunicipio":"2196","idProvincia":"15","idCCAA":"12"}}},{"type":"Feature","geometry":{"type":"Point","coordinates":[-8.500111,42.170389]},"properties":{"id":"es-10916","source":"ES","brand":"MOEVE","address":"CARRETERA REDONDELA KM. 1","municipality":"Ponteareas","province":"PONTEVEDRA","postalCode":"36860","schedule":"L-D: 06:30-23:00","fuels":{"gasoline95":1.715,"diesel":1.849,"dieselPremium":1.929},"extra":{"saleType":"P","margin":"D","reportingType":"dm","ideess":"10916","idMunicipio":"5307","idProvincia":"36","idCCAA":"12"}}},{"type":"Feature","geometry":{"type":"Point","coordinates":[-8.792639,42.509389]},"properties":{"id":"es-10917","source":"ES","brand":"STAROIL","address":"V.G4.2 km 3.5","municipality":"Cambados","province":"PONTEVEDRA","postalCode":"36630","schedule":"L-D: 06:00-00:00","fuels":{"gasoline95":1.728,"diesel":1.848,"dieselPremium":1.899,"adblue":1.099},"extra":{"saleType":"P","margin":"I","reportingType":"dm","ideess":"10917","idMunicipio":"5273","idProvincia":"36","idCCAA":"12"}}},{"type":"Feature","geometry":{"type":"Point","coordinates":[-8.004194,42.177417]},"properties":{"id":"es-11101","source":"ES","brand":"E.S. 2001","address":"OU-531 km 32,500","municipality":"Ramirás","province":"OURENSE","postalCode":"32593","schedule":"L-S: 07:00-23:00; D: 08:00-23:00","fuels":{"gasoline95":1.779,"gasoline98":1.879,"diesel":1.849,"dieselPremium":1.949,"adblue":1.0},"extra":{"saleType":"P","margin":"D","reportingType":"dm","ideess":"11101","idMunicipio":"4936","idProvincia":"32","idCCAA":"12"}}},{"type":"Feature","geometry":{"type":"Point","coordinates":[-8.422778,42.898944]},"properties":{"id":"es-11292","source":"ES","brand":"SHELL","address":"ACCESO AÉROPUERTO LAVACOLLA, S/N","municipality":"Santiago de Compostela","province":"CORUÑA (A)","postalCode":"15702","schedule":"L-D: 07:00-23:00","fuels":{"gasoline95":1.809,"gasoline98":1.969,"diesel":1.899,"dieselPremium":1.979},"extra":{"saleType":"P","margin":"D","reportingType":"dm","ideess":"11292","idMunicipio":"2196","idProvincia":"15","idCCAA":"12"}}},{"type":"Feature","geometry":{"type":"Point","coordinates":[-8.776167,42.812444]},"properties":{"id":"es-11443","source":"ES","brand":"GALP","address":"CARRETERA C-543 KM. 23","municipality":"Rois","province":"CORUÑA (A)","postalCode":"15282","schedule":"L-V: 07:00-23:00; S-D: 09:00-21:00","fuels":{"gasoline95":1.755,"diesel":1.888,"dieselPremium":2.064,"dieselB":1.755,"adblue":1.098},"extra":{"saleType":"P","margin":"I","reportingType":"dm","ideess":"11443","idMunicipio":"2192","idProvincia":"15","idCCAA":"12"}}},{"type":"Feature","geometry":{"type":"Point","coordinates":[-8.681889,42.255861]},"properties":{"id":"es-11461","source":"ES","brand":"E.SERVICIO TEIS P.R.","address":"AVENIDA GALICIA-TEIS, 165","municipality":"Vigo","province":"PONTEVEDRA","postalCode":"36216","schedule":"L-D: 07:00-23:00","fuels":{"gasoline95":1.679,"gasoline98":1.799,"diesel":1.799,"adblue":1.099},"extra":{"saleType":"P","margin":"D","reportingType":"dm","ideess":"11461","idMunicipio":"5324","idProvincia":"36","idCCAA":"12"}}},{"type":"Feature","geometry":{"type":"Point","coordinates":[-8.070833,42.306556]},"properties":{"id":"es-11578","source":"ES","brand":"REPSOL","address":"CARRETERA OU402 KM. 20","municipality":"Castrelo de Miño","province":"OURENSE","postalCode":"32430","schedule":"L-S: 08:30-21:00","fuels":{"gasoline95":1.745,"diesel":1.855,"dieselPremium":1.915,"dieselB":1.555},"extra":{"saleType":"P","margin":"N","reportingType":"dm","ideess":"11578","idMunicipio":"4892","idProvincia":"32","idCCAA":"12"}}},{"type":"Feature","geometry":{"type":"Point","coordinates":[-8.759639,42.926639]},"properties":{"id":"es-11726","source":"ES","brand":"SHELL","address":"CARRETERA AC546 KM. 0,062","municipality":"Baña (A)","province":"CORUÑA (A)","postalCode":"15837","schedule":"L-D: 07:00-23:00","fuels":{"gasoline95":1.799,"gasoline98":1.959,"diesel":1.899,"dieselPremium":1.979,"dieselB":1.639},"extra":{"saleType":"P","margin":"I","reportingType":"dm","ideess":"11726","idMunicipio":"2124","idProvincia":"15","idCCAA":"12"}}},{"type":"Feature","geometry":{"type":"Point","coordinates":[-8.662,42.041278]},"properties":{"id":"es-11917","source":"ES","brand":"OUTLETUI","address":"POLIGONO AREAS, 53","municipality":"Tui","province":"PONTEVEDRA","postalCode":"36711","schedule":"L-D: 08:00-22:00","fuels":{"gasoline95":1.609,"diesel":1.679},"extra":{"saleType":"P","margin":"N","reportingType":"dm","ideess":"11917","idMunicipio":"5322","idProvincia":"36","idCCAA":"12"}}},{"type":"Feature","geometry":{"type":"Point","coordinates":[-8.253111,42.688083]},"properties":{"id":"es-12123","source":"ES","brand":"AIRA SILLEDA","address":"CARRETERA DE SIADOR KM. 1","municipality":"Silleda","province":"PONTEVEDRA","postalCode":"36540","schedule":"L-V: 09:00-14:00 y 15:00-20:00; S-D: 10:00-14:00 y 16:00-20:00","fuels":{"gasoline95":1.639,"diesel":1.699,"dieselB":1.399},"extra":{"saleType":"P","margin":"N","reportingType":"dm","ideess":"12123","idMunicipio":"5319","idProvincia":"36","idCCAA":"12"}}},{"type":"Feature","geometry":{"type":"Point","coordinates":[-8.888111,42.798167]},"properties":{"id":"es-12359","source":"ES","brand":"EROSKI","address":"CARRETERA BARQUIÑA S/N KM. 2,5","municipality":"Noia","province":"CORUÑA (A)","postalCode":"15210","schedule":"L-S: 08:00-22:00","fuels":{"gasoline95":1.679,"diesel":1.774,"dieselPremium":1.784},"extra":{"saleType":"P","margin":"N","reportingType":"dm","ideess":"12359","idMunicipio":"2175","idProvincia":"15","idCCAA":"12"}}},{"type":"Feature","geometry":{"type":"Point","coordinates":[-8.123889,42.755083]},"properties":{"id":"es-12478","source":"ES","brand":"COBIDEZA","address":"LUGAR SANTA BAIA-CERCIO, S/N","municipality":"Lalín","province":"PONTEVEDRA","postalCode":"36596","schedule":"L-V: 09:30-14:00 y 16:00-19:00; S: 09:30-14:00","fuels":{"diesel":1.737,"dieselB":1.479},"extra":{"saleType":"P","margin":"N","reportingType":"dm","ideess":"12478","idMunicipio":"5291","idProvincia":"36","idCCAA":"12"}}},{"type":"Feature","geometry":{"type":"Point","coordinates":[-8.026028,42.774083]},"properties":{"id":"es-12533","source":"ES","brand":"SHELL","address":"CARRETERA PO-840 KM. 67,300","municipality":"Agolada","province":"PONTEVEDRA","postalCode":"36528","schedule":"L-D: 07:00-23:00","fuels":{"gasoline95":1.749,"gasoline98":1.869,"diesel":1.889,"dieselPremium":1.959,"dieselB":1.739,"lpg":1.099,"adblue":1.099},"extra":{"saleType":"P","margin":"D","reportingType":"dm","ideess":"12533","idMunicipio":"5267","idProvincia":"36","idCCAA":"12"}}},{"type":"Feature","geometry":{"type":"Point","coordinates":[-8.885833,42.665722]},"properties":{"id":"es-12538","source":"ES","brand":"SHELL","address":"CARRETERA CP-1105 KM. 14","municipality":"Boiro","province":"CORUÑA (A)","postalCode":"15937","schedule":"L-D: 06:00-22:00","fuels":{"gasoline95":1.839,"gasoline98":1.979,"diesel":1.919,"dieselPremium":1.999,"adblue":1.25},"extra":{"saleType":"P","margin":"D","reportingType":"OM","ideess":"12538","idMunicipio":"2128","idProvincia":"15","idCCAA":"12"}}},{"type":"Feature","geometry":{"type":"Point","coordinates":[-8.777139,42.519861]},"properties":{"id":"es-12586","source":"ES","brand":"REPSOL BUTANO","address":"RUA PEQUENA - CABANELAS, 2","municipality":"Ribadumia","province":"PONTEVEDRA","postalCode":"36636","schedule":"L-V: 09:00-13:30 y 15:30-18:00","fuels":{"lpg":1.119},"extra":{"saleType":"P","margin":"N","reportingType":"dm","ideess":"12586","idMunicipio":"5313","idProvincia":"36","idCCAA":"12"}}},{"type":"Feature","geometry":{"type":"Point","coordinates":[-8.520306,42.902278]},"properties":{"id":"es-12616","source":"ES","brand":"SBC","address":"CALLE CRUCEIRO DO, 228","municipality":"Santiago de Compostela","province":"CORUÑA (A)","postalCode":"15705","schedule":"L-D: 24H","fuels":{"gasoline95":1.619,"diesel":1.699,"adblue":0.799},"extra":{"saleType":"P","margin":"D","reportingType":"dm","ideess":"12616","idMunicipio":"2196","idProvincia":"15","idCCAA":"12"}}},{"type":"Feature","geometry":{"type":"Point","coordinates":[-8.81125,42.669417]},"properties":{"id":"es-12787","source":"ES","brand":"BP","address":"POLIGONO EMPRESARIAL-PARCELA 3, 3","municipality":"Rianxo","province":"CORUÑA (A)","postalCode":"15985","schedule":"L-D: 07:00-23:00","fuels":{"gasoline95":1.769,"gasoline98":1.929,"diesel":1.889,"dieselPremium":1.989,"adblue":1.399},"extra":{"saleType":"P","margin":"D","reportingType":"dm","ideess":"12787","idMunicipio":"2190","idProvincia":"15","idCCAA":"12"}}},{"type":"Feature","geometry":{"type":"Point","coordinates":[-8.821972,42.647722]},"properties":{"id":"es-12794","source":"ES","brand":"VALCARCE","address":"MUELLE PORTO DE RIANXO, S/N","municipality":"Rianxo","province":"CORUÑA (A)","postalCode":"15920","schedule":"L-V: 07:30-19:30; S-D: 08:00-16:00","fuels":{"gasoline95":1.769,"gasoline98":1.929,"diesel":1.859,"dieselPremium":1.929},"extra":{"saleType":"P","margin":"N","reportingType":"dm","ideess":"12794","idMunicipio":"2190","idProvincia":"15","idCCAA":"12"}}},{"type":"Feature","geometry":{"type":"Point","coordinates":[-8.890167,42.613556]},"properties":{"id":"es-12879","source":"ES","brand":"PETROCASH CABO DE CRUZ","address":"MUELLE BAJO MUELLE, S/N","municipality":"Boiro","province":"CORUÑA (A)","postalCode":"15939","schedule":"L-D: 07:00-23:00","fuels":{"gasoline95":1.699,"diesel":1.799},"extra":{"saleType":"P","margin":"N","reportingType":"dm","ideess":"12879","idMunicipio":"2128","idProvincia":"15","idCCAA":"12"}}},{"type":"Feature","geometry":{"type":"Point","coordinates":[-8.935417,42.609083]},"properties":{"id":"es-12910","source":"ES","brand":"AVIA","address":"MUELLE COMERCIAL, S/N","municipality":"Pobra do Caramiñal (A)","province":"CORUÑA (A)","postalCode":"15940","schedule":"L-D: 07:00-23:00","fuels":{"gasoline95":1.779,"gasoline98":1.919,"diesel":1.889,"dieselPremium":1.989},"extra":{"saleType":"P","margin":"D","reportingType":"dm","ideess":"12910","idMunicipio":"2185","idProvincia":"15","idCCAA":"12"}}},{"type":"Feature","geometry":{"type":"Point","coordinates":[-8.650583,42.211917]},"properties":{"id":"es-13106","source":"ES","brand":"REPSOL","address":"AVENIDA PEINADOR, 49","municipality":"Mos","province":"PONTEVEDRA","postalCode":"36416","schedule":"L-V: 06:00-23:00; S-D: 08:00-23:00","fuels":{"gasoline95":1.799,"gasoline98":1.959,"diesel":1.899,"dieselRenewable":1.999},"extra":{"saleType":"P","margin":"D","reportingType":"dm","ideess":"13106","idMunicipio":"5300","idProvincia":"36","idCCAA":"12"}}},{"type":"Feature","geometry":{"type":"Point","coordinates":[-8.625028,42.189944]},"properties":{"id":"es-13484","source":"ES","brand":"PEINADOR","address":"POLIGONO RUA ANEL DO PERRAL, 21","municipality":"Mos","province":"PONTEVEDRA","postalCode":"36416","schedule":"L-D: 06:00-23:30","fuels":{"gasoline95":1.648,"diesel":1.678,"adblue":0.839},"extra":{"saleType":"P","margin":"D","reportingType":"dm","ideess":"13484","idMunicipio":"5300","idProvincia":"36","idCCAA":"12"}}},{"type":"Feature","geometry":{"type":"Point","coordinates":[-8.018694,42.898917]},"properties":{"id":"es-13485","source":"ES","brand":"YETHI","address":"CARRETERA AC-840 KM. 52,350","municipality":"Melide","province":"CORUÑA (A)","postalCode":"15807","schedule":"L-D: 24H","fuels":{"gasoline95":1.755,"diesel":1.899,"adblue":0.89},"extra":{"saleType":"P","margin":"D","reportingType":"dm","ideess":"13485","idMunicipio":"2164","idProvincia":"15","idCCAA":"12"}}},{"type":"Feature","geometry":{"type":"Point","coordinates":[-8.751222,42.595139]},"properties":{"id":"es-13550","source":"ES","brand":"SUPECO","address":"CALLE PRIMERO DE MAYO, S/N, S/N","municipality":"Vilagarcía de Arousa","province":"PONTEVEDRA","postalCode":"36600","schedule":"L-S: 08:00-22:00","fuels":{"gasoline95":1.619,"diesel":1.689},"extra":{"saleType":"P","margin":"N","reportingType":"dm","ideess":"13550","idMunicipio":"5327","idProvincia":"36","idCCAA":"12"}}},{"type":"Feature","geometry":{"type":"Point","coordinates":[-8.812722,42.415417]},"properties":{"id":"es-13952","source":"ES","brand":"REPSOL","address":"LUGAR FONTOIRA-PADRIÑAN, 42","municipality":"Sanxenxo","province":"PONTEVEDRA","postalCode":"36960","schedule":"L-D: 24H","fuels":{"gasoline95":1.879,"gasoline98":2.059,"diesel":1.955,"dieselRenewable":2.069,"lpg":1.129,"adblue":1.465},"extra":{"saleType":"P","margin":"D","reportingType":"dm","ideess":"13952","idMunicipio":"5318","idProvincia":"36","idCCAA":"12"}}},{"type":"Feature","geometry":{"type":"Point","coordinates":[-8.50075,42.702972]},"properties":{"id":"es-13970","source":"ES","brand":"SBC","address":"CARRETERA PO 841 SANTIAGO LIMITE PROVINCIA A ESTRADA KM. 19,800","municipality":"Estrada (A)","province":"PONTEVEDRA","postalCode":"36680","schedule":"L-D: 24H","fuels":{"gasoline95":1.639,"diesel":1.719,"adblue":0.799},"extra":{"saleType":"P","margin":"N","reportingType":"dm","ideess":"13970","idMunicipio":"5284","idProvincia":"36","idCCAA":"12"}}},{"type":"Feature","geometry":{"type":"Point","coordinates":[-8.678333,42.513694]},"properties":{"id":"es-14010","source":"ES","brand":"ES RB","address":"POLIGONO PARQUE EMPRESARIAL BARRO -MEIS PARCELA A-1, 1","municipality":"Barro","province":"PONTEVEDRA","postalCode":"36191","schedule":"L-S: 06:00-23:00; D: 07:00-23:00","fuels":{"gasoline95":1.639,"gasoline98":1.749,"diesel":1.719,"dieselPremium":1.779,"adblue":0.92},"extra":{"saleType":"P","margin":"D","reportingType":"dm","ideess":"14010","idMunicipio":"5270","idProvincia":"36","idCCAA":"12"}}},{"type":"Feature","geometry":{"type":"Point","coordinates":[-8.250833,42.691028]},"properties":{"id":"es-14046","source":"ES","brand":"COBIDEZA","address":"CARRETERA PO-2205 KM. 21,4","municipality":"Silleda","province":"PONTEVEDRA","postalCode":"36540","schedule":"L-S: 09:00-14:00 y 16:00-20:00","fuels":{"gasoline95":1.639,"diesel":1.737,"dieselB":1.479},"extra":{"saleType":"P","margin":"N","reportingType":"dm","ideess":"14046","idMunicipio":"5319","idProvincia":"36","idCCAA":"12"}}},{"type":"Feature","geometry":{"type":"Point","coordinates":[-8.064417,42.428167]},"properties":{"id":"es-14108","source":"ES","brand":"BP","address":"RUA ANTIGUA DE OURENSE, 8","municipality":"Maside","province":"OURENSE","postalCode":"32570","schedule":"L-D: 07:00-23:00","fuels":{"gasoline95":1.769,"gasoline98":1.949,"diesel":1.849,"dieselPremium":1.959},"extra":{"saleType":"P","margin":"D","reportingType":"dm","ideess":"14108","idMunicipio":"4913","idProvincia":"32","idCCAA":"12"}}},{"type":"Feature","geometry":{"type":"Point","coordinates":[-8.583556,42.404333]},"properties":{"id":"es-14156","source":"ES","brand":"MOEVE","address":"POLIGONO O CAMPIÑO, 6","municipality":"Ponte Caldelas","province":"PONTEVEDRA","postalCode":"36828","schedule":"L-D: 24H","fuels":{"gasoline95":1.766,"diesel":1.93,"adblue":0.875},"extra":{"saleType":"P","margin":"D","reportingType":"dm","ideess":"14156","idMunicipio":"5306","idProvincia":"36","idCCAA":"12"}}},{"type":"Feature","geometry":{"type":"Point","coordinates":[-8.530944,42.100417]},"properties":{"id":"es-14169","source":"ES","brand":"CEPSA","address":"CARRETERA ATIOS A SALVATIERRA DE MIÑO KM. 10","municipality":"Salvaterra de Miño","province":"PONTEVEDRA","postalCode":"36458","schedule":"L-D: 06:00-23:00","fuels":{"gasoline95":1.679,"gasoline98":1.829,"diesel":1.829,"dieselPremium":1.929,"dieselB":1.699,"adblue":1.05},"extra":{"saleType":"P","margin":"D","reportingType":"dm","ideess":"14169","idMunicipio":"5317","idProvincia":"36","idCCAA":"12"}}},{"type":"Feature","geometry":{"type":"Point","coordinates":[-8.631167,42.603917]},"properties":{"id":"es-14301","source":"ES","brand":"PETROCASH","address":"CARRETERA N-640 KM. 224","municipality":"Caldas de Reis","province":"PONTEVEDRA","postalCode":"36653","schedule":"L-D: 07:00-23:00","fuels":{"gasoline95":1.639,"gasoline98":1.739,"diesel":1.699,"dieselPremium":1.749,"adblue":0.799},"extra":{"saleType":"P","margin":"D","reportingType":"dm","ideess":"14301","idMunicipio":"5272","idProvincia":"36","idCCAA":"12"}}},{"type":"Feature","geometry":{"type":"Point","coordinates":[-8.808694,42.525083]},"properties":{"id":"es-14349","source":"ES","brand":"SBC","address":"LUGAR LG AS LAXES - CORBILLON, S/N","municipality":"Cambados","province":"PONTEVEDRA","postalCode":"36634","schedule":"L-D: 24H","fuels":{"gasoline95":1.649,"diesel":1.729,"adblue":0.799},"extra":{"saleType":"P","margin":"D","reportingType":"dm","ideess":"14349","idMunicipio":"5273","idProvincia":"36","idCCAA":"12"}}},{"type":"Feature","geometry":{"type":"Point","coordinates":[-8.756306,42.595556]},"properties":{"id":"es-14363","source":"ES","brand":"ALCAMPO","address":"AVENIDA AS CAROLINAS, 25","municipality":"Vilagarcía de Arousa","province":"PONTEVEDRA","postalCode":"36600","schedule":"L-S: 08:00-23:00; D: 09:00-23:00","fuels":{"gasoline95":1.619,"gasoline98":1.719,"diesel":1.679,"dieselPremium":1.719},"extra":{"saleType":"P","margin":"N","reportingType":"dm","ideess":"14363","idMunicipio":"5327","idProvincia":"36","idCCAA":"12"}}},{"type":"Feature","geometry":{"type":"Point","coordinates":[-8.526528,42.917833]},"properties":{"id":"es-14600","source":"ES","brand":"NATURGY - SANTIAGO COMPOSTELA","address":"AVENIDA VIA LA CIERVA S/N, S/N","municipality":"Santiago de Compostela","province":"CORUÑA (A)","postalCode":"15890","schedule":"L-D: 24H","fuels":{"cng":1.612},"extra":{"saleType":"P","margin":"D","reportingType":"dm","ideess":"14600","idMunicipio":"2196","idProvincia":"15","idCCAA":"12"}}},{"type":"Feature","geometry":{"type":"Point","coordinates":[-8.5135,42.904778]},"properties":{"id":"es-14608","source":"ES","brand":"PETROPRIX","address":"RUA AMIO, 142","municipality":"Santiago de Compostela","province":"CORUÑA (A)","postalCode":"15898","schedule":"L-D: 24H","fuels":{"gasoline95":1.579,"diesel":1.687},"extra":{"saleType":"P","margin":"D","reportingType":"dm","ideess":"14608","idMunicipio":"2196","idProvincia":"15","idCCAA":"12"}}},{"type":"Feature","geometry":{"type":"Point","coordinates":[-8.826,42.549361]},"properties":{"id":"es-14609","source":"ES","brand":"GASOLINERA VILANOVA DE AROUSA","address":"CARRETERA PO-307 KM. 1,1","municipality":"Vilanova de Arousa","province":"PONTEVEDRA","postalCode":"36628","schedule":"L-D: 09:00-22:00","fuels":{"gasoline95":1.649,"diesel":1.699},"extra":{"saleType":"P","margin":"N","reportingType":"OM","ideess":"14609","idMunicipio":"5328","idProvincia":"36","idCCAA":"12"}}},{"type":"Feature","geometry":{"type":"Point","coordinates":[-8.796333,42.134056]},"properties":{"id":"es-14670","source":"ES","brand":"REPSOL","address":"RUA DAS PONTES-POL INDUSTRIAL PORTO DO MOLLE, S/N","municipality":"Nigrán","province":"PONTEVEDRA","postalCode":"36350","schedule":"L-D: 06:30-22:30","fuels":{"gasoline95":1.786,"gasoline98":1.916,"diesel":1.95,"dieselPremium":2.02,"lpg":1.125},"extra":{"saleType":"P","margin":"D","reportingType":"OM","ideess":"14670","idMunicipio":"5302","idProvincia":"36","idCCAA":"12"}}},{"type":"Feature","geometry":{"type":"Point","coordinates":[-8.518028,42.910528]},"properties":{"id":"es-14718","source":"ES","brand":"VALCARCE","address":"VÍA LUIS PASTEUR, 21/27","municipality":"Santiago de Compostela","province":"CORUÑA (A)","postalCode":"15890","schedule":"L-D: 05:30-22:30","fuels":{"gasoline95":1.809,"diesel":1.939,"dieselPremium":1.979,"dieselB":1.609,"adblue":0.799},"extra":{"saleType":"P","margin":"D","reportingType":"dm","ideess":"14718","idMunicipio":"2196","idProvincia":"15","idCCAA":"12"}}},{"type":"Feature","geometry":{"type":"Point","coordinates":[-8.754778,42.202278]},"properties":{"id":"es-14764","source":"ES","brand":"BALLENOIL","address":"CARRETERA CAMPOSANCOS KM. 0,47","municipality":"Vigo","province":"PONTEVEDRA","postalCode":"36213","schedule":"L-D: 24H","fuels":{"gasoline95":1.679,"diesel":1.759,"dieselPremium":1.779},"extra":{"saleType":"P","margin":"D","reportingType":"OM","ideess":"14764","idMunicipio":"5324","idProvincia":"36","idCCAA":"12"}}},{"type":"Feature","geometry":{"type":"Point","coordinates":[-8.500861,42.903083]},"properties":{"id":"es-14889","source":"ES","brand":"GALP&GO","address":"RUA PAIS VASCO, 6","municipality":"Santiago de Compostela","province":"CORUÑA (A)","postalCode":"15707","schedule":"L-S: 08:00-22:00","fuels":{"gasoline95":1.699,"diesel":1.798},"extra":{"saleType":"P","margin":"N","reportingType":"dm","ideess":"14889","idMunicipio":"2196","idProvincia":"15","idCCAA":"12"}}},{"type":"Feature","geometry":{"type":"Point","coordinates":[-8.812306,42.545667]},"properties":{"id":"es-14890","source":"ES","brand":"PLENERGY","address":"AVENIDA LUGAR CORES, 45","municipality":"Vilanova de Arousa","province":"PONTEVEDRA","postalCode":"36620","schedule":"L-D: 24H","fuels":{"gasoline95":1.639,"diesel":1.689},"extra":{"saleType":"P","margin":"N","reportingType":"dm","ideess":"14890","idMunicipio":"5328","idProvincia":"36","idCCAA":"12"}}},{"type":"Feature","geometry":{"type":"Point","coordinates":[-8.67025,42.705139]},"properties":{"id":"es-14930","source":"ES","brand":"PLENERGY","address":"LUGAR DE TORRE, 14","municipality":"Valga","province":"PONTEVEDRA","postalCode":"36647","schedule":"L-D: 24H","fuels":{"gasoline95":1.699,"diesel":1.739},"extra":{"saleType":"P","margin":"D","reportingType":"dm","ideess":"14930","idMunicipio":"5323","idProvincia":"36","idCCAA":"12"}}},{"type":"Feature","geometry":{"type":"Point","coordinates":[-8.809056,42.456639]},"properties":{"id":"es-14965","source":"ES","brand":"PLENERGY","address":"CALLE ALDEA AMEIRO, 1","municipality":"Meaño","province":"PONTEVEDRA","postalCode":"36967","schedule":"L-D: 24H","fuels":{"gasoline95":1.649,"diesel":1.739},"extra":{"saleType":"P","margin":"D","reportingType":"dm","ideess":"14965","idMunicipio":"5294","idProvincia":"36","idCCAA":"12"}}},{"type":"Feature","geometry":{"type":"Point","coordinates":[-8.509417,42.902556]},"properties":{"id":"es-15064","source":"ES","brand":"PLENERGY","address":"RUA POLONIA, 4","municipality":"Santiago de Compostela","province":"CORUÑA (A)","postalCode":"15707","schedule":"L-D: 24H","fuels":{"gasoline95":1.579,"diesel":1.687},"extra":{"saleType":"P","margin":"D","reportingType":"dm","ideess":"15064","idMunicipio":"2196","idProvincia":"15","idCCAA":"12"}}},{"type":"Feature","geometry":{"type":"Point","coordinates":[-8.5395,42.853667]},"properties":{"id":"es-15073","source":"ES","brand":"GV OIL","address":"RUA CASTIÑEIRIÑO, 110","municipality":"Santiago de Compostela","province":"CORUÑA (A)","postalCode":"15702","schedule":"L-D: 07:00-23:00","fuels":{"gasoline95":1.699,"gasoline98":1.789,"diesel":1.739,"dieselPremium":1.819,"lpg":0.887,"adblue":0.999},"extra":{"saleType":"P","margin":"D","reportingType":"dm","ideess":"15073","idMunicipio":"2196","idProvincia":"15","idCCAA":"12"}}},{"type":"Feature","geometry":{"type":"Point","coordinates":[-8.829278,42.549111]},"properties":{"id":"es-15100","source":"ES","brand":"MOEVE VILANOVA","address":"LUGAR O TERRON, 39","municipality":"Vilanova de Arousa","province":"PONTEVEDRA","postalCode":"36629","schedule":"L-D: 06:00-02:00","fuels":{"gasoline95":1.719,"gasoline98":1.889,"diesel":1.859,"dieselPremium":1.939,"adblue":1.2},"extra":{"saleType":"P","margin":"D","reportingType":"dm","ideess":"15100","idMunicipio":"5328","idProvincia":"36","idCCAA":"12"}}},{"type":"Feature","geometry":{"type":"Point","coordinates":[-8.620472,42.15375]},"properties":{"id":"es-15109","source":"ES","brand":"PLENERGY","address":"AVENIDA DOMINGO EL BUENO, 65","municipality":"Porriño (O)","province":"PONTEVEDRA","postalCode":"36400","schedule":"L-D: 24H","fuels":{"gasoline95":1.659,"diesel":1.679},"extra":{"saleType":"P","margin":"D","reportingType":"dm","ideess":"15109","idMunicipio":"5310","idProvincia":"36","idCCAA":"12"}}},{"type":"Feature","geometry":{"type":"Point","coordinates":[-8.4925,42.909778]},"properties":{"id":"es-15116","source":"ES","brand":"CEPSA","address":"RUA PAIS VASCO, 65","municipality":"Santiago de Compostela","province":"CORUÑA (A)","postalCode":"15707","schedule":"L-D: 24H","fuels":{"gasoline95":1.755,"gasoline98":1.938,"diesel":1.888,"dieselPremium":2.064,"dieselB":1.755,"lpg":0.988,"adblue":1.098},"extra":{"saleType":"P","margin":"D","reportingType":"dm","ideess":"15116","idMunicipio":"2196","idProvincia":"15","idCCAA":"12"}}},{"type":"Feature","geometry":{"type":"Point","coordinates":[-8.620833,42.134861]},"properties":{"id":"es-15121","source":"ES","brand":"EASYGAS PORRIÑO","address":"CARRETERA PO 510 KM. 0,350","municipality":"Porriño (O)","province":"PONTEVEDRA","postalCode":"36418","schedule":"L-D: 24H","fuels":{"gasoline95":1.659,"gasoline95Premium":1.659,"diesel":1.759,"dieselPremium":1.759,"adblue":0.949},"extra":{"saleType":"P","margin":"I","reportingType":"dm","ideess":"15121","idMunicipio":"5310","idProvincia":"36","idCCAA":"12"}}},{"type":"Feature","geometry":{"type":"Point","coordinates":[-8.609944,42.159056]},"properties":{"id":"es-15126","source":"ES","brand":"PETROPRIX","address":"AVENIDA ANTONIO PALACIOS, 133","municipality":"Porriño (O)","province":"PONTEVEDRA","postalCode":"36400","schedule":"L-D: 24H","fuels":{"gasoline95":1.659,"diesel":1.679},"extra":{"saleType":"P","margin":"N","reportingType":"dm","ideess":"15126","idMunicipio":"5310","idProvincia":"36","idCCAA":"12"}}},{"type":"Feature","geometry":{"type":"Point","coordinates":[-8.548222,42.798139]},"properties":{"id":"es-15149","source":"ES","brand":"REPSOL","address":"TRAVESÍA DA RAMALLOSA, 7","municipality":"Teo","province":"CORUÑA (A)","postalCode":"15883","schedule":"L: 07:00-23:00","fuels":{"gasoline95":1.809,"diesel":1.909,"adblue":1.339},"extra":{"saleType":"P","margin":"D","reportingType":"dm","ideess":"15149","idMunicipio":"2200","idProvincia":"15","idCCAA":"12"}}},{"type":"Feature","geometry":{"type":"Point","coordinates":[-8.760278,42.199083]},"properties":{"id":"es-15180","source":"ES","brand":"LAS PALMERAS","address":"CARRETERA MATAMA PAZO-COMESAÑA KM. 159","municipality":"Vigo","province":"PONTEVEDRA","postalCode":"36213","schedule":"L-D: 07:00-23:00","fuels":{"gasoline95":1.687,"gasoline98":1.807,"diesel":1.767,"dieselPremium":1.777,"adblue":1.099},"extra":{"saleType":"P","margin":"D","reportingType":"dm","ideess":"15180","idMunicipio":"5324","idProvincia":"36","idCCAA":"12"}}},{"type":"Feature","geometry":{"type":"Point","coordinates":[-8.698472,42.221639]},"properties":{"id":"es-15183","source":"ES","brand":"PLENERGY","address":"RUA DO GANDARON, 52","municipality":"Vigo","province":"PONTEVEDRA","postalCode":"36214","schedule":"L-D: 24H","fuels":{"gasoline95":1.659,"diesel":1.775},"extra":{"saleType":"P","margin":"D","reportingType":"dm","ideess":"15183","idMunicipio":"5324","idProvincia":"36","idCCAA":"12"}}},{"type":"Feature","geometry":{"type":"Point","coordinates":[-8.662417,42.206861]},"properties":{"id":"es-15185","source":"ES","brand":"PLENERGY","address":"AVENIDA DO REBULLÓN, 9","municipality":"Mos","province":"PONTEVEDRA","postalCode":"36416","schedule":"L-D: 24H","fuels":{"gasoline95":1.665,"diesel":1.795},"extra":{"saleType":"P","margin":"D","reportingType":"dm","ideess":"15185","idMunicipio":"5300","idProvincia":"36","idCCAA":"12"}}},{"type":"Feature","geometry":{"type":"Point","coordinates":[-8.665194,42.037]},"properties":{"id":"es-15193","source":"ES","brand":"GASLANDER","address":"CARRETERA ANTA KM. 1","municipality":"Tui","province":"PONTEVEDRA","postalCode":"36711","schedule":"L: 07:00-23:00","fuels":{"gasoline95":1.649,"diesel":1.719},"extra":{"saleType":"P","margin":"N","reportingType":"dm","ideess":"15193","idMunicipio":"5322","idProvincia":"36","idCCAA":"12"}}},{"type":"Feature","geometry":{"type":"Point","coordinates":[-8.5075,42.901861]},"properties":{"id":"es-15200","source":"ES","brand":"CARBUGAL SANTIAGO","address":"CALLE CASTELA E LEON, 5","municipality":"Santiago de Compostela","province":"CORUÑA (A)","postalCode":"15707","schedule":"L-D: 07:00-22:00","fuels":{"gasoline95":1.629,"diesel":1.699,"adblue":0.799},"extra":{"saleType":"P","margin":"N","reportingType":"dm","ideess":"15200","idMunicipio":"2196","idProvincia":"15","idCCAA":"12"}}},{"type":"Feature","geometry":{"type":"Point","coordinates":[-8.707528,42.215333]},"properties":{"id":"es-15242","source":"ES","brand":"PLENERGY","address":"CALLE ESTRADA DE MOLEDO, 2","municipality":"Vigo","province":"PONTEVEDRA","postalCode":"36214","schedule":"L-D: 24H","fuels":{"gasoline95":1.659,"diesel":1.775},"extra":{"saleType":"P","margin":"D","reportingType":"dm","ideess":"15242","idMunicipio":"5324","idProvincia":"36","idCCAA":"12"}}},{"type":"Feature","geometry":{"type":"Point","coordinates":[-8.664028,42.036694]},"properties":{"id":"es-15256","source":"ES","brand":"SBC","address":"CARRETERA SUBIDA A ANTA  7 KM. 7","municipality":"Tui","province":"PONTEVEDRA","postalCode":"36711","schedule":"L-D: 24H","fuels":{"gasoline95":1.649,"diesel":1.719,"adblue":0.619},"extra":{"saleType":"P","margin":"N","reportingType":"dm","ideess":"15256","idMunicipio":"5322","idProvincia":"36","idCCAA":"12"}}},{"type":"Feature","geometry":{"type":"Point","coordinates":[-8.7025,42.895278]},"properties":{"id":"es-15321","source":"ES","brand":"CLUN","address":"LUGAR PONTE MACEIRA, S/N","municipality":"Ames","province":"CORUÑA (A)","postalCode":"15864","schedule":"L-V: 07:00-21:00; S: 09:00-14:00","fuels":{"gasoline95":1.679,"diesel":1.789},"extra":{"saleType":"P","margin":"N","reportingType":"dm","ideess":"15321","idMunicipio":"2119","idProvincia":"15","idCCAA":"12"}}},{"type":"Feature","geometry":{"type":"Point","coordinates":[-8.998194,42.937083]},"properties":{"id":"es-15331","source":"ES","brand":"CLUN","address":"CARRETERA PICARAÑA KM. 38","municipality":"Mazaricos","province":"CORUÑA (A)","postalCode":"15256","schedule":"L-S: 09:00-20:30","fuels":{"diesel":1.789},"extra":{"saleType":"P","margin":"N","reportingType":"dm","ideess":"15331","idMunicipio":"2163","idProvincia":"15","idCCAA":"12"}}},{"type":"Feature","geometry":{"type":"Point","coordinates":[-8.773861,42.195556]},"properties":{"id":"es-15613","source":"ES","brand":"PETROPRIX","address":"AVENIDA RICARDO MELLA, 135","municipality":"Vigo","province":"PONTEVEDRA","postalCode":"36390","schedule":"L-D: 24H","fuels":{"gasoline95":1.679,"diesel":1.759},"extra":{"saleType":"P","margin":"D","reportingType":"dm","ideess":"15613","idMunicipio":"5324","idProvincia":"36","idCCAA":"12"}}},{"type":"Feature","geometry":{"type":"Point","coordinates":[-8.800389,42.134278]},"properties":{"id":"es-15625","source":"ES","brand":"PLENERGY","address":"RUA DAS PONTES, 2","municipality":"Nigrán","province":"PONTEVEDRA","postalCode":"36350","schedule":"L-D: 24H","fuels":{"gasoline95":1.669,"diesel":1.809},"extra":{"saleType":"P","margin":"D","reportingType":"dm","ideess":"15625","idMunicipio":"5302","idProvincia":"36","idCCAA":"12"}}},{"type":"Feature","geometry":{"type":"Point","coordinates":[-8.743556,42.213111]},"properties":{"id":"es-15684","source":"ES","brand":"AUTONETOIL","address":"AVENIDA FLORIDA, 145","municipality":"Vigo","province":"PONTEVEDRA","postalCode":"36210","schedule":"L-D: 24H","fuels":{"gasoline95":1.629,"diesel":1.779,"adblue":1.099},"extra":{"saleType":"P","margin":"D","reportingType":"dm","ideess":"15684","idMunicipio":"5324","idProvincia":"36","idCCAA":"12"}}},{"type":"Feature","geometry":{"type":"Point","coordinates":[-8.493139,42.909778]},"properties":{"id":"es-15719","source":"ES","brand":"MANZANEDA - SIONLLA","address":"RUA PAIS VASCO, 63","municipality":"Santiago de Compostela","province":"CORUÑA (A)","postalCode":"15707","schedule":"L-D: 07:00-22:00","fuels":{"cng":1.679,"lng":1.549},"extra":{"saleType":"P","margin":"D","reportingType":"dm","ideess":"15719","idMunicipio":"2196","idProvincia":"15","idCCAA":"12"}}},{"type":"Feature","geometry":{"type":"Point","coordinates":[-8.806,42.435278]},"properties":{"id":"es-15723","source":"ES","brand":"LOWXEN","address":"POLIGONO POLÍGONO DE NANTES, PARCELA 643, 643","municipality":"Sanxenxo","province":"PONTEVEDRA","postalCode":"36966","schedule":"L-D: 07:00-23:00","fuels":{"gasoline95":1.649,"gasoline98":1.749,"diesel":1.749,"dieselPremium":1.849,"adblue":0.77},"extra":{"saleType":"P","margin":"N","reportingType":"dm","ideess":"15723","idMunicipio":"5318","idProvincia":"36","idCCAA":"12"}}},{"type":"Feature","geometry":{"type":"Point","coordinates":[-8.7055,42.551306]},"properties":{"id":"es-15725","source":"ES","brand":"MOEVE","address":"CARRETERA PO-531 KM. 15,960","municipality":"Meis","province":"PONTEVEDRA","postalCode":"36616","schedule":"L-D: 07:00-23:00","fuels":{"gasoline95":1.759,"gasoline98":1.879,"diesel":1.899,"dieselPremium":1.959,"dieselB":1.629,"lpg":1.059,"adblue":0.99},"extra":{"saleType":"P","margin":"I","reportingType":"dm","ideess":"15725","idMunicipio":"5295","idProvincia":"36","idCCAA":"12"}}},{"type":"Feature","geometry":{"type":"Point","coordinates":[-8.774722,42.195472]},"properties":{"id":"es-15748","source":"ES","brand":"PLENERGY","address":"AVENIDA RICARDO MELLA, 220","municipality":"Vigo","province":"PONTEVEDRA","postalCode":"36330","schedule":"L-D: 24H","fuels":{"gasoline95":1.679,"diesel":1.759},"extra":{"saleType":"P","margin":"D","reportingType":"dm","ideess":"15748","idMunicipio":"5324","idProvincia":"36","idCCAA":"12"}}},{"type":"Feature","geometry":{"type":"Point","coordinates":[-8.797694,42.132917]},"properties":{"id":"es-15753","source":"ES","brand":"EROSKI","address":"RUA RUA DAS PONTES CON RUA DA BARREIRA, S/N (NIGRÁN) PONTEVEDRA (PARQUE COMERCIAL NASAS), S/N","municipality":"Nigrán","province":"PONTEVEDRA","postalCode":"36350","schedule":"L-D: 09:00-21:00","fuels":{"gasoline95":1.669,"diesel":1.819,"dieselPremium":1.919},"extra":{"saleType":"P","margin":"N","reportingType":"dm","ideess":"15753","idMunicipio":"5302","idProvincia":"36","idCCAA":"12"}}},{"type":"Feature","geometry":{"type":"Point","coordinates":[-8.812917,42.416083]},"properties":{"id":"es-15767","source":"ES","brand":"SBC SANXENXO","address":"ZONA LG. O VINQUIÑO S/N  -PADRIÑAN - SANXENXO, S/N","municipality":"Sanxenxo","province":"PONTEVEDRA","postalCode":"36969","schedule":"L-D: 24H","fuels":{"gasoline95":1.649,"diesel":1.729,"adblue":0.799},"extra":{"saleType":"P","margin":"N","reportingType":"dm","ideess":"15767","idMunicipio":"5318","idProvincia":"36","idCCAA":"12"}}},{"type":"Feature","geometry":{"type":"Point","coordinates":[-8.751528,42.20675]},"properties":{"id":"es-15818","source":"ES","brand":"PLENERGY","address":"AVENIDA DE LA FLORIDA, 154","municipality":"Vigo","province":"PONTEVEDRA","postalCode":"36213","schedule":"L-D: 24H","fuels":{"gasoline95":1.679,"diesel":1.759},"extra":{"saleType":"P","margin":"D","reportingType":"dm","ideess":"15818","idMunicipio":"5324","idProvincia":"36","idCCAA":"12"}}},{"type":"Feature","geometry":{"type":"Point","coordinates":[-8.528861,42.914444]},"properties":{"id":"es-15888","source":"ES","brand":"PLENERGY","address":"VÍA NOBEL, 13","municipality":"Santiago de Compostela","province":"CORUÑA (A)","postalCode":"15898","schedule":"L-D: 24H","fuels":{"gasoline95":1.639,"diesel":1.709},"extra":{"saleType":"P","margin":"D","reportingType":"dm","ideess":"15888","idMunicipio":"2196","idProvincia":"15","idCCAA":"12"}}},{"type":"Feature","geometry":{"type":"Point","coordinates":[-8.476556,42.145583]},"properties":{"id":"es-15942","source":"ES","brand":"MOLGAS","address":"AUTOVIA AUTOVIA DE LAS RIAS BAJAS KM. 290","municipality":"Ponteareas","province":"PONTEVEDRA","postalCode":"36860","schedule":"L-D: 00:00-23:59","fuels":{"lng":1.549},"extra":{"saleType":"P","margin":"D","reportingType":"dm","ideess":"15942","idMunicipio":"5307","idProvincia":"36","idCCAA":"12"}}},{"type":"Feature","geometry":{"type":"Point","coordinates":[-8.738111,42.224417]},"properties":{"id":"es-15978","source":"ES","brand":"PETROPRIX","address":"RUA RAMON SOLER, 5","municipality":"Vigo","province":"PONTEVEDRA","postalCode":"36208","schedule":"L-D: 24H","fuels":{"gasoline95":1.679,"diesel":1.759},"extra":{"saleType":"P","margin":"N","reportingType":"dm","ideess":"15978","idMunicipio":"5324","idProvincia":"36","idCCAA":"12"}}},{"type":"Feature","geometry":{"type":"Point","coordinates":[-8.719167,42.573389]},"properties":{"id":"es-15987","source":"ES","brand":"PLENERGY","address":"CARRETERA PO-531 KM. S/N","municipality":"Vilanova de Arousa","province":"PONTEVEDRA","postalCode":"36620","schedule":"L-D: 24H","fuels":{"gasoline95":1.629,"diesel":1.679},"extra":{"saleType":"P","margin":"D","reportingType":"dm","ideess":"15987","idMunicipio":"5328","idProvincia":"36","idCCAA":"12"}}},{"type":"Feature","geometry":{"type":"Point","coordinates":[-8.738972,42.223722]},"properties":{"id":"es-16004","source":"ES","brand":"GALEA","address":"CALLE ESTURÁNS (COIA), 1","municipality":"Vigo","province":"PONTEVEDRA","postalCode":"36330","schedule":"L: 24H","fuels":{"gasoline95":1.679,"diesel":1.759},"extra":{"saleType":"P","margin":"D","reportingType":"dm","ideess":"16004","idMunicipio":"5324","idProvincia":"36","idCCAA":"12"}}},{"type":"Feature","geometry":{"type":"Point","coordinates":[-8.704833,42.543917]},"properties":{"id":"es-16055","source":"ES","brand":"PETROPRIX","address":"CARRETERA PO-531 KM. 15","municipality":"Meis","province":"PONTEVEDRA","postalCode":"36616","schedule":"L-D: 24H","fuels":{"gasoline95":1.629,"diesel":1.679},"extra":{"saleType":"P","margin":"D","reportingType":"dm","ideess":"16055","idMunicipio":"5295","idProvincia":"36","idCCAA":"12"}}},{"type":"Feature","geometry":{"type":"Point","coordinates":[-8.491639,42.909139]},"properties":{"id":"es-16085","source":"ES","brand":"PLENERGY","address":"RUA DO PAIS VASCO, S/N","municipality":"Santiago de Compostela","province":"CORUÑA (A)","postalCode":"15890","schedule":"L-D: 24H","fuels":{"gasoline95":1.579,"diesel":1.687},"extra":{"saleType":"P","margin":"D","reportingType":"dm","ideess":"16085","idMunicipio":"2196","idProvincia":"15","idCCAA":"12"}}},{"type":"Feature","geometry":{"type":"Point","coordinates":[-8.240667,42.694556]},"properties":{"id":"es-16135","source":"ES","brand":"PLENERGY","address":"CARRETERA SILLEDA-CACHAFEIRO KM. S/N","municipality":"Silleda","province":"PONTEVEDRA","postalCode":"36547","schedule":"L-D: 24H","fuels":{"gasoline95":1.649,"diesel":1.747},"extra":{"saleType":"P","margin":"D","reportingType":"dm","ideess":"16135","idMunicipio":"5319","idProvincia":"36","idCCAA":"12"}}},{"type":"Feature","geometry":{"type":"Point","coordinates":[-8.619917,42.155806]},"properties":{"id":"es-16140","source":"ES","brand":"PLENERGY","address":"AVENIDA DOMINGO BUENO, 96","municipality":"Porriño (O)","province":"PONTEVEDRA","postalCode":"36400","schedule":"L-D: 24H","fuels":{"gasoline95":1.659,"diesel":1.679},"extra":{"saleType":"P","margin":"D","reportingType":"dm","ideess":"16140","idMunicipio":"5310","idProvincia":"36","idCCAA":"12"}}},{"type":"Feature","geometry":{"type":"Point","coordinates":[-8.997972,42.571583]},"properties":{"id":"es-16187","source":"ES","brand":"PLENERGY","address":"AVENIDA RAMIRO CARREGAL REY, S/N","municipality":"Ribeira","province":"CORUÑA (A)","postalCode":"15960","schedule":"L-D: 24H","fuels":{"gasoline95":1.729,"diesel":1.849},"extra":{"saleType":"P","margin":"D","reportingType":"dm","ideess":"16187","idMunicipio":"2191","idProvincia":"15","idCCAA":"12"}}},{"type":"Feature","geometry":{"type":"Point","coordinates":[-8.726944,42.215944]},"properties":{"id":"es-16188","source":"ES","brand":"PLENERGY","address":"BAIXADA/BAJADA Ó PONTILLÓN, S/N","municipality":"Vigo","province":"PONTEVEDRA","postalCode":"36210","schedule":"L-D: 24H","fuels":{"gasoline95":1.679,"diesel":1.759},"extra":{"saleType":"P","margin":"D","reportingType":"dm","ideess":"16188","idMunicipio":"5324","idProvincia":"36","idCCAA":"12"}}},{"type":"Feature","geometry":{"type":"Point","coordinates":[-8.659472,42.037472]},"properties":{"id":"es-16268","source":"ES","brand":"GUAY","address":"CARRETERA ANTA KM. 1","municipality":"Tui","province":"PONTEVEDRA","postalCode":"36700","schedule":"L-D: 06:00-23:00","fuels":{"gasoline95":1.649,"diesel":1.719,"dieselPremium":1.799,"adblue":0.799},"extra":{"saleType":"P","margin":"D","reportingType":"dm","ideess":"16268","idMunicipio":"5322","idProvincia":"36","idCCAA":"12"}}},{"type":"Feature","geometry":{"type":"Point","coordinates":[-8.605528,42.293111]},"properties":{"id":"es-16294","source":"ES","brand":"PLENERGY","address":"CALLE ESTRADA VELLA, S/N","municipality":"Redondela","province":"PONTEVEDRA","postalCode":"36818","schedule":"L-D: 24H","fuels":{"gasoline95":1.669,"diesel":1.825},"extra":{"saleType":"P","margin":"D","reportingType":"dm","ideess":"16294","idMunicipio":"5312","idProvincia":"36","idCCAA":"12"}}},{"type":"Feature","geometry":{"type":"Point","coordinates":[-8.796111,42.113778]},"properties":{"id":"es-16314","source":"ES","brand":"PLENERGY","address":"AVENIDA DE PORTUGAL, S/N","municipality":"Nigrán","province":"PONTEVEDRA","postalCode":"36370","schedule":"L-D: 24H","fuels":{"gasoline95":1.669,"diesel":1.829},"extra":{"saleType":"P","margin":"D","reportingType":"dm","ideess":"16314","idMunicipio":"5302","idProvincia":"36","idCCAA":"12"}}},{"type":"Feature","geometry":{"type":"Point","coordinates":[-8.502278,42.086139]},"properties":{"id":"es-16335","source":"ES","brand":"PLENERGY","address":"RUA DO MIÑO, 38","municipality":"Salvaterra de Miño","province":"PONTEVEDRA","postalCode":"36450","schedule":"L-D: 24H","fuels":{"gasoline95":1.629,"diesel":1.779},"extra":{"saleType":"P","margin":"D","reportingType":"dm","ideess":"16335","idMunicipio":"5317","idProvincia":"36","idCCAA":"12"}}},{"type":"Feature","geometry":{"type":"Point","coordinates":[-8.659944,42.431222]},"properties":{"id":"es-16365","source":"ES","brand":"STAROIL POIO","address":"CAMINO DAS BOCAS, 18","municipality":"Poio","province":"PONTEVEDRA","postalCode":"36994","schedule":"L-D: 24H","fuels":{"gasoline95":1.728,"gasoline98":1.799,"diesel":1.848,"dieselPremium":1.899,"adblue":1.099},"extra":{"saleType":"P","margin":"D","reportingType":"dm","ideess":"16365","idMunicipio":"5305","idProvincia":"36","idCCAA":"12"}}},{"type":"Feature","geometry":{"type":"Point","coordinates":[-8.820389,42.424472]},"properties":{"id":"es-16451","source":"ES","brand":"PLENERGY","address":"LUGAR FORXAN, S/N","municipality":"Sanxenxo","province":"PONTEVEDRA","postalCode":"36979","schedule":"L-D: 24H","fuels":{"gasoline95":1.639,"diesel":1.719},"extra":{"saleType":"P","margin":"D","reportingType":"dm","ideess":"16451","idMunicipio":"5318","idProvincia":"36","idCCAA":"12"}}},{"type":"Feature","geometry":{"type":"Point","coordinates":[-8.654083,42.50025]},"properties":{"id":"es-16462","source":"ES","brand":"BALLENOIL","address":"POLIGONO 232 PARC.161 SEQUEIROS, S/N","municipality":"Barro","province":"PONTEVEDRA","postalCode":"36692","schedule":"L-D: 24H","fuels":{"gasoline95":1.639,"diesel":1.689},"extra":{"saleType":"P","margin":"N","reportingType":"OM","ideess":"16462","idMunicipio":"5270","idProvincia":"36","idCCAA":"12"}}},{"type":"Feature","geometry":{"type":"Point","coordinates":[-8.619278,42.13125]},"properties":{"id":"es-16463","source":"ES","brand":"Q8","address":"CARRETERA PO 510 KM. 0,72","municipality":"Porriño (O)","province":"PONTEVEDRA","postalCode":"36418","schedule":"L-D: 24H","fuels":{"gasoline95":1.639,"diesel":1.739,"adblue":0.899},"extra":{"saleType":"P","margin":"D","reportingType":"dm","ideess":"16463","idMunicipio":"5310","idProvincia":"36","idCCAA":"12"}}},{"type":"Feature","geometry":{"type":"Point","coordinates":[-8.545361,42.811139]},"properties":{"id":"es-249","source":"ES","brand":"GV OIL","address":"CARRETERA C-541 KM. 6","municipality":"Teo","province":"CORUÑA (A)","postalCode":"15886","schedule":"L-V: 07:30-22:00; S-D: 08:00-22:00","fuels":{"gasoline95":1.699,"gasoline98":1.789,"diesel":1.739,"dieselPremium":1.819},"extra":{"saleType":"P","margin":"I","reportingType":"dm","ideess":"249","idMunicipio":"2200","idProvincia":"15","idCCAA":"12"}}},{"type":"Feature","geometry":{"type":"Point","coordinates":[-8.582556,42.849722]},"properties":{"id":"es-253","source":"ES","brand":"GALP","address":"POLIGONO HEDRAS, 13","municipality":"Ames","province":"CORUÑA (A)","postalCode":"15864","schedule":"L-S: 07:00-23:00; D: 08:00-22:00","fuels":{"gasoline95":1.789,"gasoline95Premium":1.839,"diesel":1.899,"dieselPremium":1.949,"adblue":0.799},"extra":{"saleType":"P","margin":"N","reportingType":"OM","ideess":"253","idMunicipio":"2119","idProvincia":"15","idCCAA":"12"}}},{"type":"Feature","geometry":{"type":"Point","coordinates":[-8.159111,42.675417]},"properties":{"id":"es-254","source":"ES","brand":"STAROIL","address":"POLIGONO POL. IND. LALIN 2000, S/N","municipality":"Lalín","province":"PONTEVEDRA","postalCode":"36500","schedule":"L-V: 07:00-23:00; S: 09:00-15:00","fuels":{"gasoline95":1.738,"diesel":1.858,"dieselPremium":1.899,"adblue":1.099},"extra":{"saleType":"P","margin":"N","reportingType":"dm","ideess":"254","idMunicipio":"5291","idProvincia":"36","idCCAA":"12"}}},{"type":"Feature","geometry":{"type":"Point","coordinates":[-8.625944,42.167972]},"properties":{"id":"es-255","source":"ES","brand":"FEGOBLAN SL-VALCARCE","address":"BARRIO SANGUIÑEDA, 139","municipality":"Mos","province":"PONTEVEDRA","postalCode":"36418","schedule":"L-D: 24H","fuels":{"gasoline95":1.779,"diesel":1.939,"adblue":0.87},"extra":{"saleType":"P","margin":"N","reportingType":"dm","ideess":"255","idMunicipio":"5300","idProvincia":"36","idCCAA":"12"}}},{"type":"Feature","geometry":{"type":"Point","coordinates":[-8.652722,42.463917]},"properties":{"id":"es-257","source":"ES","brand":"GVOIL","address":"C-531 PONTEVEDRA-VILLAGARCÍA km 3,5","municipality":"Pontevedra","province":"PONTEVEDRA","postalCode":"36157","schedule":"L-S: 07:00-23:00; D: 08:00-23:00","fuels":{"gasoline95":1.659,"gasoline98":1.769,"diesel":1.739,"dieselPremium":1.799,"adblue":0.899},"extra":{"saleType":"P","margin":"D","reportingType":"dm","ideess":"257","idMunicipio":"5309","idProvincia":"36","idCCAA":"12"}}},{"type":"Feature","geometry":{"type":"Point","coordinates":[-8.665083,42.156917]},"properties":{"id":"es-258","source":"ES","brand":"SERTUY - SAN COSME - CELA - MOS","address":"ESTRADA PORRIÑO-GOMDOMAR,200, ","municipality":"Mos","province":"PONTEVEDRA","postalCode":"36311","schedule":"L-V: 07:00-22:30; S-D: 07:30-22:30","fuels":{"gasoline95":1.699,"gasoline98":1.888,"diesel":1.797,"adblue":0.9},"extra":{"saleType":"P","margin":"D","reportingType":"dm","ideess":"258","idMunicipio":"5300","idProvincia":"36","idCCAA":"12"}}},{"type":"Feature","geometry":{"type":"Point","coordinates":[-8.459111,42.698139]},"properties":{"id":"es-259","source":"ES","brand":"GALP","address":"CTRA. N-640 (CTRA km 201,7)","municipality":"Estrada (A)","province":"PONTEVEDRA","postalCode":"36680","schedule":"L-D: 07:00-23:00","fuels":{"gasoline95":1.709,"gasoline98":1.859,"diesel":1.889,"dieselPremium":1.979,"dieselB":1.719,"adblue":0.99},"extra":{"saleType":"P","margin":"D","reportingType":"dm","ideess":"259","idMunicipio":"5284","idProvincia":"36","idCCAA":"12"}}},{"type":"Feature","geometry":{"type":"Point","coordinates":[-8.437722,42.900333]},"properties":{"id":"es-268","source":"ES","brand":"LA CARABELA","address":"LUGAR DO NOVAL, 1 - LAVACOLLA, 1","municipality":"Santiago de Compostela","province":"CORUÑA (A)","postalCode":"15890","schedule":"L-D: 06:00-00:00","fuels":{"gasoline95":1.726,"diesel":1.794,"dieselPremium":1.849,"adblue":0.999},"extra":{"saleType":"P","margin":"D","reportingType":"dm","ideess":"268","idMunicipio":"2196","idProvincia":"15","idCCAA":"12"}}},{"type":"Feature","geometry":{"type":"Point","coordinates":[-8.301694,42.728194]},"properties":{"id":"es-270","source":"ES","brand":"MOEVE","address":"ESTRADA XERAL, 3","municipality":"Silleda","province":"PONTEVEDRA","postalCode":"36570","schedule":"L-D: 07:00-23:00","fuels":{"gasoline95":1.759,"gasoline98":1.879,"diesel":1.899,"dieselPremium":1.959,"adblue":0.89},"extra":{"saleType":"P","margin":"D","reportingType":"dm","ideess":"270","idMunicipio":"5319","idProvincia":"36","idCCAA":"12"}}},{"type":"Feature","geometry":{"type":"Point","coordinates":[-8.631987,42.069626]},"properties":{"id":"es-271","source":"ES","brand":"SERTUY","address":"CTRA. NACIONAL 550, KM. 167,2","municipality":"Tui","province":"PONTEVEDRA","postalCode":"36720","schedule":"L-D: 07:00-23:00","fuels":{"gasoline95":1.739,"diesel":1.797,"dieselPremium":1.799,"lpg":1.095,"adblue":0.99},"extra":{"saleType":"P","margin":"D","reportingType":"dm","ideess":"271","idMunicipio":"5322","idProvincia":"36","idCCAA":"12"}}},{"type":"Feature","geometry":{"type":"Point","coordinates":[-8.696861,42.221417]},"properties":{"id":"es-275","source":"ES","brand":"BYE","address":"CALLE ALCALDE LAVADORES, 64","municipality":"Vigo","province":"PONTEVEDRA","postalCode":"36214","schedule":"L-D: 07:00-23:00","fuels":{"gasoline95":1.699,"gasoline98":1.799,"diesel":1.799},"extra":{"saleType":"P","margin":"D","reportingType":"dm","ideess":"275","idMunicipio":"5324","idProvincia":"36","idCCAA":"12"}}},{"type":"Feature","geometry":{"type":"Point","coordinates":[-8.611028,42.185861]},"properties":{"id":"es-279","source":"ES","brand":"EL SOL","address":"ESTRADA ESTRADA PORRIÑO- REDONDELA, 76","municipality":"Mos","province":"PONTEVEDRA","postalCode":"36418","schedule":"L-D: 07:00-23:00","fuels":{"gasoline95":1.729,"gasoline98":1.869,"diesel":1.849,"adblue":1.05},"extra":{"saleType":"P","margin":"D","reportingType":"dm","ideess":"279","idMunicipio":"5300","idProvincia":"36","idCCAA":"12"}}},{"type":"Feature","geometry":{"type":"Point","coordinates":[-8.65325,42.464056]},"properties":{"id":"es-282","source":"ES","brand":"GVOIL","address":"C-531 PONTEVEDRA-VILLAGARCÍA km 3,5","municipality":"Pontevedra","province":"PONTEVEDRA","postalCode":"36157","schedule":"L-S: 07:00-23:00; D: 08:00-23:00","fuels":{"gasoline95":1.659,"gasoline98":1.769,"diesel":1.739,"dieselPremium":1.799,"adblue":0.899},"extra":{"saleType":"P","margin":"I","reportingType":"dm","ideess":"282","idMunicipio":"5309","idProvincia":"36","idCCAA":"12"}}},{"type":"Feature","geometry":{"type":"Point","coordinates":[-8.678694,42.407]},"properties":{"id":"es-284","source":"ES","brand":"HAFESA OIL","address":"RUA LIÑARES, 5","municipality":"Pontevedra","province":"PONTEVEDRA","postalCode":"36153","schedule":"L-D: 06:00-23:00","fuels":{"gasoline95":1.649,"gasoline95Premium":1.659,"diesel":1.769,"dieselPremium":1.769,"adblue":0.899},"extra":{"saleType":"P","margin":"I","reportingType":"dm","ideess":"284","idMunicipio":"5309","idProvincia":"36","idCCAA":"12"}}},{"type":"Feature","geometry":{"type":"Point","coordinates":[-8.832389,42.681417]},"properties":{"id":"es-287","source":"ES","brand":"VALCARCE","address":"LUGAR OUROLO, 73","municipality":"Rianxo","province":"CORUÑA (A)","postalCode":"15920","schedule":"L-D: 06:30-22:30","fuels":{"gasoline95":1.769,"gasoline98":1.929,"diesel":1.859,"dieselPremium":1.929,"adblue":0.799},"extra":{"saleType":"P","margin":"I","reportingType":"dm","ideess":"287","idMunicipio":"2190","idProvincia":"15","idCCAA":"12"}}},{"type":"Feature","geometry":{"type":"Point","coordinates":[-8.697111,42.582472]},"properties":{"id":"es-290","source":"ES","brand":"CKM","address":"LUGAR CALCOTE-GODOS, S/N","municipality":"Caldas de Reis","province":"PONTEVEDRA","postalCode":"36615","schedule":"L-D: 07:00-23:00","fuels":{"gasoline95":1.759,"gasoline98":1.859,"diesel":1.835,"dieselPremium":1.925,"adblue":0.99},"extra":{"saleType":"P","margin":"I","reportingType":"dm","ideess":"290","idMunicipio":"5272","idProvincia":"36","idCCAA":"12"}}},{"type":"Feature","geometry":{"type":"Point","coordinates":[-8.462111,42.142028]},"properties":{"id":"es-291","source":"ES","brand":"LA PARADA - VALCARCE","address":"AUTOVIA A-52 SALIDA 291, CRTA PONTEAREAS-AS NEVES , km PO- KM. 291","municipality":"Salvaterra de Miño","province":"PONTEVEDRA","postalCode":"36459","schedule":"L-D: 24H","fuels":{"gasoline95":1.739,"gasoline98":1.899,"diesel":1.879,"dieselPremium":1.979,"dieselB":1.655},"extra":{"saleType":"P","margin":"I","reportingType":"dm","ideess":"291","idMunicipio":"5317","idProvincia":"36","idCCAA":"12"}}},{"type":"Feature","geometry":{"type":"Point","coordinates":[-8.832556,42.443222]},"properties":{"id":"es-293","source":"ES","brand":"ES OUTON","address":"AVENIDA CRUCEIRO, 38","municipality":"Sanxenxo","province":"PONTEVEDRA","postalCode":"36960","schedule":"L-D: 07:00-23:00","fuels":{"gasoline95":1.679,"gasoline98":1.889,"diesel":1.799,"dieselPremium":1.869,"dieselB":1.549,"adblue":0.977},"extra":{"saleType":"P","margin":"I","reportingType":"dm","ideess":"293","idMunicipio":"5318","idProvincia":"36","idCCAA":"12"}}},{"type":"Feature","geometry":{"type":"Point","coordinates":[-8.631472,42.069528]},"properties":{"id":"es-295","source":"ES","brand":"SERTUY","address":"CTRA. NACIONAL 550, KM. 167,2","municipality":"Tui","province":"PONTEVEDRA","postalCode":"36720","schedule":"L-D: 24H","fuels":{"gasoline95":1.739,"gasoline98":1.92,"diesel":1.797,"lpg":1.095,"adblue":0.99},"extra":{"saleType":"P","margin":"I","reportingType":"dm","ideess":"295","idMunicipio":"5322","idProvincia":"36","idCCAA":"12"}}},{"type":"Feature","geometry":{"type":"Point","coordinates":[-8.751222,42.95725]},"properties":{"id":"es-296","source":"ES","brand":"CEPSA","address":"CARRETERA CTRA. LC-444 KM. 2,7","municipality":"Baña (A)","province":"CORUÑA (A)","postalCode":"15863","schedule":"L-D: 08:00-22:00","fuels":{"gasoline95":1.839,"diesel":1.869,"dieselPremium":1.959,"dieselB":1.759},"extra":{"saleType":"P","margin":"I","reportingType":"dm","ideess":"296","idMunicipio":"2124","idProvincia":"15","idCCAA":"12"}}},{"type":"Feature","geometry":{"type":"Point","coordinates":[-8.66725,42.596722]},"properties":{"id":"es-297","source":"ES","brand":"PETROCASH SAIAR","address":"CARRETERA N640 (CALDAS-VILAGARCIA) KM. 227,900","municipality":"Caldas de Reis","province":"PONTEVEDRA","postalCode":"36659","schedule":"L: 07:00-23:00","fuels":{"gasoline95":1.639,"gasoline98":1.739,"diesel":1.699,"dieselPremium":1.749,"lpg":0.999,"adblue":0.799},"extra":{"saleType":"P","margin":"I","reportingType":"dm","ideess":"297","idMunicipio":"5272","idProvincia":"36","idCCAA":"12"}}},{"type":"Feature","geometry":{"type":"Point","coordinates":[-8.272528,42.16675]},"properties":{"id":"es-298","source":"ES","brand":"E.S.VALEIXE","address":"LUGAR MIÑOTEIRA, S/N","municipality":"Cañiza (A)","province":"PONTEVEDRA","postalCode":"36883","schedule":"L-D: 07:00-23:00","fuels":{"gasoline95":1.749,"gasoline98":1.899,"diesel":1.859},"extra":{"saleType":"P","margin":"N","reportingType":"dm","ideess":"298","idMunicipio":"5276","idProvincia":"36","idCCAA":"12"}}},{"type":"Feature","geometry":{"type":"Point","coordinates":[-8.751972,42.3385]},"properties":{"id":"es-300","source":"ES","brand":"SHELL","address":"LUGAR SABARIGO, S/N","municipality":"Bueu","province":"PONTEVEDRA","postalCode":"36939","schedule":"L-D: 06:00-23:00","fuels":{"gasoline95":1.799,"gasoline98":1.899,"diesel":1.849,"dieselPremium":1.899,"lpg":0.999,"adblue":0.999},"extra":{"saleType":"P","margin":"I","reportingType":"dm","ideess":"300","idMunicipio":"5271","idProvincia":"36","idCCAA":"12"}}},{"type":"Feature","geometry":{"type":"Point","coordinates":[-8.767139,42.503028]},"properties":{"id":"es-301","source":"ES","brand":"E.S. PEIBAR BARRANTES","address":"AVENIDA CARRETERA CALDAS REYES A NOALLA, 7,5","municipality":"Ribadumia","province":"PONTEVEDRA","postalCode":"36636","schedule":"L-D: 07:00-23:00","fuels":{"gasoline95":1.729,"gasoline95E10":1.729,"gasoline98":1.869,"diesel":1.799,"dieselPremium":1.899,"dieselB":1.629},"extra":{"saleType":"P","margin":"I","reportingType":"dm","ideess":"301","idMunicipio":"5313","idProvincia":"36","idCCAA":"12"}}},{"type":"Feature","geometry":{"type":"Point","coordinates":[-8.840056,42.114111]},"properties":{"id":"es-320","source":"ES","brand":"REPSOL","address":"AVENIDA SANTA MARTA, 10","municipality":"Baiona","province":"PONTEVEDRA","postalCode":"36300","schedule":"L-D: 07:00-23:00","fuels":{"gasoline95":1.785,"gasoline98":1.915,"diesel":1.949,"dieselPremium":2.029,"adblue":1.3},"extra":{"saleType":"P","margin":"I","reportingType":"dm","ideess":"320","idMunicipio":"5269","idProvincia":"36","idCCAA":"12"}}},{"type":"Feature","geometry":{"type":"Point","coordinates":[-8.166444,42.793361]},"properties":{"id":"es-325","source":"ES","brand":"REPSOL","address":"CALLE VÁZQUEZ, 39","municipality":"Vila de Cruces","province":"PONTEVEDRA","postalCode":"36590","schedule":"L-D: 07:00-23:00","fuels":{"gasoline95":1.76,"diesel":1.916,"dieselPremium":2.006},"extra":{"saleType":"P","margin":"D","reportingType":"OM","ideess":"325","idMunicipio":"5325","idProvincia":"36","idCCAA":"12"}}},{"type":"Feature","geometry":{"type":"Point","coordinates":[-8.496806,42.084444]},"properties":{"id":"es-327","source":"ES","brand":"MOEVE","address":"RUA ROSALIA DE CASTRO, 56","municipality":"Salvaterra de Miño","province":"PONTEVEDRA","postalCode":"36450","schedule":"L-S: 07:00-23:00; D: 08:00-23:00","fuels":{"gasoline95":1.779,"gasoline98":1.899,"diesel":1.93,"dieselPremium":2.039},"extra":{"saleType":"P","margin":"D","reportingType":"dm","ideess":"327","idMunicipio":"5317","idProvincia":"36","idCCAA":"12"}}},{"type":"Feature","geometry":{"type":"Point","coordinates":[-8.641306,42.488667]},"properties":{"id":"es-330","source":"ES","brand":"CAMPSA","address":"CALLE HERMIDA N-550 KM 111,9, 2","municipality":"Pontevedra","province":"PONTEVEDRA","postalCode":"36152","schedule":"L-D: 07:00-23:00","fuels":{"gasoline95":1.78,"gasoline98":1.93,"diesel":1.91,"dieselPremium":2.006},"extra":{"saleType":"P","margin":"I","reportingType":"OM","ideess":"330","idMunicipio":"5309","idProvincia":"36","idCCAA":"12"}}},{"type":"Feature","geometry":{"type":"Point","coordinates":[-8.705167,42.220056]},"properties":{"id":"es-335","source":"ES","brand":"REPSOL","address":"AVENIDA MADRID, 137","municipality":"Vigo","province":"PONTEVEDRA","postalCode":"36214","schedule":"L-D: 07:00-23:00","fuels":{"gasoline95":1.76,"gasoline98":1.89,"diesel":1.926,"dieselPremium":2.046},"extra":{"saleType":"P","margin":"D","reportingType":"OM","ideess":"335","idMunicipio":"5324","idProvincia":"36","idCCAA":"12"}}},{"type":"Feature","geometry":{"type":"Point","coordinates":[-8.267611,42.207083]},"properties":{"id":"es-336","source":"ES","brand":"REPSOL","address":"CARRETERA CARRETERA CAÑIZA - CRECIENTE S/N KM. 0,50","municipality":"Cañiza (A)","province":"PONTEVEDRA","postalCode":"36880","schedule":"L-D: 24H","fuels":{"gasoline95":1.78,"gasoline98":1.91,"diesel":1.96,"dieselPremium":2.03,"lpg":1.105},"extra":{"saleType":"P","margin":"D","reportingType":"OM","ideess":"336","idMunicipio":"5276","idProvincia":"36","idCCAA":"12"}}},{"type":"Feature","geometry":{"type":"Point","coordinates":[-8.754376,42.226792]},"properties":{"id":"es-338","source":"ES","brand":"REPSOL","address":"CL EXPLANADA DE BOUZAS (2ª GLORIETA","municipality":"Vigo","province":"PONTEVEDRA","postalCode":"36208","schedule":"L-D: 06:30-22:30","fuels":{"gasoline95":1.776,"gasoline98":1.906,"diesel":1.94,"dieselRenewable":2.06,"lpg":1.139,"cng":1.609},"extra":{"saleType":"P","margin":"D","reportingType":"OM","ideess":"338","idMunicipio":"5324","idProvincia":"36","idCCAA":"12"}}},{"type":"Feature","geometry":{"type":"Point","coordinates":[-8.268056,42.215667]},"properties":{"id":"es-339","source":"ES","brand":"REPSOL","address":"CARRETERA CR N 120 KM. 613,70","municipality":"Cañiza (A)","province":"PONTEVEDRA","postalCode":"36880","schedule":"L-D: 07:00-23:00","fuels":{"gasoline95":1.759,"diesel":1.939,"dieselPremium":2.029,"dieselB":1.669},"extra":{"saleType":"P","margin":"I","reportingType":"dm","ideess":"339","idMunicipio":"5276","idProvincia":"36","idCCAA":"12"}}},{"type":"Feature","geometry":{"type":"Point","coordinates":[-8.628889,42.358611]},"properties":{"id":"es-342","source":"ES","brand":"CEPSA","address":"CARRETERA NACIONAL 550 KM. 131","municipality":"Vilaboa","province":"PONTEVEDRA","postalCode":"36141","schedule":"L-D: 07:00-23:00","fuels":{"gasoline95":1.719,"gasoline98":1.879,"diesel":1.869,"dieselPremium":1.969},"extra":{"saleType":"P","margin":"D","reportingType":"dm","ideess":"342","idMunicipio":"5326","idProvincia":"36","idCCAA":"12"}}},{"type":"Feature","geometry":{"type":"Point","coordinates":[-8.626639,42.444]},"properties":{"id":"es-343","source":"ES","brand":"BALLENOIL","address":"URBANIZACIÓN MONTEPORREIRO PARCELA CC-2 C/ITALIA CON C/ FRANCIA, S/N","municipality":"Pontevedra","province":"PONTEVEDRA","postalCode":"36162","schedule":"L-D: 24H","fuels":{"gasoline95":1.579,"gasoline95Premium":1.589,"diesel":1.579,"dieselPremium":1.589},"extra":{"saleType":"P","margin":"D","reportingType":"OM","ideess":"343","idMunicipio":"5309","idProvincia":"36","idCCAA":"12"}}},{"type":"Feature","geometry":{"type":"Point","coordinates":[-8.673583,42.436472]},"properties":{"id":"es-344","source":"ES","brand":"REPSOL","address":"AVENIDA ENCOIRADOS, S/N","municipality":"Poio","province":"PONTEVEDRA","postalCode":"36994","schedule":"L-D: 07:00-23:00","fuels":{"gasoline95":1.839,"diesel":1.939,"dieselRenewable":2.039,"lpg":1.129,"adblue":0.999},"extra":{"saleType":"P","margin":"I","reportingType":"dm","ideess":"344","idMunicipio":"5305","idProvincia":"36","idCCAA":"12"}}},{"type":"Feature","geometry":{"type":"Point","coordinates":[-8.702472,42.216361]},"properties":{"id":"es-345","source":"ES","brand":"MOEVE","address":"AVDA. MADRID, 73","municipality":"Vigo","province":"PONTEVEDRA","postalCode":"36214","schedule":"L-D: 07:00-23:00","fuels":{"gasoline95":1.836,"gasoline98":1.957,"diesel":1.97,"dieselPremium":2.048},"extra":{"saleType":"P","margin":"I","reportingType":"dm","ideess":"345","idMunicipio":"5324","idProvincia":"36","idCCAA":"12"}}},{"type":"Feature","geometry":{"type":"Point","coordinates":[-8.743,42.289]},"properties":{"id":"es-347","source":"ES","brand":"SANCHILAN","address":"CARRETERA PO-313 KM. 14,911","municipality":"Moaña","province":"PONTEVEDRA","postalCode":"36950","schedule":"L-D: 07:00-22:00","fuels":{"gasoline95":1.715,"gasoline98":1.799,"diesel":1.825},"extra":{"saleType":"P","margin":"D","reportingType":"dm","ideess":"347","idMunicipio":"5296","idProvincia":"36","idCCAA":"12"}}},{"type":"Feature","geometry":{"type":"Point","coordinates":[-8.245722,42.704444]},"properties":{"id":"es-348","source":"ES","brand":"REPSOL","address":"AVENIDA RECINTO FERIAL, 1","municipality":"Silleda","province":"PONTEVEDRA","postalCode":"36540","schedule":"L: 07:00-00:00","fuels":{"gasoline95":1.766,"gasoline98":1.896,"diesel":1.926,"dieselPremium":1.996,"dieselB":1.686},"extra":{"saleType":"P","margin":"D","reportingType":"OM","ideess":"348","idMunicipio":"5319","idProvincia":"36","idCCAA":"12"}}},{"type":"Feature","geometry":{"type":"Point","coordinates":[-8.643694,42.233417]},"properties":{"id":"es-349","source":"ES","brand":"SIS CARBURANTES","address":"AVDA. AEROPORTO (CTRA. N-556 km 6,300)","municipality":"Vigo","province":"PONTEVEDRA","postalCode":"36318","schedule":"L-D: 07:00-23:00","fuels":{"gasoline95":1.679,"gasoline98":1.929,"diesel":1.799,"dieselPremium":1.899,"adblue":0.989},"extra":{"saleType":"P","margin":"N","reportingType":"dm","ideess":"349","idMunicipio":"5324","idProvincia":"36","idCCAA":"12"}}},{"type":"Feature","geometry":{"type":"Point","coordinates":[-8.1235,42.31775]},"properties":{"id":"es-351","source":"ES","brand":"GALP","address":"CTRA. OR-210 km 3,800","municipality":"Beade","province":"OURENSE","postalCode":"32431","schedule":"L-V: 07:00-22:00; S: 07:00-14:00","fuels":{"gasoline95":1.799,"gasoline98":1.899,"diesel":1.889,"dieselPremium":1.929},"extra":{"saleType":"P","margin":"N","reportingType":"dm","ideess":"351","idMunicipio":"4881","idProvincia":"32","idCCAA":"12"}}},{"type":"Feature","geometry":{"type":"Point","coordinates":[-8.057944,42.425806]},"properties":{"id":"es-353","source":"ES","brand":"MOEVE","address":"N-541 km 24,7","municipality":"Maside","province":"OURENSE","postalCode":"32570","schedule":"L-D: 07:00-23:00","fuels":{"gasoline95":1.749,"gasoline98":1.869,"diesel":1.879,"dieselPremium":1.929,"lpg":1.059,"adblue":0.899},"extra":{"saleType":"P","margin":"I","reportingType":"dm","ideess":"353","idMunicipio":"4913","idProvincia":"32","idCCAA":"12"}}},{"type":"Feature","geometry":{"type":"Point","coordinates":[-8.671833,42.5625]},"properties":{"id":"es-356","source":"ES","brand":"REPSOL","address":"AUTOPISTA A-9 KM. 114","municipality":"Portas","province":"PONTEVEDRA","postalCode":"36658","schedule":"L-D: 24H","fuels":{"gasoline95":1.81,"gasoline98":1.94,"diesel":1.946,"dieselPremium":2.016},"extra":{"saleType":"P","margin":"I","reportingType":"OM","ideess":"356","idMunicipio":"5311","idProvincia":"36","idCCAA":"12"}}},{"type":"Feature","geometry":{"type":"Point","coordinates":[-8.744972,42.498528]},"properties":{"id":"es-358","source":"ES","brand":"GALP","address":"VÍA RAPIDA G 41 km 5,580","municipality":"Sanxenxo","province":"PONTEVEDRA","postalCode":"36637","schedule":"L-D: 24H","fuels":{"gasoline95":1.754,"gasoline95Premium":1.804,"diesel":1.894,"dieselPremium":1.944,"adblue":0.799},"extra":{"saleType":"P","margin":"D","reportingType":"OM","ideess":"358","idMunicipio":"5318","idProvincia":"36","idCCAA":"12"}}},{"type":"Feature","geometry":{"type":"Point","coordinates":[-8.697987,42.223098]},"properties":{"id":"es-361","source":"ES","brand":"GALP","address":"C/Alcalde de Lavadores","municipality":"Vigo","province":"PONTEVEDRA","postalCode":"36214","schedule":"L-D: 07:00-22:00","fuels":{"gasoline95":1.704,"gasoline95Premium":1.754,"diesel":1.869,"dieselPremium":1.919},"extra":{"saleType":"P","margin":"N","reportingType":"OM","ideess":"361","idMunicipio":"5324","idProvincia":"36","idCCAA":"12"}}},{"type":"Feature","geometry":{"type":"Point","coordinates":[-8.700889,42.214083]},"properties":{"id":"es-362","source":"ES","brand":"ALCAMPO VIGO","address":"AVENIDA MADRID, S/N","municipality":"Vigo","province":"PONTEVEDRA","postalCode":"36214","schedule":"L-D: 24H","fuels":{"gasoline95":1.659,"gasoline98":1.749,"diesel":1.755,"dieselPremium":1.779},"extra":{"saleType":"P","margin":"N","reportingType":"dm","ideess":"362","idMunicipio":"5324","idProvincia":"36","idCCAA":"12"}}},{"type":"Feature","geometry":{"type":"Point","coordinates":[-8.300833,42.716389]},"properties":{"id":"es-363","source":"ES","brand":"GALP","address":"AP-53 km 28,000","municipality":"Silleda","province":"PONTEVEDRA","postalCode":"36453","schedule":"L-D: 24H","fuels":{"gasoline95":1.739,"gasoline95Premium":1.789,"diesel":1.879,"dieselPremium":1.969},"extra":{"saleType":"P","margin":"N","reportingType":"OM","ideess":"363","idMunicipio":"5319","idProvincia":"36","idCCAA":"12"}}},{"type":"Feature","geometry":{"type":"Point","coordinates":[-8.731417,42.575944]},"properties":{"id":"es-368","source":"ES","brand":"GALP","address":"N-640 km 234,650","municipality":"Vilagarcía de Arousa","province":"PONTEVEDRA","postalCode":"36619","schedule":"L-D: 07:00-22:00","fuels":{"gasoline95":1.739,"gasoline95Premium":1.789,"diesel":1.789,"dieselPremium":1.839},"extra":{"saleType":"P","margin":"N","reportingType":"OM","ideess":"368","idMunicipio":"5327","idProvincia":"36","idCCAA":"12"}}},{"type":"Feature","geometry":{"type":"Point","coordinates":[-8.812167,42.525139]},"properties":{"id":"es-369","source":"ES","brand":"CEPSA","address":"AVENIDA VILLAGARCIA NUMERO 89, ","municipality":"Cambados","province":"PONTEVEDRA","postalCode":"36630","schedule":"L: 07:00-23:00","fuels":{"gasoline95":1.729,"gasoline98":1.899,"diesel":1.859,"dieselPremium":1.939},"extra":{"saleType":"P","margin":"D","reportingType":"dm","ideess":"369","idMunicipio":"5273","idProvincia":"36","idCCAA":"12"}}},{"type":"Feature","geometry":{"type":"Point","coordinates":[-8.186667,42.137472]},"properties":{"id":"es-370","source":"ES","brand":"GALP","address":"CALLE MARQUES DE MAGALLANES, 57","municipality":"Padrenda","province":"OURENSE","postalCode":"32220","schedule":"L-D: 08:00-22:00","fuels":{"gasoline95":1.819,"gasoline98":1.939,"diesel":1.929},"extra":{"saleType":"P","margin":"I","reportingType":"dm","ideess":"370","idMunicipio":"4924","idProvincia":"32","idCCAA":"12"}}},{"type":"Feature","geometry":{"type":"Point","coordinates":[-8.744917,42.409667]},"properties":{"id":"es-371","source":"ES","brand":"CEPSA","address":"CARRETERA ILLA DA TOXA, KM 10,8 KM. 10,8","municipality":"Poio","province":"PONTEVEDRA","postalCode":"36992","schedule":"L-D: 07:00-23:00","fuels":{"gasoline95":1.799,"gasoline98":1.999,"diesel":1.899,"dieselPremium":1.999},"extra":{"saleType":"P","margin":"N","reportingType":"dm","ideess":"371","idMunicipio":"5305","idProvincia":"36","idCCAA":"12"}}},{"type":"Feature","geometry":{"type":"Point","coordinates":[-8.636278,42.804722]},"properties":{"id":"es-439","source":"ES","brand":"GALP","address":"CARRETERA NACIONAL 550 KM. S/N","municipality":"Padrón","province":"CORUÑA (A)","postalCode":"15900","schedule":"L-D: 07:00-23:00","fuels":{"gasoline95":1.769,"gasoline98":1.909,"diesel":1.859,"dieselPremium":1.939},"extra":{"saleType":"P","margin":"D","reportingType":"dm","ideess":"439","idMunicipio":"2183","idProvincia":"15","idCCAA":"12"}}},{"type":"Feature","geometry":{"type":"Point","coordinates":[-8.443278,42.837417]},"properties":{"id":"es-441","source":"ES","brand":"GASOLEOS SAN BENITO","address":"CTRA. AC-260 SERGUDE-BOQUEIXON km 4.5","municipality":"Boqueixón","province":"CORUÑA (A)","postalCode":"15881","schedule":"L-D: 07:00-23:00","fuels":{"gasoline95":1.805,"gasoline98":1.959,"diesel":1.899,"dieselB":1.559,"adblue":1.119},"extra":{"saleType":"P","margin":"D","reportingType":"dm","ideess":"441","idMunicipio":"2129","idProvincia":"15","idCCAA":"12"}}},{"type":"Feature","geometry":{"type":"Point","coordinates":[-8.856056,42.800056]},"properties":{"id":"es-447","source":"ES","brand":"BARCIA","address":"CARRETERA COMARCAL-543 KM. 30,8","municipality":"Noia","province":"CORUÑA (A)","postalCode":"15210","schedule":"L-V: 06:30-23:00; S-D: 07:00-23:00","fuels":{"gasoline95":1.729,"gasoline98":1.919,"diesel":1.824,"dieselPremium":1.829,"adblue":1.1},"extra":{"saleType":"P","margin":"I","reportingType":"dm","ideess":"447","idMunicipio":"2175","idProvincia":"15","idCCAA":"12"}}},{"type":"Feature","geometry":{"type":"Point","coordinates":[-8.988833,42.55425]},"properties":{"id":"es-449","source":"ES","brand":"ENI","address":"PLAZA PLAZA DEL MALECON, S/N","municipality":"Ribeira","province":"CORUÑA (A)","postalCode":"15960","schedule":"L-S: 08:00-22:00","fuels":{"gasoline95":1.719,"diesel":1.849,"dieselPremium":1.929},"extra":{"saleType":"P","margin":"D","reportingType":"OM","ideess":"449","idMunicipio":"2191","idProvincia":"15","idCCAA":"12"}}},{"type":"Feature","geometry":{"type":"Point","coordinates":[-8.942778,42.5985]},"properties":{"id":"es-458","source":"ES","brand":"REPSOL","address":"CALLE DEVESA, 2","municipality":"Pobra do Caramiñal (A)","province":"CORUÑA (A)","postalCode":"15940","schedule":"L-V: 07:00-22:30; S: 08:00-22:30; D: 08:30-22:30","fuels":{"gasoline95":1.829,"gasoline98":1.969,"diesel":1.959,"dieselRenewable":2.079},"extra":{"saleType":"P","margin":"D","reportingType":"dm","ideess":"458","idMunicipio":"2185","idProvincia":"15","idCCAA":"12"}}},{"type":"Feature","geometry":{"type":"Point","coordinates":[-8.819944,42.679306]},"properties":{"id":"es-462","source":"ES","brand":"REPSOL","address":"CARRETERA AC- 305 KM. 14,500","municipality":"Rianxo","province":"CORUÑA (A)","postalCode":"15920","schedule":"L-S: 07:00-23:00; D: 09:00-23:00","fuels":{"gasoline95":1.779,"gasoline98":1.919,"diesel":1.879,"dieselPremium":1.959},"extra":{"saleType":"P","margin":"D","reportingType":"dm","ideess":"462","idMunicipio":"2190","idProvincia":"15","idCCAA":"12"}}},{"type":"Feature","geometry":{"type":"Point","coordinates":[-8.622611,42.873167]},"properties":{"id":"es-466","source":"ES","brand":"REPSOL","address":"CARRETERA C-543 KM. 6,400","municipality":"Santiago de Compostela","province":"CORUÑA (A)","postalCode":"15896","schedule":"L-D: 07:00-23:00","fuels":{"gasoline95":1.809,"gasoline98":1.989,"diesel":1.909,"dieselB":1.469,"dieselRenewable":1.999,"adblue":1.339},"extra":{"saleType":"P","margin":"D","reportingType":"dm","ideess":"466","idMunicipio":"2196","idProvincia":"15","idCCAA":"12"}}},{"type":"Feature","geometry":{"type":"Point","coordinates":[-8.522611,42.84325]},"properties":{"id":"es-469","source":"ES","brand":"REPSOL","address":"CARRETERA NACIONAL 525 KM. 336","municipality":"Santiago de Compostela","province":"CORUÑA (A)","postalCode":"15893","schedule":"L-D: 07:00-23:00","fuels":{"gasoline95":1.805,"gasoline98":1.985,"diesel":1.905,"dieselPremium":1.995,"adblue":1.199},"extra":{"saleType":"P","margin":"I","reportingType":"dm","ideess":"469","idMunicipio":"2196","idProvincia":"15","idCCAA":"12"}}},{"type":"Feature","geometry":{"type":"Point","coordinates":[-8.697028,42.990028]},"properties":{"id":"es-471","source":"ES","brand":"MYG GASOLEOS","address":"CR C-545, 21,2 (C-545 km 21,26)","municipality":"Val do Dubra","province":"CORUÑA (A)","postalCode":"15872","schedule":"L-D: 24H","fuels":{"gasoline95":1.755,"diesel":1.804,"dieselB":1.658,"lpg":0.887,"adblue":0.8},"extra":{"saleType":"P","margin":"D","reportingType":"dm","ideess":"471","idMunicipio":"2205","idProvincia":"15","idCCAA":"12"}}},{"type":"Feature","geometry":{"type":"Point","coordinates":[-8.575333,42.924333]},"properties":{"id":"es-489","source":"ES","brand":"REPSOL","address":"CR CR C-545, 6,7","municipality":"Santiago de Compostela","province":"CORUÑA (A)","postalCode":"15897","schedule":"L-D: 07:00-23:00","fuels":{"gasoline95":1.809,"gasoline98":1.989,"diesel":1.909,"dieselB":1.469,"dieselRenewable":1.999,"adblue":1.339},"extra":{"saleType":"P","margin":"D","reportingType":"dm","ideess":"489","idMunicipio":"2196","idProvincia":"15","idCCAA":"12"}}},{"type":"Feature","geometry":{"type":"Point","coordinates":[-8.513639,42.911667]},"properties":{"id":"es-491","source":"ES","brand":"REPSOL","address":"VÍA EDISON, 259","municipality":"Santiago de Compostela","province":"CORUÑA (A)","postalCode":"15890","schedule":"L-D: 07:00-23:00","fuels":{"gasoline95":1.809,"gasoline98":1.989,"diesel":1.909,"dieselRenewable":1.999,"adblue":1.339},"extra":{"saleType":"P","margin":"D","reportingType":"dm","ideess":"491","idMunicipio":"2196","idProvincia":"15","idCCAA":"12"}}},{"type":"Feature","geometry":{"type":"Point","coordinates":[-8.646944,42.960222]},"properties":{"id":"es-507","source":"ES","brand":"REPSOL","address":"RUA ENTREPONTES, 108","municipality":"Val do Dubra","province":"CORUÑA (A)","postalCode":"15871","schedule":"L-V: 07:30-22:30; S-D: 08:30-22:30","fuels":{"gasoline95":1.779,"diesel":1.879,"dieselB":1.429},"extra":{"saleType":"P","margin":"I","reportingType":"dm","ideess":"507","idMunicipio":"2205","idProvincia":"15","idCCAA":"12"}}},{"type":"Feature","geometry":{"type":"Point","coordinates":[-8.487139,42.922917]},"properties":{"id":"es-509","source":"ES","brand":"GALP","address":"CARRETERA CN-550 KM. 55,300","municipality":"Santiago de Compostela","province":"CORUÑA (A)","postalCode":"15701","schedule":"L-D: 07:00-23:00","fuels":{"gasoline95":1.759,"diesel":1.879,"dieselPremium":1.979,"adblue":1.09},"extra":{"saleType":"P","margin":"N","reportingType":"dm","ideess":"509","idMunicipio":"2196","idProvincia":"15","idCCAA":"12"}}},{"type":"Feature","geometry":{"type":"Point","coordinates":[-8.612083,42.821611]},"properties":{"id":"es-511","source":"ES","brand":"MOEVE","address":"CARRETERA N-550 KM. 71,2","municipality":"Teo","province":"CORUÑA (A)","postalCode":"15866","schedule":"L-V: 07:00-22:30; S-D: 08:00-22:30","fuels":{"gasoline95":1.829,"gasoline98":1.999,"diesel":1.899,"dieselPremium":1.999,"lpg":1.059},"extra":{"saleType":"P","margin":"I","reportingType":"dm","ideess":"511","idMunicipio":"2200","idProvincia":"15","idCCAA":"12"}}},{"type":"Feature","geometry":{"type":"Point","coordinates":[-8.512139,42.901806]},"properties":{"id":"es-512","source":"ES","brand":"CEPSA","address":"RUA DO AMIO -P.I.COSTA VELLA, 32","municipality":"Santiago de Compostela","province":"CORUÑA (A)","postalCode":"15890","schedule":"L-D: 07:00-23:00","fuels":{"gasoline95":1.755,"gasoline98":1.938,"diesel":1.888,"dieselPremium":2.064,"adblue":1.098},"extra":{"saleType":"P","margin":"D","reportingType":"dm","ideess":"512","idMunicipio":"2196","idProvincia":"15","idCCAA":"12"}}},{"type":"Feature","geometry":{"type":"Point","coordinates":[-8.900139,42.837778]},"properties":{"id":"es-514","source":"ES","brand":"MOEVE","address":"CARRETERA C-550 KM. 10,5","municipality":"Outes","province":"CORUÑA (A)","postalCode":"15230","schedule":"L-D: 07:00-23:00","fuels":{"gasoline95":1.789,"gasoline95Premium":1.849,"gasoline98":1.879,"diesel":1.949,"dieselPremium":2.029},"extra":{"saleType":"P","margin":"D","reportingType":"OM","ideess":"514","idMunicipio":"2180","idProvincia":"15","idCCAA":"12"}}},{"type":"Feature","geometry":{"type":"Point","coordinates":[-8.900667,42.838139]},"properties":{"id":"es-515","source":"ES","brand":"MOEVE","address":"CARRETERA C-550 KM. 10,5","municipality":"Outes","province":"CORUÑA (A)","postalCode":"15230","schedule":"L-D: 07:00-23:00","fuels":{"gasoline95":1.789,"gasoline95Premium":1.849,"gasoline98":1.879,"diesel":1.949,"dieselPremium":2.029},"extra":{"saleType":"P","margin":"I","reportingType":"OM","ideess":"515","idMunicipio":"2180","idProvincia":"15","idCCAA":"12"}}},{"type":"Feature","geometry":{"type":"Point","coordinates":[-8.646194,42.793444]},"properties":{"id":"es-530","source":"ES","brand":"BALLENOIL","address":"CARRETERA N-550 KM. 75,9","municipality":"Padrón","province":"CORUÑA (A)","postalCode":"15980","schedule":"L-D: 24H","fuels":{"gasoline95":1.699,"diesel":1.739,"dieselPremium":1.75},"extra":{"saleType":"P","margin":"D","reportingType":"OM","ideess":"530","idMunicipio":"2183","idProvincia":"15","idCCAA":"12"}}},{"type":"Feature","geometry":{"type":"Point","coordinates":[-8.645361,42.793417]},"properties":{"id":"es-531","source":"ES","brand":"CEPSA","address":"CARRETERA N-550 KM. 75,9","municipality":"Padrón","province":"CORUÑA (A)","postalCode":"15980","schedule":"L-S: 06:30-22:00; D: 07:00-22:00","fuels":{"gasoline95":1.809,"diesel":1.909,"dieselPremium":1.999,"adblue":1.25},"extra":{"saleType":"P","margin":"I","reportingType":"dm","ideess":"531","idMunicipio":"2183","idProvincia":"15","idCCAA":"12"}}},{"type":"Feature","geometry":{"type":"Point","coordinates":[-8.985083,42.731806]},"properties":{"id":"es-545","source":"ES","brand":"MOEVE","address":"LUGAR OUTEIRO NOAL, 1","municipality":"Porto do Son","province":"CORUÑA (A)","postalCode":"15970","schedule":"L: 07:00-23:00","fuels":{"gasoline95":1.809,"gasoline98":1.959,"diesel":1.929,"dieselB":1.779,"adblue":0.95},"extra":{"saleType":"P","margin":"D","reportingType":"dm","ideess":"545","idMunicipio":"2189","idProvincia":"15","idCCAA":"12"}}},{"type":"Feature","geometry":{"type":"Point","coordinates":[-8.955222,42.910528]},"properties":{"id":"es-552","source":"ES","brand":"CEPSA","address":"CARRETERA LC-403 KM. 93,6","municipality":"Mazaricos","province":"CORUÑA (A)","postalCode":"15258","schedule":"L-D: 07:00-23:00","fuels":{"gasoline95":1.759,"diesel":1.919,"dieselPremium":1.999,"dieselB":1.759},"extra":{"saleType":"P","margin":"D","reportingType":"dm","ideess":"552","idMunicipio":"2163","idProvincia":"15","idCCAA":"12"}}},{"type":"Feature","geometry":{"type":"Point","coordinates":[-8.544694,42.836556]},"properties":{"id":"es-568","source":"ES","brand":"CEPSA","address":"CARRETERA LC-541 KM. 3","municipality":"Teo","province":"CORUÑA (A)","postalCode":"15886","schedule":"L-V: 08:00-15:00","fuels":{"gasoline95":1.734,"diesel":1.829},"extra":{"saleType":"P","margin":"D","reportingType":"dm","ideess":"568","idMunicipio":"2200","idProvincia":"15","idCCAA":"12"}}},{"type":"Feature","geometry":{"type":"Point","coordinates":[-8.547056,42.761806]},"properties":{"id":"es-574","source":"ES","brand":"MOEVE COMMERCIAL,S.A.U.","address":"ESTRADA PONTEVEA-AC841 KM,12, 14","municipality":"Teo","province":"CORUÑA (A)","postalCode":"15886","schedule":"L-V: 07:00-23:00; S-D: 08:00-23:00","fuels":{"gasoline95":1.765,"diesel":1.85,"dieselPremium":1.94,"dieselB":1.71,"adblue":0.999},"extra":{"saleType":"P","margin":"D","reportingType":"dm","ideess":"574","idMunicipio":"2200","idProvincia":"15","idCCAA":"12"}}},{"type":"Feature","geometry":{"type":"Point","coordinates":[-8.548167,42.87]},"properties":{"id":"es-575","source":"ES","brand":"REPSOL","address":"AVENIDA ROMERO DONALLO, S/N","municipality":"Santiago de Compostela","province":"CORUÑA (A)","postalCode":"15702","schedule":"L-D: 24H","fuels":{"gasoline95":1.809,"gasoline98":1.989,"diesel":1.909,"dieselRenewable":1.999,"adblue":1.339},"extra":{"saleType":"P","margin":"D","reportingType":"dm","ideess":"575","idMunicipio":"2196","idProvincia":"15","idCCAA":"12"}}},{"type":"Feature","geometry":{"type":"Point","coordinates":[-8.006167,42.912222]},"properties":{"id":"es-586","source":"ES","brand":"REPSOL","address":"AVENIDA LUGO, 94,96","municipality":"Melide","province":"CORUÑA (A)","postalCode":"15800","schedule":"L: 07:00-23:00","fuels":{"gasoline95":1.78,"gasoline98":1.91,"diesel":1.92,"dieselPremium":1.99,"dieselB":1.702},"extra":{"saleType":"P","margin":"I","reportingType":"OM","ideess":"586","idMunicipio":"2164","idProvincia":"15","idCCAA":"12"}}},{"type":"Feature","geometry":{"type":"Point","coordinates":[-8.144667,42.930167]},"properties":{"id":"es-587","source":"ES","brand":"REPSOL","address":"CR N-547, 63,8","municipality":"Arzúa","province":"CORUÑA (A)","postalCode":"15810","schedule":"L-D: 07:00-23:00","fuels":{"gasoline95":1.799,"gasoline98":1.979,"diesel":1.929,"dieselPremium":1.999,"dieselB":1.669,"lpg":1.049,"adblue":0.799},"extra":{"saleType":"P","margin":"D","reportingType":"dm","ideess":"587","idMunicipio":"2123","idProvincia":"15","idCCAA":"12"}}},{"type":"Feature","geometry":{"type":"Point","coordinates":[-8.532861,42.892139]},"properties":{"id":"es-593","source":"ES","brand":"REPSOL","address":"AVENIDA DO CRUCEIRO DA CORUÑA, 2","municipality":"Santiago de Compostela","province":"CORUÑA (A)","postalCode":"15705","schedule":"L-D: 07:00-23:00","fuels":{"gasoline95":1.809,"gasoline98":1.989,"diesel":1.909,"dieselRenewable":1.999,"lpg":0.9,"adblue":1.339},"extra":{"saleType":"P","margin":"I","reportingType":"dm","ideess":"593","idMunicipio":"2196","idProvincia":"15","idCCAA":"12"}}},{"type":"Feature","geometry":{"type":"Point","coordinates":[-8.406444,42.777528]},"properties":{"id":"es-599","source":"ES","brand":"PONTEULLA","address":"CARRETERA N-525 KM. 322","municipality":"Vedra","province":"CORUÑA (A)","postalCode":"15881","schedule":"L-D: 24H","fuels":{"gasoline95":1.699,"gasoline98":1.919,"diesel":1.769,"dieselPremium":1.829,"dieselB":1.539,"adblue":0.95},"extra":{"saleType":"P","margin":"D","reportingType":"dm","ideess":"599","idMunicipio":"2207","idProvincia":"15","idCCAA":"12"}}},{"type":"Feature","geometry":{"type":"Point","coordinates":[-8.406611,42.776944]},"properties":{"id":"es-600","source":"ES","brand":"PONTEULLA","address":"CARRETERA N-525 KM. 322","municipality":"Vedra","province":"CORUÑA (A)","postalCode":"15881","schedule":"L-V: 07:00-23:00; S-D: 09:00-23:00","fuels":{"gasoline95":1.699,"gasoline98":1.919,"diesel":1.769,"dieselPremium":1.829,"adblue":0.95},"extra":{"saleType":"P","margin":"I","reportingType":"dm","ideess":"600","idMunicipio":"2207","idProvincia":"15","idCCAA":"12"}}},{"type":"Feature","geometry":{"type":"Point","coordinates":[-8.571167,42.85525]},"properties":{"id":"es-606","source":"ES","brand":"REPSOL","address":"AVENIDA PONTEVEDRA, 6","municipality":"Santiago de Compostela","province":"CORUÑA (A)","postalCode":"15899","schedule":"L-D: 07:00-23:00","fuels":{"gasoline95":1.809,"gasoline98":1.989,"diesel":1.909,"dieselRenewable":1.999,"adblue":1.339},"extra":{"saleType":"P","margin":"D","reportingType":"dm","ideess":"606","idMunicipio":"2196","idProvincia":"15","idCCAA":"12"}}},{"type":"Feature","geometry":{"type":"Point","coordinates":[-8.3585,42.910083]},"properties":{"id":"es-607","source":"ES","brand":"CEPSA","address":"CARRETERA N-VI KM. 547,85","municipality":"Pino (O)","province":"CORUÑA (A)","postalCode":"15821","schedule":"L-D: 06:00-23:59","fuels":{"gasoline95":1.749,"diesel":1.829,"dieselPremium":1.899,"dieselB":1.569,"adblue":0.9},"extra":{"saleType":"P","margin":"I","reportingType":"dm","ideess":"607","idMunicipio":"2184","idProvincia":"15","idCCAA":"12"}}},{"type":"Feature","geometry":{"type":"Point","coordinates":[-8.201306,42.860889]},"properties":{"id":"es-616","source":"ES","brand":"REPSOL","address":"CARRETERA L-240 KM. 11","municipality":"Arzúa","province":"CORUÑA (A)","postalCode":"15819","schedule":"L-D: 07:30-22:30","fuels":{"gasoline95":1.715,"diesel":1.806,"dieselPremium":1.87,"dieselB":1.485,"adblue":0.85},"extra":{"saleType":"P","margin":"D","reportingType":"dm","ideess":"616","idMunicipio":"2123","idProvincia":"15","idCCAA":"12"}}},{"type":"Feature","geometry":{"type":"Point","coordinates":[-8.730667,42.91]},"properties":{"id":"es-619","source":"ES","brand":"REPSOL","address":"AVENIDA SANTIAGO, 70","municipality":"Negreira","province":"CORUÑA (A)","postalCode":"15830","schedule":"L-D: 07:00-23:00","fuels":{"gasoline95":1.809,"gasoline98":1.989,"diesel":1.909,"dieselB":1.469,"dieselRenewable":1.999,"adblue":1.339},"extra":{"saleType":"P","margin":"N","reportingType":"dm","ideess":"619","idMunicipio":"2174","idProvincia":"15","idCCAA":"12"}}},{"type":"Feature","geometry":{"type":"Point","coordinates":[-8.911611,42.995944]},"properties":{"id":"es-623","source":"ES","brand":"REPSOL","address":"PARQUE ANTES, 43","municipality":"Mazaricos","province":"CORUÑA (A)","postalCode":"15837","schedule":"L-S: 07:00-22:00; D: 08:00-22:00","fuels":{"gasoline95":1.77,"diesel":1.916,"dieselB":1.706,"dieselRenewable":2.036},"extra":{"saleType":"P","margin":"I","reportingType":"OM","ideess":"623","idMunicipio":"2163","idProvincia":"15","idCCAA":"12"}}},{"type":"Feature","geometry":{"type":"Point","coordinates":[-8.65125,42.774028]},"properties":{"id":"es-640","source":"ES","brand":"REPSOL","address":"CARRETERA N550 KM. 78,5","municipality":"Padrón","province":"CORUÑA (A)","postalCode":"15980","schedule":"L-D: 07:00-23:00","fuels":{"gasoline95":1.809,"gasoline98":1.989,"diesel":1.909,"dieselB":1.469,"dieselRenewable":1.999,"adblue":1.339},"extra":{"saleType":"P","margin":"I","reportingType":"dm","ideess":"640","idMunicipio":"2183","idProvincia":"15","idCCAA":"12"}}},{"type":"Feature","geometry":{"type":"Point","coordinates":[-8.963778,42.607778]},"properties":{"id":"es-643","source":"ES","brand":"REPSOL","address":"CL VRG. 1.1  PADRON-RIVEIRA, 34","municipality":"Pobra do Caramiñal (A)","province":"CORUÑA (A)","postalCode":"15940","schedule":"L-D: 24H","fuels":{"gasoline95":1.83,"gasoline98":1.96,"diesel":1.96,"dieselPremium":2.03,"lpg":1.079},"extra":{"saleType":"P","margin":"I","reportingType":"OM","ideess":"643","idMunicipio":"2185","idProvincia":"15","idCCAA":"12"}}},{"type":"Feature","geometry":{"type":"Point","coordinates":[-8.541889,42.861889]},"properties":{"id":"es-649","source":"ES","brand":"REPSOL","address":"RUA RESTOLLAL, 52","municipality":"Santiago de Compostela","province":"CORUÑA (A)","postalCode":"15702","schedule":"L-D: 07:00-23:00","fuels":{"gasoline95":1.809,"gasoline98":1.989,"diesel":1.909,"dieselRenewable":1.999,"adblue":1.339},"extra":{"saleType":"P","margin":"D","reportingType":"dm","ideess":"649","idMunicipio":"2196","idProvincia":"15","idCCAA":"12"}}},{"type":"Feature","geometry":{"type":"Point","coordinates":[-8.695889,42.714833]},"properties":{"id":"es-663","source":"ES","brand":"GALP","address":"CARRETERA AC-305 KM. 2,1","municipality":"Dodro","province":"CORUÑA (A)","postalCode":"15981","schedule":"L-D: 07:00-23:00","fuels":{"gasoline95":1.769,"gasoline98":1.909,"diesel":1.859,"dieselPremium":1.939,"dieselB":1.579},"extra":{"saleType":"P","margin":"D","reportingType":"dm","ideess":"663","idMunicipio":"2151","idProvincia":"15","idCCAA":"12"}}},{"type":"Feature","geometry":{"type":"Point","coordinates":[-8.585944,42.811583]},"properties":{"id":"es-668","source":"ES","brand":"ENI","address":"AUTOVIA A-9 KM. 81","municipality":"Teo","province":"CORUÑA (A)","postalCode":"15886","schedule":"L-D: 24H","fuels":{"gasoline95":1.789,"gasoline98":1.929,"diesel":1.899,"dieselPremium":1.999,"adblue":0.899},"extra":{"saleType":"P","margin":"D","reportingType":"OM","ideess":"668","idMunicipio":"2200","idProvincia":"15","idCCAA":"12"}}},{"type":"Feature","geometry":{"type":"Point","coordinates":[-8.585778,42.8115]},"properties":{"id":"es-669","source":"ES","brand":"ENI","address":"AUTOPISTA A-9 KM. 81","municipality":"Teo","province":"CORUÑA (A)","postalCode":"15886","schedule":"L-D: 24H","fuels":{"gasoline95":1.789,"gasoline98":1.929,"diesel":1.899,"dieselPremium":1.999,"adblue":0.899},"extra":{"saleType":"P","margin":"D","reportingType":"OM","ideess":"669","idMunicipio":"2200","idProvincia":"15","idCCAA":"12"}}},{"type":"Feature","geometry":{"type":"Point","coordinates":[-8.877139,42.654528]},"properties":{"id":"es-680","source":"ES","brand":"CEPSA","address":"LUGAR CIMADEVILA, S/N","municipality":"Boiro","province":"CORUÑA (A)","postalCode":"15930","schedule":"L-D: 07:00-23:00","fuels":{"gasoline95":1.829,"gasoline98":1.979,"diesel":1.959,"dieselPremium":1.999,"dieselB":1.789,"lpg":1.079,"adblue":1.099},"extra":{"saleType":"P","margin":"I","reportingType":"dm","ideess":"680","idMunicipio":"2128","idProvincia":"15","idCCAA":"12"}}},{"type":"Feature","geometry":{"type":"Point","coordinates":[-8.880333,42.787556]},"properties":{"id":"es-681","source":"ES","brand":"MOEVE","address":"RUA SAN BERNARDO, 53","municipality":"Noia","province":"CORUÑA (A)","postalCode":"15200","schedule":"L-D: 07:00-23:00","fuels":{"gasoline95":1.789,"gasoline98":1.909,"diesel":1.919,"dieselPremium":1.999},"extra":{"saleType":"P","margin":"D","reportingType":"OM","ideess":"681","idMunicipio":"2175","idProvincia":"15","idCCAA":"12"}}},{"type":"Feature","geometry":{"type":"Point","coordinates":[-8.744583,42.587333]},"properties":{"id":"es-693","source":"ES","brand":"Q8","address":"AVENIDA DE PONTEVEDRA, 69","municipality":"Vilagarcía de Arousa","province":"PONTEVEDRA","postalCode":"36600","schedule":"L-J: 07:00-23:00; V-S: 07:00-23:59; D: 08:00-23:00","fuels":{"gasoline95":1.704,"gasoline98":1.839,"diesel":1.799,"adblue":0.85},"extra":{"saleType":"P","margin":"N","reportingType":"dm","ideess":"693","idMunicipio":"5327","idProvincia":"36","idCCAA":"12"}}},{"type":"Feature","geometry":{"type":"Point","coordinates":[-8.103694,42.668889]},"properties":{"id":"es-694","source":"ES","brand":"CARREFOUR","address":"CALLE ARENAL S/N (C.C. EROSKI), SN","municipality":"Lalín","province":"PONTEVEDRA","postalCode":"36500","schedule":"L-D: 24H","fuels":{"gasoline95":1.719,"gasoline98":1.829,"diesel":1.839,"dieselPremium":1.879},"extra":{"saleType":"P","margin":"N","reportingType":"dm","ideess":"694","idMunicipio":"5291","idProvincia":"36","idCCAA":"12"}}},{"type":"Feature","geometry":{"type":"Point","coordinates":[-8.73625,42.278639]},"properties":{"id":"es-698","source":"ES","brand":"REPSOL","address":"CALLE CONCEPCION ARENAL, 214","municipality":"Moaña","province":"PONTEVEDRA","postalCode":"36950","schedule":"L: 07:30-22:30","fuels":{"diesel":1.94},"extra":{"saleType":"P","margin":"D","reportingType":"OM","ideess":"698","idMunicipio":"5296","idProvincia":"36","idCCAA":"12"}}},{"type":"Feature","geometry":{"type":"Point","coordinates":[-8.644889,42.417167]},"properties":{"id":"es-699","source":"ES","brand":"CARREFOUR","address":"RUA SAN BLAS, ","municipality":"Pontevedra","province":"PONTEVEDRA","postalCode":"36143","schedule":"L-S: 06:30-22:30","fuels":{"gasoline95":1.719,"gasoline98":1.879,"diesel":1.859,"dieselPremium":1.899},"extra":{"saleType":"P","margin":"N","reportingType":"dm","ideess":"699","idMunicipio":"5309","idProvincia":"36","idCCAA":"12"}}},{"type":"Feature","geometry":{"type":"Point","coordinates":[-8.768667,42.620167]},"properties":{"id":"es-700","source":"ES","brand":"E.S.EL SALGUEIRAL","address":"CARRETERA C-550 KM. 1,12","municipality":"Vilagarcía de Arousa","province":"PONTEVEDRA","postalCode":"36618","schedule":"L: 07:00-23:00","fuels":{"gasoline95":1.659,"gasoline98":1.689,"diesel":1.759,"adblue":0.799},"extra":{"saleType":"P","margin":"D","reportingType":"dm","ideess":"700","idMunicipio":"5327","idProvincia":"36","idCCAA":"12"}}},{"type":"Feature","geometry":{"type":"Point","coordinates":[-8.653444,42.434361]},"properties":{"id":"es-701","source":"ES","brand":"GALP","address":"AVENIDA DOMINGO FONTAN, 4","municipality":"Poio","province":"PONTEVEDRA","postalCode":"36163","schedule":"L-S: 09:00-21:00","fuels":{"gasoline95":1.699,"diesel":1.809},"extra":{"saleType":"P","margin":"N","reportingType":"dm","ideess":"701","idMunicipio":"5305","idProvincia":"36","idCCAA":"12"}}},{"type":"Feature","geometry":{"type":"Point","coordinates":[-8.508389,42.177917]},"properties":{"id":"es-705","source":"ES","brand":"VILALTA CORPORACION SA","address":"CARRETERA N-120 KM. 1","municipality":"Ponteareas","province":"PONTEVEDRA","postalCode":"36860","schedule":"L-D: 07:00-23:00","fuels":{"gasoline95":1.689,"diesel":1.815,"dieselPremium":1.895},"extra":{"saleType":"P","margin":"D","reportingType":"dm","ideess":"705","idMunicipio":"5307","idProvincia":"36","idCCAA":"12"}}},{"type":"Feature","geometry":{"type":"Point","coordinates":[-8.620389,42.108778]},"properties":{"id":"es-706","source":"ES","brand":"REPSOL","address":"PG INDUSTRIAL A GRANXA SN","municipality":"Porriño (O)","province":"PONTEVEDRA","postalCode":"36470","schedule":"L-V: 06:00-23:00; S: 07:00-23:00; D: 08:00-23:00","fuels":{"gasoline95":1.78,"diesel":1.946,"adblue":1.0},"extra":{"saleType":"P","margin":"I","reportingType":"dm","ideess":"706","idMunicipio":"5310","idProvincia":"36","idCCAA":"12"}}},{"type":"Feature","geometry":{"type":"Point","coordinates":[-8.365806,42.75675]},"properties":{"id":"es-708","source":"ES","brand":"LOIMIL GAS","address":"CARRETERA NACIONAL 525 KM. 316","municipality":"Estrada (A)","province":"PONTEVEDRA","postalCode":"36588","schedule":"L-V: 08:00-22:00; S-D: 09:00-22:00","fuels":{"gasoline95":1.769,"gasoline98":1.919,"diesel":1.829,"dieselPremium":1.919,"dieselB":1.559},"extra":{"saleType":"P","margin":"D","reportingType":"dm","ideess":"708","idMunicipio":"5284","idProvincia":"36","idCCAA":"12"}}},{"type":"Feature","geometry":{"type":"Point","coordinates":[-8.615,42.126889]},"properties":{"id":"es-709","source":"ES","brand":"REPSOL","address":"CARRETERA PO-510 KM. 1,2","municipality":"Porriño (O)","province":"PONTEVEDRA","postalCode":"36418","schedule":"L-V: 06:00-23:00; S: 07:00-23:00; D: 08:00-23:00","fuels":{"gasoline95":1.76,"diesel":1.91,"adblue":1.0},"extra":{"saleType":"P","margin":"I","reportingType":"dm","ideess":"709","idMunicipio":"5310","idProvincia":"36","idCCAA":"12"}}},{"type":"Feature","geometry":{"type":"Point","coordinates":[-8.811611,42.557389]},"properties":{"id":"es-710","source":"ES","brand":"REPSOL","address":"CR PO-549 P.K. 5,9","municipality":"Vilanova de Arousa","province":"PONTEVEDRA","postalCode":"36629","schedule":"L-V: 06:30-23:00; S: 07:00-23:00; D: 08:00-23:00","fuels":{"gasoline95":1.78,"gasoline95Premium":1.84,"gasoline98":1.96,"diesel":1.916,"dieselPremium":1.996},"extra":{"saleType":"P","margin":"D","reportingType":"OM","ideess":"710","idMunicipio":"5328","idProvincia":"36","idCCAA":"12"}}},{"type":"Feature","geometry":{"type":"Point","coordinates":[-8.694,42.393361]},"properties":{"id":"es-711","source":"ES","brand":"REPSOL","address":"CL CALVO SOTELO, 84","municipality":"Marín","province":"PONTEVEDRA","postalCode":"36900","schedule":"L-D: 07:30-22:30","fuels":{"gasoline95":1.789,"gasoline98":1.889,"diesel":1.929},"extra":{"saleType":"P","margin":"D","reportingType":"dm","ideess":"711","idMunicipio":"5293","idProvincia":"36","idCCAA":"12"}}},{"type":"Feature","geometry":{"type":"Point","coordinates":[-8.770972,42.112]},"properties":{"id":"es-712","source":"ES","brand":"REPSOL","address":"CARRER PKM 23,400, 7","municipality":"Gondomar","province":"PONTEVEDRA","postalCode":"36380","schedule":"L: 07:00-23:00","fuels":{"gasoline95":1.77,"gasoline98":1.9,"diesel":1.95,"dieselPremium":2.07},"extra":{"saleType":"P","margin":"I","reportingType":"OM","ideess":"712","idMunicipio":"5287","idProvincia":"36","idCCAA":"12"}}},{"type":"Feature","geometry":{"type":"Point","coordinates":[-8.490111,42.695278]},"properties":{"id":"es-713","source":"ES","brand":"REPSOL","address":"CL SAN PELAY0, 73","municipality":"Estrada (A)","province":"PONTEVEDRA","postalCode":"36680","schedule":"L-D: 07:00-23:00","fuels":{"gasoline95":1.766,"gasoline98":1.946,"diesel":1.966,"dieselPremium":2.066,"dieselB":1.696},"extra":{"saleType":"P","margin":"D","reportingType":"OM","ideess":"713","idMunicipio":"5284","idProvincia":"36","idCCAA":"12"}}},{"type":"Feature","geometry":{"type":"Point","coordinates":[-8.587833,42.170444]},"properties":{"id":"es-715","source":"ES","brand":"REPSOL","address":"CARRETERA NACIONAL 120 KM. 651","municipality":"Porriño (O)","province":"PONTEVEDRA","postalCode":"36400","schedule":"L-D: 07:00-23:00","fuels":{"gasoline95":1.78,"gasoline98":1.96,"diesel":1.946,"dieselPremium":2.066,"dieselB":1.742},"extra":{"saleType":"P","margin":"I","reportingType":"OM","ideess":"715","idMunicipio":"5310","idProvincia":"36","idCCAA":"12"}}},{"type":"Feature","geometry":{"type":"Point","coordinates":[-8.711444,42.224583]},"properties":{"id":"es-716","source":"ES","brand":"REPSOL","address":"AVENIDA DE MADRID, 66","municipality":"Vigo","province":"PONTEVEDRA","postalCode":"36204","schedule":"L-D: 07:00-23:00","fuels":{"gasoline95":1.76,"gasoline98":1.89,"diesel":1.926,"dieselRenewable":2.046,"lpg":1.135},"extra":{"saleType":"P","margin":"D","reportingType":"OM","ideess":"716","idMunicipio":"5324","idProvincia":"36","idCCAA":"12"}}},{"type":"Feature","geometry":{"type":"Point","coordinates":[-8.670194,42.2915]},"properties":{"id":"es-717","source":"ES","brand":"REPSOL","address":"LUGAR CARRETERA PO-551, 7","municipality":"Moaña","province":"PONTEVEDRA","postalCode":"36957","schedule":"L-D: 07:00-23:00","fuels":{"gasoline95":1.776,"gasoline98":1.896,"diesel":1.91,"dieselPremium":2.006},"extra":{"saleType":"P","margin":"D","reportingType":"OM","ideess":"717","idMunicipio":"5296","idProvincia":"36","idCCAA":"12"}}},{"type":"Feature","geometry":{"type":"Point","coordinates":[-8.670111,42.29125]},"properties":{"id":"es-718","source":"ES","brand":"REPSOL","address":"CALLE CARRETERA PO-551, 7","municipality":"Moaña","province":"PONTEVEDRA","postalCode":"36957","schedule":"L-D: 07:00-23:00","fuels":{"gasoline95":1.776,"gasoline98":1.896,"diesel":1.91,"dieselPremium":2.006},"extra":{"saleType":"P","margin":"I","reportingType":"OM","ideess":"718","idMunicipio":"5296","idProvincia":"36","idCCAA":"12"}}},{"type":"Feature","geometry":{"type":"Point","coordinates":[-8.784722,42.289444]},"properties":{"id":"es-720","source":"ES","brand":"MOEVE","address":"CARRETERA PO-551 KM. 15,4","municipality":"Cangas","province":"PONTEVEDRA","postalCode":"36940","schedule":"L-D: 07:00-23:00","fuels":{"gasoline95":1.759,"gasoline95Premium":1.859,"gasoline98":1.889,"diesel":1.899,"dieselPremium":1.989,"lpg":1.129},"extra":{"saleType":"P","margin":"D","reportingType":"OM","ideess":"720","idMunicipio":"5275","idProvincia":"36","idCCAA":"12"}}},{"type":"Feature","geometry":{"type":"Point","coordinates":[-8.543778,42.536194]},"properties":{"id":"es-721","source":"ES","brand":"CEPSA","address":"PO-231 km 0,2","municipality":"Campo Lameiro","province":"PONTEVEDRA","postalCode":"36110","schedule":"L-V: 07:30-22:00; S: 08:00-22:00; D: 08:30-15:00","fuels":{"gasoline95":1.735,"diesel":1.839,"dieselPremium":1.899},"extra":{"saleType":"P","margin":"D","reportingType":"dm","ideess":"721","idMunicipio":"5274","idProvincia":"36","idCCAA":"12"}}},{"type":"Feature","geometry":{"type":"Point","coordinates":[-8.717917,42.238472]},"properties":{"id":"es-722","source":"ES","brand":"REPSOL","address":"CALLE REPUBLICA ARGENTINA, 8","municipality":"Vigo","province":"PONTEVEDRA","postalCode":"36201","schedule":"L-S: 07:30-22:30; D: 07:30-15:00","fuels":{"gasoline95":1.809,"gasoline98":1.969,"diesel":1.899,"dieselPremium":1.979},"extra":{"saleType":"P","margin":"D","reportingType":"dm","ideess":"722","idMunicipio":"5324","idProvincia":"36","idCCAA":"12"}}},{"type":"Feature","geometry":{"type":"Point","coordinates":[-8.600306,42.422333]},"properties":{"id":"es-723","source":"ES","brand":"REPSOL","address":"CARRETERA LA HERMIDA -MARCON KM. 3","municipality":"Pontevedra","province":"PONTEVEDRA","postalCode":"36154","schedule":"L-V: 07:00-22:30; S: 07:30-22:30; D: 09:30-22:00","fuels":{"gasoline95":1.776,"gasoline98":1.906,"diesel":1.94,"dieselRenewable":2.06},"extra":{"saleType":"P","margin":"D","reportingType":"OM","ideess":"723","idMunicipio":"5309","idProvincia":"36","idCCAA":"12"}}},{"type":"Feature","geometry":{"type":"Point","coordinates":[-8.862167,42.472194]},"properties":{"id":"es-725","source":"ES","brand":"REPSOL","address":"CR PO-316 ,P.K. 3,3","municipality":"Grove (O)","province":"PONTEVEDRA","postalCode":"36980","schedule":"L-D: 07:00-23:00","fuels":{"gasoline95":1.81,"gasoline98":1.94,"diesel":1.97,"dieselPremium":2.07},"extra":{"saleType":"P","margin":"I","reportingType":"OM","ideess":"725","idMunicipio":"5288","idProvincia":"36","idCCAA":"12"}}},{"type":"Feature","geometry":{"type":"Point","coordinates":[-8.756111,42.536417]},"properties":{"id":"es-726","source":"ES","brand":"REPSOL","address":"CARRETERA CAMBADOS-NOGUEIRA KM. 8","municipality":"Vilanova de Arousa","province":"PONTEVEDRA","postalCode":"36620","schedule":"L-V: 07:00-23:00; S-D: 08:30-23:00","fuels":{"gasoline95":1.799,"gasoline98":1.929,"diesel":1.919,"dieselPremium":1.999,"dieselB":1.629},"extra":{"saleType":"P","margin":"D","reportingType":"dm","ideess":"726","idMunicipio":"5328","idProvincia":"36","idCCAA":"12"}}},{"type":"Feature","geometry":{"type":"Point","coordinates":[-8.046056,42.566222]},"properties":{"id":"es-728","source":"ES","brand":"PETRONOR","address":"AVENIDA DOCTOR IGLESIAS, 0","municipality":"Dozón","province":"PONTEVEDRA","postalCode":"36518","schedule":"L-V: 07:00-22:30; S-D: 09:00-22:30","fuels":{"gasoline95":1.76,"diesel":1.906,"dieselPremium":2.006,"dieselB":1.692},"extra":{"saleType":"P","margin":"I","reportingType":"OM","ideess":"728","idMunicipio":"5283","idProvincia":"36","idCCAA":"12"}}},{"type":"Feature","geometry":{"type":"Point","coordinates":[-8.017417,42.513028]},"properties":{"id":"es-729","source":"ES","brand":"CEPSA","address":"CARRETERA NAC 525 KM. 267,8","municipality":"Piñor","province":"OURENSE","postalCode":"32138","schedule":"L-D: 07:00-23:00","fuels":{"gasoline95":1.759,"gasoline98":1.849,"diesel":1.879,"dieselPremium":1.939,"dieselB":1.599,"adblue":0.9},"extra":{"saleType":"P","margin":"D","reportingType":"dm","ideess":"729","idMunicipio":"4929","idProvincia":"32","idCCAA":"12"}}},{"type":"Feature","geometry":{"type":"Point","coordinates":[-8.771389,42.59375]},"properties":{"id":"es-730","source":"ES","brand":"REPSOL","address":"CL VALLE INCLAN, 8","municipality":"Vilagarcía de Arousa","province":"PONTEVEDRA","postalCode":"36600","schedule":"L-S: 09:00-22:00","fuels":{"gasoline95":1.779,"gasoline98":1.899,"diesel":1.905},"extra":{"saleType":"P","margin":"D","reportingType":"dm","ideess":"730","idMunicipio":"5327","idProvincia":"36","idCCAA":"12"}}},{"type":"Feature","geometry":{"type":"Point","coordinates":[-8.761444,42.203917]},"properties":{"id":"es-733","source":"ES","brand":"REPSOL","address":"AVENIDA RICARDO MELLA, S/N","municipality":"Vigo","province":"PONTEVEDRA","postalCode":"36213","schedule":"L-D: 07:00-23:00","fuels":{"gasoline95":1.789,"gasoline98":1.909,"diesel":1.949,"dieselRenewable":2.049},"extra":{"saleType":"P","margin":"I","reportingType":"dm","ideess":"733","idMunicipio":"5324","idProvincia":"36","idCCAA":"12"}}},{"type":"Feature","geometry":{"type":"Point","coordinates":[-8.802806,42.477278]},"properties":{"id":"es-735","source":"ES","brand":"REPSOL","address":"CARRETERA CARRETERA COMARCAL PO-550 KM. 35550","municipality":"Cambados","province":"PONTEVEDRA","postalCode":"36630","schedule":"L-D: 07:00-23:00","fuels":{"gasoline95":1.769,"gasoline98":1.869,"diesel":1.859,"dieselPremium":1.899},"extra":{"saleType":"P","margin":"D","reportingType":"dm","ideess":"735","idMunicipio":"5273","idProvincia":"36","idCCAA":"12"}}},{"type":"Feature","geometry":{"type":"Point","coordinates":[-8.802444,42.477722]},"properties":{"id":"es-736","source":"ES","brand":"REPSOL","address":"CARRETERA CARRETERA COMARCAL PO-550 KM. 35550","municipality":"Cambados","province":"PONTEVEDRA","postalCode":"36639","schedule":"L-D: 07:00-00:00","fuels":{"gasoline95":1.769,"gasoline98":1.869,"diesel":1.859,"dieselPremium":1.899,"dieselB":1.629,"adblue":0.95},"extra":{"saleType":"P","margin":"I","reportingType":"dm","ideess":"736","idMunicipio":"5273","idProvincia":"36","idCCAA":"12"}}},{"type":"Feature","geometry":{"type":"Point","coordinates":[-8.748444,42.641389]},"properties":{"id":"es-739","source":"ES","brand":"REPSOL","address":"AVENIDA COMPOSTELA, 121","municipality":"Vilagarcía de Arousa","province":"PONTEVEDRA","postalCode":"36618","schedule":"L-D: 06:30-23:00","fuels":{"gasoline95":1.76,"gasoline98":1.94,"diesel":1.92,"dieselPremium":2.03,"dieselB":1.682},"extra":{"saleType":"P","margin":"D","reportingType":"OM","ideess":"739","idMunicipio":"5327","idProvincia":"36","idCCAA":"12"}}},{"type":"Feature","geometry":{"type":"Point","coordinates":[-8.60775,42.290389]},"properties":{"id":"es-741","source":"ES","brand":"REPSOL","address":"AVENIDA SANTA MARINA, 98","municipality":"Redondela","province":"PONTEVEDRA","postalCode":"36800","schedule":"L-V: 06:00-22:00","fuels":{"gasoline95":1.789,"gasoline98":1.929,"diesel":1.899,"dieselRenewable":1.999,"adblue":1.4},"extra":{"saleType":"P","margin":"D","reportingType":"dm","ideess":"741","idMunicipio":"5312","idProvincia":"36","idCCAA":"12"}}},{"type":"Feature","geometry":{"type":"Point","coordinates":[-8.607722,42.290361]},"properties":{"id":"es-742","source":"ES","brand":"REPSOL","address":"AVENIDA SANTA MARINA, 98","municipality":"Redondela","province":"PONTEVEDRA","postalCode":"36800","schedule":"L-D: 07:00-00:00","fuels":{"gasoline95":1.789,"gasoline98":1.929,"diesel":1.899,"dieselRenewable":1.999},"extra":{"saleType":"P","margin":"I","reportingType":"dm","ideess":"742","idMunicipio":"5312","idProvincia":"36","idCCAA":"12"}}},{"type":"Feature","geometry":{"type":"Point","coordinates":[-8.693944,42.393306]},"properties":{"id":"es-743","source":"ES","brand":"REPSOL","address":"CALLE O FORTE, 27","municipality":"Marín","province":"PONTEVEDRA","postalCode":"36900","schedule":"L-S: 07:30-22:00; D: 08:30-14:30","fuels":{"gasoline95":1.79,"diesel":1.93,"dieselPremium":2.03},"extra":{"saleType":"P","margin":"D","reportingType":"OM","ideess":"743","idMunicipio":"5293","idProvincia":"36","idCCAA":"12"}}},{"type":"Feature","geometry":{"type":"Point","coordinates":[-8.693639,42.246306]},"properties":{"id":"es-744","source":"ES","brand":"REPSOL","address":"RUA TRAVESIA DE VIGO, 239","municipality":"Vigo","province":"PONTEVEDRA","postalCode":"36207","schedule":"L-D: 24H","fuels":{"gasoline95":1.798,"gasoline98":1.928,"diesel":1.898,"dieselPremium":1.968,"adblue":1.118},"extra":{"saleType":"P","margin":"I","reportingType":"dm","ideess":"744","idMunicipio":"5324","idProvincia":"36","idCCAA":"12"}}},{"type":"Feature","geometry":{"type":"Point","coordinates":[-8.655722,42.234972]},"properties":{"id":"es-745","source":"ES","brand":"REPSOL","address":"AVENIDA AEROPUERTO, 473","municipality":"Vigo","province":"PONTEVEDRA","postalCode":"36318","schedule":"L-D: 07:00-23:00","fuels":{"gasoline95":1.789,"gasoline98":1.929,"diesel":1.899,"dieselPremium":1.999},"extra":{"saleType":"P","margin":"I","reportingType":"dm","ideess":"745","idMunicipio":"5324","idProvincia":"36","idCCAA":"12"}}},{"type":"Feature","geometry":{"type":"Point","coordinates":[-8.657083,42.233889]},"properties":{"id":"es-746","source":"ES","brand":"REPSOL","address":"AVENIDA AEROPUERTO (CTRA. N-556, KM 5), 532","municipality":"Vigo","province":"PONTEVEDRA","postalCode":"36318","schedule":"L-D: 07:00-23:00","fuels":{"gasoline95":1.789,"gasoline98":1.929,"diesel":1.899,"dieselPremium":1.999,"adblue":1.4},"extra":{"saleType":"P","margin":"N","reportingType":"dm","ideess":"746","idMunicipio":"5324","idProvincia":"36","idCCAA":"12"}}},{"type":"Feature","geometry":{"type":"Point","coordinates":[-8.602528,42.443694]},"properties":{"id":"es-748","source":"ES","brand":"PLENERGY","address":"CARRETERA N-541 KM. 89,2","municipality":"Pontevedra","province":"PONTEVEDRA","postalCode":"36164","schedule":"L-D: 24H","fuels":{"gasoline95":1.579,"diesel":1.579},"extra":{"saleType":"P","margin":"D","reportingType":"dm","ideess":"748","idMunicipio":"5309","idProvincia":"36","idCCAA":"12"}}},{"type":"Feature","geometry":{"type":"Point","coordinates":[-8.199083,42.273139]},"properties":{"id":"es-751","source":"ES","brand":"MOEVE","address":"CARRETERA NACIONAL 120 KM. 604,5","municipality":"Melón","province":"OURENSE","postalCode":"32411","schedule":"L-S: 08:00-23:00; D: 09:00-23:00","fuels":{"gasoline95":1.779,"gasoline98":1.917,"diesel":1.929,"dieselPremium":2.019},"extra":{"saleType":"P","margin":"D","reportingType":"dm","ideess":"751","idMunicipio":"4914","idProvincia":"32","idCCAA":"12"}}},{"type":"Feature","geometry":{"type":"Point","coordinates":[-8.636361,42.398417]},"properties":{"id":"es-754","source":"ES","brand":"REPSOL","address":"CR N-550, 126,4","municipality":"Pontevedra","province":"PONTEVEDRA","postalCode":"36143","schedule":"L-D: 07:00-23:00","fuels":{"gasoline95":1.78,"gasoline98":1.94,"diesel":1.92,"dieselPremium":2.04,"lpg":1.139},"extra":{"saleType":"P","margin":"I","reportingType":"OM","ideess":"754","idMunicipio":"5309","idProvincia":"36","idCCAA":"12"}}},{"type":"Feature","geometry":{"type":"Point","coordinates":[-8.246028,42.374361]},"properties":{"id":"es-755","source":"ES","brand":"REPSOL","address":"CR OR-212, 15 (OR-212 km 15,3)","municipality":"Avión","province":"OURENSE","postalCode":"32435","schedule":"L-V: 07:00-22:00; S-D: 08:00-22:00","fuels":{"gasoline95":1.809,"gasoline98":1.949,"diesel":1.959},"extra":{"saleType":"P","margin":"D","reportingType":"dm","ideess":"755","idMunicipio":"4875","idProvincia":"32","idCCAA":"12"}}},{"type":"Feature","geometry":{"type":"Point","coordinates":[-8.727583,42.37375]},"properties":{"id":"es-756","source":"ES","brand":"REPSOL","address":"AVENIDA DOCTOR OTERO ULLOA, 1","municipality":"Marín","province":"PONTEVEDRA","postalCode":"36913","schedule":"L-D: 06:00-23:00","fuels":{"gasoline95":1.796,"gasoline98":1.926,"diesel":1.936,"dieselPremium":2.006},"extra":{"saleType":"P","margin":"I","reportingType":"OM","ideess":"756","idMunicipio":"5293","idProvincia":"36","idCCAA":"12"}}},{"type":"Feature","geometry":{"type":"Point","coordinates":[-8.659778,42.421333]},"properties":{"id":"es-759","source":"ES","brand":"REPSOL","address":"RUA ROSALIA DE CASTRO, 125","municipality":"Pontevedra","province":"PONTEVEDRA","postalCode":"36001","schedule":"L-D: 07:00-23:00","fuels":{"gasoline95":1.749,"gasoline98":1.859,"diesel":1.899,"dieselPremium":1.959,"adblue":0.9},"extra":{"saleType":"P","margin":"I","reportingType":"dm","ideess":"759","idMunicipio":"5309","idProvincia":"36","idCCAA":"12"}}},{"type":"Feature","geometry":{"type":"Point","coordinates":[-8.754778,42.202528]},"properties":{"id":"es-761","source":"ES","brand":"REPSOL","address":"CALLE SAN ANDRES DE COMESAÑA, 16","municipality":"Vigo","province":"PONTEVEDRA","postalCode":"36213","schedule":"L-D: 07:00-23:00","fuels":{"gasoline95":1.78,"gasoline98":1.91,"diesel":1.946,"dieselPremium":2.056},"extra":{"saleType":"P","margin":"D","reportingType":"OM","ideess":"761","idMunicipio":"5324","idProvincia":"36","idCCAA":"12"}}},{"type":"Feature","geometry":{"type":"Point","coordinates":[-8.733278,42.233611]},"properties":{"id":"es-762","source":"ES","brand":"REPSOL","address":"AVENIDA BEIRAMAR, 53","municipality":"Vigo","province":"PONTEVEDRA","postalCode":"36202","schedule":"L-D: 24H","fuels":{"gasoline95":1.829,"gasoline98":2.029,"diesel":1.949,"dieselPremium":2.029,"adblue":1.15},"extra":{"saleType":"P","margin":"D","reportingType":"dm","ideess":"762","idMunicipio":"5324","idProvincia":"36","idCCAA":"12"}}},{"type":"Feature","geometry":{"type":"Point","coordinates":[-8.649917,42.640028]},"properties":{"id":"es-763","source":"ES","brand":"CRP","address":"CARRETERA NACIONAL 550 KM. 95","municipality":"Caldas de Reis","province":"PONTEVEDRA","postalCode":"36659","schedule":"L-V: 07:00-23:00; S-D: 07:30-22:30","fuels":{"gasoline95":1.755,"diesel":1.888,"adblue":1.098},"extra":{"saleType":"P","margin":"D","reportingType":"dm","ideess":"763","idMunicipio":"5272","idProvincia":"36","idCCAA":"12"}}},{"type":"Feature","geometry":{"type":"Point","coordinates":[-8.648333,42.635]},"properties":{"id":"es-764","source":"ES","brand":"CRP","address":"CARRETERA NAC. 550 KM. 95","municipality":"Caldas de Reis","province":"PONTEVEDRA","postalCode":"36659","schedule":"L-V: 07:00-23:00; S-D: 07:30-22:30","fuels":{"gasoline95":1.659,"diesel":1.733},"extra":{"saleType":"P","margin":"I","reportingType":"dm","ideess":"764","idMunicipio":"5272","idProvincia":"36","idCCAA":"12"}}},{"type":"Feature","geometry":{"type":"Point","coordinates":[-8.405361,42.532278]},"properties":{"id":"es-765","source":"ES","brand":"REPSOL","address":"CARRETERA N-541 KM. 65","municipality":"Cerdedo","province":"PONTEVEDRA","postalCode":"36130","schedule":"L-D: 07:00-23:00","fuels":{"gasoline95":1.8,"gasoline98":1.98,"diesel":1.916,"dieselPremium":2.006},"extra":{"saleType":"P","margin":"D","reportingType":"OM","ideess":"765","idMunicipio":"5278","idProvincia":"36","idCCAA":"12"}}},{"type":"Feature","geometry":{"type":"Point","coordinates":[-8.40525,42.532444]},"properties":{"id":"es-766","source":"ES","brand":"REPSOL","address":"CARRETERA N-541 KM. 65","municipality":"Cerdedo","province":"PONTEVEDRA","postalCode":"36130","schedule":"L-D: 07:00-23:00","fuels":{"gasoline95":1.8,"gasoline98":1.98,"diesel":1.916,"dieselPremium":2.006},"extra":{"saleType":"P","margin":"I","reportingType":"OM","ideess":"766","idMunicipio":"5278","idProvincia":"36","idCCAA":"12"}}},{"type":"Feature","geometry":{"type":"Point","coordinates":[-8.024778,42.762389]},"properties":{"id":"es-773","source":"ES","brand":"REPSOL","address":"AVENIDA AVDA DEL AYUNTAMIENTO, 1","municipality":"Agolada","province":"PONTEVEDRA","postalCode":"36520","schedule":"L-V: 07:30-22:30; S-D: 08:00-22:30","fuels":{"gasoline95":1.76,"diesel":1.91,"dieselPremium":1.99,"dieselB":1.736},"extra":{"saleType":"P","margin":"I","reportingType":"OM","ideess":"773","idMunicipio":"5267","idProvincia":"36","idCCAA":"12"}}},{"type":"Feature","geometry":{"type":"Point","coordinates":[-8.078639,42.425556]},"properties":{"id":"es-774","source":"ES","brand":"REPSOL","address":"CARRETERA RIBADAVIA, 57 KM. 4","municipality":"Carballiño (O)","province":"OURENSE","postalCode":"32500","schedule":"L-S: 07:00-22:30","fuels":{"gasoline95":1.798,"diesel":1.919,"dieselB":1.597,"dieselRenewable":1.996},"extra":{"saleType":"P","margin":"D","reportingType":"dm","ideess":"774","idMunicipio":"4890","idProvincia":"32","idCCAA":"12"}}},{"type":"Feature","geometry":{"type":"Point","coordinates":[-8.273944,42.517833]},"properties":{"id":"es-775","source":"ES","brand":"REPSOL","address":"CR N-541, 51,5","municipality":"Forcarei","province":"PONTEVEDRA","postalCode":"36556","schedule":"L: 00:07-23:00","fuels":{"gasoline95":1.8,"gasoline98":1.94,"diesel":1.91,"dieselPremium":1.98,"dieselB":1.682},"extra":{"saleType":"P","margin":"D","reportingType":"OM","ideess":"775","idMunicipio":"5285","idProvincia":"36","idCCAA":"12"}}},{"type":"Feature","geometry":{"type":"Point","coordinates":[-8.622528,42.147389]},"properties":{"id":"es-780","source":"ES","brand":"REPSOL","address":"CARRETERA ATIOS KM. 555","municipality":"Porriño (O)","province":"PONTEVEDRA","postalCode":"36418","schedule":"L-D: 07:00-23:00","fuels":{"gasoline95":1.78,"gasoline98":1.96,"diesel":1.926,"dieselPremium":2.046},"extra":{"saleType":"P","margin":"D","reportingType":"OM","ideess":"780","idMunicipio":"5310","idProvincia":"36","idCCAA":"12"}}},{"type":"Feature","geometry":{"type":"Point","coordinates":[-8.636444,42.398583]},"properties":{"id":"es-781","source":"ES","brand":"REPSOL","address":"CR N-550, 126,4","municipality":"Pontevedra","province":"PONTEVEDRA","postalCode":"36143","schedule":"L-D: 07:00-23:00","fuels":{"gasoline95":1.78,"gasoline98":1.94,"diesel":1.92,"dieselPremium":2.04},"extra":{"saleType":"P","margin":"D","reportingType":"OM","ideess":"781","idMunicipio":"5309","idProvincia":"36","idCCAA":"12"}}},{"type":"Feature","geometry":{"type":"Point","coordinates":[-8.711667,42.670111]},"properties":{"id":"es-782","source":"ES","brand":"REPSOL","address":"CARRETERA PO-548 KM. 7,8","municipality":"Catoira","province":"PONTEVEDRA","postalCode":"36612","schedule":"L-D: 07:00-23:00","fuels":{"gasoline95":1.76,"gasoline98":1.89,"diesel":1.926,"dieselRenewable":2.046},"extra":{"saleType":"P","margin":"I","reportingType":"OM","ideess":"782","idMunicipio":"5277","idProvincia":"36","idCCAA":"12"}}},{"type":"Feature","geometry":{"type":"Point","coordinates":[-8.760083,42.111722]},"properties":{"id":"es-783","source":"ES","brand":"REPSOL","address":"PLAZA SAN BIEITO, 4","municipality":"Gondomar","province":"PONTEVEDRA","postalCode":"36380","schedule":"L-D: 07:00-23:00","fuels":{"gasoline95":1.769,"gasoline98":1.899,"diesel":1.949,"dieselPremium":2.069},"extra":{"saleType":"P","margin":"D","reportingType":"dm","ideess":"783","idMunicipio":"5287","idProvincia":"36","idCCAA":"12"}}},{"type":"Feature","geometry":{"type":"Point","coordinates":[-8.883583,42.031944]},"properties":{"id":"es-784","source":"ES","brand":"REPSOL","address":"CALLE VILLADESUSO, 15","municipality":"Oia","province":"PONTEVEDRA","postalCode":"36309","schedule":"L-D: 07:00-23:00","fuels":{"gasoline95":1.789,"gasoline98":1.919,"diesel":1.949,"dieselPremium":2.029},"extra":{"saleType":"P","margin":"D","reportingType":"dm","ideess":"784","idMunicipio":"5303","idProvincia":"36","idCCAA":"12"}}},{"type":"Feature","geometry":{"type":"Point","coordinates":[-8.64775,42.041444]},"properties":{"id":"es-785","source":"ES","brand":"REPSOL","address":"AVENIDA PORTUGAL, S/N","municipality":"Tui","province":"PONTEVEDRA","postalCode":"36700","schedule":"L-D: 24H","fuels":{"gasoline95":1.749,"gasoline98":1.949,"diesel":1.819,"dieselRenewable":1.919,"lpg":1.099,"adblue":0.799},"extra":{"saleType":"P","margin":"I","reportingType":"dm","ideess":"785","idMunicipio":"5322","idProvincia":"36","idCCAA":"12"}}},{"type":"Feature","geometry":{"type":"Point","coordinates":[-8.111722,42.655056]},"properties":{"id":"es-788","source":"ES","brand":"REPSOL","address":"AVENIDA BUENOS AIRES, 0","municipality":"Lalín","province":"PONTEVEDRA","postalCode":"36500","schedule":"L-D: 07:00-23:00","fuels":{"gasoline95":1.78,"gasoline98":1.91,"diesel":1.906,"dieselPremium":1.976,"dieselB":1.726,"lpg":1.105},"extra":{"saleType":"P","margin":"D","reportingType":"OM","ideess":"788","idMunicipio":"5291","idProvincia":"36","idCCAA":"12"}}},{"type":"Feature","geometry":{"type":"Point","coordinates":[-8.656444,42.501889]},"properties":{"id":"es-789","source":"ES","brand":"REPSOL","address":"CARRETERA PO531 KM. 8","municipality":"Barro","province":"PONTEVEDRA","postalCode":"36692","schedule":"L-V: 06:30-23:00; S: 07:00-23:00; D: 08:00-23:00","fuels":{"gasoline95":1.78,"diesel":1.92,"dieselPremium":2.01},"extra":{"saleType":"P","margin":"D","reportingType":"OM","ideess":"789","idMunicipio":"5270","idProvincia":"36","idCCAA":"12"}}},{"type":"Feature","geometry":{"type":"Point","coordinates":[-8.656806,42.5015]},"properties":{"id":"es-790","source":"ES","brand":"REPSOL","address":"CARRETERA PO531 KM. 8,3","municipality":"Barro","province":"PONTEVEDRA","postalCode":"36692","schedule":"L-V: 06:30-23:00; S: 07:00-23:00; D: 08:00-23:00","fuels":{"gasoline95":1.78,"gasoline95Premium":1.85,"gasoline98":1.96,"diesel":1.92,"dieselPremium":2.01},"extra":{"saleType":"P","margin":"I","reportingType":"OM","ideess":"790","idMunicipio":"5270","idProvincia":"36","idCCAA":"12"}}},{"type":"Feature","geometry":{"type":"Point","coordinates":[-8.684222,42.234583]},"properties":{"id":"es-792","source":"ES","brand":"MOEVE","address":"TRAVESIA DE VIGO, 242","municipality":"Vigo","province":"PONTEVEDRA","postalCode":"36207","schedule":"L-D: 07:00-23:00","fuels":{"gasoline95":1.798,"gasoline98":1.928,"diesel":1.898,"dieselPremium":1.968,"adblue":1.134},"extra":{"saleType":"P","margin":"D","reportingType":"dm","ideess":"792","idMunicipio":"5324","idProvincia":"36","idCCAA":"12"}}},{"type":"Feature","geometry":{"type":"Point","coordinates":[-8.747639,42.589833]},"properties":{"id":"es-795","source":"ES","brand":"CEPSA","address":"AVDA. PONTEVEDRA, 47 (N-640 km 236,7)","municipality":"Vilagarcía de Arousa","province":"PONTEVEDRA","postalCode":"36600","schedule":"L-D: 06:00-22:00","fuels":{"gasoline95":1.779,"gasoline95Premium":1.869,"diesel":1.919,"dieselPremium":2.009},"extra":{"saleType":"P","margin":"D","reportingType":"OM","ideess":"795","idMunicipio":"5327","idProvincia":"36","idCCAA":"12"}}},{"type":"Feature","geometry":{"type":"Point","coordinates":[-8.563444,42.632167]},"properties":{"id":"es-797","source":"ES","brand":"REPSOL","address":"CL CRUCE CTRA. CIRCUNVALACION S.N.","municipality":"Cuntis","province":"PONTEVEDRA","postalCode":"36670","schedule":"L-D: 07:00-23:00","fuels":{"gasoline95":1.796,"diesel":1.96,"dieselPremium":2.03},"extra":{"saleType":"P","margin":"D","reportingType":"OM","ideess":"797","idMunicipio":"5282","idProvincia":"36","idCCAA":"12"}}},{"type":"Feature","geometry":{"type":"Point","coordinates":[-8.473917,42.223889]},"properties":{"id":"es-799","source":"ES","brand":"REPSOL","address":"CALLE CONSTITUCION, S/N","municipality":"Mondariz-Balneario","province":"PONTEVEDRA","postalCode":"36890","schedule":"L-D: 07:00-22:00","fuels":{"gasoline95":1.786,"gasoline98":1.966,"diesel":1.956,"dieselPremium":2.036},"extra":{"saleType":"P","margin":"D","reportingType":"OM","ideess":"799","idMunicipio":"5298","idProvincia":"36","idCCAA":"12"}}},{"type":"Feature","geometry":{"type":"Point","coordinates":[-8.643556,42.048722]},"properties":{"id":"es-801","source":"ES","brand":"REPSOL","address":"CALZADA CALVO SOTELO, S/N","municipality":"Tui","province":"PONTEVEDRA","postalCode":"36700","schedule":"L-V: 07:00-22:00; S-D: 08:00-21:00","fuels":{"gasoline95":1.766,"diesel":1.91},"extra":{"saleType":"P","margin":"D","reportingType":"OM","ideess":"801","idMunicipio":"5322","idProvincia":"36","idCCAA":"12"}}},{"type":"Feature","geometry":{"type":"Point","coordinates":[-8.569083,42.102639]},"properties":{"id":"es-802","source":"ES","brand":"PETRONOR","address":"CARRERA LUGAR DE PARDERRUBIAS, S/N","municipality":"Salceda de Caselas","province":"PONTEVEDRA","postalCode":"36473","schedule":"L-V: 07:00-21:00; S-D: 09:00-21:00","fuels":{"gasoline95":1.76,"gasoline95Premium":1.82,"diesel":1.91,"dieselPremium":2.03,"dieselB":1.722},"extra":{"saleType":"P","margin":"I","reportingType":"OM","ideess":"802","idMunicipio":"5316","idProvincia":"36","idCCAA":"12"}}},{"type":"Feature","geometry":{"type":"Point","coordinates":[-8.392167,42.203444]},"properties":{"id":"es-804","source":"ES","brand":"ESTACION DE SERVICIO PARAÑOS","address":"LUGAR PARAÑOS (NACIONAL 120 km 632)","municipality":"Covelo","province":"PONTEVEDRA","postalCode":"36877","schedule":"L-D: 07:00-21:00","fuels":{"gasoline95":1.699,"diesel":1.899},"extra":{"saleType":"P","margin":"N","reportingType":"dm","ideess":"804","idMunicipio":"5280","idProvincia":"36","idCCAA":"12"}}},{"type":"Feature","geometry":{"type":"Point","coordinates":[-8.627417,42.453194]},"properties":{"id":"es-8045","source":"ES","brand":"ERE AREA DE SERVICIO","address":"LUGAR O ARCO, 39","municipality":"Pontevedra","province":"PONTEVEDRA","postalCode":"36001","schedule":"L-D: 07:00-00:00","fuels":{"gasoline95":1.739,"gasoline98":1.829,"diesel":1.799,"dieselPremium":1.849},"extra":{"saleType":"P","margin":"N","reportingType":"dm","ideess":"8045","idMunicipio":"5309","idProvincia":"36","idCCAA":"12"}}},{"type":"Feature","geometry":{"type":"Point","coordinates":[-8.813111,42.411056]},"properties":{"id":"es-807","source":"ES","brand":"BP SANXENXO I","address":"CARRETERA PO-504 KM. 0,42","municipality":"Sanxenxo","province":"PONTEVEDRA","postalCode":"36960","schedule":"L-D: 06:00-00:00","fuels":{"gasoline95":1.879,"gasoline98":2.059,"diesel":1.955,"dieselPremium":2.075,"adblue":1.19},"extra":{"saleType":"P","margin":"D","reportingType":"dm","ideess":"807","idMunicipio":"5318","idProvincia":"36","idCCAA":"12"}}},{"type":"Feature","geometry":{"type":"Point","coordinates":[-8.813639,42.411417]},"properties":{"id":"es-808","source":"ES","brand":"BP SANXENXO II","address":"CARRETERA PO-504 KM. 0,42","municipality":"Sanxenxo","province":"PONTEVEDRA","postalCode":"36960","schedule":"L-D: 07:00-23:00","fuels":{"gasoline95":1.879,"diesel":1.955,"dieselPremium":2.075},"extra":{"saleType":"P","margin":"I","reportingType":"dm","ideess":"808","idMunicipio":"5318","idProvincia":"36","idCCAA":"12"}}},{"type":"Feature","geometry":{"type":"Point","coordinates":[-8.322472,42.105444]},"properties":{"id":"es-810","source":"ES","brand":"REPSOL","address":"CARRETERA PO-400 KM. 18","municipality":"Arbo","province":"PONTEVEDRA","postalCode":"36430","schedule":"L: 07:00-23:00","fuels":{"gasoline95":1.766,"gasoline98":1.926,"diesel":1.868,"dieselPremium":1.928},"extra":{"saleType":"P","margin":"I","reportingType":"dm","ideess":"810","idMunicipio":"5268","idProvincia":"36","idCCAA":"12"}}},{"type":"Feature","geometry":{"type":"Point","coordinates":[-8.662806,42.3185]},"properties":{"id":"es-813","source":"ES","brand":"MOEVE","address":"AU A-9  PONTEVEDRA SUR-VIGO, 13","municipality":"Vilaboa","province":"PONTEVEDRA","postalCode":"36141","schedule":"L-D: 24H","fuels":{"gasoline95":1.799,"gasoline98":1.909,"diesel":1.929,"dieselPremium":2.029,"lpg":1.199},"extra":{"saleType":"P","margin":"D","reportingType":"OM","ideess":"813","idMunicipio":"5326","idProvincia":"36","idCCAA":"12"}}},{"type":"Feature","geometry":{"type":"Point","coordinates":[-8.300528,42.111722]},"properties":{"id":"es-8136","source":"ES","brand":"AVIA","address":"CARRETERA PO-405, BAJADA PUENTE INTERNACIONAL KM 1 KM. 1","municipality":"Arbo","province":"PONTEVEDRA","postalCode":"36430","schedule":"L-D: 24H","fuels":{"gasoline95":1.716,"gasoline98":1.876,"diesel":1.818,"dieselPremium":1.878,"dieselB":1.399,"adblue":0.999},"extra":{"saleType":"P","margin":"I","reportingType":"dm","ideess":"8136","idMunicipio":"5268","idProvincia":"36","idCCAA":"12"}}},{"type":"Feature","geometry":{"type":"Point","coordinates":[-8.662222,42.317667]},"properties":{"id":"es-814","source":"ES","brand":"MOEVE","address":"AU A-9, 144","municipality":"Vilaboa","province":"PONTEVEDRA","postalCode":"36141","schedule":"L-D: 24H","fuels":{"gasoline95":1.799,"gasoline98":1.909,"diesel":1.929,"dieselPremium":2.029,"lpg":1.199},"extra":{"saleType":"P","margin":"I","reportingType":"OM","ideess":"814","idMunicipio":"5326","idProvincia":"36","idCCAA":"12"}}},{"type":"Feature","geometry":{"type":"Point","coordinates":[-8.044833,42.187444]},"properties":{"id":"es-816","source":"ES","brand":"MOEVE","address":"LUGAR SOUTO, 1","municipality":"Ramirás","province":"OURENSE","postalCode":"32811","schedule":"L-D: 07:00-22:00","fuels":{"gasoline95":1.759,"gasoline98":1.879,"diesel":1.859,"dieselPremium":1.919,"dieselB":1.529},"extra":{"saleType":"P","margin":"D","reportingType":"dm","ideess":"816","idMunicipio":"4936","idProvincia":"32","idCCAA":"12"}}},{"type":"Feature","geometry":{"type":"Point","coordinates":[-8.618778,42.349778]},"properties":{"id":"es-8177","source":"ES","brand":"BP BLANCO (MD)","address":"LUGAR PAREDES, 32,33","municipality":"Vilaboa","province":"PONTEVEDRA","postalCode":"36141","schedule":"L-D: 07:00-23:00","fuels":{"gasoline95":1.779,"gasoline98":1.919,"diesel":1.959,"dieselPremium":2.049,"adblue":0.995},"extra":{"saleType":"P","margin":"D","reportingType":"OM","ideess":"8177","idMunicipio":"5326","idProvincia":"36","idCCAA":"12"}}},{"type":"Feature","geometry":{"type":"Point","coordinates":[-8.651722,42.193444]},"properties":{"id":"es-821","source":"ES","brand":"MOEVE","address":"AUTOVIA A-55 KM. 10","municipality":"Mos","province":"PONTEVEDRA","postalCode":"36416","schedule":"L-D: 24H","fuels":{"gasoline95":1.819,"gasoline98":1.929,"diesel":1.949,"dieselPremium":2.049,"adblue":1.1},"extra":{"saleType":"P","margin":"D","reportingType":"dm","ideess":"821","idMunicipio":"5300","idProvincia":"36","idCCAA":"12"}}},{"type":"Feature","geometry":{"type":"Point","coordinates":[-8.651694,42.193861]},"properties":{"id":"es-822","source":"ES","brand":"MOEVE","address":"AUTOVIA A-55 KM. 10","municipality":"Mos","province":"PONTEVEDRA","postalCode":"36416","schedule":"L-D: 07:00-23:00","fuels":{"gasoline95":1.819,"gasoline98":1.929,"diesel":1.949,"dieselPremium":2.049},"extra":{"saleType":"P","margin":"I","reportingType":"dm","ideess":"822","idMunicipio":"5300","idProvincia":"36","idCCAA":"12"}}},{"type":"Feature","geometry":{"type":"Point","coordinates":[-8.026639,42.4535]},"properties":{"id":"es-8221","source":"ES","brand":"AVIA","address":"CTRA. OU-504 (CARBALLIÑO-CEA) km 4,5","municipality":"Carballiño (O)","province":"OURENSE","postalCode":"32500","schedule":"L-D: 24H","fuels":{"gasoline95":1.689,"diesel":1.809,"adblue":0.899},"extra":{"saleType":"P","margin":"I","reportingType":"dm","ideess":"8221","idMunicipio":"4890","idProvincia":"32","idCCAA":"12"}}},{"type":"Feature","geometry":{"type":"Point","coordinates":[-8.625194,42.430444]},"properties":{"id":"es-824","source":"ES","brand":"CEPSA","address":"AVENIDA LUGO, 46","municipality":"Pontevedra","province":"PONTEVEDRA","postalCode":"36004","schedule":"L-D: 24H","fuels":{"gasoline95":1.789,"gasoline98":1.909,"diesel":1.939,"dieselPremium":2.029},"extra":{"saleType":"P","margin":"I","reportingType":"OM","ideess":"824","idMunicipio":"5309","idProvincia":"36","idCCAA":"12"}}},{"type":"Feature","geometry":{"type":"Point","coordinates":[-8.745556,42.225306]},"properties":{"id":"es-825","source":"ES","brand":"MOEVE","address":"AVENIDA ORILLAMAR, 173","municipality":"Vigo","province":"PONTEVEDRA","postalCode":"36208","schedule":"L-V: 06:00-23:00; S-D: 08:00-23:00","fuels":{"gasoline95":1.819,"gasoline98":1.959,"diesel":1.949,"dieselPremium":2.049,"adblue":1.1},"extra":{"saleType":"P","margin":"I","reportingType":"dm","ideess":"825","idMunicipio":"5324","idProvincia":"36","idCCAA":"12"}}},{"type":"Feature","geometry":{"type":"Point","coordinates":[-8.72125,42.190806]},"properties":{"id":"es-826","source":"ES","brand":"REPSOL","address":"AVENIDA CASTRELOS, 524","municipality":"Vigo","province":"PONTEVEDRA","postalCode":"36213","schedule":"L-D: 07:00-23:00","fuels":{"gasoline95":1.78,"gasoline98":1.96,"diesel":1.936,"dieselPremium":2.056},"extra":{"saleType":"P","margin":"D","reportingType":"OM","ideess":"826","idMunicipio":"5324","idProvincia":"36","idCCAA":"12"}}},{"type":"Feature","geometry":{"type":"Point","coordinates":[-8.121,42.664028]},"properties":{"id":"es-8273","source":"ES","brand":"FERVI CC PONTIÑAS","address":"CALLE C.C. PONTIÑAS (CARBALLERIA DA BOTICA, S/N), S/N","municipality":"Lalín","province":"PONTEVEDRA","postalCode":"36500","schedule":"L-D: 24H","fuels":{"gasoline95":1.659,"diesel":1.759},"extra":{"saleType":"P","margin":"N","reportingType":"dm","ideess":"8273","idMunicipio":"5291","idProvincia":"36","idCCAA":"12"}}},{"type":"Feature","geometry":{"type":"Point","coordinates":[-8.718806,42.194333]},"properties":{"id":"es-8274","source":"ES","brand":"REPSOL","address":"CALLE RAMIRO PASCUAL, 18","municipality":"Vigo","province":"PONTEVEDRA","postalCode":"36213","schedule":"L-V: 06:00-23:00; S-D: 07:00-23:00","fuels":{"gasoline95":1.786,"gasoline95Premium":1.846,"gasoline98":1.916,"diesel":1.936,"dieselPremium":2.056},"extra":{"saleType":"P","margin":"D","reportingType":"OM","ideess":"8274","idMunicipio":"5324","idProvincia":"36","idCCAA":"12"}}},{"type":"Feature","geometry":{"type":"Point","coordinates":[-8.801722,42.182917]},"properties":{"id":"es-828","source":"ES","brand":"MOEVE","address":"AVDA. RICARDO MELLA, S/N (PO-325 km 5,8)","municipality":"Vigo","province":"PONTEVEDRA","postalCode":"36390","schedule":"L-D: 07:00-23:00","fuels":{"gasoline95":1.829,"gasoline95Premium":1.896,"gasoline98":1.969,"diesel":1.959,"dieselPremium":2.059},"extra":{"saleType":"P","margin":"D","reportingType":"dm","ideess":"828","idMunicipio":"5324","idProvincia":"36","idCCAA":"12"}}},{"type":"Feature","geometry":{"type":"Point","coordinates":[-8.168417,42.682806]},"properties":{"id":"es-829","source":"ES","brand":"GALP","address":"CARRETERA N-525 KM. 296,200","municipality":"Lalín","province":"PONTEVEDRA","postalCode":"36500","schedule":"L-D: 07:00-23:00","fuels":{"gasoline95":1.719,"gasoline98":1.849,"diesel":1.889,"dieselPremium":1.929},"extra":{"saleType":"P","margin":"N","reportingType":"dm","ideess":"829","idMunicipio":"5291","idProvincia":"36","idCCAA":"12"}}},{"type":"Feature","geometry":{"type":"Point","coordinates":[-8.651139,42.712417]},"properties":{"id":"es-830","source":"ES","brand":"ENI","address":"RUA REDONDO, 56","municipality":"Pontecesures","province":"PONTEVEDRA","postalCode":"36640","schedule":"L: 06:00-23:00","fuels":{"gasoline95":1.729,"gasoline98":1.879,"diesel":1.876,"dieselPremium":1.885,"adblue":0.899},"extra":{"saleType":"P","margin":"D","reportingType":"OM","ideess":"830","idMunicipio":"5308","idProvincia":"36","idCCAA":"12"}}},{"type":"Feature","geometry":{"type":"Point","coordinates":[-8.753444,42.221694]},"properties":{"id":"es-831","source":"ES","brand":"GALP","address":"CALLE TOMAS PAREDES, 6","municipality":"Vigo","province":"PONTEVEDRA","postalCode":"36208","schedule":"L-D: 07:00-23:00","fuels":{"gasoline95":1.739,"gasoline95Premium":1.789,"diesel":1.869,"dieselPremium":1.919},"extra":{"saleType":"P","margin":"N","reportingType":"OM","ideess":"831","idMunicipio":"5324","idProvincia":"36","idCCAA":"12"}}},{"type":"Feature","geometry":{"type":"Point","coordinates":[-8.588611,42.59075]},"properties":{"id":"es-832","source":"ES","brand":"REPSOL","address":"CALLE RUA UNO, 41","municipality":"Moraña","province":"PONTEVEDRA","postalCode":"36660","schedule":"L-V: 07:30-22:30; S-D: 08:30-22:30","fuels":{"gasoline95":1.769,"diesel":1.895},"extra":{"saleType":"P","margin":"D","reportingType":"dm","ideess":"832","idMunicipio":"5299","idProvincia":"36","idCCAA":"12"}}},{"type":"Feature","geometry":{"type":"Point","coordinates":[-8.068528,42.432194]},"properties":{"id":"es-834","source":"ES","brand":"MOEVE","address":"CTRA. ORENSE, 18 (N-541 km 27,6)","municipality":"Carballiño (O)","province":"OURENSE","postalCode":"32500","schedule":"L-D: 06:00-00:00","fuels":{"gasoline95":1.799,"gasoline98":1.919,"diesel":1.919,"dieselPremium":1.999},"extra":{"saleType":"P","margin":"I","reportingType":"OM","ideess":"834","idMunicipio":"4890","idProvincia":"32","idCCAA":"12"}}},{"type":"Feature","geometry":{"type":"Point","coordinates":[-8.130722,42.304083]},"properties":{"id":"es-837","source":"ES","brand":"PETRONOR","address":"CR N-120, 595,9","municipality":"Ribadavia","province":"OURENSE","postalCode":"32400","schedule":"L-D: 07:00-23:00","fuels":{"gasoline95":1.806,"gasoline98":1.936,"diesel":1.96,"dieselPremium":2.03},"extra":{"saleType":"P","margin":"I","reportingType":"OM","ideess":"837","idMunicipio":"4937","idProvincia":"32","idCCAA":"12"}}},{"type":"Feature","geometry":{"type":"Point","coordinates":[-8.763056,42.594583]},"properties":{"id":"es-838","source":"ES","brand":"REPSOL","address":"CALLE SANROQUE/J.CARLOS I, S/N","municipality":"Vilagarcía de Arousa","province":"PONTEVEDRA","postalCode":"36600","schedule":"L-D: 07:00-23:00","fuels":{"gasoline95":1.786,"gasoline98":1.966,"diesel":1.906,"dieselPremium":2.026},"extra":{"saleType":"P","margin":"D","reportingType":"OM","ideess":"838","idMunicipio":"5327","idProvincia":"36","idCCAA":"12"}}},{"type":"Feature","geometry":{"type":"Point","coordinates":[-8.121583,42.665056]},"properties":{"id":"es-840","source":"ES","brand":"REPSOL","address":"CALLE CORREDOIRA, 33","municipality":"Lalín","province":"PONTEVEDRA","postalCode":"36500","schedule":"L-D: 24H","fuels":{"gasoline95":1.78,"gasoline98":1.9,"diesel":1.906,"dieselPremium":1.966,"dieselB":1.726},"extra":{"saleType":"P","margin":"I","reportingType":"OM","ideess":"840","idMunicipio":"5291","idProvincia":"36","idCCAA":"12"}}},{"type":"Feature","geometry":{"type":"Point","coordinates":[-8.643972,42.436444]},"properties":{"id":"es-842","source":"ES","brand":"REPSOL","address":"AVENIDA DOMINGO FONTAN, S/N","municipality":"Pontevedra","province":"PONTEVEDRA","postalCode":"36005","schedule":"L-D: 07:00-23:00","fuels":{"gasoline95":1.79,"gasoline98":1.92,"diesel":1.93,"dieselPremium":2.0},"extra":{"saleType":"P","margin":"D","reportingType":"OM","ideess":"842","idMunicipio":"5309","idProvincia":"36","idCCAA":"12"}}},{"type":"Feature","geometry":{"type":"Point","coordinates":[-8.982833,42.569528]},"properties":{"id":"es-8423","source":"ES","brand":"MOEVE","address":"AVENIDA DE LA CORUÑA, 176","municipality":"Ribeira","province":"CORUÑA (A)","postalCode":"15960","schedule":"L: 24H","fuels":{"gasoline95":1.829,"gasoline98":1.969,"diesel":1.959,"dieselPremium":2.029,"dieselB":1.799,"adblue":1.0},"extra":{"saleType":"P","margin":"N","reportingType":"dm","ideess":"8423","idMunicipio":"2191","idProvincia":"15","idCCAA":"12"}}},{"type":"Feature","geometry":{"type":"Point","coordinates":[-8.657778,42.283139]},"properties":{"id":"es-844","source":"ES","brand":"REPSOL","address":"CALLE CABANAS, 5","municipality":"Redondela","province":"PONTEVEDRA","postalCode":"36811","schedule":"L-D: 07:00-23:00","fuels":{"gasoline95":1.76,"gasoline95Premium":1.83,"gasoline98":1.94,"diesel":1.936,"dieselPremium":2.056},"extra":{"saleType":"P","margin":"I","reportingType":"OM","ideess":"844","idMunicipio":"5312","idProvincia":"36","idCCAA":"12"}}},{"type":"Feature","geometry":{"type":"Point","coordinates":[-8.669083,42.211111]},"properties":{"id":"es-847","source":"ES","brand":"REPSOL","address":"CARRETERA MADRID - VIGO KM. 663,5","municipality":"Vigo","province":"PONTEVEDRA","postalCode":"36214","schedule":"L-D: 24H","fuels":{"gasoline95":1.766,"gasoline95Premium":1.836,"gasoline98":1.906,"diesel":1.926,"dieselPremium":2.046},"extra":{"saleType":"P","margin":"D","reportingType":"OM","ideess":"847","idMunicipio":"5324","idProvincia":"36","idCCAA":"12"}}},{"type":"Feature","geometry":{"type":"Point","coordinates":[-8.668806,42.211556]},"properties":{"id":"es-848","source":"ES","brand":"REPSOL","address":"CARRETERA VIGO- MADRID KM. 663","municipality":"Vigo","province":"PONTEVEDRA","postalCode":"36214","schedule":"L-D: 07:00-23:00","fuels":{"gasoline95":1.766,"gasoline98":1.906,"diesel":1.926,"dieselPremium":2.046,"dieselB":1.742},"extra":{"saleType":"P","margin":"I","reportingType":"OM","ideess":"848","idMunicipio":"5324","idProvincia":"36","idCCAA":"12"}}},{"type":"Feature","geometry":{"type":"Point","coordinates":[-8.785944,42.259083]},"properties":{"id":"es-8495","source":"ES","brand":"SHELL","address":"AVDA.DE BUEU, 1","municipality":"Cangas","province":"PONTEVEDRA","postalCode":"36940","schedule":"L-D: 07:00-23:00","fuels":{"gasoline95":1.759,"gasoline98":1.879,"diesel":1.885,"dieselPremium":1.939},"extra":{"saleType":"P","margin":"N","reportingType":"dm","ideess":"8495","idMunicipio":"5275","idProvincia":"36","idCCAA":"12"}}},{"type":"Feature","geometry":{"type":"Point","coordinates":[-8.674389,42.013472]},"properties":{"id":"es-8496","source":"ES","brand":"CARBUGAL TOMIÑO","address":"CTRA.C-550 (MARGEN DERECHO) km 4","municipality":"Tomiño","province":"PONTEVEDRA","postalCode":"36790","schedule":"L-D: 07:00-23:00","fuels":{"gasoline95":1.649,"gasoline98":1.779,"diesel":1.719,"dieselPremium":1.759,"adblue":0.699},"extra":{"saleType":"P","margin":"D","reportingType":"dm","ideess":"8496","idMunicipio":"5321","idProvincia":"36","idCCAA":"12"}}},{"type":"Feature","geometry":{"type":"Point","coordinates":[-8.674889,42.013694]},"properties":{"id":"es-8497","source":"ES","brand":"CARBUGAL TOMIÑO","address":"CTRA.C-550 (MARGEN ZQUIERDO) km 4","municipality":"Tomiño","province":"PONTEVEDRA","postalCode":"36790","schedule":"L-D: 07:00-23:00","fuels":{"gasoline95":1.649,"gasoline98":1.779,"diesel":1.719,"dieselPremium":1.759},"extra":{"saleType":"P","margin":"I","reportingType":"dm","ideess":"8497","idMunicipio":"5321","idProvincia":"36","idCCAA":"12"}}},{"type":"Feature","geometry":{"type":"Point","coordinates":[-8.719972,42.228889]},"properties":{"id":"es-8498","source":"ES","brand":"REPSOL","address":"PLAZA DE ESPAÑA, 0","municipality":"Vigo","province":"PONTEVEDRA","postalCode":"36203","schedule":"L-D: 24H","fuels":{"gasoline95":1.789,"gasoline98":1.929,"diesel":1.899,"dieselRenewable":1.999,"adblue":1.4},"extra":{"saleType":"P","margin":"N","reportingType":"dm","ideess":"8498","idMunicipio":"5324","idProvincia":"36","idCCAA":"12"}}},{"type":"Feature","geometry":{"type":"Point","coordinates":[-8.708083,42.221778]},"properties":{"id":"es-8499","source":"ES","brand":"PLENERGY","address":"AVDA DE MADRID, 110","municipality":"Vigo","province":"PONTEVEDRA","postalCode":"36204","schedule":"L-D: 24H","fuels":{"gasoline95":1.659,"diesel":1.775},"extra":{"saleType":"P","margin":"D","reportingType":"dm","ideess":"8499","idMunicipio":"5324","idProvincia":"36","idCCAA":"12"}}},{"type":"Feature","geometry":{"type":"Point","coordinates":[-8.749444,42.214556]},"properties":{"id":"es-8500","source":"ES","brand":"REPSOL","address":"CL BAYONA S/N","municipality":"Vigo","province":"PONTEVEDRA","postalCode":"36209","schedule":"L-D: 07:00-23:00","fuels":{"gasoline95":1.759,"gasoline98":1.909,"diesel":1.889,"dieselPremium":1.989},"extra":{"saleType":"P","margin":"N","reportingType":"dm","ideess":"8500","idMunicipio":"5324","idProvincia":"36","idCCAA":"12"}}},{"type":"Feature","geometry":{"type":"Point","coordinates":[-8.495694,42.176389]},"properties":{"id":"es-851","source":"ES","brand":"REPSOL","address":"CR N-120, 643,5","municipality":"Ponteareas","province":"PONTEVEDRA","postalCode":"36860","schedule":"L-D: 06:00-22:00","fuels":{"gasoline95":1.79,"gasoline98":1.96,"diesel":1.95,"dieselPremium":2.03},"extra":{"saleType":"P","margin":"D","reportingType":"OM","ideess":"851","idMunicipio":"5307","idProvincia":"36","idCCAA":"12"}}},{"type":"Feature","geometry":{"type":"Point","coordinates":[-8.496028,42.175472]},"properties":{"id":"es-852","source":"ES","brand":"REPSOL","address":"CR N-120   (LUGAR LAMAZANES), 643,5","municipality":"Ponteareas","province":"PONTEVEDRA","postalCode":"36860","schedule":"L-D: 07:00-23:00","fuels":{"gasoline95":1.79,"gasoline98":1.96,"diesel":1.95,"dieselPremium":2.03},"extra":{"saleType":"P","margin":"I","reportingType":"OM","ideess":"852","idMunicipio":"5307","idProvincia":"36","idCCAA":"12"}}},{"type":"Feature","geometry":{"type":"Point","coordinates":[-8.790389,42.471]},"properties":{"id":"es-8896","source":"ES","brand":"CN","address":"POLIGONO INDUSTRIAL A PEDREIRA, 22","municipality":"Meaño","province":"PONTEVEDRA","postalCode":"36968","schedule":"L-D: 07:00-23:00","fuels":{"gasoline95":1.609,"diesel":1.769},"extra":{"saleType":"P","margin":"I","reportingType":"dm","ideess":"8896","idMunicipio":"5294","idProvincia":"36","idCCAA":"12"}}},{"type":"Feature","geometry":{"type":"Point","coordinates":[-8.308333,42.784194]},"properties":{"id":"es-8920","source":"ES","brand":"EE.SS. CAMANZO","address":"CARRETERA PO 260 KM. 3,700","municipality":"Vila de Cruces","province":"PONTEVEDRA","postalCode":"36590","schedule":"L-D: 07:30-22:30","fuels":{"gasoline95":1.682,"gasoline98":1.848,"diesel":1.77,"dieselPremium":1.83,"dieselB":1.476,"adblue":0.85},"extra":{"saleType":"P","margin":"I","reportingType":"dm","ideess":"8920","idMunicipio":"5325","idProvincia":"36","idCCAA":"12"}}},{"type":"Feature","geometry":{"type":"Point","coordinates":[-8.861972,42.997861]},"properties":{"id":"es-8942","source":"ES","brand":"E.S. MUIÑO GRANDE","address":"LUGAR SAN ANDRES-A PEREIRA (AC-400 KM 61.0), 0","municipality":"Santa Comba","province":"CORUÑA (A)","postalCode":"15840","schedule":"L-D: 07:00-23:00","fuels":{"gasoline95":1.659,"gasoline98":1.759,"diesel":1.759,"dieselPremium":1.859,"dieselB":1.659,"adblue":0.87},"extra":{"saleType":"P","margin":"D","reportingType":"dm","ideess":"8942","idMunicipio":"2195","idProvincia":"15","idCCAA":"12"}}},{"type":"Feature","geometry":{"type":"Point","coordinates":[-8.595722,42.236611]},"properties":{"id":"es-9175","source":"ES","brand":"REPSOL","address":"CARRETERA REDONDELA - PORRIÑO N-550 KM. 148","municipality":"Mos","province":"PONTEVEDRA","postalCode":"36415","schedule":"L-V: 07:00-23:00","fuels":{"gasoline95":1.789,"gasoline98":1.929,"diesel":1.899,"dieselPremium":1.999},"extra":{"saleType":"P","margin":"D","reportingType":"dm","ideess":"9175","idMunicipio":"5300","idProvincia":"36","idCCAA":"12"}}},{"type":"Feature","geometry":{"type":"Point","coordinates":[-8.595361,42.236639]},"properties":{"id":"es-9179","source":"ES","brand":"REPSOL","address":"CARRETERA REDONDELA-PORRIÑO N-550 KM. 148","municipality":"Mos","province":"PONTEVEDRA","postalCode":"36415","schedule":"L-D: 07:00-23:00","fuels":{"gasoline95":1.789,"gasoline98":1.929,"diesel":1.899,"dieselPremium":1.999,"adblue":1.4},"extra":{"saleType":"P","margin":"I","reportingType":"dm","ideess":"9179","idMunicipio":"5300","idProvincia":"36","idCCAA":"12"}}},{"type":"Feature","geometry":{"type":"Point","coordinates":[-8.652861,42.72575]},"properties":{"id":"es-9307","source":"ES","brand":"REPSOL","address":"JOSE NOVO S/N (NACIONAL 550 km 89)","municipality":"Pontecesures","province":"PONTEVEDRA","postalCode":"36640","schedule":"L-D: 07:00-20:00","fuels":{"gasoline95":1.8,"gasoline98":1.93,"diesel":1.966,"dieselRenewable":2.086},"extra":{"saleType":"P","margin":"I","reportingType":"OM","ideess":"9307","idMunicipio":"5308","idProvincia":"36","idCCAA":"12"}}},{"type":"Feature","geometry":{"type":"Point","coordinates":[-8.671167,42.85375]},"properties":{"id":"es-9317","source":"ES","brand":"GALP","address":"CARRETERA AC-543 KM. 9,00","municipality":"Brión","province":"CORUÑA (A)","postalCode":"15280","schedule":"L-D: 07:00-23:00","fuels":{"gasoline95":1.755,"gasoline98":1.938,"diesel":1.888,"dieselPremium":2.064,"adblue":1.098},"extra":{"saleType":"P","margin":"D","reportingType":"dm","ideess":"9317","idMunicipio":"2130","idProvincia":"15","idCCAA":"12"}}},{"type":"Feature","geometry":{"type":"Point","coordinates":[-8.629167,42.864361]},"properties":{"id":"es-9321","source":"ES","brand":"GALP","address":"SANTIAGO-NOIA km 7,51","municipality":"Ames","province":"CORUÑA (A)","postalCode":"15228","schedule":"L-V: 07:00-23:00; S-D: 07:30-23:00","fuels":{"gasoline95":1.755,"gasoline98":1.938,"diesel":1.888,"dieselPremium":2.064,"dieselB":1.755,"lpg":0.988,"adblue":1.098},"extra":{"saleType":"P","margin":"I","reportingType":"dm","ideess":"9321","idMunicipio":"2119","idProvincia":"15","idCCAA":"12"}}},{"type":"Feature","geometry":{"type":"Point","coordinates":[-8.548667,42.876111]},"properties":{"id":"es-9322","source":"ES","brand":"GALP","address":"XOAN CARLOS I S/N","municipality":"Santiago de Compostela","province":"CORUÑA (A)","postalCode":"15706","schedule":"L-V: 07:00-23:00; S: 07:30-23:00; D: 09:00-22:00","fuels":{"gasoline95":1.699,"diesel":1.798,"adblue":1.098},"extra":{"saleType":"P","margin":"D","reportingType":"dm","ideess":"9322","idMunicipio":"2196","idProvincia":"15","idCCAA":"12"}}},{"type":"Feature","geometry":{"type":"Point","coordinates":[-8.578972,42.407222]},"properties":{"id":"es-9324","source":"ES","brand":"GALP ENERGIA","address":"LUGAR REIGOSA KM 531, S/N","municipality":"Ponte Caldelas","province":"PONTEVEDRA","postalCode":"36820","schedule":"L-V: 07:00-22:00; S-D: 07:00-23:00","fuels":{"gasoline95":1.689,"gasoline98":1.789,"diesel":1.829,"dieselPremium":1.889},"extra":{"saleType":"P","margin":"I","reportingType":"dm","ideess":"9324","idMunicipio":"5306","idProvincia":"36","idCCAA":"12"}}},{"type":"Feature","geometry":{"type":"Point","coordinates":[-8.391861,42.925972]},"properties":{"id":"es-9412","source":"ES","brand":"REPSOL","address":"CARRETERA NACIONAL 634 KM. 107,116","municipality":"Pino (O)","province":"CORUÑA (A)","postalCode":"15887","schedule":"L-D: 07:00-22:00","fuels":{"gasoline95":1.755,"gasoline98":1.938,"diesel":1.888,"dieselPremium":2.064,"dieselB":1.755,"adblue":1.098},"extra":{"saleType":"P","margin":"I","reportingType":"dm","ideess":"9412","idMunicipio":"2184","idProvincia":"15","idCCAA":"12"}}},{"type":"Feature","geometry":{"type":"Point","coordinates":[-8.551944,42.293556]},"properties":{"id":"es-9574","source":"ES","brand":"A CHAN DE AMOEDO","address":"CARRETERA REDONDELA - PAZOS KM. 5","municipality":"Pazos de Borbén","province":"PONTEVEDRA","postalCode":"36841","schedule":"L-D: 07:00-23:00","fuels":{"gasoline95":1.719,"diesel":1.849,"dieselPremium":1.949,"dieselB":1.729,"adblue":1.199},"extra":{"saleType":"P","margin":"I","reportingType":"dm","ideess":"9574","idMunicipio":"5304","idProvincia":"36","idCCAA":"12"}}},{"type":"Feature","geometry":{"type":"Point","coordinates":[-8.491861,42.387444]},"properties":{"id":"es-9598","source":"ES","brand":"REPSOL","address":"PAZOS S/N (NACIONAL 255 km 1)","municipality":"Ponte Caldelas","province":"PONTEVEDRA","postalCode":"36820","schedule":"L-S: 07:00-23:00; D: 08:00-23:00","fuels":{"gasoline95":1.81,"gasoline98":1.94,"diesel":1.97,"dieselRenewable":2.09},"extra":{"saleType":"P","margin":"I","reportingType":"OM","ideess":"9598","idMunicipio":"5306","idProvincia":"36","idCCAA":"12"}}},{"type":"Feature","geometry":{"type":"Point","coordinates":[-8.527167,42.918]},"properties":{"id":"es-9699","source":"ES","brand":"STAROIL","address":"VIA CIERVA S/N (MERCAGALICIA)-POLIGONO INDUSTRIAL DEL TAMBRE","municipality":"Santiago de Compostela","province":"CORUÑA (A)","postalCode":"15890","schedule":"L-V: 06:00-23:00; S: 08:00-22:00; D: 09:00-15:00","fuels":{"gasoline95":1.738,"diesel":1.858,"dieselB":1.599,"bioethanol":2.399,"adblue":1.099},"extra":{"saleType":"P","margin":"N","reportingType":"dm","ideess":"9699","idMunicipio":"2196","idProvincia":"15","idCCAA":"12"}}},{"type":"Feature","geometry":{"type":"Point","coordinates":[-8.422778,42.092083]},"properties":{"id":"es-9710","source":"ES","brand":"PETRONOR","address":"CARRETERA PO 400 KM 5.2 KM. 5,2","municipality":"Neves (As)","province":"PONTEVEDRA","postalCode":"36440","schedule":"L-D: 07:00-22:00","fuels":{"gasoline95":1.76,"gasoline98":1.94,"diesel":1.94,"dieselPremium":2.06},"extra":{"saleType":"P","margin":"D","reportingType":"OM","ideess":"9710","idMunicipio":"5301","idProvincia":"36","idCCAA":"12"}}},{"type":"Feature","geometry":{"type":"Point","coordinates":[-8.650639,42.760778]},"properties":{"id":"es-9755","source":"ES","brand":"E.S. PEDRON","address":"CARRETERA NACIONAL 550 KM. 80,100","municipality":"Padrón","province":"CORUÑA (A)","postalCode":"15917","schedule":"L-S: 07:00-23:00; D: 08:00-23:00","fuels":{"gasoline95":1.699,"gasoline98":1.799,"diesel":1.729,"adblue":0.95},"extra":{"saleType":"P","margin":"I","reportingType":"dm","ideess":"9755","idMunicipio":"2183","idProvincia":"15","idCCAA":"12"}}},{"type":"Feature","geometry":{"type":"Point","coordinates":[-8.450194,42.964222]},"properties":{"id":"es-9800","source":"ES","brand":"LAG SIGÜEIRO","address":"LUGAR A POLVEIRA, 19","municipality":"Santiago de Compostela","province":"CORUÑA (A)","postalCode":"15888","schedule":"L-V: 07:00-23:00; S-D: 08:00-22:30","fuels":{"gasoline95":1.755,"gasoline95Premium":1.938,"diesel":1.888,"dieselPremium":2.064,"dieselB":1.755,"adblue":1.098},"extra":{"saleType":"P","margin":"D","reportingType":"dm","ideess":"9800","idMunicipio":"2196","idProvincia":"15","idCCAA":"12"}}},{"type":"Feature","geometry":{"type":"Point","coordinates":[-8.090444,42.429639]},"properties":{"id":"es-9836","source":"ES","brand":"REPSOL","address":"CARRETERA CR.NACIONAL 541 KM. 28,80","municipality":"Carballiño (O)","province":"OURENSE","postalCode":"32500","schedule":"L-D: 07:00-23:00","fuels":{"gasoline95":1.82,"gasoline98":1.95,"diesel":1.96,"dieselPremium":2.03},"extra":{"saleType":"P","margin":"I","reportingType":"OM","ideess":"9836","idMunicipio":"4890","idProvincia":"32","idCCAA":"12"}}},{"type":"Feature","geometry":{"type":"Point","coordinates":[-8.742806,42.288833]},"properties":{"id":"es-9932","source":"ES","brand":"GASOLEOS","address":"CARRETERA PO-313 MARIN-MOAÑA KM. 14,918","municipality":"Moaña","province":"PONTEVEDRA","postalCode":"36950","schedule":"L-D: 07:00-22:00","fuels":{"gasoline95":1.675,"diesel":1.785},"extra":{"saleType":"P","margin":"D","reportingType":"dm","ideess":"9932","idMunicipio":"5296","idProvincia":"36","idCCAA":"12"}}}]}