{"type":"FeatureCollection","features":[{"type":"Feature","geometry":{"type":"Point","coordinates":[-0.859028,38.062972]},"properties":{"id":"es-10026","source":"ES","brand":"BP PETROBENE","address":"CARRETERA JACARILLA-BENEJUZAR KM. 2,5","municipality":"Jacarilla","province":"ALICANTE","postalCode":"03310","schedule":"L-D: 24H","fuels":{"gasoline95":1.719,"diesel":1.789,"dieselPremium":1.889,"dieselB":1.629,"adblue":0.85},"extra":{"saleType":"P","margin":"D","reportingType":"dm","ideess":"10026","idMunicipio":"217","idProvincia":"03","idCCAA":"10"}}},{"type":"Feature","geometry":{"type":"Point","coordinates":[-0.903333,38.111306]},"properties":{"id":"es-10032","source":"ES","brand":"SHELL","address":"TRAVESÍA 1 ORIHUELA, 1","municipality":"Redován","province":"ALICANTE","postalCode":"03370","schedule":"L-D: 06:00-22:00","fuels":{"gasoline95":1.709,"gasoline98":1.849,"diesel":1.749,"dieselPremium":1.829},"extra":{"saleType":"P","margin":"N","reportingType":"OM","ideess":"10032","idMunicipio":"250","idProvincia":"03","idCCAA":"10"}}},{"type":"Feature","geometry":{"type":"Point","coordinates":[-0.899639,38.141528]},"properties":{"id":"es-10090","source":"ES","brand":"PEPE RAMON","address":"PARAJE DE SAN ISIDRO, S/Nº","municipality":"Cox","province":"ALICANTE","postalCode":"03350","schedule":"L-S: 05:00-22:00; D: 07:00-22:00","fuels":{"gasoline95":1.719,"diesel":1.759,"adblue":0.9},"extra":{"saleType":"P","margin":"N","reportingType":"dm","ideess":"10090","idMunicipio":"197","idProvincia":"03","idCCAA":"10"}}},{"type":"Feature","geometry":{"type":"Point","coordinates":[-0.494333,38.364222]},"properties":{"id":"es-10245","source":"ES","brand":"PLENERGY","address":"AVENIDA NOVELDA, 74","municipality":"Alicante/Alacant","province":"ALICANTE","postalCode":"03010","schedule":"L-D: 24H","fuels":{"gasoline95":1.587,"diesel":1.597},"extra":{"saleType":"P","margin":"D","reportingType":"dm","ideess":"10245","idMunicipio":"152","idProvincia":"03","idCCAA":"10"}}},{"type":"Feature","geometry":{"type":"Point","coordinates":[-0.838083,38.428444]},"properties":{"id":"es-10300","source":"ES","brand":"E.S. TEXAS","address":"CARRETERA NOVELDA-MONOVAR KM. 9,6","municipality":"Monóvar/Monòver","province":"ALICANTE","postalCode":"03640","schedule":"L-D: 07:00-22:00","fuels":{"gasoline95":1.649,"diesel":1.699,"dieselPremium":1.729},"extra":{"saleType":"P","margin":"I","reportingType":"dm","ideess":"10300","idMunicipio":"225","idProvincia":"03","idCCAA":"10"}}},{"type":"Feature","geometry":{"type":"Point","coordinates":[-0.771194,38.698]},"properties":{"id":"es-10302","source":"ES","brand":"GASOLWIN BENEIXAMA","address":"CARRETERA VILLENA-ALCUDIA KM. 10,608","municipality":"Beneixama","province":"ALICANTE","postalCode":"03460","schedule":"L-D: 06:00-22:00","fuels":{"gasoline95":1.629,"diesel":1.649,"adblue":0.749},"extra":{"saleType":"P","margin":"D","reportingType":"dm","ideess":"10302","idMunicipio":"161","idProvincia":"03","idCCAA":"10"}}},{"type":"Feature","geometry":{"type":"Point","coordinates":[-0.585333,38.616889]},"properties":{"id":"es-10305","source":"ES","brand":"E.S. CAÑIZARES","address":"AVENIDA LA PROVINCIA, N","municipality":"Ibi","province":"ALICANTE","postalCode":"03440","schedule":"L-D: 06:00-22:00","fuels":{"gasoline95":1.709,"gasoline98":1.87,"diesel":1.709,"dieselB":1.4,"adblue":1.0},"extra":{"saleType":"P","margin":"D","reportingType":"dm","ideess":"10305","idMunicipio":"216","idProvincia":"03","idCCAA":"10"}}},{"type":"Feature","geometry":{"type":"Point","coordinates":[-0.828444,38.148111]},"properties":{"id":"es-10306","source":"ES","brand":"GASEXPRESS","address":"CARRETERA CATRAL- CALLOSA DEL SEGURA KM. 5,3","municipality":"Catral","province":"ALICANTE","postalCode":"03158","schedule":"L-D: 24H","fuels":{"gasoline95":1.559,"diesel":1.639},"extra":{"saleType":"P","margin":"I","reportingType":"dm","ideess":"10306","idMunicipio":"194","idProvincia":"03","idCCAA":"10"}}},{"type":"Feature","geometry":{"type":"Point","coordinates":[-0.524472,38.994389]},"properties":{"id":"es-10309","source":"ES","brand":"REPSOL","address":"CAMINO CM DEL CEMENTERI, S/N","municipality":"Xàtiva","province":"VALENCIA / VALÈNCIA","postalCode":"46800","schedule":"L-V: 07:00-21:00; S: 08:00-18:00","fuels":{"gasoline95":1.769,"gasoline95Premium":1.849,"diesel":1.819,"dieselPremium":1.919,"lpg":1.099},"extra":{"saleType":"P","margin":"D","reportingType":"dm","ideess":"10309","idMunicipio":"7225","idProvincia":"46","idCCAA":"10"}}},{"type":"Feature","geometry":{"type":"Point","coordinates":[-0.782583,38.250861]},"properties":{"id":"es-10313","source":"ES","brand":"BP","address":"POLIGONO I7, SN","municipality":"Crevillent","province":"ALICANTE","postalCode":"03330","schedule":"L-S: 06:00-22:00","fuels":{"gasoline95":1.759,"gasoline98":1.909,"diesel":1.809,"dieselPremium":1.899},"extra":{"saleType":"P","margin":"N","reportingType":"dm","ideess":"10313","idMunicipio":"198","idProvincia":"03","idCCAA":"10"}}},{"type":"Feature","geometry":{"type":"Point","coordinates":[-0.439333,38.406944]},"properties":{"id":"es-10385","source":"ES","brand":"REPSOL","address":"AVENIDA MUCHAMIEL, 8","municipality":"Sant Joan d'Alacant","province":"ALICANTE","postalCode":"03550","schedule":"L-D: 06:30-22:30","fuels":{"gasoline95":1.765,"gasoline98":1.935,"diesel":1.809,"dieselPremium":1.919},"extra":{"saleType":"P","margin":"N","reportingType":"OM","ideess":"10385","idMunicipio":"261","idProvincia":"03","idCCAA":"10"}}},{"type":"Feature","geometry":{"type":"Point","coordinates":[-0.855611,38.041222]},"properties":{"id":"es-10463","source":"ES","brand":"CEPSA","address":"CARRETERA CV-95 KM. 10","municipality":"Jacarilla","province":"ALICANTE","postalCode":"03310","schedule":"L-V: 07:00-19:00; S: 08:00-13:00","fuels":{"gasoline95":1.799,"gasoline98":1.869,"diesel":1.829},"extra":{"saleType":"P","margin":"I","reportingType":"dm","ideess":"10463","idMunicipio":"217","idProvincia":"03","idCCAA":"10"}}},{"type":"Feature","geometry":{"type":"Point","coordinates":[-0.878611,38.0915]},"properties":{"id":"es-10464","source":"ES","brand":"CEPSA","address":"CARRETERA A-304 KM. 5,45","municipality":"Orihuela","province":"ALICANTE","postalCode":"03300","schedule":"L-D: 06:00-23:00","fuels":{"gasoline95":1.759,"gasoline98":1.839,"diesel":1.789,"dieselPremium":1.859},"extra":{"saleType":"P","margin":"I","reportingType":"dm","ideess":"10464","idMunicipio":"235","idProvincia":"03","idCCAA":"10"}}},{"type":"Feature","geometry":{"type":"Point","coordinates":[-0.1245,38.589639]},"properties":{"id":"es-10465","source":"ES","brand":"BP LA NUCIA","address":"CARRETERA CV-70 PARTIDA FOIA COMP KM. 5,3","municipality":"Nucia (la)","province":"ALICANTE","postalCode":"03530","schedule":"L-D: 06:00-22:00","fuels":{"gasoline95":1.785,"gasoline98":1.925,"diesel":1.809,"dieselPremium":1.899},"extra":{"saleType":"P","margin":"I","reportingType":"OM","ideess":"10465","idMunicipio":"231","idProvincia":"03","idCCAA":"10"}}},{"type":"Feature","geometry":{"type":"Point","coordinates":[-0.511833,38.388472]},"properties":{"id":"es-10467","source":"ES","brand":"BP","address":"AVENIDA ALICANTE, 79","municipality":"San Vicente del Raspeig/Sant Vicent del Raspeig","province":"ALICANTE","postalCode":"03690","schedule":"L-V: 06:00-22:00; S-D: 07:00-22:00","fuels":{"gasoline95":1.755,"gasoline98":1.895,"diesel":1.789,"dieselPremium":1.879},"extra":{"saleType":"P","margin":"N","reportingType":"dm","ideess":"10467","idMunicipio":"259","idProvincia":"03","idCCAA":"10"}}},{"type":"Feature","geometry":{"type":"Point","coordinates":[-0.66075,38.094028]},"properties":{"id":"es-10502","source":"ES","brand":"GÓMEZ Y SIRVENT","address":"PARTIDA LA REDONDA, S/N","municipality":"Guardamar del Segura","province":"ALICANTE","postalCode":"03140","schedule":"L-D: 06:00-23:00","fuels":{"gasoline95":1.779,"gasoline98":1.909,"diesel":1.789,"dieselPremium":1.909},"extra":{"saleType":"P","margin":"D","reportingType":"dm","ideess":"10502","idMunicipio":"214","idProvincia":"03","idCCAA":"10"}}},{"type":"Feature","geometry":{"type":"Point","coordinates":[-0.664417,38.143611]},"properties":{"id":"es-10503","source":"ES","brand":"MARINA DE LA PLANA","address":"PARTIDA LA MARINA, 307","municipality":"Elche/Elx","province":"ALICANTE","postalCode":"03194","schedule":"L-D: 07:00-23:00","fuels":{"gasoline95":1.779,"gasoline98":1.909,"diesel":1.789,"dieselPremium":1.909},"extra":{"saleType":"P","margin":"I","reportingType":"dm","ideess":"10503","idMunicipio":"203","idProvincia":"03","idCCAA":"10"}}},{"type":"Feature","geometry":{"type":"Point","coordinates":[-0.518056,38.836222]},"properties":{"id":"es-10545","source":"ES","brand":"CEPSA","address":"CARRETERA ALCOY KM. ","municipality":"Albaida","province":"VALENCIA / VALÈNCIA","postalCode":"46860","schedule":"L-D: 06:00-22:00","fuels":{"gasoline95":1.735,"gasoline98":1.835,"diesel":1.775,"dieselPremium":1.855},"extra":{"saleType":"P","margin":"D","reportingType":"dm","ideess":"10545","idMunicipio":"6972","idProvincia":"46","idCCAA":"10"}}},{"type":"Feature","geometry":{"type":"Point","coordinates":[-0.767139,38.325917]},"properties":{"id":"es-10582","source":"ES","brand":"BP","address":"POLIGONO TRES HERMANAS   ALCOHOLERA, 11","municipality":"Aspe","province":"ALICANTE","postalCode":"03680","schedule":"L-S: 06:00-22:00; D: 07:00-15:00","fuels":{"gasoline95":1.755,"gasoline98":1.895,"diesel":1.789,"dieselPremium":1.879},"extra":{"saleType":"P","margin":"N","reportingType":"dm","ideess":"10582","idMunicipio":"157","idProvincia":"03","idCCAA":"10"}}},{"type":"Feature","geometry":{"type":"Point","coordinates":[-0.486611,38.370083]},"properties":{"id":"es-10710","source":"ES","brand":"BP REJAS VERDES","address":"AVENIDA PINTOR GASTON CASTELLO, 1","municipality":"Alicante/Alacant","province":"ALICANTE","postalCode":"03011","schedule":"L-D: 06:00-22:00","fuels":{"gasoline95":1.759,"gasoline98":1.899,"diesel":1.815,"dieselPremium":1.905},"extra":{"saleType":"P","margin":"I","reportingType":"OM","ideess":"10710","idMunicipio":"152","idProvincia":"03","idCCAA":"10"}}},{"type":"Feature","geometry":{"type":"Point","coordinates":[-0.797861,38.244333]},"properties":{"id":"es-10728","source":"ES","brand":"BP  POLIGONO CREVILLENTE","address":"POLIGONO I PARCELA 10, S/N","municipality":"Crevillent","province":"ALICANTE","postalCode":"03330","schedule":"L-V: 06:00-22:00; S-D: 07:00-22:00","fuels":{"gasoline95":1.755,"gasoline98":1.895,"diesel":1.825,"dieselPremium":1.915},"extra":{"saleType":"P","margin":"N","reportingType":"OM","ideess":"10728","idMunicipio":"198","idProvincia":"03","idCCAA":"10"}}},{"type":"Feature","geometry":{"type":"Point","coordinates":[-0.937139,38.055694]},"properties":{"id":"es-10754","source":"ES","brand":"EL TANQUE","address":"CALLE EL PINAR, 9","municipality":"Orihuela","province":"ALICANTE","postalCode":"03312","schedule":"L: 06:00-22:00","fuels":{"gasoline95":1.759,"gasoline98":1.839,"diesel":1.789,"dieselB":1.669},"extra":{"saleType":"P","margin":"N","reportingType":"dm","ideess":"10754","idMunicipio":"235","idProvincia":"03","idCCAA":"10"}}},{"type":"Feature","geometry":{"type":"Point","coordinates":[-0.503,38.380444]},"properties":{"id":"es-10775","source":"ES","brand":"CARREFOUR","address":"CARRETERA SAN VICENTE -ALICANTE KM 3,7 KM. 3,7","municipality":"San Vicente del Raspeig/Sant Vicent del Raspeig","province":"ALICANTE","postalCode":"03690","schedule":"L-D: 24H","fuels":{"gasoline95":1.669,"gasoline98":1.889,"diesel":1.739,"dieselPremium":1.779},"extra":{"saleType":"P","margin":"D","reportingType":"dm","ideess":"10775","idMunicipio":"259","idProvincia":"03","idCCAA":"10"}}},{"type":"Feature","geometry":{"type":"Point","coordinates":[-0.669667,38.002056]},"properties":{"id":"es-10872","source":"ES","brand":"REPSOL","address":"AVENIDA CORTES VALENCIANAS, SN","municipality":"Torrevieja","province":"ALICANTE","postalCode":"03180","schedule":"L-D: 07:00-22:00","fuels":{"gasoline95":1.735,"gasoline98":1.905,"diesel":1.799,"dieselRenewable":1.919},"extra":{"saleType":"P","margin":"I","reportingType":"OM","ideess":"10872","idMunicipio":"272","idProvincia":"03","idCCAA":"10"}}},{"type":"Feature","geometry":{"type":"Point","coordinates":[-0.514972,38.390139]},"properties":{"id":"es-10873","source":"ES","brand":"REPSOL","address":"CARRETERA AC-2203 KM. 5,1","municipality":"San Vicente del Raspeig/Sant Vicent del Raspeig","province":"ALICANTE","postalCode":"03690","schedule":"L-D: 06:00-22:00","fuels":{"gasoline95":1.749,"gasoline98":1.919,"diesel":1.785,"dieselPremium":1.845},"extra":{"saleType":"P","margin":"I","reportingType":"OM","ideess":"10873","idMunicipio":"259","idProvincia":"03","idCCAA":"10"}}},{"type":"Feature","geometry":{"type":"Point","coordinates":[-0.534111,38.401417]},"properties":{"id":"es-10874","source":"ES","brand":"REPSOL","address":"CARRETERA AGOST KM. 68","municipality":"San Vicente del Raspeig/Sant Vicent del Raspeig","province":"ALICANTE","postalCode":"03690","schedule":"L-D: 06:00-22:00","fuels":{"gasoline95":1.759,"gasoline98":1.929,"diesel":1.799,"dieselPremium":1.879},"extra":{"saleType":"P","margin":"D","reportingType":"OM","ideess":"10874","idMunicipio":"259","idProvincia":"03","idCCAA":"10"}}},{"type":"Feature","geometry":{"type":"Point","coordinates":[-0.724833,38.894556]},"properties":{"id":"es-10937","source":"ES","brand":"MLC","address":"AUTOVIA A-35 KM. 26","municipality":"Vallada","province":"VALENCIA / VALÈNCIA","postalCode":"46691","schedule":"L-D: 24H","fuels":{"gasoline95":1.699,"diesel":1.789,"dieselPremium":1.859,"dieselB":1.499,"adblue":0.899},"extra":{"saleType":"P","margin":"D","reportingType":"dm","ideess":"10937","idMunicipio":"7215","idProvincia":"46","idCCAA":"10"}}},{"type":"Feature","geometry":{"type":"Point","coordinates":[-0.466972,38.359278]},"properties":{"id":"es-10940","source":"ES","brand":"BP SANDOVAL MD","address":"AVENIDA DENIA, 80","municipality":"Alicante/Alacant","province":"ALICANTE","postalCode":"03013","schedule":"L-D: 24H","fuels":{"gasoline95":1.759,"gasoline98":1.899,"diesel":1.815,"dieselPremium":1.905},"extra":{"saleType":"P","margin":"D","reportingType":"OM","ideess":"10940","idMunicipio":"152","idProvincia":"03","idCCAA":"10"}}},{"type":"Feature","geometry":{"type":"Point","coordinates":[-0.467361,38.359667]},"properties":{"id":"es-10941","source":"ES","brand":"BP SANDOVAL MI","address":"AVENIDA DENIA, 75","municipality":"Alicante/Alacant","province":"ALICANTE","postalCode":"03013","schedule":"L-D: 24H","fuels":{"gasoline95":1.759,"gasoline98":1.899,"diesel":1.815,"dieselPremium":1.905},"extra":{"saleType":"P","margin":"I","reportingType":"OM","ideess":"10941","idMunicipio":"152","idProvincia":"03","idCCAA":"10"}}},{"type":"Feature","geometry":{"type":"Point","coordinates":[-0.009028,38.738444]},"properties":{"id":"es-10976","source":"ES","brand":"MOEVE","address":"AVDA. GENERALITAT VALENCIANA, 4","municipality":"Jalón/Xaló","province":"ALICANTE","postalCode":"03727","schedule":"L: 06:00-22:00","fuels":{"gasoline95":1.774,"diesel":1.871,"dieselPremium":1.951,"dieselB":1.766},"extra":{"saleType":"P","margin":"D","reportingType":"OM","ideess":"10976","idMunicipio":"218","idProvincia":"03","idCCAA":"10"}}},{"type":"Feature","geometry":{"type":"Point","coordinates":[-0.690694,38.978417]},"properties":{"id":"es-10999","source":"ES","brand":"CAMPOENGUERA COOP V","address":"AVENIDA DIPUTACION, S/N","municipality":"Enguera","province":"VALENCIA / VALÈNCIA","postalCode":"46810","schedule":"L-D: 06:00-22:00","fuels":{"gasoline95":1.543,"diesel":1.664,"dieselB":1.134},"extra":{"saleType":"P","margin":"N","reportingType":"dm","ideess":"10999","idMunicipio":"7079","idProvincia":"46","idCCAA":"10"}}},{"type":"Feature","geometry":{"type":"Point","coordinates":[-0.443278,38.730639]},"properties":{"id":"es-11117","source":"ES","brand":"CARREFOUR","address":"AVENIDA AVDA. L'ALTET Nº 2, 2","municipality":"Cocentaina","province":"ALICANTE","postalCode":"03820","schedule":"L-D: 24H","fuels":{"gasoline95":1.699,"gasoline98":1.939,"diesel":1.759,"dieselPremium":1.799},"extra":{"saleType":"P","margin":"N","reportingType":"dm","ideess":"11117","idMunicipio":"195","idProvincia":"03","idCCAA":"10"}}},{"type":"Feature","geometry":{"type":"Point","coordinates":[-0.73025,38.258583]},"properties":{"id":"es-11118","source":"ES","brand":"CARREFOUR","address":"CARRETERA ALICANTE - MURCIA KM. 53","municipality":"Elche/Elx","province":"ALICANTE","postalCode":"03205","schedule":"L-D: 24H","fuels":{"gasoline95":1.699,"gasoline98":1.879,"diesel":1.759,"dieselPremium":1.799},"extra":{"saleType":"P","margin":"N","reportingType":"dm","ideess":"11118","idMunicipio":"203","idProvincia":"03","idCCAA":"10"}}},{"type":"Feature","geometry":{"type":"Point","coordinates":[-0.180222,38.536444]},"properties":{"id":"es-11126","source":"ES","brand":"REPSOL","address":"AVENIDA PAIS VALENCIA, 20","municipality":"Finestrat","province":"ALICANTE","postalCode":"03509","schedule":"L-D: 06:00-22:00","fuels":{"gasoline95":1.759,"gasoline98":1.929,"diesel":1.785,"dieselPremium":1.895},"extra":{"saleType":"P","margin":"N","reportingType":"OM","ideess":"11126","idMunicipio":"207","idProvincia":"03","idCCAA":"10"}}},{"type":"Feature","geometry":{"type":"Point","coordinates":[-0.593472,38.607972]},"properties":{"id":"es-11271","source":"ES","brand":"CEPSA","address":"CALLE LEON (POLIGONO INDUSTRIAL L ALFAÇ III, 3","municipality":"Ibi","province":"ALICANTE","postalCode":"03440","schedule":"L-D: 06:00-22:00","fuels":{"gasoline95":1.754,"gasoline95Premium":1.874,"diesel":1.814,"dieselPremium":1.934,"adblue":0.89},"extra":{"saleType":"P","margin":"N","reportingType":"dm","ideess":"11271","idMunicipio":"216","idProvincia":"03","idCCAA":"10"}}},{"type":"Feature","geometry":{"type":"Point","coordinates":[-0.599444,38.408861]},"properties":{"id":"es-11305","source":"ES","brand":"GALP","address":"AUTOPISTA AP 7 KM. 696","municipality":"Agost","province":"ALICANTE","postalCode":"03698","schedule":"L-D: 24H","fuels":{"gasoline95":1.769,"gasoline98":1.889,"diesel":1.814,"dieselPremium":1.904},"extra":{"saleType":"P","margin":"I","reportingType":"OM","ideess":"11305","idMunicipio":"140","idProvincia":"03","idCCAA":"10"}}},{"type":"Feature","geometry":{"type":"Point","coordinates":[-0.599972,38.406528]},"properties":{"id":"es-11306","source":"ES","brand":"GALP","address":"AUTOPISTA AP 7 KM. 696","municipality":"Agost","province":"ALICANTE","postalCode":"03698","schedule":"L-D: 24H","fuels":{"gasoline95":1.769,"gasoline98":1.889,"diesel":1.814,"dieselPremium":1.904},"extra":{"saleType":"P","margin":"D","reportingType":"OM","ideess":"11306","idMunicipio":"140","idProvincia":"03","idCCAA":"10"}}},{"type":"Feature","geometry":{"type":"Point","coordinates":[-0.494361,38.891083]},"properties":{"id":"es-11391","source":"ES","brand":"COARVAL CARBURANTS","address":"CAMINO COLATA, S/N","municipality":"Montaverner","province":"VALENCIA / VALÈNCIA","postalCode":"46892","schedule":"L-D: 06:00-22:00","fuels":{"gasoline95":1.379,"diesel":1.449,"dieselB":1.249,"adblue":0.699},"extra":{"saleType":"P","margin":"N","reportingType":"dm","ideess":"11391","idMunicipio":"7131","idProvincia":"46","idCCAA":"10"}}},{"type":"Feature","geometry":{"type":"Point","coordinates":[-0.663861,38.099472]},"properties":{"id":"es-11392","source":"ES","brand":"REPSOL","address":"CARRETERA N-332 KM. 32,7","municipality":"Guardamar del Segura","province":"ALICANTE","postalCode":"03140","schedule":"L-D: 06:00-22:00","fuels":{"gasoline95":1.789,"gasoline98":1.899,"diesel":1.829,"dieselRenewable":1.929,"lpg":1.099,"adblue":0.999},"extra":{"saleType":"P","margin":"I","reportingType":"dm","ideess":"11392","idMunicipio":"214","idProvincia":"03","idCCAA":"10"}}},{"type":"Feature","geometry":{"type":"Point","coordinates":[-0.72325,38.053167]},"properties":{"id":"es-11411","source":"ES","brand":"CEPSA","address":"CALLE GUADALAJARA, 3","municipality":"Rojales","province":"ALICANTE","postalCode":"03170","schedule":"L-V: 07:00-19:00; S: 08:00-13:00","fuels":{"gasoline95":1.599,"gasoline98":1.699,"diesel":1.609},"extra":{"saleType":"P","margin":"N","reportingType":"dm","ideess":"11411","idMunicipio":"252","idProvincia":"03","idCCAA":"10"}}},{"type":"Feature","geometry":{"type":"Point","coordinates":[-0.834417,38.175917]},"properties":{"id":"es-11417","source":"ES","brand":"IDS","address":"POLIGONO INDUSTRIAL \"LA GRANADINA\", N","municipality":"San Isidro","province":"ALICANTE","postalCode":"03349","schedule":"L-D: 24H","fuels":{"diesel":1.829,"dieselB":1.615,"adblue":1.195},"extra":{"saleType":"P","margin":"D","reportingType":"dm","ideess":"11417","idMunicipio":"257","idProvincia":"03","idCCAA":"10"}}},{"type":"Feature","geometry":{"type":"Point","coordinates":[-0.472556,38.70875]},"properties":{"id":"es-11428","source":"ES","brand":"REPSOL","address":"AVENIDA TIRANT, S/N","municipality":"Alcoy/Alcoi","province":"ALICANTE","postalCode":"03800","schedule":"L-D: 06:00-22:00","fuels":{"gasoline95":1.795,"gasoline98":1.965,"diesel":1.805,"dieselPremium":1.915,"lpg":1.095},"extra":{"saleType":"P","margin":"D","reportingType":"OM","ideess":"11428","idMunicipio":"147","idProvincia":"03","idCCAA":"10"}}},{"type":"Feature","geometry":{"type":"Point","coordinates":[-0.522944,38.344611]},"properties":{"id":"es-11474","source":"ES","brand":"REPSOL","address":"CARRETERA MADRID ESQ.RIO JUCAR KM. 19","municipality":"Alicante/Alacant","province":"ALICANTE","postalCode":"03006","schedule":"L-V: 06:00-22:00; S-D: 07:00-21:00","fuels":{"gasoline95":1.755,"gasoline98":1.925,"diesel":1.805,"dieselPremium":1.915,"lpg":1.055},"extra":{"saleType":"P","margin":"D","reportingType":"OM","ideess":"11474","idMunicipio":"152","idProvincia":"03","idCCAA":"10"}}},{"type":"Feature","geometry":{"type":"Point","coordinates":[-0.770417,38.356139]},"properties":{"id":"es-11522","source":"ES","brand":"LEVANTINA","address":"POLIGONO C/ IBI, S/N","municipality":"Aspe","province":"ALICANTE","postalCode":"03680","schedule":"L-S: 06:00-22:00","fuels":{"gasoline95":1.669,"diesel":1.755,"dieselPremium":1.845,"adblue":0.89},"extra":{"saleType":"P","margin":"D","reportingType":"dm","ideess":"11522","idMunicipio":"157","idProvincia":"03","idCCAA":"10"}}},{"type":"Feature","geometry":{"type":"Point","coordinates":[-0.654917,38.57825]},"properties":{"id":"es-11545","source":"ES","brand":"REPSOL","address":"CARRETERA CASTALLA ALICANTE, CV 815 KM. 5,7","municipality":"Castalla","province":"ALICANTE","postalCode":"03420","schedule":"L-D: 06:00-22:00","fuels":{"gasoline95":1.765,"gasoline95Premium":1.815,"gasoline98":1.899,"diesel":1.795,"dieselB":1.429,"dieselRenewable":1.899,"adblue":0.97},"extra":{"saleType":"P","margin":"N","reportingType":"dm","ideess":"11545","idMunicipio":"191","idProvincia":"03","idCCAA":"10"}}},{"type":"Feature","geometry":{"type":"Point","coordinates":[-0.560556,38.828]},"properties":{"id":"es-11558","source":"ES","brand":"GASOLINERA AGULLENT","address":"CARRETERA ONTINYENT KM. 1","municipality":"Agullent","province":"VALENCIA / VALÈNCIA","postalCode":"46890","schedule":"L-D: 24H","fuels":{"gasoline95":1.549,"diesel":1.649,"adblue":0.8},"extra":{"saleType":"P","margin":"D","reportingType":"dm","ideess":"11558","idMunicipio":"6968","idProvincia":"46","idCCAA":"10"}}},{"type":"Feature","geometry":{"type":"Point","coordinates":[-0.888806,38.790028]},"properties":{"id":"es-11582","source":"ES","brand":"SHELL","address":"CARRETERA N-344 KM. 127","municipality":"Font de la Figuera (la)","province":"VALENCIA / VALÈNCIA","postalCode":"46630","schedule":"L-V: 07:00-21:00; S: 09:00-14:00","fuels":{"gasoline95":1.614,"gasoline98":1.754,"diesel":1.664},"extra":{"saleType":"P","margin":"I","reportingType":"OM","ideess":"11582","idMunicipio":"7086","idProvincia":"46","idCCAA":"10"}}},{"type":"Feature","geometry":{"type":"Point","coordinates":[-0.614861,38.296528]},"properties":{"id":"es-11715","source":"ES","brand":"CONFORT AUTO","address":"CALLE SANTIAGO RAMON Y CAJAL, 35","municipality":"Elche/Elx","province":"ALICANTE","postalCode":"03203","schedule":"L-V: 06:00-22:00; S: 07:00-14:00","fuels":{"gasoline95":1.629,"gasoline98":1.774,"diesel":1.711,"dieselPremium":1.799,"adblue":1.05},"extra":{"saleType":"P","margin":"D","reportingType":"dm","ideess":"11715","idMunicipio":"203","idProvincia":"03","idCCAA":"10"}}},{"type":"Feature","geometry":{"type":"Point","coordinates":[-0.524194,38.344]},"properties":{"id":"es-11716","source":"ES","brand":"CONFORT AUTO","address":"AVENIDA NEPTUNO, 4","municipality":"Alicante/Alacant","province":"ALICANTE","postalCode":"03006","schedule":"L-V: 06:00-22:00; S: 07:00-15:00","fuels":{"gasoline95":1.629,"gasoline98":1.783,"diesel":1.713,"dieselPremium":1.799,"adblue":1.05},"extra":{"saleType":"P","margin":"D","reportingType":"dm","ideess":"11716","idMunicipio":"152","idProvincia":"03","idCCAA":"10"}}},{"type":"Feature","geometry":{"type":"Point","coordinates":[-0.770917,38.358167]},"properties":{"id":"es-11718","source":"ES","brand":"CONFORT AUTO","address":"CARRETERA NOVELDA KM. 22","municipality":"Aspe","province":"ALICANTE","postalCode":"03680","schedule":"L-V: 06:00-22:00; S: 08:00-15:00","fuels":{"gasoline95":1.636,"gasoline98":1.759,"diesel":1.688,"dieselPremium":1.712,"adblue":0.88},"extra":{"saleType":"P","margin":"D","reportingType":"dm","ideess":"11718","idMunicipio":"157","idProvincia":"03","idCCAA":"10"}}},{"type":"Feature","geometry":{"type":"Point","coordinates":[-0.424694,38.782028]},"properties":{"id":"es-11765","source":"ES","brand":"REPSOL","address":"CARRETERA CV 700 KM. 6","municipality":"Muro de Alcoy","province":"ALICANTE","postalCode":"03830","schedule":"L-D: 06:00-22:00","fuels":{"gasoline95":1.779,"gasoline95Premium":1.849,"diesel":1.829,"dieselRenewable":1.929},"extra":{"saleType":"P","margin":"D","reportingType":"dm","ideess":"11765","idMunicipio":"228","idProvincia":"03","idCCAA":"10"}}},{"type":"Feature","geometry":{"type":"Point","coordinates":[-0.134444,38.559583]},"properties":{"id":"es-11766","source":"ES","brand":"REPSOL","address":"CARRETERA CV-70 KM. 47","municipality":"Benidorm","province":"ALICANTE","postalCode":"03501","schedule":"L-D: 24H","fuels":{"gasoline95":1.765,"gasoline95Premium":1.845,"gasoline98":1.885,"diesel":1.815,"dieselPremium":1.875,"lpg":1.095},"extra":{"saleType":"P","margin":"I","reportingType":"OM","ideess":"11766","idMunicipio":"168","idProvincia":"03","idCCAA":"10"}}},{"type":"Feature","geometry":{"type":"Point","coordinates":[-0.445667,38.855583]},"properties":{"id":"es-11824","source":"ES","brand":"COOP. LLUTXENT-OTOS","address":"CALLE SAN ROQUE, 29","municipality":"Otos","province":"VALENCIA / VALÈNCIA","postalCode":"46844","schedule":"L-D: 06:00-22:00","fuels":{"gasoline95":1.6,"diesel":1.65,"dieselB":1.314},"extra":{"saleType":"P","margin":"N","reportingType":"dm","ideess":"11824","idMunicipio":"7144","idProvincia":"46","idCCAA":"10"}}},{"type":"Feature","geometry":{"type":"Point","coordinates":[-0.761417,38.216611]},"properties":{"id":"es-11840","source":"ES","brand":"CEPSA","address":"CARRETERA CV-875 KM. 6,2","municipality":"Elche/Elx","province":"ALICANTE","postalCode":"03296","schedule":"L-S: 07:00-22:00; D: 08:00-15:00","fuels":{"gasoline95":1.699,"diesel":1.749,"dieselPremium":1.859,"dieselB":1.579},"extra":{"saleType":"P","margin":"D","reportingType":"dm","ideess":"11840","idMunicipio":"203","idProvincia":"03","idCCAA":"10"}}},{"type":"Feature","geometry":{"type":"Point","coordinates":[-0.670417,38.612972]},"properties":{"id":"es-11842","source":"ES","brand":"T. ALBERO","address":"CALLE POL LA MARJAL C/LLEBEIG, 21","municipality":"Onil","province":"ALICANTE","postalCode":"03430","schedule":"L-D: 24H","fuels":{"gasoline95":1.709,"gasoline98":1.859,"diesel":1.729},"extra":{"saleType":"P","margin":"I","reportingType":"dm","ideess":"11842","idMunicipio":"233","idProvincia":"03","idCCAA":"10"}}},{"type":"Feature","geometry":{"type":"Point","coordinates":[-0.765,38.87375]},"properties":{"id":"es-11903","source":"ES","brand":"AUROSERVICIO CIRUGEDA 24 H","address":"AVENIDA HIJAS DE LA CARIDAD, 69","municipality":"Mogente/Moixent","province":"VALENCIA / VALÈNCIA","postalCode":"46640","schedule":"L-D: 24H","fuels":{"gasoline95":1.579,"diesel":1.597,"adblue":0.9},"extra":{"saleType":"P","margin":"N","reportingType":"dm","ideess":"11903","idMunicipio":"7129","idProvincia":"46","idCCAA":"10"}}},{"type":"Feature","geometry":{"type":"Point","coordinates":[-0.16975,38.534806]},"properties":{"id":"es-11913","source":"ES","brand":"CEPSA","address":"AVENIDA AUXIAS MARCH, SN","municipality":"Finestrat","province":"ALICANTE","postalCode":"03509","schedule":"L-V: 06:30-22:00; S-D: 07:00-22:00","fuels":{"gasoline95":1.755,"gasoline95Premium":1.845,"diesel":1.789,"dieselPremium":1.869},"extra":{"saleType":"P","margin":"D","reportingType":"dm","ideess":"11913","idMunicipio":"207","idProvincia":"03","idCCAA":"10"}}},{"type":"Feature","geometry":{"type":"Point","coordinates":[-0.431389,38.4245]},"properties":{"id":"es-11920","source":"ES","brand":"BP SANT PERET","address":"PARTIDA SAN PERET, 26","municipality":"Mutxamel","province":"ALICANTE","postalCode":"03110","schedule":"L-D: 06:00-22:00","fuels":{"gasoline95":1.759,"gasoline98":1.899,"diesel":1.815,"dieselPremium":1.905},"extra":{"saleType":"P","margin":"N","reportingType":"OM","ideess":"11920","idMunicipio":"229","idProvincia":"03","idCCAA":"10"}}},{"type":"Feature","geometry":{"type":"Point","coordinates":[-0.746611,38.058389]},"properties":{"id":"es-11929","source":"ES","brand":"BP EL ZOCO","address":"POLIGONO SECTOR VIII - EL ZOCO, S/N","municipality":"Algorfa","province":"ALICANTE","postalCode":"03169","schedule":"L-D: 06:00-22:00","fuels":{"gasoline95":1.749,"gasoline98":1.889,"diesel":1.819,"dieselPremium":1.909},"extra":{"saleType":"P","margin":"N","reportingType":"OM","ideess":"11929","idMunicipio":"150","idProvincia":"03","idCCAA":"10"}}},{"type":"Feature","geometry":{"type":"Point","coordinates":[-0.447,38.938861]},"properties":{"id":"es-11954","source":"ES","brand":"GASOLBEN","address":"CALLE CREMADES, 17","municipality":"Benigánim","province":"VALENCIA / VALÈNCIA","postalCode":"46830","schedule":"L-D: 24H","fuels":{"gasoline95Premium":1.524,"dieselPremium":1.613},"extra":{"saleType":"P","margin":"N","reportingType":"dm","ideess":"11954","idMunicipio":"7028","idProvincia":"46","idCCAA":"10"}}},{"type":"Feature","geometry":{"type":"Point","coordinates":[-0.810639,38.484944]},"properties":{"id":"es-11984","source":"ES","brand":"REPOSTANDO","address":"CALLE CONDES DE ELDA, SN","municipality":"Elda","province":"ALICANTE","postalCode":"03600","schedule":"L-D: 06:00-22:00","fuels":{"gasoline95":1.499,"gasoline98":1.499,"diesel":1.599,"dieselPremium":1.669},"extra":{"saleType":"P","margin":"D","reportingType":"dm","ideess":"11984","idMunicipio":"204","idProvincia":"03","idCCAA":"10"}}},{"type":"Feature","geometry":{"type":"Point","coordinates":[-0.856583,38.837528]},"properties":{"id":"es-12008","source":"ES","brand":"BP A35 FUENTE LA HIGUERA","address":"AUTOVIA A-35 KM. 14,1","municipality":"Font de la Figuera (la)","province":"VALENCIA / VALÈNCIA","postalCode":"46630","schedule":"L-D: 24H","fuels":{"gasoline95":1.729,"gasoline98":1.869,"diesel":1.839,"dieselPremium":1.929,"adblue":1.185},"extra":{"saleType":"P","margin":"D","reportingType":"OM","ideess":"12008","idMunicipio":"7086","idProvincia":"46","idCCAA":"10"}}},{"type":"Feature","geometry":{"type":"Point","coordinates":[-0.558611,38.187611]},"properties":{"id":"es-12019","source":"ES","brand":"COFRADÍA DE PESCADORES","address":"ZONA PORTUARIA, 35","municipality":"Santa Pola","province":"ALICANTE","postalCode":"03130","schedule":"L-D: 24H","fuels":{"gasoline95":1.579,"diesel":1.625},"extra":{"saleType":"P","margin":"D","reportingType":"dm","ideess":"12019","idMunicipio":"262","idProvincia":"03","idCCAA":"10"}}},{"type":"Feature","geometry":{"type":"Point","coordinates":[-0.83975,38.572861]},"properties":{"id":"es-12060","source":"ES","brand":"GALP","address":"AUTOVIA A-31 KM. 191","municipality":"Sax","province":"ALICANTE","postalCode":"03630","schedule":"L-V: 06:00-22:00; S-D: 08:00-17:00","fuels":{"gasoline95":1.699,"gasoline98":1.789,"diesel":1.799,"dieselPremium":1.889,"adblue":0.88},"extra":{"saleType":"P","margin":"D","reportingType":"dm","ideess":"12060","idMunicipio":"263","idProvincia":"03","idCCAA":"10"}}},{"type":"Feature","geometry":{"type":"Point","coordinates":[-0.17275,38.533722]},"properties":{"id":"es-12061","source":"ES","brand":"REPSOL","address":"AVENIDA PICASSO, 3","municipality":"Finestrat","province":"ALICANTE","postalCode":"03509","schedule":"L-D: 24H","fuels":{"gasoline95":1.759,"gasoline98":1.929,"diesel":1.789,"dieselPremium":1.899,"adblue":1.319},"extra":{"saleType":"P","margin":"N","reportingType":"dm","ideess":"12061","idMunicipio":"207","idProvincia":"03","idCCAA":"10"}}},{"type":"Feature","geometry":{"type":"Point","coordinates":[-0.773694,38.376306]},"properties":{"id":"es-12152","source":"ES","brand":"BP","address":"GLORIETA JORGE JUAN, 86","municipality":"Monforte del Cid","province":"ALICANTE","postalCode":"03670","schedule":"L-V: 06:00-22:00; S-D: 06:30-22:00","fuels":{"gasoline95":1.755,"gasoline98":1.895,"diesel":1.789,"dieselPremium":1.879},"extra":{"saleType":"P","margin":"D","reportingType":"dm","ideess":"12152","idMunicipio":"224","idProvincia":"03","idCCAA":"10"}}},{"type":"Feature","geometry":{"type":"Point","coordinates":[-0.669667,38.613444]},"properties":{"id":"es-12170","source":"ES","brand":"BP","address":"CALLE P.I. LA MARJAL - C/ GREGAL, S/N","municipality":"Onil","province":"ALICANTE","postalCode":"03430","schedule":"L-D: 24H","fuels":{"gasoline95":1.768,"gasoline98":1.909,"diesel":1.829,"dieselPremium":1.919},"extra":{"saleType":"P","margin":"D","reportingType":"dm","ideess":"12170","idMunicipio":"233","idProvincia":"03","idCCAA":"10"}}},{"type":"Feature","geometry":{"type":"Point","coordinates":[-0.544472,38.404139]},"properties":{"id":"es-12215","source":"ES","brand":"CONFORT AUTO","address":"CALLE ARTES GRAFICAS, 1","municipality":"San Vicente del Raspeig/Sant Vicent del Raspeig","province":"ALICANTE","postalCode":"03690","schedule":"L-V: 06:00-22:00; S: 07:00-14:00","fuels":{"gasoline95":1.622,"gasoline98":1.769,"diesel":1.684,"dieselPremium":1.789,"adblue":1.05},"extra":{"saleType":"P","margin":"D","reportingType":"dm","ideess":"12215","idMunicipio":"259","idProvincia":"03","idCCAA":"10"}}},{"type":"Feature","geometry":{"type":"Point","coordinates":[-0.963611,38.167194]},"properties":{"id":"es-12218","source":"ES","brand":"COMBUSTIBLES LA MURADA","address":"CARRETERA VILLAMARIA KM. 1","municipality":"Orihuela","province":"ALICANTE","postalCode":"03315","schedule":"L: 24H","fuels":{"gasoline95":1.669,"diesel":1.639,"dieselPremium":1.639},"extra":{"saleType":"P","margin":"D","reportingType":"dm","ideess":"12218","idMunicipio":"235","idProvincia":"03","idCCAA":"10"}}},{"type":"Feature","geometry":{"type":"Point","coordinates":[-0.72375,38.264139]},"properties":{"id":"es-12276","source":"ES","brand":"BP ALJUB","address":"CALLE ECUADOR, 12","municipality":"Elche/Elx","province":"ALICANTE","postalCode":"03205","schedule":"L-D: 07:00-23:00","fuels":{"gasoline95":1.747,"gasoline98":1.917,"diesel":1.787,"dieselPremium":1.839},"extra":{"saleType":"P","margin":"D","reportingType":"dm","ideess":"12276","idMunicipio":"203","idProvincia":"03","idCCAA":"10"}}},{"type":"Feature","geometry":{"type":"Point","coordinates":[-0.496167,38.838667]},"properties":{"id":"es-12282","source":"ES","brand":"INFINITY OIL","address":"CARRETERA CV618 KM. 1,2","municipality":"Atzeneta d'Albaida","province":"VALENCIA / VALÈNCIA","postalCode":"46869","schedule":"L-D: 24H","fuels":{"gasoline95":1.599,"gasoline98":1.799,"diesel":1.659},"extra":{"saleType":"P","margin":"D","reportingType":"dm","ideess":"12282","idMunicipio":"7008","idProvincia":"46","idCCAA":"10"}}},{"type":"Feature","geometry":{"type":"Point","coordinates":[-0.499444,38.375333]},"properties":{"id":"es-12283","source":"ES","brand":"REPSOL","address":"CALLE FORTUNY, S/N","municipality":"Alicante/Alacant","province":"ALICANTE","postalCode":"03009","schedule":"L-D: 06:00-22:00","fuels":{"gasoline95":1.759,"gasoline98":1.929,"diesel":1.809,"dieselPremium":1.919},"extra":{"saleType":"P","margin":"I","reportingType":"OM","ideess":"12283","idMunicipio":"152","idProvincia":"03","idCCAA":"10"}}},{"type":"Feature","geometry":{"type":"Point","coordinates":[-0.19925,38.944583]},"properties":{"id":"es-12297","source":"ES","brand":"EXOIL EXPRESS","address":"CALLE TRAVESSERA D'ALBAIDA, 62","municipality":"Real de Gandía","province":"VALENCIA / VALÈNCIA","postalCode":"46727","schedule":"L-D: 06:00-22:00","fuels":{"gasoline95":1.539,"diesel":1.609},"extra":{"saleType":"P","margin":"I","reportingType":"dm","ideess":"12297","idMunicipio":"7174","idProvincia":"46","idCCAA":"10"}}},{"type":"Feature","geometry":{"type":"Point","coordinates":[-0.718417,38.277806]},"properties":{"id":"es-12301","source":"ES","brand":"GASOLINERA D'ELX (S. ATENDIDO)","address":"CALLE PETRER, 7","municipality":"Elche/Elx","province":"ALICANTE","postalCode":"03206","schedule":"L-V: 07:00-22:00; S-D: 08:00-14:00","fuels":{"gasoline95":1.675,"gasoline98":1.715,"diesel":1.655,"dieselPremium":1.705,"adblue":0.95},"extra":{"saleType":"P","margin":"N","reportingType":"dm","ideess":"12301","idMunicipio":"203","idProvincia":"03","idCCAA":"10"}}},{"type":"Feature","geometry":{"type":"Point","coordinates":[-0.861861,38.12775]},"properties":{"id":"es-12401","source":"ES","brand":"BP OIL ESPAÑA, S.A.U.","address":"CARRETERA CATRAL KM. 0,300","municipality":"Callosa de Segura","province":"ALICANTE","postalCode":"03360","schedule":"L-V: 06:00-22:00; S-D: 07:00-22:00","fuels":{"gasoline95":1.749,"gasoline98":1.889,"diesel":1.791,"dieselPremium":1.879,"adblue":0.9},"extra":{"saleType":"P","margin":"D","reportingType":"dm","ideess":"12401","idMunicipio":"185","idProvincia":"03","idCCAA":"10"}}},{"type":"Feature","geometry":{"type":"Point","coordinates":[-0.109528,38.911389]},"properties":{"id":"es-12432","source":"ES","brand":"COSOTRANS","address":"CARRETERA N-332 KM. 213","municipality":"Oliva","province":"VALENCIA / VALÈNCIA","postalCode":"46780","schedule":"L-D: 06:00-21:00","fuels":{"gasoline95":1.675,"diesel":1.695},"extra":{"saleType":"P","margin":"D","reportingType":"dm","ideess":"12432","idMunicipio":"7140","idProvincia":"46","idCCAA":"10"}}},{"type":"Feature","geometry":{"type":"Point","coordinates":[-0.867333,38.125694]},"properties":{"id":"es-12442","source":"ES","brand":"REPSOL","address":"CARRETERA CV913 KM. 1","municipality":"Callosa de Segura","province":"ALICANTE","postalCode":"03360","schedule":"L-D: 06:00-22:00","fuels":{"gasoline95":1.709,"gasoline98":1.859,"diesel":1.769,"dieselRenewable":1.909},"extra":{"saleType":"P","margin":"D","reportingType":"dm","ideess":"12442","idMunicipio":"185","idProvincia":"03","idCCAA":"10"}}},{"type":"Feature","geometry":{"type":"Point","coordinates":[-0.518333,38.344917]},"properties":{"id":"es-12485","source":"ES","brand":"AVANZA ENERGY","address":"CARRETERA OCAÑA KM. 7","municipality":"Alicante/Alacant","province":"ALICANTE","postalCode":"03007","schedule":"L-D: 24H","fuels":{"gasoline95":1.758,"gasoline98":1.898,"diesel":1.784,"dieselPremium":1.899,"lpg":1.018},"extra":{"saleType":"P","margin":"I","reportingType":"dm","ideess":"12485","idMunicipio":"152","idProvincia":"03","idCCAA":"10"}}},{"type":"Feature","geometry":{"type":"Point","coordinates":[-0.665417,38.273778]},"properties":{"id":"es-12581","source":"ES","brand":"BP SAN ANTON","address":"CALLE ALGORFA, 2","municipality":"Elche/Elx","province":"ALICANTE","postalCode":"03207","schedule":"L-D: 06:00-23:00","fuels":{"gasoline95":1.745,"gasoline98":1.885,"diesel":1.819,"dieselPremium":1.909},"extra":{"saleType":"P","margin":"D","reportingType":"OM","ideess":"12581","idMunicipio":"203","idProvincia":"03","idCCAA":"10"}}},{"type":"Feature","geometry":{"type":"Point","coordinates":[-0.51825,38.398833]},"properties":{"id":"es-12598","source":"ES","brand":"SHELL","address":"CALLE LA HUERTA, 11","municipality":"San Vicente del Raspeig/Sant Vicent del Raspeig","province":"ALICANTE","postalCode":"03690","schedule":"L-D: 06:00-00:00","fuels":{"gasoline95":1.699,"gasoline98":1.839,"diesel":1.715,"dieselPremium":1.795},"extra":{"saleType":"P","margin":"D","reportingType":"OM","ideess":"12598","idMunicipio":"259","idProvincia":"03","idCCAA":"10"}}},{"type":"Feature","geometry":{"type":"Point","coordinates":[-0.616111,38.820944]},"properties":{"id":"es-12633","source":"ES","brand":"COOP V ONTENIENSE","address":"AVENIDA ALMANSA, 17","municipality":"Ontinyent","province":"VALENCIA / VALÈNCIA","postalCode":"46780","schedule":"L: 24H","fuels":{"diesel":1.599},"extra":{"saleType":"P","margin":"N","reportingType":"dm","ideess":"12633","idMunicipio":"7143","idProvincia":"46","idCCAA":"10"}}},{"type":"Feature","geometry":{"type":"Point","coordinates":[-0.504722,38.377722]},"properties":{"id":"es-12649","source":"ES","brand":"GM OIL","address":"CALLE JATIVA, S/N","municipality":"Alicante/Alacant","province":"ALICANTE","postalCode":"03009","schedule":"L-D: 24H","fuels":{"gasoline95":1.529,"diesel":1.589},"extra":{"saleType":"P","margin":"D","reportingType":"dm","ideess":"12649","idMunicipio":"152","idProvincia":"03","idCCAA":"10"}}},{"type":"Feature","geometry":{"type":"Point","coordinates":[-0.563472,38.287472]},"properties":{"id":"es-12652","source":"ES","brand":"PETROALACANT","address":"AVENIDA AEROPUERTO DEL TORRELLANO, 125","municipality":"Elche/Elx","province":"ALICANTE","postalCode":"03195","schedule":"L: 24H","fuels":{"diesel":1.799,"dieselB":1.798},"extra":{"saleType":"P","margin":"N","reportingType":"dm","ideess":"12652","idMunicipio":"203","idProvincia":"03","idCCAA":"10"}}},{"type":"Feature","geometry":{"type":"Point","coordinates":[-0.174278,38.965778]},"properties":{"id":"es-12738","source":"ES","brand":"BALLENOIL","address":"CAMINO VELL DE DAIMUS, 1","municipality":"Gandia","province":"VALENCIA / VALÈNCIA","postalCode":"46730","schedule":"L-D: 24H","fuels":{"gasoline95":1.619,"diesel":1.649},"extra":{"saleType":"P","margin":"N","reportingType":"OM","ideess":"12738","idMunicipio":"7091","idProvincia":"46","idCCAA":"10"}}},{"type":"Feature","geometry":{"type":"Point","coordinates":[-0.550833,38.23325]},"properties":{"id":"es-12768","source":"ES","brand":"LOW COST","address":"AVENIDA FINLANDIA, 17","municipality":"Santa Pola","province":"ALICANTE","postalCode":"03130","schedule":"L-D: 24H","fuels":{"gasoline95":1.639,"diesel":1.679},"extra":{"saleType":"P","margin":"N","reportingType":"dm","ideess":"12768","idMunicipio":"262","idProvincia":"03","idCCAA":"10"}}},{"type":"Feature","geometry":{"type":"Point","coordinates":[-0.57875,38.208806]},"properties":{"id":"es-12777","source":"ES","brand":"POLAGAS","address":"CALLE LOS MARINEROS, 1","municipality":"Santa Pola","province":"ALICANTE","postalCode":"03130","schedule":"L-D: 24H","fuels":{"gasoline95":1.579,"diesel":1.599,"lpg":0.9,"adblue":0.95},"extra":{"saleType":"P","margin":"D","reportingType":"dm","ideess":"12777","idMunicipio":"262","idProvincia":"03","idCCAA":"10"}}},{"type":"Feature","geometry":{"type":"Point","coordinates":[-0.575694,38.83025]},"properties":{"id":"es-12781","source":"ES","brand":"GASOLWIN","address":"AVENIDA TEXTIL DEL, 78","municipality":"Ontinyent","province":"VALENCIA / VALÈNCIA","postalCode":"46780","schedule":"L-D: 24H","fuels":{"gasoline95":1.519,"diesel":1.599,"lpg":0.989,"adblue":0.749},"extra":{"saleType":"P","margin":"D","reportingType":"dm","ideess":"12781","idMunicipio":"7143","idProvincia":"46","idCCAA":"10"}}},{"type":"Feature","geometry":{"type":"Point","coordinates":[-0.526889,38.9985]},"properties":{"id":"es-12797","source":"ES","brand":"LOW COST CIRUGEDA","address":"CAMI CEMENTERI, 5","municipality":"Xàtiva","province":"VALENCIA / VALÈNCIA","postalCode":"46800","schedule":"L-D: 24H","fuels":{"gasoline95":1.579,"diesel":1.597,"adblue":0.79},"extra":{"saleType":"P","margin":"D","reportingType":"dm","ideess":"12797","idMunicipio":"7225","idProvincia":"46","idCCAA":"10"}}},{"type":"Feature","geometry":{"type":"Point","coordinates":[-0.169333,38.96975]},"properties":{"id":"es-12798","source":"ES","brand":"PLENERGY","address":"CAMINO VELL DE DAIMUS, 12","municipality":"Gandia","province":"VALENCIA / VALÈNCIA","postalCode":"46700","schedule":"L-D: 24H","fuels":{"gasoline95":1.629,"diesel":1.669},"extra":{"saleType":"P","margin":"D","reportingType":"dm","ideess":"12798","idMunicipio":"7091","idProvincia":"46","idCCAA":"10"}}},{"type":"Feature","geometry":{"type":"Point","coordinates":[-0.463917,38.407]},"properties":{"id":"es-12827","source":"ES","brand":"BP MUCHAMIEL","address":"CALLE OSSA MAJOR, 1","municipality":"Mutxamel","province":"ALICANTE","postalCode":"03110","schedule":"L-D: 07:00-23:00","fuels":{"gasoline95":1.759,"gasoline98":1.899,"diesel":1.815,"dieselPremium":1.905},"extra":{"saleType":"P","margin":"D","reportingType":"OM","ideess":"12827","idMunicipio":"229","idProvincia":"03","idCCAA":"10"}}},{"type":"Feature","geometry":{"type":"Point","coordinates":[-0.171917,38.530917]},"properties":{"id":"es-12830","source":"ES","brand":"GASEXPRESS","address":"CALLE MARINERS DE LA VILAJOIOSA, 2","municipality":"Villajoyosa/Vila Joiosa (la)","province":"ALICANTE","postalCode":"03570","schedule":"L-D: 24H","fuels":{"gasoline95":1.579,"diesel":1.579},"extra":{"saleType":"P","margin":"N","reportingType":"dm","ideess":"12830","idMunicipio":"278","idProvincia":"03","idCCAA":"10"}}},{"type":"Feature","geometry":{"type":"Point","coordinates":[-0.199861,38.94475]},"properties":{"id":"es-12901","source":"ES","brand":"EXOIL REAL DE GANDIA","address":"TRAVESSERA ALBAIDA, 62","municipality":"Real de Gandía","province":"VALENCIA / VALÈNCIA","postalCode":"46727","schedule":"L-D: 06:00-22:00","fuels":{"gasoline95":1.539,"diesel":1.679,"dieselB":1.389},"extra":{"saleType":"P","margin":"D","reportingType":"dm","ideess":"12901","idMunicipio":"7174","idProvincia":"46","idCCAA":"10"}}},{"type":"Feature","geometry":{"type":"Point","coordinates":[-0.513389,38.996222]},"properties":{"id":"es-12933","source":"ES","brand":"BALLENOIL","address":"CARRETERA ALZIRA KM. 13","municipality":"Xàtiva","province":"VALENCIA / VALÈNCIA","postalCode":"46800","schedule":"L-D: 24H","fuels":{"gasoline95":1.505,"diesel":1.555},"extra":{"saleType":"P","margin":"D","reportingType":"OM","ideess":"12933","idMunicipio":"7225","idProvincia":"46","idCCAA":"10"}}},{"type":"Feature","geometry":{"type":"Point","coordinates":[-0.51775,38.340028]},"properties":{"id":"es-12961","source":"ES","brand":"CARREFOUR","address":"CALLE ALCALDE LORENZO CARBONELL, S/N ESQUINA VIA PARQUE, S/N","municipality":"Alicante/Alacant","province":"ALICANTE","postalCode":"03007","schedule":"L-D: 24H","fuels":{"gasoline95":1.729,"diesel":1.759,"dieselPremium":1.799},"extra":{"saleType":"P","margin":"N","reportingType":"dm","ideess":"12961","idMunicipio":"152","idProvincia":"03","idCCAA":"10"}}},{"type":"Feature","geometry":{"type":"Point","coordinates":[-0.424194,38.477806]},"properties":{"id":"es-13006","source":"ES","brand":"ATLANTIS EXPRESS","address":"CALLE EL PI, 1","municipality":"Busot","province":"ALICANTE","postalCode":"03111","schedule":"L-D: 24H","fuels":{"gasoline95":1.709,"diesel":1.729,"adblue":0.999},"extra":{"saleType":"P","margin":"I","reportingType":"dm","ideess":"13006","idMunicipio":"184","idProvincia":"03","idCCAA":"10"}}},{"type":"Feature","geometry":{"type":"Point","coordinates":[-0.172639,38.533194]},"properties":{"id":"es-13032","source":"ES","brand":"PETROPRIX","address":"AVENIDA PICASSO, 41","municipality":"Finestrat","province":"ALICANTE","postalCode":"03509","schedule":"L-D: 24H","fuels":{"gasoline95":1.579,"diesel":1.549},"extra":{"saleType":"P","margin":"D","reportingType":"dm","ideess":"13032","idMunicipio":"207","idProvincia":"03","idCCAA":"10"}}},{"type":"Feature","geometry":{"type":"Point","coordinates":[-0.613278,38.968556]},"properties":{"id":"es-13039","source":"ES","brand":"EL CANARI","address":"VIAL LA COSTERA, 20","municipality":"Alcúdia de Crespins (l')","province":"VALENCIA / VALÈNCIA","postalCode":"46690","schedule":"L-D: 24H","fuels":{"gasoline95":1.629,"diesel":1.659,"adblue":1.0},"extra":{"saleType":"P","margin":"D","reportingType":"dm","ideess":"13039","idMunicipio":"6985","idProvincia":"46","idCCAA":"10"}}},{"type":"Feature","geometry":{"type":"Point","coordinates":[-0.173056,38.962278]},"properties":{"id":"es-13078","source":"ES","brand":"GASOLWIN","address":"AVENIDA ALACANT, 126","municipality":"Gandia","province":"VALENCIA / VALÈNCIA","postalCode":"46700","schedule":"L-D: 24H","fuels":{"gasoline95":1.619,"diesel":1.649,"lpg":0.985,"adblue":0.729},"extra":{"saleType":"P","margin":"D","reportingType":"dm","ideess":"13078","idMunicipio":"7091","idProvincia":"46","idCCAA":"10"}}},{"type":"Feature","geometry":{"type":"Point","coordinates":[-0.656111,38.118917]},"properties":{"id":"es-13115","source":"ES","brand":"GHOL","address":"CARRETERA NACIONAL 332 KM. 74,6","municipality":"San Fulgencio","province":"ALICANTE","postalCode":"03177","schedule":"L-D: 24H","fuels":{"gasoline95":1.739,"diesel":1.759},"extra":{"saleType":"P","margin":"I","reportingType":"dm","ideess":"13115","idMunicipio":"256","idProvincia":"03","idCCAA":"10"}}},{"type":"Feature","geometry":{"type":"Point","coordinates":[-0.56225,38.19725]},"properties":{"id":"es-13156","source":"ES","brand":"SANTA POLA","address":"CARRETERA ELCHE SANTA POLA CRUCE C/LEVANTE 2 KM. S/N","municipality":"Santa Pola","province":"ALICANTE","postalCode":"03130","schedule":"L-D: 07:00-23:00","fuels":{"gasoline95":1.749,"gasoline98":1.879,"diesel":1.769,"dieselPremium":1.859,"lpg":1.089},"extra":{"saleType":"P","margin":"N","reportingType":"dm","ideess":"13156","idMunicipio":"262","idProvincia":"03","idCCAA":"10"}}},{"type":"Feature","geometry":{"type":"Point","coordinates":[-0.883778,38.809417]},"properties":{"id":"es-13174","source":"ES","brand":"COOP LA VIÑA","address":"CALLE BARRANCO, S/N","municipality":"Font de la Figuera (la)","province":"VALENCIA / VALÈNCIA","postalCode":"46630","schedule":"L-D: 24H","fuels":{"gasoline95":1.598,"diesel":1.663,"dieselB":1.376},"extra":{"saleType":"P","margin":"N","reportingType":"dm","ideess":"13174","idMunicipio":"7086","idProvincia":"46","idCCAA":"10"}}},{"type":"Feature","geometry":{"type":"Point","coordinates":[-0.466806,38.370694]},"properties":{"id":"es-13283","source":"ES","brand":"ALCAMPO","address":"AVENIDA ANTONIO RAMOS CARRATALA, 56","municipality":"Alicante/Alacant","province":"ALICANTE","postalCode":"03015","schedule":"L-D: 24H","fuels":{"gasoline95":1.559,"gasoline98":1.699,"diesel":1.629,"dieselPremium":1.699},"extra":{"saleType":"P","margin":"N","reportingType":"dm","ideess":"13283","idMunicipio":"152","idProvincia":"03","idCCAA":"10"}}},{"type":"Feature","geometry":{"type":"Point","coordinates":[-0.164194,38.984139]},"properties":{"id":"es-13299","source":"ES","brand":"BP GRAO GANDÍA","address":"AVENIDA DEL GRAU S/N, S/N","municipality":"Gandia","province":"VALENCIA / VALÈNCIA","postalCode":"46700","schedule":"L: 24H","fuels":{"gasoline95":1.795,"gasoline98":1.935,"diesel":1.855,"dieselPremium":1.945},"extra":{"saleType":"P","margin":"D","reportingType":"OM","ideess":"13299","idMunicipio":"7091","idProvincia":"46","idCCAA":"10"}}},{"type":"Feature","geometry":{"type":"Point","coordinates":[-0.479694,38.689083]},"properties":{"id":"es-13370","source":"ES","brand":"MASOIL ALCOY","address":"CALLE ALICANTE, 62","municipality":"Alcoy/Alcoi","province":"ALICANTE","postalCode":"03801","schedule":"L-D: 24H","fuels":{"gasoline95":1.679,"diesel":1.679,"lpg":1.05,"adblue":1.0},"extra":{"saleType":"P","margin":"D","reportingType":"dm","ideess":"13370","idMunicipio":"147","idProvincia":"03","idCCAA":"10"}}},{"type":"Feature","geometry":{"type":"Point","coordinates":[-0.704556,38.020167]},"properties":{"id":"es-13413","source":"ES","brand":"GASEXPRESS","address":"CALLE AVILES, 4","municipality":"Torrevieja","province":"ALICANTE","postalCode":"03184","schedule":"L-D: 24H","fuels":{"gasoline95":1.559,"diesel":1.639},"extra":{"saleType":"P","margin":"I","reportingType":"dm","ideess":"13413","idMunicipio":"272","idProvincia":"03","idCCAA":"10"}}},{"type":"Feature","geometry":{"type":"Point","coordinates":[-0.785361,38.464944]},"properties":{"id":"es-13445","source":"ES","brand":"GASEXPRESS","address":"CALLE MEDICO FEDERICO MARTINEZ PEREZ, 1","municipality":"Elda","province":"ALICANTE","postalCode":"03600","schedule":"L-D: 24H","fuels":{"gasoline95":1.509,"diesel":1.589},"extra":{"saleType":"P","margin":"D","reportingType":"dm","ideess":"13445","idMunicipio":"204","idProvincia":"03","idCCAA":"10"}}},{"type":"Feature","geometry":{"type":"Point","coordinates":[-0.199139,38.521556]},"properties":{"id":"es-13522","source":"ES","brand":"PETROLAVILA","address":"PARTIDA TORRES NORTE, 31","municipality":"Villajoyosa/Vila Joiosa (la)","province":"ALICANTE","postalCode":"03570","schedule":"L-D: 24H","fuels":{"gasoline95":1.597,"diesel":1.617,"dieselPremium":1.717,"lpg":1.057},"extra":{"saleType":"P","margin":"D","reportingType":"dm","ideess":"13522","idMunicipio":"278","idProvincia":"03","idCCAA":"10"}}},{"type":"Feature","geometry":{"type":"Point","coordinates":[-0.609278,38.809306]},"properties":{"id":"es-13559","source":"ES","brand":"GASOLWIN","address":"POLIGONO SECTOR CASA BALONES 1, 3","municipality":"Ontinyent","province":"VALENCIA / VALÈNCIA","postalCode":"46780","schedule":"L-D: 24H","fuels":{"gasoline95":1.519,"diesel":1.599,"adblue":0.749},"extra":{"saleType":"P","margin":"N","reportingType":"dm","ideess":"13559","idMunicipio":"7143","idProvincia":"46","idCCAA":"10"}}},{"type":"Feature","geometry":{"type":"Point","coordinates":[-0.48975,38.383583]},"properties":{"id":"es-13568","source":"ES","brand":"AVANZA LOW COST","address":"CALLE MUSICO JOSE TORREGROSA, 33","municipality":"Alicante/Alacant","province":"ALICANTE","postalCode":"03112","schedule":"L-D: 24H","fuels":{"gasoline95":1.584,"diesel":1.614},"extra":{"saleType":"P","margin":"D","reportingType":"dm","ideess":"13568","idMunicipio":"152","idProvincia":"03","idCCAA":"10"}}},{"type":"Feature","geometry":{"type":"Point","coordinates":[-0.498972,38.375972]},"properties":{"id":"es-13572","source":"ES","brand":"VCC ALICANTE","address":"AVENIDA NOVELDA, 204","municipality":"Alicante/Alacant","province":"ALICANTE","postalCode":"03011","schedule":"L-D: 24H","fuels":{"gasoline95":1.577,"diesel":1.577},"extra":{"saleType":"P","margin":"D","reportingType":"dm","ideess":"13572","idMunicipio":"152","idProvincia":"03","idCCAA":"10"}}},{"type":"Feature","geometry":{"type":"Point","coordinates":[-0.540389,38.406778]},"properties":{"id":"es-13573","source":"ES","brand":"GASOLEO EXPRES","address":"POLIGONO CANASTELL-CALLE TORNO, 11","municipality":"San Vicente del Raspeig/Sant Vicent del Raspeig","province":"ALICANTE","postalCode":"03690","schedule":"L-V: 06:30-21:00; S: 08:00-20:00; D: 08:00-14:00","fuels":{"gasoline95":1.645,"gasoline95Premium":1.705,"diesel":1.665,"dieselPremium":1.725,"adblue":0.95},"extra":{"saleType":"P","margin":"N","reportingType":"dm","ideess":"13573","idMunicipio":"259","idProvincia":"03","idCCAA":"10"}}},{"type":"Feature","geometry":{"type":"Point","coordinates":[-0.521389,38.303611]},"properties":{"id":"es-13584","source":"ES","brand":"PETROPRIX","address":"AVENIDA ELCHE, 150","municipality":"Alicante/Alacant","province":"ALICANTE","postalCode":"03008","schedule":"L-D: 24H","fuels":{"gasoline95":1.577,"diesel":1.577},"extra":{"saleType":"P","margin":"I","reportingType":"dm","ideess":"13584","idMunicipio":"152","idProvincia":"03","idCCAA":"10"}}},{"type":"Feature","geometry":{"type":"Point","coordinates":[-0.499722,38.376944]},"properties":{"id":"es-13585","source":"ES","brand":"PETROPRIX","address":"AVENIDA NOVELDA, 216","municipality":"Alicante/Alacant","province":"ALICANTE","postalCode":"03011","schedule":"L-D: 24H","fuels":{"gasoline95":1.577,"diesel":1.577},"extra":{"saleType":"P","margin":"D","reportingType":"dm","ideess":"13585","idMunicipio":"152","idProvincia":"03","idCCAA":"10"}}},{"type":"Feature","geometry":{"type":"Point","coordinates":[-0.714278,38.283917]},"properties":{"id":"es-13586","source":"ES","brand":"PETROPRIX","address":"RONDA VALL D'UIXO, 52","municipality":"Elche/Elx","province":"ALICANTE","postalCode":"03206","schedule":"L-D: 24H","fuels":{"gasoline95":1.675,"diesel":1.649},"extra":{"saleType":"P","margin":"D","reportingType":"dm","ideess":"13586","idMunicipio":"203","idProvincia":"03","idCCAA":"10"}}},{"type":"Feature","geometry":{"type":"Point","coordinates":[-0.522278,38.345056]},"properties":{"id":"es-13593","source":"ES","brand":"BALLENOIL","address":"CALLE OCAÑA, 16","municipality":"Alicante/Alacant","province":"ALICANTE","postalCode":"03006","schedule":"L-D: 24H","fuels":{"gasoline95":1.577,"diesel":1.577},"extra":{"saleType":"P","margin":"D","reportingType":"OM","ideess":"13593","idMunicipio":"152","idProvincia":"03","idCCAA":"10"}}},{"type":"Feature","geometry":{"type":"Point","coordinates":[-0.712583,38.086778]},"properties":{"id":"es-13645","source":"ES","brand":"TAMOIL","address":"CALLE JOSEFA ANIORTE, 27","municipality":"Rojales","province":"ALICANTE","postalCode":"03170","schedule":"L-D: 24H","fuels":{"gasoline95":1.529,"diesel":1.629},"extra":{"saleType":"P","margin":"D","reportingType":"OM","ideess":"13645","idMunicipio":"252","idProvincia":"03","idCCAA":"10"}}},{"type":"Feature","geometry":{"type":"Point","coordinates":[-0.718056,38.261528]},"properties":{"id":"es-13648","source":"ES","brand":"E.S. PLUSOIL","address":"CALLE PANAMA, 5","municipality":"Elche/Elx","province":"ALICANTE","postalCode":"03205","schedule":"L-D: 24H","fuels":{"gasoline95":1.675,"diesel":1.649},"extra":{"saleType":"P","margin":"D","reportingType":"dm","ideess":"13648","idMunicipio":"203","idProvincia":"03","idCCAA":"10"}}},{"type":"Feature","geometry":{"type":"Point","coordinates":[-0.1925,38.954111]},"properties":{"id":"es-13679","source":"ES","brand":"AUTOIL","address":"TRAVESÍA TRAVESIA DE ALBAIDA, 10","municipality":"Real de Gandía","province":"VALENCIA / VALÈNCIA","postalCode":"46727","schedule":"L-D: 24H","fuels":{"gasoline95":1.639,"diesel":1.669,"adblue":0.999},"extra":{"saleType":"P","margin":"D","reportingType":"dm","ideess":"13679","idMunicipio":"7174","idProvincia":"46","idCCAA":"10"}}},{"type":"Feature","geometry":{"type":"Point","coordinates":[-0.80625,38.470083]},"properties":{"id":"es-13688","source":"ES","brand":"REPSOL","address":"AVENIDA CENTRO EXCURSIONISTA, S/N","municipality":"Elda","province":"ALICANTE","postalCode":"03600","schedule":"L-D: 06:00-22:00","fuels":{"gasoline95":1.759,"gasoline95Premium":1.839,"gasoline98":1.929,"diesel":1.805,"dieselPremium":1.915},"extra":{"saleType":"P","margin":"D","reportingType":"OM","ideess":"13688","idMunicipio":"204","idProvincia":"03","idCCAA":"10"}}},{"type":"Feature","geometry":{"type":"Point","coordinates":[-0.449972,38.385639]},"properties":{"id":"es-13759","source":"ES","brand":"E.S. SANTA FAZ","address":"AVENIDA DE DENIA, 183","municipality":"Alicante/Alacant","province":"ALICANTE","postalCode":"03559","schedule":"L-D: 06:30-22:30","fuels":{"gasoline95":1.754,"gasoline95Premium":1.844,"diesel":1.791,"dieselPremium":1.871},"extra":{"saleType":"P","margin":"I","reportingType":"dm","ideess":"13759","idMunicipio":"152","idProvincia":"03","idCCAA":"10"}}},{"type":"Feature","geometry":{"type":"Point","coordinates":[-0.180333,38.949389]},"properties":{"id":"es-13819","source":"ES","brand":"BALLENOIL","address":"CALLE DELS PINTORS, 5","municipality":"Almoines","province":"VALENCIA / VALÈNCIA","postalCode":"46723","schedule":"L-D: 24H","fuels":{"gasoline95":1.619,"diesel":1.649},"extra":{"saleType":"P","margin":"N","reportingType":"OM","ideess":"13819","idMunicipio":"6999","idProvincia":"46","idCCAA":"10"}}},{"type":"Feature","geometry":{"type":"Point","coordinates":[-0.444778,38.369111]},"properties":{"id":"es-13851","source":"ES","brand":"AVANZA ENERGY","address":"VIAL FLORA DE ESPAÑA, 28","municipality":"Alicante/Alacant","province":"ALICANTE","postalCode":"03016","schedule":"L-D: 06:30-22:00","fuels":{"gasoline95":1.752,"gasoline98":1.898,"diesel":1.784,"dieselPremium":1.899,"lpg":1.044},"extra":{"saleType":"P","margin":"N","reportingType":"dm","ideess":"13851","idMunicipio":"152","idProvincia":"03","idCCAA":"10"}}},{"type":"Feature","geometry":{"type":"Point","coordinates":[-0.873944,38.635861]},"properties":{"id":"es-13864","source":"ES","brand":"JBM","address":"PARTIDA PRADO DE LA VILLA, 106","municipality":"Villena","province":"ALICANTE","postalCode":"03400","schedule":"L-D: 06:00-22:00","fuels":{"gasoline95":1.639,"gasoline98":1.749,"diesel":1.719,"dieselPremium":1.789,"dieselB":1.409},"extra":{"saleType":"P","margin":"D","reportingType":"dm","ideess":"13864","idMunicipio":"279","idProvincia":"03","idCCAA":"10"}}},{"type":"Feature","geometry":{"type":"Point","coordinates":[-0.717444,38.261444]},"properties":{"id":"es-13870","source":"ES","brand":"GASOLINERA D'ELX (S. ATENDIDO)","address":"AVINGUDA DE CREVILLENTE, 4","municipality":"Elche/Elx","province":"ALICANTE","postalCode":"03205","schedule":"L-V: 07:00-22:00; S: 08:00-22:00; D: 08:00-21:30","fuels":{"gasoline95":1.675,"diesel":1.655,"dieselPremium":1.705,"adblue":0.95},"extra":{"saleType":"P","margin":"N","reportingType":"dm","ideess":"13870","idMunicipio":"203","idProvincia":"03","idCCAA":"10"}}},{"type":"Feature","geometry":{"type":"Point","coordinates":[-0.884611,38.059056]},"properties":{"id":"es-13879","source":"ES","brand":"BIGASOIL","address":"CALLE DEL PROGRESO, 24","municipality":"Bigastro","province":"ALICANTE","postalCode":"03380","schedule":"L-D: 24H","fuels":{"gasoline95":1.679,"diesel":1.659,"adblue":1.0},"extra":{"saleType":"P","margin":"D","reportingType":"dm","ideess":"13879","idMunicipio":"182","idProvincia":"03","idCCAA":"10"}}},{"type":"Feature","geometry":{"type":"Point","coordinates":[-0.441806,38.733333]},"properties":{"id":"es-13901","source":"ES","brand":"FUTURA PETROLIUM","address":"AVENIDA ALTET L', 3","municipality":"Cocentaina","province":"ALICANTE","postalCode":"03820","schedule":"L-D: 24H","fuels":{"gasoline95":1.579,"diesel":1.639},"extra":{"saleType":"P","margin":"D","reportingType":"dm","ideess":"13901","idMunicipio":"195","idProvincia":"03","idCCAA":"10"}}},{"type":"Feature","geometry":{"type":"Point","coordinates":[-0.420528,38.413139]},"properties":{"id":"es-13924","source":"ES","brand":"PETROPRIX","address":"CARRETERA N-332 KM. 116,7","municipality":"Sant Joan d'Alacant","province":"ALICANTE","postalCode":"03550","schedule":"L-D: 24H","fuels":{"gasoline95":1.589,"diesel":1.639},"extra":{"saleType":"P","margin":"N","reportingType":"dm","ideess":"13924","idMunicipio":"261","idProvincia":"03","idCCAA":"10"}}},{"type":"Feature","geometry":{"type":"Point","coordinates":[-0.715,38.280694]},"properties":{"id":"es-14094","source":"ES","brand":"PLENERGY","address":"CALLE ALMANSA, 19","municipality":"Elche/Elx","province":"ALICANTE","postalCode":"03206","schedule":"L-D: 24H","fuels":{"gasoline95":1.685,"diesel":1.669},"extra":{"saleType":"P","margin":"D","reportingType":"dm","ideess":"14094","idMunicipio":"203","idProvincia":"03","idCCAA":"10"}}},{"type":"Feature","geometry":{"type":"Point","coordinates":[-0.164278,38.984]},"properties":{"id":"es-14121","source":"ES","brand":"VCC GANDIA","address":"AVENIDA DE LES PLATJETES, 1","municipality":"Gandia","province":"VALENCIA / VALÈNCIA","postalCode":"46700","schedule":"L-D: 24H","fuels":{"gasoline95":1.577,"diesel":1.577},"extra":{"saleType":"P","margin":"D","reportingType":"dm","ideess":"14121","idMunicipio":"7091","idProvincia":"46","idCCAA":"10"}}},{"type":"Feature","geometry":{"type":"Point","coordinates":[-0.663889,38.596361]},"properties":{"id":"es-14136","source":"ES","brand":"MASOIL CASTALLA","address":"CALLE SAN VICENTE DEL RASPEIG, 4","municipality":"Castalla","province":"ALICANTE","postalCode":"03420","schedule":"L-D: 24H","fuels":{"gasoline95":1.699,"diesel":1.699,"lpg":1.05,"adblue":1.0},"extra":{"saleType":"P","margin":"D","reportingType":"dm","ideess":"14136","idMunicipio":"191","idProvincia":"03","idCCAA":"10"}}},{"type":"Feature","geometry":{"type":"Point","coordinates":[-0.129361,38.6055]},"properties":{"id":"es-14163","source":"ES","brand":"PLENERGY","address":"AVENIDA MARINA BAIXA, 112","municipality":"Nucia (la)","province":"ALICANTE","postalCode":"03530","schedule":"L-D: 24H","fuels":{"gasoline95":1.669,"diesel":1.649},"extra":{"saleType":"P","margin":"D","reportingType":"dm","ideess":"14163","idMunicipio":"231","idProvincia":"03","idCCAA":"10"}}},{"type":"Feature","geometry":{"type":"Point","coordinates":[-0.730167,38.084861]},"properties":{"id":"es-14189","source":"ES","brand":"TAMOIL","address":"CALLE CIUDAD DE LA LUZ, 1","municipality":"Rojales","province":"ALICANTE","postalCode":"03170","schedule":"L-D: 24H","fuels":{"gasoline95":1.559,"diesel":1.659,"adblue":0.899},"extra":{"saleType":"P","margin":"N","reportingType":"OM","ideess":"14189","idMunicipio":"252","idProvincia":"03","idCCAA":"10"}}},{"type":"Feature","geometry":{"type":"Point","coordinates":[-0.889167,38.168111]},"properties":{"id":"es-14191","source":"ES","brand":"SUVER GASOLEOS","address":"CALLE POLIGONO INDUSTRIAL MOS DEL BOU, CALLE EL ESPARTO, 5","municipality":"Albatera","province":"ALICANTE","postalCode":"03340","schedule":"L-D: 24H","fuels":{"gasoline95":1.709,"diesel":1.749,"dieselPremium":1.749},"extra":{"saleType":"P","margin":"D","reportingType":"dm","ideess":"14191","idMunicipio":"143","idProvincia":"03","idCCAA":"10"}}},{"type":"Feature","geometry":{"type":"Point","coordinates":[-0.46625,38.711556]},"properties":{"id":"es-14200","source":"ES","brand":"GASEXPRESS","address":"CALLE VALENCIA ESQ C/SANT JOAN BOSCO, 1","municipality":"Alcoy/Alcoi","province":"ALICANTE","postalCode":"03800","schedule":"L-D: 24H","fuels":{"gasoline95":1.609,"diesel":1.679},"extra":{"saleType":"P","margin":"D","reportingType":"dm","ideess":"14200","idMunicipio":"147","idProvincia":"03","idCCAA":"10"}}},{"type":"Feature","geometry":{"type":"Point","coordinates":[-0.971639,38.711694]},"properties":{"id":"es-14203","source":"ES","brand":"VILA Y FAYOS","address":"CARRETERA D-12 ESTACION KM. 32","municipality":"Caudete","province":"ALBACETE","postalCode":"02660","schedule":"L-D: 24H","fuels":{"gasoline95":1.639,"diesel":1.649,"dieselB":1.479},"extra":{"saleType":"P","margin":"D","reportingType":"dm","ideess":"14203","idMunicipio":"76","idProvincia":"02","idCCAA":"07"}}},{"type":"Feature","geometry":{"type":"Point","coordinates":[-0.783083,38.122583]},"properties":{"id":"es-14211","source":"ES","brand":"PETROPRIX","address":"CALLE PARTIDA DE LA ERA ALTA, 57","municipality":"Almoradí","province":"ALICANTE","postalCode":"03160","schedule":"L-D: 24H","fuels":{"gasoline95":1.499,"diesel":1.589},"extra":{"saleType":"P","margin":"I","reportingType":"dm","ideess":"14211","idMunicipio":"153","idProvincia":"03","idCCAA":"10"}}},{"type":"Feature","geometry":{"type":"Point","coordinates":[-0.174056,38.959028]},"properties":{"id":"es-14234","source":"ES","brand":"SAFOROIL","address":"AVENIDA BENIETO DE, 3","municipality":"Gandia","province":"VALENCIA / VALÈNCIA","postalCode":"46700","schedule":"L-D: 24H","fuels":{"gasoline95":1.619,"diesel":1.649,"adblue":0.659},"extra":{"saleType":"P","margin":"D","reportingType":"dm","ideess":"14234","idMunicipio":"7091","idProvincia":"46","idCCAA":"10"}}},{"type":"Feature","geometry":{"type":"Point","coordinates":[-0.777556,38.336861]},"properties":{"id":"es-14237","source":"ES","brand":"GASOLINERA ASPE","address":"AVENIDA AVENIDA DE ORIHUELA, 101","municipality":"Aspe","province":"ALICANTE","postalCode":"03680","schedule":"L-D: 24H","fuels":{"gasoline95":1.599,"diesel":1.679},"extra":{"saleType":"P","margin":"N","reportingType":"OM","ideess":"14237","idMunicipio":"157","idProvincia":"03","idCCAA":"10"}}},{"type":"Feature","geometry":{"type":"Point","coordinates":[-0.567583,38.199139]},"properties":{"id":"es-14239","source":"ES","brand":"VCC SANTA POLA","address":"CARRETERA SANTA POLA KM. 21","municipality":"Santa Pola","province":"ALICANTE","postalCode":"03130","schedule":"L-D: 24H","fuels":{"gasoline95":1.577,"diesel":1.577},"extra":{"saleType":"P","margin":"D","reportingType":"dm","ideess":"14239","idMunicipio":"262","idProvincia":"03","idCCAA":"10"}}},{"type":"Feature","geometry":{"type":"Point","coordinates":[-0.526694,38.390833]},"properties":{"id":"es-14257","source":"ES","brand":"GASEXPRESS","address":"PARTIDA INMEDIACIONES, 28","municipality":"San Vicente del Raspeig/Sant Vicent del Raspeig","province":"ALICANTE","postalCode":"03690","schedule":"L-D: 24H","fuels":{"gasoline95":1.639,"diesel":1.655},"extra":{"saleType":"P","margin":"D","reportingType":"dm","ideess":"14257","idMunicipio":"259","idProvincia":"03","idCCAA":"10"}}},{"type":"Feature","geometry":{"type":"Point","coordinates":[-0.430028,38.397833]},"properties":{"id":"es-14267","source":"ES","brand":"PLENERGY","address":"AVENIDA BENIDORM, 23","municipality":"Sant Joan d'Alacant","province":"ALICANTE","postalCode":"03550","schedule":"L-D: 24H","fuels":{"gasoline95":1.599,"diesel":1.659},"extra":{"saleType":"P","margin":"D","reportingType":"dm","ideess":"14267","idMunicipio":"261","idProvincia":"03","idCCAA":"10"}}},{"type":"Feature","geometry":{"type":"Point","coordinates":[-0.512806,38.391917]},"properties":{"id":"es-14271","source":"ES","brand":"PLENERGY","address":"CARRER PERU, 12","municipality":"San Vicente del Raspeig/Sant Vicent del Raspeig","province":"ALICANTE","postalCode":"03690","schedule":"L-D: 24H","fuels":{"gasoline95":1.649,"diesel":1.675},"extra":{"saleType":"P","margin":"D","reportingType":"dm","ideess":"14271","idMunicipio":"259","idProvincia":"03","idCCAA":"10"}}},{"type":"Feature","geometry":{"type":"Point","coordinates":[-0.524056,38.836833]},"properties":{"id":"es-14308","source":"ES","brand":"GASOLBEN","address":"AVENIDA JOSEP GINER I MARCO DE, 2","municipality":"Albaida","province":"VALENCIA / VALÈNCIA","postalCode":"46860","schedule":"L-D: 24H","fuels":{"gasoline95Premium":1.508,"dieselPremium":1.606,"adblue":0.775},"extra":{"saleType":"P","margin":"D","reportingType":"dm","ideess":"14308","idMunicipio":"6972","idProvincia":"46","idCCAA":"10"}}},{"type":"Feature","geometry":{"type":"Point","coordinates":[-0.567139,38.199222]},"properties":{"id":"es-14318","source":"ES","brand":"PLENERGY","address":"CARRETERA ELCHE SANTA POLA KM. 34","municipality":"Santa Pola","province":"ALICANTE","postalCode":"03130","schedule":"L-D: 24H","fuels":{"gasoline95":1.637,"diesel":1.647},"extra":{"saleType":"P","margin":"D","reportingType":"dm","ideess":"14318","idMunicipio":"262","idProvincia":"03","idCCAA":"10"}}},{"type":"Feature","geometry":{"type":"Point","coordinates":[-0.722583,38.050083]},"properties":{"id":"es-14325","source":"ES","brand":"GLOBAL OIL","address":"CALLE VIGO, 40","municipality":"Rojales","province":"ALICANTE","postalCode":"03170","schedule":"L-D: 24H","fuels":{"gasoline95":1.529,"diesel":1.559},"extra":{"saleType":"P","margin":"D","reportingType":"dm","ideess":"14325","idMunicipio":"252","idProvincia":"03","idCCAA":"10"}}},{"type":"Feature","geometry":{"type":"Point","coordinates":[-0.447417,38.7795]},"properties":{"id":"es-14427","source":"ES","brand":"GASOLPOP,S.L.","address":"CALLE DEL TRANSPORT, 25","municipality":"Muro de Alcoy","province":"ALICANTE","postalCode":"03830","schedule":"L-D: 24H","fuels":{"gasoline95":1.569,"diesel":1.639},"extra":{"saleType":"P","margin":"D","reportingType":"dm","ideess":"14427","idMunicipio":"228","idProvincia":"03","idCCAA":"10"}}},{"type":"Feature","geometry":{"type":"Point","coordinates":[-0.773361,38.341583]},"properties":{"id":"es-14449","source":"ES","brand":"PLENERGY","address":"AVENIDA TRES DE AGOSTO, 20","municipality":"Aspe","province":"ALICANTE","postalCode":"03680","schedule":"L-D: 24H","fuels":{"gasoline95":1.609,"diesel":1.699},"extra":{"saleType":"P","margin":"D","reportingType":"dm","ideess":"14449","idMunicipio":"157","idProvincia":"03","idCCAA":"10"}}},{"type":"Feature","geometry":{"type":"Point","coordinates":[-0.712472,38.282583]},"properties":{"id":"es-14469","source":"ES","brand":"BALLENOIL","address":"CALLE SENIJA, 2","municipality":"Elche/Elx","province":"ALICANTE","postalCode":"03206","schedule":"L-D: 24H","fuels":{"gasoline95":1.675,"diesel":1.649},"extra":{"saleType":"P","margin":"D","reportingType":"OM","ideess":"14469","idMunicipio":"203","idProvincia":"03","idCCAA":"10"}}},{"type":"Feature","geometry":{"type":"Point","coordinates":[-0.512611,38.99725]},"properties":{"id":"es-14472","source":"ES","brand":"+B ENERGIAS","address":"CALLE PROYECTO MOLA 3, 6","municipality":"Xàtiva","province":"VALENCIA / VALÈNCIA","postalCode":"46800","schedule":"L-D: 24H","fuels":{"gasoline95":1.525,"diesel":1.575,"lpg":0.939,"adblue":0.799},"extra":{"saleType":"P","margin":"D","reportingType":"dm","ideess":"14472","idMunicipio":"7225","idProvincia":"46","idCCAA":"10"}}},{"type":"Feature","geometry":{"type":"Point","coordinates":[-0.430667,38.781611]},"properties":{"id":"es-14518","source":"ES","brand":"PETRANOIL STATION","address":"AVENIDA PAIS VALENCIÀ, 40","municipality":"Muro de Alcoy","province":"ALICANTE","postalCode":"03830","schedule":"L-D: 24H","fuels":{"gasoline95":1.569,"diesel":1.639},"extra":{"saleType":"P","margin":"I","reportingType":"dm","ideess":"14518","idMunicipio":"228","idProvincia":"03","idCCAA":"10"}}},{"type":"Feature","geometry":{"type":"Point","coordinates":[-0.397194,38.4325]},"properties":{"id":"es-14520","source":"ES","brand":"GASEXPRESS CAMPELLO","address":"CALLE SAN RAMON, 125","municipality":"Campello (el)","province":"ALICANTE","postalCode":"03560","schedule":"L-D: 24H","fuels":{"gasoline95":1.589,"diesel":1.639},"extra":{"saleType":"P","margin":"D","reportingType":"dm","ideess":"14520","idMunicipio":"188","idProvincia":"03","idCCAA":"10"}}},{"type":"Feature","geometry":{"type":"Point","coordinates":[-0.736889,38.087611]},"properties":{"id":"es-14525","source":"ES","brand":"GASOLINERA DE FORMENTERA","address":"POLIGONO LOS NAZARIOS, C/LOS NAZARIOS, 8","municipality":"Formentera del Segura","province":"ALICANTE","postalCode":"03179","schedule":"L-S: 06:00-22:00; D: 07:00-22:00","fuels":{"gasoline95":1.539,"gasoline95Premium":1.619,"diesel":1.639,"dieselPremium":1.709,"adblue":0.95},"extra":{"saleType":"P","margin":"N","reportingType":"dm","ideess":"14525","idMunicipio":"209","idProvincia":"03","idCCAA":"10"}}},{"type":"Feature","geometry":{"type":"Point","coordinates":[-0.430528,38.39725]},"properties":{"id":"es-14542","source":"ES","brand":"PETROPRIX","address":"CALLE DIAGONAL, 15","municipality":"Sant Joan d'Alacant","province":"ALICANTE","postalCode":"03550","schedule":"L-D: 24H","fuels":{"gasoline95":1.589,"diesel":1.639},"extra":{"saleType":"P","margin":"N","reportingType":"dm","ideess":"14542","idMunicipio":"261","idProvincia":"03","idCCAA":"10"}}},{"type":"Feature","geometry":{"type":"Point","coordinates":[-0.056056,38.594194]},"properties":{"id":"es-14551","source":"ES","brand":"PETROPRIX","address":"CALLE CUESTA DE LAS NARICES, 11","municipality":"Altea","province":"ALICANTE","postalCode":"03590","schedule":"L-D: 24H","fuels":{"gasoline95":1.529,"diesel":1.579},"extra":{"saleType":"P","margin":"I","reportingType":"dm","ideess":"14551","idMunicipio":"156","idProvincia":"03","idCCAA":"10"}}},{"type":"Feature","geometry":{"type":"Point","coordinates":[-0.434583,38.427167]},"properties":{"id":"es-14574","source":"ES","brand":"REPSOL","address":"CARRETERA CV 800 KM. 0,750","municipality":"Mutxamel","province":"ALICANTE","postalCode":"03110","schedule":"L-D: 06:00-22:00","fuels":{"gasoline95":1.759,"gasoline95Premium":1.809,"gasoline98":1.879,"diesel":1.785,"dieselRenewable":1.879,"adblue":0.92},"extra":{"saleType":"P","margin":"N","reportingType":"dm","ideess":"14574","idMunicipio":"229","idProvincia":"03","idCCAA":"10"}}},{"type":"Feature","geometry":{"type":"Point","coordinates":[-0.800556,38.100389]},"properties":{"id":"es-14626","source":"ES","brand":"LAS MAROMAS-2","address":"CALLE REINO UNIDO, 1","municipality":"Almoradí","province":"ALICANTE","postalCode":"03160","schedule":"L-D: 24H","fuels":{"gasoline95":1.539,"diesel":1.639},"extra":{"saleType":"P","margin":"D","reportingType":"dm","ideess":"14626","idMunicipio":"153","idProvincia":"03","idCCAA":"10"}}},{"type":"Feature","geometry":{"type":"Point","coordinates":[-0.745028,38.077222]},"properties":{"id":"es-14628","source":"ES","brand":"BENIEXPRESS","address":"CALLE ALCALDE FRANCISCO GONZALEZ FERNANDEZ, 32","municipality":"Benijófar","province":"ALICANTE","postalCode":"03178","schedule":"L-D: 24H","fuels":{"gasoline95":1.679,"diesel":1.699},"extra":{"saleType":"P","margin":"N","reportingType":"dm","ideess":"14628","idMunicipio":"172","idProvincia":"03","idCCAA":"10"}}},{"type":"Feature","geometry":{"type":"Point","coordinates":[-0.660611,38.090917]},"properties":{"id":"es-14711","source":"ES","brand":"SEVEN OIL","address":"CALLE FORNERS, 27","municipality":"Guardamar del Segura","province":"ALICANTE","postalCode":"03140","schedule":"L-D: 24H","fuels":{"gasoline95":1.699,"diesel":1.709},"extra":{"saleType":"P","margin":"D","reportingType":"dm","ideess":"14711","idMunicipio":"214","idProvincia":"03","idCCAA":"10"}}},{"type":"Feature","geometry":{"type":"Point","coordinates":[-0.673944,38.271583]},"properties":{"id":"es-14714","source":"ES","brand":"PLENERGY","address":"CALLE ALICANTE-ALTET, 122","municipality":"Elche/Elx","province":"ALICANTE","postalCode":"03203","schedule":"L-D: 24H","fuels":{"gasoline95":1.689,"diesel":1.689},"extra":{"saleType":"P","margin":"D","reportingType":"dm","ideess":"14714","idMunicipio":"203","idProvincia":"03","idCCAA":"10"}}},{"type":"Feature","geometry":{"type":"Point","coordinates":[-0.198389,38.524361]},"properties":{"id":"es-14751","source":"ES","brand":"SUMINISTROS HERMANOS HT","address":"POLIGONO PP-33, PARCELA 15, S/N","municipality":"Villajoyosa/Vila Joiosa (la)","province":"ALICANTE","postalCode":"03570","schedule":"L-D: 24H","fuels":{"gasoline95":1.536,"diesel":1.608},"extra":{"saleType":"P","margin":"N","reportingType":"dm","ideess":"14751","idMunicipio":"278","idProvincia":"03","idCCAA":"10"}}},{"type":"Feature","geometry":{"type":"Point","coordinates":[-0.995861,38.044583]},"properties":{"id":"es-14801","source":"ES","brand":"REPSOL","address":"AVENIDA JUAN PUJANTE HERNÁNDEZ, S/N","municipality":"Beniel","province":"MURCIA","postalCode":"30130","schedule":"L-D: 24H","fuels":{"gasoline95":1.769,"gasoline95Premium":1.869,"gasoline98":2.129,"diesel":1.819,"dieselRenewable":1.839,"adblue":1.109},"extra":{"saleType":"P","margin":"N","reportingType":"dm","ideess":"14801","idMunicipio":"4565","idProvincia":"30","idCCAA":"14"}}},{"type":"Feature","geometry":{"type":"Point","coordinates":[-0.573444,38.831194]},"properties":{"id":"es-14810","source":"ES","brand":"VCC ONTINYENT","address":"AVENIDA DEL TEXTIL, 79","municipality":"Ontinyent","province":"VALENCIA / VALÈNCIA","postalCode":"46780","schedule":"L-D: 24H","fuels":{"gasoline95":1.544,"diesel":1.544,"adblue":0.888},"extra":{"saleType":"P","margin":"D","reportingType":"dm","ideess":"14810","idMunicipio":"7143","idProvincia":"46","idCCAA":"10"}}},{"type":"Feature","geometry":{"type":"Point","coordinates":[-0.0965,38.571139]},"properties":{"id":"es-14851","source":"ES","brand":"BP ALFAZ DEL PI","address":"CALLE MALLORCA, CTRA. CV-763, 1","municipality":"Alfàs del Pi (l')","province":"ALICANTE","postalCode":"03580","schedule":"L-D: 07:00-23:00","fuels":{"gasoline95":1.785,"gasoline98":1.925,"diesel":1.809,"dieselPremium":1.899},"extra":{"saleType":"P","margin":"D","reportingType":"OM","ideess":"14851","idMunicipio":"149","idProvincia":"03","idCCAA":"10"}}},{"type":"Feature","geometry":{"type":"Point","coordinates":[-0.042083,38.751972]},"properties":{"id":"es-14852","source":"ES","brand":"REPSOL","address":"POLIGONO PLAZA MOSQUERA, 6","municipality":"Alcalalí","province":"ALICANTE","postalCode":"03728","schedule":"L-D: 24H","fuels":{"gasoline95":1.729,"diesel":1.79,"dieselPremium":1.859},"extra":{"saleType":"P","margin":"D","reportingType":"dm","ideess":"14852","idMunicipio":"144","idProvincia":"03","idCCAA":"10"}}},{"type":"Feature","geometry":{"type":"Point","coordinates":[-0.791,38.233167]},"properties":{"id":"es-14864","source":"ES","brand":"HAM","address":"AUTOVIA A7 KM. 526","municipality":"Crevillent","province":"ALICANTE","postalCode":"03330","schedule":"L-D: 24H","fuels":{"cng":1.574,"lng":1.529,"bioCng":1.554,"bioLng":1.499},"extra":{"saleType":"P","margin":"D","reportingType":"dm","ideess":"14864","idMunicipio":"198","idProvincia":"03","idCCAA":"10"}}},{"type":"Feature","geometry":{"type":"Point","coordinates":[-0.783861,38.489028]},"properties":{"id":"es-14931","source":"ES","brand":"BALLENOIL","address":"CALLE PRESBITERO CONRADO POVEDA, 1","municipality":"Petrer","province":"ALICANTE","postalCode":"03610","schedule":"L-D: 24H","fuels":{"gasoline95":1.509,"diesel":1.589,"dieselPremium":1.609},"extra":{"saleType":"P","margin":"D","reportingType":"OM","ideess":"14931","idMunicipio":"241","idProvincia":"03","idCCAA":"10"}}},{"type":"Feature","geometry":{"type":"Point","coordinates":[-0.9295,38.091333]},"properties":{"id":"es-14954","source":"ES","brand":"PLENERGY","address":"CALLE VIEJO DE CALLOSA, 25","municipality":"Orihuela","province":"ALICANTE","postalCode":"03300","schedule":"L-D: 24H","fuels":{"gasoline95":1.689,"diesel":1.679},"extra":{"saleType":"P","margin":"D","reportingType":"dm","ideess":"14954","idMunicipio":"235","idProvincia":"03","idCCAA":"10"}}},{"type":"Feature","geometry":{"type":"Point","coordinates":[-0.882139,38.154389]},"properties":{"id":"es-14956","source":"ES","brand":"JOSBERFUEL","address":"CALLE RIO EBRO, 1","municipality":"Granja de Rocamora","province":"ALICANTE","postalCode":"03348","schedule":"L-D: 00:00-23:59","fuels":{"gasoline95":1.699,"diesel":1.759},"extra":{"saleType":"P","margin":"N","reportingType":"dm","ideess":"14956","idMunicipio":"213","idProvincia":"03","idCCAA":"10"}}},{"type":"Feature","geometry":{"type":"Point","coordinates":[-0.076694,38.574028]},"properties":{"id":"es-15006","source":"ES","brand":"PLENERGY","address":"AVENIDA ALBIR, 90","municipality":"Alfàs del Pi (l')","province":"ALICANTE","postalCode":"03580","schedule":"L-D: 24H","fuels":{"gasoline95":1.539,"diesel":1.599},"extra":{"saleType":"P","margin":"D","reportingType":"dm","ideess":"15006","idMunicipio":"149","idProvincia":"03","idCCAA":"10"}}},{"type":"Feature","geometry":{"type":"Point","coordinates":[-0.109778,38.551139]},"properties":{"id":"es-15012","source":"ES","brand":"PETROENERGY","address":"AVENIDA COMUNIDAD VALENCIANA- CAMÍ DEL PALASIET, 2","municipality":"Benidorm","province":"ALICANTE","postalCode":"03503","schedule":"L-D: 24H","fuels":{"gasoline95":1.535,"diesel":1.635},"extra":{"saleType":"P","margin":"N","reportingType":"dm","ideess":"15012","idMunicipio":"168","idProvincia":"03","idCCAA":"10"}}},{"type":"Feature","geometry":{"type":"Point","coordinates":[-0.578222,38.614333]},"properties":{"id":"es-15018","source":"ES","brand":"NEFT","address":"CALLE CARMEN MARIN GAITE, 10","municipality":"Ibi","province":"ALICANTE","postalCode":"03440","schedule":"L-D: 24H","fuels":{"gasoline95":1.699,"diesel":1.699,"dieselPremium":1.749},"extra":{"saleType":"P","margin":"D","reportingType":"dm","ideess":"15018","idMunicipio":"216","idProvincia":"03","idCCAA":"10"}}},{"type":"Feature","geometry":{"type":"Point","coordinates":[-0.170444,38.539417]},"properties":{"id":"es-15028","source":"ES","brand":"GM OIL","address":"AVENIDA MIGUEL HERNÁNDEZ, 11","municipality":"Finestrat","province":"ALICANTE","postalCode":"03509","schedule":"L-D: 24H","fuels":{"gasoline95":1.519,"diesel":1.579},"extra":{"saleType":"P","margin":"D","reportingType":"dm","ideess":"15028","idMunicipio":"207","idProvincia":"03","idCCAA":"10"}}},{"type":"Feature","geometry":{"type":"Point","coordinates":[-0.801139,38.248167]},"properties":{"id":"es-15041","source":"ES","brand":"PLENERGY","address":"PASEO DE ELCHE, 7","municipality":"Crevillent","province":"ALICANTE","postalCode":"03339","schedule":"L-D: 24H","fuels":{"gasoline95":1.685,"diesel":1.669},"extra":{"saleType":"P","margin":"D","reportingType":"dm","ideess":"15041","idMunicipio":"198","idProvincia":"03","idCCAA":"10"}}},{"type":"Feature","geometry":{"type":"Point","coordinates":[-0.973861,38.71075]},"properties":{"id":"es-15047","source":"ES","brand":"HAM","address":"CARRETERA D12 ESTACION KM. 1","municipality":"Caudete","province":"ALBACETE","postalCode":"02660","schedule":"L-D: 24H","fuels":{"lng":1.529,"bioLng":1.499},"extra":{"saleType":"P","margin":"D","reportingType":"dm","ideess":"15047","idMunicipio":"76","idProvincia":"02","idCCAA":"07"}}},{"type":"Feature","geometry":{"type":"Point","coordinates":[-0.728667,38.061583]},"properties":{"id":"es-15065","source":"ES","brand":"BALLENOIL","address":"AVENIDA JEREZ DE LA FRONTERA, 2","municipality":"Rojales","province":"ALICANTE","postalCode":"03170","schedule":"L-D: 24H","fuels":{"gasoline95":1.559,"diesel":1.649,"dieselPremium":1.669},"extra":{"saleType":"P","margin":"D","reportingType":"OM","ideess":"15065","idMunicipio":"252","idProvincia":"03","idCCAA":"10"}}},{"type":"Feature","geometry":{"type":"Point","coordinates":[-0.458722,38.717972]},"properties":{"id":"es-15089","source":"ES","brand":"LA 23","address":"AVENIDA ALACANT, 64","municipality":"Cocentaina","province":"ALICANTE","postalCode":"03820","schedule":"L-D: 24H","fuels":{"gasoline95":1.607,"diesel":1.679},"extra":{"saleType":"P","margin":"D","reportingType":"dm","ideess":"15089","idMunicipio":"195","idProvincia":"03","idCCAA":"10"}}},{"type":"Feature","geometry":{"type":"Point","coordinates":[-0.611667,38.288139]},"properties":{"id":"es-15095","source":"ES","brand":"GM OIL ELCHE","address":"CALLE GALILEO GALILEI, 14","municipality":"Elche/Elx","province":"ALICANTE","postalCode":"03203","schedule":"L: 24H","fuels":{"gasoline95":1.599,"diesel":1.619},"extra":{"saleType":"P","margin":"D","reportingType":"dm","ideess":"15095","idMunicipio":"203","idProvincia":"03","idCCAA":"10"}}},{"type":"Feature","geometry":{"type":"Point","coordinates":[-0.106167,38.58225]},"properties":{"id":"es-15099","source":"ES","brand":"PLENERGY","address":"AVENIDA PAIS VALENCIÁ, 47","municipality":"Alfàs del Pi (l')","province":"ALICANTE","postalCode":"03580","schedule":"L-D: 24H","fuels":{"gasoline95":1.539,"diesel":1.599},"extra":{"saleType":"P","margin":"D","reportingType":"dm","ideess":"15099","idMunicipio":"149","idProvincia":"03","idCCAA":"10"}}},{"type":"Feature","geometry":{"type":"Point","coordinates":[-0.115028,38.848278]},"properties":{"id":"es-15147","source":"ES","brand":"LOW COST 24H","address":"AVENIDA JOAN CARLES I REI, 2","municipality":"Pego","province":"ALICANTE","postalCode":"03780","schedule":"L-D: 24H","fuels":{"gasoline95":1.578,"diesel":1.708},"extra":{"saleType":"P","margin":"D","reportingType":"dm","ideess":"15147","idMunicipio":"239","idProvincia":"03","idCCAA":"10"}}},{"type":"Feature","geometry":{"type":"Point","coordinates":[-0.464083,38.369889]},"properties":{"id":"es-15170","source":"ES","brand":"PLENERGY","address":"CALLE ANTONIO RAMOS CARRATALÁ, 26","municipality":"Alicante/Alacant","province":"ALICANTE","postalCode":"03016","schedule":"L-D: 24H","fuels":{"gasoline95":1.569,"diesel":1.649},"extra":{"saleType":"P","margin":"D","reportingType":"dm","ideess":"15170","idMunicipio":"152","idProvincia":"03","idCCAA":"10"}}},{"type":"Feature","geometry":{"type":"Point","coordinates":[-0.167306,38.965417]},"properties":{"id":"es-15270","source":"ES","brand":"UNIGESCO","address":"POLIGONO 2 CM DELS PARES S/N, 0","municipality":"Gandia","province":"VALENCIA / VALÈNCIA","postalCode":"46700","schedule":"L-D: 24H","fuels":{"diesel":1.779,"adblue":0.72},"extra":{"saleType":"P","margin":"D","reportingType":"dm","ideess":"15270","idMunicipio":"7091","idProvincia":"46","idCCAA":"10"}}},{"type":"Feature","geometry":{"type":"Point","coordinates":[-0.858917,38.130583]},"properties":{"id":"es-15307","source":"ES","brand":"RITOR DIESEL","address":"BARRIO SAN JOSE DRCHA, 70","municipality":"Callosa de Segura","province":"ALICANTE","postalCode":"03360","schedule":"L-D: 07:30-21:30","fuels":{"gasoline95":1.589,"diesel":1.659,"dieselPremium":1.689},"extra":{"saleType":"P","margin":"D","reportingType":"dm","ideess":"15307","idMunicipio":"185","idProvincia":"03","idCCAA":"10"}}},{"type":"Feature","geometry":{"type":"Point","coordinates":[-0.100972,38.558833]},"properties":{"id":"es-15391","source":"ES","brand":"VCC ANOUER","address":"POLIGONO APR 3, 68","municipality":"Benidorm","province":"ALICANTE","postalCode":"03502","schedule":"L-D: 24H","fuels":{"gasoline95":1.545,"diesel":1.545,"adblue":0.888},"extra":{"saleType":"P","margin":"D","reportingType":"dm","ideess":"15391","idMunicipio":"168","idProvincia":"03","idCCAA":"10"}}},{"type":"Feature","geometry":{"type":"Point","coordinates":[-0.57275,38.340861]},"properties":{"id":"es-15396","source":"ES","brand":"PARCELOGIC","address":"AVENIDA DEL EURO, 9","municipality":"Alicante/Alacant","province":"ALICANTE","postalCode":"03114","schedule":"L-D: 24H","fuels":{"gasoline95":1.599,"diesel":1.604},"extra":{"saleType":"P","margin":"D","reportingType":"dm","ideess":"15396","idMunicipio":"152","idProvincia":"03","idCCAA":"10"}}},{"type":"Feature","geometry":{"type":"Point","coordinates":[-0.149194,38.938194]},"properties":{"id":"es-15467","source":"ES","brand":"AUTOIL","address":"CARRETERA CARRETERA PILES N5 KM.5 KM. 5","municipality":"Alquería de la Condesa/Alqueria de la Comtessa (l')","province":"VALENCIA / VALÈNCIA","postalCode":"46715","schedule":"L-D: 24H","fuels":{"gasoline95":1.639,"diesel":1.679,"adblue":0.85},"extra":{"saleType":"P","margin":"D","reportingType":"dm","ideess":"15467","idMunicipio":"7002","idProvincia":"46","idCCAA":"10"}}},{"type":"Feature","geometry":{"type":"Point","coordinates":[-0.432556,38.393972]},"properties":{"id":"es-15573","source":"ES","brand":"PLENERGY","address":"AVENIDA MIGUEL HERNANDEZ, 20","municipality":"Sant Joan d'Alacant","province":"ALICANTE","postalCode":"03550","schedule":"L-D: 24H","fuels":{"gasoline95":1.599,"diesel":1.659},"extra":{"saleType":"P","margin":"D","reportingType":"dm","ideess":"15573","idMunicipio":"261","idProvincia":"03","idCCAA":"10"}}},{"type":"Feature","geometry":{"type":"Point","coordinates":[-0.723694,38.263639]},"properties":{"id":"es-15604","source":"ES","brand":"PLENERGY","address":"CALLE ALCORCÓN, 27","municipality":"Elche/Elx","province":"ALICANTE","postalCode":"03205","schedule":"L-D: 24H","fuels":{"gasoline95":1.685,"diesel":1.669},"extra":{"saleType":"P","margin":"D","reportingType":"dm","ideess":"15604","idMunicipio":"203","idProvincia":"03","idCCAA":"10"}}},{"type":"Feature","geometry":{"type":"Point","coordinates":[-0.899,38.064861]},"properties":{"id":"es-15622","source":"ES","brand":"PLENERGY","address":"POLIGONO SECTOR D10, 8","municipality":"Bigastro","province":"ALICANTE","postalCode":"03380","schedule":"L-D: 24H","fuels":{"gasoline95":1.665,"diesel":1.669},"extra":{"saleType":"P","margin":"D","reportingType":"dm","ideess":"15622","idMunicipio":"182","idProvincia":"03","idCCAA":"10"}}},{"type":"Feature","geometry":{"type":"Point","coordinates":[-0.499917,38.364194]},"properties":{"id":"es-15630","source":"ES","brand":"AVANZA LOW COST","address":"CALLE BULEVAR TEULADA, 86","municipality":"Alicante/Alacant","province":"ALICANTE","postalCode":"03005","schedule":"L-D: 24H","fuels":{"gasoline95":1.584,"diesel":1.614},"extra":{"saleType":"P","margin":"I","reportingType":"dm","ideess":"15630","idMunicipio":"152","idProvincia":"03","idCCAA":"10"}}},{"type":"Feature","geometry":{"type":"Point","coordinates":[-0.457694,38.371389]},"properties":{"id":"es-15696","source":"ES","brand":"PLENERGY","address":"AVENIDA DENIA, 0","municipality":"Alicante/Alacant","province":"ALICANTE","postalCode":"03016","schedule":"L-D: 24H","fuels":{"gasoline95":1.569,"diesel":1.649},"extra":{"saleType":"P","margin":"D","reportingType":"dm","ideess":"15696","idMunicipio":"152","idProvincia":"03","idCCAA":"10"}}},{"type":"Feature","geometry":{"type":"Point","coordinates":[-0.721806,38.261444]},"properties":{"id":"es-15698","source":"ES","brand":"PETROPRIX","address":"CALLE PANAMA, S/N","municipality":"Elche/Elx","province":"ALICANTE","postalCode":"03205","schedule":"L-D: 24H","fuels":{"gasoline95":1.675,"diesel":1.649},"extra":{"saleType":"P","margin":"N","reportingType":"dm","ideess":"15698","idMunicipio":"203","idProvincia":"03","idCCAA":"10"}}},{"type":"Feature","geometry":{"type":"Point","coordinates":[-0.471194,38.683806]},"properties":{"id":"es-15700","source":"ES","brand":"PLENERGY","address":"CALLE ALACANT, 101","municipality":"Alcoy/Alcoi","province":"ALICANTE","postalCode":"03801","schedule":"L-D: 24H","fuels":{"gasoline95":1.665,"diesel":1.769},"extra":{"saleType":"P","margin":"D","reportingType":"dm","ideess":"15700","idMunicipio":"147","idProvincia":"03","idCCAA":"10"}}},{"type":"Feature","geometry":{"type":"Point","coordinates":[-0.722333,38.260222]},"properties":{"id":"es-15710","source":"ES","brand":"BALLENOIL","address":"AVINGUDA DE CREVILLENTE, 36","municipality":"Elche/Elx","province":"ALICANTE","postalCode":"03205","schedule":"L-D: 24H","fuels":{"gasoline95":1.675,"diesel":1.649,"dieselPremium":1.669},"extra":{"saleType":"P","margin":"D","reportingType":"OM","ideess":"15710","idMunicipio":"203","idProvincia":"03","idCCAA":"10"}}},{"type":"Feature","geometry":{"type":"Point","coordinates":[-0.439,38.750778]},"properties":{"id":"es-15728","source":"ES","brand":"PETROPRIX","address":"AVENIDA DE XATIVA, 31","municipality":"Cocentaina","province":"ALICANTE","postalCode":"03820","schedule":"L-D: 24H","fuels":{"gasoline95":1.579,"diesel":1.639},"extra":{"saleType":"P","margin":"D","reportingType":"dm","ideess":"15728","idMunicipio":"195","idProvincia":"03","idCCAA":"10"}}},{"type":"Feature","geometry":{"type":"Point","coordinates":[-0.448194,38.795111]},"properties":{"id":"es-15739","source":"ES","brand":"GALP","address":"AUTOVIA A7 KM. 0","municipality":"Muro de Alcoy","province":"ALICANTE","postalCode":"03830","schedule":"L-D: 06:00-22:00","fuels":{"gasoline95":1.689,"gasoline98":1.829,"diesel":1.764,"dieselPremium":1.814,"adblue":0.799},"extra":{"saleType":"P","margin":"I","reportingType":"OM","ideess":"15739","idMunicipio":"228","idProvincia":"03","idCCAA":"10"}}},{"type":"Feature","geometry":{"type":"Point","coordinates":[-0.234861,38.515444]},"properties":{"id":"es-15755","source":"ES","brand":"PLENERGY","address":"PARTIDA CHOVANES, POLIGONO 11, PARCELAS 91 Y 300, S/N","municipality":"Villajoyosa/Vila Joiosa (la)","province":"ALICANTE","postalCode":"03570","schedule":"L-D: 24H","fuels":{"gasoline95":1.617,"diesel":1.637},"extra":{"saleType":"P","margin":"D","reportingType":"dm","ideess":"15755","idMunicipio":"278","idProvincia":"03","idCCAA":"10"}}},{"type":"Feature","geometry":{"type":"Point","coordinates":[-0.104972,38.580639]},"properties":{"id":"es-15778","source":"ES","brand":"BEROIL","address":"AVINGUDA PAIS VALENCIÁ, 37","municipality":"Alfàs del Pi (l')","province":"ALICANTE","postalCode":"03580","schedule":"L-D: 24H","fuels":{"gasoline95":1.499,"diesel":1.559,"adblue":0.6},"extra":{"saleType":"P","margin":"D","reportingType":"dm","ideess":"15778","idMunicipio":"149","idProvincia":"03","idCCAA":"10"}}},{"type":"Feature","geometry":{"type":"Point","coordinates":[-0.561472,38.200139]},"properties":{"id":"es-15800","source":"ES","brand":"CARREFOUR","address":"CALLE LÉRIDA, 10","municipality":"Santa Pola","province":"ALICANTE","postalCode":"03130","schedule":"L-D: 24H","fuels":{"gasoline95":1.719,"diesel":1.729},"extra":{"saleType":"P","margin":"N","reportingType":"dm","ideess":"15800","idMunicipio":"262","idProvincia":"03","idCCAA":"10"}}},{"type":"Feature","geometry":{"type":"Point","coordinates":[-0.85475,38.626889]},"properties":{"id":"es-15812","source":"ES","brand":"GALP","address":"AVENIDA ALICANTE, 81","municipality":"Villena","province":"ALICANTE","postalCode":"03400","schedule":"L-D: 24H","fuels":{"gasoline95":1.559,"diesel":1.639},"extra":{"saleType":"P","margin":"D","reportingType":"OM","ideess":"15812","idMunicipio":"279","idProvincia":"03","idCCAA":"10"}}},{"type":"Feature","geometry":{"type":"Point","coordinates":[-0.172528,38.963056]},"properties":{"id":"es-15884","source":"ES","brand":"BALLENOIL","address":"AVENIDA ALACANT, 111","municipality":"Gandia","province":"VALENCIA / VALÈNCIA","postalCode":"46700","schedule":"L-D: 24H","fuels":{"gasoline95":1.619,"diesel":1.649},"extra":{"saleType":"P","margin":"D","reportingType":"OM","ideess":"15884","idMunicipio":"7091","idProvincia":"46","idCCAA":"10"}}},{"type":"Feature","geometry":{"type":"Point","coordinates":[-0.670139,38.600667]},"properties":{"id":"es-15885","source":"ES","brand":"LUZOIL","address":"AVENIDA IBI, 51","municipality":"Castalla","province":"ALICANTE","postalCode":"03420","schedule":"L-D: 24H","fuels":{"gasoline95":1.699,"diesel":1.709},"extra":{"saleType":"P","margin":"D","reportingType":"dm","ideess":"15885","idMunicipio":"191","idProvincia":"03","idCCAA":"10"}}},{"type":"Feature","geometry":{"type":"Point","coordinates":[-0.753,38.389111]},"properties":{"id":"es-15903","source":"ES","brand":"PETROPRIX","address":"AVENIDA JESUS NAVARRO, S/N","municipality":"Novelda","province":"ALICANTE","postalCode":"03360","schedule":"L-D: 24H","fuels":{"gasoline95":1.585,"diesel":1.585},"extra":{"saleType":"P","margin":"D","reportingType":"dm","ideess":"15903","idMunicipio":"230","idProvincia":"03","idCCAA":"10"}}},{"type":"Feature","geometry":{"type":"Point","coordinates":[-0.165639,38.950028]},"properties":{"id":"es-15916","source":"ES","brand":"PLENERGY","address":"CAMI VELL DE GANDIA, 32","municipality":"Bellreguard","province":"VALENCIA / VALÈNCIA","postalCode":"46713","schedule":"L-D: 24H","fuels":{"gasoline95":1.659,"diesel":1.679},"extra":{"saleType":"P","margin":"D","reportingType":"dm","ideess":"15916","idMunicipio":"7013","idProvincia":"46","idCCAA":"10"}}},{"type":"Feature","geometry":{"type":"Point","coordinates":[-0.804583,38.474528]},"properties":{"id":"es-15932","source":"ES","brand":"PLENERGY","address":"AVENIDA MONOVAR, 18","municipality":"Elda","province":"ALICANTE","postalCode":"03600","schedule":"L-D: 24H","fuels":{"gasoline95":1.519,"diesel":1.609},"extra":{"saleType":"P","margin":"D","reportingType":"dm","ideess":"15932","idMunicipio":"204","idProvincia":"03","idCCAA":"10"}}},{"type":"Feature","geometry":{"type":"Point","coordinates":[-0.157361,38.971861]},"properties":{"id":"es-15935","source":"ES","brand":"PLENERGY","address":"CALLE OLIVA, 4","municipality":"Daimús","province":"VALENCIA / VALÈNCIA","postalCode":"46710","schedule":"L-D: 24H","fuels":{"gasoline95":1.585,"diesel":1.635},"extra":{"saleType":"P","margin":"D","reportingType":"dm","ideess":"15935","idMunicipio":"7074","idProvincia":"46","idCCAA":"10"}}},{"type":"Feature","geometry":{"type":"Point","coordinates":[-0.439333,38.406528]},"properties":{"id":"es-15975","source":"ES","brand":"PLENERGY","address":"AVINGUDA MUTXAMEL, 10","municipality":"Sant Joan d'Alacant","province":"ALICANTE","postalCode":"03550","schedule":"L-D: 24H","fuels":{"gasoline95":1.599,"diesel":1.659},"extra":{"saleType":"P","margin":"D","reportingType":"dm","ideess":"15975","idMunicipio":"261","idProvincia":"03","idCCAA":"10"}}},{"type":"Feature","geometry":{"type":"Point","coordinates":[-0.552639,38.977667]},"properties":{"id":"es-15981","source":"ES","brand":"ESTACION SERVICIO","address":"CARRETERA CV645 KM. 1,625","municipality":"Novelé/Novetlè","province":"VALENCIA / VALÈNCIA","postalCode":"46800","schedule":"L-D: 06:00-22:00","fuels":{"gasoline95":1.699,"diesel":1.699,"adblue":0.749},"extra":{"saleType":"P","margin":"N","reportingType":"dm","ideess":"15981","idMunicipio":"7139","idProvincia":"46","idCCAA":"10"}}},{"type":"Feature","geometry":{"type":"Point","coordinates":[-0.661056,38.095444]},"properties":{"id":"es-15986","source":"ES","brand":"PLENERGY","address":"CALLE MADRID, 40","municipality":"Guardamar del Segura","province":"ALICANTE","postalCode":"03140","schedule":"L-D: 24H","fuels":{"gasoline95":1.709,"diesel":1.729},"extra":{"saleType":"P","margin":"D","reportingType":"dm","ideess":"15986","idMunicipio":"214","idProvincia":"03","idCCAA":"10"}}},{"type":"Feature","geometry":{"type":"Point","coordinates":[-0.439778,38.748667]},"properties":{"id":"es-16058","source":"ES","brand":"PLENERGY","address":"CARRER PUJADA A SANT CRISTÒFOL, 4","municipality":"Cocentaina","province":"ALICANTE","postalCode":"03820","schedule":"L-D: 24H","fuels":{"gasoline95":1.589,"diesel":1.659},"extra":{"saleType":"P","margin":"D","reportingType":"dm","ideess":"16058","idMunicipio":"195","idProvincia":"03","idCCAA":"10"}}},{"type":"Feature","geometry":{"type":"Point","coordinates":[-0.695028,38.010944]},"properties":{"id":"es-16065","source":"ES","brand":"REPSOL - EL CHAPARRAL","address":"CALLE BIZET, 1","municipality":"Torrevieja","province":"ALICANTE","postalCode":"03184","schedule":"L-D: 06:00-22:00","fuels":{"gasoline95":1.759,"gasoline98":1.909,"diesel":1.819,"dieselRenewable":1.919},"extra":{"saleType":"P","margin":"D","reportingType":"dm","ideess":"16065","idMunicipio":"272","idProvincia":"03","idCCAA":"10"}}},{"type":"Feature","geometry":{"type":"Point","coordinates":[-0.480306,38.689278]},"properties":{"id":"es-16089","source":"ES","brand":"BALLENOIL","address":"CALLE ALACANT, 58","municipality":"Alcoy/Alcoi","province":"ALICANTE","postalCode":"03801","schedule":"L-D: 24H","fuels":{"gasoline95":1.655,"diesel":1.749,"dieselPremium":1.769},"extra":{"saleType":"P","margin":"N","reportingType":"OM","ideess":"16089","idMunicipio":"147","idProvincia":"03","idCCAA":"10"}}},{"type":"Feature","geometry":{"type":"Point","coordinates":[-0.387389,38.439556]},"properties":{"id":"es-16094","source":"ES","brand":"PETROPRIX","address":"URBANIZACIÓN ABAYNA, 21","municipality":"Campello (el)","province":"ALICANTE","postalCode":"03560","schedule":"L-D: 24H","fuels":{"gasoline95":1.589,"diesel":1.639},"extra":{"saleType":"P","margin":"D","reportingType":"dm","ideess":"16094","idMunicipio":"188","idProvincia":"03","idCCAA":"10"}}},{"type":"Feature","geometry":{"type":"Point","coordinates":[-0.730972,38.029972]},"properties":{"id":"es-16107","source":"ES","brand":"GLOBAL OIL","address":"CALLE DAYA NUEVA 2, P.I. LEVANTE 2, 2","municipality":"Montesinos (Los)","province":"ALICANTE","postalCode":"03187","schedule":"L: 24H","fuels":{"gasoline95":1.549,"diesel":1.579},"extra":{"saleType":"P","margin":"I","reportingType":"dm","ideess":"16107","idMunicipio":"226","idProvincia":"03","idCCAA":"10"}}},{"type":"Feature","geometry":{"type":"Point","coordinates":[-0.783361,38.456028]},"properties":{"id":"es-16111","source":"ES","brand":"PLENERGY","address":"AVENIDA DEL MEDITERRÁNEO, S/N","municipality":"Petrer","province":"ALICANTE","postalCode":"03610","schedule":"L-D: 24H","fuels":{"gasoline95":1.519,"diesel":1.609},"extra":{"saleType":"P","margin":"D","reportingType":"dm","ideess":"16111","idMunicipio":"241","idProvincia":"03","idCCAA":"10"}}},{"type":"Feature","geometry":{"type":"Point","coordinates":[-0.105389,38.5545]},"properties":{"id":"es-16225","source":"ES","brand":"FUSPRA ENERGY","address":"AVENIDA COMUNITAT VALENCIANA, 36","municipality":"Benidorm","province":"ALICANTE","postalCode":"03503","schedule":"L-D: 24H","fuels":{"gasoline95":1.679,"diesel":1.699},"extra":{"saleType":"P","margin":"N","reportingType":"dm","ideess":"16225","idMunicipio":"168","idProvincia":"03","idCCAA":"10"}}},{"type":"Feature","geometry":{"type":"Point","coordinates":[-0.150778,38.938917]},"properties":{"id":"es-16248","source":"ES","brand":"BALLENOIL","address":"POLIGONO P.I.SECTOR 3-4, C. TARONGERS, PARCELA 8, S/N","municipality":"Alquería de la Condesa/Alqueria de la Comtessa (l')","province":"VALENCIA / VALÈNCIA","postalCode":"46715","schedule":"L-D: 24H","fuels":{"gasoline95":1.649,"diesel":1.659,"dieselPremium":1.679},"extra":{"saleType":"P","margin":"N","reportingType":"OM","ideess":"16248","idMunicipio":"7002","idProvincia":"46","idCCAA":"10"}}},{"type":"Feature","geometry":{"type":"Point","coordinates":[-0.181556,38.53825]},"properties":{"id":"es-16304","source":"ES","brand":"PLENERGY","address":"CALLE ALACANT, 25","municipality":"Finestrat","province":"ALICANTE","postalCode":"03509","schedule":"L-D: 24H","fuels":{"gasoline95":1.589,"diesel":1.599},"extra":{"saleType":"P","margin":"D","reportingType":"dm","ideess":"16304","idMunicipio":"207","idProvincia":"03","idCCAA":"10"}}},{"type":"Feature","geometry":{"type":"Point","coordinates":[-0.731222,38.066056]},"properties":{"id":"es-16330","source":"ES","brand":"PLENERGY","address":"CALLE ALICANTE, S/N","municipality":"Benijófar","province":"ALICANTE","postalCode":"03178","schedule":"L-D: 24H","fuels":{"gasoline95":1.569,"diesel":1.669},"extra":{"saleType":"P","margin":"D","reportingType":"dm","ideess":"16330","idMunicipio":"172","idProvincia":"03","idCCAA":"10"}}},{"type":"Feature","geometry":{"type":"Point","coordinates":[-0.757972,38.387]},"properties":{"id":"es-16372","source":"ES","brand":"+B ENERGIAS","address":"AVENIDA PEREZ GALDOS, 1","municipality":"Novelda","province":"ALICANTE","postalCode":"03660","schedule":"L-D: 24H","fuels":{"gasoline95":1.595,"diesel":1.595,"lpg":0.955,"adblue":0.899},"extra":{"saleType":"P","margin":"D","reportingType":"dm","ideess":"16372","idMunicipio":"230","idProvincia":"03","idCCAA":"10"}}},{"type":"Feature","geometry":{"type":"Point","coordinates":[-0.523556,38.989944]},"properties":{"id":"es-16378","source":"ES","brand":"EURONOR ENERGY","address":"CARRETERA SIMAT 32 KM. 32","municipality":"Xàtiva","province":"VALENCIA / VALÈNCIA","postalCode":"46800","schedule":"L-D: 00:00-23:59","fuels":{"gasoline95E10":1.505,"diesel":1.549,"dieselPremium":1.625},"extra":{"saleType":"P","margin":"D","reportingType":"dm","ideess":"16378","idMunicipio":"7225","idProvincia":"46","idCCAA":"10"}}},{"type":"Feature","geometry":{"type":"Point","coordinates":[-0.066667,38.585028]},"properties":{"id":"es-16438","source":"ES","brand":"GASEXPRESS","address":"PARTIDA EL PLANET, 161, 161","municipality":"Altea","province":"ALICANTE","postalCode":"03590","schedule":"L-D: 24H","fuels":{"gasoline95":1.529,"diesel":1.579},"extra":{"saleType":"P","margin":"D","reportingType":"dm","ideess":"16438","idMunicipio":"156","idProvincia":"03","idCCAA":"10"}}},{"type":"Feature","geometry":{"type":"Point","coordinates":[-0.191361,38.525722]},"properties":{"id":"es-16486","source":"ES","brand":"BALLENOIL","address":"POLIGONO BULEVAR 3 PP 33 24 FF24, S/N","municipality":"Villajoyosa/Vila Joiosa (la)","province":"ALICANTE","postalCode":"03570","schedule":"L-D: 24H","fuels":{"gasoline95":1.517,"gasoline95Premium":1.527,"diesel":1.549,"dieselPremium":1.559},"extra":{"saleType":"P","margin":"N","reportingType":"OM","ideess":"16486","idMunicipio":"278","idProvincia":"03","idCCAA":"10"}}},{"type":"Feature","geometry":{"type":"Point","coordinates":[-0.730722,38.087889]},"properties":{"id":"es-16492","source":"ES","brand":"PLENERGY","address":"CALLE ACEQUIA DEL RIO, 37","municipality":"Formentera del Segura","province":"ALICANTE","postalCode":"03179","schedule":"L-D: 24H","fuels":{"gasoline95":1.539,"diesel":1.639},"extra":{"saleType":"P","margin":"D","reportingType":"dm","ideess":"16492","idMunicipio":"209","idProvincia":"03","idCCAA":"10"}}},{"type":"Feature","geometry":{"type":"Point","coordinates":[-0.690833,38.2725]},"properties":{"id":"es-1880","source":"ES","brand":"LA ESTACION","address":"AVENIDA ALCALDE VICENTE QUILES, 4","municipality":"Elche/Elx","province":"ALICANTE","postalCode":"03202","schedule":"L-D: 06:00-23:00","fuels":{"gasoline95":1.709,"gasoline98":1.843,"diesel":1.738,"dieselPremium":1.818},"extra":{"saleType":"P","margin":"D","reportingType":"dm","ideess":"1880","idMunicipio":"203","idProvincia":"03","idCCAA":"10"}}},{"type":"Feature","geometry":{"type":"Point","coordinates":[-0.106778,38.843694]},"properties":{"id":"es-1881","source":"ES","brand":"COOPEGO","address":"CARRETERA DENIA KM. 1","municipality":"Pego","province":"ALICANTE","postalCode":"03780","schedule":"L-D: 06:00-22:00","fuels":{"gasoline95":1.589,"gasoline98":1.689,"diesel":1.719,"dieselB":1.509},"extra":{"saleType":"P","margin":"D","reportingType":"dm","ideess":"1881","idMunicipio":"239","idProvincia":"03","idCCAA":"10"}}},{"type":"Feature","geometry":{"type":"Point","coordinates":[-0.675417,38.29325]},"properties":{"id":"es-1882","source":"ES","brand":"ABIERTO (SERVICIO ATENDIDO)","address":"PARTIDA ALTABIX POLIGONO 3   (CAMINO DE CASTILLA), 37","municipality":"Elche/Elx","province":"ALICANTE","postalCode":"03291","schedule":"L-D: 06:30-22:00","fuels":{"gasoline95":1.725,"gasoline98":1.895,"diesel":1.765,"dieselPremium":1.765,"adblue":0.9},"extra":{"saleType":"P","margin":"D","reportingType":"dm","ideess":"1882","idMunicipio":"203","idProvincia":"03","idCCAA":"10"}}},{"type":"Feature","geometry":{"type":"Point","coordinates":[-0.782611,38.462861]},"properties":{"id":"es-1890","source":"ES","brand":"E.S. PETRER-ELDA","address":"AVENIDA DEL MEDITERRANEO, 129","municipality":"Petrer","province":"ALICANTE","postalCode":"03610","schedule":"L-D: 24H","fuels":{"gasoline95":1.479,"diesel":1.579,"adblue":0.899},"extra":{"saleType":"P","margin":"D","reportingType":"dm","ideess":"1890","idMunicipio":"241","idProvincia":"03","idCCAA":"10"}}},{"type":"Feature","geometry":{"type":"Point","coordinates":[-0.565972,38.411]},"properties":{"id":"es-1893","source":"ES","brand":"AQUAVEL","address":"CARRETERA CV 820 KM. 1,4","municipality":"Alicante/Alacant","province":"ALICANTE","postalCode":"03699","schedule":"L-D: 24H","fuels":{"gasoline95":1.649,"gasoline98":1.999,"diesel":1.659,"dieselPremium":1.679},"extra":{"saleType":"P","margin":"I","reportingType":"dm","ideess":"1893","idMunicipio":"152","idProvincia":"03","idCCAA":"10"}}},{"type":"Feature","geometry":{"type":"Point","coordinates":[-0.848778,38.089806]},"properties":{"id":"es-1894","source":"ES","brand":"REVISOIL","address":"CARRETERA CV-914 KM. 8,200","municipality":"Orihuela","province":"ALICANTE","postalCode":"03300","schedule":"L-D: 06:00-22:00","fuels":{"gasoline95":1.719,"gasoline98":1.779,"diesel":1.749,"dieselPremium":1.829,"dieselB":1.599},"extra":{"saleType":"P","margin":"I","reportingType":"dm","ideess":"1894","idMunicipio":"235","idProvincia":"03","idCCAA":"10"}}},{"type":"Feature","geometry":{"type":"Point","coordinates":[-0.775194,38.131278]},"properties":{"id":"es-1895","source":"ES","brand":"MAYAYO","address":"CARRETERA CV905 KM. 0,800","municipality":"Dolores","province":"ALICANTE","postalCode":"03150","schedule":"L-D: 06:00-22:00","fuels":{"gasoline95":1.719,"gasoline98":1.779,"diesel":1.749,"dieselPremium":1.829,"dieselB":1.599},"extra":{"saleType":"P","margin":"I","reportingType":"dm","ideess":"1895","idMunicipio":"202","idProvincia":"03","idCCAA":"10"}}},{"type":"Feature","geometry":{"type":"Point","coordinates":[-0.134139,38.541722]},"properties":{"id":"es-1896","source":"ES","brand":"BP LA ISLETA","address":"AVENIDA JAIME I, 23","municipality":"Benidorm","province":"ALICANTE","postalCode":"03502","schedule":"L-D: 24H","fuels":{"gasoline95":1.785,"gasoline98":1.925,"diesel":1.809,"dieselPremium":1.899},"extra":{"saleType":"P","margin":"N","reportingType":"OM","ideess":"1896","idMunicipio":"168","idProvincia":"03","idCCAA":"10"}}},{"type":"Feature","geometry":{"type":"Point","coordinates":[-0.801361,38.779222]},"properties":{"id":"es-1897","source":"ES","brand":"GRUPO CIRUGEDA COLOM SL","address":"CV660 km 8","municipality":"Fontanars dels Alforins","province":"VALENCIA / VALÈNCIA","postalCode":"46635","schedule":"L-D: 24H","fuels":{"gasoline95":1.537,"diesel":1.577,"dieselB":1.377},"extra":{"saleType":"P","margin":"I","reportingType":"dm","ideess":"1897","idMunicipio":"7088","idProvincia":"46","idCCAA":"10"}}},{"type":"Feature","geometry":{"type":"Point","coordinates":[-0.909722,38.518611]},"properties":{"id":"es-1905","source":"ES","brand":"MEROIL","address":"CALLE LA MOLINETA, S/N","municipality":"Salinas","province":"ALICANTE","postalCode":"03638","schedule":"L: 06:30-22:00","fuels":{"gasoline95":1.639,"diesel":1.679,"dieselB":1.589},"extra":{"saleType":"P","margin":"N","reportingType":"dm","ideess":"1905","idMunicipio":"255","idProvincia":"03","idCCAA":"10"}}},{"type":"Feature","geometry":{"type":"Point","coordinates":[-0.76775,38.701889]},"properties":{"id":"es-1907","source":"ES","brand":"COOPERATIVA DIVINA AURORA","address":"CALLE DR. SILVESTRE, ","municipality":"Beneixama","province":"ALICANTE","postalCode":"03460","schedule":"L-D: 24H","fuels":{"gasoline95":1.599,"diesel":1.629,"dieselB":1.329},"extra":{"saleType":"P","margin":"N","reportingType":"dm","ideess":"1907","idMunicipio":"161","idProvincia":"03","idCCAA":"10"}}},{"type":"Feature","geometry":{"type":"Point","coordinates":[-0.920417,38.277611]},"properties":{"id":"es-1911","source":"ES","brand":"SANTA CRUZ","address":"CARRETERA CTRA. ARCHENA KM. 32","municipality":"Hondón de los Frailes","province":"ALICANTE","postalCode":"03689","schedule":"L-D: 06:30-21:00","fuels":{"gasoline95":1.689,"diesel":1.699,"dieselPremium":1.749},"extra":{"saleType":"P","margin":"N","reportingType":"dm","ideess":"1911","idMunicipio":"215","idProvincia":"03","idCCAA":"10"}}},{"type":"Feature","geometry":{"type":"Point","coordinates":[-0.803306,38.167583]},"properties":{"id":"es-1914","source":"ES","brand":"BRIOGAS","address":"PURISIMA, 80","municipality":"Catral","province":"ALICANTE","postalCode":"03158","schedule":"L-D: 06:00-22:00","fuels":{"gasoline95":1.719,"gasoline98":1.779,"diesel":1.749,"dieselPremium":1.829,"dieselB":1.599},"extra":{"saleType":"P","margin":"I","reportingType":"dm","ideess":"1914","idMunicipio":"194","idProvincia":"03","idCCAA":"10"}}},{"type":"Feature","geometry":{"type":"Point","coordinates":[-0.360389,38.9405]},"properties":{"id":"es-1931","source":"ES","brand":"CARBURANTS+DEL+CAMP+DE+LLUTXENT","address":"CAMI DEL PLA, S/N","municipality":"Llutxent","province":"VALENCIA / VALÈNCIA","postalCode":"46838","schedule":"L-D: 05:00-23:00","fuels":{"gasoline95":1.573,"diesel":1.625,"dieselB":1.284},"extra":{"saleType":"P","margin":"N","reportingType":"dm","ideess":"1931","idMunicipio":"7114","idProvincia":"46","idCCAA":"10"}}},{"type":"Feature","geometry":{"type":"Point","coordinates":[-0.963028,38.167167]},"properties":{"id":"es-1933","source":"ES","brand":"COMBUSTIBLES LA MURADA,S.L.","address":"CARRETERA VILLAMARIA KM. 1","municipality":"Orihuela","province":"ALICANTE","postalCode":"03315","schedule":"L-D: 06:00-23:00","fuels":{"gasoline95":1.709,"diesel":1.699,"dieselPremium":1.699,"dieselB":1.559,"adblue":0.78},"extra":{"saleType":"P","margin":"I","reportingType":"dm","ideess":"1933","idMunicipio":"235","idProvincia":"03","idCCAA":"10"}}},{"type":"Feature","geometry":{"type":"Point","coordinates":[-0.703056,38.2525]},"properties":{"id":"es-1935","source":"ES","brand":"SHELL","address":"C/ SOR JOSEFA ALCORTA 71 (ESQ.CTRA.CIRCUNVALACIÓN","municipality":"Elche/Elx","province":"ALICANTE","postalCode":"03204","schedule":"L-D: 06:00-00:00","fuels":{"gasoline95":1.719,"gasoline98":1.859,"diesel":1.774,"dieselPremium":1.854,"lpg":1.019},"extra":{"saleType":"P","margin":"N","reportingType":"OM","ideess":"1935","idMunicipio":"203","idProvincia":"03","idCCAA":"10"}}},{"type":"Feature","geometry":{"type":"Point","coordinates":[-0.776833,38.385639]},"properties":{"id":"es-1936","source":"ES","brand":"BP","address":"POLIGONO SANTA FE C/1 ESQUINA C/2, 1,2","municipality":"Novelda","province":"ALICANTE","postalCode":"03660","schedule":"L-V: 06:00-22:00; S-D: 06:30-14:30","fuels":{"gasoline95":1.755,"diesel":1.789,"dieselPremium":1.879},"extra":{"saleType":"P","margin":"N","reportingType":"dm","ideess":"1936","idMunicipio":"230","idProvincia":"03","idCCAA":"10"}}},{"type":"Feature","geometry":{"type":"Point","coordinates":[-0.393167,38.418806]},"properties":{"id":"es-1941","source":"ES","brand":"GALP","address":"CALLE SAN BARTOLOME, 33","municipality":"Campello (el)","province":"ALICANTE","postalCode":"03560","schedule":"L-D: 06:00-22:00","fuels":{"gasoline95":1.729,"gasoline98":1.879,"diesel":1.749,"dieselPremium":1.839},"extra":{"saleType":"P","margin":"N","reportingType":"dm","ideess":"1941","idMunicipio":"188","idProvincia":"03","idCCAA":"10"}}},{"type":"Feature","geometry":{"type":"Point","coordinates":[-0.889806,38.156]},"properties":{"id":"es-1942","source":"ES","brand":"GALP","address":"AVENIDA JUAN CARLOS I, S/N","municipality":"Granja de Rocamora","province":"ALICANTE","postalCode":"03348","schedule":"L-D: 24H","fuels":{"gasoline95":1.729,"diesel":1.784,"dieselRenewable":1.834,"adblue":0.799},"extra":{"saleType":"P","margin":"N","reportingType":"OM","ideess":"1942","idMunicipio":"213","idProvincia":"03","idCCAA":"10"}}},{"type":"Feature","geometry":{"type":"Point","coordinates":[-0.772639,38.354028]},"properties":{"id":"es-1943","source":"ES","brand":"CEPSA ESPAÑA S.A.","address":"AVD.DE NAVARRA 151","municipality":"Aspe","province":"ALICANTE","postalCode":"03680","schedule":"L-D: 07:00-22:00","fuels":{"gasoline95":1.698,"gasoline98":1.847,"diesel":1.787,"dieselPremium":1.878},"extra":{"saleType":"P","margin":"N","reportingType":"dm","ideess":"1943","idMunicipio":"157","idProvincia":"03","idCCAA":"10"}}},{"type":"Feature","geometry":{"type":"Point","coordinates":[-0.773306,38.48825]},"properties":{"id":"es-1948","source":"ES","brand":"CARREFOUR","address":"AVENIDA DEL GUIRNEY, 2 BIS","municipality":"Petrer","province":"ALICANTE","postalCode":"03610","schedule":"L-S: 09:30-22:30","fuels":{"gasoline95":1.699,"diesel":1.759,"dieselPremium":1.799},"extra":{"saleType":"P","margin":"N","reportingType":"dm","ideess":"1948","idMunicipio":"241","idProvincia":"03","idCCAA":"10"}}},{"type":"Feature","geometry":{"type":"Point","coordinates":[-0.424306,38.408139]},"properties":{"id":"es-1950","source":"ES","brand":"CARREFOUR","address":"CARRETERA DE VALENCIA KM. 89","municipality":"Sant Joan d'Alacant","province":"ALICANTE","postalCode":"03550","schedule":"L-D: 24H","fuels":{"gasoline95":1.729,"gasoline98":1.849,"diesel":1.739,"dieselPremium":1.779},"extra":{"saleType":"P","margin":"N","reportingType":"dm","ideess":"1950","idMunicipio":"261","idProvincia":"03","idCCAA":"10"}}},{"type":"Feature","geometry":{"type":"Point","coordinates":[-0.175167,38.537389]},"properties":{"id":"es-1951","source":"ES","brand":"CARREFOUR","address":"CARRETERA NUEVA FINESTRATA LA CALA KM. 5","municipality":"Finestrat","province":"ALICANTE","postalCode":"03509","schedule":"L-D: 24H","fuels":{"gasoline95":1.699,"gasoline98":1.879,"diesel":1.719,"dieselPremium":1.759},"extra":{"saleType":"P","margin":"N","reportingType":"dm","ideess":"1951","idMunicipio":"207","idProvincia":"03","idCCAA":"10"}}},{"type":"Feature","geometry":{"type":"Point","coordinates":[-0.048611,38.604722]},"properties":{"id":"es-3402","source":"ES","brand":"REPSOL","address":"CALLE GARGANES, 42","municipality":"Altea","province":"ALICANTE","postalCode":"03590","schedule":"L-D: 06:00-00:00","fuels":{"gasoline95":1.769,"gasoline98":1.889,"diesel":1.815,"dieselPremium":1.875},"extra":{"saleType":"P","margin":"D","reportingType":"OM","ideess":"3402","idMunicipio":"156","idProvincia":"03","idCCAA":"10"}}},{"type":"Feature","geometry":{"type":"Point","coordinates":[-0.664056,38.715917]},"properties":{"id":"es-3405","source":"ES","brand":"REPSOL","address":"CALLE PADRE JESUALDO FERRERO, 1","municipality":"Banyeres de Mariola","province":"ALICANTE","postalCode":"03450","schedule":"L-D: 06:00-22:00","fuels":{"gasoline95":1.749,"diesel":1.799,"dieselRenewable":1.889,"adblue":0.92},"extra":{"saleType":"P","margin":"N","reportingType":"dm","ideess":"3405","idMunicipio":"159","idProvincia":"03","idCCAA":"10"}}},{"type":"Feature","geometry":{"type":"Point","coordinates":[-0.545111,38.343611]},"properties":{"id":"es-3406","source":"ES","brand":"CEPSA","address":"CARRETERA N-330A KM. 407,7","municipality":"Alicante/Alacant","province":"ALICANTE","postalCode":"03006","schedule":"L-V: 05:00-21:00","fuels":{"gasoline95":1.769,"diesel":1.809,"dieselPremium":1.899,"dieselB":1.789},"extra":{"saleType":"P","margin":"D","reportingType":"dm","ideess":"3406","idMunicipio":"152","idProvincia":"03","idCCAA":"10"}}},{"type":"Feature","geometry":{"type":"Point","coordinates":[-0.782528,38.460056]},"properties":{"id":"es-3408","source":"ES","brand":"MOEVE","address":"AVENIDA MEDITERRANEO, S/N","municipality":"Elda","province":"ALICANTE","postalCode":"03600","schedule":"L-D: 06:00-23:00","fuels":{"gasoline95":1.709,"gasoline98":1.834,"diesel":1.811,"dieselPremium":1.891,"lpg":0.984},"extra":{"saleType":"P","margin":"N","reportingType":"dm","ideess":"3408","idMunicipio":"204","idProvincia":"03","idCCAA":"10"}}},{"type":"Feature","geometry":{"type":"Point","coordinates":[-0.781806,38.123556]},"properties":{"id":"es-3410","source":"ES","brand":"CEPSA","address":"CARRETERA C-3321 KM. 38,1","municipality":"Almoradí","province":"ALICANTE","postalCode":"03160","schedule":"L-D: 06:00-22:00","fuels":{"gasoline95":1.774,"gasoline95Premium":1.864,"diesel":1.821,"dieselPremium":1.901,"dieselB":1.726},"extra":{"saleType":"P","margin":"I","reportingType":"OM","ideess":"3410","idMunicipio":"153","idProvincia":"03","idCCAA":"10"}}},{"type":"Feature","geometry":{"type":"Point","coordinates":[-0.869028,38.643528]},"properties":{"id":"es-3411","source":"ES","brand":"LA MORENICA","address":"AVENIDA CONSTITUCION DE, 206","municipality":"Villena","province":"ALICANTE","postalCode":"03400","schedule":"L-D: 05:00-00:00","fuels":{"gasoline95":1.749,"gasoline95Premium":1.819,"gasoline98":1.909,"diesel":1.789,"dieselPremium":1.869,"adblue":0.999},"extra":{"saleType":"P","margin":"N","reportingType":"dm","ideess":"3411","idMunicipio":"279","idProvincia":"03","idCCAA":"10"}}},{"type":"Feature","geometry":{"type":"Point","coordinates":[-0.500389,38.337778]},"properties":{"id":"es-3412","source":"ES","brand":"MOEVE","address":"AVENIDA ELCHE (N-332 P.K. 102), 16","municipality":"Alicante/Alacant","province":"ALICANTE","postalCode":"03008","schedule":"L-D: 24H","fuels":{"gasoline95":1.774,"gasoline95Premium":1.834,"diesel":1.821,"dieselPremium":1.901},"extra":{"saleType":"P","margin":"I","reportingType":"OM","ideess":"3412","idMunicipio":"152","idProvincia":"03","idCCAA":"10"}}},{"type":"Feature","geometry":{"type":"Point","coordinates":[-0.780417,38.493361]},"properties":{"id":"es-3414","source":"ES","brand":"CEPSA","address":"AUTOVIA A-31 KM. 201,700","municipality":"Petrer","province":"ALICANTE","postalCode":"03610","schedule":"L-D: 06:00-22:00","fuels":{"gasoline95":1.729,"gasoline95Premium":1.789,"diesel":1.811,"dieselPremium":1.891},"extra":{"saleType":"P","margin":"I","reportingType":"dm","ideess":"3414","idMunicipio":"241","idProvincia":"03","idCCAA":"10"}}},{"type":"Feature","geometry":{"type":"Point","coordinates":[-0.998222,38.339222]},"properties":{"id":"es-3416","source":"ES","brand":"CEPSA","address":"CALLE SAN JUAN, 32","municipality":"Algueña","province":"ALICANTE","postalCode":"03668","schedule":"L-D: 06:30-21:00","fuels":{"gasoline95":1.729,"diesel":1.759,"dieselPremium":1.829,"dieselB":1.709},"extra":{"saleType":"P","margin":"D","reportingType":"dm","ideess":"3416","idMunicipio":"151","idProvincia":"03","idCCAA":"10"}}},{"type":"Feature","geometry":{"type":"Point","coordinates":[-0.434556,38.363639]},"properties":{"id":"es-3417","source":"ES","brand":"MOEVE","address":"AVDA. DE LA CONDOMINA, 47 (C-190 km 3,7)","municipality":"Alicante/Alacant","province":"ALICANTE","postalCode":"03540","schedule":"L-D: 24H","fuels":{"gasoline95":1.774,"gasoline95Premium":1.834,"diesel":1.821,"dieselPremium":1.901},"extra":{"saleType":"P","margin":"D","reportingType":"OM","ideess":"3417","idMunicipio":"152","idProvincia":"03","idCCAA":"10"}}},{"type":"Feature","geometry":{"type":"Point","coordinates":[-0.449833,38.426222]},"properties":{"id":"es-3418","source":"ES","brand":"MOEVE","address":"AVENIDA ALCOY, S/N","municipality":"Mutxamel","province":"ALICANTE","postalCode":"03110","schedule":"L-D: 06:00-22:00","fuels":{"gasoline95":1.774,"gasoline98":1.899,"diesel":1.821,"dieselPremium":1.901,"dieselB":1.776},"extra":{"saleType":"P","margin":"D","reportingType":"OM","ideess":"3418","idMunicipio":"229","idProvincia":"03","idCCAA":"10"}}},{"type":"Feature","geometry":{"type":"Point","coordinates":[-0.450361,38.426528]},"properties":{"id":"es-3419","source":"ES","brand":"CEPSA","address":"AVENIDA ALCOY, S/N","municipality":"Mutxamel","province":"ALICANTE","postalCode":"03110","schedule":"L-D: 08:00-13:00 y 16:00-19:00","fuels":{"gasoline95":1.774,"gasoline98":1.899,"diesel":1.821,"dieselPremium":1.901,"dieselB":1.776},"extra":{"saleType":"P","margin":"I","reportingType":"OM","ideess":"3419","idMunicipio":"229","idProvincia":"03","idCCAA":"10"}}},{"type":"Feature","geometry":{"type":"Point","coordinates":[-0.486944,38.375111]},"properties":{"id":"es-3421","source":"ES","brand":"BALLENOIL","address":"AVENIDA GASTON CASTELLO, 58","municipality":"Alicante/Alacant","province":"ALICANTE","postalCode":"03014","schedule":"L-D: 24H","fuels":{"gasoline95":1.559,"gasoline95Premium":1.579,"diesel":1.577,"dieselPremium":1.597},"extra":{"saleType":"P","margin":"D","reportingType":"OM","ideess":"3421","idMunicipio":"152","idProvincia":"03","idCCAA":"10"}}},{"type":"Feature","geometry":{"type":"Point","coordinates":[-0.936083,38.087278]},"properties":{"id":"es-3422","source":"ES","brand":"BP","address":"CARRETERA ALMORADI KM. 0,2","municipality":"Orihuela","province":"ALICANTE","postalCode":"03300","schedule":"L-D: 06:30-22:30","fuels":{"gasoline95":1.749,"gasoline98":1.899,"diesel":1.799,"dieselPremium":1.889,"dieselB":1.699},"extra":{"saleType":"P","margin":"I","reportingType":"dm","ideess":"3422","idMunicipio":"235","idProvincia":"03","idCCAA":"10"}}},{"type":"Feature","geometry":{"type":"Point","coordinates":[-0.252,38.499028]},"properties":{"id":"es-3423","source":"ES","brand":"BALLENOIL","address":"CARRETERA N-332 KM. 135,5","municipality":"Villajoyosa/Vila Joiosa (la)","province":"ALICANTE","postalCode":"03570","schedule":"L-D: 24H","fuels":{"gasoline95":1.607,"gasoline95Premium":1.627,"diesel":1.617,"dieselPremium":1.637},"extra":{"saleType":"P","margin":"D","reportingType":"OM","ideess":"3423","idMunicipio":"278","idProvincia":"03","idCCAA":"10"}}},{"type":"Feature","geometry":{"type":"Point","coordinates":[-0.704611,38.369306]},"properties":{"id":"es-3424","source":"ES","brand":"MOEVE","address":"AUTOVIA A-31 KM. 220","municipality":"Monforte del Cid","province":"ALICANTE","postalCode":"03670","schedule":"L-D: 24H","fuels":{"gasoline95":1.779,"gasoline95Premium":1.869,"diesel":1.871,"dieselPremium":1.951,"adblue":1.1},"extra":{"saleType":"P","margin":"D","reportingType":"dm","ideess":"3424","idMunicipio":"224","idProvincia":"03","idCCAA":"10"}}},{"type":"Feature","geometry":{"type":"Point","coordinates":[-0.704556,38.369833]},"properties":{"id":"es-3425","source":"ES","brand":"MOEVE","address":"AUTOVIA A-31 KM. 220","municipality":"Monforte del Cid","province":"ALICANTE","postalCode":"03670","schedule":"L-D: 24H","fuels":{"gasoline95":1.779,"diesel":1.871,"dieselPremium":1.951,"adblue":1.1},"extra":{"saleType":"P","margin":"I","reportingType":"dm","ideess":"3425","idMunicipio":"224","idProvincia":"03","idCCAA":"10"}}},{"type":"Feature","geometry":{"type":"Point","coordinates":[-0.771,38.474472]},"properties":{"id":"es-3427","source":"ES","brand":"CEPSA","address":"AUTOVIA A-31 KM. 204,600","municipality":"Petrer","province":"ALICANTE","postalCode":"03610","schedule":"L-D: 06:00-22:00","fuels":{"gasoline95":1.749,"gasoline98":1.874,"diesel":1.841,"dieselPremium":1.921,"adblue":0.999},"extra":{"saleType":"P","margin":"D","reportingType":"dm","ideess":"3427","idMunicipio":"241","idProvincia":"03","idCCAA":"10"}}},{"type":"Feature","geometry":{"type":"Point","coordinates":[-0.808167,38.532667]},"properties":{"id":"es-3428","source":"ES","brand":"CEPSA","address":"AUTOVIA A-31 KM. 196,500","municipality":"Sax","province":"ALICANTE","postalCode":"03630","schedule":"L-D: 06:00-22:00","fuels":{"gasoline95":1.744,"gasoline95Premium":1.804,"diesel":1.801,"dieselPremium":1.881},"extra":{"saleType":"P","margin":"D","reportingType":"dm","ideess":"3428","idMunicipio":"263","idProvincia":"03","idCCAA":"10"}}},{"type":"Feature","geometry":{"type":"Point","coordinates":[-0.1015,38.557694]},"properties":{"id":"es-3429","source":"ES","brand":"GALP","address":"CARRETERA N-332 KM. 124,5","municipality":"Benidorm","province":"ALICANTE","postalCode":"03501","schedule":"L-D: 06:00-22:00","fuels":{"gasoline95":1.699,"gasoline98":1.849,"diesel":1.669,"dieselPremium":1.719},"extra":{"saleType":"P","margin":"D","reportingType":"OM","ideess":"3429","idMunicipio":"168","idProvincia":"03","idCCAA":"10"}}},{"type":"Feature","geometry":{"type":"Point","coordinates":[-0.101917,38.558056]},"properties":{"id":"es-3430","source":"ES","brand":"GALP","address":"CARRETERA N-332 KM. 124,5","municipality":"Benidorm","province":"ALICANTE","postalCode":"03501","schedule":"L-D: 06:00-22:00","fuels":{"gasoline95":1.699,"gasoline98":1.849,"diesel":1.669,"dieselPremium":1.719},"extra":{"saleType":"P","margin":"I","reportingType":"OM","ideess":"3430","idMunicipio":"168","idProvincia":"03","idCCAA":"10"}}},{"type":"Feature","geometry":{"type":"Point","coordinates":[-0.962861,38.047111]},"properties":{"id":"es-3433","source":"ES","brand":"CEPSA","address":"CARRETERA ARNEVA - EL MOJON KM. 5,800","municipality":"Orihuela","province":"ALICANTE","postalCode":"03312","schedule":"L-V: 06:00-22:00; S: 07:00-15:00","fuels":{"gasoline95":1.739,"diesel":1.739,"dieselPremium":1.849,"dieselB":1.629},"extra":{"saleType":"P","margin":"D","reportingType":"dm","ideess":"3433","idMunicipio":"235","idProvincia":"03","idCCAA":"10"}}},{"type":"Feature","geometry":{"type":"Point","coordinates":[-0.656889,38.023167]},"properties":{"id":"es-3434","source":"ES","brand":"MOEVE","address":"CARRETERA N-332 KM. 63,3","municipality":"Torrevieja","province":"ALICANTE","postalCode":"03180","schedule":"L: 06:00-23:00","fuels":{"gasoline95":1.749,"gasoline95E10":1.839,"gasoline98":1.874,"diesel":1.841,"dieselPremium":1.921},"extra":{"saleType":"P","margin":"D","reportingType":"dm","ideess":"3434","idMunicipio":"272","idProvincia":"03","idCCAA":"10"}}},{"type":"Feature","geometry":{"type":"Point","coordinates":[-0.041861,38.851917]},"properties":{"id":"es-3437","source":"ES","brand":"BENZINA CARBURANTES PEGO","address":"CARRETERA COMARCAL 3311 KM. 52,300","municipality":"Pego","province":"ALICANTE","postalCode":"03780","schedule":"L-D: 24H","fuels":{"gasoline95":1.555,"diesel":1.645,"adblue":0.999},"extra":{"saleType":"P","margin":"D","reportingType":"dm","ideess":"3437","idMunicipio":"239","idProvincia":"03","idCCAA":"10"}}},{"type":"Feature","geometry":{"type":"Point","coordinates":[-0.748556,38.140889]},"properties":{"id":"es-3438","source":"ES","brand":"CEPSA","address":"CARRETERA AP-3061 KM. 15,5","municipality":"Dolores","province":"ALICANTE","postalCode":"03150","schedule":"L-V: 07:00-20:00","fuels":{"gasoline95":1.774,"diesel":1.821,"dieselPremium":1.901,"dieselB":1.726},"extra":{"saleType":"P","margin":"D","reportingType":"OM","ideess":"3438","idMunicipio":"202","idProvincia":"03","idCCAA":"10"}}},{"type":"Feature","geometry":{"type":"Point","coordinates":[-0.994056,38.081361]},"properties":{"id":"es-3440","source":"ES","brand":"CEPSA","address":"CARRETERA NACION-340-R AB KM. 19,6","municipality":"Orihuela","province":"ALICANTE","postalCode":"03300","schedule":"L-V: 07:00-19:00; S: 08:00-13:00","fuels":{"gasoline95":1.759,"gasoline98":1.839,"diesel":1.789,"dieselPremium":1.859},"extra":{"saleType":"P","margin":"N","reportingType":"dm","ideess":"3440","idMunicipio":"235","idProvincia":"03","idCCAA":"10"}}},{"type":"Feature","geometry":{"type":"Point","coordinates":[-0.673472,38.062278]},"properties":{"id":"es-3443","source":"ES","brand":"MOEVE","address":"CARRETERA CV 895 KM. 5,1","municipality":"Guardamar del Segura","province":"ALICANTE","postalCode":"03140","schedule":"L-S: 07:00-21:30; D: 08:00-17:00","fuels":{"gasoline95":1.749,"gasoline95Premium":1.799,"diesel":1.829,"dieselPremium":1.879,"dieselB":1.539,"adblue":0.899},"extra":{"saleType":"P","margin":"D","reportingType":"dm","ideess":"3443","idMunicipio":"214","idProvincia":"03","idCCAA":"10"}}},{"type":"Feature","geometry":{"type":"Point","coordinates":[-0.0385,38.62675]},"properties":{"id":"es-3444","source":"ES","brand":"CEPSA","address":"CARRETERA CV-755 KM. 9,2","municipality":"Altea","province":"ALICANTE","postalCode":"03599","schedule":"L-D: 06:30-22:30","fuels":{"gasoline95":1.775,"gasoline98":1.905,"diesel":1.831,"dieselPremium":1.915},"extra":{"saleType":"P","margin":"I","reportingType":"dm","ideess":"3444","idMunicipio":"156","idProvincia":"03","idCCAA":"10"}}},{"type":"Feature","geometry":{"type":"Point","coordinates":[-0.885222,38.059194]},"properties":{"id":"es-3445","source":"ES","brand":"REPSOL","address":"POLIGONO APATEL, 6","municipality":"Bigastro","province":"ALICANTE","postalCode":"03380","schedule":"L-D: 06:00-22:00","fuels":{"gasoline95":1.769,"gasoline98":1.959,"diesel":1.839,"dieselRenewable":1.939},"extra":{"saleType":"P","margin":"D","reportingType":"dm","ideess":"3445","idMunicipio":"182","idProvincia":"03","idCCAA":"10"}}},{"type":"Feature","geometry":{"type":"Point","coordinates":[-0.538472,38.344139]},"properties":{"id":"es-3446","source":"ES","brand":"MOEVE","address":"POLIGONO ZONA INDUSTRIAL A, POLIGONO B, S/N","municipality":"Alicante/Alacant","province":"ALICANTE","postalCode":"03114","schedule":"L-D: 24H","fuels":{"gasoline95":1.774,"gasoline95Premium":1.834,"diesel":1.821,"dieselPremium":1.901,"dieselB":1.796},"extra":{"saleType":"P","margin":"D","reportingType":"OM","ideess":"3446","idMunicipio":"152","idProvincia":"03","idCCAA":"10"}}},{"type":"Feature","geometry":{"type":"Point","coordinates":[-0.83875,38.573556]},"properties":{"id":"es-3447","source":"ES","brand":"CEPSA","address":"AUTOVIA A-31 KM. 191,100","municipality":"Sax","province":"ALICANTE","postalCode":"03630","schedule":"L-D: 06:00-22:00","fuels":{"gasoline95":1.735,"gasoline95Premium":1.829,"diesel":1.789,"dieselPremium":1.869},"extra":{"saleType":"P","margin":"I","reportingType":"dm","ideess":"3447","idMunicipio":"263","idProvincia":"03","idCCAA":"10"}}},{"type":"Feature","geometry":{"type":"Point","coordinates":[-0.936139,38.086917]},"properties":{"id":"es-3450","source":"ES","brand":"BP","address":"CARRETERA ALMORADI KM. 0,2","municipality":"Orihuela","province":"ALICANTE","postalCode":"03300","schedule":"L-D: 06:30-21:30","fuels":{"gasoline95":1.749,"gasoline98":1.899,"diesel":1.799,"dieselPremium":1.889,"adblue":1.099},"extra":{"saleType":"P","margin":"D","reportingType":"dm","ideess":"3450","idMunicipio":"235","idProvincia":"03","idCCAA":"10"}}},{"type":"Feature","geometry":{"type":"Point","coordinates":[-0.566472,38.338278]},"properties":{"id":"es-3453","source":"ES","brand":"ATALAYAS","address":"CALLE DEL RUBLO PARC R75, 75","municipality":"Alicante/Alacant","province":"ALICANTE","postalCode":"03114","schedule":"L-V: 06:00-22:00; S: 07:00-14:00","fuels":{"gasoline95":1.759,"diesel":1.799},"extra":{"saleType":"P","margin":"N","reportingType":"dm","ideess":"3453","idMunicipio":"152","idProvincia":"03","idCCAA":"10"}}},{"type":"Feature","geometry":{"type":"Point","coordinates":[-0.786556,38.630583]},"properties":{"id":"es-3458","source":"ES","brand":"REPSOL","address":"CARRETERA ALCOY - VILLENA KM. 38,2","municipality":"Biar","province":"ALICANTE","postalCode":"03410","schedule":"L-V: 07:00-21:30; S: 07:00-15:30","fuels":{"gasoline95":1.755,"gasoline98":1.889,"diesel":1.809,"dieselB":1.499,"dieselRenewable":1.899,"adblue":0.92},"extra":{"saleType":"P","margin":"N","reportingType":"dm","ideess":"3458","idMunicipio":"181","idProvincia":"03","idCCAA":"10"}}},{"type":"Feature","geometry":{"type":"Point","coordinates":[-0.6815,38.626278]},"properties":{"id":"es-3459","source":"ES","brand":"EL CANARI ONIL","address":"CALLE JAIME I, 10","municipality":"Onil","province":"ALICANTE","postalCode":"03430","schedule":"L-D: 06:00-22:00","fuels":{"gasoline95":1.708,"diesel":1.728,"adblue":0.9},"extra":{"saleType":"P","margin":"D","reportingType":"dm","ideess":"3459","idMunicipio":"233","idProvincia":"03","idCCAA":"10"}}},{"type":"Feature","geometry":{"type":"Point","coordinates":[-0.730944,38.029472]},"properties":{"id":"es-3460","source":"ES","brand":"REPSOL","address":"CR CV-945  LO BLANC, 1,3 (A-340 km 1,36)","municipality":"Montesinos (Los)","province":"ALICANTE","postalCode":"03187","schedule":"L-D: 24H","fuels":{"gasoline95":1.769,"gasoline98":1.899,"diesel":1.819,"dieselB":1.669,"dieselRenewable":1.929,"adblue":0.999},"extra":{"saleType":"P","margin":"I","reportingType":"dm","ideess":"3460","idMunicipio":"226","idProvincia":"03","idCCAA":"10"}}},{"type":"Feature","geometry":{"type":"Point","coordinates":[-0.587333,38.614889]},"properties":{"id":"es-3467","source":"ES","brand":"BP IBI","address":"CARRER ALBACETE, 13, 0","municipality":"Ibi","province":"ALICANTE","postalCode":"03440","schedule":"L-D: 06:00-22:00","fuels":{"gasoline95":1.759,"gasoline98":1.899,"diesel":1.789,"dieselPremium":1.879,"adblue":1.0},"extra":{"saleType":"P","margin":"N","reportingType":"dm","ideess":"3467","idMunicipio":"216","idProvincia":"03","idCCAA":"10"}}},{"type":"Feature","geometry":{"type":"Point","coordinates":[-0.47775,38.401]},"properties":{"id":"es-3470","source":"ES","brand":"REPSOL","address":"CARRETERA A-214 KM. 5","municipality":"Alicante/Alacant","province":"ALICANTE","postalCode":"03112","schedule":"L-D: 06:00-22:00","fuels":{"gasoline95":1.745,"gasoline98":1.915,"diesel":1.785,"dieselPremium":1.895},"extra":{"saleType":"P","margin":"I","reportingType":"OM","ideess":"3470","idMunicipio":"152","idProvincia":"03","idCCAA":"10"}}},{"type":"Feature","geometry":{"type":"Point","coordinates":[-0.462528,38.714361]},"properties":{"id":"es-3475","source":"ES","brand":"REPSOL","address":"PG COTES BAIXES,CALLE C,PARC.1, 0","municipality":"Alcoy/Alcoi","province":"ALICANTE","postalCode":"03800","schedule":"L-D: 06:00-22:00","fuels":{"gasoline95":1.795,"gasoline95Premium":1.875,"gasoline98":1.965,"diesel":1.805,"dieselPremium":1.915},"extra":{"saleType":"P","margin":"D","reportingType":"OM","ideess":"3475","idMunicipio":"147","idProvincia":"03","idCCAA":"10"}}},{"type":"Feature","geometry":{"type":"Point","coordinates":[-0.45775,38.717889]},"properties":{"id":"es-3476","source":"ES","brand":"REPSOL","address":"AVENIDA ALICANTE, 49","municipality":"Cocentaina","province":"ALICANTE","postalCode":"03820","schedule":"L-D: 06:00-22:00","fuels":{"gasoline95":1.795,"gasoline98":1.965,"diesel":1.805,"dieselRenewable":1.925},"extra":{"saleType":"P","margin":"D","reportingType":"OM","ideess":"3476","idMunicipio":"195","idProvincia":"03","idCCAA":"10"}}},{"type":"Feature","geometry":{"type":"Point","coordinates":[-0.791083,38.233111]},"properties":{"id":"es-3478","source":"ES","brand":"REPSOL","address":"CR CV-875 ,P.K. 10,5","municipality":"Crevillent","province":"ALICANTE","postalCode":"03330","schedule":"L-D: 24H","fuels":{"gasoline95":1.745,"gasoline95Premium":1.815,"gasoline98":1.915,"diesel":1.795,"dieselRenewable":1.915,"lpg":1.059},"extra":{"saleType":"P","margin":"I","reportingType":"OM","ideess":"3478","idMunicipio":"198","idProvincia":"03","idCCAA":"10"}}},{"type":"Feature","geometry":{"type":"Point","coordinates":[-0.123944,38.616167]},"properties":{"id":"es-3481","source":"ES","brand":"REPSOL","address":"CL AVENIDA MARINA BAIXA, 80","municipality":"Nucia (la)","province":"ALICANTE","postalCode":"03530","schedule":"L-D: 06:00-22:00","fuels":{"gasoline95":1.759,"gasoline95Premium":1.839,"gasoline98":1.879,"diesel":1.809,"dieselPremium":1.869},"extra":{"saleType":"P","margin":"D","reportingType":"OM","ideess":"3481","idMunicipio":"231","idProvincia":"03","idCCAA":"10"}}},{"type":"Feature","geometry":{"type":"Point","coordinates":[-0.562944,38.278861]},"properties":{"id":"es-3483","source":"ES","brand":"FTH","address":"CARRETERA ELCHE-ALTET KM. 10,1","municipality":"Elche/Elx","province":"ALICANTE","postalCode":"03195","schedule":"L-D: 00:00-23:59","fuels":{"gasoline95":1.749,"gasoline98":1.899,"diesel":1.819,"dieselPremium":1.859,"adblue":0.9},"extra":{"saleType":"P","margin":"D","reportingType":"dm","ideess":"3483","idMunicipio":"203","idProvincia":"03","idCCAA":"10"}}},{"type":"Feature","geometry":{"type":"Point","coordinates":[-0.078472,38.605917]},"properties":{"id":"es-3484","source":"ES","brand":"REPSOL","address":"CARRETERA LA NUCIA KM. 2,8","municipality":"Altea","province":"ALICANTE","postalCode":"03590","schedule":"L: 07:00-22:00","fuels":{"gasoline95":1.765,"gasoline98":1.885,"diesel":1.809,"dieselPremium":1.919},"extra":{"saleType":"P","margin":"D","reportingType":"OM","ideess":"3484","idMunicipio":"156","idProvincia":"03","idCCAA":"10"}}},{"type":"Feature","geometry":{"type":"Point","coordinates":[-0.782111,38.104472]},"properties":{"id":"es-3514","source":"ES","brand":"GASOLEO EXPRES","address":"AVENIDA DOCTOR MARAÑON, 0","municipality":"Almoradí","province":"ALICANTE","postalCode":"03160","schedule":"L-S: 06:00-22:00; D: 07:00-22:00","fuels":{"gasoline95":1.539,"gasoline95Premium":1.619,"diesel":1.639,"dieselPremium":1.709,"adblue":0.95},"extra":{"saleType":"P","margin":"D","reportingType":"dm","ideess":"3514","idMunicipio":"153","idProvincia":"03","idCCAA":"10"}}},{"type":"Feature","geometry":{"type":"Point","coordinates":[-0.771333,38.376333]},"properties":{"id":"es-3516","source":"ES","brand":"BP INNUBEL - NOVELDA","address":"AVENIDA REYES CATOLICOS, 152","municipality":"Novelda","province":"ALICANTE","postalCode":"03360","schedule":"L-V: 06:00-22:00; S-D: 06:30-22:00","fuels":{"gasoline95":1.755,"gasoline98":1.895,"diesel":1.789,"dieselPremium":1.879},"extra":{"saleType":"P","margin":"N","reportingType":"dm","ideess":"3516","idMunicipio":"230","idProvincia":"03","idCCAA":"10"}}},{"type":"Feature","geometry":{"type":"Point","coordinates":[-0.064694,38.586556]},"properties":{"id":"es-3517","source":"ES","brand":"REPSOL","address":"CARRETERA N-332 KM. 155,5","municipality":"Altea","province":"ALICANTE","postalCode":"03590","schedule":"L-D: 06:00-22:00","fuels":{"gasoline95":1.769,"gasoline98":1.939,"diesel":1.815,"dieselPremium":1.905},"extra":{"saleType":"P","margin":"I","reportingType":"OM","ideess":"3517","idMunicipio":"156","idProvincia":"03","idCCAA":"10"}}},{"type":"Feature","geometry":{"type":"Point","coordinates":[-0.774889,38.139722]},"properties":{"id":"es-3518","source":"ES","brand":"REPSOL","address":"CALLE MAESTRO SERRANO, 1","municipality":"Dolores","province":"ALICANTE","postalCode":"03150","schedule":"L-D: 06:00-22:00","fuels":{"gasoline95":1.769,"gasoline98":1.899,"diesel":1.829,"dieselRenewable":1.929,"adblue":0.999},"extra":{"saleType":"P","margin":"D","reportingType":"dm","ideess":"3518","idMunicipio":"202","idProvincia":"03","idCCAA":"10"}}},{"type":"Feature","geometry":{"type":"Point","coordinates":[-0.954111,38.082583]},"properties":{"id":"es-3535","source":"ES","brand":"PETRONOR","address":"CV-915 km 1","municipality":"Orihuela","province":"ALICANTE","postalCode":"03300","schedule":"L-D: 06:00-22:00","fuels":{"gasoline95":1.755,"diesel":1.815,"dieselPremium":1.875},"extra":{"saleType":"P","margin":"D","reportingType":"OM","ideess":"3535","idMunicipio":"235","idProvincia":"03","idCCAA":"10"}}},{"type":"Feature","geometry":{"type":"Point","coordinates":[-0.614667,38.286861]},"properties":{"id":"es-3539","source":"ES","brand":"REPSOL","address":"CARRETERA N-340, KM727 KM. 727","municipality":"Elche/Elx","province":"ALICANTE","postalCode":"03320","schedule":"L-V: 06:00-22:00; S: 08:00-14:00","fuels":{"gasoline95":1.735,"gasoline98":1.905,"diesel":1.815,"dieselRenewable":1.935},"extra":{"saleType":"P","margin":"D","reportingType":"OM","ideess":"3539","idMunicipio":"203","idProvincia":"03","idCCAA":"10"}}},{"type":"Feature","geometry":{"type":"Point","coordinates":[-0.774111,38.336722]},"properties":{"id":"es-3542","source":"ES","brand":"REPSOL","address":"AVENIDA 3 DE AGOSTO, 23","municipality":"Aspe","province":"ALICANTE","postalCode":"03680","schedule":"L-D: 06:00-22:00","fuels":{"gasoline95":1.699,"gasoline98":1.879,"diesel":1.785,"dieselB":1.585,"dieselRenewable":1.885},"extra":{"saleType":"P","margin":"D","reportingType":"dm","ideess":"3542","idMunicipio":"157","idProvincia":"03","idCCAA":"10"}}},{"type":"Feature","geometry":{"type":"Point","coordinates":[-0.210694,38.516722]},"properties":{"id":"es-3544","source":"ES","brand":"CEPSA","address":"CARRETERA N-332 KM. 139,2","municipality":"Villajoyosa/Vila Joiosa (la)","province":"ALICANTE","postalCode":"03570","schedule":"L-D: 06:00-23:00","fuels":{"gasoline95":1.729,"gasoline95Premium":1.819,"gasoline98":1.854,"diesel":1.811,"dieselPremium":1.891},"extra":{"saleType":"P","margin":"I","reportingType":"dm","ideess":"3544","idMunicipio":"278","idProvincia":"03","idCCAA":"10"}}},{"type":"Feature","geometry":{"type":"Point","coordinates":[-0.4975,38.370222]},"properties":{"id":"es-3550","source":"ES","brand":"REPSOL","address":"AVENIDA NOVELDA, 179","municipality":"Alicante/Alacant","province":"ALICANTE","postalCode":"03009","schedule":"L-D: 07:00-00:00","fuels":{"gasoline95":1.745,"gasoline98":1.915,"diesel":1.799,"dieselPremium":1.879},"extra":{"saleType":"P","margin":"D","reportingType":"OM","ideess":"3550","idMunicipio":"152","idProvincia":"03","idCCAA":"10"}}},{"type":"Feature","geometry":{"type":"Point","coordinates":[-0.538778,38.276]},"properties":{"id":"es-3552","source":"ES","brand":"REPSOL","address":"AVENIDA CARTAGENA DE, 59","municipality":"Elche/Elx","province":"ALICANTE","postalCode":"03195","schedule":"L-D: 24H","fuels":{"gasoline95":1.799,"gasoline98":1.969,"diesel":1.839,"dieselPremium":1.889},"extra":{"saleType":"P","margin":"N","reportingType":"dm","ideess":"3552","idMunicipio":"203","idProvincia":"03","idCCAA":"10"}}},{"type":"Feature","geometry":{"type":"Point","coordinates":[-0.940028,38.424667]},"properties":{"id":"es-3554","source":"ES","brand":"REPSOL","address":"CARRETERA CR 3213 KM. 12","municipality":"Monóvar/Monòver","province":"ALICANTE","postalCode":"03640","schedule":"L-D: 06:00-22:00","fuels":{"gasoline95":1.745,"gasoline98":1.915,"diesel":1.799,"dieselB":1.695,"dieselRenewable":1.919},"extra":{"saleType":"P","margin":"I","reportingType":"OM","ideess":"3554","idMunicipio":"225","idProvincia":"03","idCCAA":"10"}}},{"type":"Feature","geometry":{"type":"Point","coordinates":[-0.716694,38.278306]},"properties":{"id":"es-3555","source":"ES","brand":"REPSOL","address":"AV DE NOVELDA, 128","municipality":"Elche/Elx","province":"ALICANTE","postalCode":"03206","schedule":"L-D: 06:00-22:00","fuels":{"gasoline95":1.735,"gasoline98":1.905,"diesel":1.809,"dieselPremium":1.869},"extra":{"saleType":"P","margin":"I","reportingType":"OM","ideess":"3555","idMunicipio":"203","idProvincia":"03","idCCAA":"10"}}},{"type":"Feature","geometry":{"type":"Point","coordinates":[-0.549972,38.235389]},"properties":{"id":"es-3557","source":"ES","brand":"REPSOL","address":"CR N-332, 93,5","municipality":"Santa Pola","province":"ALICANTE","postalCode":"03130","schedule":"L-D: 24H","fuels":{"gasoline95":1.759,"gasoline98":1.879,"diesel":1.799,"dieselRenewable":1.919,"lpg":1.095},"extra":{"saleType":"P","margin":"D","reportingType":"OM","ideess":"3557","idMunicipio":"262","idProvincia":"03","idCCAA":"10"}}},{"type":"Feature","geometry":{"type":"Point","coordinates":[-0.678611,38.196]},"properties":{"id":"es-3560","source":"ES","brand":"REPSOL","address":"CARRETERA CARRETERA ELCHE  LA MARINA KM. 6,7","municipality":"Elche/Elx","province":"ALICANTE","postalCode":"03294","schedule":"L: 06:00-22:00","fuels":{"gasoline95":1.779,"gasoline98":1.939,"diesel":1.879,"dieselB":1.699,"dieselRenewable":1.969},"extra":{"saleType":"P","margin":"I","reportingType":"dm","ideess":"3560","idMunicipio":"203","idProvincia":"03","idCCAA":"10"}}},{"type":"Feature","geometry":{"type":"Point","coordinates":[-0.67075,38.269944]},"properties":{"id":"es-3562","source":"ES","brand":"E.S. EL POLIGONO","address":"CALLE MALLORCA, 12","municipality":"Elche/Elx","province":"ALICANTE","postalCode":"03203","schedule":"L-J: 06:30-23:00; V: 06:30-23:59; S: 07:00-23:59; D: 07:00-23:00","fuels":{"gasoline95":1.726,"gasoline98":1.868,"diesel":1.753,"dieselPremium":1.846},"extra":{"saleType":"P","margin":"N","reportingType":"dm","ideess":"3562","idMunicipio":"203","idProvincia":"03","idCCAA":"10"}}},{"type":"Feature","geometry":{"type":"Point","coordinates":[-0.839861,38.434222]},"properties":{"id":"es-3564","source":"ES","brand":"E.S MONOVAR","address":"AVENIDA COMUNIDAD VALENCIANA, SN","municipality":"Monóvar/Monòver","province":"ALICANTE","postalCode":"03640","schedule":"L-S: 06:30-22:30; D: 08:00-21:00","fuels":{"gasoline95":1.549,"gasoline98":1.649,"diesel":1.639,"dieselPremium":1.719},"extra":{"saleType":"P","margin":"D","reportingType":"dm","ideess":"3564","idMunicipio":"225","idProvincia":"03","idCCAA":"10"}}},{"type":"Feature","geometry":{"type":"Point","coordinates":[-0.848833,38.199389]},"properties":{"id":"es-3565","source":"ES","brand":"FTH","address":"CARRETERA N-340 KM. 702,1","municipality":"Albatera","province":"ALICANTE","postalCode":"03340","schedule":"L-D: 06:00-22:00","fuels":{"gasoline95":1.719,"diesel":1.749,"dieselPremium":1.799,"adblue":0.9},"extra":{"saleType":"P","margin":"D","reportingType":"dm","ideess":"3565","idMunicipio":"143","idProvincia":"03","idCCAA":"10"}}},{"type":"Feature","geometry":{"type":"Point","coordinates":[-0.373611,38.450167]},"properties":{"id":"es-3567","source":"ES","brand":"PETRONOR","address":"CARRETERA N-332 KM. 122","municipality":"Campello (el)","province":"ALICANTE","postalCode":"03560","schedule":"L: 06:00-22:00","fuels":{"gasoline95":1.795,"gasoline98":1.965,"diesel":1.815,"dieselRenewable":1.935},"extra":{"saleType":"P","margin":"D","reportingType":"OM","ideess":"3567","idMunicipio":"188","idProvincia":"03","idCCAA":"10"}}},{"type":"Feature","geometry":{"type":"Point","coordinates":[-0.374361,38.450278]},"properties":{"id":"es-3568","source":"ES","brand":"REPSOL","address":"CARRETERA N-332 KM. 122,5","municipality":"Campello (el)","province":"ALICANTE","postalCode":"03560","schedule":"L-V: 07:00-21:00; S-D: 08:00-21:00","fuels":{"gasoline95":1.795,"gasoline98":1.965,"diesel":1.815,"dieselPremium":1.925,"lpg":1.095},"extra":{"saleType":"P","margin":"I","reportingType":"OM","ideess":"3568","idMunicipio":"188","idProvincia":"03","idCCAA":"10"}}},{"type":"Feature","geometry":{"type":"Point","coordinates":[-0.758389,38.386417]},"properties":{"id":"es-3569","source":"ES","brand":"REPSOL","address":"AVENIDA PEREZ GALDOS, 2","municipality":"Novelda","province":"ALICANTE","postalCode":"03660","schedule":"L-S: 06:00-21:00; D: 07:00-15:00","fuels":{"gasoline95":1.745,"gasoline98":1.915,"diesel":1.815,"dieselRenewable":1.935},"extra":{"saleType":"P","margin":"D","reportingType":"OM","ideess":"3569","idMunicipio":"230","idProvincia":"03","idCCAA":"10"}}},{"type":"Feature","geometry":{"type":"Point","coordinates":[-0.406444,38.424639]},"properties":{"id":"es-3570","source":"ES","brand":"REPSOL","address":"CALLE SAN RAMON 8, ","municipality":"Campello (el)","province":"ALICANTE","postalCode":"03560","schedule":"L-D: 06:30-22:00","fuels":{"gasoline95":1.735,"diesel":1.795,"dieselRenewable":1.915},"extra":{"saleType":"P","margin":"D","reportingType":"OM","ideess":"3570","idMunicipio":"188","idProvincia":"03","idCCAA":"10"}}},{"type":"Feature","geometry":{"type":"Point","coordinates":[-0.644583,38.244861]},"properties":{"id":"es-3571","source":"ES","brand":"REPSOL","address":"CARRETERA CV-865 KM. 3,6","municipality":"Elche/Elx","province":"ALICANTE","postalCode":"03295","schedule":"L-D: 06:00-22:00","fuels":{"gasoline95":1.769,"gasoline98":1.869,"diesel":1.799,"dieselRenewable":1.899,"adblue":0.999},"extra":{"saleType":"P","margin":"I","reportingType":"dm","ideess":"3571","idMunicipio":"203","idProvincia":"03","idCCAA":"10"}}},{"type":"Feature","geometry":{"type":"Point","coordinates":[-0.849528,38.310167]},"properties":{"id":"es-3572","source":"ES","brand":"REPSOL","address":"AVINGUDA VIRGEN DE LAS NIEVES, S/N","municipality":"Hondón de las Nieves","province":"ALICANTE","postalCode":"03688","schedule":"L-S: 06:00-22:00","fuels":{"gasoline95":1.699,"diesel":1.785,"dieselB":1.585,"dieselRenewable":1.885},"extra":{"saleType":"P","margin":"D","reportingType":"dm","ideess":"3572","idMunicipio":"208","idProvincia":"03","idCCAA":"10"}}},{"type":"Feature","geometry":{"type":"Point","coordinates":[-0.06225,38.771694]},"properties":{"id":"es-3573","source":"ES","brand":"GASORBA","address":"CARRETERA CV-715 KM. 21,5","municipality":"Orba","province":"ALICANTE","postalCode":"03790","schedule":"L-D: 07:00-22:00","fuels":{"gasoline95":1.659,"gasoline98":1.789,"diesel":1.729,"dieselB":1.369},"extra":{"saleType":"P","margin":"I","reportingType":"dm","ideess":"3573","idMunicipio":"234","idProvincia":"03","idCCAA":"10"}}},{"type":"Feature","geometry":{"type":"Point","coordinates":[-0.843056,38.076944]},"properties":{"id":"es-3574","source":"ES","brand":"REPSOL","address":"CARRETERA JACARILLA KM. S/N","municipality":"Benejúzar","province":"ALICANTE","postalCode":"03390","schedule":"L-D: 06:00-22:00","fuels":{"gasoline95":1.749,"gasoline98":1.799,"diesel":1.819,"dieselPremium":1.869,"dieselB":1.609},"extra":{"saleType":"P","margin":"I","reportingType":"dm","ideess":"3574","idMunicipio":"162","idProvincia":"03","idCCAA":"10"}}},{"type":"Feature","geometry":{"type":"Point","coordinates":[-0.927583,38.143139]},"properties":{"id":"es-3575","source":"ES","brand":"PETRONOR","address":"CARRETERA N-340 KM. 692,9","municipality":"Callosa de Segura","province":"ALICANTE","postalCode":"03360","schedule":"L-V: 06:00-22:00; S: 07:00-15:00; D: 08:00-14:00","fuels":{"gasoline95":1.755,"diesel":1.805,"dieselRenewable":1.925},"extra":{"saleType":"P","margin":"D","reportingType":"OM","ideess":"3575","idMunicipio":"185","idProvincia":"03","idCCAA":"10"}}},{"type":"Feature","geometry":{"type":"Point","coordinates":[-0.889278,38.147139]},"properties":{"id":"es-3577","source":"ES","brand":"REPSOL","address":"AVENIDA DEL CARMEN, 94","municipality":"Cox","province":"ALICANTE","postalCode":"03350","schedule":"L-D: 06:00-22:00","fuels":{"gasoline95":1.739,"gasoline98":1.909,"diesel":1.819,"dieselPremium":1.879},"extra":{"saleType":"P","margin":"I","reportingType":"OM","ideess":"3577","idMunicipio":"197","idProvincia":"03","idCCAA":"10"}}},{"type":"Feature","geometry":{"type":"Point","coordinates":[-0.80475,38.473944]},"properties":{"id":"es-3578","source":"ES","brand":"REPSOL","address":"CARRETERA C-3213 KM. 15,700","municipality":"Elda","province":"ALICANTE","postalCode":"03600","schedule":"L-D: 06:00-22:00","fuels":{"gasoline95":1.759,"gasoline98":1.929,"diesel":1.805,"dieselPremium":1.915},"extra":{"saleType":"P","margin":"I","reportingType":"OM","ideess":"3578","idMunicipio":"204","idProvincia":"03","idCCAA":"10"}}},{"type":"Feature","geometry":{"type":"Point","coordinates":[-0.472306,38.355389]},"properties":{"id":"es-3580","source":"ES","brand":"GOTETA","address":"AVENIDA DENIA, 60","municipality":"Alicante/Alacant","province":"ALICANTE","postalCode":"03016","schedule":"L-D: 24H","fuels":{"gasoline95":1.749,"gasoline98":1.879,"diesel":1.789,"dieselPremium":1.869,"lpg":1.055,"adblue":1.079},"extra":{"saleType":"P","margin":"N","reportingType":"dm","ideess":"3580","idMunicipio":"152","idProvincia":"03","idCCAA":"10"}}},{"type":"Feature","geometry":{"type":"Point","coordinates":[-0.229222,38.506972]},"properties":{"id":"es-3581","source":"ES","brand":"REPSOL","address":"AVENIDA AVENIDA PAIS VALENCIA, S.N.","municipality":"Villajoyosa/Vila Joiosa (la)","province":"ALICANTE","postalCode":"03570","schedule":"L-D: 24H","fuels":{"gasoline95":1.765,"gasoline95Premium":1.835,"gasoline98":1.885,"diesel":1.795,"dieselRenewable":1.915},"extra":{"saleType":"P","margin":"D","reportingType":"OM","ideess":"3581","idMunicipio":"278","idProvincia":"03","idCCAA":"10"}}},{"type":"Feature","geometry":{"type":"Point","coordinates":[-0.489722,38.691972]},"properties":{"id":"es-3586","source":"ES","brand":"PETRONOR","address":"CALLE OLIVER, 72","municipality":"Alcoy/Alcoi","province":"ALICANTE","postalCode":"03800","schedule":"L-D: 06:00-22:00","fuels":{"gasoline95":1.795,"gasoline98":1.899,"diesel":1.795,"dieselPremium":1.899,"adblue":0.92},"extra":{"saleType":"P","margin":"D","reportingType":"dm","ideess":"3586","idMunicipio":"147","idProvincia":"03","idCCAA":"10"}}},{"type":"Feature","geometry":{"type":"Point","coordinates":[-0.89475,38.165222]},"properties":{"id":"es-3588","source":"ES","brand":"REPSOL","address":"CARRETERA N-340 KM. 696,7","municipality":"Albatera","province":"ALICANTE","postalCode":"03340","schedule":"L-V: 06:00-22:00","fuels":{"gasoline95":1.739,"diesel":1.769,"dieselB":1.629,"dieselRenewable":1.889,"adblue":0.85},"extra":{"saleType":"P","margin":"D","reportingType":"dm","ideess":"3588","idMunicipio":"143","idProvincia":"03","idCCAA":"10"}}},{"type":"Feature","geometry":{"type":"Point","coordinates":[-0.848722,38.199417]},"properties":{"id":"es-3589","source":"ES","brand":"REPSOL","address":"N-340 km 696,7","municipality":"Albatera","province":"ALICANTE","postalCode":"03340","schedule":"L-D: 24H","fuels":{"gasoline95":1.739,"gasoline98":1.899,"diesel":1.769,"dieselRenewable":1.889},"extra":{"saleType":"P","margin":"I","reportingType":"dm","ideess":"3589","idMunicipio":"143","idProvincia":"03","idCCAA":"10"}}},{"type":"Feature","geometry":{"type":"Point","coordinates":[-0.870667,38.635889]},"properties":{"id":"es-3590","source":"ES","brand":"REPSOL","address":"CARRETERA CARRETERA DE YECLA KM. 1","municipality":"Villena","province":"ALICANTE","postalCode":"03400","schedule":"L-D: 06:00-22:00","fuels":{"gasoline95":1.749,"gasoline98":1.919,"diesel":1.825,"dieselRenewable":1.945},"extra":{"saleType":"P","margin":"N","reportingType":"OM","ideess":"3590","idMunicipio":"279","idProvincia":"03","idCCAA":"10"}}},{"type":"Feature","geometry":{"type":"Point","coordinates":[-0.848972,38.618083]},"properties":{"id":"es-3591","source":"ES","brand":"REPSOL","address":"CARRETERA ALICANTE KM. 53","municipality":"Villena","province":"ALICANTE","postalCode":"03400","schedule":"L-D: 06:00-22:00","fuels":{"gasoline95":1.759,"gasoline98":1.929,"diesel":1.825,"dieselB":1.695,"dieselRenewable":1.945,"lpg":1.055},"extra":{"saleType":"P","margin":"I","reportingType":"OM","ideess":"3591","idMunicipio":"279","idProvincia":"03","idCCAA":"10"}}},{"type":"Feature","geometry":{"type":"Point","coordinates":[-0.848417,38.618444]},"properties":{"id":"es-3592","source":"ES","brand":"REPSOL","address":"AUTOVIA ALICANTE KM. 53","municipality":"Villena","province":"ALICANTE","postalCode":"03400","schedule":"L-V: 07:00-23:59; S: 07:00-22:00; D: 07:00-23:59","fuels":{"gasoline95":1.759,"diesel":1.825,"dieselPremium":1.935},"extra":{"saleType":"P","margin":"D","reportingType":"OM","ideess":"3592","idMunicipio":"279","idProvincia":"03","idCCAA":"10"}}},{"type":"Feature","geometry":{"type":"Point","coordinates":[-0.483944,38.358556]},"properties":{"id":"es-3593","source":"ES","brand":"REPSOL","address":"AVENIDA JIJONA, 88","municipality":"Alicante/Alacant","province":"ALICANTE","postalCode":"03012","schedule":"L-S: 06:30-22:30; D: 07:00-22:30","fuels":{"gasoline95":1.769,"gasoline98":1.899,"diesel":1.819,"dieselPremium":1.889},"extra":{"saleType":"P","margin":"D","reportingType":"dm","ideess":"3593","idMunicipio":"152","idProvincia":"03","idCCAA":"10"}}},{"type":"Feature","geometry":{"type":"Point","coordinates":[-0.102722,38.543139]},"properties":{"id":"es-3598","source":"ES","brand":"BP EUROBENIDORM","address":"AVENIDA DOCTOR SEVERO OCHOA, S/N","municipality":"Benidorm","province":"ALICANTE","postalCode":"03503","schedule":"L-D: 24H","fuels":{"gasoline95":1.785,"gasoline98":1.925,"diesel":1.809,"dieselPremium":1.899},"extra":{"saleType":"P","margin":"N","reportingType":"OM","ideess":"3598","idMunicipio":"168","idProvincia":"03","idCCAA":"10"}}},{"type":"Feature","geometry":{"type":"Point","coordinates":[-0.937167,38.081639]},"properties":{"id":"es-3601","source":"ES","brand":"CEPSA","address":"CALLE PROLONGACION OBISPO ROCAMORA, S/N","municipality":"Orihuela","province":"ALICANTE","postalCode":"03300","schedule":"L-V: 07:00-19:00; S: 08:00-13:00","fuels":{"gasoline95":1.759,"gasoline98":1.839,"diesel":1.789,"dieselPremium":1.859},"extra":{"saleType":"P","margin":"N","reportingType":"dm","ideess":"3601","idMunicipio":"235","idProvincia":"03","idCCAA":"10"}}},{"type":"Feature","geometry":{"type":"Point","coordinates":[-0.702111,38.177111]},"properties":{"id":"es-3602","source":"ES","brand":"REPSOL","address":"CARRETERA DOLORES DE KM. 8,3","municipality":"Elche/Elx","province":"ALICANTE","postalCode":"03293","schedule":"L-V: 07:00-21:00; S-D: 07:00-20:00","fuels":{"gasoline95":1.735,"diesel":1.809,"dieselPremium":1.919,"dieselB":1.729},"extra":{"saleType":"P","margin":"D","reportingType":"OM","ideess":"3602","idMunicipio":"203","idProvincia":"03","idCCAA":"10"}}},{"type":"Feature","geometry":{"type":"Point","coordinates":[-0.453806,38.375472]},"properties":{"id":"es-3603","source":"ES","brand":"BP VISTAHERMOSA","address":"AVENIDA DENIA, 150","municipality":"Alicante/Alacant","province":"ALICANTE","postalCode":"03016","schedule":"L-D: 07:00-23:00","fuels":{"gasoline95":1.759,"gasoline98":1.899,"diesel":1.815,"dieselPremium":1.905},"extra":{"saleType":"P","margin":"D","reportingType":"OM","ideess":"3603","idMunicipio":"152","idProvincia":"03","idCCAA":"10"}}},{"type":"Feature","geometry":{"type":"Point","coordinates":[-0.736806,38.387917]},"properties":{"id":"es-3607","source":"ES","brand":"BP","address":"AUTOVIA A-31 KM. 216","municipality":"Monforte del Cid","province":"ALICANTE","postalCode":"03670","schedule":"L-D: 24H","fuels":{"gasoline95":1.775,"gasoline98":1.899,"diesel":1.799,"dieselPremium":1.889,"adblue":1.0},"extra":{"saleType":"P","margin":"I","reportingType":"dm","ideess":"3607","idMunicipio":"224","idProvincia":"03","idCCAA":"10"}}},{"type":"Feature","geometry":{"type":"Point","coordinates":[-0.732722,38.083972]},"properties":{"id":"es-3610","source":"ES","brand":"BP ROJALES","address":"CARRETERA CREVILLENTE-TORREVIEJA KM. 22,8","municipality":"Rojales","province":"ALICANTE","postalCode":"03170","schedule":"L-D: 06:00-22:00","fuels":{"gasoline95":1.749,"gasoline98":1.889,"diesel":1.819,"dieselPremium":1.909},"extra":{"saleType":"P","margin":"N","reportingType":"OM","ideess":"3610","idMunicipio":"252","idProvincia":"03","idCCAA":"10"}}},{"type":"Feature","geometry":{"type":"Point","coordinates":[-0.11275,38.849528]},"properties":{"id":"es-3614","source":"ES","brand":"BP PEGO","address":"AVENIDA OLIVA, SN","municipality":"Pego","province":"ALICANTE","postalCode":"03780","schedule":"L-S: 06:00-22:00; D: 07:00-22:00","fuels":{"gasoline95":1.785,"gasoline98":1.925,"diesel":1.845,"dieselPremium":1.935,"adblue":1.235},"extra":{"saleType":"P","margin":"D","reportingType":"OM","ideess":"3614","idMunicipio":"239","idProvincia":"03","idCCAA":"10"}}},{"type":"Feature","geometry":{"type":"Point","coordinates":[-0.684083,38.283139]},"properties":{"id":"es-3615","source":"ES","brand":"CEPSA LA GALIA","address":"PARTIDA ALTABIX.POL. 1 NO 203 (AV DEL BIMILENARIO S/N)","municipality":"Elche/Elx","province":"ALICANTE","postalCode":"03291","schedule":"L-D: 24H","fuels":{"gasoline95":1.733,"gasoline98":1.903,"diesel":1.777,"dieselPremium":1.857},"extra":{"saleType":"P","margin":"N","reportingType":"dm","ideess":"3615","idMunicipio":"203","idProvincia":"03","idCCAA":"10"}}},{"type":"Feature","geometry":{"type":"Point","coordinates":[-0.682194,38.269472]},"properties":{"id":"es-3621","source":"ES","brand":"REPSOL","address":"CL AVENIDA DE ALICANTE, 72","municipality":"Elche/Elx","province":"ALICANTE","postalCode":"03202","schedule":"L-V: 06:00-22:00; S-D: 07:00-22:00","fuels":{"gasoline95":1.739,"gasoline95Premium":1.809,"gasoline98":1.909,"diesel":1.799,"dieselPremium":1.879},"extra":{"saleType":"P","margin":"D","reportingType":"OM","ideess":"3621","idMunicipio":"203","idProvincia":"03","idCCAA":"10"}}},{"type":"Feature","geometry":{"type":"Point","coordinates":[-0.105389,38.581361]},"properties":{"id":"es-3623","source":"ES","brand":"REPSOL","address":"CL AVDA. DEL PAIS VALENCIANO S.N.","municipality":"Alfàs del Pi (l')","province":"ALICANTE","postalCode":"03580","schedule":"L-D: 06:00-22:00","fuels":{"gasoline95":1.765,"gasoline98":1.925,"diesel":1.815,"dieselPremium":1.915},"extra":{"saleType":"P","margin":"D","reportingType":"OM","ideess":"3623","idMunicipio":"149","idProvincia":"03","idCCAA":"10"}}},{"type":"Feature","geometry":{"type":"Point","coordinates":[-0.953194,38.091278]},"properties":{"id":"es-3626","source":"ES","brand":"NO ROTULO","address":"PLAZA CAPUCHINOS, S.N.","municipality":"Orihuela","province":"ALICANTE","postalCode":"03300","schedule":"L-D: 06:00-23:00","fuels":{"gasoline95":1.799,"gasoline98":1.869,"diesel":1.839},"extra":{"saleType":"P","margin":"N","reportingType":"dm","ideess":"3626","idMunicipio":"235","idProvincia":"03","idCCAA":"10"}}},{"type":"Feature","geometry":{"type":"Point","coordinates":[-0.11925,38.544194]},"properties":{"id":"es-3632","source":"ES","brand":"BP BENIDORM","address":"AVENIDA COMUNIDAD VALENCIANA, 18","municipality":"Benidorm","province":"ALICANTE","postalCode":"03501","schedule":"L-D: 24H","fuels":{"gasoline95":1.785,"gasoline98":1.925,"diesel":1.809,"dieselPremium":1.899},"extra":{"saleType":"P","margin":"D","reportingType":"OM","ideess":"3632","idMunicipio":"168","idProvincia":"03","idCCAA":"10"}}},{"type":"Feature","geometry":{"type":"Point","coordinates":[-0.447889,38.781417]},"properties":{"id":"es-3633","source":"ES","brand":"PANAWAY ROAD","address":"CARRETERA N-340 KM. 808,6","municipality":"Muro de Alcoy","province":"ALICANTE","postalCode":"03830","schedule":"L-D: 24H","fuels":{"gasoline95":1.569,"gasoline98":1.639,"diesel":1.659,"dieselPremium":1.659},"extra":{"saleType":"P","margin":"D","reportingType":"dm","ideess":"3633","idMunicipio":"228","idProvincia":"03","idCCAA":"10"}}},{"type":"Feature","geometry":{"type":"Point","coordinates":[-0.448444,38.781889]},"properties":{"id":"es-3634","source":"ES","brand":"PANAWAY ROAD","address":"CARRETERA N-340 KM. 808,6","municipality":"Muro de Alcoy","province":"ALICANTE","postalCode":"03830","schedule":"L-D: 06:00-22:00","fuels":{"gasoline95":1.569,"gasoline98":1.639,"diesel":1.659,"dieselPremium":1.659},"extra":{"saleType":"P","margin":"I","reportingType":"dm","ideess":"3634","idMunicipio":"228","idProvincia":"03","idCCAA":"10"}}},{"type":"Feature","geometry":{"type":"Point","coordinates":[-0.567917,38.626556]},"properties":{"id":"es-3635","source":"ES","brand":"REPSOL","address":"AVENIDA JUAN CARLOS I, 2","municipality":"Ibi","province":"ALICANTE","postalCode":"03440","schedule":"L-S: 06:00-22:00; D: 07:00-15:00","fuels":{"gasoline95":1.759,"gasoline98":1.929,"diesel":1.809,"dieselPremium":1.869},"extra":{"saleType":"P","margin":"I","reportingType":"OM","ideess":"3635","idMunicipio":"216","idProvincia":"03","idCCAA":"10"}}},{"type":"Feature","geometry":{"type":"Point","coordinates":[-0.888056,38.670306]},"properties":{"id":"es-3640","source":"ES","brand":"BP","address":"AUTOVIA ALICANTE-MADRID KM. 59","municipality":"Villena","province":"ALICANTE","postalCode":"03400","schedule":"L-D: 06:00-22:00","fuels":{"gasoline95":1.755,"gasoline98":1.895,"diesel":1.795,"dieselPremium":1.899,"adblue":0.97},"extra":{"saleType":"P","margin":"D","reportingType":"dm","ideess":"3640","idMunicipio":"279","idProvincia":"03","idCCAA":"10"}}},{"type":"Feature","geometry":{"type":"Point","coordinates":[-0.795194,38.491972]},"properties":{"id":"es-3641","source":"ES","brand":"CEPSA","address":"CALLE ROMERO,2 - AVDA. LIBERTAD, S/N","municipality":"Elda","province":"ALICANTE","postalCode":"03600","schedule":"L-D: 06:00-23:00","fuels":{"gasoline95":1.729,"gasoline95Premium":1.799,"diesel":1.811,"dieselPremium":1.891},"extra":{"saleType":"P","margin":"N","reportingType":"dm","ideess":"3641","idMunicipio":"204","idProvincia":"03","idCCAA":"10"}}},{"type":"Feature","geometry":{"type":"Point","coordinates":[-0.439694,38.738722]},"properties":{"id":"es-3647","source":"ES","brand":"REPSOL","address":"CL AVENIDA PAIS VALENCIA, 117","municipality":"Cocentaina","province":"ALICANTE","postalCode":"03820","schedule":"L-D: 06:00-22:00","fuels":{"gasoline95":1.745,"gasoline98":1.915,"diesel":1.849,"dieselRenewable":1.969},"extra":{"saleType":"P","margin":"D","reportingType":"OM","ideess":"3647","idMunicipio":"195","idProvincia":"03","idCCAA":"10"}}},{"type":"Feature","geometry":{"type":"Point","coordinates":[-0.772833,38.3555]},"properties":{"id":"es-3649","source":"ES","brand":"RASPA-OIL (SERV. ATENDIDO)","address":"CR N-325, 5,8","municipality":"Aspe","province":"ALICANTE","postalCode":"03680","schedule":"L-D: 24H","fuels":{"gasoline95":1.639,"gasoline95Premium":1.639,"diesel":1.689,"dieselPremium":1.689,"lpg":1.047,"adblue":0.997},"extra":{"saleType":"P","margin":"I","reportingType":"dm","ideess":"3649","idMunicipio":"157","idProvincia":"03","idCCAA":"10"}}},{"type":"Feature","geometry":{"type":"Point","coordinates":[-0.568667,38.199444]},"properties":{"id":"es-3652","source":"ES","brand":"MOEVE","address":"CARRETERA N-332 KM. 87,8","municipality":"Santa Pola","province":"ALICANTE","postalCode":"03130","schedule":"L-D: 06:00-23:59","fuels":{"gasoline95":1.774,"gasoline95Premium":1.834,"diesel":1.821,"dieselPremium":1.901},"extra":{"saleType":"P","margin":"D","reportingType":"OM","ideess":"3652","idMunicipio":"262","idProvincia":"03","idCCAA":"10"}}},{"type":"Feature","geometry":{"type":"Point","coordinates":[-0.664444,38.099333]},"properties":{"id":"es-3657","source":"ES","brand":"REPSOL","address":"CARRETERA N-332 KM. 32,7","municipality":"Guardamar del Segura","province":"ALICANTE","postalCode":"03140","schedule":"L-D: 06:00-22:00","fuels":{"gasoline95":1.789,"gasoline98":1.899,"diesel":1.829,"dieselRenewable":1.929,"lpg":1.099,"adblue":0.999},"extra":{"saleType":"P","margin":"D","reportingType":"dm","ideess":"3657","idMunicipio":"214","idProvincia":"03","idCCAA":"10"}}},{"type":"Feature","geometry":{"type":"Point","coordinates":[-0.607083,38.342361]},"properties":{"id":"es-3660","source":"ES","brand":"PETRONOR","address":"CARRETERA N-330 A KM. 401","municipality":"Alicante/Alacant","province":"ALICANTE","postalCode":"03113","schedule":"L-V: 07:00-21:00; S: 08:00-14:00","fuels":{"gasoline95":1.645,"gasoline98":1.815,"diesel":1.589,"dieselPremium":1.699},"extra":{"saleType":"P","margin":"I","reportingType":"dm","ideess":"3660","idMunicipio":"152","idProvincia":"03","idCCAA":"10"}}},{"type":"Feature","geometry":{"type":"Point","coordinates":[-0.74775,38.256778]},"properties":{"id":"es-3661","source":"ES","brand":"REPSOL","address":"CARRETERA N-340 KM. 714,1","municipality":"Elche/Elx","province":"ALICANTE","postalCode":"03293","schedule":"L-S: 06:00-22:00; D: 08:00-18:00","fuels":{"gasoline95":1.735,"gasoline98":1.905,"diesel":1.805,"dieselPremium":1.915},"extra":{"saleType":"P","margin":"I","reportingType":"OM","ideess":"3661","idMunicipio":"203","idProvincia":"03","idCCAA":"10"}}},{"type":"Feature","geometry":{"type":"Point","coordinates":[-0.671194,38.720111]},"properties":{"id":"es-3663","source":"ES","brand":"CEPSA","address":"CALLE LES MOLINES, 35, ","municipality":"Banyeres de Mariola","province":"ALICANTE","postalCode":"03450","schedule":"L-D: 06:00-22:00","fuels":{"gasoline95":1.739,"gasoline98":1.999,"diesel":1.779,"dieselPremium":1.809},"extra":{"saleType":"P","margin":"N","reportingType":"dm","ideess":"3663","idMunicipio":"159","idProvincia":"03","idCCAA":"10"}}},{"type":"Feature","geometry":{"type":"Point","coordinates":[-0.401389,38.424083]},"properties":{"id":"es-3665","source":"ES","brand":"CAMPELLO - GOTETA II","address":"CALLE INFANTA, 31","municipality":"Campello (el)","province":"ALICANTE","postalCode":"03560","schedule":"L-V: 06:00-23:00; S-D: 07:00-23:00","fuels":{"gasoline95":1.729,"gasoline95Premium":1.819,"diesel":1.749,"dieselPremium":1.839},"extra":{"saleType":"P","margin":"N","reportingType":"dm","ideess":"3665","idMunicipio":"188","idProvincia":"03","idCCAA":"10"}}},{"type":"Feature","geometry":{"type":"Point","coordinates":[-0.822528,38.227222]},"properties":{"id":"es-3668","source":"ES","brand":"REPSOL","address":"CARRETERA NACIONAL 340 KM. 707,1","municipality":"Crevillent","province":"ALICANTE","postalCode":"03330","schedule":"L-D: 07:00-22:00","fuels":{"gasoline95":1.739,"gasoline98":1.909,"diesel":1.805,"dieselPremium":1.915,"dieselB":1.689},"extra":{"saleType":"P","margin":"D","reportingType":"OM","ideess":"3668","idMunicipio":"198","idProvincia":"03","idCCAA":"10"}}},{"type":"Feature","geometry":{"type":"Point","coordinates":[-0.121194,38.6495]},"properties":{"id":"es-3669","source":"ES","brand":"REPSOL","address":"CALLE SAN ISIDRO, 10","municipality":"Callosa d'En Sarrià","province":"ALICANTE","postalCode":"03510","schedule":"L-D: 07:00-22:00","fuels":{"gasoline95":1.789,"gasoline98":1.949,"diesel":1.849,"dieselPremium":1.969,"dieselB":1.689},"extra":{"saleType":"P","margin":"D","reportingType":"dm","ideess":"3669","idMunicipio":"186","idProvincia":"03","idCCAA":"10"}}},{"type":"Feature","geometry":{"type":"Point","coordinates":[-0.47675,38.357]},"properties":{"id":"es-3673","source":"ES","brand":"REPSOL","address":"AVENIDA PADRE ESPLÁ, 36","municipality":"Alicante/Alacant","province":"ALICANTE","postalCode":"03013","schedule":"L-V: 07:30-21:00; S: 08:00-15:00; D: 09:30-14:30","fuels":{"gasoline95":1.765,"diesel":1.799},"extra":{"saleType":"P","margin":"N","reportingType":"OM","ideess":"3673","idMunicipio":"152","idProvincia":"03","idCCAA":"10"}}},{"type":"Feature","geometry":{"type":"Point","coordinates":[-0.669611,38.600944]},"properties":{"id":"es-3675","source":"ES","brand":"REPSOL","address":"AVENIDA DE IBI, 46","municipality":"Castalla","province":"ALICANTE","postalCode":"03420","schedule":"L-D: 06:00-22:00","fuels":{"gasoline95":1.755,"gasoline98":1.925,"diesel":1.809,"dieselPremium":1.919},"extra":{"saleType":"P","margin":"N","reportingType":"OM","ideess":"3675","idMunicipio":"191","idProvincia":"03","idCCAA":"10"}}},{"type":"Feature","geometry":{"type":"Point","coordinates":[-0.421472,38.411889]},"properties":{"id":"es-3678","source":"ES","brand":"REPSOL","address":"AVENIDA MIGUEL HERNANDEZ, S/N","municipality":"Sant Joan d'Alacant","province":"ALICANTE","postalCode":"03550","schedule":"L-D: 24H","fuels":{"gasoline95":1.789,"gasoline98":1.889,"diesel":1.819,"dieselPremium":1.889,"adblue":1.599},"extra":{"saleType":"P","margin":"D","reportingType":"dm","ideess":"3678","idMunicipio":"261","idProvincia":"03","idCCAA":"10"}}},{"type":"Feature","geometry":{"type":"Point","coordinates":[-0.421306,38.412972]},"properties":{"id":"es-3679","source":"ES","brand":"REPSOL","address":"AVENIDA MIGUEL HERNANDEZ, S/N","municipality":"Sant Joan d'Alacant","province":"ALICANTE","postalCode":"03550","schedule":"L-D: 24H","fuels":{"gasoline95":1.789,"diesel":1.819,"dieselPremium":1.889,"adblue":1.599},"extra":{"saleType":"P","margin":"I","reportingType":"dm","ideess":"3679","idMunicipio":"261","idProvincia":"03","idCCAA":"10"}}},{"type":"Feature","geometry":{"type":"Point","coordinates":[-0.447417,38.38625]},"properties":{"id":"es-3680","source":"ES","brand":"REPSOL","address":"CARRETERA 112,6 KM. N-332","municipality":"Alicante/Alacant","province":"ALICANTE","postalCode":"03559","schedule":"L-D: 06:30-22:30","fuels":{"gasoline95":1.765,"gasoline98":1.885,"diesel":1.799,"dieselPremium":1.859},"extra":{"saleType":"P","margin":"D","reportingType":"OM","ideess":"3680","idMunicipio":"152","idProvincia":"03","idCCAA":"10"}}},{"type":"Feature","geometry":{"type":"Point","coordinates":[-0.63725,38.434417]},"properties":{"id":"es-3683","source":"ES","brand":"REPSOL","address":"CARRETERA SAN VICENTE - AGOST KM. 11","municipality":"Agost","province":"ALICANTE","postalCode":"03698","schedule":"L-D: 06:00-22:00","fuels":{"gasoline95":1.759,"diesel":1.779,"dieselB":1.459,"dieselRenewable":1.869,"adblue":0.92},"extra":{"saleType":"P","margin":"N","reportingType":"dm","ideess":"3683","idMunicipio":"140","idProvincia":"03","idCCAA":"10"}}},{"type":"Feature","geometry":{"type":"Point","coordinates":[-0.523167,38.344944]},"properties":{"id":"es-3684","source":"ES","brand":"PETRONOR","address":"CARRETERA N-330 KM. 409","municipality":"Alicante/Alacant","province":"ALICANTE","postalCode":"03006","schedule":"L-D: 06:30-21:00","fuels":{"gasoline95":1.755,"gasoline98":1.925,"diesel":1.805,"dieselPremium":1.915},"extra":{"saleType":"P","margin":"I","reportingType":"OM","ideess":"3684","idMunicipio":"152","idProvincia":"03","idCCAA":"10"}}},{"type":"Feature","geometry":{"type":"Point","coordinates":[-0.698306,38.251028]},"properties":{"id":"es-3685","source":"ES","brand":"REPSOL","address":"CARRETERA CV-8500 KM. 3,6","municipality":"Elche/Elx","province":"ALICANTE","postalCode":"03290","schedule":"L-J: 00:00-02:00 y 06:00-23:59; V-S: 00:00-23:59; D: 00:00-02:00 y 06:00-23:59","fuels":{"gasoline95":1.735,"gasoline95Premium":1.805,"gasoline98":1.855,"diesel":1.809,"dieselPremium":1.869,"lpg":1.055},"extra":{"saleType":"P","margin":"I","reportingType":"OM","ideess":"3685","idMunicipio":"203","idProvincia":"03","idCCAA":"10"}}},{"type":"Feature","geometry":{"type":"Point","coordinates":[-0.856694,38.629667]},"properties":{"id":"es-3687","source":"ES","brand":"REPSOL","address":"AVENIDA ALICANTE, 18","municipality":"Villena","province":"ALICANTE","postalCode":"03400","schedule":"L-D: 06:00-22:00","fuels":{"gasoline95":1.749,"gasoline95Premium":1.829,"gasoline98":1.919,"diesel":1.825,"dieselRenewable":1.945},"extra":{"saleType":"P","margin":"N","reportingType":"OM","ideess":"3687","idMunicipio":"279","idProvincia":"03","idCCAA":"10"}}},{"type":"Feature","geometry":{"type":"Point","coordinates":[-0.508861,38.376194]},"properties":{"id":"es-3690","source":"ES","brand":"REPSOL","address":"AVENIDA DE LA UNIVERSIDAD, SN","municipality":"Alicante/Alacant","province":"ALICANTE","postalCode":"03009","schedule":"L-D: 24H","fuels":{"gasoline95":1.755,"gasoline98":1.875,"diesel":1.809,"dieselRenewable":1.929,"lpg":1.055},"extra":{"saleType":"P","margin":"D","reportingType":"OM","ideess":"3690","idMunicipio":"152","idProvincia":"03","idCCAA":"10"}}},{"type":"Feature","geometry":{"type":"Point","coordinates":[-0.678278,38.257917]},"properties":{"id":"es-3691","source":"ES","brand":"REPSOL","address":"CAMINO CAMINO VIEJO ELCHE/SANTA-POLA KM 0,200, 72","municipality":"Elche/Elx","province":"ALICANTE","postalCode":"03290","schedule":"L-D: 06:00-22:00","fuels":{"gasoline95":1.739,"gasoline98":1.849,"diesel":1.785,"dieselRenewable":1.849,"adblue":0.92},"extra":{"saleType":"P","margin":"N","reportingType":"dm","ideess":"3691","idMunicipio":"203","idProvincia":"03","idCCAA":"10"}}},{"type":"Feature","geometry":{"type":"Point","coordinates":[-0.854056,38.175028]},"properties":{"id":"es-3692","source":"ES","brand":"REPSOL","address":"CARRETERA CATRAL-ALBATERA KM. 4,2","municipality":"Albatera","province":"ALICANTE","postalCode":"03340","schedule":"L-D: 24H","fuels":{"gasoline95":1.745,"gasoline98":1.915,"diesel":1.795,"dieselB":1.725,"dieselRenewable":1.915,"lpg":1.055,"cng":1.454,"lng":1.439},"extra":{"saleType":"P","margin":"I","reportingType":"OM","ideess":"3692","idMunicipio":"143","idProvincia":"03","idCCAA":"10"}}},{"type":"Feature","geometry":{"type":"Point","coordinates":[-0.659111,38.095639]},"properties":{"id":"es-3694","source":"ES","brand":"REPSOL","address":"CL MADRID, 20-24","municipality":"Guardamar del Segura","province":"ALICANTE","postalCode":"03140","schedule":"L-D: 07:00-23:00","fuels":{"gasoline95":1.779,"gasoline98":1.899,"diesel":1.815,"dieselRenewable":1.935,"lpg":1.095},"extra":{"saleType":"P","margin":"D","reportingType":"OM","ideess":"3694","idMunicipio":"214","idProvincia":"03","idCCAA":"10"}}},{"type":"Feature","geometry":{"type":"Point","coordinates":[-0.93175,38.106222]},"properties":{"id":"es-3696","source":"ES","brand":"REPSOL","address":"CARRETERA N-340 KM. 688,6","municipality":"Orihuela","province":"ALICANTE","postalCode":"03300","schedule":"L-D: 06:00-22:00","fuels":{"gasoline95":1.755,"gasoline98":1.925,"diesel":1.805,"dieselPremium":1.865,"lpg":1.095},"extra":{"saleType":"P","margin":"I","reportingType":"OM","ideess":"3696","idMunicipio":"235","idProvincia":"03","idCCAA":"10"}}},{"type":"Feature","geometry":{"type":"Point","coordinates":[-0.172889,38.538722]},"properties":{"id":"es-3697","source":"ES","brand":"REPSOL","address":"AVENIDA FEDERICO GARCIA LORCA, 21","municipality":"Finestrat","province":"ALICANTE","postalCode":"03509","schedule":"L-D: 06:00-22:00","fuels":{"gasoline95":1.765,"gasoline98":1.885,"diesel":1.809,"dieselRenewable":1.929},"extra":{"saleType":"P","margin":"D","reportingType":"OM","ideess":"3697","idMunicipio":"207","idProvincia":"03","idCCAA":"10"}}},{"type":"Feature","geometry":{"type":"Point","coordinates":[-0.810722,38.535]},"properties":{"id":"es-3699","source":"ES","brand":"REPSOL","address":"PASAJE DE LAS SUERTES, S.N.","municipality":"Sax","province":"ALICANTE","postalCode":"03630","schedule":"L-D: 06:00-22:00","fuels":{"gasoline95":1.759,"gasoline98":1.929,"diesel":1.825,"dieselPremium":1.885},"extra":{"saleType":"P","margin":"D","reportingType":"OM","ideess":"3699","idMunicipio":"263","idProvincia":"03","idCCAA":"10"}}},{"type":"Feature","geometry":{"type":"Point","coordinates":[-0.812639,38.193028]},"properties":{"id":"es-3700","source":"ES","brand":"REPSOL","address":"AUTOVIA A-37 KM. 728,2","municipality":"Crevillent","province":"ALICANTE","postalCode":"03330","schedule":"L-D: 00:00-23:59","fuels":{"gasoline95":1.745,"gasoline98":1.915,"diesel":1.799,"dieselPremium":1.909},"extra":{"saleType":"P","margin":"D","reportingType":"OM","ideess":"3700","idMunicipio":"198","idProvincia":"03","idCCAA":"10"}}},{"type":"Feature","geometry":{"type":"Point","coordinates":[-0.812333,38.196472]},"properties":{"id":"es-3701","source":"ES","brand":"REPSOL","address":"AUTOVIA A-37 KM. 728","municipality":"Crevillent","province":"ALICANTE","postalCode":"03330","schedule":"L-D: 24H","fuels":{"gasoline95":1.755,"gasoline98":1.875,"diesel":1.799,"dieselPremium":1.909,"lpg":1.055},"extra":{"saleType":"P","margin":"I","reportingType":"OM","ideess":"3701","idMunicipio":"198","idProvincia":"03","idCCAA":"10"}}},{"type":"Feature","geometry":{"type":"Point","coordinates":[-0.734333,38.258694]},"properties":{"id":"es-3709","source":"ES","brand":"BALLENOIL","address":"CARRETERA N-340A KM. 716,3","municipality":"Elche/Elx","province":"ALICANTE","postalCode":"03205","schedule":"L-D: 24H","fuels":{"gasoline95":1.675,"gasoline95Premium":1.695,"diesel":1.649,"dieselPremium":1.669},"extra":{"saleType":"P","margin":"I","reportingType":"OM","ideess":"3709","idMunicipio":"203","idProvincia":"03","idCCAA":"10"}}},{"type":"Feature","geometry":{"type":"Point","coordinates":[-0.755694,38.38825]},"properties":{"id":"es-3710","source":"ES","brand":"BP","address":"AVENIDA RIO VINALOPO, 1","municipality":"Novelda","province":"ALICANTE","postalCode":"03660","schedule":"L-D: 06:00-23:00","fuels":{"gasoline95":1.749,"gasoline98":1.889,"diesel":1.775,"dieselPremium":1.865},"extra":{"saleType":"P","margin":"N","reportingType":"dm","ideess":"3710","idMunicipio":"230","idProvincia":"03","idCCAA":"10"}}},{"type":"Feature","geometry":{"type":"Point","coordinates":[-0.898861,38.143889]},"properties":{"id":"es-3711","source":"ES","brand":"BP COX","address":"PASEO PRINCIPE DE ASTURIAS, S/N","municipality":"Cox","province":"ALICANTE","postalCode":"03350","schedule":"L-D: 06:00-22:00","fuels":{"gasoline95":1.749,"gasoline98":1.889,"diesel":1.791,"dieselPremium":1.879,"adblue":0.9},"extra":{"saleType":"P","margin":"N","reportingType":"dm","ideess":"3711","idMunicipio":"197","idProvincia":"03","idCCAA":"10"}}},{"type":"Feature","geometry":{"type":"Point","coordinates":[-0.054917,38.593222]},"properties":{"id":"es-3712","source":"ES","brand":"GALP","address":"Carrer De La Mar, 157","municipality":"Altea","province":"ALICANTE","postalCode":"03590","schedule":"L-D: 07:00-23:00","fuels":{"gasoline95":1.759,"gasoline98":1.909,"diesel":1.759,"dieselPremium":1.849},"extra":{"saleType":"P","margin":"N","reportingType":"dm","ideess":"3712","idMunicipio":"156","idProvincia":"03","idCCAA":"10"}}},{"type":"Feature","geometry":{"type":"Point","coordinates":[-0.477972,38.695083]},"properties":{"id":"es-3713","source":"ES","brand":"GASOLINERA ALCOY","address":"Alicante, 1 - P.I. Beniata","municipality":"Alcoy/Alcoi","province":"ALICANTE","postalCode":"03800","schedule":"L-D: 24H","fuels":{"gasoline95":1.659,"diesel":1.679},"extra":{"saleType":"P","margin":"N","reportingType":"OM","ideess":"3713","idMunicipio":"147","idProvincia":"03","idCCAA":"10"}}},{"type":"Feature","geometry":{"type":"Point","coordinates":[-0.463167,38.715167]},"properties":{"id":"es-3714","source":"ES","brand":"GALP","address":"AVENIDA AVENIDA DE ALICANTE, 104","municipality":"Cocentaina","province":"ALICANTE","postalCode":"03820","schedule":"L-D: 24H","fuels":{"gasoline95":1.629,"diesel":1.689},"extra":{"saleType":"P","margin":"D","reportingType":"OM","ideess":"3714","idMunicipio":"195","idProvincia":"03","idCCAA":"10"}}},{"type":"Feature","geometry":{"type":"Point","coordinates":[-0.463639,38.715472]},"properties":{"id":"es-3715","source":"ES","brand":"GALP","address":"AVENIDA DE ALICANTE, 87","municipality":"Cocentaina","province":"ALICANTE","postalCode":"03820","schedule":"L-D: 06:00-22:00","fuels":{"gasoline95":1.699,"gasoline98":1.839,"diesel":1.759,"dieselPremium":1.809},"extra":{"saleType":"P","margin":"I","reportingType":"OM","ideess":"3715","idMunicipio":"195","idProvincia":"03","idCCAA":"10"}}},{"type":"Feature","geometry":{"type":"Point","coordinates":[-0.16225,38.533639]},"properties":{"id":"es-3716","source":"ES","brand":"BP CALA BENIDORM","address":"AVENIDA VILLAJOYOSA LA, 34","municipality":"Benidorm","province":"ALICANTE","postalCode":"03501","schedule":"L-D: 07:00-23:00","fuels":{"gasoline95":1.785,"gasoline98":1.925,"diesel":1.809,"dieselPremium":1.899},"extra":{"saleType":"P","margin":"N","reportingType":"OM","ideess":"3716","idMunicipio":"168","idProvincia":"03","idCCAA":"10"}}},{"type":"Feature","geometry":{"type":"Point","coordinates":[-0.207083,38.534694]},"properties":{"id":"es-3717","source":"ES","brand":"MOEVE","address":"AUTOPISTA AP-7 (MRG.IZDO.) KM. 655,4","municipality":"Villajoyosa/Vila Joiosa (la)","province":"ALICANTE","postalCode":"03570","schedule":"L-D: 24H","fuels":{"gasoline95":1.769,"gasoline95Premium":1.859,"diesel":1.821,"dieselPremium":1.901,"lpg":1.186},"extra":{"saleType":"P","margin":"I","reportingType":"OM","ideess":"3717","idMunicipio":"278","idProvincia":"03","idCCAA":"10"}}},{"type":"Feature","geometry":{"type":"Point","coordinates":[-0.812833,38.450306]},"properties":{"id":"es-3719","source":"ES","brand":"V2 GASOLINERAS","address":"CARRETERA CTRA.ELDA-MONOVAR KM 13 KM. 13","municipality":"Elda","province":"ALICANTE","postalCode":"03600","schedule":"L-D: 06:00-22:00","fuels":{"gasoline95":1.529,"diesel":1.629},"extra":{"saleType":"P","margin":"N","reportingType":"dm","ideess":"3719","idMunicipio":"204","idProvincia":"03","idCCAA":"10"}}},{"type":"Feature","geometry":{"type":"Point","coordinates":[-0.78875,38.115139]},"properties":{"id":"es-3721","source":"ES","brand":"BP","address":"AVENIDA PRINCIPE DE ESPAÑA, 10","municipality":"Almoradí","province":"ALICANTE","postalCode":"03160","schedule":"L-V: 06:00-22:00; S-D: 07:00-22:00","fuels":{"gasoline95":1.739,"gasoline98":1.879,"diesel":1.759,"dieselPremium":1.849},"extra":{"saleType":"P","margin":"D","reportingType":"dm","ideess":"3721","idMunicipio":"153","idProvincia":"03","idCCAA":"10"}}},{"type":"Feature","geometry":{"type":"Point","coordinates":[-0.719639,38.278972]},"properties":{"id":"es-3726","source":"ES","brand":"MORA","address":"CALLE ALMANSA, 62","municipality":"Elche/Elx","province":"ALICANTE","postalCode":"03291","schedule":"L-J: 06:00-23:00; V-S: 06:00-23:59; D: 06:30-23:00","fuels":{"gasoline95":1.738,"gasoline98":1.917,"diesel":1.778,"dieselPremium":1.838},"extra":{"saleType":"P","margin":"N","reportingType":"dm","ideess":"3726","idMunicipio":"203","idProvincia":"03","idCCAA":"10"}}},{"type":"Feature","geometry":{"type":"Point","coordinates":[-0.520556,38.34525]},"properties":{"id":"es-3727","source":"ES","brand":"GALP","address":"N-330-P.K. 409,1 P.I. El Espartal","municipality":"Alicante/Alacant","province":"ALICANTE","postalCode":"03007","schedule":"L-V: 06:00-22:00; S: 06:00-14:00","fuels":{"gasoline95":1.729,"gasoline98":1.879,"diesel":1.769,"dieselPremium":1.859},"extra":{"saleType":"P","margin":"N","reportingType":"dm","ideess":"3727","idMunicipio":"152","idProvincia":"03","idCCAA":"10"}}},{"type":"Feature","geometry":{"type":"Point","coordinates":[-0.471306,38.683389]},"properties":{"id":"es-3728","source":"ES","brand":"GALP","address":"N-340 km 131,000","municipality":"Alcoy/Alcoi","province":"ALICANTE","postalCode":"03800","schedule":"L-D: 06:00-22:00","fuels":{"gasoline95":1.689,"gasoline98":1.849,"diesel":1.779,"dieselPremium":1.829,"adblue":0.799},"extra":{"saleType":"P","margin":"N","reportingType":"OM","ideess":"3728","idMunicipio":"147","idProvincia":"03","idCCAA":"10"}}},{"type":"Feature","geometry":{"type":"Point","coordinates":[-0.5135,38.330583]},"properties":{"id":"es-3729","source":"ES","brand":"GALP","address":"AVENIDA RAMÓN GÓMEZ SEMPERE, 4","municipality":"Alicante/Alacant","province":"ALICANTE","postalCode":"03008","schedule":"L-D: 06:00-22:00","fuels":{"gasoline95":1.729,"gasoline98":1.879,"diesel":1.769,"dieselPremium":1.859},"extra":{"saleType":"P","margin":"N","reportingType":"dm","ideess":"3729","idMunicipio":"152","idProvincia":"03","idCCAA":"10"}}},{"type":"Feature","geometry":{"type":"Point","coordinates":[-0.512833,38.335694]},"properties":{"id":"es-3731","source":"ES","brand":"TAMOIL","address":"CALLE ARTES GRAFICAS, 89","municipality":"Alicante/Alacant","province":"ALICANTE","postalCode":"03008","schedule":"L-D: 24H","fuels":{"gasoline95":1.639,"gasoline98":1.739,"diesel":1.739,"biodiesel":1.699,"adblue":0.899},"extra":{"saleType":"P","margin":"N","reportingType":"OM","ideess":"3731","idMunicipio":"152","idProvincia":"03","idCCAA":"10"}}},{"type":"Feature","geometry":{"type":"Point","coordinates":[-0.728778,38.063056]},"properties":{"id":"es-3732","source":"ES","brand":"GALP","address":"Avda. de las Naciones, S/N","municipality":"Rojales","province":"ALICANTE","postalCode":"03170","schedule":"L-D: 06:00-22:00","fuels":{"gasoline95":1.599,"gasoline98":1.739,"diesel":1.669,"dieselPremium":1.719},"extra":{"saleType":"P","margin":"N","reportingType":"OM","ideess":"3732","idMunicipio":"252","idProvincia":"03","idCCAA":"10"}}},{"type":"Feature","geometry":{"type":"Point","coordinates":[-0.082972,38.567722]},"properties":{"id":"es-3733","source":"ES","brand":"GALP","address":"AP-1535 km 2,000","municipality":"Alfàs del Pi (l')","province":"ALICANTE","postalCode":"03581","schedule":"L-D: 06:00-22:00","fuels":{"gasoline95":1.699,"gasoline98":1.849,"diesel":1.669,"dieselPremium":1.719},"extra":{"saleType":"P","margin":"N","reportingType":"OM","ideess":"3733","idMunicipio":"149","idProvincia":"03","idCCAA":"10"}}},{"type":"Feature","geometry":{"type":"Point","coordinates":[-0.129556,38.603028]},"properties":{"id":"es-3734","source":"ES","brand":"GALP","address":"P.I. La Nucia - Parcela 16","municipality":"Nucia (la)","province":"ALICANTE","postalCode":"03530","schedule":"L-D: 06:00-22:00","fuels":{"gasoline95":1.699,"gasoline98":1.879,"diesel":1.669,"dieselRenewable":1.719},"extra":{"saleType":"P","margin":"N","reportingType":"OM","ideess":"3734","idMunicipio":"231","idProvincia":"03","idCCAA":"10"}}},{"type":"Feature","geometry":{"type":"Point","coordinates":[-0.708806,38.261861]},"properties":{"id":"es-3742","source":"ES","brand":"MORA","address":"AVENIDA ANTONIO MACHADO, 51","municipality":"Elche/Elx","province":"ALICANTE","postalCode":"03204","schedule":"L-J: 06:30-23:00; V: 06:30-23:59; S: 07:00-23:59; D: 07:00-23:00","fuels":{"gasoline95":1.713,"gasoline98":1.853,"diesel":1.758,"dieselPremium":1.838},"extra":{"saleType":"P","margin":"N","reportingType":"dm","ideess":"3742","idMunicipio":"203","idProvincia":"03","idCCAA":"10"}}},{"type":"Feature","geometry":{"type":"Point","coordinates":[-0.20225,38.535972]},"properties":{"id":"es-3744","source":"ES","brand":"MOEVE","address":"AUTOPISTA AP-7 (MRG.DCHO.) KM. 655,4","municipality":"Villajoyosa/Vila Joiosa (la)","province":"ALICANTE","postalCode":"03570","schedule":"L-D: 24H","fuels":{"gasoline95":1.769,"gasoline95Premium":1.859,"diesel":1.821,"dieselPremium":1.901,"lpg":1.186},"extra":{"saleType":"P","margin":"D","reportingType":"OM","ideess":"3744","idMunicipio":"278","idProvincia":"03","idCCAA":"10"}}},{"type":"Feature","geometry":{"type":"Point","coordinates":[-0.71825,38.260389]},"properties":{"id":"es-3748","source":"ES","brand":"REPSOL","address":"AVENIDA CREVILLENTE, 5","municipality":"Elche/Elx","province":"ALICANTE","postalCode":"03205","schedule":"L-D: 06:00-22:00","fuels":{"gasoline95":1.735,"gasoline98":1.905,"diesel":1.805,"dieselPremium":1.915},"extra":{"saleType":"P","margin":"D","reportingType":"OM","ideess":"3748","idMunicipio":"203","idProvincia":"03","idCCAA":"10"}}},{"type":"Feature","geometry":{"type":"Point","coordinates":[-0.523139,38.337778]},"properties":{"id":"es-3749","source":"ES","brand":"GALP","address":"Rosa de los Vientos (esq. Camino Viejo de Elche)","municipality":"Alicante/Alacant","province":"ALICANTE","postalCode":"03007","schedule":"L-V: 06:00-22:00; S-D: 06:00-14:00","fuels":{"gasoline95":1.729,"gasoline98":1.879,"diesel":1.769,"dieselPremium":1.859},"extra":{"saleType":"P","margin":"N","reportingType":"dm","ideess":"3749","idMunicipio":"152","idProvincia":"03","idCCAA":"10"}}},{"type":"Feature","geometry":{"type":"Point","coordinates":[-0.661167,38.736056]},"properties":{"id":"es-3753","source":"ES","brand":"BP","address":"CARRETERA CV-81 KM. 19,5","municipality":"Bocairent","province":"VALENCIA / VALÈNCIA","postalCode":"46880","schedule":"L-V: 07:00-21:00; S: 08:00-15:00; D: 08:00-14:00","fuels":{"gasoline95":1.749,"diesel":1.789,"dieselPremium":1.879},"extra":{"saleType":"P","margin":"D","reportingType":"dm","ideess":"3753","idMunicipio":"7038","idProvincia":"46","idCCAA":"10"}}},{"type":"Feature","geometry":{"type":"Point","coordinates":[-0.58,38.885667]},"properties":{"id":"es-3759","source":"ES","brand":"LIBRE","address":"AUTOVIA VALENCIA/ ALCOY CV 40 KM. 14","municipality":"Aielo de Malferit","province":"VALENCIA / VALÈNCIA","postalCode":"46812","schedule":"L-S: 06:00-22:00","fuels":{"gasoline95":1.63,"diesel":1.69},"extra":{"saleType":"P","margin":"N","reportingType":"dm","ideess":"3759","idMunicipio":"6969","idProvincia":"46","idCCAA":"10"}}},{"type":"Feature","geometry":{"type":"Point","coordinates":[-0.576583,38.88525]},"properties":{"id":"es-3763","source":"ES","brand":"REPSOL","address":"CARRETERA V-40 KM. 14","municipality":"Olleria (l')","province":"VALENCIA / VALÈNCIA","postalCode":"46850","schedule":"L-D: 06:00-22:00","fuels":{"gasoline95":1.745,"gasoline98":1.915,"diesel":1.835,"dieselPremium":1.895},"extra":{"saleType":"P","margin":"I","reportingType":"OM","ideess":"3763","idMunicipio":"7141","idProvincia":"46","idCCAA":"10"}}},{"type":"Feature","geometry":{"type":"Point","coordinates":[-0.16925,38.970611]},"properties":{"id":"es-3773","source":"ES","brand":"CARREFOUR","address":"CARRETERA DE DAIMUZ S/N KM. ","municipality":"Gandia","province":"VALENCIA / VALÈNCIA","postalCode":"46700","schedule":"L-D: 24H","fuels":{"gasoline95":1.759,"gasoline98":1.939,"diesel":1.789,"dieselPremium":1.829},"extra":{"saleType":"P","margin":"N","reportingType":"dm","ideess":"3773","idMunicipio":"7091","idProvincia":"46","idCCAA":"10"}}},{"type":"Feature","geometry":{"type":"Point","coordinates":[-0.582028,38.829111]},"properties":{"id":"es-3783","source":"ES","brand":"FAMILY ENERGY, S.L","address":"AVENIDA TEXTIL DEL, 58","municipality":"Ontinyent","province":"VALENCIA / VALÈNCIA","postalCode":"46870","schedule":"L-D: 24H","fuels":{"gasoline95":1.489,"gasoline98":1.549,"diesel":1.539,"dieselPremium":1.599},"extra":{"saleType":"P","margin":"N","reportingType":"dm","ideess":"3783","idMunicipio":"7143","idProvincia":"46","idCCAA":"10"}}},{"type":"Feature","geometry":{"type":"Point","coordinates":[-0.588222,38.959]},"properties":{"id":"es-3784","source":"ES","brand":"REPSOL","address":"AVENIDA CORTES VALENCIANAS, S/N","municipality":"Canals","province":"VALENCIA / VALÈNCIA","postalCode":"46650","schedule":"L-V: 07:00-21:00; S: 08:00-21:00; D: 08:00-14:00 y 16:00-21:00","fuels":{"gasoline95":1.745,"gasoline98":1.915,"diesel":1.815,"dieselPremium":1.875},"extra":{"saleType":"P","margin":"D","reportingType":"OM","ideess":"3784","idMunicipio":"7047","idProvincia":"46","idCCAA":"10"}}},{"type":"Feature","geometry":{"type":"Point","coordinates":[-0.20875,38.889333]},"properties":{"id":"es-3792","source":"ES","brand":"E.S. VILLALONGA","address":"CARRETERA CR VL-1012 A GANDIA 1VL-1012 KM. 1 MARGEN I KM. 1","municipality":"Villalonga","province":"VALENCIA / VALÈNCIA","postalCode":"46720","schedule":"L-S: 06:00-22:00; D: 06:00-14:00","fuels":{"gasoline95":1.749,"gasoline98":1.849,"diesel":1.759,"dieselPremium":1.809,"dieselB":1.529},"extra":{"saleType":"P","margin":"I","reportingType":"dm","ideess":"3792","idMunicipio":"7220","idProvincia":"46","idCCAA":"10"}}},{"type":"Feature","geometry":{"type":"Point","coordinates":[-0.592528,38.974333]},"properties":{"id":"es-3798","source":"ES","brand":"REPSOL","address":"AVENIDA CASTILLA, 6","municipality":"Alcúdia de Crespins (l')","province":"VALENCIA / VALÈNCIA","postalCode":"46690","schedule":"L-D: 06:00-22:00","fuels":{"gasoline95":1.745,"gasoline98":1.915,"diesel":1.819,"dieselPremium":1.879,"dieselB":1.589},"extra":{"saleType":"P","margin":"D","reportingType":"OM","ideess":"3798","idMunicipio":"6985","idProvincia":"46","idCCAA":"10"}}},{"type":"Feature","geometry":{"type":"Point","coordinates":[-0.419972,38.90225]},"properties":{"id":"es-3802","source":"ES","brand":"CEPSA-MOEVE","address":"CARRETERA VV-1022 KM. 9,2","municipality":"Pobla del Duc (la)","province":"VALENCIA / VALÈNCIA","postalCode":"46840","schedule":"L-D: 24H","fuels":{"gasoline95":1.749,"diesel":1.749,"dieselPremium":1.819,"dieselB":1.489,"adblue":0.889},"extra":{"saleType":"P","margin":"I","reportingType":"dm","ideess":"3802","idMunicipio":"7158","idProvincia":"46","idCCAA":"10"}}},{"type":"Feature","geometry":{"type":"Point","coordinates":[-0.166778,38.995833]},"properties":{"id":"es-3806","source":"ES","brand":"REPSOL","address":"CR VP-1056, 7","municipality":"Gandia","province":"VALENCIA / VALÈNCIA","postalCode":"46730","schedule":"L-D: 06:00-22:00","fuels":{"gasoline95":1.785,"gasoline95Premium":1.855,"gasoline98":1.905,"diesel":1.845,"dieselPremium":1.905},"extra":{"saleType":"P","margin":"I","reportingType":"OM","ideess":"3806","idMunicipio":"7091","idProvincia":"46","idCCAA":"10"}}},{"type":"Feature","geometry":{"type":"Point","coordinates":[-0.211583,38.934278]},"properties":{"id":"es-3807","source":"ES","brand":"REPSOL","address":"CARRETERA ALBAIDA KM. 3,1","municipality":"Palma de Gandía","province":"VALENCIA / VALÈNCIA","postalCode":"46724","schedule":"L-D: 06:00-22:00","fuels":{"gasoline95":1.779,"gasoline95Premium":1.849,"diesel":1.839,"dieselRenewable":1.959},"extra":{"saleType":"P","margin":"D","reportingType":"OM","ideess":"3807","idMunicipio":"7146","idProvincia":"46","idCCAA":"10"}}},{"type":"Feature","geometry":{"type":"Point","coordinates":[-0.662611,38.929444]},"properties":{"id":"es-3814","source":"ES","brand":"REPSOL","address":"CARRETERA N-430 KM. 630,8","municipality":"Montesa","province":"VALENCIA / VALÈNCIA","postalCode":"46692","schedule":"L-D: 24H","fuels":{"gasoline95":1.735,"gasoline98":1.905,"diesel":1.835,"dieselPremium":1.905,"dieselB":1.635},"extra":{"saleType":"P","margin":"D","reportingType":"OM","ideess":"3814","idMunicipio":"7132","idProvincia":"46","idCCAA":"10"}}},{"type":"Feature","geometry":{"type":"Point","coordinates":[-0.688111,38.900611]},"properties":{"id":"es-3827","source":"ES","brand":"PETRONOR","address":"CARRETERA ESTACION KM. S/N","municipality":"Vallada","province":"VALENCIA / VALÈNCIA","postalCode":"46691","schedule":"L-V: 06:30-20:30; S-D: 08:00-14:00","fuels":{"gasoline95":1.725,"gasoline95Premium":1.795,"diesel":1.819,"dieselPremium":1.879},"extra":{"saleType":"P","margin":"D","reportingType":"OM","ideess":"3827","idMunicipio":"7215","idProvincia":"46","idCCAA":"10"}}},{"type":"Feature","geometry":{"type":"Point","coordinates":[-0.605667,38.828]},"properties":{"id":"es-3842","source":"ES","brand":"REPSOL","address":"AVENIDA VALENCIA, 3","municipality":"Ontinyent","province":"VALENCIA / VALÈNCIA","postalCode":"46870","schedule":"L-D: 05:00-23:00","fuels":{"gasoline95":1.739,"gasoline98":1.909,"diesel":1.829,"dieselPremium":1.969},"extra":{"saleType":"P","margin":"I","reportingType":"dm","ideess":"3842","idMunicipio":"7143","idProvincia":"46","idCCAA":"10"}}},{"type":"Feature","geometry":{"type":"Point","coordinates":[-0.072722,38.895194]},"properties":{"id":"es-3843","source":"ES","brand":"REPSOL","address":"CARRETERA N-332 KM. 182,1","municipality":"Oliva","province":"VALENCIA / VALÈNCIA","postalCode":"46780","schedule":"L-D: 07:00-21:00","fuels":{"gasoline95":1.769,"gasoline98":1.909,"diesel":1.829,"dieselPremium":1.889},"extra":{"saleType":"P","margin":"D","reportingType":"OM","ideess":"3843","idMunicipio":"7140","idProvincia":"46","idCCAA":"10"}}},{"type":"Feature","geometry":{"type":"Point","coordinates":[-0.072694,38.895194]},"properties":{"id":"es-3844","source":"ES","brand":"REPSOL","address":"CARRETERA N-332 KM. 182,1","municipality":"Oliva","province":"VALENCIA / VALÈNCIA","postalCode":"46780","schedule":"L-D: 06:00-22:00","fuels":{"gasoline95":1.769,"gasoline98":1.909,"diesel":1.829,"dieselPremium":1.889,"lpg":1.059},"extra":{"saleType":"P","margin":"I","reportingType":"OM","ideess":"3844","idMunicipio":"7140","idProvincia":"46","idCCAA":"10"}}},{"type":"Feature","geometry":{"type":"Point","coordinates":[-0.269444,38.922667]},"properties":{"id":"es-3866","source":"ES","brand":"REPSOL","address":"AUTOVIA CV-60 KM. 29","municipality":"Almiserà","province":"VALENCIA / VALÈNCIA","postalCode":"46726","schedule":"L-S: 06:00-21:00; D: 07:00-21:00","fuels":{"gasoline95":1.785,"gasoline98":1.955,"diesel":1.839,"dieselPremium":1.909},"extra":{"saleType":"P","margin":"I","reportingType":"OM","ideess":"3866","idMunicipio":"6998","idProvincia":"46","idCCAA":"10"}}},{"type":"Feature","geometry":{"type":"Point","coordinates":[-0.189333,38.957556]},"properties":{"id":"es-3872","source":"ES","brand":"REPSOL","address":"AVINGUDA LA VALL D'ALBAIDA, 55","municipality":"Gandia","province":"VALENCIA / VALÈNCIA","postalCode":"46700","schedule":"L-D: 24H","fuels":{"gasoline95":1.779,"gasoline95Premium":1.849,"gasoline98":1.919,"diesel":1.839,"dieselRenewable":1.959,"lpg":1.089},"extra":{"saleType":"P","margin":"D","reportingType":"OM","ideess":"3872","idMunicipio":"7091","idProvincia":"46","idCCAA":"10"}}},{"type":"Feature","geometry":{"type":"Point","coordinates":[-0.605306,38.8185]},"properties":{"id":"es-3876","source":"ES","brand":"REPSOL","address":"AVENIDA GENERALITAT DE LA, 2","municipality":"Ontinyent","province":"VALENCIA / VALÈNCIA","postalCode":"46870","schedule":"L-D: 06:00-22:00","fuels":{"gasoline95":1.739,"gasoline98":1.909,"diesel":1.829,"dieselRenewable":1.949},"extra":{"saleType":"P","margin":"I","reportingType":"OM","ideess":"3876","idMunicipio":"7143","idProvincia":"46","idCCAA":"10"}}},{"type":"Feature","geometry":{"type":"Point","coordinates":[-0.588056,38.827194]},"properties":{"id":"es-3893","source":"ES","brand":"REPSOL","address":"AVENIDA TEXTIL, 42","municipality":"Ontinyent","province":"VALENCIA / VALÈNCIA","postalCode":"46870","schedule":"L-D: 06:00-22:00","fuels":{"gasoline95":1.739,"gasoline98":1.909,"diesel":1.829,"dieselPremium":1.969,"lpg":1.088,"adblue":0.988},"extra":{"saleType":"P","margin":"D","reportingType":"dm","ideess":"3893","idMunicipio":"7143","idProvincia":"46","idCCAA":"10"}}},{"type":"Feature","geometry":{"type":"Point","coordinates":[-0.173972,38.964167]},"properties":{"id":"es-3911","source":"ES","brand":"CEPSA","address":"CTRA. DE ALICANTE, 109 (N-332 km 221,6)","municipality":"Gandia","province":"VALENCIA / VALÈNCIA","postalCode":"46700","schedule":"L-D: 06:00-22:00","fuels":{"gasoline95":1.719,"gasoline98":1.834,"diesel":1.826,"dieselPremium":1.906},"extra":{"saleType":"P","margin":"I","reportingType":"dm","ideess":"3911","idMunicipio":"7091","idProvincia":"46","idCCAA":"10"}}},{"type":"Feature","geometry":{"type":"Point","coordinates":[-0.185583,38.983611]},"properties":{"id":"es-3927","source":"ES","brand":"CEPSA","address":"AVENIDA ALCODAR, SN","municipality":"Gandia","province":"VALENCIA / VALÈNCIA","postalCode":"46700","schedule":"L-D: 06:00-22:00","fuels":{"gasoline95":1.749,"gasoline98":1.874,"diesel":1.866,"dieselPremium":1.946,"dieselB":1.696,"adblue":0.947},"extra":{"saleType":"P","margin":"D","reportingType":"dm","ideess":"3927","idMunicipio":"7091","idProvincia":"46","idCCAA":"10"}}},{"type":"Feature","geometry":{"type":"Point","coordinates":[-0.184306,38.983056]},"properties":{"id":"es-3928","source":"ES","brand":"CEPSA","address":"CARRETERA N-332 KM. 224,3","municipality":"Gandia","province":"VALENCIA / VALÈNCIA","postalCode":"46700","schedule":"L-S: 07:30-14:30","fuels":{"gasoline95":1.749,"gasoline95Premium":1.839,"diesel":1.866,"dieselPremium":1.946,"dieselB":1.696},"extra":{"saleType":"P","margin":"I","reportingType":"dm","ideess":"3928","idMunicipio":"7091","idProvincia":"46","idCCAA":"10"}}},{"type":"Feature","geometry":{"type":"Point","coordinates":[-0.151194,38.938806]},"properties":{"id":"es-3932","source":"ES","brand":"REPSOL","address":"CR N-332 218","municipality":"Alquería de la Condesa/Alqueria de la Comtessa (l')","province":"VALENCIA / VALÈNCIA","postalCode":"46715","schedule":"L-V: 06:00-22:00; S: 08:00-20:00; D: 08:00-18:00","fuels":{"gasoline95":1.775,"gasoline98":1.945,"diesel":1.835,"dieselPremium":1.895},"extra":{"saleType":"P","margin":"D","reportingType":"OM","ideess":"3932","idMunicipio":"7002","idProvincia":"46","idCCAA":"10"}}},{"type":"Feature","geometry":{"type":"Point","coordinates":[-0.5955,38.825778]},"properties":{"id":"es-3950","source":"ES","brand":"BP GRUPO MAICAS PEIRO S.L.U.","address":"AVENIDA RAMON Y CAJAL, 88","municipality":"Ontinyent","province":"VALENCIA / VALÈNCIA","postalCode":"46870","schedule":"L-D: 06:00-22:00","fuels":{"gasoline95":1.759,"gasoline98":1.929,"diesel":1.789,"dieselPremium":1.899},"extra":{"saleType":"P","margin":"N","reportingType":"dm","ideess":"3950","idMunicipio":"7143","idProvincia":"46","idCCAA":"10"}}},{"type":"Feature","geometry":{"type":"Point","coordinates":[-0.754167,38.878611]},"properties":{"id":"es-3964","source":"ES","brand":"REPSOL","address":"CARRETERA N-430 KM. 625","municipality":"Mogente/Moixent","province":"VALENCIA / VALÈNCIA","postalCode":"46640","schedule":"L-D: 06:30-21:30","fuels":{"gasoline95":1.755,"gasoline98":1.925,"diesel":1.849,"dieselPremium":1.909,"dieselB":1.595},"extra":{"saleType":"P","margin":"D","reportingType":"OM","ideess":"3964","idMunicipio":"7129","idProvincia":"46","idCCAA":"10"}}},{"type":"Feature","geometry":{"type":"Point","coordinates":[-0.124667,38.922778]},"properties":{"id":"es-3967","source":"ES","brand":"GALP","address":"CARRETERA N-332 KM. 191","municipality":"Oliva","province":"VALENCIA / VALÈNCIA","postalCode":"46780","schedule":"L-D: 06:00-22:00","fuels":{"gasoline95":1.764,"diesel":1.824,"dieselPremium":1.874,"adblue":0.799},"extra":{"saleType":"P","margin":"D","reportingType":"OM","ideess":"3967","idMunicipio":"7140","idProvincia":"46","idCCAA":"10"}}},{"type":"Feature","geometry":{"type":"Point","coordinates":[-0.111806,38.913111]},"properties":{"id":"es-3968","source":"ES","brand":"GALP","address":"CARRETERA N-332 KM. 193","municipality":"Oliva","province":"VALENCIA / VALÈNCIA","postalCode":"46780","schedule":"L-D: 24H","fuels":{"gasoline95":1.764,"gasoline98":1.884,"diesel":1.824,"dieselPremium":1.874},"extra":{"saleType":"P","margin":"I","reportingType":"OM","ideess":"3968","idMunicipio":"7140","idProvincia":"46","idCCAA":"10"}}},{"type":"Feature","geometry":{"type":"Point","coordinates":[-0.183389,38.934083]},"properties":{"id":"es-3983","source":"ES","brand":"BENIARJO","address":"CARRETERA VP-1012 KM. 4,05","municipality":"Beniarjó","province":"VALENCIA / VALÈNCIA","postalCode":"46722","schedule":"L-S: 06:00-21:30","fuels":{"gasoline95":1.649,"gasoline98":1.848,"diesel":1.679,"dieselPremium":1.758},"extra":{"saleType":"P","margin":"N","reportingType":"dm","ideess":"3983","idMunicipio":"7020","idProvincia":"46","idCCAA":"10"}}},{"type":"Feature","geometry":{"type":"Point","coordinates":[-0.302778,38.909667]},"properties":{"id":"es-3994","source":"ES","brand":"BP","address":"AUTOVIA CV-60 KM. 25,5","municipality":"Llocnou de Sant Jeroni","province":"VALENCIA / VALÈNCIA","postalCode":"46726","schedule":"L-S: 06:00-21:00; D: 07:00-21:00","fuels":{"gasoline95":1.775,"gasoline98":1.959,"diesel":1.795,"dieselPremium":1.895},"extra":{"saleType":"P","margin":"D","reportingType":"dm","ideess":"3994","idMunicipio":"7110","idProvincia":"46","idCCAA":"10"}}},{"type":"Feature","geometry":{"type":"Point","coordinates":[-0.167611,38.919306]},"properties":{"id":"es-4006","source":"ES","brand":"GALP","address":"ZONA PARCELA 95, POLIGONO 2, SN","municipality":"Font d'En Carròs (la)","province":"VALENCIA / VALÈNCIA","postalCode":"46717","schedule":"L-D: 06:00-22:00","fuels":{"gasoline95":1.699,"gasoline98":1.819,"diesel":1.759,"dieselPremium":1.809,"adblue":0.799},"extra":{"saleType":"P","margin":"N","reportingType":"OM","ideess":"4006","idMunicipio":"7087","idProvincia":"46","idCCAA":"10"}}},{"type":"Feature","geometry":{"type":"Point","coordinates":[-0.687639,38.982]},"properties":{"id":"es-4023","source":"ES","brand":"REPSOL","address":"AVENIDA CONSTITUCION, 20","municipality":"Enguera","province":"VALENCIA / VALÈNCIA","postalCode":"46810","schedule":"L-D: 06:00-22:00","fuels":{"gasoline95":1.779,"diesel":1.839,"dieselB":1.399,"dieselRenewable":1.839},"extra":{"saleType":"P","margin":"D","reportingType":"dm","ideess":"4023","idMunicipio":"7079","idProvincia":"46","idCCAA":"10"}}},{"type":"Feature","geometry":{"type":"Point","coordinates":[-0.181667,38.971667]},"properties":{"id":"es-4046","source":"ES","brand":"REPSOL","address":"AVENIDA VALENCIA, 23","municipality":"Gandia","province":"VALENCIA / VALÈNCIA","postalCode":"46700","schedule":"L-S: 07:00-21:00; D: 07:00-14:00","fuels":{"gasoline95":1.785,"gasoline98":1.955,"diesel":1.839,"dieselPremium":1.899},"extra":{"saleType":"P","margin":"D","reportingType":"OM","ideess":"4046","idMunicipio":"7091","idProvincia":"46","idCCAA":"10"}}},{"type":"Feature","geometry":{"type":"Point","coordinates":[-0.157222,38.970556]},"properties":{"id":"es-4051","source":"ES","brand":"E.S. DAIMUS","address":"CARRETERA CALLE OLIVA KM. 2","municipality":"Daimús","province":"VALENCIA / VALÈNCIA","postalCode":"46710","schedule":"L-D: 06:00-22:00","fuels":{"gasoline95":1.749,"gasoline98":1.899,"diesel":1.749,"lpg":1.039,"adblue":0.799},"extra":{"saleType":"P","margin":"D","reportingType":"dm","ideess":"4051","idMunicipio":"7074","idProvincia":"46","idCCAA":"10"}}},{"type":"Feature","geometry":{"type":"Point","coordinates":[-0.376333,38.874139]},"properties":{"id":"es-4055","source":"ES","brand":"BP BENICADELL","address":"CL  CAÑI REAL 83","municipality":"Castelló de Rugat","province":"VALENCIA / VALÈNCIA","postalCode":"46841","schedule":"L-D: 06:00-22:00","fuels":{"gasoline95":1.795,"gasoline98":1.895,"diesel":1.795,"dieselPremium":1.895,"dieselB":1.399},"extra":{"saleType":"P","margin":"N","reportingType":"dm","ideess":"4055","idMunicipio":"7056","idProvincia":"46","idCCAA":"10"}}},{"type":"Feature","geometry":{"type":"Point","coordinates":[-0.404528,38.947778]},"properties":{"id":"es-4060","source":"ES","brand":"REPSOL","address":"CARRETERA C-322 AYORA-C-320 KM. 81,2","municipality":"Quatretonda","province":"VALENCIA / VALÈNCIA","postalCode":"46837","schedule":"L-S: 07:00-21:00; D: 08:00-21:00","fuels":{"gasoline95":1.725,"diesel":1.775,"dieselPremium":1.845,"dieselB":1.579},"extra":{"saleType":"P","margin":"D","reportingType":"OM","ideess":"4060","idMunicipio":"7168","idProvincia":"46","idCCAA":"10"}}},{"type":"Feature","geometry":{"type":"Point","coordinates":[-0.439556,38.952]},"properties":{"id":"es-4061","source":"ES","brand":"CAMPSA EXPRESS","address":"CARRETERA VP-1022 KM. 2,2","municipality":"Benigánim","province":"VALENCIA / VALÈNCIA","postalCode":"46830","schedule":"L-D: 24H","fuels":{"gasoline95":1.525,"gasoline98":1.665,"diesel":1.685,"dieselPremium":1.795},"extra":{"saleType":"P","margin":"I","reportingType":"OM","ideess":"4061","idMunicipio":"7028","idProvincia":"46","idCCAA":"10"}}},{"type":"Feature","geometry":{"type":"Point","coordinates":[-0.556944,38.915667]},"properties":{"id":"es-4062","source":"ES","brand":"REPSOL","address":"AVENIDA DIPUTACION, 2","municipality":"Olleria (l')","province":"VALENCIA / VALÈNCIA","postalCode":"46850","schedule":"L-D: 07:00-22:00","fuels":{"gasoline95":1.729,"gasoline98":1.899,"diesel":1.819,"dieselPremium":1.879},"extra":{"saleType":"P","margin":"D","reportingType":"OM","ideess":"4062","idMunicipio":"7141","idProvincia":"46","idCCAA":"10"}}},{"type":"Feature","geometry":{"type":"Point","coordinates":[-0.617083,38.820861]},"properties":{"id":"es-4066","source":"ES","brand":"REPSOL","address":"AVENIDA ALMANSA, 25","municipality":"Ontinyent","province":"VALENCIA / VALÈNCIA","postalCode":"46870","schedule":"L-D: 06:00-22:00","fuels":{"gasoline95":1.739,"gasoline98":1.909,"diesel":1.829,"dieselPremium":1.969,"dieselB":1.425},"extra":{"saleType":"P","margin":"D","reportingType":"dm","ideess":"4066","idMunicipio":"7143","idProvincia":"46","idCCAA":"10"}}},{"type":"Feature","geometry":{"type":"Point","coordinates":[-0.193139,38.953389]},"properties":{"id":"es-4068","source":"ES","brand":"BP","address":"CALLE TRAVESERA DE ALBAIDA, 14","municipality":"Real de Gandía","province":"VALENCIA / VALÈNCIA","postalCode":"46727","schedule":"L-D: 06:00-22:00","fuels":{"gasoline95":1.779,"gasoline98":1.889,"diesel":1.789,"dieselPremium":1.879,"adblue":0.97},"extra":{"saleType":"P","margin":"D","reportingType":"dm","ideess":"4068","idMunicipio":"7174","idProvincia":"46","idCCAA":"10"}}},{"type":"Feature","geometry":{"type":"Point","coordinates":[-0.578806,38.975861]},"properties":{"id":"es-4069","source":"ES","brand":"REPSOL","address":"CARRETERA VV-2041 KM. 0,80","municipality":"Canals","province":"VALENCIA / VALÈNCIA","postalCode":"46650","schedule":"L-V: 07:00-21:00; S: 08:00-21:00; D: 08:00-14:00 y 16:00-21:00","fuels":{"gasoline95":1.739,"gasoline95Premium":1.799,"diesel":1.819,"dieselPremium":1.879},"extra":{"saleType":"P","margin":"D","reportingType":"OM","ideess":"4069","idMunicipio":"7047","idProvincia":"46","idCCAA":"10"}}},{"type":"Feature","geometry":{"type":"Point","coordinates":[-0.202861,38.968389]},"properties":{"id":"es-4085","source":"ES","brand":"REPSOL VARIANTE GANDIA","address":"CARRETERA N-332 KM. 224","municipality":"Gandia","province":"VALENCIA / VALÈNCIA","postalCode":"46700","schedule":"L-D: 06:00-22:00","fuels":{"gasoline95":1.785,"gasoline98":1.925,"diesel":1.845,"dieselPremium":1.905},"extra":{"saleType":"P","margin":"I","reportingType":"OM","ideess":"4085","idMunicipio":"7091","idProvincia":"46","idCCAA":"10"}}},{"type":"Feature","geometry":{"type":"Point","coordinates":[-0.165,38.949389]},"properties":{"id":"es-4118","source":"ES","brand":"REPSOL","address":"AVENIDA ALICANTE, 143","municipality":"Bellreguard","province":"VALENCIA / VALÈNCIA","postalCode":"46713","schedule":"L-V: 06:00-22:00; S-D: 07:00-22:00","fuels":{"gasoline95":1.775,"gasoline98":1.945,"diesel":1.835,"dieselPremium":1.895},"extra":{"saleType":"P","margin":"I","reportingType":"OM","ideess":"4118","idMunicipio":"7013","idProvincia":"46","idCCAA":"10"}}},{"type":"Feature","geometry":{"type":"Point","coordinates":[-0.177556,38.960667]},"properties":{"id":"es-4119","source":"ES","brand":"PLENERGY","address":"CALLE TETUAN, S/N","municipality":"Gandia","province":"VALENCIA / VALÈNCIA","postalCode":"46700","schedule":"L-D: 24H","fuels":{"gasoline95":1.629,"diesel":1.669},"extra":{"saleType":"P","margin":"D","reportingType":"dm","ideess":"4119","idMunicipio":"7091","idProvincia":"46","idCCAA":"10"}}},{"type":"Feature","geometry":{"type":"Point","coordinates":[-0.993889,38.033361]},"properties":{"id":"es-4183","source":"ES","brand":"PARA Y SIGUE","address":"CARRETERA F-17 KM. 1,660","municipality":"Beniel","province":"MURCIA","postalCode":"30130","schedule":"L-D: 06:30-22:00","fuels":{"gasoline95":1.689,"gasoline98":1.809,"diesel":1.765,"dieselPremium":1.839,"dieselB":1.499,"adblue":0.799},"extra":{"saleType":"P","margin":"I","reportingType":"dm","ideess":"4183","idMunicipio":"4565","idProvincia":"30","idCCAA":"14"}}},{"type":"Feature","geometry":{"type":"Point","coordinates":[-0.955833,38.756417]},"properties":{"id":"es-4820","source":"ES","brand":"REPSOL","address":"AUTOVIA A-31 KM. 167,50","municipality":"Caudete","province":"ALBACETE","postalCode":"02660","schedule":"L-D: 06:00-23:00","fuels":{"gasoline95":1.729,"gasoline98":1.899,"diesel":1.859,"dieselPremium":1.969,"dieselB":1.675},"extra":{"saleType":"P","margin":"I","reportingType":"OM","ideess":"4820","idMunicipio":"76","idProvincia":"02","idCCAA":"07"}}},{"type":"Feature","geometry":{"type":"Point","coordinates":[-0.943,38.727472]},"properties":{"id":"es-5142","source":"ES","brand":"BP PARGA I PETROL BAS BEL","address":"CR N-344 DIRC.VALENCIA, KM.  118.3","municipality":"Caudete","province":"ALBACETE","postalCode":"02660","schedule":"L-D: 06:00-22:00","fuels":{"gasoline95":1.729,"gasoline98":1.869,"diesel":1.839,"dieselPremium":1.939},"extra":{"saleType":"P","margin":"N","reportingType":"dm","ideess":"5142","idMunicipio":"76","idProvincia":"02","idCCAA":"07"}}},{"type":"Feature","geometry":{"type":"Point","coordinates":[-0.982111,38.708944]},"properties":{"id":"es-5323","source":"ES","brand":"GALP","address":"AVENIDA VALENCIA DE, 16","municipality":"Caudete","province":"ALBACETE","postalCode":"02660","schedule":"L-D: 06:00-22:00","fuels":{"gasoline95":1.749,"gasoline98":1.899,"diesel":1.769,"dieselPremium":1.859},"extra":{"saleType":"P","margin":"N","reportingType":"dm","ideess":"5323","idMunicipio":"76","idProvincia":"02","idCCAA":"07"}}},{"type":"Feature","geometry":{"type":"Point","coordinates":[-0.535333,38.40125]},"properties":{"id":"es-6994","source":"ES","brand":"GALP","address":"CARRETERA CARRETERA DE AGOST KM. 1,000","municipality":"San Vicente del Raspeig/Sant Vicent del Raspeig","province":"ALICANTE","postalCode":"03690","schedule":"L-D: 06:00-22:00","fuels":{"gasoline95":1.749,"gasoline98":1.899,"diesel":1.759,"dieselPremium":1.849},"extra":{"saleType":"P","margin":"N","reportingType":"dm","ideess":"6994","idMunicipio":"259","idProvincia":"03","idCCAA":"10"}}},{"type":"Feature","geometry":{"type":"Point","coordinates":[-0.723111,38.380861]},"properties":{"id":"es-7979","source":"ES","brand":"COOPERATIVA V. AGRICOLA MONFORTE DEL CID","address":"CAMINO CAMINO AZAGADOR, 2","municipality":"Monforte del Cid","province":"ALICANTE","postalCode":"03670","schedule":"L-D: 06:00-00:00","fuels":{"diesel":1.609,"dieselB":1.399},"extra":{"saleType":"P","margin":"N","reportingType":"dm","ideess":"7979","idMunicipio":"224","idProvincia":"03","idCCAA":"10"}}},{"type":"Feature","geometry":{"type":"Point","coordinates":[-0.603167,38.498222]},"properties":{"id":"es-7982","source":"ES","brand":"BP XIRAU","address":"A-7 km 17","municipality":"Tibi","province":"ALICANTE","postalCode":"03109","schedule":"L-D: 06:30-22:00","fuels":{"gasoline95":1.759,"gasoline98":1.899,"diesel":1.815,"dieselPremium":1.905},"extra":{"saleType":"P","margin":"D","reportingType":"OM","ideess":"7982","idMunicipio":"268","idProvincia":"03","idCCAA":"10"}}},{"type":"Feature","geometry":{"type":"Point","coordinates":[-0.445306,38.940389]},"properties":{"id":"es-8173","source":"ES","brand":"SAT BEATA INES","address":"AVENIDA ALBAIDA, S/N","municipality":"Benigánim","province":"VALENCIA / VALÈNCIA","postalCode":"46830","schedule":"L-D: 24H","fuels":{"gasoline95":1.607,"diesel":1.679},"extra":{"saleType":"P","margin":"N","reportingType":"dm","ideess":"8173","idMunicipio":"7028","idProvincia":"46","idCCAA":"10"}}},{"type":"Feature","geometry":{"type":"Point","coordinates":[-0.726389,38.113333]},"properties":{"id":"es-8299","source":"ES","brand":"GALP","address":"CARRETERA CV-859, DOLORES-SAN FULGENCIO KM. 4,5","municipality":"San Fulgencio","province":"ALICANTE","postalCode":"03177","schedule":"L-D: 06:30-21:30","fuels":{"gasoline95":1.749,"gasoline98":1.879,"diesel":1.819,"dieselPremium":1.889,"dieselB":1.729},"extra":{"saleType":"P","margin":"I","reportingType":"dm","ideess":"8299","idMunicipio":"256","idProvincia":"03","idCCAA":"10"}}},{"type":"Feature","geometry":{"type":"Point","coordinates":[-0.446667,38.37]},"properties":{"id":"es-8300","source":"ES","brand":"GALP","address":"VIAL CONEXION N-332 Y A-7, S/N","municipality":"Alicante/Alacant","province":"ALICANTE","postalCode":"03016","schedule":"L-D: 06:00-22:00","fuels":{"gasoline95":1.749,"gasoline98":1.899,"diesel":1.789,"dieselPremium":1.879},"extra":{"saleType":"P","margin":"N","reportingType":"dm","ideess":"8300","idMunicipio":"152","idProvincia":"03","idCCAA":"10"}}},{"type":"Feature","geometry":{"type":"Point","coordinates":[-0.60625,38.307972]},"properties":{"id":"es-8304","source":"ES","brand":"GALP","address":"Autovía del Mediterráneo (A-7) a Valencia","municipality":"Elche/Elx","province":"ALICANTE","postalCode":"03320","schedule":"L-D: 24H","fuels":{"gasoline95":1.754,"gasoline98":1.874,"diesel":1.804,"dieselPremium":1.894,"adblue":0.799},"extra":{"saleType":"P","margin":"D","reportingType":"OM","ideess":"8304","idMunicipio":"203","idProvincia":"03","idCCAA":"10"}}},{"type":"Feature","geometry":{"type":"Point","coordinates":[-0.605694,38.309528]},"properties":{"id":"es-8305","source":"ES","brand":"GALP","address":"Autovía del Mediterráneo (A-7) a Murcia","municipality":"Elche/Elx","province":"ALICANTE","postalCode":"03320","schedule":"L-D: 24H","fuels":{"gasoline95":1.754,"gasoline98":1.874,"diesel":1.804,"dieselPremium":1.894,"adblue":0.799},"extra":{"saleType":"P","margin":"I","reportingType":"OM","ideess":"8305","idMunicipio":"203","idProvincia":"03","idCCAA":"10"}}},{"type":"Feature","geometry":{"type":"Point","coordinates":[-0.614472,38.298056]},"properties":{"id":"es-8306","source":"ES","brand":"SHELL","address":"CALLE MIGUEL SERVET, 4","municipality":"Elche/Elx","province":"ALICANTE","postalCode":"03203","schedule":"L-V: 06:30-22:30; S: 06:30-20:30; D: 08:00-16:00","fuels":{"gasoline95":1.735,"gasoline98":1.905,"diesel":1.809,"dieselPremium":1.919},"extra":{"saleType":"P","margin":"N","reportingType":"dm","ideess":"8306","idMunicipio":"203","idProvincia":"03","idCCAA":"10"}}},{"type":"Feature","geometry":{"type":"Point","coordinates":[-0.797861,38.248694]},"properties":{"id":"es-8346","source":"ES","brand":"MOSCARDÓ","address":"P. DE ELCHE, Nº 29-31","municipality":"Crevillent","province":"ALICANTE","postalCode":"03330","schedule":"L-D: 24H","fuels":{"gasoline95":1.749,"gasoline98":1.899,"diesel":1.799,"dieselPremium":1.889,"adblue":0.91},"extra":{"saleType":"P","margin":"D","reportingType":"dm","ideess":"8346","idMunicipio":"198","idProvincia":"03","idCCAA":"10"}}},{"type":"Feature","geometry":{"type":"Point","coordinates":[-0.798056,38.249167]},"properties":{"id":"es-8347","source":"ES","brand":"MOSCARDÓ","address":"P. DE ELCHE, Nº 29-31","municipality":"Crevillent","province":"ALICANTE","postalCode":"03330","schedule":"L-V: 06:00-22:00; S: 06:00-14:00","fuels":{"gasoline95":1.749,"gasoline98":1.899,"diesel":1.799,"dieselPremium":1.889},"extra":{"saleType":"P","margin":"I","reportingType":"dm","ideess":"8347","idMunicipio":"198","idProvincia":"03","idCCAA":"10"}}},{"type":"Feature","geometry":{"type":"Point","coordinates":[-0.161917,38.989389]},"properties":{"id":"es-8365","source":"ES","brand":"MOSCARDÓ","address":" AVENIDA DEL GRAO, 164, ","municipality":"Gandia","province":"VALENCIA / VALÈNCIA","postalCode":"46730","schedule":"L-D: 06:00-22:00","fuels":{"gasoline95":1.789,"gasoline98":1.909,"diesel":1.839,"dieselPremium":1.929,"adblue":0.91},"extra":{"saleType":"P","margin":"D","reportingType":"dm","ideess":"8365","idMunicipio":"7091","idProvincia":"46","idCCAA":"10"}}},{"type":"Feature","geometry":{"type":"Point","coordinates":[-0.506833,38.374139]},"properties":{"id":"es-8379","source":"ES","brand":"SHELL","address":"AVENIDA UNIVERSIDAD, S/N","municipality":"Alicante/Alacant","province":"ALICANTE","postalCode":"03009","schedule":"L-D: 24H","fuels":{"gasoline95":1.709,"gasoline98":1.849,"diesel":1.764,"dieselPremium":1.844,"lpg":1.019},"extra":{"saleType":"P","margin":"N","reportingType":"OM","ideess":"8379","idMunicipio":"152","idProvincia":"03","idCCAA":"10"}}},{"type":"Feature","geometry":{"type":"Point","coordinates":[-0.890667,38.827139]},"properties":{"id":"es-8544","source":"ES","brand":"GALP","address":"AUTOVIA A35 KM. 11,000","municipality":"Font de la Figuera (la)","province":"VALENCIA / VALÈNCIA","postalCode":"46630","schedule":"L-D: 24H","fuels":{"gasoline95":1.699,"gasoline98":1.789,"diesel":1.799,"dieselPremium":1.889,"dieselB":1.679,"adblue":0.88},"extra":{"saleType":"P","margin":"D","reportingType":"dm","ideess":"8544","idMunicipio":"7086","idProvincia":"46","idCCAA":"10"}}},{"type":"Feature","geometry":{"type":"Point","coordinates":[-0.890583,38.827917]},"properties":{"id":"es-8545","source":"ES","brand":"GALP","address":"AUTOVIA A-35 KM. 11,000","municipality":"Font de la Figuera (la)","province":"VALENCIA / VALÈNCIA","postalCode":"46630","schedule":"L-D: 24H","fuels":{"gasoline95":1.699,"gasoline98":1.789,"diesel":1.799,"dieselPremium":1.889,"adblue":0.88},"extra":{"saleType":"P","margin":"I","reportingType":"dm","ideess":"8545","idMunicipio":"7086","idProvincia":"46","idCCAA":"10"}}},{"type":"Feature","geometry":{"type":"Point","coordinates":[-0.629028,38.954306]},"properties":{"id":"es-8548","source":"ES","brand":"SHELL","address":"A-35 km 39","municipality":"Montesa","province":"VALENCIA / VALÈNCIA","postalCode":"46692","schedule":"L-D: 07:00-23:00","fuels":{"gasoline95":1.669,"diesel":1.779,"dieselPremium":1.859,"adblue":1.25},"extra":{"saleType":"P","margin":"I","reportingType":"OM","ideess":"8548","idMunicipio":"7132","idProvincia":"46","idCCAA":"10"}}},{"type":"Feature","geometry":{"type":"Point","coordinates":[-0.530222,38.905778]},"properties":{"id":"es-9101","source":"ES","brand":"MAS DEL PI","address":"POLIGONO EL CARRASCOT, S/N","municipality":"Olleria (l')","province":"VALENCIA / VALÈNCIA","postalCode":"46850","schedule":"L-D: 24H","fuels":{"gasoline95":1.503,"dieselPremium":1.593,"adblue":0.75},"extra":{"saleType":"P","margin":"N","reportingType":"dm","ideess":"9101","idMunicipio":"7141","idProvincia":"46","idCCAA":"10"}}},{"type":"Feature","geometry":{"type":"Point","coordinates":[-0.983722,38.063444]},"properties":{"id":"es-9103","source":"ES","brand":"VEGARA","address":"CARRETERA BENIEL DESAM KM. 3,7","municipality":"Orihuela","province":"ALICANTE","postalCode":"03312","schedule":"L-V: 06:30-22:00; S-D: 07:00-22:00","fuels":{"gasoline95":1.738,"gasoline98":1.768,"diesel":1.758,"dieselPremium":1.788},"extra":{"saleType":"P","margin":"D","reportingType":"dm","ideess":"9103","idMunicipio":"235","idProvincia":"03","idCCAA":"10"}}},{"type":"Feature","geometry":{"type":"Point","coordinates":[-0.78775,38.467333]},"properties":{"id":"es-9117","source":"ES","brand":"SHELL","address":"AVENIDA MEDITERRANEO, 16","municipality":"Elda","province":"ALICANTE","postalCode":"03600","schedule":"L-D: 06:00-23:59","fuels":{"gasoline95":1.694,"gasoline98":1.834,"diesel":1.774,"dieselPremium":1.854},"extra":{"saleType":"P","margin":"N","reportingType":"OM","ideess":"9117","idMunicipio":"204","idProvincia":"03","idCCAA":"10"}}},{"type":"Feature","geometry":{"type":"Point","coordinates":[-0.776944,38.488889]},"properties":{"id":"es-9118","source":"ES","brand":"SHELL","address":"AVDA. DEL GUIRNEY, Nº 4","municipality":"Petrer","province":"ALICANTE","postalCode":"03610","schedule":"L-D: 24H","fuels":{"gasoline95":1.694,"gasoline98":1.834,"diesel":1.744,"dieselPremium":1.824,"lpg":1.019,"adblue":1.25},"extra":{"saleType":"P","margin":"N","reportingType":"OM","ideess":"9118","idMunicipio":"241","idProvincia":"03","idCCAA":"10"}}},{"type":"Feature","geometry":{"type":"Point","coordinates":[-0.517889,38.345583]},"properties":{"id":"es-9119","source":"ES","brand":"SHELL","address":"AVDA. ORIHUELA, S/N - ESQUINA VIA PARQUE","municipality":"Alicante/Alacant","province":"ALICANTE","postalCode":"03006","schedule":"L-D: 06:00-00:00","fuels":{"gasoline95":1.709,"gasoline98":1.849,"diesel":1.764,"dieselPremium":1.844,"lpg":1.019},"extra":{"saleType":"P","margin":"N","reportingType":"OM","ideess":"9119","idMunicipio":"152","idProvincia":"03","idCCAA":"10"}}},{"type":"Feature","geometry":{"type":"Point","coordinates":[-0.542833,38.909222]},"properties":{"id":"es-9124","source":"ES","brand":"LILA ENERGY","address":"CALLE RAVALET-CHAFLAN AV.DIPUTACION, ","municipality":"Olleria (l')","province":"VALENCIA / VALÈNCIA","postalCode":"46850","schedule":"L-D: 24H","fuels":{"gasoline95":1.539,"gasoline98":1.719,"diesel":1.599,"dieselPremium":1.619,"adblue":0.899},"extra":{"saleType":"P","margin":"N","reportingType":"dm","ideess":"9124","idMunicipio":"7141","idProvincia":"46","idCCAA":"10"}}},{"type":"Feature","geometry":{"type":"Point","coordinates":[-0.473194,38.987667]},"properties":{"id":"es-9150","source":"ES","brand":"GASOLWIN","address":"POLIGONO POLIGONO INDUSTRIAL, S/N","municipality":"Genovés","province":"VALENCIA / VALÈNCIA","postalCode":"46894","schedule":"L-D: 24H","fuels":{"gasoline95":1.599,"diesel":1.649,"dieselB":1.149,"adblue":0.749},"extra":{"saleType":"P","margin":"D","reportingType":"dm","ideess":"9150","idMunicipio":"7094","idProvincia":"46","idCCAA":"10"}}},{"type":"Feature","geometry":{"type":"Point","coordinates":[-0.555389,38.34825]},"properties":{"id":"es-9191","source":"ES","brand":"AVANZA ENERGY","address":"POLIGONO PLA VALLONGA CALLE 8, PARCELA 15","municipality":"Alicante/Alacant","province":"ALICANTE","postalCode":"03006","schedule":"L-V: 06:00-21:30; S: 07:00-15:00","fuels":{"gasoline95":1.758,"gasoline98":1.898,"diesel":1.784,"dieselPremium":1.899,"dieselB":1.798,"adblue":1.122},"extra":{"saleType":"P","margin":"D","reportingType":"dm","ideess":"9191","idMunicipio":"152","idProvincia":"03","idCCAA":"10"}}},{"type":"Feature","geometry":{"type":"Point","coordinates":[-0.93825,38.729028]},"properties":{"id":"es-9276","source":"ES","brand":"REPSOL","address":"CARRETERA N-330 KM. 68","municipality":"Villena","province":"ALICANTE","postalCode":"03400","schedule":"L-D: 06:00-02:00","fuels":{"gasoline95":1.779,"gasoline98":1.945,"diesel":1.859,"dieselPremium":1.965},"extra":{"saleType":"P","margin":"I","reportingType":"dm","ideess":"9276","idMunicipio":"279","idProvincia":"03","idCCAA":"10"}}},{"type":"Feature","geometry":{"type":"Point","coordinates":[-0.479611,38.688639]},"properties":{"id":"es-9298","source":"ES","brand":"REPSOL","address":"CALLE ALICANTE, 62","municipality":"Alcoy/Alcoi","province":"ALICANTE","postalCode":"03801","schedule":"L-D: 05:00-23:00","fuels":{"gasoline95":1.735,"gasoline98":1.905,"diesel":1.815,"dieselPremium":1.935},"extra":{"saleType":"P","margin":"D","reportingType":"dm","ideess":"9298","idMunicipio":"147","idProvincia":"03","idCCAA":"10"}}},{"type":"Feature","geometry":{"type":"Point","coordinates":[-0.516,38.338611]},"properties":{"id":"es-9302","source":"ES","brand":"MOEVE","address":"AVENIDA ALCALDE LORENZO CARBONELL, 71","municipality":"Alicante/Alacant","province":"ALICANTE","postalCode":"03007","schedule":"L-D: 06:00-22:00","fuels":{"gasoline95":1.774,"gasoline95Premium":1.834,"diesel":1.821,"dieselPremium":1.901},"extra":{"saleType":"P","margin":"I","reportingType":"OM","ideess":"9302","idMunicipio":"152","idProvincia":"03","idCCAA":"10"}}},{"type":"Feature","geometry":{"type":"Point","coordinates":[-0.659222,38.045]},"properties":{"id":"es-9303","source":"ES","brand":"CEPSA","address":"CARRETERA NACIONAL 332 KM. 65,968","municipality":"Guardamar del Segura","province":"ALICANTE","postalCode":"03140","schedule":"L-D: 06:00-22:00","fuels":{"gasoline95":1.749,"gasoline95Premium":1.809,"diesel":1.841,"dieselPremium":1.921},"extra":{"saleType":"P","margin":"I","reportingType":"OM","ideess":"9303","idMunicipio":"214","idProvincia":"03","idCCAA":"10"}}},{"type":"Feature","geometry":{"type":"Point","coordinates":[-0.721944,38.282778]},"properties":{"id":"es-9392","source":"ES","brand":"MORA","address":"AVENIDA NOVELDA, 188","municipality":"Elche/Elx","province":"ALICANTE","postalCode":"03206","schedule":"L-V: 06:00-21:00","fuels":{"gasoline95":1.738,"gasoline98":1.917,"diesel":1.778,"dieselPremium":1.838},"extra":{"saleType":"P","margin":"D","reportingType":"dm","ideess":"9392","idMunicipio":"203","idProvincia":"03","idCCAA":"10"}}},{"type":"Feature","geometry":{"type":"Point","coordinates":[-0.954556,38.119528]},"properties":{"id":"es-9433","source":"ES","brand":"CEPSA","address":"CARRETERA AV-4141 KM. 0,9","municipality":"Orihuela","province":"ALICANTE","postalCode":"03300","schedule":"L-D: 24H","fuels":{"gasoline95":1.799,"gasoline98":1.859,"diesel":1.829,"dieselPremium":1.899},"extra":{"saleType":"P","margin":"D","reportingType":"dm","ideess":"9433","idMunicipio":"235","idProvincia":"03","idCCAA":"10"}}},{"type":"Feature","geometry":{"type":"Point","coordinates":[-0.952417,38.090444]},"properties":{"id":"es-9435","source":"ES","brand":"CEPSA","address":"CALLE CAPUCHINOS, S/N","municipality":"Orihuela","province":"ALICANTE","postalCode":"03300","schedule":"L-V: 07:00-19:00; S: 08:00-13:00","fuels":{"gasoline95":1.799,"gasoline98":1.879,"diesel":1.829,"dieselPremium":1.899},"extra":{"saleType":"P","margin":"N","reportingType":"dm","ideess":"9435","idMunicipio":"235","idProvincia":"03","idCCAA":"10"}}},{"type":"Feature","geometry":{"type":"Point","coordinates":[-0.565444,38.4115]},"properties":{"id":"es-9455","source":"ES","brand":"REPSOL","address":"CARRETERA CV 820 KM. 1,3","municipality":"Alicante/Alacant","province":"ALICANTE","postalCode":"03699","schedule":"L-D: 06:00-22:00","fuels":{"gasoline95":1.759,"gasoline98":1.859,"diesel":1.789,"dieselPremium":1.839,"adblue":1.599},"extra":{"saleType":"P","margin":"D","reportingType":"dm","ideess":"9455","idMunicipio":"152","idProvincia":"03","idCCAA":"10"}}},{"type":"Feature","geometry":{"type":"Point","coordinates":[-0.66225,38.429417]},"properties":{"id":"es-9478","source":"ES","brand":"CEPSA","address":"CARRETERA AGOST-NOVELDA KM 2 KM. 2","municipality":"Agost","province":"ALICANTE","postalCode":"03698","schedule":"L-D: 06:00-22:00","fuels":{"gasoline95":1.759,"gasoline98":1.799,"diesel":1.779,"dieselPremium":1.839,"dieselB":1.399},"extra":{"saleType":"P","margin":"I","reportingType":"dm","ideess":"9478","idMunicipio":"140","idProvincia":"03","idCCAA":"10"}}},{"type":"Feature","geometry":{"type":"Point","coordinates":[-0.796528,38.099361]},"properties":{"id":"es-9613","source":"ES","brand":"LAS MAROMAS","address":"AVENIDA COMUNIDAD EUROPEA, 1","municipality":"Almoradí","province":"ALICANTE","postalCode":"03160","schedule":"L-D: 06:30-22:30","fuels":{"gasoline95":1.579,"gasoline98":1.759,"diesel":1.689,"dieselPremium":1.759,"dieselB":1.529},"extra":{"saleType":"P","margin":"D","reportingType":"dm","ideess":"9613","idMunicipio":"153","idProvincia":"03","idCCAA":"10"}}},{"type":"Feature","geometry":{"type":"Point","coordinates":[-0.592472,38.29175]},"properties":{"id":"es-9649","source":"ES","brand":"REPSOL","address":"AVENIDA ILLICE, 22","municipality":"Elche/Elx","province":"ALICANTE","postalCode":"03320","schedule":"L-D: 24H","fuels":{"gasoline95":1.779,"gasoline98":1.989,"diesel":1.859,"dieselPremium":1.889,"dieselB":1.659},"extra":{"saleType":"P","margin":"N","reportingType":"dm","ideess":"9649","idMunicipio":"203","idProvincia":"03","idCCAA":"10"}}},{"type":"Feature","geometry":{"type":"Point","coordinates":[-0.399389,38.430639]},"properties":{"id":"es-9651","source":"ES","brand":"SHELL","address":"C/ SAN RAMON, 109","municipality":"Campello (el)","province":"ALICANTE","postalCode":"03560","schedule":"L-D: 06:00-22:00","fuels":{"gasoline95":1.719,"gasoline98":1.859,"diesel":1.739,"dieselPremium":1.809},"extra":{"saleType":"P","margin":"I","reportingType":"dm","ideess":"9651","idMunicipio":"188","idProvincia":"03","idCCAA":"10"}}},{"type":"Feature","geometry":{"type":"Point","coordinates":[-0.521528,38.996361]},"properties":{"id":"es-9672","source":"ES","brand":"PLENERGY","address":"CALLE VIA SERVICIO POLIGONO IND. F, 18","municipality":"Xàtiva","province":"VALENCIA / VALÈNCIA","postalCode":"46800","schedule":"L-D: 24H","fuels":{"gasoline95":1.515,"diesel":1.575},"extra":{"saleType":"P","margin":"D","reportingType":"dm","ideess":"9672","idMunicipio":"7225","idProvincia":"46","idCCAA":"10"}}},{"type":"Feature","geometry":{"type":"Point","coordinates":[-0.797083,38.104778]},"properties":{"id":"es-9717","source":"ES","brand":"REPSOL","address":"AVENIDA ORIHUELA, 17","municipality":"Almoradí","province":"ALICANTE","postalCode":"03160","schedule":"L-D: 06:00-00:00","fuels":{"gasoline95":1.769,"gasoline98":1.929,"diesel":1.819,"dieselPremium":1.919,"dieselB":1.599},"extra":{"saleType":"P","margin":"N","reportingType":"dm","ideess":"9717","idMunicipio":"153","idProvincia":"03","idCCAA":"10"}}},{"type":"Feature","geometry":{"type":"Point","coordinates":[-0.878889,38.090833]},"properties":{"id":"es-9801","source":"ES","brand":"CEPSA","address":"CARRETERA A-304 KM. 5,45","municipality":"Orihuela","province":"ALICANTE","postalCode":"03300","schedule":"L-V: 08:00-19:00","fuels":{"gasoline95":1.759,"gasoline98":1.839,"diesel":1.789,"dieselPremium":1.859},"extra":{"saleType":"P","margin":"D","reportingType":"dm","ideess":"9801","idMunicipio":"235","idProvincia":"03","idCCAA":"10"}}},{"type":"Feature","geometry":{"type":"Point","coordinates":[-0.536417,38.416833]},"properties":{"id":"es-9855","source":"ES","brand":"REPSOL","address":"CARRETERA DE CASTALLA km 13","municipality":"San Vicente del Raspeig/Sant Vicent del Raspeig","province":"ALICANTE","postalCode":"03690","schedule":"L-V: 07:00-21:00; S: 07:00-15:00; D: 08:00-15:00","fuels":{"gasoline95":1.755,"gasoline98":1.925,"diesel":1.809,"dieselRenewable":1.929},"extra":{"saleType":"P","margin":"D","reportingType":"OM","ideess":"9855","idMunicipio":"259","idProvincia":"03","idCCAA":"10"}}},{"type":"Feature","geometry":{"type":"Point","coordinates":[-0.505611,38.390528]},"properties":{"id":"es-9857","source":"ES","brand":"REPSOL","address":"CARRETERA VILLAFRANQUEZA-SAN VICENTE KM. 1,5","municipality":"San Vicente del Raspeig/Sant Vicent del Raspeig","province":"ALICANTE","postalCode":"03690","schedule":"L-S: 06:00-22:00; D: 08:00-15:00","fuels":{"gasoline95":1.749,"gasoline98":1.919,"diesel":1.785,"dieselPremium":1.845,"lpg":1.055},"extra":{"saleType":"P","margin":"D","reportingType":"OM","ideess":"9857","idMunicipio":"259","idProvincia":"03","idCCAA":"10"}}},{"type":"Feature","geometry":{"type":"Point","coordinates":[-0.864722,38.107]},"properties":{"id":"es-9860","source":"ES","brand":"REPSOL","address":"CARRETERA CV911 KM. 1,5","municipality":"Orihuela","province":"ALICANTE","postalCode":"03314","schedule":"L-V: 07:00-21:00; S-D: 08:00-18:00","fuels":{"gasoline95":1.735,"diesel":1.815,"dieselPremium":1.925},"extra":{"saleType":"P","margin":"D","reportingType":"OM","ideess":"9860","idMunicipio":"235","idProvincia":"03","idCCAA":"10"}}}]}