{"type":"FeatureCollection","features":[{"type":"Feature","geometry":{"type":"Point","coordinates":[-5.468083,37.930778]},"properties":{"id":"es-10016","source":"ES","brand":"REPSOL","address":"CTRA. SE-150 km 21.2","municipality":"Navas de la Concepción (Las)","province":"SEVILLA","postalCode":"41460","schedule":"L-S: 07:00-20:00; D: 09:00-14:00","fuels":{"gasoline95":1.829,"diesel":1.949,"dieselB":1.679},"extra":{"saleType":"P","margin":"I","reportingType":"dm","ideess":"10016","idMunicipio":"6123","idProvincia":"41","idCCAA":"01"}}},{"type":"Feature","geometry":{"type":"Point","coordinates":[-5.73525,37.4]},"properties":{"id":"es-10093","source":"ES","brand":"TALA FOODS","address":"CARRETERA TOCINA km 2","municipality":"Viso del Alcor (El)","province":"SEVILLA","postalCode":"41520","schedule":"L: 05:30-00:00","fuels":{"diesel":1.769,"dieselB":1.352},"extra":{"saleType":"P","margin":"I","reportingType":"dm","ideess":"10093","idMunicipio":"6159","idProvincia":"41","idCCAA":"01"}}},{"type":"Feature","geometry":{"type":"Point","coordinates":[-5.393194,37.781556]},"properties":{"id":"es-10115","source":"ES","brand":"CEPSA","address":"CTRA. CONSTANTINA ,S/N km 27,7","municipality":"Puebla de los Infantes (La)","province":"SEVILLA","postalCode":"41479","schedule":"L-D: 24H","fuels":{"diesel":1.733,"dieselB":1.266},"extra":{"saleType":"P","margin":"N","reportingType":"dm","ideess":"10115","idMunicipio":"6135","idProvincia":"41","idCCAA":"01"}}},{"type":"Feature","geometry":{"type":"Point","coordinates":[-5.644111,37.482583]},"properties":{"id":"es-10159","source":"ES","brand":"SAN TEODOMIRO","address":"CARRETERA SE-122 KM. 0,65","municipality":"Carmona","province":"SEVILLA","postalCode":"41410","schedule":"L-D: 06:00-22:00","fuels":{"gasoline95":1.689,"diesel":1.859,"dieselB":1.519,"adblue":0.899},"extra":{"saleType":"P","margin":"D","reportingType":"dm","ideess":"10159","idMunicipio":"6079","idProvincia":"41","idCCAA":"01"}}},{"type":"Feature","geometry":{"type":"Point","coordinates":[-5.92175,37.372722]},"properties":{"id":"es-10234","source":"ES","brand":"SHELL","address":"SE-021 km 2.250","municipality":"Alcalá de Guadaíra","province":"SEVILLA","postalCode":"41500","schedule":"L-D: 06:00-22:00","fuels":{"gasoline95":1.749,"gasoline98":1.889,"diesel":1.949,"dieselPremium":2.029,"lpg":0.999,"adblue":1.25},"extra":{"saleType":"P","margin":"I","reportingType":"OM","ideess":"10234","idMunicipio":"6058","idProvincia":"41","idCCAA":"01"}}},{"type":"Feature","geometry":{"type":"Point","coordinates":[-5.654,37.480806]},"properties":{"id":"es-10236","source":"ES","brand":"AGRICOLA CARMONENSE S.C.A.","address":"CARRETERA BRENES KM. 1,2","municipality":"Carmona","province":"SEVILLA","postalCode":"41410","schedule":"L-D: 24H","fuels":{"gasoline95":1.599,"diesel":1.749,"dieselB":1.399},"extra":{"saleType":"P","margin":"N","reportingType":"dm","ideess":"10236","idMunicipio":"6079","idProvincia":"41","idCCAA":"01"}}},{"type":"Feature","geometry":{"type":"Point","coordinates":[-5.950139,37.485083]},"properties":{"id":"es-10267","source":"ES","brand":"EASYGAS","address":"CARRERA SEVILLA-BRENES, 3,05","municipality":"Rinconada (La)","province":"SEVILLA","postalCode":"41300","schedule":"L-D: 06:00-22:00","fuels":{"gasoline95":1.599,"gasoline95Premium":1.599,"diesel":1.735,"dieselPremium":1.735},"extra":{"saleType":"P","margin":"I","reportingType":"dm","ideess":"10267","idMunicipio":"6138","idProvincia":"41","idCCAA":"01"}}},{"type":"Feature","geometry":{"type":"Point","coordinates":[-5.833694,37.617278]},"properties":{"id":"es-10314","source":"ES","brand":"E.S. LOS PAJARES-AGLA","address":"CARRETERA A-436 KM. 5,300","municipality":"Cantillana","province":"SEVILLA","postalCode":"41320","schedule":"L-D: 06:00-22:00","fuels":{"gasoline95":1.749,"diesel":1.899,"dieselPremium":1.899},"extra":{"saleType":"P","margin":"D","reportingType":"dm","ideess":"10314","idMunicipio":"6077","idProvincia":"41","idCCAA":"01"}}},{"type":"Feature","geometry":{"type":"Point","coordinates":[-5.740778,37.375889]},"properties":{"id":"es-10330","source":"ES","brand":"MAIRENA AGRICOLA,S.C.A","address":"CALLE CAMINO DE ALCONCHEL, 42","municipality":"Mairena del Alcor","province":"SEVILLA","postalCode":"41510","schedule":"L-V: 07:00-22:00; S: 08:00-15:00","fuels":{"diesel":1.699,"dieselB":1.399},"extra":{"saleType":"P","margin":"D","reportingType":"dm","ideess":"10330","idMunicipio":"6115","idProvincia":"41","idCCAA":"01"}}},{"type":"Feature","geometry":{"type":"Point","coordinates":[-5.895639,37.428111]},"properties":{"id":"es-10593","source":"ES","brand":"SHELL","address":"N-IV km 531.75","municipality":"Sevilla","province":"SEVILLA","postalCode":"41020","schedule":"L-D: 24H","fuels":{"gasoline95":1.739,"gasoline98":1.879,"diesel":1.919,"dieselPremium":1.999,"adblue":1.25},"extra":{"saleType":"P","margin":"I","reportingType":"OM","ideess":"10593","idMunicipio":"6148","idProvincia":"41","idCCAA":"01"}}},{"type":"Feature","geometry":{"type":"Point","coordinates":[-5.879972,37.370056]},"properties":{"id":"es-10615","source":"ES","brand":"SHELL","address":"A-92 SEVILLA-MALAGA km 5.900","municipality":"Alcalá de Guadaíra","province":"SEVILLA","postalCode":"41500","schedule":"L-D: 00:00-23:59","fuels":{"gasoline95":1.649,"diesel":1.779,"dieselPremium":1.879},"extra":{"saleType":"P","margin":"I","reportingType":"OM","ideess":"10615","idMunicipio":"6058","idProvincia":"41","idCCAA":"01"}}},{"type":"Feature","geometry":{"type":"Point","coordinates":[-5.099639,37.806111]},"properties":{"id":"es-10727","source":"ES","brand":"EL CARMEN","address":"AVENIDA ANDALUCIA, S/N","municipality":"Posadas","province":"CÓRDOBA","postalCode":"14730","schedule":"L-D: 06:00-23:00","fuels":{"gasoline95":1.699,"gasoline98":1.809,"diesel":1.819},"extra":{"saleType":"P","margin":"D","reportingType":"dm","ideess":"10727","idMunicipio":"2095","idProvincia":"14","idCCAA":"01"}}},{"type":"Feature","geometry":{"type":"Point","coordinates":[-5.795361,37.198194]},"properties":{"id":"es-10893","source":"ES","brand":"ASC CARBURANTES","address":"POLG. IND. EL TORNO , RONDA DE LOS TORNEROS 12","municipality":"Utrera","province":"SEVILLA","postalCode":"41710","schedule":"L-D: 24H","fuels":{"gasoline95":1.619,"diesel":1.719,"adblue":0.94},"extra":{"saleType":"P","margin":"D","reportingType":"dm","ideess":"10893","idMunicipio":"6152","idProvincia":"41","idCCAA":"01"}}},{"type":"Feature","geometry":{"type":"Point","coordinates":[-5.890278,37.376417]},"properties":{"id":"es-10897","source":"ES","brand":"BP","address":"CARRETERA SEVILLA MALAGA KM. 4","municipality":"Alcalá de Guadaíra","province":"SEVILLA","postalCode":"41500","schedule":"L-D: 24H","fuels":{"gasoline95":1.779,"gasoline98":1.92,"diesel":1.969,"dieselPremium":2.059,"adblue":1.0},"extra":{"saleType":"P","margin":"D","reportingType":"dm","ideess":"10897","idMunicipio":"6058","idProvincia":"41","idCCAA":"01"}}},{"type":"Feature","geometry":{"type":"Point","coordinates":[-5.533778,37.661611]},"properties":{"id":"es-10954","source":"ES","brand":"REPSOL","address":"CARRETERA LORA-CONSTANTINA KM. 72,659","municipality":"Lora del Río","province":"SEVILLA","postalCode":"41440","schedule":"L-D: 06:00-22:00","fuels":{"gasoline95":1.769,"diesel":1.949,"dieselB":1.699},"extra":{"saleType":"P","margin":"N","reportingType":"dm","ideess":"10954","idMunicipio":"6112","idProvincia":"41","idCCAA":"01"}}},{"type":"Feature","geometry":{"type":"Point","coordinates":[-5.792,37.193]},"properties":{"id":"es-11031","source":"ES","brand":"BP LA AURORA","address":"AVENIDA GENERAL GIRALDEZ Nº 16","municipality":"Utrera","province":"SEVILLA","postalCode":"41710","schedule":"L: 24H","fuels":{"gasoline95":1.775,"gasoline98":1.915,"diesel":1.959,"dieselPremium":2.046,"lpg":1.099,"adblue":0.999},"extra":{"saleType":"P","margin":"D","reportingType":"dm","ideess":"11031","idMunicipio":"6152","idProvincia":"41","idCCAA":"01"}}},{"type":"Feature","geometry":{"type":"Point","coordinates":[-5.933861,37.431528]},"properties":{"id":"es-11143","source":"ES","brand":"E.S. PARRAGA","address":"CTRA. DE BRENES, A-8008, KM. 1 VALDEZORRAS","municipality":"Sevilla","province":"SEVILLA","postalCode":"41015","schedule":"L: 06:00-23:00","fuels":{"gasoline95":1.659,"diesel":1.789},"extra":{"saleType":"P","margin":"I","reportingType":"dm","ideess":"11143","idMunicipio":"6148","idProvincia":"41","idCCAA":"01"}}},{"type":"Feature","geometry":{"type":"Point","coordinates":[-5.824556,37.041944]},"properties":{"id":"es-11147","source":"ES","brand":"E.S EL PALMAR","address":"CARRETERA N 394 KM. 36","municipality":"Utrera","province":"SEVILLA","postalCode":"41719","schedule":"L-V: 06:00-22:00; S: 07:00-20:00; D: 08:00-21:00","fuels":{"gasoline95":1.719,"diesel":1.909},"extra":{"saleType":"P","margin":"D","reportingType":"dm","ideess":"11147","idMunicipio":"6152","idProvincia":"41","idCCAA":"01"}}},{"type":"Feature","geometry":{"type":"Point","coordinates":[-5.800889,37.202639]},"properties":{"id":"es-11161","source":"ES","brand":"FAMILY ENERGY","address":"CARRETERA C.CIAL ALMAZARA PLAZA (CTRA. A376) KM. 2","municipality":"Utrera","province":"SEVILLA","postalCode":"41710","schedule":"L-S: 08:00-22:00","fuels":{"gasoline95":1.589,"gasoline98":1.699,"diesel":1.689,"dieselPremium":1.799},"extra":{"saleType":"P","margin":"N","reportingType":"dm","ideess":"11161","idMunicipio":"6152","idProvincia":"41","idCCAA":"01"}}},{"type":"Feature","geometry":{"type":"Point","coordinates":[-5.990528,37.279806]},"properties":{"id":"es-11176","source":"ES","brand":"SHELL","address":"CALLE AS, SN","municipality":"Dos Hermanas","province":"SEVILLA","postalCode":"41700","schedule":"L-V: 06:00-22:00; S: 08:00-15:00","fuels":{"gasoline95":1.689,"gasoline98":1.829,"diesel":1.879,"dieselPremium":1.959,"adblue":1.25},"extra":{"saleType":"P","margin":"D","reportingType":"OM","ideess":"11176","idMunicipio":"6094","idProvincia":"41","idCCAA":"01"}}},{"type":"Feature","geometry":{"type":"Point","coordinates":[-5.846472,37.352278]},"properties":{"id":"es-11241","source":"ES","brand":"ZACATÍN","address":"DISEMINADO CR SEVILLA-MALAGA, 9,600","municipality":"Alcalá de Guadaíra","province":"SEVILLA","postalCode":"41500","schedule":"L-D: 24H","fuels":{"gasoline95":1.644,"diesel":1.777,"dieselPremium":1.788,"lpg":0.965,"adblue":0.855},"extra":{"saleType":"P","margin":"D","reportingType":"dm","ideess":"11241","idMunicipio":"6058","idProvincia":"41","idCCAA":"01"}}},{"type":"Feature","geometry":{"type":"Point","coordinates":[-5.867,37.357361]},"properties":{"id":"es-11244","source":"ES","brand":"NOVAOIL","address":"AUTOPISTA A-92 KM. 7,700","municipality":"Alcalá de Guadaíra","province":"SEVILLA","postalCode":"41500","schedule":"L-D: 06:00-23:00","fuels":{"gasoline95":1.644,"diesel":1.777,"dieselPremium":1.788,"lpg":0.965,"adblue":0.855},"extra":{"saleType":"P","margin":"I","reportingType":"dm","ideess":"11244","idMunicipio":"6058","idProvincia":"41","idCCAA":"01"}}},{"type":"Feature","geometry":{"type":"Point","coordinates":[-5.889556,37.308889]},"properties":{"id":"es-11245","source":"ES","brand":"REPSOL","address":"CARRETERA SEVILLA-UTRERA KM. 8","municipality":"Alcalá de Guadaíra","province":"SEVILLA","postalCode":"41500","schedule":"L-D: 06:00-22:30","fuels":{"gasoline95":1.789,"diesel":1.975,"dieselPremium":2.085,"lpg":1.145},"extra":{"saleType":"P","margin":"D","reportingType":"OM","ideess":"11245","idMunicipio":"6058","idProvincia":"41","idCCAA":"01"}}},{"type":"Feature","geometry":{"type":"Point","coordinates":[-5.805278,37.576778]},"properties":{"id":"es-11268","source":"ES","brand":"LA ESTACION-AGLA","address":"CARRETERA A-8005 KM. 21,5","municipality":"Cantillana","province":"SEVILLA","postalCode":"41320","schedule":"L-D: 24H","fuels":{"gasoline95":1.749,"gasoline98":1.899,"diesel":1.899,"dieselPremium":1.899,"dieselB":1.499,"lpg":1.039,"adblue":0.925},"extra":{"saleType":"P","margin":"D","reportingType":"dm","ideess":"11268","idMunicipio":"6077","idProvincia":"41","idCCAA":"01"}}},{"type":"Feature","geometry":{"type":"Point","coordinates":[-5.247139,37.829778]},"properties":{"id":"es-11332","source":"ES","brand":"MOEVE","address":"CARRETERA CO-141 KM. 7,6","municipality":"Hornachuelos","province":"CÓRDOBA","postalCode":"14740","schedule":"L-D: 06:00-22:00","fuels":{"gasoline95":1.739,"diesel":1.949,"dieselPremium":1.999,"dieselB":1.649},"extra":{"saleType":"P","margin":"D","reportingType":"dm","ideess":"11332","idMunicipio":"2078","idProvincia":"14","idCCAA":"01"}}},{"type":"Feature","geometry":{"type":"Point","coordinates":[-5.155444,37.521972]},"properties":{"id":"es-11460","source":"ES","brand":"BQP FUEL","address":"CALLE DEHESA DE LAS YEGUAS, 4","municipality":"Écija","province":"SEVILLA","postalCode":"41409","schedule":"L-D: 06:00-22:00","fuels":{"gasoline95":1.679,"diesel":1.839,"adblue":0.9},"extra":{"saleType":"P","margin":"D","reportingType":"dm","ideess":"11460","idMunicipio":"6095","idProvincia":"41","idCCAA":"01"}}},{"type":"Feature","geometry":{"type":"Point","coordinates":[-5.732833,37.381194]},"properties":{"id":"es-11520","source":"ES","brand":"ENERPLUS","address":"CARRETERA A392 KM. 19,900","municipality":"Mairena del Alcor","province":"SEVILLA","postalCode":"41510","schedule":"L-D: 24H","fuels":{"gasoline95":1.629,"gasoline98":1.649,"diesel":1.769,"dieselPremium":1.799,"lpg":1.139,"adblue":0.89},"extra":{"saleType":"P","margin":"N","reportingType":"dm","ideess":"11520","idMunicipio":"6115","idProvincia":"41","idCCAA":"01"}}},{"type":"Feature","geometry":{"type":"Point","coordinates":[-5.608639,37.017917]},"properties":{"id":"es-11602","source":"ES","brand":"SOL","address":"CARRETERA A-375 KM. 24","municipality":"Coronil (El)","province":"SEVILLA","postalCode":"41760","schedule":"L-V: 06:00-22:00; S-D: 07:00-22:00","fuels":{"gasoline95":1.719,"diesel":1.909},"extra":{"saleType":"P","margin":"D","reportingType":"dm","ideess":"11602","idMunicipio":"6091","idProvincia":"41","idCCAA":"01"}}},{"type":"Feature","geometry":{"type":"Point","coordinates":[-5.082139,37.529361]},"properties":{"id":"es-11649","source":"ES","brand":"CARREFOUR","address":"PROLONGACIO/PROLONGACIÓN AVDA.  DEL  GENIL,  S/N, S/N","municipality":"Écija","province":"SEVILLA","postalCode":"41400","schedule":"L-D: 24H","fuels":{"gasoline95":1.699,"gasoline98":1.889,"diesel":1.909,"dieselPremium":1.949},"extra":{"saleType":"P","margin":"N","reportingType":"dm","ideess":"11649","idMunicipio":"6095","idProvincia":"41","idCCAA":"01"}}},{"type":"Feature","geometry":{"type":"Point","coordinates":[-5.262861,37.702028]},"properties":{"id":"es-11736","source":"ES","brand":"BP PALMA DEL RIO","address":"POLIGONO PI EL GARROTAL OESTE PARC.M2, SN","municipality":"Palma del Río","province":"CÓRDOBA","postalCode":"14700","schedule":"L-D: 06:00-22:00","fuels":{"gasoline95":1.719,"gasoline98":1.859,"diesel":1.909,"dieselPremium":1.999,"adblue":0.86},"extra":{"saleType":"P","margin":"D","reportingType":"dm","ideess":"11736","idMunicipio":"2091","idProvincia":"14","idCCAA":"01"}}},{"type":"Feature","geometry":{"type":"Point","coordinates":[-5.806556,37.353583]},"properties":{"id":"es-12139","source":"ES","brand":"PLENERGY","address":"CARRETERA A-398 KM. 2","municipality":"Alcalá de Guadaíra","province":"SEVILLA","postalCode":"41500","schedule":"L: 24H","fuels":{"gasoline95":1.629,"diesel":1.755},"extra":{"saleType":"P","margin":"D","reportingType":"dm","ideess":"12139","idMunicipio":"6058","idProvincia":"41","idCCAA":"01"}}},{"type":"Feature","geometry":{"type":"Point","coordinates":[-5.389972,37.788389]},"properties":{"id":"es-12181","source":"ES","brand":"AGLA","address":"CARRETERA SE-141 KM. 11,325","municipality":"Puebla de los Infantes (La)","province":"SEVILLA","postalCode":"41479","schedule":"L-S: 06:00-21:00; D: 08:00-21:00","fuels":{"gasoline95":1.769,"gasoline98":1.899,"diesel":1.949,"dieselB":1.659},"extra":{"saleType":"P","margin":"N","reportingType":"dm","ideess":"12181","idMunicipio":"6135","idProvincia":"41","idCCAA":"01"}}},{"type":"Feature","geometry":{"type":"Point","coordinates":[-5.934972,37.405139]},"properties":{"id":"es-12186","source":"ES","brand":"SHELL","address":"AVENIDA ALCALDE LUIS URUÑUELA, S/N","municipality":"Sevilla","province":"SEVILLA","postalCode":"41020","schedule":"L-D: 07:00-23:00","fuels":{"gasoline95":1.729,"gasoline98":1.869,"diesel":1.919,"dieselPremium":1.999,"lpg":0.999},"extra":{"saleType":"P","margin":"D","reportingType":"OM","ideess":"12186","idMunicipio":"6148","idProvincia":"41","idCCAA":"01"}}},{"type":"Feature","geometry":{"type":"Point","coordinates":[-5.976972,37.451444]},"properties":{"id":"es-12202","source":"ES","brand":"REPSOL","address":"CARRETERA A-8002 KM. 2","municipality":"Rinconada (La)","province":"SEVILLA","postalCode":"41300","schedule":"L-D: 06:00-22:00","fuels":{"gasoline95":1.749,"gasoline98":1.919,"diesel":1.959,"dieselPremium":2.069},"extra":{"saleType":"P","margin":"I","reportingType":"OM","ideess":"12202","idMunicipio":"6138","idProvincia":"41","idCCAA":"01"}}},{"type":"Feature","geometry":{"type":"Point","coordinates":[-5.934306,37.277194]},"properties":{"id":"es-12438","source":"ES","brand":"SHELL","address":"CARRETERA E-05/N-IV KM. 554,50","municipality":"Dos Hermanas","province":"SEVILLA","postalCode":"41700","schedule":"L-D: 05:30-23:30","fuels":{"gasoline95":1.759,"gasoline98":1.899,"diesel":1.949,"dieselPremium":2.029,"adblue":1.25},"extra":{"saleType":"P","margin":"D","reportingType":"OM","ideess":"12438","idMunicipio":"6094","idProvincia":"41","idCCAA":"01"}}},{"type":"Feature","geometry":{"type":"Point","coordinates":[-5.550167,37.251889]},"properties":{"id":"es-12535","source":"ES","brand":"BP ARAHAL","address":"CALLE VILLAMARTIN, S/N","municipality":"Arahal","province":"SEVILLA","postalCode":"41600","schedule":"L-D: 06:30-22:30","fuels":{"gasoline95":1.745,"gasoline98":1.885,"diesel":1.979,"dieselPremium":2.069},"extra":{"saleType":"P","margin":"N","reportingType":"OM","ideess":"12535","idMunicipio":"6065","idProvincia":"41","idCCAA":"01"}}},{"type":"Feature","geometry":{"type":"Point","coordinates":[-5.505083,37.288444]},"properties":{"id":"es-12614","source":"ES","brand":"AGLA","address":"POLIGONO LOS ALBEROS VIAL 1, 21","municipality":"Paradas","province":"SEVILLA","postalCode":"41610","schedule":"L-D: 24H","fuels":{"gasoline95":1.658,"diesel":1.838},"extra":{"saleType":"P","margin":"I","reportingType":"dm","ideess":"12614","idMunicipio":"6128","idProvincia":"41","idCCAA":"01"}}},{"type":"Feature","geometry":{"type":"Point","coordinates":[-5.998722,37.266778]},"properties":{"id":"es-12620","source":"ES","brand":"AGLA","address":"CALLE ANFORA, 5","municipality":"Dos Hermanas","province":"SEVILLA","postalCode":"41700","schedule":"L-V: 07:00-21:00; S: 08:00-14:00","fuels":{"gasoline95":1.699,"diesel":1.899,"adblue":1.039},"extra":{"saleType":"P","margin":"D","reportingType":"dm","ideess":"12620","idMunicipio":"6094","idProvincia":"41","idCCAA":"01"}}},{"type":"Feature","geometry":{"type":"Point","coordinates":[-5.937583,37.280972]},"properties":{"id":"es-12645","source":"ES","brand":"BALLENOIL","address":"CARRETERA E-05/N-IV KM. 553,800","municipality":"Dos Hermanas","province":"SEVILLA","postalCode":"41089","schedule":"L-D: 24H","fuels":{"gasoline95":1.629,"diesel":1.735},"extra":{"saleType":"P","margin":"D","reportingType":"OM","ideess":"12645","idMunicipio":"6094","idProvincia":"41","idCCAA":"01"}}},{"type":"Feature","geometry":{"type":"Point","coordinates":[-5.832222,37.347556]},"properties":{"id":"es-12682","source":"ES","brand":"PETROPRIX","address":"CARRETERA A-92 KM. 11","municipality":"Alcalá de Guadaíra","province":"SEVILLA","postalCode":"41500","schedule":"L-D: 24H","fuels":{"gasoline95":1.629,"diesel":1.755},"extra":{"saleType":"P","margin":"D","reportingType":"dm","ideess":"12682","idMunicipio":"6058","idProvincia":"41","idCCAA":"01"}}},{"type":"Feature","geometry":{"type":"Point","coordinates":[-5.938667,37.160972]},"properties":{"id":"es-12800","source":"ES","brand":"BALLENOIL","address":"CALLE PROGRESO, 1","municipality":"Palacios y Villafranca (Los)","province":"SEVILLA","postalCode":"41720","schedule":"L-D: 24H","fuels":{"gasoline95":1.569,"diesel":1.689},"extra":{"saleType":"P","margin":"D","reportingType":"OM","ideess":"12800","idMunicipio":"6126","idProvincia":"41","idCCAA":"01"}}},{"type":"Feature","geometry":{"type":"Point","coordinates":[-5.707528,37.403167]},"properties":{"id":"es-12898","source":"ES","brand":"BALLENOIL","address":"AVENIDA DEL COMERCIO, 77","municipality":"Viso del Alcor (El)","province":"SEVILLA","postalCode":"41520","schedule":"L-D: 24H","fuels":{"gasoline95":1.629,"diesel":1.769,"dieselPremium":1.789},"extra":{"saleType":"P","margin":"N","reportingType":"OM","ideess":"12898","idMunicipio":"6159","idProvincia":"41","idCCAA":"01"}}},{"type":"Feature","geometry":{"type":"Point","coordinates":[-5.925028,37.2985]},"properties":{"id":"es-12972","source":"ES","brand":"OCTANOS","address":"ROTONDA ADOLFO SUAREZ, 54","municipality":"Dos Hermanas","province":"SEVILLA","postalCode":"41700","schedule":"L-S: 06:00-00:00; D: 07:00-23:00","fuels":{"gasoline95":1.699,"gasoline98":1.869,"diesel":1.899,"dieselPremium":1.909,"adblue":0.999},"extra":{"saleType":"P","margin":"N","reportingType":"dm","ideess":"12972","idMunicipio":"6094","idProvincia":"41","idCCAA":"01"}}},{"type":"Feature","geometry":{"type":"Point","coordinates":[-5.656528,37.460611]},"properties":{"id":"es-13020","source":"ES","brand":"BALLENOIL","address":"POLIGONO DE BRENES CALLE H, 52","municipality":"Carmona","province":"SEVILLA","postalCode":"41410","schedule":"L-D: 24H","fuels":{"gasoline95":1.629,"diesel":1.769},"extra":{"saleType":"P","margin":"N","reportingType":"OM","ideess":"13020","idMunicipio":"6079","idProvincia":"41","idCCAA":"01"}}},{"type":"Feature","geometry":{"type":"Point","coordinates":[-5.408972,37.328139]},"properties":{"id":"es-13061","source":"ES","brand":"PETROBIKE","address":"TRAVESÍA SAN IGNACIO, 1","municipality":"Marchena","province":"SEVILLA","postalCode":"41620","schedule":"L-D: 24H","fuels":{"gasoline95":1.649,"diesel":1.829},"extra":{"saleType":"P","margin":"D","reportingType":"dm","ideess":"13061","idMunicipio":"6117","idProvincia":"41","idCCAA":"01"}}},{"type":"Feature","geometry":{"type":"Point","coordinates":[-5.350444,37.472333]},"properties":{"id":"es-13096","source":"ES","brand":"AGLA","address":"CALLE MAESTRO JUAN RUIZ, 1","municipality":"Fuentes de Andalucía","province":"SEVILLA","postalCode":"41420","schedule":"L-D: 24H","fuels":{"gasoline95":1.599,"diesel":1.794},"extra":{"saleType":"P","margin":"D","reportingType":"dm","ideess":"13096","idMunicipio":"6098","idProvincia":"41","idCCAA":"01"}}},{"type":"Feature","geometry":{"type":"Point","coordinates":[-5.950639,37.3895]},"properties":{"id":"es-13126","source":"ES","brand":"PETROAMARILLA","address":"AVENIDA PRENSA (LA), 30","municipality":"Sevilla","province":"SEVILLA","postalCode":"41007","schedule":"L-D: 24H","fuels":{"gasoline95":1.689,"diesel":1.809,"adblue":1.3},"extra":{"saleType":"P","margin":"D","reportingType":"dm","ideess":"13126","idMunicipio":"6148","idProvincia":"41","idCCAA":"01"}}},{"type":"Feature","geometry":{"type":"Point","coordinates":[-5.938111,37.166528]},"properties":{"id":"es-13171","source":"ES","brand":"COMBUSTIBLES Y LAVADO LOS PALACIOS","address":"BULEVAR SIGLO XXI, 71","municipality":"Palacios y Villafranca (Los)","province":"SEVILLA","postalCode":"41720","schedule":"L-D: 24H","fuels":{"gasoline95":1.717,"diesel":1.827},"extra":{"saleType":"P","margin":"D","reportingType":"dm","ideess":"13171","idMunicipio":"6126","idProvincia":"41","idCCAA":"01"}}},{"type":"Feature","geometry":{"type":"Point","coordinates":[-5.969,37.335389]},"properties":{"id":"es-13185","source":"ES","brand":"PLENERGY","address":"AVENIDA DE JEREZ, 27","municipality":"Sevilla","province":"SEVILLA","postalCode":"41014","schedule":"L-D: 24H","fuels":{"gasoline95":1.649,"diesel":1.735},"extra":{"saleType":"P","margin":"I","reportingType":"dm","ideess":"13185","idMunicipio":"6148","idProvincia":"41","idCCAA":"01"}}},{"type":"Feature","geometry":{"type":"Point","coordinates":[-5.94675,37.489972]},"properties":{"id":"es-13237","source":"ES","brand":"PLENERGY","address":"AVENIDA DE BOYEROS, 14","municipality":"Rinconada (La)","province":"SEVILLA","postalCode":"41300","schedule":"L-D: 24H","fuels":{"gasoline95":1.569,"diesel":1.719},"extra":{"saleType":"P","margin":"D","reportingType":"dm","ideess":"13237","idMunicipio":"6138","idProvincia":"41","idCCAA":"01"}}},{"type":"Feature","geometry":{"type":"Point","coordinates":[-5.933694,37.29]},"properties":{"id":"es-13248","source":"ES","brand":"PETROPRIX","address":"AVENIDA DE LA LIBERTAD, 7","municipality":"Dos Hermanas","province":"SEVILLA","postalCode":"41089","schedule":"L-D: 24H","fuels":{"gasoline95":1.629,"diesel":1.735},"extra":{"saleType":"P","margin":"D","reportingType":"dm","ideess":"13248","idMunicipio":"6094","idProvincia":"41","idCCAA":"01"}}},{"type":"Feature","geometry":{"type":"Point","coordinates":[-5.920278,37.374028]},"properties":{"id":"es-13249","source":"ES","brand":"PETROPRIX","address":"CALLE PARSI 7, 7","municipality":"Sevilla","province":"SEVILLA","postalCode":"41016","schedule":"L-D: 24H","fuels":{"gasoline95":1.629,"diesel":1.769},"extra":{"saleType":"P","margin":"D","reportingType":"dm","ideess":"13249","idMunicipio":"6148","idProvincia":"41","idCCAA":"01"}}},{"type":"Feature","geometry":{"type":"Point","coordinates":[-5.967028,37.327861]},"properties":{"id":"es-13251","source":"ES","brand":"PETROPRIX","address":"AVENIDA JEREZ, 43","municipality":"Sevilla","province":"SEVILLA","postalCode":"41014","schedule":"L-D: 24H","fuels":{"gasoline95":1.649,"diesel":1.735},"extra":{"saleType":"P","margin":"D","reportingType":"dm","ideess":"13251","idMunicipio":"6148","idProvincia":"41","idCCAA":"01"}}},{"type":"Feature","geometry":{"type":"Point","coordinates":[-5.946889,37.386917]},"properties":{"id":"es-13282","source":"ES","brand":"NATURGY","address":"AVENIDA ANDALUCIA, 11","municipality":"Sevilla","province":"SEVILLA","postalCode":"41007","schedule":"L-D: 24H","fuels":{"cng":1.646},"extra":{"saleType":"P","margin":"D","reportingType":"dm","ideess":"13282","idMunicipio":"6148","idProvincia":"41","idCCAA":"01"}}},{"type":"Feature","geometry":{"type":"Point","coordinates":[-5.920167,37.264111]},"properties":{"id":"es-13396","source":"ES","brand":"PETROPRIX","address":"AVENIDA ANDALUCIA, 183","municipality":"Dos Hermanas","province":"SEVILLA","postalCode":"41700","schedule":"L-D: 24H","fuels":{"gasoline95":1.629,"diesel":1.735},"extra":{"saleType":"P","margin":"N","reportingType":"dm","ideess":"13396","idMunicipio":"6094","idProvincia":"41","idCCAA":"01"}}},{"type":"Feature","geometry":{"type":"Point","coordinates":[-5.408611,37.321667]},"properties":{"id":"es-13398","source":"ES","brand":"AUTOLAVADOS","address":"CALLE CAMINO HONDO, 62","municipality":"Marchena","province":"SEVILLA","postalCode":"41620","schedule":"L-S: 06:00-22:00; D: 08:00-22:00","fuels":{"gasoline95":1.829,"diesel":1.849},"extra":{"saleType":"P","margin":"D","reportingType":"dm","ideess":"13398","idMunicipio":"6117","idProvincia":"41","idCCAA":"01"}}},{"type":"Feature","geometry":{"type":"Point","coordinates":[-5.967361,37.431972]},"properties":{"id":"es-13411","source":"ES","brand":"REPSOL","address":"CARRETERA SEVILLA- BRENES S/N PLAN API - DMN - 04 KM. S/N","municipality":"Sevilla","province":"SEVILLA","postalCode":"41015","schedule":"L-D: 24H","fuels":{"gasoline95":1.779,"gasoline98":1.919,"diesel":1.979,"dieselPremium":2.059,"adblue":1.379},"extra":{"saleType":"P","margin":"D","reportingType":"dm","ideess":"13411","idMunicipio":"6148","idProvincia":"41","idCCAA":"01"}}},{"type":"Feature","geometry":{"type":"Point","coordinates":[-5.647556,37.478917]},"properties":{"id":"es-13412","source":"ES","brand":"BURBUJAS","address":"CALLE ALABARDERO P.I.EL PILERO, S/N","municipality":"Carmona","province":"SEVILLA","postalCode":"41410","schedule":"L-D: 24H","fuels":{"gasoline95":1.769,"diesel":1.919},"extra":{"saleType":"P","margin":"D","reportingType":"dm","ideess":"13412","idMunicipio":"6079","idProvincia":"41","idCCAA":"01"}}},{"type":"Feature","geometry":{"type":"Point","coordinates":[-5.552722,37.247056]},"properties":{"id":"es-13433","source":"ES","brand":"BALLENOIL","address":"AVENIDA VIRGEN DE MONTEMAYOR, 15","municipality":"Arahal","province":"SEVILLA","postalCode":"41600","schedule":"L-D: 24H","fuels":{"gasoline95":1.609,"diesel":1.769},"extra":{"saleType":"P","margin":"D","reportingType":"OM","ideess":"13433","idMunicipio":"6065","idProvincia":"41","idCCAA":"01"}}},{"type":"Feature","geometry":{"type":"Point","coordinates":[-5.65875,37.462056]},"properties":{"id":"es-13448","source":"ES","brand":"SARAS ENERGIA","address":"POLIGONO POLIGONO INDUSTRIAL BRENES-CALLE D-PARCELA 19, 19","municipality":"Carmona","province":"SEVILLA","postalCode":"41410","schedule":"L-D: 06:00-22:00","fuels":{"gasoline95":1.689,"diesel":1.859},"extra":{"saleType":"P","margin":"N","reportingType":"dm","ideess":"13448","idMunicipio":"6079","idProvincia":"41","idCCAA":"01"}}},{"type":"Feature","geometry":{"type":"Point","coordinates":[-5.90575,37.287806]},"properties":{"id":"es-13457","source":"ES","brand":"AUTOFUEL EXPRESS","address":"CALLE TAJO, S/N","municipality":"Dos Hermanas","province":"SEVILLA","postalCode":"41700","schedule":"L-D: 24H","fuels":{"gasoline95":1.739,"diesel":1.859},"extra":{"saleType":"P","margin":"D","reportingType":"dm","ideess":"13457","idMunicipio":"6094","idProvincia":"41","idCCAA":"01"}}},{"type":"Feature","geometry":{"type":"Point","coordinates":[-5.975417,37.426833]},"properties":{"id":"es-13528","source":"ES","brand":"MOOVE","address":"CALLE ASTRONOMIA, 3","municipality":"Sevilla","province":"SEVILLA","postalCode":"41015","schedule":"L-D: 24H","fuels":{"gasoline95":1.569,"diesel":1.719},"extra":{"saleType":"P","margin":"N","reportingType":"dm","ideess":"13528","idMunicipio":"6148","idProvincia":"41","idCCAA":"01"}}},{"type":"Feature","geometry":{"type":"Point","coordinates":[-5.736167,37.379667]},"properties":{"id":"es-13540","source":"ES","brand":"GACOSUR MAIRENA","address":"CARRETERA A392 KM. 19,500","municipality":"Mairena del Alcor","province":"SEVILLA","postalCode":"41510","schedule":"L-D: 24H","fuels":{"gasoline95":1.629,"diesel":1.769},"extra":{"saleType":"P","margin":"N","reportingType":"dm","ideess":"13540","idMunicipio":"6115","idProvincia":"41","idCCAA":"01"}}},{"type":"Feature","geometry":{"type":"Point","coordinates":[-5.975028,37.417806]},"properties":{"id":"es-13556","source":"ES","brand":"CARREFOUR","address":"CALLE SIERRA PARQUE SIERRA CASTRIL, S/N","municipality":"Sevilla","province":"SEVILLA","postalCode":"41008","schedule":"L-D: 24H","fuels":{"gasoline95":1.709,"diesel":1.889,"dieselPremium":1.929},"extra":{"saleType":"P","margin":"N","reportingType":"dm","ideess":"13556","idMunicipio":"6148","idProvincia":"41","idCCAA":"01"}}},{"type":"Feature","geometry":{"type":"Point","coordinates":[-5.548361,37.651778]},"properties":{"id":"es-13601","source":"ES","brand":"LOW COST LA MOVIL","address":"POLIGONO POLIGONO INDUSTRIAL MATALLANA C/ CARRETERIA, 3","municipality":"Lora del Río","province":"SEVILLA","postalCode":"41440","schedule":"L-D: 24H","fuels":{"gasoline95":1.679,"diesel":1.799},"extra":{"saleType":"P","margin":"D","reportingType":"dm","ideess":"13601","idMunicipio":"6112","idProvincia":"41","idCCAA":"01"}}},{"type":"Feature","geometry":{"type":"Point","coordinates":[-5.941583,37.315611]},"properties":{"id":"es-13670","source":"ES","brand":"BP ENTRENUCLEOS","address":"AVENIDA DE LAS UNIVERSIDADES, S/N","municipality":"Dos Hermanas","province":"SEVILLA","postalCode":"41089","schedule":"L-D: 24H","fuels":{"gasoline95":1.769,"gasoline98":1.909,"diesel":1.965,"dieselPremium":2.055,"adblue":1.085},"extra":{"saleType":"P","margin":"N","reportingType":"OM","ideess":"13670","idMunicipio":"6094","idProvincia":"41","idCCAA":"01"}}},{"type":"Feature","geometry":{"type":"Point","coordinates":[-5.9785,37.427361]},"properties":{"id":"es-13672","source":"ES","brand":"BALLENOIL","address":"AVENIDA SAN JERONIMO, S/N","municipality":"Sevilla","province":"SEVILLA","postalCode":"41015","schedule":"L-D: 24H","fuels":{"gasoline95":1.609,"diesel":1.729},"extra":{"saleType":"P","margin":"D","reportingType":"OM","ideess":"13672","idMunicipio":"6148","idProvincia":"41","idCCAA":"01"}}},{"type":"Feature","geometry":{"type":"Point","coordinates":[-5.793389,37.193722]},"properties":{"id":"es-13746","source":"ES","brand":"PETROUYA","address":"CARRETERA UTRERA SEVILLA KM. 1","municipality":"Utrera","province":"SEVILLA","postalCode":"41710","schedule":"L-D: 24H","fuels":{"gasoline95":1.599,"diesel":1.699},"extra":{"saleType":"P","margin":"I","reportingType":"OM","ideess":"13746","idMunicipio":"6152","idProvincia":"41","idCCAA":"01"}}},{"type":"Feature","geometry":{"type":"Point","coordinates":[-5.945111,37.396444]},"properties":{"id":"es-13765","source":"ES","brand":"REPSOL","address":"PLAZA CARLOS FRANCO PINEDA, S/N","municipality":"Sevilla","province":"SEVILLA","postalCode":"41007","schedule":"L-D: 24H","fuels":{"gasoline95":1.719,"diesel":1.895},"extra":{"saleType":"P","margin":"N","reportingType":"dm","ideess":"13765","idMunicipio":"6148","idProvincia":"41","idCCAA":"01"}}},{"type":"Feature","geometry":{"type":"Point","coordinates":[-5.918972,37.376389]},"properties":{"id":"es-13770","source":"ES","brand":"GACOSUR PARSI","address":"CALLE PARSI 6, 42","municipality":"Sevilla","province":"SEVILLA","postalCode":"41016","schedule":"L-D: 24H","fuels":{"gasoline95":1.649,"diesel":1.789,"adblue":0.899},"extra":{"saleType":"P","margin":"D","reportingType":"dm","ideess":"13770","idMunicipio":"6148","idProvincia":"41","idCCAA":"01"}}},{"type":"Feature","geometry":{"type":"Point","coordinates":[-5.910139,37.162611]},"properties":{"id":"es-13779","source":"ES","brand":"BS ENERGY","address":"AVENIDA UTRERA, SN","municipality":"Palacios y Villafranca (Los)","province":"SEVILLA","postalCode":"41720","schedule":"L-D: 24H","fuels":{"gasoline95":1.729,"gasoline98":1.849,"diesel":1.839,"dieselPremium":1.889,"dieselB":1.579,"adblue":1.135},"extra":{"saleType":"P","margin":"D","reportingType":"dm","ideess":"13779","idMunicipio":"6126","idProvincia":"41","idCCAA":"01"}}},{"type":"Feature","geometry":{"type":"Point","coordinates":[-5.989333,37.293222]},"properties":{"id":"es-13798","source":"ES","brand":"OCTANOS","address":"CALLE RIO VIEJO ESQ.CTRA.EL COPERO.P.IND.CTRA. DE LA ISLA, S/N","municipality":"Dos Hermanas","province":"SEVILLA","postalCode":"41089","schedule":"L-V: 05:00-21:00; S: 06:00-14:00","fuels":{"gasoline95":1.669,"diesel":1.879,"adblue":0.989},"extra":{"saleType":"P","margin":"N","reportingType":"dm","ideess":"13798","idMunicipio":"6094","idProvincia":"41","idCCAA":"01"}}},{"type":"Feature","geometry":{"type":"Point","coordinates":[-5.779556,37.439222]},"properties":{"id":"es-13849","source":"ES","brand":"OPERADORA SEVILLANA","address":"CALLE MERCURIO, 22","municipality":"Carmona","province":"SEVILLA","postalCode":"41410","schedule":"L-D: 24H","fuels":{"gasoline95":1.649,"diesel":1.759},"extra":{"saleType":"P","margin":"N","reportingType":"dm","ideess":"13849","idMunicipio":"6079","idProvincia":"41","idCCAA":"01"}}},{"type":"Feature","geometry":{"type":"Point","coordinates":[-5.819389,37.615806]},"properties":{"id":"es-13862","source":"ES","brand":"BALLENOIL","address":"CALLE ALFAREROS, 11","municipality":"Cantillana","province":"SEVILLA","postalCode":"41320","schedule":"L-D: 24H","fuels":{"gasoline95":1.659,"diesel":1.789},"extra":{"saleType":"P","margin":"D","reportingType":"OM","ideess":"13862","idMunicipio":"6077","idProvincia":"41","idCCAA":"01"}}},{"type":"Feature","geometry":{"type":"Point","coordinates":[-5.113694,37.237944]},"properties":{"id":"es-13890","source":"ES","brand":"VOLAROIL","address":"CALLE SOR ANGELA DE LA CRUZ, 85","municipality":"Osuna","province":"SEVILLA","postalCode":"41640","schedule":"L-D: 24H","fuels":{"gasoline95":1.609,"diesel":1.719},"extra":{"saleType":"P","margin":"D","reportingType":"dm","ideess":"13890","idMunicipio":"6125","idProvincia":"41","idCCAA":"01"}}},{"type":"Feature","geometry":{"type":"Point","coordinates":[-5.957694,37.390389]},"properties":{"id":"es-13969","source":"ES","brand":"Q8 EASY","address":"AVENIDA DE LA PRENSA, 1","municipality":"Sevilla","province":"SEVILLA","postalCode":"41007","schedule":"L-D: 24H","fuels":{"gasoline95":1.699,"diesel":1.829,"dieselPremium":1.899,"adblue":0.999},"extra":{"saleType":"P","margin":"N","reportingType":"dm","ideess":"13969","idMunicipio":"6148","idProvincia":"41","idCCAA":"01"}}},{"type":"Feature","geometry":{"type":"Point","coordinates":[-5.880389,37.541944]},"properties":{"id":"es-14008","source":"ES","brand":"LOW COST LM EXPRESS","address":"CALLE JUNCAL (EL), 12","municipality":"Brenes","province":"SEVILLA","postalCode":"41310","schedule":"L-D: 24H","fuels":{"gasoline95":1.599,"diesel":1.789},"extra":{"saleType":"P","margin":"D","reportingType":"dm","ideess":"14008","idMunicipio":"6072","idProvincia":"41","idCCAA":"01"}}},{"type":"Feature","geometry":{"type":"Point","coordinates":[-5.971472,37.433528]},"properties":{"id":"es-14117","source":"ES","brand":"COSTCO","address":"CALLE GANIMEDES, 9","municipality":"Sevilla","province":"SEVILLA","postalCode":"41015","schedule":"L-S: 07:00-21:30; D: 10:00-21:30","fuels":{"gasoline95":1.694,"diesel":1.883},"extra":{"saleType":"P","margin":"N","reportingType":"dm","ideess":"14117","idMunicipio":"6148","idProvincia":"41","idCCAA":"01"}}},{"type":"Feature","geometry":{"type":"Point","coordinates":[-5.871333,37.600528]},"properties":{"id":"es-14238","source":"ES","brand":"GAS RUNNER ( Q8)","address":"CALLE JUAN DE LA CIERVA POL. IND. REGAJO HONDO, 13","municipality":"Villaverde del Río","province":"SEVILLA","postalCode":"41318","schedule":"L-D: 24H","fuels":{"gasoline95":1.72,"diesel":1.839},"extra":{"saleType":"P","margin":"D","reportingType":"dm","ideess":"14238","idMunicipio":"6158","idProvincia":"41","idCCAA":"01"}}},{"type":"Feature","geometry":{"type":"Point","coordinates":[-5.933833,37.487722]},"properties":{"id":"es-14255","source":"ES","brand":"BALLENOIL","address":"CALLE MIGUEL SERVET, 2","municipality":"Rinconada (La)","province":"SEVILLA","postalCode":"41300","schedule":"L-D: 24H","fuels":{"gasoline95":1.569,"diesel":1.719},"extra":{"saleType":"P","margin":"D","reportingType":"OM","ideess":"14255","idMunicipio":"6138","idProvincia":"41","idCCAA":"01"}}},{"type":"Feature","geometry":{"type":"Point","coordinates":[-5.737889,37.596639]},"properties":{"id":"es-14364","source":"ES","brand":"RED CAR OIL","address":"CALLE JOVELLANOS, 10","municipality":"Tocina","province":"SEVILLA","postalCode":"41340","schedule":"L-D: 24H","fuels":{"gasoline95":1.629,"diesel":1.759},"extra":{"saleType":"P","margin":"D","reportingType":"dm","ideess":"14364","idMunicipio":"6149","idProvincia":"41","idCCAA":"01"}}},{"type":"Feature","geometry":{"type":"Point","coordinates":[-5.95825,37.405444]},"properties":{"id":"es-14437","source":"ES","brand":"NUEVA CALONGE","address":"CALLE METALURGIA, S/N","municipality":"Sevilla","province":"SEVILLA","postalCode":"41007","schedule":"L-V: 06:00-21:00; S: 08:00-15:00","fuels":{"gasoline95":1.589,"gasoline98":1.749,"diesel":1.739,"dieselPremium":1.789,"adblue":0.95},"extra":{"saleType":"P","margin":"N","reportingType":"dm","ideess":"14437","idMunicipio":"6148","idProvincia":"41","idCCAA":"01"}}},{"type":"Feature","geometry":{"type":"Point","coordinates":[-5.355556,37.708472]},"properties":{"id":"es-14527","source":"ES","brand":"LA MOVIL GRUPO PUERTAS","address":"POLIGONO EL MAJUELO, 47","municipality":"Peñaflor","province":"SEVILLA","postalCode":"41470","schedule":"L-D: 06:00-22:00","fuels":{"gasoline95":1.699,"diesel":1.899,"dieselPremium":1.919,"dieselB":1.579},"extra":{"saleType":"P","margin":"N","reportingType":"dm","ideess":"14527","idMunicipio":"6131","idProvincia":"41","idCCAA":"01"}}},{"type":"Feature","geometry":{"type":"Point","coordinates":[-5.938722,37.39575]},"properties":{"id":"es-14534","source":"ES","brand":"APJ","address":"CALLE COJINETE, SN","municipality":"Sevilla","province":"SEVILLA","postalCode":"41020","schedule":"L-V: 07:00-21:00; S: 08:00-20:00","fuels":{"gasoline95":1.569,"diesel":1.718,"dieselPremium":1.768},"extra":{"saleType":"P","margin":"N","reportingType":"dm","ideess":"14534","idMunicipio":"6148","idProvincia":"41","idCCAA":"01"}}},{"type":"Feature","geometry":{"type":"Point","coordinates":[-5.893778,37.383944]},"properties":{"id":"es-14604","source":"ES","brand":"BALLENOIL","address":"CALLE GRANITO, 1","municipality":"Sevilla","province":"SEVILLA","postalCode":"41017","schedule":"L-D: 24H","fuels":{"gasoline95":1.629,"diesel":1.769,"dieselPremium":1.789},"extra":{"saleType":"P","margin":"D","reportingType":"OM","ideess":"14604","idMunicipio":"6148","idProvincia":"41","idCCAA":"01"}}},{"type":"Feature","geometry":{"type":"Point","coordinates":[-5.968306,37.429472]},"properties":{"id":"es-14635","source":"ES","brand":"Q8","address":"CALLE ESTRELLA VEGA, 20","municipality":"Sevilla","province":"SEVILLA","postalCode":"41015","schedule":"L-D: 24H","fuels":{"gasoline95":1.689,"diesel":1.869},"extra":{"saleType":"P","margin":"D","reportingType":"dm","ideess":"14635","idMunicipio":"6148","idProvincia":"41","idCCAA":"01"}}},{"type":"Feature","geometry":{"type":"Point","coordinates":[-5.936778,37.283139]},"properties":{"id":"es-14675","source":"ES","brand":"CARREFOUR","address":"CARRETERA SEVILLA - CADIZ KM 555 ESQUINA CALLE DOCTOR FLEMING KM. 555","municipality":"Dos Hermanas","province":"SEVILLA","postalCode":"41700","schedule":"L-D: 24H","fuels":{"gasoline95":1.759,"gasoline98":1.909,"diesel":1.909,"dieselPremium":1.949},"extra":{"saleType":"P","margin":"N","reportingType":"dm","ideess":"14675","idMunicipio":"6094","idProvincia":"41","idCCAA":"01"}}},{"type":"Feature","geometry":{"type":"Point","coordinates":[-5.259917,37.703806]},"properties":{"id":"es-14734","source":"ES","brand":"HRUIZ","address":"POLIGONO CALLE NARANJA SALUSTIANA, 1","municipality":"Palma del Río","province":"CÓRDOBA","postalCode":"14700","schedule":"L-D: 24H","fuels":{"gasoline95":1.659,"diesel":1.799},"extra":{"saleType":"P","margin":"N","reportingType":"dm","ideess":"14734","idMunicipio":"2091","idProvincia":"14","idCCAA":"01"}}},{"type":"Feature","geometry":{"type":"Point","coordinates":[-5.984528,37.366806]},"properties":{"id":"es-14834","source":"ES","brand":"BP SIUROT","address":"AVENIDA MANUEL SIUROT, 5","municipality":"Sevilla","province":"SEVILLA","postalCode":"41013","schedule":"L-D: 06:30-22:30","fuels":{"gasoline95":1.775,"gasoline98":1.915,"diesel":1.935,"dieselPremium":2.025},"extra":{"saleType":"P","margin":"I","reportingType":"OM","ideess":"14834","idMunicipio":"6148","idProvincia":"41","idCCAA":"01"}}},{"type":"Feature","geometry":{"type":"Point","coordinates":[-5.006722,37.819556]},"properties":{"id":"es-14840","source":"ES","brand":"GEDS","address":"POLIGONO LLANOS DE SAN ANDRES, 1","municipality":"Almodóvar del Río","province":"CÓRDOBA","postalCode":"14720","schedule":"L-D: 24H","fuels":{"gasoline95":1.699,"diesel":1.809,"adblue":1.25},"extra":{"saleType":"P","margin":"I","reportingType":"OM","ideess":"14840","idMunicipio":"2047","idProvincia":"14","idCCAA":"01"}}},{"type":"Feature","geometry":{"type":"Point","coordinates":[-5.96025,37.40375]},"properties":{"id":"es-14858","source":"ES","brand":"PERTROPRIX","address":"CALLE METALURGIA, S/N","municipality":"Sevilla","province":"SEVILLA","postalCode":"41007","schedule":"L-D: 24H","fuels":{"gasoline95":1.559,"diesel":1.709},"extra":{"saleType":"P","margin":"N","reportingType":"dm","ideess":"14858","idMunicipio":"6148","idProvincia":"41","idCCAA":"01"}}},{"type":"Feature","geometry":{"type":"Point","coordinates":[-5.98525,37.339333]},"properties":{"id":"es-14936","source":"ES","brand":"MOEVE","address":"AVENIDA PALMAS ALTAS, S/N","municipality":"Sevilla","province":"SEVILLA","postalCode":"41012","schedule":"L-V: 07:00-22:00; S: 08:00-22:00","fuels":{"gasoline95":1.774,"gasoline95Premium":1.874,"diesel":1.989,"dieselPremium":2.084},"extra":{"saleType":"P","margin":"D","reportingType":"OM","ideess":"14936","idMunicipio":"6148","idProvincia":"41","idCCAA":"01"}}},{"type":"Feature","geometry":{"type":"Point","coordinates":[-5.833972,37.347806]},"properties":{"id":"es-14976","source":"ES","brand":"BALLENOIL","address":"AUTOVIA A- 92 KM. 10","municipality":"Alcalá de Guadaíra","province":"SEVILLA","postalCode":"41500","schedule":"L-D: 24H","fuels":{"gasoline95":1.629,"diesel":1.755,"dieselPremium":1.775},"extra":{"saleType":"P","margin":"D","reportingType":"OM","ideess":"14976","idMunicipio":"6058","idProvincia":"41","idCCAA":"01"}}},{"type":"Feature","geometry":{"type":"Point","coordinates":[-5.923889,37.383889]},"properties":{"id":"es-15011","source":"ES","brand":"TAMOIL","address":"CALLE PINO CENTRAL, 14","municipality":"Sevilla","province":"SEVILLA","postalCode":"41016","schedule":"L-D: 24H","fuels":{"gasoline95":1.669,"diesel":1.809,"biodiesel":1.749,"adblue":0.899},"extra":{"saleType":"P","margin":"N","reportingType":"OM","ideess":"15011","idMunicipio":"6148","idProvincia":"41","idCCAA":"01"}}},{"type":"Feature","geometry":{"type":"Point","coordinates":[-5.978056,37.523944]},"properties":{"id":"es-15015","source":"ES","brand":"MOOVE","address":"AVENIDA DE ANDALUCIA, S/N","municipality":"Alcalá del Río","province":"SEVILLA","postalCode":"41200","schedule":"L-D: 24H","fuels":{"gasoline95":1.569,"diesel":1.719},"extra":{"saleType":"P","margin":"D","reportingType":"dm","ideess":"15015","idMunicipio":"6059","idProvincia":"41","idCCAA":"01"}}},{"type":"Feature","geometry":{"type":"Point","coordinates":[-5.962889,37.376917]},"properties":{"id":"es-15075","source":"ES","brand":"Q8","address":"CALLE FRANCISCO BUENDÍA, 2","municipality":"Sevilla","province":"SEVILLA","postalCode":"41005","schedule":"L-D: 24H","fuels":{"gasoline95":1.709,"diesel":1.819},"extra":{"saleType":"P","margin":"N","reportingType":"dm","ideess":"15075","idMunicipio":"6148","idProvincia":"41","idCCAA":"01"}}},{"type":"Feature","geometry":{"type":"Point","coordinates":[-5.889417,37.368111]},"properties":{"id":"es-15214","source":"ES","brand":"E.S. MAGDAOIL","address":"CALLE LA RED NUEVE, 15","municipality":"Alcalá de Guadaíra","province":"SEVILLA","postalCode":"41500","schedule":"L-S: 06:00-20:00","fuels":{"gasoline95":1.77,"diesel":1.82,"adblue":0.924},"extra":{"saleType":"P","margin":"D","reportingType":"dm","ideess":"15214","idMunicipio":"6058","idProvincia":"41","idCCAA":"01"}}},{"type":"Feature","geometry":{"type":"Point","coordinates":[-5.986889,37.291972]},"properties":{"id":"es-15243","source":"ES","brand":"HAM","address":"CARRETERA DE EL COPERO KM. 0","municipality":"Dos Hermanas","province":"SEVILLA","postalCode":"41730","schedule":"L-D: 24H","fuels":{"cng":1.644,"lng":1.599,"bioCng":1.624,"bioLng":1.569},"extra":{"saleType":"P","margin":"D","reportingType":"dm","ideess":"15243","idMunicipio":"6094","idProvincia":"41","idCCAA":"01"}}},{"type":"Feature","geometry":{"type":"Point","coordinates":[-5.757139,37.364]},"properties":{"id":"es-15413","source":"ES","brand":"A2D","address":"CALLE CALZADA AUXILIAR BLAS INF, 1","municipality":"Mairena del Alcor","province":"SEVILLA","postalCode":"41510","schedule":"L-D: 24H","fuels":{"gasoline95":1.645,"diesel":1.789},"extra":{"saleType":"P","margin":"D","reportingType":"dm","ideess":"15413","idMunicipio":"6115","idProvincia":"41","idCCAA":"01"}}},{"type":"Feature","geometry":{"type":"Point","coordinates":[-5.914194,37.37525]},"properties":{"id":"es-15717","source":"ES","brand":"PLENERGY","address":"CALLE PARSI, 5","municipality":"Sevilla","province":"SEVILLA","postalCode":"41016","schedule":"L-D: 24H","fuels":{"gasoline95":1.629,"diesel":1.769},"extra":{"saleType":"P","margin":"D","reportingType":"dm","ideess":"15717","idMunicipio":"6148","idProvincia":"41","idCCAA":"01"}}},{"type":"Feature","geometry":{"type":"Point","coordinates":[-5.114944,37.237556]},"properties":{"id":"es-15772","source":"ES","brand":"PLENERGY","address":"CALLE SOR ANGELA DE LA CRUZ, 91","municipality":"Osuna","province":"SEVILLA","postalCode":"41640","schedule":"L-D: 24H","fuels":{"gasoline95":1.609,"diesel":1.719},"extra":{"saleType":"P","margin":"D","reportingType":"dm","ideess":"15772","idMunicipio":"6125","idProvincia":"41","idCCAA":"01"}}},{"type":"Feature","geometry":{"type":"Point","coordinates":[-5.083694,37.530944]},"properties":{"id":"es-15809","source":"ES","brand":"GEDS","address":"POLIGONO PARCELA 24 DEL SECTOR I-06/1 POLIGONO, S/N","municipality":"Écija","province":"SEVILLA","postalCode":"41400","schedule":"L-D: 24H","fuels":{"gasoline95":1.679,"diesel":1.789,"adblue":1.25},"extra":{"saleType":"P","margin":"I","reportingType":"OM","ideess":"15809","idMunicipio":"6095","idProvincia":"41","idCCAA":"01"}}},{"type":"Feature","geometry":{"type":"Point","coordinates":[-5.934167,37.278333]},"properties":{"id":"es-15828","source":"ES","brand":"PETROPRIX","address":"AVENIDA 4 DE DICIEMBRE, 554","municipality":"Dos Hermanas","province":"SEVILLA","postalCode":"41730","schedule":"L-D: 24H","fuels":{"gasoline95":1.629,"diesel":1.735},"extra":{"saleType":"P","margin":"D","reportingType":"dm","ideess":"15828","idMunicipio":"6094","idProvincia":"41","idCCAA":"01"}}},{"type":"Feature","geometry":{"type":"Point","coordinates":[-5.944028,37.393611]},"properties":{"id":"es-15830","source":"ES","brand":"BP SEVILLA CTRA AMARILLA","address":"AVENIDA FERNANDEZ MURUBE, 10","municipality":"Sevilla","province":"SEVILLA","postalCode":"41007","schedule":"L-D: 06:30-22:30","fuels":{"gasoline95":1.739,"gasoline98":1.879,"diesel":1.935,"dieselPremium":2.025,"adblue":1.085},"extra":{"saleType":"P","margin":"D","reportingType":"OM","ideess":"15830","idMunicipio":"6148","idProvincia":"41","idCCAA":"01"}}},{"type":"Feature","geometry":{"type":"Point","coordinates":[-5.522306,37.652361]},"properties":{"id":"es-15880","source":"ES","brand":"PLENERGY","address":"RONDA DE LOS TEJARES, 249","municipality":"Lora del Río","province":"SEVILLA","postalCode":"41440","schedule":"L-D: 24H","fuels":{"gasoline95":1.669,"diesel":1.759},"extra":{"saleType":"P","margin":"D","reportingType":"dm","ideess":"15880","idMunicipio":"6112","idProvincia":"41","idCCAA":"01"}}},{"type":"Feature","geometry":{"type":"Point","coordinates":[-5.990278,37.281611]},"properties":{"id":"es-15882","source":"ES","brand":"CONIYDE DOSHERMANAS","address":"CARRETERA ISLA MENOR S/N KM. S/N","municipality":"Dos Hermanas","province":"SEVILLA","postalCode":"41700","schedule":"L-D: 24H","fuels":{"gasoline95":1.6,"diesel":1.77,"adblue":0.75},"extra":{"saleType":"P","margin":"D","reportingType":"dm","ideess":"15882","idMunicipio":"6094","idProvincia":"41","idCCAA":"01"}}},{"type":"Feature","geometry":{"type":"Point","coordinates":[-5.089333,37.549833]},"properties":{"id":"es-15886","source":"ES","brand":"BALLENOIL","address":"CALLE CARRETERA CAÑADA DEL ROSAL, 1","municipality":"Écija","province":"SEVILLA","postalCode":"41400","schedule":"L-D: 24H","fuels":{"gasoline95":1.579,"diesel":1.759,"dieselPremium":1.769},"extra":{"saleType":"P","margin":"D","reportingType":"OM","ideess":"15886","idMunicipio":"6095","idProvincia":"41","idCCAA":"01"}}},{"type":"Feature","geometry":{"type":"Point","coordinates":[-5.909278,37.374083]},"properties":{"id":"es-15929","source":"ES","brand":"PLENERGY","address":"CALLE PALMETILLO CUATRO, S/N","municipality":"Alcalá de Guadaíra","province":"SEVILLA","postalCode":"41500","schedule":"L-D: 24H","fuels":{"gasoline95":1.629,"diesel":1.769},"extra":{"saleType":"P","margin":"D","reportingType":"dm","ideess":"15929","idMunicipio":"6058","idProvincia":"41","idCCAA":"01"}}},{"type":"Feature","geometry":{"type":"Point","coordinates":[-5.453222,37.130194]},"properties":{"id":"es-16098","source":"ES","brand":"BALLENOIL","address":"CALLE DEL YESO, S/N","municipality":"Morón de la Frontera","province":"SEVILLA","postalCode":"41530","schedule":"L-D: 24H","fuels":{"gasoline95":1.609,"diesel":1.729},"extra":{"saleType":"P","margin":"N","reportingType":"OM","ideess":"16098","idMunicipio":"6122","idProvincia":"41","idCCAA":"01"}}},{"type":"Feature","geometry":{"type":"Point","coordinates":[-5.951139,37.412639]},"properties":{"id":"es-16183","source":"ES","brand":"PLENERGY","address":"CALLE METALURGIA, S/N","municipality":"Sevilla","province":"SEVILLA","postalCode":"41007","schedule":"L-D: 24H","fuels":{"gasoline95":1.559,"diesel":1.709},"extra":{"saleType":"P","margin":"D","reportingType":"dm","ideess":"16183","idMunicipio":"6148","idProvincia":"41","idCCAA":"01"}}},{"type":"Feature","geometry":{"type":"Point","coordinates":[-5.937639,37.480389]},"properties":{"id":"es-16206","source":"ES","brand":"PETROPRIX","address":"CAMINO DE LA FABRICA DE TABACO, 1","municipality":"Rinconada (La)","province":"SEVILLA","postalCode":"41300","schedule":"L-D: 24H","fuels":{"gasoline95":1.569,"diesel":1.719},"extra":{"saleType":"P","margin":"N","reportingType":"dm","ideess":"16206","idMunicipio":"6138","idProvincia":"41","idCCAA":"01"}}},{"type":"Feature","geometry":{"type":"Point","coordinates":[-5.943333,37.288806]},"properties":{"id":"es-16227","source":"ES","brand":"PLENERGY","address":"AVENIDA 4 DE DICIEMBRE, 553","municipality":"Dos Hermanas","province":"SEVILLA","postalCode":"41700","schedule":"L-D: 24H","fuels":{"gasoline95":1.629,"diesel":1.735},"extra":{"saleType":"P","margin":"D","reportingType":"dm","ideess":"16227","idMunicipio":"6094","idProvincia":"41","idCCAA":"01"}}},{"type":"Feature","geometry":{"type":"Point","coordinates":[-5.72875,37.38175]},"properties":{"id":"es-16291","source":"ES","brand":"PLENERGY","address":"AVENIDA DE EL VISO DEL ALCOR, 26","municipality":"Mairena del Alcor","province":"SEVILLA","postalCode":"41510","schedule":"L-D: 24H","fuels":{"gasoline95":1.629,"diesel":1.769},"extra":{"saleType":"P","margin":"D","reportingType":"dm","ideess":"16291","idMunicipio":"6115","idProvincia":"41","idCCAA":"01"}}},{"type":"Feature","geometry":{"type":"Point","coordinates":[-5.08975,37.070889]},"properties":{"id":"es-16292","source":"ES","brand":"GASOLINERA DE LA COOPERATIVA NTRA SRA DEL ROSARIO","address":"CALLE FRAY MARTIN POVEA, 51","municipality":"Saucejo (El)","province":"SEVILLA","postalCode":"41650","schedule":"L-D: 24H","fuels":{"gasoline95":1.575,"diesel":1.765,"dieselB":1.295,"adblue":0.59},"extra":{"saleType":"P","margin":"D","reportingType":"dm","ideess":"16292","idMunicipio":"6147","idProvincia":"41","idCCAA":"01"}}},{"type":"Feature","geometry":{"type":"Point","coordinates":[-5.956833,37.364722]},"properties":{"id":"es-16293","source":"ES","brand":"PLENERGY","address":"TRAVESÍA SU EMINENCIA, 2","municipality":"Sevilla","province":"SEVILLA","postalCode":"41006","schedule":"L-D: 24H","fuels":{"gasoline95":1.535,"diesel":1.699},"extra":{"saleType":"P","margin":"D","reportingType":"dm","ideess":"16293","idMunicipio":"6148","idProvincia":"41","idCCAA":"01"}}},{"type":"Feature","geometry":{"type":"Point","coordinates":[-5.343472,37.464944]},"properties":{"id":"es-16317","source":"ES","brand":"BALLENOIL","address":"CALLE VIRGEN DEL CARMEN, S/N","municipality":"Fuentes de Andalucía","province":"SEVILLA","postalCode":"41420","schedule":"L-D: 24H","fuels":{"gasoline95":1.609,"gasoline95Premium":1.619,"diesel":1.729,"dieselPremium":1.739},"extra":{"saleType":"P","margin":"N","reportingType":"OM","ideess":"16317","idMunicipio":"6098","idProvincia":"41","idCCAA":"01"}}},{"type":"Feature","geometry":{"type":"Point","coordinates":[-5.451639,37.131222]},"properties":{"id":"es-16341","source":"ES","brand":"PETROPRIX","address":"AVENIDA DEL PILAR, 4","municipality":"Morón de la Frontera","province":"SEVILLA","postalCode":"41530","schedule":"L-D: 24H","fuels":{"gasoline95":1.599,"diesel":1.709},"extra":{"saleType":"P","margin":"D","reportingType":"dm","ideess":"16341","idMunicipio":"6122","idProvincia":"41","idCCAA":"01"}}},{"type":"Feature","geometry":{"type":"Point","coordinates":[-5.787306,37.187056]},"properties":{"id":"es-16367","source":"ES","brand":"BALLENOIL","address":"PLAZA DE LA TRIANILLA, S/N","municipality":"Utrera","province":"SEVILLA","postalCode":"41710","schedule":"L-D: 24H","fuels":{"gasoline95":1.589,"diesel":1.689},"extra":{"saleType":"P","margin":"N","reportingType":"OM","ideess":"16367","idMunicipio":"6152","idProvincia":"41","idCCAA":"01"}}},{"type":"Feature","geometry":{"type":"Point","coordinates":[-5.792278,37.193611]},"properties":{"id":"es-16384","source":"ES","brand":"PLENERGY","address":"CALLE ALMAZARA, 2","municipality":"Utrera","province":"SEVILLA","postalCode":"41710","schedule":"L-D: 24H","fuels":{"gasoline95":1.589,"diesel":1.689},"extra":{"saleType":"P","margin":"D","reportingType":"dm","ideess":"16384","idMunicipio":"6152","idProvincia":"41","idCCAA":"01"}}},{"type":"Feature","geometry":{"type":"Point","coordinates":[-5.770389,37.184111]},"properties":{"id":"es-16442","source":"ES","brand":"PLENERGY","address":"CALLE MIRLO, 1","municipality":"Utrera","province":"SEVILLA","postalCode":"41710","schedule":"L-D: 24H","fuels":{"gasoline95":1.589,"diesel":1.689},"extra":{"saleType":"P","margin":"D","reportingType":"dm","ideess":"16442","idMunicipio":"6152","idProvincia":"41","idCCAA":"01"}}},{"type":"Feature","geometry":{"type":"Point","coordinates":[-5.927639,37.299]},"properties":{"id":"es-16493","source":"ES","brand":"OCTANOS","address":"RONDA ADOLFO SUAREZ, 56","municipality":"Dos Hermanas","province":"SEVILLA","postalCode":"41089","schedule":"L-S: 06:00-00:00; D: 07:00-23:00","fuels":{"gasoline95":1.699,"gasoline98E10":1.869,"diesel":1.899,"dieselPremium":1.909,"adblue":0.999},"extra":{"saleType":"P","margin":"D","reportingType":"dm","ideess":"16493","idMunicipio":"6094","idProvincia":"41","idCCAA":"01"}}},{"type":"Feature","geometry":{"type":"Point","coordinates":[-5.201611,37.777778]},"properties":{"id":"es-4406","source":"ES","brand":"REPSOL","address":"CARRETERA CORDOBA-PALMA DEL RIO KM. 40","municipality":"Hornachuelos","province":"CÓRDOBA","postalCode":"14740","schedule":"L-S: 06:00-21:00; D: 08:00-20:00","fuels":{"gasoline95":1.749,"diesel":1.959},"extra":{"saleType":"P","margin":"I","reportingType":"dm","ideess":"4406","idMunicipio":"2078","idProvincia":"14","idCCAA":"01"}}},{"type":"Feature","geometry":{"type":"Point","coordinates":[-5.098111,37.708139]},"properties":{"id":"es-5089","source":"ES","brand":"SANTIAGO","address":"CARRETERA FUENTE PALMERA- LA VENTILLA L-120 KM. 0,500","municipality":"Fuente Palmera","province":"CÓRDOBA","postalCode":"14120","schedule":"L-D: 07:00-21:00","fuels":{"gasoline95":1.699,"diesel":1.899},"extra":{"saleType":"P","margin":"N","reportingType":"dm","ideess":"5089","idMunicipio":"2072","idProvincia":"14","idCCAA":"01"}}},{"type":"Feature","geometry":{"type":"Point","coordinates":[-5.105306,37.804917]},"properties":{"id":"es-5562","source":"ES","brand":"E.S. Mª AUXILIADORA","address":"CARRETERA PALMA DEL RIO KM. 32","municipality":"Posadas","province":"CÓRDOBA","postalCode":"14730","schedule":"L-D: 06:00-23:00","fuels":{"gasoline95":1.699,"diesel":1.819},"extra":{"saleType":"P","margin":"N","reportingType":"dm","ideess":"5562","idMunicipio":"2095","idProvincia":"14","idCCAA":"01"}}},{"type":"Feature","geometry":{"type":"Point","coordinates":[-5.004694,37.82125]},"properties":{"id":"es-5651","source":"ES","brand":"REPSOL","address":"CARRETERA C-431 KM. 21","municipality":"Almodóvar del Río","province":"CÓRDOBA","postalCode":"14720","schedule":"L-D: 06:00-22:00","fuels":{"gasoline95":1.779,"gasoline98":1.949,"diesel":2.019,"dieselPremium":2.129},"extra":{"saleType":"P","margin":"I","reportingType":"OM","ideess":"5651","idMunicipio":"2047","idProvincia":"14","idCCAA":"01"}}},{"type":"Feature","geometry":{"type":"Point","coordinates":[-5.100028,37.692028]},"properties":{"id":"es-5750","source":"ES","brand":"REPSOL","address":"CARRETERA ECIJA-POSADAS KM. 8,8","municipality":"Fuente Palmera","province":"CÓRDOBA","postalCode":"14120","schedule":"L-D: 06:00-22:00","fuels":{"gasoline95":1.739,"diesel":1.929,"dieselPremium":2.039,"dieselB":1.619},"extra":{"saleType":"P","margin":"I","reportingType":"dm","ideess":"5750","idMunicipio":"2072","idProvincia":"14","idCCAA":"01"}}},{"type":"Feature","geometry":{"type":"Point","coordinates":[-5.928611,37.168444]},"properties":{"id":"es-6433","source":"ES","brand":"SHELL","address":"AVDA. PARQUE NORTE S/N","municipality":"Palacios y Villafranca (Los)","province":"SEVILLA","postalCode":"41720","schedule":"L-D: 24H","fuels":{"gasoline95":1.719,"gasoline98":1.859,"diesel":1.859,"dieselPremium":1.939,"adblue":1.25},"extra":{"saleType":"P","margin":"N","reportingType":"OM","ideess":"6433","idMunicipio":"6126","idProvincia":"41","idCCAA":"01"}}},{"type":"Feature","geometry":{"type":"Point","coordinates":[-5.774083,37.176333]},"properties":{"id":"es-6435","source":"ES","brand":"E.S.VISTALEGRE","address":"CALLE ECIJA-JEREZ, 11","municipality":"Utrera","province":"SEVILLA","postalCode":"41710","schedule":"L: 06:30-22:30","fuels":{"gasoline95":1.589,"diesel":1.699},"extra":{"saleType":"P","margin":"N","reportingType":"dm","ideess":"6435","idMunicipio":"6152","idProvincia":"41","idCCAA":"01"}}},{"type":"Feature","geometry":{"type":"Point","coordinates":[-5.045083,37.5485]},"properties":{"id":"es-6446","source":"ES","brand":"SUMALCA - ASTIGI","address":"AUTOVIA A-4 KM. 450","municipality":"Écija","province":"SEVILLA","postalCode":"41400","schedule":"L-D: 06:00-22:00","fuels":{"gasoline95":1.639,"gasoline98":1.859,"diesel":1.739,"dieselPremium":1.779},"extra":{"saleType":"P","margin":"D","reportingType":"dm","ideess":"6446","idMunicipio":"6095","idProvincia":"41","idCCAA":"01"}}},{"type":"Feature","geometry":{"type":"Point","coordinates":[-5.93425,37.345028]},"properties":{"id":"es-6471","source":"ES","brand":"GALP","address":"AUTOVIA SEVILLA UTRERA MARGEN DERECHA KM. 2,500","municipality":"Dos Hermanas","province":"SEVILLA","postalCode":"41089","schedule":"L-D: 24H","fuels":{"gasoline95":1.749,"gasoline95Premium":1.799,"diesel":1.939,"dieselPremium":1.989,"adblue":0.799},"extra":{"saleType":"P","margin":"D","reportingType":"OM","ideess":"6471","idMunicipio":"6094","idProvincia":"41","idCCAA":"01"}}},{"type":"Feature","geometry":{"type":"Point","coordinates":[-5.980083,37.43075]},"properties":{"id":"es-6473","source":"ES","brand":"SAN JERONIMO GASOLINERA","address":"AVENIDA MEDINA Y GALNARES, 76","municipality":"Sevilla","province":"SEVILLA","postalCode":"41015","schedule":"L-V: 06:00-22:00; S: 07:00-22:00; D: 08:00-22:00","fuels":{"gasoline95":1.649,"diesel":1.779,"dieselPremium":1.829,"lpg":0.999,"adblue":0.99},"extra":{"saleType":"P","margin":"D","reportingType":"dm","ideess":"6473","idMunicipio":"6148","idProvincia":"41","idCCAA":"01"}}},{"type":"Feature","geometry":{"type":"Point","coordinates":[-5.920611,37.270389]},"properties":{"id":"es-6477","source":"ES","brand":"CEPSA","address":"AVENIDA DE ANDALUCIA, 230","municipality":"Dos Hermanas","province":"SEVILLA","postalCode":"41700","schedule":"L-D: 24H","fuels":{"gasoline95":1.765,"gasoline98":1.909,"diesel":1.959,"dieselPremium":2.049},"extra":{"saleType":"P","margin":"D","reportingType":"dm","ideess":"6477","idMunicipio":"6094","idProvincia":"41","idCCAA":"01"}}},{"type":"Feature","geometry":{"type":"Point","coordinates":[-5.379528,37.506722]},"properties":{"id":"es-6480","source":"ES","brand":"MOEVE","address":"AUTOVIA A-4 KM. 482,100","municipality":"Campana (La)","province":"SEVILLA","postalCode":"41429","schedule":"L-D: 24H","fuels":{"gasoline95":1.809,"diesel":1.989,"dieselPremium":2.029},"extra":{"saleType":"P","margin":"D","reportingType":"dm","ideess":"6480","idMunicipio":"6076","idProvincia":"41","idCCAA":"01"}}},{"type":"Feature","geometry":{"type":"Point","coordinates":[-5.763222,37.92225]},"properties":{"id":"es-6482","source":"ES","brand":"CEPSA","address":"A-432 km 45,5","municipality":"Cazalla de la Sierra","province":"SEVILLA","postalCode":"41370","schedule":"L-D: 24H","fuels":{"gasoline95":1.799,"gasoline98":1.899,"diesel":1.979,"dieselPremium":2.059,"dieselB":1.699,"adblue":1.129},"extra":{"saleType":"P","margin":"D","reportingType":"dm","ideess":"6482","idMunicipio":"6087","idProvincia":"41","idCCAA":"01"}}},{"type":"Feature","geometry":{"type":"Point","coordinates":[-5.201,37.594389]},"properties":{"id":"es-6494","source":"ES","brand":"GASOLINERA CAÑADA ROSAL S.L.","address":"CARRETERA SE-135 KM. 0,35","municipality":"Cañada Rosal","province":"SEVILLA","postalCode":"41439","schedule":"L-S: 07:00-21:00","fuels":{"gasoline95":1.796,"diesel":1.85,"dieselB":1.39},"extra":{"saleType":"P","margin":"I","reportingType":"dm","ideess":"6494","idMunicipio":"6078","idProvincia":"41","idCCAA":"01"}}},{"type":"Feature","geometry":{"type":"Point","coordinates":[-5.098861,37.529528]},"properties":{"id":"es-6512","source":"ES","brand":"SANTIAGO","address":"CARRETERA CTRA. MADRID-CADIZ KM. 456,400","municipality":"Écija","province":"SEVILLA","postalCode":"41400","schedule":"L-D: 08:00-21:00","fuels":{"gasoline95":1.679,"diesel":1.799},"extra":{"saleType":"P","margin":"I","reportingType":"dm","ideess":"6512","idMunicipio":"6095","idProvincia":"41","idCCAA":"01"}}},{"type":"Feature","geometry":{"type":"Point","coordinates":[-5.894417,37.428639]},"properties":{"id":"es-6513","source":"ES","brand":"BP","address":"CARRETERA N IV MADRID-CADIZ KM 531,5 KM. 531,5","municipality":"Sevilla","province":"SEVILLA","postalCode":"41019","schedule":"L-D: 06:00-00:00","fuels":{"gasoline95":1.759,"gasoline98":1.879,"diesel":1.959,"dieselPremium":2.049,"adblue":0.995},"extra":{"saleType":"P","margin":"I","reportingType":"dm","ideess":"6513","idMunicipio":"6148","idProvincia":"41","idCCAA":"01"}}},{"type":"Feature","geometry":{"type":"Point","coordinates":[-5.965194,37.370472]},"properties":{"id":"es-6536","source":"ES","brand":"ALCAMPO S.A.","address":"CALLE RONDA DEL TAMARGUILLO, S/N","municipality":"Sevilla","province":"SEVILLA","postalCode":"41006","schedule":"L-D: 24H","fuels":{"gasoline95":1.535,"gasoline98":1.728,"diesel":1.7,"dieselPremium":1.765},"extra":{"saleType":"P","margin":"N","reportingType":"dm","ideess":"6536","idMunicipio":"6148","idProvincia":"41","idCCAA":"01"}}},{"type":"Feature","geometry":{"type":"Point","coordinates":[-5.524778,37.655889]},"properties":{"id":"es-6542","source":"ES","brand":"MEROIL","address":"AVENIDA DE LA CAMPANA S/N, 0","municipality":"Lora del Río","province":"SEVILLA","postalCode":"41440","schedule":"L-D: 24H","fuels":{"gasoline95":1.769,"gasoline98":1.849,"diesel":1.869,"adblue":1.0},"extra":{"saleType":"P","margin":"D","reportingType":"dm","ideess":"6542","idMunicipio":"6112","idProvincia":"41","idCCAA":"01"}}},{"type":"Feature","geometry":{"type":"Point","coordinates":[-5.429139,37.572111]},"properties":{"id":"es-6543","source":"ES","brand":"MEROIL","address":"AVENIDA DE LORA DEL RIO, S/N","municipality":"Campana (La)","province":"SEVILLA","postalCode":"41429","schedule":"L-D: 24H","fuels":{"gasoline95":1.769,"diesel":1.869,"dieselB":1.399,"adblue":1.0},"extra":{"saleType":"P","margin":"D","reportingType":"dm","ideess":"6543","idMunicipio":"6076","idProvincia":"41","idCCAA":"01"}}},{"type":"Feature","geometry":{"type":"Point","coordinates":[-5.079361,37.534194]},"properties":{"id":"es-6544","source":"ES","brand":"SANTIAGO","address":"AVENIDA GENIL, 18","municipality":"Écija","province":"SEVILLA","postalCode":"41400","schedule":"L-D: 24H","fuels":{"gasoline95":1.699,"diesel":1.849,"dieselB":1.359},"extra":{"saleType":"P","margin":"D","reportingType":"dm","ideess":"6544","idMunicipio":"6095","idProvincia":"41","idCCAA":"01"}}},{"type":"Feature","geometry":{"type":"Point","coordinates":[-5.954944,37.366528]},"properties":{"id":"es-6545","source":"ES","brand":"E.S. SU EMINENCIA","address":"CTRA. DE SU EMINENCIA S/N","municipality":"Sevilla","province":"SEVILLA","postalCode":"41006","schedule":"L-V: 06:00-23:00; S-D: 07:00-23:00","fuels":{"gasoline95":1.589,"diesel":1.745},"extra":{"saleType":"P","margin":"N","reportingType":"dm","ideess":"6545","idMunicipio":"6148","idProvincia":"41","idCCAA":"01"}}},{"type":"Feature","geometry":{"type":"Point","coordinates":[-5.730694,37.153583]},"properties":{"id":"es-6546","source":"ES","brand":"NINGUNO","address":"CARRETERA SE-429 KM. 0,8","municipality":"Molares (Los)","province":"SEVILLA","postalCode":"41750","schedule":"L-S: 06:30-20:30; D: 07:00-14:00","fuels":{"gasoline95":1.629,"diesel":1.629,"dieselB":1.419},"extra":{"saleType":"P","margin":"N","reportingType":"dm","ideess":"6546","idMunicipio":"6120","idProvincia":"41","idCCAA":"01"}}},{"type":"Feature","geometry":{"type":"Point","coordinates":[-5.983528,37.414389]},"properties":{"id":"es-6547","source":"ES","brand":"E.S. SAN LAZARO","address":"AVDA. DOCTOR FEDRIANI, 40 (BARRIADA BACHILLERA)","municipality":"Sevilla","province":"SEVILLA","postalCode":"41009","schedule":"L-V: 06:00-23:00; S-D: 07:00-23:00","fuels":{"gasoline95":1.589,"diesel":1.745},"extra":{"saleType":"P","margin":"N","reportingType":"dm","ideess":"6547","idMunicipio":"6148","idProvincia":"41","idCCAA":"01"}}},{"type":"Feature","geometry":{"type":"Point","coordinates":[-5.081889,37.711833]},"properties":{"id":"es-6626","source":"ES","brand":"E.S. RETO AHORRO","address":"CARRETERA FUENCUBIERTA KM. 8,300","municipality":"Fuente Palmera","province":"CÓRDOBA","postalCode":"14120","schedule":"L-D: 24H","fuels":{"gasoline95":1.749,"gasoline98":1.889,"diesel":1.969,"dieselPremium":2.029},"extra":{"saleType":"P","margin":"I","reportingType":"dm","ideess":"6626","idMunicipio":"2072","idProvincia":"14","idCCAA":"01"}}},{"type":"Feature","geometry":{"type":"Point","coordinates":[-5.282667,37.703028]},"properties":{"id":"es-6631","source":"ES","brand":"BALLENOIL","address":"AVENIDA SANTA ANA, 83","municipality":"Palma del Río","province":"CÓRDOBA","postalCode":"14700","schedule":"L-D: 24H","fuels":{"gasoline95":1.599,"gasoline95Premium":1.609,"diesel":1.789,"dieselPremium":1.799},"extra":{"saleType":"P","margin":"N","reportingType":"OM","ideess":"6631","idMunicipio":"2091","idProvincia":"14","idCCAA":"01"}}},{"type":"Feature","geometry":{"type":"Point","coordinates":[-5.272694,37.700056]},"properties":{"id":"es-6632","source":"ES","brand":"REPSOL","address":"AVENIDA AVENIDA DE LA PAZ SN  / GRAN VIA AULIO CORNELIO PALMA  SN, SN","municipality":"Palma del Río","province":"CÓRDOBA","postalCode":"14700","schedule":"L-D: 06:00-23:00","fuels":{"gasoline95":1.735,"gasoline95Premium":1.795,"diesel":1.955,"dieselPremium":2.045},"extra":{"saleType":"P","margin":"N","reportingType":"OM","ideess":"6632","idMunicipio":"2091","idProvincia":"14","idCCAA":"01"}}},{"type":"Feature","geometry":{"type":"Point","coordinates":[-5.284556,37.708861]},"properties":{"id":"es-6950","source":"ES","brand":"REPSOL","address":"AVENIDA MARIA AUXILIADORA, 51","municipality":"Palma del Río","province":"CÓRDOBA","postalCode":"14700","schedule":"L-D: 06:00-23:00","fuels":{"gasoline95":1.739,"gasoline95Premium":1.799,"diesel":1.959,"dieselPremium":2.039,"dieselB":1.669,"adblue":1.495},"extra":{"saleType":"P","margin":"D","reportingType":"dm","ideess":"6950","idMunicipio":"2091","idProvincia":"14","idCCAA":"01"}}},{"type":"Feature","geometry":{"type":"Point","coordinates":[-5.917139,37.482]},"properties":{"id":"es-7041","source":"ES","brand":"Q8","address":"AUTOVIA A-3104 KM. 7","municipality":"Rinconada (La)","province":"SEVILLA","postalCode":"41300","schedule":"L-D: 24H","fuels":{"gasoline95":1.589,"diesel":1.739},"extra":{"saleType":"P","margin":"N","reportingType":"dm","ideess":"7041","idMunicipio":"6138","idProvincia":"41","idCCAA":"01"}}},{"type":"Feature","geometry":{"type":"Point","coordinates":[-5.925028,37.475667]},"properties":{"id":"es-7042","source":"ES","brand":"EMC RED POWER 24","address":"CARRETERA CTRA. SE-111 , A-8005 , 14 KM. 10,8","municipality":"Rinconada (La)","province":"SEVILLA","postalCode":"41300","schedule":"L-D: 06:00-22:00","fuels":{"gasoline95":1.579,"diesel":1.759},"extra":{"saleType":"P","margin":"N","reportingType":"dm","ideess":"7042","idMunicipio":"6138","idProvincia":"41","idCCAA":"01"}}},{"type":"Feature","geometry":{"type":"Point","coordinates":[-5.452889,37.130722]},"properties":{"id":"es-7044","source":"ES","brand":"FAMILY ENERGY","address":"AVENIDA DE LA ASUNCION (C.C. EROSKI), S/N","municipality":"Morón de la Frontera","province":"SEVILLA","postalCode":"41530","schedule":"L-S: 07:45-22:15","fuels":{"gasoline95":1.599,"gasoline98":1.699,"diesel":1.709,"dieselPremium":1.799},"extra":{"saleType":"P","margin":"N","reportingType":"dm","ideess":"7044","idMunicipio":"6122","idProvincia":"41","idCCAA":"01"}}},{"type":"Feature","geometry":{"type":"Point","coordinates":[-5.858556,37.352917]},"properties":{"id":"es-7045","source":"ES","brand":"ECONOIL","address":"POLIGONO PÓLIGONO INDUSTRIAL CERRO CABEZA HERMOSA, AUTOVÍA A-92 KM 7,8, ","municipality":"Alcalá de Guadaíra","province":"SEVILLA","postalCode":"41500","schedule":"L-S: 09:30-22:00","fuels":{"gasoline95":1.642,"diesel":1.755},"extra":{"saleType":"P","margin":"D","reportingType":"dm","ideess":"7045","idMunicipio":"6058","idProvincia":"41","idCCAA":"01"}}},{"type":"Feature","geometry":{"type":"Point","coordinates":[-5.951417,37.355111]},"properties":{"id":"es-7051","source":"ES","brand":"CARREFOUR","address":"CARRETERA CRTRA. DE UTRERA  KM 1 KM. 1","municipality":"Sevilla","province":"SEVILLA","postalCode":"41013","schedule":"L-S: 06:00-23:00","fuels":{"gasoline95":1.759,"gasoline98":1.919,"diesel":1.909,"dieselPremium":1.949},"extra":{"saleType":"P","margin":"N","reportingType":"dm","ideess":"7051","idMunicipio":"6148","idProvincia":"41","idCCAA":"01"}}},{"type":"Feature","geometry":{"type":"Point","coordinates":[-5.94025,37.409222]},"properties":{"id":"es-7052","source":"ES","brand":"CARREFOUR","address":"AUTOVIA DE SAN PABLO KM. 535,6","municipality":"Sevilla","province":"SEVILLA","postalCode":"41020","schedule":"L-D: 24H","fuels":{"gasoline95":1.729,"gasoline98":1.939,"diesel":1.909,"dieselPremium":1.949},"extra":{"saleType":"P","margin":"N","reportingType":"dm","ideess":"7052","idMunicipio":"6148","idProvincia":"41","idCCAA":"01"}}},{"type":"Feature","geometry":{"type":"Point","coordinates":[-5.853972,37.336611]},"properties":{"id":"es-7053","source":"ES","brand":"MOEVE","address":"ORELLANA, S/N (SE-410 km 3)","municipality":"Alcalá de Guadaíra","province":"SEVILLA","postalCode":"41500","schedule":"L-D: 06:00-22:00","fuels":{"gasoline95":1.789,"gasoline95Premium":1.909,"diesel":1.992,"dieselPremium":2.089},"extra":{"saleType":"P","margin":"I","reportingType":"dm","ideess":"7053","idMunicipio":"6058","idProvincia":"41","idCCAA":"01"}}},{"type":"Feature","geometry":{"type":"Point","coordinates":[-5.827611,37.346333]},"properties":{"id":"es-7054","source":"ES","brand":"MOEVE","address":"A-92 km 15,4","municipality":"Alcalá de Guadaíra","province":"SEVILLA","postalCode":"41500","schedule":"L-D: 24H","fuels":{"gasoline95":1.784,"gasoline95Premium":1.884,"diesel":1.994,"dieselPremium":2.074,"dieselB":1.724},"extra":{"saleType":"P","margin":"D","reportingType":"OM","ideess":"7054","idMunicipio":"6058","idProvincia":"41","idCCAA":"01"}}},{"type":"Feature","geometry":{"type":"Point","coordinates":[-5.805056,37.20925]},"properties":{"id":"es-7058","source":"ES","brand":"CANGES DEL HOYO","address":"CARRETERA A-376 KM. 22,3","municipality":"Utrera","province":"SEVILLA","postalCode":"41710","schedule":"L: 24H","fuels":{"gasoline95":1.599,"diesel":1.719},"extra":{"saleType":"P","margin":"I","reportingType":"dm","ideess":"7058","idMunicipio":"6152","idProvincia":"41","idCCAA":"01"}}},{"type":"Feature","geometry":{"type":"Point","coordinates":[-5.651056,37.479694]},"properties":{"id":"es-7062","source":"ES","brand":"BP AVICAN CARMONA","address":"POLIGONO IND. EL PILERO C/ALBARDONEROS, 2","municipality":"Carmona","province":"SEVILLA","postalCode":"41410","schedule":"L-D: 06:00-22:00","fuels":{"gasoline95":1.765,"diesel":1.949,"dieselPremium":2.039},"extra":{"saleType":"P","margin":"N","reportingType":"OM","ideess":"7062","idMunicipio":"6079","idProvincia":"41","idCCAA":"01"}}},{"type":"Feature","geometry":{"type":"Point","coordinates":[-5.895806,37.379361]},"properties":{"id":"es-7063","source":"ES","brand":"GALP","address":"CARRETERA A-92 KM. 4","municipality":"Alcalá de Guadaíra","province":"SEVILLA","postalCode":"41500","schedule":"L-D: 06:00-22:00","fuels":{"gasoline95":1.679,"gasoline98":1.799,"diesel":1.809,"dieselPremium":1.859,"adblue":0.799},"extra":{"saleType":"P","margin":"I","reportingType":"OM","ideess":"7063","idMunicipio":"6058","idProvincia":"41","idCCAA":"01"}}},{"type":"Feature","geometry":{"type":"Point","coordinates":[-5.949583,37.413833]},"properties":{"id":"es-7070","source":"ES","brand":"RONDA NORTE","address":"AUTOVIA SE30 NUDO CALONGE KM. SN","municipality":"Sevilla","province":"SEVILLA","postalCode":"41007","schedule":"L: 24H","fuels":{"gasoline95":1.579,"diesel":1.729},"extra":{"saleType":"P","margin":"N","reportingType":"dm","ideess":"7070","idMunicipio":"6148","idProvincia":"41","idCCAA":"01"}}},{"type":"Feature","geometry":{"type":"Point","coordinates":[-5.500389,37.270056]},"properties":{"id":"es-7073","source":"ES","brand":"SHELL","address":"CARRETERA A-92 KM. 45","municipality":"Paradas","province":"SEVILLA","postalCode":"41610","schedule":"L-D: 24H","fuels":{"gasoline95":1.744,"gasoline98":1.884,"diesel":1.924,"dieselPremium":2.004,"adblue":1.25},"extra":{"saleType":"P","margin":"I","reportingType":"OM","ideess":"7073","idMunicipio":"6128","idProvincia":"41","idCCAA":"01"}}},{"type":"Feature","geometry":{"type":"Point","coordinates":[-5.49975,37.26925]},"properties":{"id":"es-7074","source":"ES","brand":"SHELL","address":"CARRETERA A-92 KM. 45","municipality":"Paradas","province":"SEVILLA","postalCode":"41610","schedule":"L-D: 24H","fuels":{"gasoline95":1.744,"gasoline98":1.884,"diesel":1.924,"dieselPremium":2.004,"adblue":1.25},"extra":{"saleType":"P","margin":"D","reportingType":"OM","ideess":"7074","idMunicipio":"6128","idProvincia":"41","idCCAA":"01"}}},{"type":"Feature","geometry":{"type":"Point","coordinates":[-5.938667,37.410444]},"properties":{"id":"es-7077","source":"ES","brand":"Q8","address":"CARRETERA N-IV KM. 535,7","municipality":"Sevilla","province":"SEVILLA","postalCode":"41020","schedule":"L-D: 06:00-23:00","fuels":{"gasoline95":1.719,"diesel":1.919,"dieselPremium":1.989,"adblue":0.819},"extra":{"saleType":"P","margin":"N","reportingType":"dm","ideess":"7077","idMunicipio":"6148","idProvincia":"41","idCCAA":"01"}}},{"type":"Feature","geometry":{"type":"Point","coordinates":[-5.988222,37.669889]},"properties":{"id":"es-7082","source":"ES","brand":"REPSOL","address":"CARRETERA 433 KM. 34,100","municipality":"Castilblanco de los Arroyos","province":"SEVILLA","postalCode":"41230","schedule":"L: 06:00-21:00","fuels":{"gasoline95":1.725,"gasoline95Premium":1.785,"diesel":1.949,"dieselPremium":2.059},"extra":{"saleType":"P","margin":"D","reportingType":"OM","ideess":"7082","idMunicipio":"6082","idProvincia":"41","idCCAA":"01"}}},{"type":"Feature","geometry":{"type":"Point","coordinates":[-5.541306,37.483806]},"properties":{"id":"es-7087","source":"ES","brand":"AGLA","address":"AUTOVIA A-4 KM. 497","municipality":"Carmona","province":"SEVILLA","postalCode":"41410","schedule":"L-S: 07:00-22:00; D: 10:00-22:00","fuels":{"gasoline95":1.764,"diesel":1.938,"dieselB":1.542,"lpg":0.874,"adblue":0.916},"extra":{"saleType":"P","margin":"D","reportingType":"dm","ideess":"7087","idMunicipio":"6079","idProvincia":"41","idCCAA":"01"}}},{"type":"Feature","geometry":{"type":"Point","coordinates":[-5.820083,37.605389]},"properties":{"id":"es-7088","source":"ES","brand":"REPSOL","address":" CARRETERA ESTACIÓN S/N, ","municipality":"Cantillana","province":"SEVILLA","postalCode":"41320","schedule":"L-D: 06:00-22:00","fuels":{"gasoline95":1.789,"diesel":1.959,"dieselPremium":2.059,"dieselB":1.589,"adblue":1.129},"extra":{"saleType":"P","margin":"D","reportingType":"dm","ideess":"7088","idMunicipio":"6077","idProvincia":"41","idCCAA":"01"}}},{"type":"Feature","geometry":{"type":"Point","coordinates":[-5.955278,37.416611]},"properties":{"id":"es-7089","source":"ES","brand":"REPSOL","address":"CARRETERA SE-30 (CRTRA. VALDEZORRAS) KM. 0,1","municipality":"Sevilla","province":"SEVILLA","postalCode":"41008","schedule":"L-D: 24H","fuels":{"gasoline95":1.769,"gasoline95Premium":1.839,"gasoline98":1.909,"diesel":1.959,"dieselRenewable":2.079,"lpg":1.109},"extra":{"saleType":"P","margin":"D","reportingType":"OM","ideess":"7089","idMunicipio":"6148","idProvincia":"41","idCCAA":"01"}}},{"type":"Feature","geometry":{"type":"Point","coordinates":[-5.92775,37.229889]},"properties":{"id":"es-7093","source":"ES","brand":"SHELL","address":"CR N-IV KM.  560.75","municipality":"Dos Hermanas","province":"SEVILLA","postalCode":"41700","schedule":"L-D: 06:00-00:00","fuels":{"gasoline95":1.759,"diesel":1.959,"dieselPremium":2.039,"adblue":1.25},"extra":{"saleType":"P","margin":"N","reportingType":"OM","ideess":"7093","idMunicipio":"6094","idProvincia":"41","idCCAA":"01"}}},{"type":"Feature","geometry":{"type":"Point","coordinates":[-5.908778,37.376583]},"properties":{"id":"es-7094","source":"ES","brand":"REPSOL","address":"CARRETERA A-8028 KM. 3","municipality":"Alcalá de Guadaíra","province":"SEVILLA","postalCode":"41500","schedule":"L-D: 06:00-22:00","fuels":{"gasoline95":1.779,"diesel":1.979,"dieselRenewable":2.059,"adblue":1.386},"extra":{"saleType":"P","margin":"D","reportingType":"dm","ideess":"7094","idMunicipio":"6058","idProvincia":"41","idCCAA":"01"}}},{"type":"Feature","geometry":{"type":"Point","coordinates":[-5.908694,37.375694]},"properties":{"id":"es-7095","source":"ES","brand":"REPSOL","address":"CARRETERA A-8028 KM. 3","municipality":"Alcalá de Guadaíra","province":"SEVILLA","postalCode":"41500","schedule":"L-S: 06:00-22:00; D: 07:00-22:00","fuels":{"gasoline95":1.779,"diesel":1.979,"dieselRenewable":2.059,"adblue":1.386},"extra":{"saleType":"P","margin":"I","reportingType":"dm","ideess":"7095","idMunicipio":"6058","idProvincia":"41","idCCAA":"01"}}},{"type":"Feature","geometry":{"type":"Point","coordinates":[-5.919278,37.2155]},"properties":{"id":"es-7096","source":"ES","brand":"CEPSA","address":"CARRETERA N-IV KM. 162,8","municipality":"Alcalá de Guadaíra","province":"SEVILLA","postalCode":"41500","schedule":"L-D: 06:00-22:00","fuels":{"gasoline95":1.799,"diesel":1.969,"dieselPremium":2.049,"dieselB":1.739},"extra":{"saleType":"P","margin":"I","reportingType":"dm","ideess":"7096","idMunicipio":"6058","idProvincia":"41","idCCAA":"01"}}},{"type":"Feature","geometry":{"type":"Point","coordinates":[-5.323028,37.228972]},"properties":{"id":"es-7105","source":"ES","brand":"REPSOL","address":"CR A92 km 62,2","municipality":"Marchena","province":"SEVILLA","postalCode":"41620","schedule":"L-D: 24H","fuels":{"gasoline95":1.755,"gasoline98":1.925,"diesel":1.935,"dieselPremium":2.045},"extra":{"saleType":"P","margin":"D","reportingType":"OM","ideess":"7105","idMunicipio":"6117","idProvincia":"41","idCCAA":"01"}}},{"type":"Feature","geometry":{"type":"Point","coordinates":[-5.322694,37.230333]},"properties":{"id":"es-7106","source":"ES","brand":"REPSOL","address":"CR A-92 km 62,2","municipality":"Marchena","province":"SEVILLA","postalCode":"41620","schedule":"L-D: 24H","fuels":{"gasoline95":1.755,"gasoline98":1.925,"diesel":1.935,"dieselPremium":2.045},"extra":{"saleType":"P","margin":"I","reportingType":"OM","ideess":"7106","idMunicipio":"6117","idProvincia":"41","idCCAA":"01"}}},{"type":"Feature","geometry":{"type":"Point","coordinates":[-5.535472,37.63775]},"properties":{"id":"es-7108","source":"ES","brand":"BP EL ALAMO","address":"CARRETERA CARRETERA LORA DEL RIO - CARMONA, KM 2,5 KM. 2,5","municipality":"Lora del Río","province":"SEVILLA","postalCode":"41440","schedule":"L-D: 24H","fuels":{"gasoline95":1.769,"gasoline98":1.889,"diesel":1.949,"dieselPremium":2.029,"dieselB":1.699,"adblue":0.999},"extra":{"saleType":"P","margin":"N","reportingType":"dm","ideess":"7108","idMunicipio":"6112","idProvincia":"41","idCCAA":"01"}}},{"type":"Feature","geometry":{"type":"Point","coordinates":[-5.045472,37.54875]},"properties":{"id":"es-7109","source":"ES","brand":"REPSOL","address":"CARRETERA C-430 KM. 1","municipality":"Écija","province":"SEVILLA","postalCode":"41400","schedule":"L-D: 24H","fuels":{"gasoline95":1.725,"gasoline95Premium":1.825,"diesel":1.935,"dieselPremium":2.045},"extra":{"saleType":"P","margin":"D","reportingType":"dm","ideess":"7109","idMunicipio":"6095","idProvincia":"41","idCCAA":"01"}}},{"type":"Feature","geometry":{"type":"Point","coordinates":[-5.484694,37.120472]},"properties":{"id":"es-7114","source":"ES","brand":"BP EL FONTANAL","address":"CARRETERA MORON-SEVILLA, KM 1.5 KM. 1,5","municipality":"Morón de la Frontera","province":"SEVILLA","postalCode":"41530","schedule":"L-V: 06:00-20:00","fuels":{"gasoline95":1.759,"diesel":1.995,"dieselPremium":2.095},"extra":{"saleType":"P","margin":"D","reportingType":"dm","ideess":"7114","idMunicipio":"6122","idProvincia":"41","idCCAA":"01"}}},{"type":"Feature","geometry":{"type":"Point","coordinates":[-5.769167,37.451111]},"properties":{"id":"es-7123","source":"ES","brand":"REPSOL","address":"CARRETERA N-4 KM. 519,5","municipality":"Carmona","province":"SEVILLA","postalCode":"41410","schedule":"L-D: 06:00-22:00","fuels":{"gasoline95":1.749,"gasoline95Premium":1.819,"gasoline98":1.919,"diesel":1.975,"dieselPremium":2.085,"dieselB":1.669},"extra":{"saleType":"P","margin":"D","reportingType":"OM","ideess":"7123","idMunicipio":"6079","idProvincia":"41","idCCAA":"01"}}},{"type":"Feature","geometry":{"type":"Point","coordinates":[-5.953472,37.393194]},"properties":{"id":"es-7134","source":"ES","brand":"REPSOL","address":"CL AVENIDA MONTESIERRA, S.Nº","municipality":"Sevilla","province":"SEVILLA","postalCode":"41007","schedule":"L-D: 06:00-23:00","fuels":{"gasoline95":1.759,"gasoline95Premium":1.839,"gasoline98":1.929,"diesel":1.959,"dieselPremium":2.029,"lpg":1.109},"extra":{"saleType":"P","margin":"D","reportingType":"OM","ideess":"7134","idMunicipio":"6148","idProvincia":"41","idCCAA":"01"}}},{"type":"Feature","geometry":{"type":"Point","coordinates":[-5.952944,37.478889]},"properties":{"id":"es-7138","source":"ES","brand":"REPSOL","address":"CR SE-118, 2,5","municipality":"Rinconada (La)","province":"SEVILLA","postalCode":"41300","schedule":"L-V: 06:00-23:00; S-D: 07:00-23:00","fuels":{"gasoline95":1.759,"gasoline98":1.929,"diesel":1.969,"dieselRenewable":2.089},"extra":{"saleType":"P","margin":"I","reportingType":"OM","ideess":"7138","idMunicipio":"6138","idProvincia":"41","idCCAA":"01"}}},{"type":"Feature","geometry":{"type":"Point","coordinates":[-5.970917,37.427917]},"properties":{"id":"es-7148","source":"ES","brand":"MOEVE","address":"CARRETERA SE-111 KM. 1,7","municipality":"Sevilla","province":"SEVILLA","postalCode":"41015","schedule":"L-D: 24H","fuels":{"gasoline95":1.799,"gasoline98":1.899,"diesel":1.929,"dieselPremium":2.019,"lpg":0.969,"adblue":0.98},"extra":{"saleType":"P","margin":"I","reportingType":"dm","ideess":"7148","idMunicipio":"6148","idProvincia":"41","idCCAA":"01"}}},{"type":"Feature","geometry":{"type":"Point","coordinates":[-5.989861,37.361028]},"properties":{"id":"es-7152","source":"ES","brand":"REPSOL","address":"AVENIDA RAZA (LA), 66","municipality":"Sevilla","province":"SEVILLA","postalCode":"41012","schedule":"L-D: 24H","fuels":{"gasoline95":1.765,"gasoline98":1.885,"diesel":1.975,"dieselPremium":2.075,"adblue":1.289},"extra":{"saleType":"P","margin":"I","reportingType":"dm","ideess":"7152","idMunicipio":"6148","idProvincia":"41","idCCAA":"01"}}},{"type":"Feature","geometry":{"type":"Point","coordinates":[-5.00525,37.249611]},"properties":{"id":"es-7153","source":"ES","brand":"REPSOL","address":"AVDA DE ANDALUCIA S/N","municipality":"Aguadulce","province":"SEVILLA","postalCode":"41550","schedule":"L-D: 07:00-21:00","fuels":{"gasoline95":1.729,"diesel":1.939,"dieselPremium":2.049},"extra":{"saleType":"P","margin":"N","reportingType":"OM","ideess":"7153","idMunicipio":"6055","idProvincia":"41","idCCAA":"01"}}},{"type":"Feature","geometry":{"type":"Point","coordinates":[-5.853056,37.326556]},"properties":{"id":"es-7156","source":"ES","brand":"REPSOL","address":"CARRETERA C-432 KM. 156","municipality":"Alcalá de Guadaíra","province":"SEVILLA","postalCode":"41500","schedule":"L-D: 06:00-23:00","fuels":{"gasoline95":1.789,"gasoline98":1.959,"diesel":1.995,"dieselPremium":2.055},"extra":{"saleType":"P","margin":"D","reportingType":"OM","ideess":"7156","idMunicipio":"6058","idProvincia":"41","idCCAA":"01"}}},{"type":"Feature","geometry":{"type":"Point","coordinates":[-5.925389,37.155]},"properties":{"id":"es-7159","source":"ES","brand":"REPSOL","address":"CL AVENIDA DE CADIZ, 85 (N-4 km 569)","municipality":"Palacios y Villafranca (Los)","province":"SEVILLA","postalCode":"41720","schedule":"L-D: 06:00-22:00","fuels":{"gasoline95":1.699,"diesel":1.854,"dieselB":1.559},"extra":{"saleType":"P","margin":"I","reportingType":"dm","ideess":"7159","idMunicipio":"6126","idProvincia":"41","idCCAA":"01"}}},{"type":"Feature","geometry":{"type":"Point","coordinates":[-5.75825,37.371]},"properties":{"id":"es-7161","source":"ES","brand":"REPSOL","address":"CL CERVANTES, 110","municipality":"Mairena del Alcor","province":"SEVILLA","postalCode":"41510","schedule":"L-D: 06:00-22:00","fuels":{"gasoline95":1.759,"gasoline98":1.929,"diesel":1.985,"dieselPremium":2.045},"extra":{"saleType":"P","margin":"D","reportingType":"OM","ideess":"7161","idMunicipio":"6115","idProvincia":"41","idCCAA":"01"}}},{"type":"Feature","geometry":{"type":"Point","coordinates":[-5.758444,37.371361]},"properties":{"id":"es-7162","source":"ES","brand":"REPSOL","address":"CALLE CERVANTES, 110","municipality":"Mairena del Alcor","province":"SEVILLA","postalCode":"41510","schedule":"L-V: 07:00-15:00","fuels":{"gasoline95":1.759,"gasoline98":1.929,"diesel":1.985,"dieselPremium":2.045},"extra":{"saleType":"P","margin":"I","reportingType":"OM","ideess":"7162","idMunicipio":"6115","idProvincia":"41","idCCAA":"01"}}},{"type":"Feature","geometry":{"type":"Point","coordinates":[-5.963361,37.394194]},"properties":{"id":"es-7228","source":"ES","brand":"MOEVE","address":"CALLE EFESO, 4","municipality":"Sevilla","province":"SEVILLA","postalCode":"41007","schedule":"L-V: 06:00-00:00; S-D: 00:00-02:00 y 07:00-00:00","fuels":{"gasoline95":1.769,"gasoline95Premium":1.839,"diesel":1.959,"dieselPremium":1.999},"extra":{"saleType":"P","margin":"N","reportingType":"dm","ideess":"7228","idMunicipio":"6148","idProvincia":"41","idCCAA":"01"}}},{"type":"Feature","geometry":{"type":"Point","coordinates":[-5.972472,37.337278]},"properties":{"id":"es-7229","source":"ES","brand":"BP OIL","address":"CARRETERA N-IV KM. 536,7","municipality":"Sevilla","province":"SEVILLA","postalCode":"41020","schedule":"L-D: 06:00-23:00","fuels":{"gasoline95":1.789,"diesel":1.989,"dieselPremium":2.089,"adblue":1.2},"extra":{"saleType":"P","margin":"N","reportingType":"dm","ideess":"7229","idMunicipio":"6148","idProvincia":"41","idCCAA":"01"}}},{"type":"Feature","geometry":{"type":"Point","coordinates":[-5.974806,37.376833]},"properties":{"id":"es-7230","source":"ES","brand":"REPSOL","address":"AVENIDA RAMON Y CAJAL, 10","municipality":"Sevilla","province":"SEVILLA","postalCode":"41005","schedule":"L-D: 07:00-23:00","fuels":{"gasoline95":1.785,"gasoline98":1.955,"diesel":1.955,"dieselPremium":2.035},"extra":{"saleType":"P","margin":"D","reportingType":"OM","ideess":"7230","idMunicipio":"6148","idProvincia":"41","idCCAA":"01"}}},{"type":"Feature","geometry":{"type":"Point","coordinates":[-5.91575,37.288194]},"properties":{"id":"es-7238","source":"ES","brand":"REPSOL","address":"C/ AVENIDA 28 DE FEBRERO, 12","municipality":"Dos Hermanas","province":"SEVILLA","postalCode":"41700","schedule":"L-D: 06:00-22:30","fuels":{"gasoline95":1.775,"gasoline98":1.935,"diesel":1.959,"dieselPremium":2.029},"extra":{"saleType":"P","margin":"N","reportingType":"dm","ideess":"7238","idMunicipio":"6094","idProvincia":"41","idCCAA":"01"}}},{"type":"Feature","geometry":{"type":"Point","coordinates":[-5.460222,37.121083]},"properties":{"id":"es-7239","source":"ES","brand":"REPSOL","address":"AV ALAMEDA, 49","municipality":"Morón de la Frontera","province":"SEVILLA","postalCode":"41530","schedule":"L-D: 07:00-21:00","fuels":{"gasoline95":1.725,"gasoline98":1.895,"diesel":1.995,"dieselPremium":2.055},"extra":{"saleType":"P","margin":"N","reportingType":"OM","ideess":"7239","idMunicipio":"6122","idProvincia":"41","idCCAA":"01"}}},{"type":"Feature","geometry":{"type":"Point","coordinates":[-5.968806,37.373389]},"properties":{"id":"es-7243","source":"ES","brand":"REPSOL","address":"CL AVDA. ALCALDE JUAN FERNANDEZ, S. (A-92 km 4)","municipality":"Sevilla","province":"SEVILLA","postalCode":"41005","schedule":"L-D: 06:00-22:00","fuels":{"gasoline95":1.779,"gasoline98":1.949,"diesel":1.955,"dieselPremium":2.015},"extra":{"saleType":"P","margin":"I","reportingType":"OM","ideess":"7243","idMunicipio":"6148","idProvincia":"41","idCCAA":"01"}}},{"type":"Feature","geometry":{"type":"Point","coordinates":[-5.073111,37.541806]},"properties":{"id":"es-7245","source":"ES","brand":"REPSOL","address":"AVENIDA DOCTOR FLEMING, 45","municipality":"Écija","province":"SEVILLA","postalCode":"41400","schedule":"L-S: 07:30-14:30","fuels":{"gasoline95":1.725,"gasoline98":1.895,"diesel":1.935,"dieselPremium":2.045},"extra":{"saleType":"P","margin":"D","reportingType":"OM","ideess":"7245","idMunicipio":"6095","idProvincia":"41","idCCAA":"01"}}},{"type":"Feature","geometry":{"type":"Point","coordinates":[-5.976917,37.350167]},"properties":{"id":"es-7246","source":"ES","brand":"REPSOL","address":"CR N-4, 544","municipality":"Sevilla","province":"SEVILLA","postalCode":"41012","schedule":"L-D: 24H","fuels":{"gasoline95":1.775,"gasoline98":1.895,"diesel":1.985,"dieselRenewable":2.105,"lpg":1.139},"extra":{"saleType":"P","margin":"D","reportingType":"OM","ideess":"7246","idMunicipio":"6148","idProvincia":"41","idCCAA":"01"}}},{"type":"Feature","geometry":{"type":"Point","coordinates":[-5.935028,37.386972]},"properties":{"id":"es-7249","source":"ES","brand":"REPSOL","address":"AUTOVIA A-92 KM. 2","municipality":"Sevilla","province":"SEVILLA","postalCode":"41007","schedule":"L-D: 06:00-22:00","fuels":{"gasoline95":1.769,"gasoline98":1.939,"diesel":1.955,"dieselPremium":2.015},"extra":{"saleType":"P","margin":"I","reportingType":"OM","ideess":"7249","idMunicipio":"6148","idProvincia":"41","idCCAA":"01"}}},{"type":"Feature","geometry":{"type":"Point","coordinates":[-5.931194,37.274028]},"properties":{"id":"es-7250","source":"ES","brand":"BP NUESTRA SEÑORA DE VALME","address":"CARRETERA MADRID-CADIZ KM. 555,5","municipality":"Dos Hermanas","province":"SEVILLA","postalCode":"41700","schedule":"L-D: 06:00-22:00","fuels":{"gasoline95":1.769,"gasoline98":1.909,"diesel":1.965,"dieselPremium":2.055},"extra":{"saleType":"P","margin":"I","reportingType":"OM","ideess":"7250","idMunicipio":"6094","idProvincia":"41","idCCAA":"01"}}},{"type":"Feature","geometry":{"type":"Point","coordinates":[-5.164833,37.4895]},"properties":{"id":"es-7266","source":"ES","brand":"GENIL","address":"CARRETERA A-364 KM. 7","municipality":"Écija","province":"SEVILLA","postalCode":"41400","schedule":"L-S: 07:00-14:00","fuels":{"gasoline95":1.749,"diesel":1.929,"dieselPremium":2.039,"dieselB":1.619},"extra":{"saleType":"P","margin":"I","reportingType":"dm","ideess":"7266","idMunicipio":"6095","idProvincia":"41","idCCAA":"01"}}},{"type":"Feature","geometry":{"type":"Point","coordinates":[-5.127833,37.237056]},"properties":{"id":"es-7267","source":"ES","brand":"REPSOL","address":"CARRETERA N-334 KM. 85,42","municipality":"Osuna","province":"SEVILLA","postalCode":"41640","schedule":"L-D: 06:00-22:00","fuels":{"gasoline95":1.749,"gasoline95Premium":1.819,"diesel":1.949,"dieselB":1.705,"dieselRenewable":2.069},"extra":{"saleType":"P","margin":"D","reportingType":"OM","ideess":"7267","idMunicipio":"6125","idProvincia":"41","idCCAA":"01"}}},{"type":"Feature","geometry":{"type":"Point","coordinates":[-5.730806,37.589583]},"properties":{"id":"es-7271","source":"ES","brand":"REPSOL","address":"AVENIDA AVENIDA DE SEVILLA, 1","municipality":"Tocina","province":"SEVILLA","postalCode":"41330","schedule":"L-S: 06:30-21:30","fuels":{"gasoline95":1.789,"diesel":1.929,"dieselPremium":1.995},"extra":{"saleType":"P","margin":"I","reportingType":"dm","ideess":"7271","idMunicipio":"6149","idProvincia":"41","idCCAA":"01"}}},{"type":"Feature","geometry":{"type":"Point","coordinates":[-5.974444,37.458472]},"properties":{"id":"es-7273","source":"ES","brand":"E.S. LA CATRIA","address":"CARRETERA SEVILLA-CAZALLA KM. 6,100","municipality":"Rinconada (La)","province":"SEVILLA","postalCode":"41309","schedule":"L-D: 24H","fuels":{"gasoline95":1.598,"diesel":1.738,"dieselPremium":1.858,"adblue":0.969},"extra":{"saleType":"P","margin":"D","reportingType":"dm","ideess":"7273","idMunicipio":"6138","idProvincia":"41","idCCAA":"01"}}},{"type":"Feature","geometry":{"type":"Point","coordinates":[-5.548472,37.651389]},"properties":{"id":"es-7274","source":"ES","brand":"BP MATALLANA LORA DEL RIO","address":"POLIGONO IND. MATALLANA, C/CARRETERIA, 1","municipality":"Lora del Río","province":"SEVILLA","postalCode":"41440","schedule":"L-D: 06:00-22:00","fuels":{"gasoline95":1.779,"diesel":1.969,"dieselPremium":2.046,"adblue":1.0},"extra":{"saleType":"P","margin":"N","reportingType":"dm","ideess":"7274","idMunicipio":"6112","idProvincia":"41","idCCAA":"01"}}},{"type":"Feature","geometry":{"type":"Point","coordinates":[-5.934722,37.486833]},"properties":{"id":"es-7275","source":"ES","brand":"BP","address":"CALLE ALFRED NOBEL, 2","municipality":"Rinconada (La)","province":"SEVILLA","postalCode":"41300","schedule":"L-D: 06:30-22:30","fuels":{"gasoline95":1.765,"gasoline98":1.945,"diesel":1.985,"dieselPremium":2.075,"lpg":1.099},"extra":{"saleType":"P","margin":"N","reportingType":"dm","ideess":"7275","idMunicipio":"6138","idProvincia":"41","idCCAA":"01"}}},{"type":"Feature","geometry":{"type":"Point","coordinates":[-5.936694,37.28675]},"properties":{"id":"es-7280","source":"ES","brand":"BP GALISES II","address":"RD CIRCUNVALACION CON N-IV","municipality":"Dos Hermanas","province":"SEVILLA","postalCode":"41700","schedule":"L-D: 24H","fuels":{"gasoline95":1.769,"gasoline98":1.909,"diesel":1.965,"dieselPremium":2.055,"adblue":1.085},"extra":{"saleType":"P","margin":"N","reportingType":"OM","ideess":"7280","idMunicipio":"6094","idProvincia":"41","idCCAA":"01"}}},{"type":"Feature","geometry":{"type":"Point","coordinates":[-5.909611,37.279944]},"properties":{"id":"es-7281","source":"ES","brand":"SHELL","address":"GL CATAELGALLO","municipality":"Dos Hermanas","province":"SEVILLA","postalCode":"41700","schedule":"L-D: 24H","fuels":{"gasoline95":1.764,"gasoline98":1.904,"diesel":1.939,"dieselPremium":2.019},"extra":{"saleType":"P","margin":"N","reportingType":"OM","ideess":"7281","idMunicipio":"6094","idProvincia":"41","idCCAA":"01"}}},{"type":"Feature","geometry":{"type":"Point","coordinates":[-5.846611,37.347583]},"properties":{"id":"es-7282","source":"ES","brand":"SHELL","address":"CL MAR CANTABRICO 13","municipality":"Alcalá de Guadaíra","province":"SEVILLA","postalCode":"41500","schedule":"L-D: 06:00-00:00","fuels":{"gasoline95":1.759,"gasoline98":1.899,"diesel":1.909,"dieselPremium":1.989},"extra":{"saleType":"P","margin":"N","reportingType":"OM","ideess":"7282","idMunicipio":"6058","idProvincia":"41","idCCAA":"01"}}},{"type":"Feature","geometry":{"type":"Point","coordinates":[-5.0905,37.547333]},"properties":{"id":"es-7283","source":"ES","brand":"BP","address":"POLIGONO EL BARRERO, C/ ARTESANOS, 29","municipality":"Écija","province":"SEVILLA","postalCode":"41400","schedule":"L-S: 06:00-23:00; D: 07:00-23:00","fuels":{"gasoline95":1.799,"gasoline98":2.019,"diesel":1.959,"dieselPremium":2.05},"extra":{"saleType":"P","margin":"N","reportingType":"dm","ideess":"7283","idMunicipio":"6095","idProvincia":"41","idCCAA":"01"}}},{"type":"Feature","geometry":{"type":"Point","coordinates":[-5.938278,37.347611]},"properties":{"id":"es-7285","source":"ES","brand":"REPSOL MONTEQUINTO","address":"CALLE VIA APIA, 62","municipality":"Dos Hermanas","province":"SEVILLA","postalCode":"41089","schedule":"L-D: 24H","fuels":{"gasoline95":1.779,"gasoline98":1.905,"diesel":1.995,"dieselPremium":2.115,"adblue":1.3},"extra":{"saleType":"P","margin":"D","reportingType":"dm","ideess":"7285","idMunicipio":"6094","idProvincia":"41","idCCAA":"01"}}},{"type":"Feature","geometry":{"type":"Point","coordinates":[-5.937917,37.380944]},"properties":{"id":"es-7290","source":"ES","brand":"MOEVE","address":"POLIGONO INDUSTRIAL LA NEGRILLA, PERITO, 6 -  PARC","municipality":"Sevilla","province":"SEVILLA","postalCode":"41006","schedule":"L-D: 24H","fuels":{"gasoline95":1.784,"gasoline95Premium":1.904,"gasoline98":1.944,"diesel":1.994,"dieselRenewable":2.134},"extra":{"saleType":"P","margin":"D","reportingType":"OM","ideess":"7290","idMunicipio":"6148","idProvincia":"41","idCCAA":"01"}}},{"type":"Feature","geometry":{"type":"Point","coordinates":[-5.873111,37.586667]},"properties":{"id":"es-7291","source":"ES","brand":"CEPSA","address":"AVENIDA HUERTA, 14","municipality":"Villaverde del Río","province":"SEVILLA","postalCode":"41318","schedule":"L-D: 06:00-22:00","fuels":{"gasoline95":1.769,"gasoline95Premium":1.789,"diesel":1.914,"dieselPremium":1.944},"extra":{"saleType":"P","margin":"D","reportingType":"dm","ideess":"7291","idMunicipio":"6158","idProvincia":"41","idCCAA":"01"}}},{"type":"Feature","geometry":{"type":"Point","coordinates":[-5.143778,37.523194]},"properties":{"id":"es-7293","source":"ES","brand":"MOEVE","address":"CARRETERA E-5/A-4 KM. 460","municipality":"Écija","province":"SEVILLA","postalCode":"41400","schedule":"L-D: 06:00-22:00","fuels":{"gasoline95":1.799,"diesel":1.969,"dieselPremium":2.019,"adblue":1.05},"extra":{"saleType":"P","margin":"D","reportingType":"dm","ideess":"7293","idMunicipio":"6095","idProvincia":"41","idCCAA":"01"}}},{"type":"Feature","geometry":{"type":"Point","coordinates":[-5.943111,37.394639]},"properties":{"id":"es-7294","source":"ES","brand":"MOEVE","address":"CALLE MARTILLO, 18","municipality":"Sevilla","province":"SEVILLA","postalCode":"41020","schedule":"L-D: 24H","fuels":{"gasoline95":1.794,"gasoline95Premium":1.894,"gasoline98":1.924,"diesel":1.979,"dieselPremium":2.099,"dieselB":1.684},"extra":{"saleType":"P","margin":"I","reportingType":"OM","ideess":"7294","idMunicipio":"6148","idProvincia":"41","idCCAA":"01"}}},{"type":"Feature","geometry":{"type":"Point","coordinates":[-5.757167,37.426944]},"properties":{"id":"es-7296","source":"ES","brand":"E.S.LOS MOLINILLOS","address":"CARRETERA S-206 KM. 6,9","municipality":"Carmona","province":"SEVILLA","postalCode":"41410","schedule":"L-D: 24H","fuels":{"gasoline95":1.649,"diesel":1.769},"extra":{"saleType":"P","margin":"I","reportingType":"dm","ideess":"7296","idMunicipio":"6079","idProvincia":"41","idCCAA":"01"}}},{"type":"Feature","geometry":{"type":"Point","coordinates":[-5.441778,37.285056]},"properties":{"id":"es-7298","source":"ES","brand":"CEPSA","address":"CARRETERA AUTONOMICA 364 KM. 41","municipality":"Marchena","province":"SEVILLA","postalCode":"41620","schedule":"L-V: 07:00-15:00","fuels":{"gasoline95":1.774,"diesel":2.004,"dieselPremium":2.084},"extra":{"saleType":"P","margin":"D","reportingType":"OM","ideess":"7298","idMunicipio":"6117","idProvincia":"41","idCCAA":"01"}}},{"type":"Feature","geometry":{"type":"Point","coordinates":[-5.417889,37.321722]},"properties":{"id":"es-7299","source":"ES","brand":"MOEVE","address":"TRAVESÍA SAN IGNACIO, 37,3","municipality":"Marchena","province":"SEVILLA","postalCode":"41620","schedule":"L-D: 05:00-23:00","fuels":{"gasoline95":1.714,"diesel":1.984,"adblue":0.999},"extra":{"saleType":"P","margin":"I","reportingType":"dm","ideess":"7299","idMunicipio":"6117","idProvincia":"41","idCCAA":"01"}}},{"type":"Feature","geometry":{"type":"Point","coordinates":[-5.859778,37.329833]},"properties":{"id":"es-7300","source":"ES","brand":"CEPSA","address":"SE-415 km 0,7","municipality":"Alcalá de Guadaíra","province":"SEVILLA","postalCode":"41500","schedule":"L-V: 06:00-22:00; S-D: 07:00-15:00","fuels":{"gasoline95":1.794,"gasoline95Premium":1.914,"diesel":2.004,"dieselPremium":2.094},"extra":{"saleType":"P","margin":"D","reportingType":"dm","ideess":"7300","idMunicipio":"6058","idProvincia":"41","idCCAA":"01"}}},{"type":"Feature","geometry":{"type":"Point","coordinates":[-5.721667,37.651028]},"properties":{"id":"es-7301","source":"ES","brand":"CEPSA","address":"AVENIDA CONSTITUCION, 68","municipality":"Villanueva del Río y Minas","province":"SEVILLA","postalCode":"41350","schedule":"L-D: 24H","fuels":{"gasoline95":1.799,"diesel":1.929,"dieselB":1.679},"extra":{"saleType":"P","margin":"D","reportingType":"dm","ideess":"7301","idMunicipio":"6157","idProvincia":"41","idCCAA":"01"}}},{"type":"Feature","geometry":{"type":"Point","coordinates":[-5.744778,37.607917]},"properties":{"id":"es-7302","source":"ES","brand":"AGLA","address":"CARRETERA SE4101 KM. 0,800","municipality":"Tocina","province":"SEVILLA","postalCode":"41340","schedule":"L-S: 07:00-22:00; D: 07:00-15:00","fuels":{"gasoline95":1.699,"diesel":1.799},"extra":{"saleType":"P","margin":"I","reportingType":"dm","ideess":"7302","idMunicipio":"6149","idProvincia":"41","idCCAA":"01"}}},{"type":"Feature","geometry":{"type":"Point","coordinates":[-5.962889,37.403583]},"properties":{"id":"es-7303","source":"ES","brand":"CEPSA","address":"CALLE GRAMIL, SN","municipality":"Sevilla","province":"SEVILLA","postalCode":"41008","schedule":"L-D: 24H","fuels":{"gasoline95":1.774,"gasoline95Premium":1.864,"diesel":1.969,"dieselPremium":2.074,"adblue":0.99},"extra":{"saleType":"P","margin":"D","reportingType":"dm","ideess":"7303","idMunicipio":"6148","idProvincia":"41","idCCAA":"01"}}},{"type":"Feature","geometry":{"type":"Point","coordinates":[-5.963361,37.404167]},"properties":{"id":"es-7304","source":"ES","brand":"CEPSA","address":"CALLE GRAMIL, SN","municipality":"Sevilla","province":"SEVILLA","postalCode":"41008","schedule":"L-V: 06:00-22:00; S: 06:00-14:00","fuels":{"gasoline95":1.774,"gasoline95Premium":1.864,"gasoline98":1.894,"diesel":1.969},"extra":{"saleType":"P","margin":"I","reportingType":"dm","ideess":"7304","idMunicipio":"6148","idProvincia":"41","idCCAA":"01"}}},{"type":"Feature","geometry":{"type":"Point","coordinates":[-5.957083,37.416]},"properties":{"id":"es-7305","source":"ES","brand":"CEPSA","address":"CALLE ESCARPIA, 1","municipality":"Sevilla","province":"SEVILLA","postalCode":"41008","schedule":"L-D: 24H","fuels":{"gasoline95":1.774,"gasoline95Premium":1.864,"gasoline98":1.894,"diesel":1.969,"dieselPremium":2.074},"extra":{"saleType":"P","margin":"D","reportingType":"dm","ideess":"7305","idMunicipio":"6148","idProvincia":"41","idCCAA":"01"}}},{"type":"Feature","geometry":{"type":"Point","coordinates":[-5.997139,37.448833]},"properties":{"id":"es-7308","source":"ES","brand":"CEPSA","address":"CARRETERA A-431 KM. 133,9","municipality":"Rinconada (La)","province":"SEVILLA","postalCode":"41309","schedule":"L-V: 07:00-21:00; S: 08:00-15:00","fuels":{"gasoline95":1.874,"gasoline95Premium":1.994,"gasoline98":2.034,"diesel":2.074,"dieselPremium":2.174},"extra":{"saleType":"P","margin":"D","reportingType":"dm","ideess":"7308","idMunicipio":"6138","idProvincia":"41","idCCAA":"01"}}},{"type":"Feature","geometry":{"type":"Point","coordinates":[-5.834083,37.433444]},"properties":{"id":"es-7309","source":"ES","brand":"EASYGAS","address":"CARRETERA NACIONAL IV KM. 529,8","municipality":"Rinconada (La)","province":"SEVILLA","postalCode":"41309","schedule":"L-D: 24H","fuels":{"gasoline95":1.599,"gasoline95Premium":1.599,"diesel":1.735,"dieselPremium":1.735},"extra":{"saleType":"P","margin":"I","reportingType":"dm","ideess":"7309","idMunicipio":"6138","idProvincia":"41","idCCAA":"01"}}},{"type":"Feature","geometry":{"type":"Point","coordinates":[-5.978306,37.501056]},"properties":{"id":"es-7310","source":"ES","brand":"MASFUEL","address":"CARRETERA A-8002 KM. 7,6","municipality":"Rinconada (La)","province":"SEVILLA","postalCode":"41309","schedule":"L-D: 24H","fuels":{"gasoline95":1.569,"diesel":1.719,"dieselPremium":1.858},"extra":{"saleType":"P","margin":"D","reportingType":"dm","ideess":"7310","idMunicipio":"6138","idProvincia":"41","idCCAA":"01"}}},{"type":"Feature","geometry":{"type":"Point","coordinates":[-5.987306,37.512083]},"properties":{"id":"es-7311","source":"ES","brand":"ILIPAMAGNA","address":"CALLE VARIANTE CC-431, 127,4","municipality":"Alcalá del Río","province":"SEVILLA","postalCode":"41200","schedule":"L-D: 05:00-23:00","fuels":{"gasoline95":1.592,"diesel":1.777,"dieselPremium":1.912,"dieselB":1.589,"adblue":0.859},"extra":{"saleType":"P","margin":"I","reportingType":"dm","ideess":"7311","idMunicipio":"6059","idProvincia":"41","idCCAA":"01"}}},{"type":"Feature","geometry":{"type":"Point","coordinates":[-5.881083,37.38175]},"properties":{"id":"es-7313","source":"ES","brand":"HIJOS DE OLIVA","address":"CALLE UNO, 16","municipality":"Alcalá de Guadaíra","province":"SEVILLA","postalCode":"41500","schedule":"L-S: 06:00-22:00","fuels":{"gasoline95":1.629,"diesel":1.769},"extra":{"saleType":"P","margin":"D","reportingType":"dm","ideess":"7313","idMunicipio":"6058","idProvincia":"41","idCCAA":"01"}}},{"type":"Feature","geometry":{"type":"Point","coordinates":[-5.834278,37.242139]},"properties":{"id":"es-7314","source":"ES","brand":"MOEVE","address":"CARRETERA A-376 KM. 18","municipality":"Alcalá de Guadaíra","province":"SEVILLA","postalCode":"41500","schedule":"L-D: 06:00-22:00","fuels":{"gasoline95":1.794,"gasoline95Premium":1.914,"diesel":1.994,"dieselPremium":2.094,"adblue":0.899},"extra":{"saleType":"P","margin":"I","reportingType":"dm","ideess":"7314","idMunicipio":"6058","idProvincia":"41","idCCAA":"01"}}},{"type":"Feature","geometry":{"type":"Point","coordinates":[-5.849722,37.178917]},"properties":{"id":"es-7317","source":"ES","brand":"CEPSA","address":"CARRETERA UTRERA-LOS PALACIOS A362 KM. 4,2","municipality":"Utrera","province":"SEVILLA","postalCode":"41710","schedule":"L-V: 06:00-20:00; S: 07:00-15:00","fuels":{"gasoline95":1.794,"diesel":1.999,"dieselPremium":2.094},"extra":{"saleType":"P","margin":"D","reportingType":"OM","ideess":"7317","idMunicipio":"6152","idProvincia":"41","idCCAA":"01"}}},{"type":"Feature","geometry":{"type":"Point","coordinates":[-5.929194,37.415278]},"properties":{"id":"es-7322","source":"ES","brand":"REPSOL","address":"CARRETERA E-5/A-4 KM. 535,8","municipality":"Sevilla","province":"SEVILLA","postalCode":"41019","schedule":"L-D: 06:00-22:00","fuels":{"gasoline95":1.749,"gasoline98":1.919,"diesel":1.975,"dieselPremium":2.085},"extra":{"saleType":"P","margin":"D","reportingType":"OM","ideess":"7322","idMunicipio":"6148","idProvincia":"41","idCCAA":"01"}}},{"type":"Feature","geometry":{"type":"Point","coordinates":[-5.928194,37.414917]},"properties":{"id":"es-7323","source":"ES","brand":"MOEVE","address":"CARRETERA E-5/A-4 KM. 535,8","municipality":"Sevilla","province":"SEVILLA","postalCode":"41019","schedule":"L-D: 06:00-22:00","fuels":{"gasoline95":1.809,"gasoline98":1.944,"diesel":1.984,"dieselPremium":2.104,"lpg":1.159},"extra":{"saleType":"P","margin":"I","reportingType":"dm","ideess":"7323","idMunicipio":"6148","idProvincia":"41","idCCAA":"01"}}},{"type":"Feature","geometry":{"type":"Point","coordinates":[-5.878111,37.543417]},"properties":{"id":"es-7327","source":"ES","brand":"MOEVE","address":"AVENIDA DE SEVILLA, S/N","municipality":"Brenes","province":"SEVILLA","postalCode":"41310","schedule":"L-D: 06:00-22:00","fuels":{"gasoline95":1.784,"diesel":1.989,"dieselPremium":2.084,"dieselB":1.684},"extra":{"saleType":"P","margin":"I","reportingType":"OM","ideess":"7327","idMunicipio":"6072","idProvincia":"41","idCCAA":"01"}}},{"type":"Feature","geometry":{"type":"Point","coordinates":[-5.758944,37.936528]},"properties":{"id":"es-7328","source":"ES","brand":"CEPSA","address":"CARRETERA A-455 KM. 0","municipality":"Cazalla de la Sierra","province":"SEVILLA","postalCode":"41370","schedule":"L-V: 07:00-14:00","fuels":{"gasoline95":1.799,"diesel":1.979,"dieselPremium":2.069},"extra":{"saleType":"P","margin":"D","reportingType":"dm","ideess":"7328","idMunicipio":"6087","idProvincia":"41","idCCAA":"01"}}},{"type":"Feature","geometry":{"type":"Point","coordinates":[-5.952611,37.295583]},"properties":{"id":"es-7332","source":"ES","brand":"BALLENOIL","address":"CARRERA N IV K.M.552,4, 2","municipality":"Dos Hermanas","province":"SEVILLA","postalCode":"41700","schedule":"L-D: 24H","fuels":{"gasoline95":1.629,"diesel":1.735,"dieselPremium":1.755},"extra":{"saleType":"P","margin":"D","reportingType":"OM","ideess":"7332","idMunicipio":"6094","idProvincia":"41","idCCAA":"01"}}},{"type":"Feature","geometry":{"type":"Point","coordinates":[-5.952556,37.296389]},"properties":{"id":"es-7333","source":"ES","brand":"BALLENOIL","address":"A-4 km 552,4","municipality":"Dos Hermanas","province":"SEVILLA","postalCode":"41700","schedule":"L-D: 24H","fuels":{"gasoline95":1.629,"diesel":1.735,"dieselPremium":1.755},"extra":{"saleType":"P","margin":"I","reportingType":"OM","ideess":"7333","idMunicipio":"6094","idProvincia":"41","idCCAA":"01"}}},{"type":"Feature","geometry":{"type":"Point","coordinates":[-5.113167,37.23875]},"properties":{"id":"es-7335","source":"ES","brand":"CEPSA","address":"CALLE ALFONSO XII, 62","municipality":"Osuna","province":"SEVILLA","postalCode":"41640","schedule":"L-D: 06:00-22:00","fuels":{"gasoline95":1.739,"diesel":1.959,"dieselPremium":2.019,"dieselB":1.719,"adblue":0.95},"extra":{"saleType":"P","margin":"D","reportingType":"dm","ideess":"7335","idMunicipio":"6125","idProvincia":"41","idCCAA":"01"}}},{"type":"Feature","geometry":{"type":"Point","coordinates":[-5.711833,37.295528]},"properties":{"id":"es-7340","source":"ES","brand":"CEPSA","address":"AUTOVIA A-92 KM. 24","municipality":"Carmona","province":"SEVILLA","postalCode":"41410","schedule":"L-V: 06:00-22:00; S-D: 07:00-22:00","fuels":{"gasoline95":1.794,"gasoline98":1.914,"diesel":1.984,"dieselPremium":2.104},"extra":{"saleType":"P","margin":"D","reportingType":"dm","ideess":"7340","idMunicipio":"6079","idProvincia":"41","idCCAA":"01"}}},{"type":"Feature","geometry":{"type":"Point","coordinates":[-5.711278,37.296194]},"properties":{"id":"es-7341","source":"ES","brand":"CEPSA","address":"AUTOVIA A-92 KM. 24,000","municipality":"Carmona","province":"SEVILLA","postalCode":"41410","schedule":"L-V: 06:00-22:00","fuels":{"gasoline95":1.794,"gasoline98":1.914,"diesel":1.984,"dieselPremium":2.104},"extra":{"saleType":"P","margin":"I","reportingType":"dm","ideess":"7341","idMunicipio":"6079","idProvincia":"41","idCCAA":"01"}}},{"type":"Feature","geometry":{"type":"Point","coordinates":[-5.738889,37.149806]},"properties":{"id":"es-7343","source":"ES","brand":"REPSOL","address":"CARRETERA CRTA SEVILLA - RONDA A-376 KM. 59,2","municipality":"Molares (Los)","province":"SEVILLA","postalCode":"41750","schedule":"L-D: 06:00-22:00","fuels":{"gasoline95":1.759,"gasoline98":1.95,"diesel":1.92,"dieselPremium":1.98,"adblue":1.1},"extra":{"saleType":"P","margin":"I","reportingType":"dm","ideess":"7343","idMunicipio":"6120","idProvincia":"41","idCCAA":"01"}}},{"type":"Feature","geometry":{"type":"Point","coordinates":[-5.409556,37.254111]},"properties":{"id":"es-7345","source":"ES","brand":"SHELL","address":"AUTOVIA A-92 KM. 53,800","municipality":"Marchena","province":"SEVILLA","postalCode":"41620","schedule":"L-V: 07:00-21:00; S: 08:00-15:00","fuels":{"gasoline95":1.724,"gasoline98":1.864,"diesel":1.904,"dieselPremium":1.984},"extra":{"saleType":"P","margin":"D","reportingType":"OM","ideess":"7345","idMunicipio":"6117","idProvincia":"41","idCCAA":"01"}}},{"type":"Feature","geometry":{"type":"Point","coordinates":[-5.984889,37.383778]},"properties":{"id":"es-7348","source":"ES","brand":"BALLENOIL","address":"CALLE MARQUES DE PARADAS, 53","municipality":"Sevilla","province":"SEVILLA","postalCode":"41001","schedule":"L-D: 24H","fuels":{"gasoline95":1.585,"diesel":1.749},"extra":{"saleType":"P","margin":"D","reportingType":"OM","ideess":"7348","idMunicipio":"6148","idProvincia":"41","idCCAA":"01"}}},{"type":"Feature","geometry":{"type":"Point","coordinates":[-5.955861,37.404972]},"properties":{"id":"es-7351","source":"ES","brand":"BP OIL","address":"AVENIDA KANSAS CITY, S/N","municipality":"Sevilla","province":"SEVILLA","postalCode":"41007","schedule":"L-D: 07:00-23:00","fuels":{"gasoline95":1.769,"diesel":1.939,"dieselPremium":1.995},"extra":{"saleType":"P","margin":"I","reportingType":"dm","ideess":"7351","idMunicipio":"6148","idProvincia":"41","idCCAA":"01"}}},{"type":"Feature","geometry":{"type":"Point","coordinates":[-5.989611,37.379639]},"properties":{"id":"es-7352","source":"ES","brand":"MOEVE","address":"GLORIETA SAN DIEGO, S/N","municipality":"Sevilla","province":"SEVILLA","postalCode":"41004","schedule":"L-S: 07:00-21:00","fuels":{"gasoline95":1.805,"diesel":1.975},"extra":{"saleType":"P","margin":"D","reportingType":"dm","ideess":"7352","idMunicipio":"6148","idProvincia":"41","idCCAA":"01"}}},{"type":"Feature","geometry":{"type":"Point","coordinates":[-5.6185,37.862111]},"properties":{"id":"es-7360","source":"ES","brand":"REPSOL","address":"CARRETERA C-432 KM. 74,2","municipality":"Constantina","province":"SEVILLA","postalCode":"41450","schedule":"L-D: 06:00-22:00","fuels":{"gasoline95":1.769,"gasoline98":1.879,"diesel":1.949,"dieselPremium":1.979},"extra":{"saleType":"P","margin":"D","reportingType":"dm","ideess":"7360","idMunicipio":"6088","idProvincia":"41","idCCAA":"01"}}},{"type":"Feature","geometry":{"type":"Point","coordinates":[-5.392389,37.703139]},"properties":{"id":"es-7372","source":"ES","brand":"REPSOL","address":"CARRETERA CTRA. C-431, KM. 62.8 KM. 62,8","municipality":"Peñaflor","province":"SEVILLA","postalCode":"41470","schedule":"L-D: 06:00-22:00","fuels":{"gasoline95":1.725,"diesel":1.939,"dieselPremium":2.049,"dieselB":1.679},"extra":{"saleType":"P","margin":"D","reportingType":"OM","ideess":"7372","idMunicipio":"6131","idProvincia":"41","idCCAA":"01"}}},{"type":"Feature","geometry":{"type":"Point","coordinates":[-5.224639,37.355361]},"properties":{"id":"es-7374","source":"ES","brand":"REPSOL","address":"CARRETERA SE-700 KM. 9,200","municipality":"Lantejuela (La)","province":"SEVILLA","postalCode":"41630","schedule":"L-S: 07:00-21:00","fuels":{"gasoline95":1.725,"diesel":1.935,"dieselPremium":2.045,"dieselB":1.705},"extra":{"saleType":"P","margin":"D","reportingType":"OM","ideess":"7374","idMunicipio":"6109","idProvincia":"41","idCCAA":"01"}}},{"type":"Feature","geometry":{"type":"Point","coordinates":[-5.984556,37.40025]},"properties":{"id":"es-7377","source":"ES","brand":"REPSOL","address":"RONDA RONDA DE CAPUCHINOS, 1","municipality":"Sevilla","province":"SEVILLA","postalCode":"41009","schedule":"L-D: 24H","fuels":{"gasoline95":1.809,"gasoline98":1.939,"diesel":2.009,"dieselPremium":2.112},"extra":{"saleType":"P","margin":"D","reportingType":"dm","ideess":"7377","idMunicipio":"6148","idProvincia":"41","idCCAA":"01"}}},{"type":"Feature","geometry":{"type":"Point","coordinates":[-5.306556,37.226611]},"properties":{"id":"es-7378","source":"ES","brand":"REPSOL","address":"CARRETERA NACIONAL 334 KM. 69,2","municipality":"Puebla de Cazalla (La)","province":"SEVILLA","postalCode":"41540","schedule":"L-V: 06:00-21:00; S: 07:00-21:00; D: 07:00-14:00","fuels":{"gasoline95":1.755,"diesel":1.935,"dieselRenewable":2.055},"extra":{"saleType":"P","margin":"D","reportingType":"dm","ideess":"7378","idMunicipio":"6134","idProvincia":"41","idCCAA":"01"}}},{"type":"Feature","geometry":{"type":"Point","coordinates":[-5.667056,37.617861]},"properties":{"id":"es-7379","source":"ES","brand":"CEPSA","address":"CARRETERA SE 431 KM 89 KM. 89","municipality":"Alcolea del Río","province":"SEVILLA","postalCode":"41449","schedule":"L-D: 24H","fuels":{"gasoline95":1.799,"diesel":1.929,"dieselPremium":2.019,"dieselB":1.679,"adblue":0.98},"extra":{"saleType":"P","margin":"I","reportingType":"dm","ideess":"7379","idMunicipio":"6060","idProvincia":"41","idCCAA":"01"}}},{"type":"Feature","geometry":{"type":"Point","coordinates":[-5.650917,37.465056]},"properties":{"id":"es-7383","source":"ES","brand":"REPSOL","address":"PASEO PASEO CRUZ DEL CARMEN, S/N","municipality":"Carmona","province":"SEVILLA","postalCode":"41410","schedule":"L-S: 06:00-22:00; D: 09:00-14:00","fuels":{"gasoline95":1.765,"gasoline95Premium":1.825,"diesel":1.949,"dieselPremium":2.009},"extra":{"saleType":"P","margin":"D","reportingType":"OM","ideess":"7383","idMunicipio":"6079","idProvincia":"41","idCCAA":"01"}}},{"type":"Feature","geometry":{"type":"Point","coordinates":[-5.549639,37.256722]},"properties":{"id":"es-7387","source":"ES","brand":"MOEVE","address":"CALLE VILLAMARTÍN, 1","municipality":"Arahal","province":"SEVILLA","postalCode":"41600","schedule":"L-D: 06:00-22:00","fuels":{"gasoline95":1.759,"diesel":1.949},"extra":{"saleType":"P","margin":"D","reportingType":"dm","ideess":"7387","idMunicipio":"6065","idProvincia":"41","idCCAA":"01"}}},{"type":"Feature","geometry":{"type":"Point","coordinates":[-5.971194,37.338333]},"properties":{"id":"es-7393","source":"ES","brand":"REPSOL","address":"AVENIDA JEREZ, 24","municipality":"Sevilla","province":"SEVILLA","postalCode":"41013","schedule":"L-D: 24H","fuels":{"gasoline95":1.768,"gasoline98":1.968,"diesel":1.978,"dieselPremium":2.048,"lpg":1.098,"adblue":0.838},"extra":{"saleType":"P","margin":"D","reportingType":"dm","ideess":"7393","idMunicipio":"6148","idProvincia":"41","idCCAA":"01"}}},{"type":"Feature","geometry":{"type":"Point","coordinates":[-5.441361,37.505306]},"properties":{"id":"es-7395","source":"ES","brand":"REPSOL","address":"CR N-4, 487","municipality":"Campana (La)","province":"SEVILLA","postalCode":"41429","schedule":"L-D: 24H","fuels":{"gasoline95":1.789,"gasoline98":1.909,"diesel":1.999,"dieselPremium":2.059},"extra":{"saleType":"P","margin":"I","reportingType":"OM","ideess":"7395","idMunicipio":"6076","idProvincia":"41","idCCAA":"01"}}},{"type":"Feature","geometry":{"type":"Point","coordinates":[-5.322972,37.229417]},"properties":{"id":"es-7398","source":"ES","brand":"CAMPSA","address":"CR N-334 67,5","municipality":"Puebla de Cazalla (La)","province":"SEVILLA","postalCode":"41540","schedule":"M-X: 09:00-13:00","fuels":{"gasoline95":1.755,"diesel":1.935},"extra":{"saleType":"P","margin":"D","reportingType":"dm","ideess":"7398","idMunicipio":"6134","idProvincia":"41","idCCAA":"01"}}},{"type":"Feature","geometry":{"type":"Point","coordinates":[-5.454111,37.130083]},"properties":{"id":"es-7402","source":"ES","brand":"CEPSA","address":"POLIGONO DE LA ESTACIÓN, 1","municipality":"Morón de la Frontera","province":"SEVILLA","postalCode":"41530","schedule":"L-D: 06:00-22:00","fuels":{"gasoline95":1.784,"gasoline95Premium":1.884,"diesel":2.004,"dieselPremium":2.094},"extra":{"saleType":"P","margin":"D","reportingType":"dm","ideess":"7402","idMunicipio":"6122","idProvincia":"41","idCCAA":"01"}}},{"type":"Feature","geometry":{"type":"Point","coordinates":[-5.409278,37.329333]},"properties":{"id":"es-7404","source":"ES","brand":"REPSOL","address":"CR N-333 35,8","municipality":"Marchena","province":"SEVILLA","postalCode":"41620","schedule":"L-S: 06:30-21:00; D: 07:00-21:00","fuels":{"gasoline95":1.725,"diesel":1.955},"extra":{"saleType":"P","margin":"D","reportingType":"dm","ideess":"7404","idMunicipio":"6117","idProvincia":"41","idCCAA":"01"}}},{"type":"Feature","geometry":{"type":"Point","coordinates":[-5.974444,37.592278]},"properties":{"id":"es-7406","source":"ES","brand":"AGLA","address":"CR C-433, 23,4","municipality":"Burguillos","province":"SEVILLA","postalCode":"41220","schedule":"L-S: 07:30-21:30; D: 07:30-15:00","fuels":{"gasoline95":1.659,"diesel":1.769,"dieselB":1.409},"extra":{"saleType":"P","margin":"D","reportingType":"dm","ideess":"7406","idMunicipio":"6073","idProvincia":"41","idCCAA":"01"}}},{"type":"Feature","geometry":{"type":"Point","coordinates":[-5.252056,37.524694]},"properties":{"id":"es-7409","source":"ES","brand":"REPSOL","address":"AVENIDA DE ANDALUCIA, 125","municipality":"Luisiana (La)","province":"SEVILLA","postalCode":"41430","schedule":"L-D: 24H","fuels":{"gasoline95":1.779,"diesel":1.949,"dieselPremium":1.999,"dieselB":1.499},"extra":{"saleType":"P","margin":"I","reportingType":"dm","ideess":"7409","idMunicipio":"6113","idProvincia":"41","idCCAA":"01"}}},{"type":"Feature","geometry":{"type":"Point","coordinates":[-5.564444,37.255611]},"properties":{"id":"es-7410","source":"ES","brand":"REPSOL","address":"CR A-92, 44","municipality":"Arahal","province":"SEVILLA","postalCode":"41600","schedule":"L-D: 06:00-22:00","fuels":{"gasoline95":1.745,"gasoline98":1.915,"diesel":1.959,"dieselPremium":2.059},"extra":{"saleType":"P","margin":"D","reportingType":"OM","ideess":"7410","idMunicipio":"6065","idProvincia":"41","idCCAA":"01"}}},{"type":"Feature","geometry":{"type":"Point","coordinates":[-5.565806,37.254917]},"properties":{"id":"es-7411","source":"ES","brand":"REPSOL","address":"CR A-92, 44","municipality":"Arahal","province":"SEVILLA","postalCode":"41600","schedule":"L-D: 06:00-22:00","fuels":{"gasoline95":1.745,"gasoline98":1.915,"diesel":1.959,"dieselPremium":2.059},"extra":{"saleType":"P","margin":"I","reportingType":"OM","ideess":"7411","idMunicipio":"6065","idProvincia":"41","idCCAA":"01"}}},{"type":"Feature","geometry":{"type":"Point","coordinates":[-5.956306,37.40525]},"properties":{"id":"es-7413","source":"ES","brand":"REPSOL","address":"CR N-4, 537,6","municipality":"Sevilla","province":"SEVILLA","postalCode":"41007","schedule":"L-D: 06:00-22:00","fuels":{"gasoline95":1.759,"gasoline98":1.909,"diesel":1.949,"dieselRenewable":2.069},"extra":{"saleType":"P","margin":"D","reportingType":"OM","ideess":"7413","idMunicipio":"6148","idProvincia":"41","idCCAA":"01"}}},{"type":"Feature","geometry":{"type":"Point","coordinates":[-5.956,37.405]},"properties":{"id":"es-7414","source":"ES","brand":"REPSOL","address":"CR N-4, 537,6","municipality":"Sevilla","province":"SEVILLA","postalCode":"41007","schedule":"L-D: 24H","fuels":{"gasoline95":1.759,"gasoline98":1.909,"diesel":1.949,"dieselRenewable":2.069,"lpg":1.125},"extra":{"saleType":"P","margin":"I","reportingType":"OM","ideess":"7414","idMunicipio":"6148","idProvincia":"41","idCCAA":"01"}}},{"type":"Feature","geometry":{"type":"Point","coordinates":[-5.209056,37.523556]},"properties":{"id":"es-7438","source":"ES","brand":"REPSOL","address":"AUTOVIA A-4 KM. 465","municipality":"Écija","province":"SEVILLA","postalCode":"41400","schedule":"L-D: 06:00-21:00","fuels":{"gasoline95":1.739,"gasoline98":1.909,"diesel":1.935,"dieselPremium":1.995},"extra":{"saleType":"P","margin":"I","reportingType":"OM","ideess":"7438","idMunicipio":"6095","idProvincia":"41","idCCAA":"01"}}},{"type":"Feature","geometry":{"type":"Point","coordinates":[-5.93475,37.368639]},"properties":{"id":"es-7441","source":"ES","brand":"REPSOL","address":"CR  SE-021 , P.K. 0,8 M.D.","municipality":"Alcalá de Guadaíra","province":"SEVILLA","postalCode":"41500","schedule":"L-D: 06:00-22:00","fuels":{"gasoline95":1.769,"gasoline98":1.939,"diesel":1.965,"dieselPremium":2.045},"extra":{"saleType":"P","margin":"D","reportingType":"OM","ideess":"7441","idMunicipio":"6058","idProvincia":"41","idCCAA":"01"}}},{"type":"Feature","geometry":{"type":"Point","coordinates":[-5.461528,37.125722]},"properties":{"id":"es-7446","source":"ES","brand":"GALP","address":"CALLE DE LA TRILLA, 1","municipality":"Morón de la Frontera","province":"SEVILLA","postalCode":"41530","schedule":"L-D: 06:00-22:00","fuels":{"gasoline95":1.768,"diesel":1.978,"dieselPremium":2.078,"adblue":0.81},"extra":{"saleType":"P","margin":"N","reportingType":"dm","ideess":"7446","idMunicipio":"6122","idProvincia":"41","idCCAA":"01"}}},{"type":"Feature","geometry":{"type":"Point","coordinates":[-5.954306,37.387667]},"properties":{"id":"es-7450","source":"ES","brand":"GALP","address":"CALLE ANTONIO PEÑA Y LOPEZ, 5","municipality":"Sevilla","province":"SEVILLA","postalCode":"41007","schedule":"L-D: 24H","fuels":{"gasoline95":1.639,"gasoline98":1.779,"diesel":1.784,"dieselPremium":1.834},"extra":{"saleType":"P","margin":"N","reportingType":"OM","ideess":"7450","idMunicipio":"6148","idProvincia":"41","idCCAA":"01"}}},{"type":"Feature","geometry":{"type":"Point","coordinates":[-5.968889,37.38725]},"properties":{"id":"es-7462","source":"ES","brand":"QP NERVION","address":"CALLE LUIS MONTOTO, 74","municipality":"Sevilla","province":"SEVILLA","postalCode":"41018","schedule":"L-D: 24H","fuels":{"gasoline95":1.719,"diesel":1.819,"dieselPremium":1.869},"extra":{"saleType":"P","margin":"N","reportingType":"dm","ideess":"7462","idMunicipio":"6148","idProvincia":"41","idCCAA":"01"}}},{"type":"Feature","geometry":{"type":"Point","coordinates":[-5.740472,37.200694]},"properties":{"id":"es-7464","source":"ES","brand":"TAMOIL","address":"CARRETERA A-394 KM. 16","municipality":"Utrera","province":"SEVILLA","postalCode":"41710","schedule":"L-D: 24H","fuels":{"gasoline95":1.679,"diesel":1.809,"dieselPremium":1.849,"biodiesel":1.749,"adblue":0.899},"extra":{"saleType":"P","margin":"I","reportingType":"OM","ideess":"7464","idMunicipio":"6152","idProvincia":"41","idCCAA":"01"}}},{"type":"Feature","geometry":{"type":"Point","coordinates":[-5.938889,37.000861]},"properties":{"id":"es-7466","source":"ES","brand":"ENI","address":"AUTOPISTA AP-4 KM. 45","municipality":"Cabezas de San Juan (Las)","province":"SEVILLA","postalCode":"41730","schedule":"L-D: 24H","fuels":{"gasoline95":1.869,"gasoline98":2.009,"diesel":1.979,"dieselPremium":2.069,"lpg":1.099,"adblue":0.999},"extra":{"saleType":"P","margin":"I","reportingType":"OM","ideess":"7466","idMunicipio":"6074","idProvincia":"41","idCCAA":"01"}}},{"type":"Feature","geometry":{"type":"Point","coordinates":[-5.911194,37.19625]},"properties":{"id":"es-7468","source":"ES","brand":"GALP","address":"AUTOPISTA AP-4 KM. 20,2","municipality":"Palacios y Villafranca (Los)","province":"SEVILLA","postalCode":"41720","schedule":"L-D: 24H","fuels":{"gasoline95":1.879,"gasoline98":2.019,"diesel":1.989,"dieselPremium":2.079,"adblue":0.799},"extra":{"saleType":"P","margin":"D","reportingType":"OM","ideess":"7468","idMunicipio":"6126","idProvincia":"41","idCCAA":"01"}}},{"type":"Feature","geometry":{"type":"Point","coordinates":[-5.988139,37.369361]},"properties":{"id":"es-7469","source":"ES","brand":"GALP","address":"AVENIDA MOLINI, 3","municipality":"Sevilla","province":"SEVILLA","postalCode":"41012","schedule":"L-D: 07:00-23:00","fuels":{"gasoline95":1.759,"gasoline98":1.899,"diesel":1.959,"dieselPremium":2.009},"extra":{"saleType":"P","margin":"N","reportingType":"OM","ideess":"7469","idMunicipio":"6148","idProvincia":"41","idCCAA":"01"}}},{"type":"Feature","geometry":{"type":"Point","coordinates":[-5.777778,37.175583]},"properties":{"id":"es-7470","source":"ES","brand":"GASOLINERA UTRERA","address":"AVENIDA SAN JUAN BOSCO, 108","municipality":"Utrera","province":"SEVILLA","postalCode":"41710","schedule":"L-D: 24H","fuels":{"gasoline95":1.589,"diesel":1.714},"extra":{"saleType":"P","margin":"N","reportingType":"OM","ideess":"7470","idMunicipio":"6152","idProvincia":"41","idCCAA":"01"}}},{"type":"Feature","geometry":{"type":"Point","coordinates":[-5.947333,37.386472]},"properties":{"id":"es-7471","source":"ES","brand":"GALP","address":"AVENIDA ANDALUCIA, 44","municipality":"Sevilla","province":"SEVILLA","postalCode":"41006","schedule":"L-D: 24H","fuels":{"gasoline95":1.634,"gasoline98":1.774,"diesel":1.784,"dieselPremium":1.834},"extra":{"saleType":"P","margin":"N","reportingType":"OM","ideess":"7471","idMunicipio":"6148","idProvincia":"41","idCCAA":"01"}}},{"type":"Feature","geometry":{"type":"Point","coordinates":[-5.969028,37.321889]},"properties":{"id":"es-8151","source":"ES","brand":"REPSOL","address":"AVENIDA AVENIDA DE BELLAVISTA, 70","municipality":"Sevilla","province":"SEVILLA","postalCode":"41014","schedule":"L-S: 06:30-22:30; D: 07:00-22:30","fuels":{"gasoline95":1.759,"diesel":1.949,"dieselPremium":2.009,"dieselB":1.489},"extra":{"saleType":"P","margin":"D","reportingType":"dm","ideess":"8151","idMunicipio":"6148","idProvincia":"41","idCCAA":"01"}}},{"type":"Feature","geometry":{"type":"Point","coordinates":[-5.109056,37.245472]},"properties":{"id":"es-8160","source":"ES","brand":"MOEVE","address":"POLIGONO C/GUARNICIONEROS, 18,19","municipality":"Osuna","province":"SEVILLA","postalCode":"41640","schedule":"L-V: 07:00-21:00; S: 08:00-14:00; D: 09:00-14:00","fuels":{"gasoline95":1.774,"diesel":1.969,"dieselB":1.739},"extra":{"saleType":"P","margin":"N","reportingType":"dm","ideess":"8160","idMunicipio":"6125","idProvincia":"41","idCCAA":"01"}}},{"type":"Feature","geometry":{"type":"Point","coordinates":[-5.762444,37.837278]},"properties":{"id":"es-8272","source":"ES","brand":"REPSOL","address":"CARRETERA A-432 KM. 30,150","municipality":"Pedroso (El)","province":"SEVILLA","postalCode":"41360","schedule":"L-D: 06:00-22:00","fuels":{"gasoline95":1.799,"gasoline98":1.899,"diesel":1.979,"dieselPremium":1.999},"extra":{"saleType":"P","margin":"I","reportingType":"dm","ideess":"8272","idMunicipio":"6130","idProvincia":"41","idCCAA":"01"}}},{"type":"Feature","geometry":{"type":"Point","coordinates":[-5.389056,37.508139]},"properties":{"id":"es-8513","source":"ES","brand":"RUTA 4","address":"AUTOVIA AUTOVIA A4 KM. 483","municipality":"Campana (La)","province":"SEVILLA","postalCode":"41429","schedule":"L-D: 06:00-22:00","fuels":{"gasoline95":1.599,"diesel":1.739,"dieselPremium":1.779,"adblue":0.899},"extra":{"saleType":"P","margin":"D","reportingType":"dm","ideess":"8513","idMunicipio":"6076","idProvincia":"41","idCCAA":"01"}}},{"type":"Feature","geometry":{"type":"Point","coordinates":[-5.087333,37.233639]},"properties":{"id":"es-8519","source":"ES","brand":"SHELL","address":"AUTOVIA A-92 KM. 89","municipality":"Osuna","province":"SEVILLA","postalCode":"41640","schedule":"L-D: 24H","fuels":{"gasoline95":1.729,"gasoline98":1.869,"diesel":1.939,"dieselPremium":2.019},"extra":{"saleType":"P","margin":"N","reportingType":"OM","ideess":"8519","idMunicipio":"6125","idProvincia":"41","idCCAA":"01"}}},{"type":"Feature","geometry":{"type":"Point","coordinates":[-5.932306,37.473056]},"properties":{"id":"es-8520","source":"ES","brand":"SHELL","address":"CARRETERA 8005 SEVILLA-LOS ROSALES KM. 10","municipality":"Rinconada (La)","province":"SEVILLA","postalCode":"41300","schedule":"L-D: 05:30-23:30","fuels":{"gasoline95":1.729,"gasoline98":1.869,"diesel":1.929,"dieselPremium":2.009,"adblue":1.25},"extra":{"saleType":"P","margin":"N","reportingType":"OM","ideess":"8520","idMunicipio":"6138","idProvincia":"41","idCCAA":"01"}}},{"type":"Feature","geometry":{"type":"Point","coordinates":[-5.934444,37.404806]},"properties":{"id":"es-8523","source":"ES","brand":"SHELL","address":"AVENIDA ALCALDE LUIS URUÑUELA, S/N","municipality":"Sevilla","province":"SEVILLA","postalCode":"41020","schedule":"L-D: 24H","fuels":{"gasoline95":1.629,"gasoline98":1.829,"diesel":1.809,"dieselPremium":1.909},"extra":{"saleType":"P","margin":"I","reportingType":"OM","ideess":"8523","idMunicipio":"6148","idProvincia":"41","idCCAA":"01"}}},{"type":"Feature","geometry":{"type":"Point","coordinates":[-5.633444,37.468417]},"properties":{"id":"es-8903","source":"ES","brand":"SEDIGAS, S.L.","address":"CARRETERA CARRETERA N-IV KM. 507","municipality":"Carmona","province":"SEVILLA","postalCode":"41410","schedule":"L-D: 24H","fuels":{"gasoline95":1.599,"diesel":1.744},"extra":{"saleType":"P","margin":"D","reportingType":"dm","ideess":"8903","idMunicipio":"6079","idProvincia":"41","idCCAA":"01"}}},{"type":"Feature","geometry":{"type":"Point","coordinates":[-5.789278,37.295722]},"properties":{"id":"es-8921","source":"ES","brand":"AGLA","address":"CARRETERA A-360 ALCALA-MORON KM. 4,400","municipality":"Alcalá de Guadaíra","province":"SEVILLA","postalCode":"41500","schedule":"L-S: 06:00-21:30; D: 07:00-14:00","fuels":{"gasoline95":1.639,"diesel":1.769,"dieselPremium":1.819,"dieselB":1.519,"lpg":0.859,"adblue":0.79},"extra":{"saleType":"P","margin":"D","reportingType":"dm","ideess":"8921","idMunicipio":"6058","idProvincia":"41","idCCAA":"01"}}},{"type":"Feature","geometry":{"type":"Point","coordinates":[-5.820639,37.343972]},"properties":{"id":"es-9097","source":"ES","brand":"BP E.S.BAELO","address":"AUTOVIA A-92 KM. 11,900","municipality":"Alcalá de Guadaíra","province":"SEVILLA","postalCode":"41500","schedule":"L-V: 06:30-22:30; S-D: 07:00-22:30","fuels":{"gasoline95":1.839,"gasoline98":1.967,"diesel":1.998,"dieselPremium":2.165,"adblue":1.118},"extra":{"saleType":"P","margin":"D","reportingType":"dm","ideess":"9097","idMunicipio":"6058","idProvincia":"41","idCCAA":"01"}}},{"type":"Feature","geometry":{"type":"Point","coordinates":[-5.496833,37.291417]},"properties":{"id":"es-9396","source":"ES","brand":"MOEVE","address":"PLAZA DEL PILAR, S/N","municipality":"Paradas","province":"SEVILLA","postalCode":"41610","schedule":"L-V: 07:00-21:00; S: 08:30-19:30","fuels":{"gasoline95":1.795,"diesel":1.989,"dieselB":1.755},"extra":{"saleType":"P","margin":"N","reportingType":"dm","ideess":"9396","idMunicipio":"6128","idProvincia":"41","idCCAA":"01"}}},{"type":"Feature","geometry":{"type":"Point","coordinates":[-5.726361,37.384278]},"properties":{"id":"es-9405","source":"ES","brand":"BP","address":"AV DE LA REPUBLICA DE NICARAGUA 36","municipality":"Viso del Alcor (El)","province":"SEVILLA","postalCode":"41520","schedule":"L-D: 06:00-22:00","fuels":{"gasoline95":1.765,"gasoline98":1.905,"diesel":1.959,"dieselPremium":2.049},"extra":{"saleType":"P","margin":"N","reportingType":"dm","ideess":"9405","idMunicipio":"6159","idProvincia":"41","idCCAA":"01"}}},{"type":"Feature","geometry":{"type":"Point","coordinates":[-5.946355,37.107627]},"properties":{"id":"es-9422","source":"ES","brand":"REPSOL","address":"CRTA. EL TROBAL - LOS PALACIOS,S.N. (CRTA. EL TROBAL - LOS PALACIOS, S.N.)","municipality":"Palacios y Villafranca (Los)","province":"SEVILLA","postalCode":"41727","schedule":"L-V: 08:00-20:00; S-D: 09:00-19:00","fuels":{"gasoline95":1.725,"diesel":1.935,"dieselB":1.669},"extra":{"saleType":"P","margin":"D","reportingType":"OM","ideess":"9422","idMunicipio":"6126","idProvincia":"41","idCCAA":"01"}}},{"type":"Feature","geometry":{"type":"Point","coordinates":[-5.955639,37.362778]},"properties":{"id":"es-9423","source":"ES","brand":"SHELL","address":"AVDA. DE LA PAZ, ESQ SU EMINENCIA","municipality":"Sevilla","province":"SEVILLA","postalCode":"41006","schedule":"L-D: 24H","fuels":{"gasoline95":1.759,"gasoline98":1.899,"diesel":1.939,"dieselPremium":2.019,"lpg":1.029},"extra":{"saleType":"P","margin":"D","reportingType":"OM","ideess":"9423","idMunicipio":"6148","idProvincia":"41","idCCAA":"01"}}},{"type":"Feature","geometry":{"type":"Point","coordinates":[-5.956667,37.391611]},"properties":{"id":"es-9427","source":"ES","brand":"PETROPRIX","address":"AVDA. MONTESIERRA, 7","municipality":"Sevilla","province":"SEVILLA","postalCode":"41007","schedule":"L-D: 24H","fuels":{"gasoline95":1.579,"diesel":1.729},"extra":{"saleType":"P","margin":"D","reportingType":"dm","ideess":"9427","idMunicipio":"6148","idProvincia":"41","idCCAA":"01"}}},{"type":"Feature","geometry":{"type":"Point","coordinates":[-5.868306,37.356889]},"properties":{"id":"es-9476","source":"ES","brand":"SHELL","address":"AUTOVIA CR.SEVILLA MALAGA KM. 7,5","municipality":"Alcalá de Guadaíra","province":"SEVILLA","postalCode":"41500","schedule":"L-D: 00:00-23:59","fuels":{"gasoline95":1.659,"diesel":1.789},"extra":{"saleType":"P","margin":"D","reportingType":"OM","ideess":"9476","idMunicipio":"6058","idProvincia":"41","idCCAA":"01"}}},{"type":"Feature","geometry":{"type":"Point","coordinates":[-5.555111,37.234833]},"properties":{"id":"es-9550","source":"ES","brand":"S.C.A. LABRADORES DE LA CAMPIÑA","address":"CARRETERA ARAHAL-EL CORONIL KM. 11","municipality":"Arahal","province":"SEVILLA","postalCode":"41600","schedule":"L-D: 07:00-21:00","fuels":{"diesel":1.789,"dieselB":1.399},"extra":{"saleType":"P","margin":"D","reportingType":"dm","ideess":"9550","idMunicipio":"6065","idProvincia":"41","idCCAA":"01"}}},{"type":"Feature","geometry":{"type":"Point","coordinates":[-5.414306,37.321972]},"properties":{"id":"es-9586","source":"ES","brand":"S.C.A. SAN ISIDRO LABRADOR","address":"CALLE VICENTE BERMUDEZ-CORONEL, 7","municipality":"Marchena","province":"SEVILLA","postalCode":"41620","schedule":"L-D: 05:00-23:00","fuels":{"gasoline95":1.625,"diesel":1.779,"dieselB":1.369},"extra":{"saleType":"P","margin":"N","reportingType":"dm","ideess":"9586","idMunicipio":"6117","idProvincia":"41","idCCAA":"01"}}},{"type":"Feature","geometry":{"type":"Point","coordinates":[-5.998111,37.509]},"properties":{"id":"es-9588","source":"ES","brand":"PRODUCTORES DEL CAMPO, S.C.A.","address":"CARRETERA A-8006, KM.15 KM. ","municipality":"Alcalá del Río","province":"SEVILLA","postalCode":"41200","schedule":"L-D: 24H","fuels":{"gasoline95":1.64,"diesel":1.8,"dieselB":1.49,"adblue":0.85},"extra":{"saleType":"P","margin":"D","reportingType":"dm","ideess":"9588","idMunicipio":"6059","idProvincia":"41","idCCAA":"01"}}},{"type":"Feature","geometry":{"type":"Point","coordinates":[-5.730833,37.380972]},"properties":{"id":"es-9617","source":"ES","brand":"ALCOROIL S.L.","address":"POLIGONO CANTOSALES, 2","municipality":"Mairena del Alcor","province":"SEVILLA","postalCode":"41510","schedule":"L-D: 24H","fuels":{"gasoline95":1.699,"diesel":1.869,"adblue":0.99},"extra":{"saleType":"P","margin":"D","reportingType":"dm","ideess":"9617","idMunicipio":"6115","idProvincia":"41","idCCAA":"01"}}},{"type":"Feature","geometry":{"type":"Point","coordinates":[-5.1755,37.053861]},"properties":{"id":"es-9655","source":"ES","brand":"SAN JUAN BAUTISTA S COOP AND","address":"CARRETERA EL SAUCEJO KM. 0,5","municipality":"Villanueva de San Juan","province":"SEVILLA","postalCode":"41660","schedule":"L-D: 24H","fuels":{"gasoline95":1.583,"diesel":1.748,"dieselB":1.341},"extra":{"saleType":"P","margin":"D","reportingType":"dm","ideess":"9655","idMunicipio":"6155","idProvincia":"41","idCCAA":"01"}}},{"type":"Feature","geometry":{"type":"Point","coordinates":[-5.149528,37.02025]},"properties":{"id":"es-9656","source":"ES","brand":"SIERRA DEL TERRIL SCA","address":"CALLE HORCAJO, ","municipality":"Algámitas","province":"SEVILLA","postalCode":"41661","schedule":"L-D: 00:00-23:59","fuels":{"gasoline95":1.583,"diesel":1.748,"dieselB":1.341},"extra":{"saleType":"P","margin":"N","reportingType":"dm","ideess":"9656","idMunicipio":"6062","idProvincia":"41","idCCAA":"01"}}},{"type":"Feature","geometry":{"type":"Point","coordinates":[-5.069,37.562222]},"properties":{"id":"es-9681","source":"ES","brand":"CAPI","address":"CARRETERA ECIJA-FTE. PALMERA KM. 1,5","municipality":"Écija","province":"SEVILLA","postalCode":"41400","schedule":"L-D: 07:00-23:00","fuels":{"gasoline95":1.629,"diesel":1.749,"dieselB":1.439,"adblue":0.88},"extra":{"saleType":"P","margin":"I","reportingType":"dm","ideess":"9681","idMunicipio":"6095","idProvincia":"41","idCCAA":"01"}}},{"type":"Feature","geometry":{"type":"Point","coordinates":[-5.910444,37.067583]},"properties":{"id":"es-9693","source":"ES","brand":"TRAJANO, S.C.A.","address":"CALLE TERTULIANO, 0","municipality":"Utrera","province":"SEVILLA","postalCode":"41729","schedule":"L-D: 06:00-00:15","fuels":{"diesel":1.899,"dieselB":1.625},"extra":{"saleType":"P","margin":"N","reportingType":"dm","ideess":"9693","idMunicipio":"6152","idProvincia":"41","idCCAA":"01"}}},{"type":"Feature","geometry":{"type":"Point","coordinates":[-5.310778,37.226917]},"properties":{"id":"es-9840","source":"ES","brand":"OLEAND, S.COOP.AND","address":"CARRETERA SEVILLA-MALAGA KM. 68","municipality":"Puebla de Cazalla (La)","province":"SEVILLA","postalCode":"41540","schedule":"L-D: 24H","fuels":{"diesel":1.779,"dieselB":1.369},"extra":{"saleType":"P","margin":"N","reportingType":"dm","ideess":"9840","idMunicipio":"6134","idProvincia":"41","idCCAA":"01"}}},{"type":"Feature","geometry":{"type":"Point","coordinates":[-5.0805,37.712528]},"properties":{"id":"es-9856","source":"ES","brand":"MOEVE","address":"CARRETERA A440 KM. 8","municipality":"Fuente Palmera","province":"CÓRDOBA","postalCode":"14210","schedule":"L-D: 06:00-23:00","fuels":{"gasoline95":1.749,"diesel":1.969,"dieselPremium":2.029,"dieselB":1.719},"extra":{"saleType":"P","margin":"N","reportingType":"dm","ideess":"9856","idMunicipio":"2072","idProvincia":"14","idCCAA":"01"}}},{"type":"Feature","geometry":{"type":"Point","coordinates":[-5.709028,37.400194]},"properties":{"id":"es-9922","source":"ES","brand":"HEMEGAS","address":"POLIGONO INDUSTRIAL POLIVISO PARCELA 2-3","municipality":"Viso del Alcor (El)","province":"SEVILLA","postalCode":"41520","schedule":"L-D: 24H","fuels":{"gasoline95":1.639,"diesel":1.769,"dieselPremium":1.799,"lpg":1.139,"adblue":0.999},"extra":{"saleType":"P","margin":"D","reportingType":"dm","ideess":"9922","idMunicipio":"6159","idProvincia":"41","idCCAA":"01"}}}]}