{"type":"FeatureCollection","features":[{"type":"Feature","geometry":{"type":"Point","coordinates":[-4.468444,36.682167]},"properties":{"id":"es-10017","source":"ES","brand":"REPSOL","address":"AVENIDA VELAZQUEZ, 208","municipality":"Málaga","province":"MÁLAGA","postalCode":"29004","schedule":"L-D: 06:00-22:00","fuels":{"gasoline95":1.769,"gasoline98":1.889,"diesel":1.885,"dieselPremium":1.945},"extra":{"saleType":"P","margin":"D","reportingType":"OM","ideess":"10017","idMunicipio":"4521","idProvincia":"29","idCCAA":"01"}}},{"type":"Feature","geometry":{"type":"Point","coordinates":[-4.633611,36.535]},"properties":{"id":"es-10019","source":"ES","brand":"CARREFOUR","address":"AVENIDA AV. DE LA ENCARNACIÓN, S/N","municipality":"Mijas","province":"MÁLAGA","postalCode":"29650","schedule":"L-D: 24H","fuels":{"gasoline95":1.729,"gasoline98":1.859,"diesel":1.849,"dieselPremium":1.889},"extra":{"saleType":"P","margin":"N","reportingType":"dm","ideess":"10019","idMunicipio":"4524","idProvincia":"29","idCCAA":"01"}}},{"type":"Feature","geometry":{"type":"Point","coordinates":[-4.870944,36.513611]},"properties":{"id":"es-10028","source":"ES","brand":"NINGUNO","address":"CALLE ALUMINIO, S/N","municipality":"Marbella","province":"MÁLAGA","postalCode":"29600","schedule":"L-V: 07:00-21:00; S: 07:00-15:00","fuels":{"gasoline95":1.6,"gasoline98":1.65,"diesel":1.65,"dieselPremium":1.7},"extra":{"saleType":"P","margin":"D","reportingType":"dm","ideess":"10028","idMunicipio":"4523","idProvincia":"29","idCCAA":"01"}}},{"type":"Feature","geometry":{"type":"Point","coordinates":[-4.466722,36.683972]},"properties":{"id":"es-10173","source":"ES","brand":"SHELL","address":"AVENIDA VELAZQUEZ, S/N","municipality":"Málaga","province":"MÁLAGA","postalCode":"29004","schedule":"L-D: 24H","fuels":{"gasoline95":1.639,"gasoline98":1.839,"diesel":1.679,"dieselPremium":1.779},"extra":{"saleType":"P","margin":"N","reportingType":"OM","ideess":"10173","idMunicipio":"4521","idProvincia":"29","idCCAA":"01"}}},{"type":"Feature","geometry":{"type":"Point","coordinates":[-4.468028,36.699472]},"properties":{"id":"es-10174","source":"ES","brand":"SHELL","address":"CAMINO DE LOS PRADOS ESQ. C/OROTAVA, S/N","municipality":"Málaga","province":"MÁLAGA","postalCode":"29006","schedule":"L-D: 00:00-23:59","fuels":{"gasoline95":1.639,"diesel":1.689,"dieselPremium":1.769},"extra":{"saleType":"P","margin":"N","reportingType":"OM","ideess":"10174","idMunicipio":"4521","idProvincia":"29","idCCAA":"01"}}},{"type":"Feature","geometry":{"type":"Point","coordinates":[-4.536222,36.929]},"properties":{"id":"es-10220","source":"ES","brand":"AGLA","address":"AVENIDA BLAS INFANTE/UR ALMINARES, 51","municipality":"Antequera","province":"MÁLAGA","postalCode":"29230","schedule":"L-S: 06:00-22:00; D: 07:00-22:00","fuels":{"gasoline95":1.639,"diesel":1.695},"extra":{"saleType":"P","margin":"I","reportingType":"dm","ideess":"10220","idMunicipio":"4469","idProvincia":"29","idCCAA":"01"}}},{"type":"Feature","geometry":{"type":"Point","coordinates":[-4.275667,36.92375]},"properties":{"id":"es-10348","source":"ES","brand":"VLADOIL RIOGORDO","address":"CR. A356 km 18,7","municipality":"Riogordo","province":"MÁLAGA","postalCode":"29180","schedule":"L-D: 07:00-23:00","fuels":{"gasoline95":1.593,"diesel":1.692,"adblue":0.96},"extra":{"saleType":"P","margin":"I","reportingType":"dm","ideess":"10348","idMunicipio":"4536","idProvincia":"29","idCCAA":"01"}}},{"type":"Feature","geometry":{"type":"Point","coordinates":[-4.095,36.763306]},"properties":{"id":"es-10393","source":"ES","brand":"DISTREAX-22, S. L.","address":"CALLE IGNACIO ZULOAGA, 6","municipality":"Vélez-Málaga","province":"MÁLAGA","postalCode":"29700","schedule":"L-V: 06:30-22:00; S: 07:00-21:00; D: 09:00-18:00","fuels":{"gasoline95":1.589,"diesel":1.659,"lpg":0.929,"adblue":0.695},"extra":{"saleType":"P","margin":"D","reportingType":"dm","ideess":"10393","idMunicipio":"4548","idProvincia":"29","idCCAA":"01"}}},{"type":"Feature","geometry":{"type":"Point","coordinates":[-4.296889,36.723194]},"properties":{"id":"es-10408","source":"ES","brand":"BP RINCON DE LA VICTORIA","address":"CARRETERA N 340 KM. 252","municipality":"Rincón de la Victoria","province":"MÁLAGA","postalCode":"29730","schedule":"L-D: 24H","fuels":{"gasoline95":1.749,"gasoline98":1.889,"diesel":1.869,"dieselPremium":1.959},"extra":{"saleType":"P","margin":"N","reportingType":"OM","ideess":"10408","idMunicipio":"4535","idProvincia":"29","idCCAA":"01"}}},{"type":"Feature","geometry":{"type":"Point","coordinates":[-4.61125,36.557639]},"properties":{"id":"es-10436","source":"ES","brand":"BP FUENGIROLA - CENTRO","address":"AVENIDA GAVIOTAS LAS, 10","municipality":"Fuengirola","province":"MÁLAGA","postalCode":"29640","schedule":"L-D: 24H","fuels":{"gasoline95":1.759,"gasoline98":1.899,"diesel":1.879,"dieselPremium":1.969},"extra":{"saleType":"P","margin":"N","reportingType":"OM","ideess":"10436","idMunicipio":"4508","idProvincia":"29","idCCAA":"01"}}},{"type":"Feature","geometry":{"type":"Point","coordinates":[-4.343861,36.715306]},"properties":{"id":"es-10579","source":"ES","brand":"REPSOL","address":"CALLE ALMERIA, 183","municipality":"Málaga","province":"MÁLAGA","postalCode":"29018","schedule":"L-D: 06:00-22:00","fuels":{"gasoline95":1.729,"gasoline98":1.879,"diesel":1.869,"dieselPremium":1.969},"extra":{"saleType":"P","margin":"I","reportingType":"OM","ideess":"10579","idMunicipio":"4521","idProvincia":"29","idCCAA":"01"}}},{"type":"Feature","geometry":{"type":"Point","coordinates":[-4.864167,36.509444]},"properties":{"id":"es-10605","source":"ES","brand":"BP ARCO MARBELLA","address":"C.N. 340, BRAZO NORTE km 182,5","municipality":"Marbella","province":"MÁLAGA","postalCode":"29600","schedule":"L-D: 24H","fuels":{"gasoline95":1.737,"gasoline98":1.897,"diesel":1.837,"dieselPremium":1.967},"extra":{"saleType":"P","margin":"D","reportingType":"dm","ideess":"10605","idMunicipio":"4523","idProvincia":"29","idCCAA":"01"}}},{"type":"Feature","geometry":{"type":"Point","coordinates":[-4.494806,36.641389]},"properties":{"id":"es-10719","source":"ES","brand":"REPSOL","address":"AVDA MANUEL FRAGA IRIBARNE, 9","municipality":"Torremolinos","province":"MÁLAGA","postalCode":"29620","schedule":"L-D: 24H","fuels":{"gasoline95":1.738,"gasoline95Premium":1.828,"diesel":1.838,"dieselPremium":1.938,"lpg":1.068},"extra":{"saleType":"P","margin":"N","reportingType":"dm","ideess":"10719","idMunicipio":"4544","idProvincia":"29","idCCAA":"01"}}},{"type":"Feature","geometry":{"type":"Point","coordinates":[-4.449389,36.924028]},"properties":{"id":"es-10815","source":"ES","brand":"BP","address":"AUTOVIA A-45 KM. 120","municipality":"Antequera","province":"MÁLAGA","postalCode":"29200","schedule":"L-D: 24H","fuels":{"gasoline95":1.739,"gasoline98":1.881,"diesel":1.869,"dieselPremium":1.971,"adblue":0.949},"extra":{"saleType":"P","margin":"D","reportingType":"dm","ideess":"10815","idMunicipio":"4469","idProvincia":"29","idCCAA":"01"}}},{"type":"Feature","geometry":{"type":"Point","coordinates":[-4.111111,36.779944]},"properties":{"id":"es-11083","source":"ES","brand":"LA INMACULADA","address":"CARRETERA A-335 km 1,3","municipality":"Vélez-Málaga","province":"MÁLAGA","postalCode":"29700","schedule":"L-D: 24H","fuels":{"gasoline95":1.739,"gasoline98":1.869,"diesel":1.849,"dieselPremium":1.929,"dieselB":1.439,"adblue":0.82},"extra":{"saleType":"P","margin":"D","reportingType":"dm","ideess":"11083","idMunicipio":"4548","idProvincia":"29","idCCAA":"01"}}},{"type":"Feature","geometry":{"type":"Point","coordinates":[-4.46575,36.710639]},"properties":{"id":"es-11178","source":"ES","brand":"BP TEATINOS","address":"AVENIDA MARIA ZAMBRANO/ALFR., 1","municipality":"Málaga","province":"MÁLAGA","postalCode":"29006","schedule":"L-D: 24H","fuels":{"gasoline95":1.759,"gasoline98":1.899,"diesel":1.879,"dieselPremium":1.969},"extra":{"saleType":"P","margin":"N","reportingType":"OM","ideess":"11178","idMunicipio":"4521","idProvincia":"29","idCCAA":"01"}}},{"type":"Feature","geometry":{"type":"Point","coordinates":[-4.896694,36.510083]},"properties":{"id":"es-11316","source":"ES","brand":"GALP","address":"AVENIDA RICARDO SORIANO, 51","municipality":"Marbella","province":"MÁLAGA","postalCode":"29600","schedule":"L-D: 06:00-22:00","fuels":{"gasoline95":1.729,"gasoline98":1.889,"diesel":1.839,"dieselPremium":1.889,"lpg":0.979},"extra":{"saleType":"P","margin":"D","reportingType":"OM","ideess":"11316","idMunicipio":"4523","idProvincia":"29","idCCAA":"01"}}},{"type":"Feature","geometry":{"type":"Point","coordinates":[-4.621139,36.56425]},"properties":{"id":"es-11331","source":"ES","brand":"GALP","address":"PARC PARCELA 1.3 DE LA UE-3.11 FINCA VALDELECRIN, SN","municipality":"Fuengirola","province":"MÁLAGA","postalCode":"29640","schedule":"L-D: 24H","fuels":{"gasoline95":1.754,"gasoline98":1.874,"diesel":1.824,"dieselPremium":1.874,"adblue":0.799},"extra":{"saleType":"P","margin":"N","reportingType":"OM","ideess":"11331","idMunicipio":"4508","idProvincia":"29","idCCAA":"01"}}},{"type":"Feature","geometry":{"type":"Point","coordinates":[-4.051389,36.759167]},"properties":{"id":"es-11593","source":"ES","brand":"REPSOL","address":"AUTOVIA A-7 KM. 277,9","municipality":"Algarrobo","province":"MÁLAGA","postalCode":"29750","schedule":"L-D: 06:00-22:00","fuels":{"gasoline95":1.755,"gasoline98":1.875,"diesel":1.875,"dieselPremium":1.935},"extra":{"saleType":"P","margin":"D","reportingType":"OM","ideess":"11593","idMunicipio":"4459","idProvincia":"29","idCCAA":"01"}}},{"type":"Feature","geometry":{"type":"Point","coordinates":[-4.73375,36.674639]},"properties":{"id":"es-11635","source":"ES","brand":"LA TROCHA","address":"CARRETERA COIN-CARTAMA KM. 1","municipality":"Coín","province":"MÁLAGA","postalCode":"29100","schedule":"L-D: 24H","fuels":{"gasoline95":1.629,"gasoline98":1.729,"diesel":1.699,"dieselPremium":1.719,"adblue":0.969},"extra":{"saleType":"P","margin":"D","reportingType":"dm","ideess":"11635","idMunicipio":"4496","idProvincia":"29","idCCAA":"01"}}},{"type":"Feature","geometry":{"type":"Point","coordinates":[-4.4255,36.753111]},"properties":{"id":"es-11767","source":"ES","brand":"REPSOL","address":"AVENIDA JACINTO BENAVENTE, 163","municipality":"Málaga","province":"MÁLAGA","postalCode":"29014","schedule":"L: 06:00-23:59; M-D: 06:00-00:00","fuels":{"gasoline95":1.755,"gasoline98":1.875,"diesel":1.889,"dieselPremium":1.949},"extra":{"saleType":"P","margin":"D","reportingType":"OM","ideess":"11767","idMunicipio":"4521","idProvincia":"29","idCCAA":"01"}}},{"type":"Feature","geometry":{"type":"Point","coordinates":[-4.314611,36.727056]},"properties":{"id":"es-11803","source":"ES","brand":"BP CENTRO COMERCIAL EL RINCÓN","address":"CALLE ARROYO TOTALAN, 1","municipality":"Rincón de la Victoria","province":"MÁLAGA","postalCode":"29720","schedule":"L-D: 07:00-23:00","fuels":{"gasoline95":1.749,"gasoline98":1.889,"diesel":1.869,"dieselPremium":1.959},"extra":{"saleType":"P","margin":"D","reportingType":"OM","ideess":"11803","idMunicipio":"4535","idProvincia":"29","idCCAA":"01"}}},{"type":"Feature","geometry":{"type":"Point","coordinates":[-4.529528,36.6605]},"properties":{"id":"es-11856","source":"ES","brand":"SHELL","address":"AVENIDA MALAGA, S/N","municipality":"Alhaurín de la Torre","province":"MÁLAGA","postalCode":"29130","schedule":"L-D: 06:00-00:00","fuels":{"gasoline95":1.779,"gasoline98":1.919,"diesel":1.884,"dieselPremium":1.964},"extra":{"saleType":"P","margin":"D","reportingType":"OM","ideess":"11856","idMunicipio":"4461","idProvincia":"29","idCCAA":"01"}}},{"type":"Feature","geometry":{"type":"Point","coordinates":[-4.474944,36.694444]},"properties":{"id":"es-11991","source":"ES","brand":"E.S. LAS PALMERAS","address":"CALLE DIDEROT, 66","municipality":"Málaga","province":"MÁLAGA","postalCode":"29004","schedule":"L-V: 05:00-21:00; S: 05:00-20:00","fuels":{"gasoline95":1.579,"diesel":1.649,"dieselPremium":1.649},"extra":{"saleType":"P","margin":"D","reportingType":"dm","ideess":"11991","idMunicipio":"4521","idProvincia":"29","idCCAA":"01"}}},{"type":"Feature","geometry":{"type":"Point","coordinates":[-4.592056,36.720194]},"properties":{"id":"es-12012","source":"ES","brand":"BP ES CARTAMA","address":"AUTOVIA A-357 KM. 57","municipality":"Cártama","province":"MÁLAGA","postalCode":"29570","schedule":"L-D: 24H","fuels":{"gasoline95":1.739,"gasoline98":1.879,"diesel":1.849,"dieselPremium":1.939,"adblue":0.999},"extra":{"saleType":"P","margin":"I","reportingType":"dm","ideess":"12012","idMunicipio":"4492","idProvincia":"29","idCCAA":"01"}}},{"type":"Feature","geometry":{"type":"Point","coordinates":[-4.589944,36.717139]},"properties":{"id":"es-12044","source":"ES","brand":"REPSOL","address":"AUTOVIA A-357 KM. 57","municipality":"Cártama","province":"MÁLAGA","postalCode":"29570","schedule":"L-D: 06:00-22:00","fuels":{"gasoline95":1.775,"gasoline98":1.895,"diesel":1.899,"dieselPremium":1.959},"extra":{"saleType":"P","margin":"D","reportingType":"OM","ideess":"12044","idMunicipio":"4492","idProvincia":"29","idCCAA":"01"}}},{"type":"Feature","geometry":{"type":"Point","coordinates":[-4.440444,36.918083]},"properties":{"id":"es-12124","source":"ES","brand":"REPSOL","address":"AUTOPISTA AP-46 KM. 3,300","municipality":"Antequera","province":"MÁLAGA","postalCode":"29200","schedule":"L-D: 24H","fuels":{"gasoline95":1.739,"gasoline98":1.859,"diesel":1.879,"dieselPremium":1.939},"extra":{"saleType":"P","margin":"D","reportingType":"OM","ideess":"12124","idMunicipio":"4469","idProvincia":"29","idCCAA":"01"}}},{"type":"Feature","geometry":{"type":"Point","coordinates":[-4.439028,36.916917]},"properties":{"id":"es-12125","source":"ES","brand":"REPSOL","address":"AUTOPISTA AP-46 KM. 3,300","municipality":"Antequera","province":"MÁLAGA","postalCode":"29200","schedule":"L-D: 24H","fuels":{"gasoline95":1.739,"gasoline98":1.859,"diesel":1.879,"dieselPremium":1.939},"extra":{"saleType":"P","margin":"I","reportingType":"OM","ideess":"12125","idMunicipio":"4469","idProvincia":"29","idCCAA":"01"}}},{"type":"Feature","geometry":{"type":"Point","coordinates":[-4.845389,36.884861]},"properties":{"id":"es-12144","source":"ES","brand":"AGLA","address":"POLIGONO POL. INDUSTRIAL ARDALES PARCELA 1, 1","municipality":"Ardales","province":"MÁLAGA","postalCode":"29550","schedule":"L-D: 24H","fuels":{"gasoline95":1.609,"gasoline98":1.719,"diesel":1.679,"dieselPremium":1.719,"dieselB":1.351},"extra":{"saleType":"P","margin":"I","reportingType":"dm","ideess":"12144","idMunicipio":"4472","idProvincia":"29","idCCAA":"01"}}},{"type":"Feature","geometry":{"type":"Point","coordinates":[-4.179083,36.7445]},"properties":{"id":"es-12149","source":"ES","brand":"GUEROIL","address":"AUTOVIA AUTOVIA DEL MEDITERRANEO A-7 KM. 264,5","municipality":"Vélez-Málaga","province":"MÁLAGA","postalCode":"29792","schedule":"L-D: 24H","fuels":{"gasoline95":1.589,"gasoline98":1.789,"diesel":1.659,"dieselPremium":1.709,"dieselB":1.007,"adblue":0.999},"extra":{"saleType":"P","margin":"D","reportingType":"dm","ideess":"12149","idMunicipio":"4548","idProvincia":"29","idCCAA":"01"}}},{"type":"Feature","geometry":{"type":"Point","coordinates":[-4.45875,36.688417]},"properties":{"id":"es-12179","source":"ES","brand":"CARREFOUR","address":"CARRETERA CADIZ KM. 241","municipality":"Málaga","province":"MÁLAGA","postalCode":"29004","schedule":"L-D: 24H","fuels":{"gasoline95":1.729,"gasoline98":1.859,"diesel":1.829,"dieselPremium":1.869},"extra":{"saleType":"P","margin":"N","reportingType":"dm","ideess":"12179","idMunicipio":"4521","idProvincia":"29","idCCAA":"01"}}},{"type":"Feature","geometry":{"type":"Point","coordinates":[-4.615,36.722472]},"properties":{"id":"es-12204","source":"ES","brand":"E.S EL VALLE (AGLA)","address":"CARRETERA CARTAMA PUEBLO A ESTACION KM. 2,7","municipality":"Cártama","province":"MÁLAGA","postalCode":"29570","schedule":"L-D: 06:00-22:00","fuels":{"gasoline95":1.659,"gasoline98":1.799,"diesel":1.749,"dieselPremium":1.819},"extra":{"saleType":"P","margin":"D","reportingType":"dm","ideess":"12204","idMunicipio":"4492","idProvincia":"29","idCCAA":"01"}}},{"type":"Feature","geometry":{"type":"Point","coordinates":[-4.541583,36.602806]},"properties":{"id":"es-12286","source":"ES","brand":"CARREFOUR","address":"AVENIDA AGUAMARINA, S/N","municipality":"Benalmádena","province":"MÁLAGA","postalCode":"29639","schedule":"L: 09:00-21:30","fuels":{"gasoline95":1.729,"diesel":1.849},"extra":{"saleType":"P","margin":"N","reportingType":"dm","ideess":"12286","idMunicipio":"4479","idProvincia":"29","idCCAA":"01"}}},{"type":"Feature","geometry":{"type":"Point","coordinates":[-4.68725,36.509806]},"properties":{"id":"es-12489","source":"ES","brand":"GALP","address":"AVENIDA MARE NOSTRUM, S/N","municipality":"Mijas","province":"MÁLAGA","postalCode":"29649","schedule":"L-D: 06:00-00:00","fuels":{"gasoline95":1.719,"gasoline98":1.859,"diesel":1.829,"dieselPremium":1.919,"lpg":1.099,"adblue":0.979},"extra":{"saleType":"P","margin":"N","reportingType":"dm","ideess":"12489","idMunicipio":"4524","idProvincia":"29","idCCAA":"01"}}},{"type":"Feature","geometry":{"type":"Point","coordinates":[-4.472722,36.713056]},"properties":{"id":"es-12499","source":"ES","brand":"BP UNIVERSIDAD","address":"CALLE MARISMA, 48","municipality":"Málaga","province":"MÁLAGA","postalCode":"29006","schedule":"L-D: 24H","fuels":{"gasoline95":1.739,"gasoline98":1.879,"diesel":1.849,"dieselPremium":1.939,"lpg":1.099,"adblue":0.999},"extra":{"saleType":"P","margin":"D","reportingType":"dm","ideess":"12499","idMunicipio":"4521","idProvincia":"29","idCCAA":"01"}}},{"type":"Feature","geometry":{"type":"Point","coordinates":[-4.492639,36.643417]},"properties":{"id":"es-12618","source":"ES","brand":"COLOSO","address":"AVENIDA MANUEL FRAGA IRIBARNE, 17","municipality":"Torremolinos","province":"MÁLAGA","postalCode":"29620","schedule":"L-D: 24H","fuels":{"gasoline95":1.689,"gasoline95Premium":1.799,"diesel":1.699,"dieselPremium":1.799,"lpg":0.849},"extra":{"saleType":"P","margin":"D","reportingType":"dm","ideess":"12618","idMunicipio":"4544","idProvincia":"29","idCCAA":"01"}}},{"type":"Feature","geometry":{"type":"Point","coordinates":[-4.097111,36.76575]},"properties":{"id":"es-12736","source":"ES","brand":"BALLENOIL","address":"CAMINO HIGUERAL EL, 28","municipality":"Vélez-Málaga","province":"MÁLAGA","postalCode":"29700","schedule":"L-D: 24H","fuels":{"gasoline95":1.629,"diesel":1.709},"extra":{"saleType":"P","margin":"D","reportingType":"OM","ideess":"12736","idMunicipio":"4548","idProvincia":"29","idCCAA":"01"}}},{"type":"Feature","geometry":{"type":"Point","coordinates":[-4.493,36.707444]},"properties":{"id":"es-12802","source":"ES","brand":"BP ES GUADALHORCE","address":"CALLE RUSIA, 4","municipality":"Málaga","province":"MÁLAGA","postalCode":"29004","schedule":"L-D: 05:00-22:00","fuels":{"gasoline95":1.739,"gasoline98":1.879,"diesel":1.849,"dieselPremium":1.939,"adblue":0.999},"extra":{"saleType":"P","margin":"D","reportingType":"dm","ideess":"12802","idMunicipio":"4521","idProvincia":"29","idCCAA":"01"}}},{"type":"Feature","geometry":{"type":"Point","coordinates":[-4.555361,36.670722]},"properties":{"id":"es-12834","source":"ES","brand":"SHELL","address":"AVENIDA CIUDAD DE CEUTA, S/N","municipality":"Alhaurín de la Torre","province":"MÁLAGA","postalCode":"29130","schedule":"L-D: 06:00-00:00","fuels":{"gasoline95":1.779,"gasoline98":1.919,"diesel":1.884,"dieselPremium":1.964},"extra":{"saleType":"P","margin":"D","reportingType":"OM","ideess":"12834","idMunicipio":"4461","idProvincia":"29","idCCAA":"01"}}},{"type":"Feature","geometry":{"type":"Point","coordinates":[-4.197889,36.869917]},"properties":{"id":"es-12914","source":"ES","brand":"ACEITES LOS ROMANES","address":"CALLE CORRALON, 11","municipality":"Viñuela","province":"MÁLAGA","postalCode":"29713","schedule":"L-D: 24H","fuels":{"gasoline95":1.447,"diesel":1.564,"dieselB":1.447},"extra":{"saleType":"P","margin":"D","reportingType":"dm","ideess":"12914","idMunicipio":"4553","idProvincia":"29","idCCAA":"01"}}},{"type":"Feature","geometry":{"type":"Point","coordinates":[-4.716111,36.747778]},"properties":{"id":"es-12962","source":"ES","brand":"AGLA","address":"CARRETERA CARRETERA DE CERRALBA Nº 1 KM. 1","municipality":"Pizarra","province":"MÁLAGA","postalCode":"29569","schedule":"L-D: 24H","fuels":{"gasoline95":1.589,"gasoline98":1.695,"diesel":1.669,"dieselPremium":1.699,"dieselB":1.449,"lpg":1.055},"extra":{"saleType":"P","margin":"I","reportingType":"dm","ideess":"12962","idMunicipio":"4533","idProvincia":"29","idCCAA":"01"}}},{"type":"Feature","geometry":{"type":"Point","coordinates":[-4.873694,36.531222]},"properties":{"id":"es-13046","source":"ES","brand":"CEPSA","address":"CARRETERA C-355 KM. 36,5","municipality":"Marbella","province":"MÁLAGA","postalCode":"29600","schedule":"L-S: 13:00-17:00","fuels":{"diesel":1.869},"extra":{"saleType":"P","margin":"D","reportingType":"OM","ideess":"13046","idMunicipio":"4523","idProvincia":"29","idCCAA":"01"}}},{"type":"Feature","geometry":{"type":"Point","coordinates":[-4.5305,36.605806]},"properties":{"id":"es-13066","source":"ES","brand":"BALLENOIL","address":"CALLE SANTO TOMAS URBANIZ. LA LEALA PARCELA 3 Y 4, 3","municipality":"Benalmádena","province":"MÁLAGA","postalCode":"29630","schedule":"L-D: 24H","fuels":{"gasoline95":1.647,"diesel":1.669},"extra":{"saleType":"P","margin":"D","reportingType":"OM","ideess":"13066","idMunicipio":"4479","idProvincia":"29","idCCAA":"01"}}},{"type":"Feature","geometry":{"type":"Point","coordinates":[-4.118028,36.798528]},"properties":{"id":"es-13112","source":"ES","brand":"TROPS","address":"POLIGONO INDUSTRIAL EL TRAPICHE, S/N","municipality":"Vélez-Málaga","province":"MÁLAGA","postalCode":"29719","schedule":"L-D: 07:00-21:00","fuels":{"gasoline95":1.572,"diesel":1.643,"dieselPremium":1.682,"dieselB":1.355},"extra":{"saleType":"P","margin":"D","reportingType":"dm","ideess":"13112","idMunicipio":"4548","idProvincia":"29","idCCAA":"01"}}},{"type":"Feature","geometry":{"type":"Point","coordinates":[-4.748056,36.663528]},"properties":{"id":"es-13140","source":"ES","brand":"PETROPRIX COIN","address":"AVENIDA REINA SOFIA, 43","municipality":"Coín","province":"MÁLAGA","postalCode":"29100","schedule":"L-D: 24H","fuels":{"gasoline95":1.569,"diesel":1.639},"extra":{"saleType":"P","margin":"D","reportingType":"dm","ideess":"13140","idMunicipio":"4496","idProvincia":"29","idCCAA":"01"}}},{"type":"Feature","geometry":{"type":"Point","coordinates":[-4.456556,36.714889]},"properties":{"id":"es-13224","source":"ES","brand":"CARREFOUR","address":"CALLE SAIN EXUPERY, S/N","municipality":"Málaga","province":"MÁLAGA","postalCode":"29007","schedule":"L-D: 24H","fuels":{"gasoline95":1.729,"diesel":1.829,"dieselPremium":1.869},"extra":{"saleType":"P","margin":"N","reportingType":"dm","ideess":"13224","idMunicipio":"4521","idProvincia":"29","idCCAA":"01"}}},{"type":"Feature","geometry":{"type":"Point","coordinates":[-4.526417,36.70525]},"properties":{"id":"es-13233","source":"ES","brand":"NEW OIL MALAGA","address":"AVENIDA ORTEGA Y GASSET (MERCAMALAGA), 553","municipality":"Málaga","province":"MÁLAGA","postalCode":"29006","schedule":"L-D: 24H","fuels":{"gasoline95":1.529,"diesel":1.739},"extra":{"saleType":"P","margin":"I","reportingType":"dm","ideess":"13233","idMunicipio":"4521","idProvincia":"29","idCCAA":"01"}}},{"type":"Feature","geometry":{"type":"Point","coordinates":[-4.462361,36.693556]},"properties":{"id":"es-13313","source":"ES","brand":"PETROPRIX","address":"CALLE LICURGO, 2","municipality":"Málaga","province":"MÁLAGA","postalCode":"29004","schedule":"L-D: 24H","fuels":{"gasoline95":1.599,"diesel":1.649},"extra":{"saleType":"P","margin":"D","reportingType":"dm","ideess":"13313","idMunicipio":"4521","idProvincia":"29","idCCAA":"01"}}},{"type":"Feature","geometry":{"type":"Point","coordinates":[-4.471667,36.705306]},"properties":{"id":"es-13314","source":"ES","brand":"PETROPRIX","address":"CALLE BAHIA BLANCA, 31","municipality":"Málaga","province":"MÁLAGA","postalCode":"29006","schedule":"L-D: 24H","fuels":{"gasoline95":1.599,"diesel":1.649},"extra":{"saleType":"P","margin":"D","reportingType":"dm","ideess":"13314","idMunicipio":"4521","idProvincia":"29","idCCAA":"01"}}},{"type":"Feature","geometry":{"type":"Point","coordinates":[-4.634917,36.544694]},"properties":{"id":"es-13319","source":"ES","brand":"CARREFOUR","address":"AUTOVIA DE LOS LIRIOS KM. 210","municipality":"Mijas","province":"MÁLAGA","postalCode":"29650","schedule":"L-D: 24H","fuels":{"gasoline95":1.729,"gasoline98":1.859,"diesel":1.849,"dieselPremium":1.889},"extra":{"saleType":"P","margin":"D","reportingType":"dm","ideess":"13319","idMunicipio":"4524","idProvincia":"29","idCCAA":"01"}}},{"type":"Feature","geometry":{"type":"Point","coordinates":[-4.636722,36.539028]},"properties":{"id":"es-13325","source":"ES","brand":"PETROPRIX MIJAS","address":"CAMINO VIEJO DE COIN, 43","municipality":"Mijas","province":"MÁLAGA","postalCode":"29650","schedule":"L-D: 24H","fuels":{"gasoline95":1.707,"diesel":1.727},"extra":{"saleType":"P","margin":"D","reportingType":"dm","ideess":"13325","idMunicipio":"4524","idProvincia":"29","idCCAA":"01"}}},{"type":"Feature","geometry":{"type":"Point","coordinates":[-4.471028,36.687944]},"properties":{"id":"es-13641","source":"ES","brand":"GALP","address":"CALLE HERMAN HESSE, 5","municipality":"Málaga","province":"MÁLAGA","postalCode":"29004","schedule":"L-V: 06:00-22:00; S: 08:00-22:00; D: 08:00-15:00","fuels":{"gasoline95":1.679,"gasoline98":1.799,"diesel":1.739,"dieselPremium":1.789},"extra":{"saleType":"P","margin":"D","reportingType":"dm","ideess":"13641","idMunicipio":"4521","idProvincia":"29","idCCAA":"01"}}},{"type":"Feature","geometry":{"type":"Point","coordinates":[-4.992444,36.495]},"properties":{"id":"es-13736","source":"ES","brand":"MOEVE","address":"CALLE HELSINKI-PG SAN PEDRO, 40","municipality":"Marbella","province":"MÁLAGA","postalCode":"29670","schedule":"L-D: 06:00-22:00","fuels":{"gasoline95":1.779,"gasoline95Premium":1.869,"gasoline98":1.899,"diesel":1.869,"dieselPremium":1.949},"extra":{"saleType":"P","margin":"D","reportingType":"OM","ideess":"13736","idMunicipio":"4523","idProvincia":"29","idCCAA":"01"}}},{"type":"Feature","geometry":{"type":"Point","coordinates":[-4.621028,36.718944]},"properties":{"id":"es-13752","source":"ES","brand":"BALLENOIL","address":"SECTOR UR.21 PARCELA 9, 9","municipality":"Cártama","province":"MÁLAGA","postalCode":"29570","schedule":"L-D: 24H","fuels":{"gasoline95":1.589,"diesel":1.679},"extra":{"saleType":"P","margin":"N","reportingType":"OM","ideess":"13752","idMunicipio":"4492","idProvincia":"29","idCCAA":"01"}}},{"type":"Feature","geometry":{"type":"Point","coordinates":[-4.710806,36.767139]},"properties":{"id":"es-13800","source":"ES","brand":"EXPRESS","address":"CALLE INGENIERO PABLO ESTEBAN MAES, 3","municipality":"Pizarra","province":"MÁLAGA","postalCode":"29560","schedule":"L-D: 24H","fuels":{"gasoline95":1.589,"diesel":1.669},"extra":{"saleType":"P","margin":"N","reportingType":"dm","ideess":"13800","idMunicipio":"4533","idProvincia":"29","idCCAA":"01"}}},{"type":"Feature","geometry":{"type":"Point","coordinates":[-4.529333,36.606639]},"properties":{"id":"es-13860","source":"ES","brand":"PETROPRIX","address":"URBANIZACIÓN LA LEALA, 22","municipality":"Benalmádena","province":"MÁLAGA","postalCode":"29631","schedule":"L-D: 24H","fuels":{"gasoline95":1.647,"diesel":1.669},"extra":{"saleType":"P","margin":"I","reportingType":"dm","ideess":"13860","idMunicipio":"4479","idProvincia":"29","idCCAA":"01"}}},{"type":"Feature","geometry":{"type":"Point","coordinates":[-4.746917,36.664278]},"properties":{"id":"es-13900","source":"ES","brand":"BALLENOIL","address":"AVENIDA REINA SOFIA, S/N","municipality":"Coín","province":"MÁLAGA","postalCode":"29100","schedule":"L-D: 24H","fuels":{"gasoline95":1.569,"diesel":1.639},"extra":{"saleType":"P","margin":"D","reportingType":"OM","ideess":"13900","idMunicipio":"4496","idProvincia":"29","idCCAA":"01"}}},{"type":"Feature","geometry":{"type":"Point","coordinates":[-4.627028,36.556639]},"properties":{"id":"es-13905","source":"ES","brand":"Q8 EASY","address":"CARRETERA DE MIJAS, EQUINA CALLE VIRIATO KM. 6,1","municipality":"Fuengirola","province":"MÁLAGA","postalCode":"29640","schedule":"L-D: 24H","fuels":{"gasoline95":1.729,"diesel":1.799},"extra":{"saleType":"P","margin":"D","reportingType":"dm","ideess":"13905","idMunicipio":"4508","idProvincia":"29","idCCAA":"01"}}},{"type":"Feature","geometry":{"type":"Point","coordinates":[-4.105611,36.791694]},"properties":{"id":"es-13914","source":"ES","brand":"MAXOIL","address":"CALLE BENAVENTE PARC 23-24 POL. IND. LOS ZAMORANOS, 23","municipality":"Vélez-Málaga","province":"MÁLAGA","postalCode":"29700","schedule":"L-D: 24H","fuels":{"gasoline95":1.639,"diesel":1.689},"extra":{"saleType":"P","margin":"D","reportingType":"dm","ideess":"13914","idMunicipio":"4548","idProvincia":"29","idCCAA":"01"}}},{"type":"Feature","geometry":{"type":"Point","coordinates":[-4.626889,36.549]},"properties":{"id":"es-14111","source":"ES","brand":"BALLENOIL","address":"AVENIDA ALCALDE CLEMENTE DIAZ RUIZ, 38","municipality":"Fuengirola","province":"MÁLAGA","postalCode":"29640","schedule":"L-D: 24H","fuels":{"gasoline95":1.689,"diesel":1.699,"dieselPremium":1.719},"extra":{"saleType":"P","margin":"D","reportingType":"OM","ideess":"14111","idMunicipio":"4508","idProvincia":"29","idCCAA":"01"}}},{"type":"Feature","geometry":{"type":"Point","coordinates":[-4.530389,36.6045]},"properties":{"id":"es-14112","source":"ES","brand":"BALLENOIL","address":"CALLE PACHARAN, 25","municipality":"Benalmádena","province":"MÁLAGA","postalCode":"29631","schedule":"L-D: 24H","fuels":{"gasoline95":1.647,"diesel":1.669},"extra":{"saleType":"P","margin":"D","reportingType":"OM","ideess":"14112","idMunicipio":"4479","idProvincia":"29","idCCAA":"01"}}},{"type":"Feature","geometry":{"type":"Point","coordinates":[-4.533167,36.606361]},"properties":{"id":"es-14332","source":"ES","brand":"PETROMARKT","address":"CALLE SIDRA, 4","municipality":"Benalmádena","province":"MÁLAGA","postalCode":"29631","schedule":"L-D: 24H","fuels":{"gasoline95":1.679,"diesel":1.699,"dieselPremium":1.729},"extra":{"saleType":"P","margin":"D","reportingType":"dm","ideess":"14332","idMunicipio":"4479","idProvincia":"29","idCCAA":"01"}}},{"type":"Feature","geometry":{"type":"Point","coordinates":[-4.470583,36.693333]},"properties":{"id":"es-14379","source":"ES","brand":"DINERGIA","address":"CALLE EDUARDO QUEIPO DE LLANO CABALLERO, 11","municipality":"Málaga","province":"MÁLAGA","postalCode":"29004","schedule":"L-V: 06:00-21:00; S: 09:00-15:00","fuels":{"gasoline95":1.599,"diesel":1.669,"adblue":0.799},"extra":{"saleType":"P","margin":"I","reportingType":"dm","ideess":"14379","idMunicipio":"4521","idProvincia":"29","idCCAA":"01"}}},{"type":"Feature","geometry":{"type":"Point","coordinates":[-4.426333,36.898222]},"properties":{"id":"es-14381","source":"ES","brand":"PETROSUR JQ43","address":"AVENIDA DE LA HUERTA, 14","municipality":"Casabermeja","province":"MÁLAGA","postalCode":"29160","schedule":"L-D: 24H","fuels":{"gasoline95":1.669,"diesel":1.789},"extra":{"saleType":"P","margin":"D","reportingType":"dm","ideess":"14381","idMunicipio":"4493","idProvincia":"29","idCCAA":"01"}}},{"type":"Feature","geometry":{"type":"Point","coordinates":[-4.477556,36.693583]},"properties":{"id":"es-14418","source":"ES","brand":"SHELL","address":"CALLE ESTEBAN SALAZAR CHAPELA, 28","municipality":"Málaga","province":"MÁLAGA","postalCode":"29004","schedule":"L-D: 24H","fuels":{"gasoline95":1.639,"diesel":1.679},"extra":{"saleType":"P","margin":"N","reportingType":"OM","ideess":"14418","idMunicipio":"4521","idProvincia":"29","idCCAA":"01"}}},{"type":"Feature","geometry":{"type":"Point","coordinates":[-4.098722,36.76625]},"properties":{"id":"es-14573","source":"ES","brand":"PETROPRIX","address":"AVENIDA REY JUAN CARLOS I, 5","municipality":"Vélez-Málaga","province":"MÁLAGA","postalCode":"29700","schedule":"L-D: 24H","fuels":{"gasoline95":1.629,"diesel":1.699},"extra":{"saleType":"P","margin":"N","reportingType":"dm","ideess":"14573","idMunicipio":"4548","idProvincia":"29","idCCAA":"01"}}},{"type":"Feature","geometry":{"type":"Point","coordinates":[-4.992528,36.496583]},"properties":{"id":"es-14819","source":"ES","brand":"REPSOL","address":"CALLE CARRIL DE PICAZA-PG SAN P, S/N","municipality":"Marbella","province":"MÁLAGA","postalCode":"29670","schedule":"L-D: 24H","fuels":{"gasoline95":1.779,"gasoline98":1.904,"diesel":1.889,"dieselPremium":1.979},"extra":{"saleType":"P","margin":"D","reportingType":"dm","ideess":"14819","idMunicipio":"4523","idProvincia":"29","idCCAA":"01"}}},{"type":"Feature","geometry":{"type":"Point","coordinates":[-4.545667,36.669194]},"properties":{"id":"es-14896","source":"ES","brand":"PLENERGY","address":"CARRETERA ZONA UE-EN-03 KM. S/N","municipality":"Alhaurín de la Torre","province":"MÁLAGA","postalCode":"29130","schedule":"L-D: 24H","fuels":{"gasoline95":1.709,"diesel":1.759},"extra":{"saleType":"P","margin":"D","reportingType":"dm","ideess":"14896","idMunicipio":"4461","idProvincia":"29","idCCAA":"01"}}},{"type":"Feature","geometry":{"type":"Point","coordinates":[-4.46775,36.706056]},"properties":{"id":"es-14939","source":"ES","brand":"PETROPRIX","address":"AVENIDA JOSE ORTEGA Y GASSET, 277","municipality":"Málaga","province":"MÁLAGA","postalCode":"29006","schedule":"L-D: 24H","fuels":{"gasoline95":1.599,"diesel":1.649},"extra":{"saleType":"P","margin":"I","reportingType":"dm","ideess":"14939","idMunicipio":"4521","idProvincia":"29","idCCAA":"01"}}},{"type":"Feature","geometry":{"type":"Point","coordinates":[-4.690028,36.66025]},"properties":{"id":"es-15077","source":"ES","brand":"ECOAREA ALHAURÍN","address":"POLIGONO LA ROSA , CALLE GUADALMEDINA, 13","municipality":"Alhaurín el Grande","province":"MÁLAGA","postalCode":"29120","schedule":"L-D: 24H","fuels":{"gasoline95":1.589,"diesel":1.689,"adblue":0.999},"extra":{"saleType":"P","margin":"D","reportingType":"dm","ideess":"15077","idMunicipio":"4462","idProvincia":"29","idCCAA":"01"}}},{"type":"Feature","geometry":{"type":"Point","coordinates":[-4.514139,36.61225]},"properties":{"id":"es-15104","source":"ES","brand":"CARREFOUR","address":"CALLE ANTONIO MARQUEZ MUÑOZ, 25","municipality":"Torremolinos","province":"MÁLAGA","postalCode":"29620","schedule":"L-D: 24H","fuels":{"gasoline95":1.728,"diesel":1.848},"extra":{"saleType":"P","margin":"D","reportingType":"dm","ideess":"15104","idMunicipio":"4544","idProvincia":"29","idCCAA":"01"}}},{"type":"Feature","geometry":{"type":"Point","coordinates":[-4.049722,36.762111]},"properties":{"id":"es-15108","source":"ES","brand":"PLENERGY","address":"CALLE TALLERES, 4","municipality":"Algarrobo","province":"MÁLAGA","postalCode":"29750","schedule":"L-D: 24H","fuels":{"gasoline95":1.629,"diesel":1.709},"extra":{"saleType":"P","margin":"D","reportingType":"dm","ideess":"15108","idMunicipio":"4459","idProvincia":"29","idCCAA":"01"}}},{"type":"Feature","geometry":{"type":"Point","coordinates":[-4.990917,36.497083]},"properties":{"id":"es-15125","source":"ES","brand":"PETROPRIX","address":"CALLE CARRIL DE PICAZA-PG SAN P, S/N","municipality":"Marbella","province":"MÁLAGA","postalCode":"29370","schedule":"L-D: 24H","fuels":{"gasoline95":1.609,"diesel":1.639},"extra":{"saleType":"P","margin":"N","reportingType":"dm","ideess":"15125","idMunicipio":"4523","idProvincia":"29","idCCAA":"01"}}},{"type":"Feature","geometry":{"type":"Point","coordinates":[-4.500694,36.633111]},"properties":{"id":"es-15135","source":"ES","brand":"PLENERGY","address":"CALLE CANADA DE LOS CARDOS, SN","municipality":"Torremolinos","province":"MÁLAGA","postalCode":"29620","schedule":"L-D: 24H","fuels":{"gasoline95":1.709,"diesel":1.747},"extra":{"saleType":"P","margin":"D","reportingType":"dm","ideess":"15135","idMunicipio":"4544","idProvincia":"29","idCCAA":"01"}}},{"type":"Feature","geometry":{"type":"Point","coordinates":[-4.626778,36.548667]},"properties":{"id":"es-15172","source":"ES","brand":"PLENERGY","address":"AVENIDA ALCALDE CLEMENTE DIAZ  RUIZ, 34","municipality":"Fuengirola","province":"MÁLAGA","postalCode":"29640","schedule":"L-D: 24H","fuels":{"gasoline95":1.707,"diesel":1.727},"extra":{"saleType":"P","margin":"D","reportingType":"dm","ideess":"15172","idMunicipio":"4508","idProvincia":"29","idCCAA":"01"}}},{"type":"Feature","geometry":{"type":"Point","coordinates":[-4.636306,36.539028]},"properties":{"id":"es-15266","source":"ES","brand":"PETROSOL","address":"CAMINO VIEJO DE COIN, 41","municipality":"Mijas","province":"MÁLAGA","postalCode":"29650","schedule":"L-D: 24H","fuels":{"gasoline95":1.726,"diesel":1.746},"extra":{"saleType":"P","margin":"I","reportingType":"dm","ideess":"15266","idMunicipio":"4524","idProvincia":"29","idCCAA":"01"}}},{"type":"Feature","geometry":{"type":"Point","coordinates":[-4.135917,36.794111]},"properties":{"id":"es-15279","source":"ES","brand":"ADISADI VELEZ","address":"CARRETERA VELEZ­-BENAMOCARRA, MA­135 KM. 1,5","municipality":"Benamocarra","province":"MÁLAGA","postalCode":"29719","schedule":"L-D: 06:30-22:30","fuels":{"gasoline95":1.599,"diesel":1.619},"extra":{"saleType":"P","margin":"D","reportingType":"dm","ideess":"15279","idMunicipio":"4481","idProvincia":"29","idCCAA":"01"}}},{"type":"Feature","geometry":{"type":"Point","coordinates":[-4.690528,36.553778]},"properties":{"id":"es-15637","source":"ES","brand":"PLENERGY","address":"CALLE GUADAÑA DE LA TORRE, 1","municipality":"Mijas","province":"MÁLAGA","postalCode":"29650","schedule":"L-D: 24H","fuels":{"gasoline95":1.707,"diesel":1.727},"extra":{"saleType":"P","margin":"D","reportingType":"dm","ideess":"15637","idMunicipio":"4524","idProvincia":"29","idCCAA":"01"}}},{"type":"Feature","geometry":{"type":"Point","coordinates":[-4.867722,36.509556]},"properties":{"id":"es-15712","source":"ES","brand":"ESTACION DE SERVICIO COLOSO MARBELLA","address":"CALLE MADERA-PG LA ERMITA, 1","municipality":"Marbella","province":"MÁLAGA","postalCode":"29600","schedule":"L-D: 24H","fuels":{"gasoline95":1.659,"gasoline98E10":1.759,"diesel":1.699,"dieselPremium":1.769},"extra":{"saleType":"P","margin":"D","reportingType":"dm","ideess":"15712","idMunicipio":"4523","idProvincia":"29","idCCAA":"01"}}},{"type":"Feature","geometry":{"type":"Point","coordinates":[-4.732667,36.6755]},"properties":{"id":"es-15826","source":"ES","brand":"CARREFOUR","address":"CALLE GUADALQUIVIR, 1","municipality":"Coín","province":"MÁLAGA","postalCode":"29100","schedule":"L-D: 24H","fuels":{"gasoline95":1.629,"diesel":1.699},"extra":{"saleType":"P","margin":"D","reportingType":"dm","ideess":"15826","idMunicipio":"4496","idProvincia":"29","idCCAA":"01"}}},{"type":"Feature","geometry":{"type":"Point","coordinates":[-4.516194,36.610333]},"properties":{"id":"es-15863","source":"ES","brand":"BALLENOIL","address":"CALLE ANTONIO MÁRQUEZ MUÑOZ, 36","municipality":"Torremolinos","province":"MÁLAGA","postalCode":"29620","schedule":"L-D: 24H","fuels":{"gasoline95":1.639,"diesel":1.669,"dieselPremium":1.689},"extra":{"saleType":"P","margin":"D","reportingType":"OM","ideess":"15863","idMunicipio":"4544","idProvincia":"29","idCCAA":"01"}}},{"type":"Feature","geometry":{"type":"Point","coordinates":[-4.716611,36.747944]},"properties":{"id":"es-15873","source":"ES","brand":"PLENERGY","address":"CARRETERA DE CERRALBA KM. 5","municipality":"Pizarra","province":"MÁLAGA","postalCode":"29569","schedule":"L-D: 24H","fuels":{"gasoline95":1.589,"diesel":1.679},"extra":{"saleType":"P","margin":"D","reportingType":"dm","ideess":"15873","idMunicipio":"4533","idProvincia":"29","idCCAA":"01"}}},{"type":"Feature","geometry":{"type":"Point","coordinates":[-4.640194,36.538194]},"properties":{"id":"es-15874","source":"ES","brand":"PLENERGY","address":"CAMINO VIEJO DE COIN, 77","municipality":"Mijas","province":"MÁLAGA","postalCode":"29650","schedule":"L-D: 24H","fuels":{"gasoline95":1.707,"diesel":1.727},"extra":{"saleType":"P","margin":"D","reportingType":"dm","ideess":"15874","idMunicipio":"4524","idProvincia":"29","idCCAA":"01"}}},{"type":"Feature","geometry":{"type":"Point","coordinates":[-4.866889,36.512056]},"properties":{"id":"es-15949","source":"ES","brand":"BALLENOIL","address":"CALLE PLATA 44, POLÍGONO LA ERMITA, 44","municipality":"Marbella","province":"MÁLAGA","postalCode":"29600","schedule":"L-D: 24H","fuels":{"gasoline95":1.619,"diesel":1.649,"dieselPremium":1.669},"extra":{"saleType":"P","margin":"D","reportingType":"OM","ideess":"15949","idMunicipio":"4523","idProvincia":"29","idCCAA":"01"}}},{"type":"Feature","geometry":{"type":"Point","coordinates":[-4.468,36.710278]},"properties":{"id":"es-15965","source":"ES","brand":"PLENERGY","address":"CALLE LA BOHEME, S/N","municipality":"Málaga","province":"MÁLAGA","postalCode":"29006","schedule":"L-D: 24H","fuels":{"gasoline95":1.609,"diesel":1.669},"extra":{"saleType":"P","margin":"D","reportingType":"dm","ideess":"15965","idMunicipio":"4521","idProvincia":"29","idCCAA":"01"}}},{"type":"Feature","geometry":{"type":"Point","coordinates":[-4.980278,36.502444]},"properties":{"id":"es-16017","source":"ES","brand":"BALLENOIL","address":"CALLE JOSÉ MARÍA PEMÁN, 28","municipality":"Marbella","province":"MÁLAGA","postalCode":"29660","schedule":"L-D: 24H","fuels":{"gasoline95":1.609,"diesel":1.639,"dieselPremium":1.649},"extra":{"saleType":"P","margin":"N","reportingType":"OM","ideess":"16017","idMunicipio":"4523","idProvincia":"29","idCCAA":"01"}}},{"type":"Feature","geometry":{"type":"Point","coordinates":[-4.659056,36.508]},"properties":{"id":"es-16184","source":"ES","brand":"PLENERGY","address":"AVENIDA CARMEN WERNER, S/N","municipality":"Mijas","province":"MÁLAGA","postalCode":"29649","schedule":"L-D: 24H","fuels":{"gasoline95":1.707,"diesel":1.727},"extra":{"saleType":"P","margin":"D","reportingType":"dm","ideess":"16184","idMunicipio":"4524","idProvincia":"29","idCCAA":"01"}}},{"type":"Feature","geometry":{"type":"Point","coordinates":[-4.497667,36.66075]},"properties":{"id":"es-16238","source":"ES","brand":"COLOSO","address":"CARRETERA DE COIN KM. 54","municipality":"Málaga","province":"MÁLAGA","postalCode":"29140","schedule":"L-D: 24H","fuels":{"gasoline95":1.689,"gasoline98":1.759,"diesel":1.699,"dieselPremium":1.759,"lpg":0.849,"adblue":0.659},"extra":{"saleType":"P","margin":"D","reportingType":"dm","ideess":"16238","idMunicipio":"4521","idProvincia":"29","idCCAA":"01"}}},{"type":"Feature","geometry":{"type":"Point","coordinates":[-4.990194,36.497333]},"properties":{"id":"es-16328","source":"ES","brand":"BALLENOIL","address":"CALLE REINO UNIDO-PG SAN PEDRO, S/N","municipality":"Marbella","province":"MÁLAGA","postalCode":"29670","schedule":"L-D: 24H","fuels":{"gasoline95":1.609,"gasoline95Premium":1.619,"diesel":1.639,"dieselPremium":1.649},"extra":{"saleType":"P","margin":"N","reportingType":"OM","ideess":"16328","idMunicipio":"4523","idProvincia":"29","idCCAA":"01"}}},{"type":"Feature","geometry":{"type":"Point","coordinates":[-4.526389,36.705167]},"properties":{"id":"es-16469","source":"ES","brand":"HAM","address":"AVINGUDA ORTEGA Y GASSET, 557","municipality":"Málaga","province":"MÁLAGA","postalCode":"29010","schedule":"L-D: 24H","fuels":{"lng":1.529,"bioLng":1.499},"extra":{"saleType":"P","margin":"D","reportingType":"dm","ideess":"16469","idMunicipio":"4521","idProvincia":"29","idCCAA":"01"}}},{"type":"Feature","geometry":{"type":"Point","coordinates":[-4.096306,36.745944]},"properties":{"id":"es-5085","source":"ES","brand":"LISBONA OIL","address":"CL ANGUSTIAS, 1","municipality":"Vélez-Málaga","province":"MÁLAGA","postalCode":"29740","schedule":"L-D: 24H","fuels":{"gasoline95":1.589,"gasoline98":1.749,"diesel":1.679,"adblue":0.83},"extra":{"saleType":"P","margin":"N","reportingType":"dm","ideess":"5085","idMunicipio":"4548","idProvincia":"29","idCCAA":"01"}}},{"type":"Feature","geometry":{"type":"Point","coordinates":[-4.726972,36.781278]},"properties":{"id":"es-6431","source":"ES","brand":"AGLA","address":"CTRA.SUBZONA A ALORA","municipality":"Pizarra","province":"MÁLAGA","postalCode":"29560","schedule":"L-V: 06:00-22:30; S: 07:00-23:00; D: 07:00-22:30","fuels":{"gasoline95":1.588,"diesel":1.668},"extra":{"saleType":"P","margin":"N","reportingType":"dm","ideess":"6431","idMunicipio":"4533","idProvincia":"29","idCCAA":"01"}}},{"type":"Feature","geometry":{"type":"Point","coordinates":[-4.7835,36.810472]},"properties":{"id":"es-6432","source":"ES","brand":"AGLA","address":"CTRA.A-357, (ZALEA-ARDALES) km 33,2","municipality":"Casarabonela","province":"MÁLAGA","postalCode":"29566","schedule":"L-D: 24H","fuels":{"gasoline95":1.609,"diesel":1.675,"dieselPremium":1.698},"extra":{"saleType":"P","margin":"N","reportingType":"dm","ideess":"6432","idMunicipio":"4494","idProvincia":"29","idCCAA":"01"}}},{"type":"Feature","geometry":{"type":"Point","coordinates":[-4.805444,36.636444]},"properties":{"id":"es-6468","source":"ES","brand":"BP MONDA","address":"CARRETERA A-355 KM. 20","municipality":"Monda","province":"MÁLAGA","postalCode":"29110","schedule":"L-D: 24H","fuels":{"gasoline95":1.759,"gasoline98":1.899,"diesel":1.879,"dieselPremium":1.969,"adblue":0.905},"extra":{"saleType":"P","margin":"D","reportingType":"OM","ideess":"6468","idMunicipio":"4527","idProvincia":"29","idCCAA":"01"}}},{"type":"Feature","geometry":{"type":"Point","coordinates":[-4.666333,36.718556]},"properties":{"id":"es-6508","source":"ES","brand":"MOEVE","address":"AUTOVIA CAMPILLOS-MALAGA KM. 50,05","municipality":"Cártama","province":"MÁLAGA","postalCode":"29570","schedule":"L-D: 24H","fuels":{"gasoline95":1.739,"gasoline98":1.869,"diesel":1.869,"dieselPremium":1.909,"dieselB":1.619,"adblue":0.999},"extra":{"saleType":"P","margin":"I","reportingType":"dm","ideess":"6508","idMunicipio":"4492","idProvincia":"29","idCCAA":"01"}}},{"type":"Feature","geometry":{"type":"Point","coordinates":[-4.548,36.668444]},"properties":{"id":"es-6509","source":"ES","brand":"CEPSA","address":"CARRETERA MA-404 KM. 23","municipality":"Alhaurín de la Torre","province":"MÁLAGA","postalCode":"29130","schedule":"L: 06:00-23:59; M-V: 24H; S-D: 06:00-22:00","fuels":{"gasoline95":1.779,"gasoline95Premium":1.869,"diesel":1.879,"dieselPremium":1.959},"extra":{"saleType":"P","margin":"D","reportingType":"OM","ideess":"6509","idMunicipio":"4461","idProvincia":"29","idCCAA":"01"}}},{"type":"Feature","geometry":{"type":"Point","coordinates":[-4.750972,36.662944]},"properties":{"id":"es-6533","source":"ES","brand":"SHELL","address":"AVENIDA REINA SOFIA, S/N","municipality":"Coín","province":"MÁLAGA","postalCode":"29100","schedule":"L-D: 06:00-00:00","fuels":{"gasoline95":1.728,"gasoline98":1.868,"diesel":1.828,"dieselPremium":1.908},"extra":{"saleType":"P","margin":"N","reportingType":"OM","ideess":"6533","idMunicipio":"4496","idProvincia":"29","idCCAA":"01"}}},{"type":"Feature","geometry":{"type":"Point","coordinates":[-4.122139,36.955639]},"properties":{"id":"es-6595","source":"ES","brand":"GM10","address":"CALLE BUENOS AIRES, 10","municipality":"Alhama de Granada","province":"GRANADA","postalCode":"18128","schedule":"L-D: 07:00-23:00","fuels":{"gasoline95":1.659,"gasoline95Premium":1.699,"diesel":1.699,"dieselPremium":1.749,"dieselB":1.399},"extra":{"saleType":"P","margin":"D","reportingType":"dm","ideess":"6595","idMunicipio":"2681","idProvincia":"18","idCCAA":"01"}}},{"type":"Feature","geometry":{"type":"Point","coordinates":[-4.103472,36.755167]},"properties":{"id":"es-7043","source":"ES","brand":"EROSKI","address":"AVENIDA JUAN CARLOS I, S/N","municipality":"Vélez-Málaga","province":"MÁLAGA","postalCode":"29700","schedule":"L-D: 24H","fuels":{"gasoline95":1.589,"diesel":1.649,"dieselPremium":1.709},"extra":{"saleType":"P","margin":"N","reportingType":"dm","ideess":"7043","idMunicipio":"4548","idProvincia":"29","idCCAA":"01"}}},{"type":"Feature","geometry":{"type":"Point","coordinates":[-4.461917,36.691611]},"properties":{"id":"es-7064","source":"ES","brand":"GALP","address":"CALLE TUICIDES, 14","municipality":"Málaga","province":"MÁLAGA","postalCode":"29004","schedule":"L-D: 06:00-22:00","fuels":{"gasoline95":1.699,"diesel":1.799,"dieselPremium":1.849},"extra":{"saleType":"P","margin":"N","reportingType":"OM","ideess":"7064","idMunicipio":"4521","idProvincia":"29","idCCAA":"01"}}},{"type":"Feature","geometry":{"type":"Point","coordinates":[-4.62675,36.556417]},"properties":{"id":"es-7065","source":"ES","brand":"GALP","address":"CARRETERA MA-409 KM. 6","municipality":"Fuengirola","province":"MÁLAGA","postalCode":"29640","schedule":"L-D: 24H","fuels":{"gasoline95":1.729,"gasoline95Premium":1.779,"diesel":1.799,"dieselPremium":1.849,"adblue":0.799},"extra":{"saleType":"P","margin":"N","reportingType":"OM","ideess":"7065","idMunicipio":"4508","idProvincia":"29","idCCAA":"01"}}},{"type":"Feature","geometry":{"type":"Point","coordinates":[-4.539889,36.607583]},"properties":{"id":"es-7066","source":"ES","brand":"BP MIRAMAR BENALMADENA","address":"TERRENOS PARCELA I.C. EN P.V.I. EN V.A.-I SANTANGELO - ARROYO DE LA MIEL, 1","municipality":"Benalmádena","province":"MÁLAGA","postalCode":"29639","schedule":"L-D: 24H","fuels":{"gasoline95":1.759,"gasoline98":1.899,"diesel":1.879,"dieselPremium":1.969,"adblue":1.095},"extra":{"saleType":"P","margin":"N","reportingType":"OM","ideess":"7066","idMunicipio":"4479","idProvincia":"29","idCCAA":"01"}}},{"type":"Feature","geometry":{"type":"Point","coordinates":[-4.590167,36.572361]},"properties":{"id":"es-7069","source":"ES","brand":"GALP","address":"CARRETERA N-340- SECTOR 97 KM. S/N","municipality":"Benalmádena","province":"MÁLAGA","postalCode":"29639","schedule":"L-D: 06:00-23:00","fuels":{"gasoline95":1.754,"gasoline98":1.874,"diesel":1.874,"dieselPremium":1.924},"extra":{"saleType":"P","margin":"N","reportingType":"OM","ideess":"7069","idMunicipio":"4479","idProvincia":"29","idCCAA":"01"}}},{"type":"Feature","geometry":{"type":"Point","coordinates":[-4.96625,36.486833]},"properties":{"id":"es-7071","source":"ES","brand":"GALP","address":"CARRETERA CN-340 NUEVA ANDALUCIA KM. 173","municipality":"Marbella","province":"MÁLAGA","postalCode":"29660","schedule":"L-D: 24H","fuels":{"gasoline95Premium":1.839,"gasoline98":1.839,"diesel":1.869,"dieselPremium":1.919},"extra":{"saleType":"P","margin":"N","reportingType":"OM","ideess":"7071","idMunicipio":"4523","idProvincia":"29","idCCAA":"01"}}},{"type":"Feature","geometry":{"type":"Point","coordinates":[-4.680306,36.93475]},"properties":{"id":"es-7078","source":"ES","brand":"REPSOL","address":"CR A-343, 28","municipality":"Valle de Abdalajís","province":"MÁLAGA","postalCode":"29240","schedule":"L-D: 07:00-22:00","fuels":{"gasoline95":1.739,"gasoline98":1.909,"diesel":1.849,"dieselB":1.509},"extra":{"saleType":"P","margin":"I","reportingType":"dm","ideess":"7078","idMunicipio":"4547","idProvincia":"29","idCCAA":"01"}}},{"type":"Feature","geometry":{"type":"Point","coordinates":[-4.992972,36.494]},"properties":{"id":"es-7090","source":"ES","brand":"BP LAS MEDRANAS","address":"UR LAS MEDRANAS  S/N","municipality":"Marbella","province":"MÁLAGA","postalCode":"29670","schedule":"L-D: 24H","fuels":{"gasoline95":1.769,"gasoline98":1.909,"diesel":1.879,"dieselPremium":1.969,"adblue":1.205},"extra":{"saleType":"P","margin":"N","reportingType":"OM","ideess":"7090","idMunicipio":"4523","idProvincia":"29","idCCAA":"01"}}},{"type":"Feature","geometry":{"type":"Point","coordinates":[-4.464861,36.986889]},"properties":{"id":"es-7103","source":"ES","brand":"REPSOL","address":"CARRETERA A-45 KM. 111,5","municipality":"Antequera","province":"MÁLAGA","postalCode":"29200","schedule":"L-D: 24H","fuels":{"gasoline95":1.729,"gasoline98":1.889,"diesel":1.865,"dieselPremium":1.945},"extra":{"saleType":"P","margin":"I","reportingType":"OM","ideess":"7103","idMunicipio":"4469","idProvincia":"29","idCCAA":"01"}}},{"type":"Feature","geometry":{"type":"Point","coordinates":[-4.627778,36.552222]},"properties":{"id":"es-7111","source":"ES","brand":"REPSOL","address":"CARRETERA CR DE MIJAR KM. 6","municipality":"Fuengirola","province":"MÁLAGA","postalCode":"29640","schedule":"L-D: 24H","fuels":{"gasoline95":1.759,"gasoline98":1.879,"diesel":1.905,"dieselRenewable":2.025},"extra":{"saleType":"P","margin":"D","reportingType":"OM","ideess":"7111","idMunicipio":"4508","idProvincia":"29","idCCAA":"01"}}},{"type":"Feature","geometry":{"type":"Point","coordinates":[-4.626444,36.548361]},"properties":{"id":"es-7115","source":"ES","brand":"BP EL TEJAR","address":"AVENIDA CLEMENTE DIAZ RUIZ, SN","municipality":"Fuengirola","province":"MÁLAGA","postalCode":"29640","schedule":"L-D: 24H","fuels":{"gasoline95":1.759,"gasoline98":1.899,"diesel":1.879,"dieselPremium":1.969},"extra":{"saleType":"P","margin":"D","reportingType":"OM","ideess":"7115","idMunicipio":"4508","idProvincia":"29","idCCAA":"01"}}},{"type":"Feature","geometry":{"type":"Point","coordinates":[-4.123278,36.799611]},"properties":{"id":"es-7118","source":"ES","brand":"REPSOL","address":"CARRETERA A-356 KM. 43,5","municipality":"Vélez-Málaga","province":"MÁLAGA","postalCode":"29719","schedule":"L-D: 24H","fuels":{"gasoline95":1.718,"gasoline95Premium":1.828,"diesel":1.818,"dieselPremium":1.938,"adblue":0.818},"extra":{"saleType":"P","margin":"I","reportingType":"dm","ideess":"7118","idMunicipio":"4548","idProvincia":"29","idCCAA":"01"}}},{"type":"Feature","geometry":{"type":"Point","coordinates":[-4.645639,36.538278]},"properties":{"id":"es-7119","source":"ES","brand":"REPSOL","address":"CARRETERA CR-MA-426 KM. 1","municipality":"Mijas","province":"MÁLAGA","postalCode":"29649","schedule":"L-D: 07:00-23:00","fuels":{"gasoline95":1.775,"gasoline98":1.895,"diesel":1.915,"dieselPremium":1.975},"extra":{"saleType":"P","margin":"D","reportingType":"OM","ideess":"7119","idMunicipio":"4524","idProvincia":"29","idCCAA":"01"}}},{"type":"Feature","geometry":{"type":"Point","coordinates":[-4.082944,36.748167]},"properties":{"id":"es-7124","source":"ES","brand":"REPSOL","address":"AV DE ANDALUCIA, 14","municipality":"Vélez-Málaga","province":"MÁLAGA","postalCode":"29740","schedule":"L-D: 24H","fuels":{"gasoline95":1.738,"gasoline98":1.918,"diesel":1.858,"dieselPremium":1.938,"lpg":1.068,"adblue":0.838},"extra":{"saleType":"P","margin":"N","reportingType":"dm","ideess":"7124","idMunicipio":"4548","idProvincia":"29","idCCAA":"01"}}},{"type":"Feature","geometry":{"type":"Point","coordinates":[-4.545472,36.600889]},"properties":{"id":"es-7125","source":"ES","brand":"MADESE-BENAMAINA","address":"AVENIDA TIVOLI, 19","municipality":"Benalmádena","province":"MÁLAGA","postalCode":"29631","schedule":"L-D: 24H","fuels":{"gasoline95":1.558,"gasoline95Premium":1.618,"diesel":1.658,"dieselPremium":1.718},"extra":{"saleType":"P","margin":"N","reportingType":"dm","ideess":"7125","idMunicipio":"4479","idProvincia":"29","idCCAA":"01"}}},{"type":"Feature","geometry":{"type":"Point","coordinates":[-4.424528,36.738333]},"properties":{"id":"es-7131","source":"ES","brand":"REPSOL","address":"CL AVENIDA S.RAMON Y CAJAL, 1","municipality":"Málaga","province":"MÁLAGA","postalCode":"29014","schedule":"L-D: 06:00-22:00","fuels":{"gasoline95":1.745,"gasoline98":1.915,"diesel":1.885,"dieselPremium":1.975},"extra":{"saleType":"P","margin":"N","reportingType":"OM","ideess":"7131","idMunicipio":"4521","idProvincia":"29","idCCAA":"01"}}},{"type":"Feature","geometry":{"type":"Point","coordinates":[-4.424417,36.768611]},"properties":{"id":"es-7137","source":"ES","brand":"REPSOL","address":"AUTOVIA A-45 KM. 141","municipality":"Málaga","province":"MÁLAGA","postalCode":"29015","schedule":"L-D: 24H","fuels":{"gasoline95":1.759,"gasoline98":1.889,"diesel":1.895,"dieselPremium":1.965,"lpg":1.099,"adblue":0.889},"extra":{"saleType":"P","margin":"I","reportingType":"dm","ideess":"7137","idMunicipio":"4521","idProvincia":"29","idCCAA":"01"}}},{"type":"Feature","geometry":{"type":"Point","coordinates":[-4.503028,36.615028]},"properties":{"id":"es-7141","source":"ES","brand":"REPSOL","address":"AVENIDA CARLOTA ALEXANDRE, 9","municipality":"Torremolinos","province":"MÁLAGA","postalCode":"29620","schedule":"L-D: 24H","fuels":{"gasoline95":1.738,"gasoline98":1.908,"diesel":1.838,"dieselPremium":1.938},"extra":{"saleType":"P","margin":"N","reportingType":"dm","ideess":"7141","idMunicipio":"4544","idProvincia":"29","idCCAA":"01"}}},{"type":"Feature","geometry":{"type":"Point","coordinates":[-4.753139,36.663139]},"properties":{"id":"es-7142","source":"ES","brand":"REPSOL","address":"AVDA. REINA SOFIA, S/N","municipality":"Coín","province":"MÁLAGA","postalCode":"29100","schedule":"L-D: 24H","fuels":{"gasoline95":1.738,"gasoline98":1.918,"diesel":1.838,"dieselPremium":1.938,"dieselB":1.498},"extra":{"saleType":"P","margin":"N","reportingType":"dm","ideess":"7142","idMunicipio":"4496","idProvincia":"29","idCCAA":"01"}}},{"type":"Feature","geometry":{"type":"Point","coordinates":[-4.451083,36.722944]},"properties":{"id":"es-7144","source":"ES","brand":"REPSOL","address":"CL AVENIDA CARLOS HAYA, 78","municipality":"Málaga","province":"MÁLAGA","postalCode":"29010","schedule":"L-D: 24H","fuels":{"gasoline95":1.738,"gasoline95Premium":1.828,"diesel":1.858,"dieselPremium":1.938},"extra":{"saleType":"P","margin":"N","reportingType":"dm","ideess":"7144","idMunicipio":"4521","idProvincia":"29","idCCAA":"01"}}},{"type":"Feature","geometry":{"type":"Point","coordinates":[-4.766028,36.494306]},"properties":{"id":"es-7145","source":"ES","brand":"REPSOL","address":"AUTOVIA A7 KM. 1033","municipality":"Marbella","province":"MÁLAGA","postalCode":"29603","schedule":"L-D: 24H","fuels":{"gasoline95":1.758,"gasoline98":1.918,"diesel":1.858,"dieselPremium":1.938},"extra":{"saleType":"P","margin":"D","reportingType":"dm","ideess":"7145","idMunicipio":"4523","idProvincia":"29","idCCAA":"01"}}},{"type":"Feature","geometry":{"type":"Point","coordinates":[-4.764333,36.493528]},"properties":{"id":"es-7146","source":"ES","brand":"REPSOL","address":"AUTOVIA A7 KM. 1033","municipality":"Marbella","province":"MÁLAGA","postalCode":"29603","schedule":"L-D: 24H","fuels":{"gasoline95":1.758,"gasoline98":1.918,"diesel":1.858,"dieselPremium":1.938,"lpg":1.068},"extra":{"saleType":"P","margin":"I","reportingType":"dm","ideess":"7146","idMunicipio":"4523","idProvincia":"29","idCCAA":"01"}}},{"type":"Feature","geometry":{"type":"Point","coordinates":[-4.441861,36.813]},"properties":{"id":"es-7147","source":"ES","brand":"REPSOL","address":"AUTOVIA A-45 KM. 136","municipality":"Málaga","province":"MÁLAGA","postalCode":"29014","schedule":"L-D: 06:00-22:00","fuels":{"gasoline95":1.729,"gasoline98":1.899,"diesel":1.899,"dieselRenewable":2.019},"extra":{"saleType":"P","margin":"I","reportingType":"OM","ideess":"7147","idMunicipio":"4521","idProvincia":"29","idCCAA":"01"}}},{"type":"Feature","geometry":{"type":"Point","coordinates":[-4.344361,36.714944]},"properties":{"id":"es-7154","source":"ES","brand":"REPSOL","address":"CALLE ALMERIA, 78","municipality":"Málaga","province":"MÁLAGA","postalCode":"29018","schedule":"L-D: 06:00-22:00","fuels":{"gasoline95":1.729,"gasoline98":1.879,"diesel":1.869,"dieselPremium":1.969},"extra":{"saleType":"P","margin":"D","reportingType":"OM","ideess":"7154","idMunicipio":"4521","idProvincia":"29","idCCAA":"01"}}},{"type":"Feature","geometry":{"type":"Point","coordinates":[-4.955139,36.486889]},"properties":{"id":"es-7163","source":"ES","brand":"REPSOL","address":"AVENIDA JULIO IGLESIAS-PTO BANUS, 1","municipality":"Marbella","province":"MÁLAGA","postalCode":"29600","schedule":"L-D: 24H","fuels":{"gasoline95":1.775,"gasoline98":1.895,"diesel":1.875,"dieselPremium":1.935},"extra":{"saleType":"P","margin":"N","reportingType":"OM","ideess":"7163","idMunicipio":"4523","idProvincia":"29","idCCAA":"01"}}},{"type":"Feature","geometry":{"type":"Point","coordinates":[-4.701111,36.824306]},"properties":{"id":"es-7165","source":"ES","brand":"REPSOL","address":"AVENIDA CONSTITUCION, 41","municipality":"Álora","province":"MÁLAGA","postalCode":"29500","schedule":"L-D: 24H","fuels":{"gasoline95":1.738,"gasoline95Premium":1.828,"diesel":1.838,"dieselB":1.498,"dieselRenewable":1.938},"extra":{"saleType":"P","margin":"N","reportingType":"dm","ideess":"7165","idMunicipio":"4466","idProvincia":"29","idCCAA":"01"}}},{"type":"Feature","geometry":{"type":"Point","coordinates":[-4.433444,36.708056]},"properties":{"id":"es-7166","source":"ES","brand":"REPSOL","address":"CALLE AYALA, 37","municipality":"Málaga","province":"MÁLAGA","postalCode":"29002","schedule":"L-D: 24H","fuels":{"gasoline95":1.738,"gasoline95Premium":1.828,"diesel":1.858,"dieselPremium":1.938},"extra":{"saleType":"P","margin":"N","reportingType":"dm","ideess":"7166","idMunicipio":"4521","idProvincia":"29","idCCAA":"01"}}},{"type":"Feature","geometry":{"type":"Point","coordinates":[-4.489778,36.644583]},"properties":{"id":"es-7167","source":"ES","brand":"REPSOL","address":"CL AVDA. MANUEL FRAGA IRIBARNE,14","municipality":"Torremolinos","province":"MÁLAGA","postalCode":"29620","schedule":"L-D: 24H","fuels":{"gasoline95":1.728,"gasoline95Premium":1.828,"diesel":1.828,"dieselRenewable":1.938,"adblue":0.838},"extra":{"saleType":"P","margin":"N","reportingType":"dm","ideess":"7167","idMunicipio":"4544","idProvincia":"29","idCCAA":"01"}}},{"type":"Feature","geometry":{"type":"Point","coordinates":[-4.486583,36.674889]},"properties":{"id":"es-7170","source":"ES","brand":"BP AEROPUERTO","address":"CR N-348, M.D. RAMAL AEROPUERTO","municipality":"Málaga","province":"MÁLAGA","postalCode":"29003","schedule":"L-D: 24H","fuels":{"gasoline95":1.77,"gasoline98":1.909,"diesel":1.858,"dieselPremium":1.969},"extra":{"saleType":"P","margin":"N","reportingType":"dm","ideess":"7170","idMunicipio":"4521","idProvincia":"29","idCCAA":"01"}}},{"type":"Feature","geometry":{"type":"Point","coordinates":[-4.911861,36.509278]},"properties":{"id":"es-7173","source":"ES","brand":"AGLA EL ROCIO DE NAGUELES","address":"CARRETERA NACIONAL 340 KM. 179","municipality":"Marbella","province":"MÁLAGA","postalCode":"29600","schedule":"L-D: 24H","fuels":{"gasoline95":1.708,"gasoline98":1.878,"diesel":1.828,"dieselPremium":1.928},"extra":{"saleType":"P","margin":"I","reportingType":"dm","ideess":"7173","idMunicipio":"4523","idProvincia":"29","idCCAA":"01"}}},{"type":"Feature","geometry":{"type":"Point","coordinates":[-4.444889,36.729639]},"properties":{"id":"es-7174","source":"ES","brand":"BP CAMINO SUAREZ","address":"AV VALLE INCLAN, S/N","municipality":"Málaga","province":"MÁLAGA","postalCode":"29011","schedule":"L-D: 24H","fuels":{"gasoline95":1.759,"gasoline98":1.899,"diesel":1.879,"dieselPremium":1.969},"extra":{"saleType":"P","margin":"N","reportingType":"OM","ideess":"7174","idMunicipio":"4521","idProvincia":"29","idCCAA":"01"}}},{"type":"Feature","geometry":{"type":"Point","coordinates":[-4.471833,36.709722]},"properties":{"id":"es-7176","source":"ES","brand":"BP POLIGONO ALAMEDA","address":"CALLE ROSAMUNDA, S/N","municipality":"Málaga","province":"MÁLAGA","postalCode":"29006","schedule":"L-V: 06:00-22:00; S-D: 07:00-15:00","fuels":{"gasoline95":1.759,"gasoline98":1.899,"diesel":1.879,"dieselPremium":1.969},"extra":{"saleType":"P","margin":"N","reportingType":"OM","ideess":"7176","idMunicipio":"4521","idProvincia":"29","idCCAA":"01"}}},{"type":"Feature","geometry":{"type":"Point","coordinates":[-4.903917,36.510389]},"properties":{"id":"es-7181","source":"ES","brand":"BP JOY MARBELLA","address":"CARRETERA N-340 KM. 178,875","municipality":"Marbella","province":"MÁLAGA","postalCode":"29600","schedule":"L-D: 24H","fuels":{"gasoline95":1.769,"gasoline98":1.909,"diesel":1.879,"dieselPremium":1.969},"extra":{"saleType":"P","margin":"N","reportingType":"OM","ideess":"7181","idMunicipio":"4523","idProvincia":"29","idCCAA":"01"}}},{"type":"Feature","geometry":{"type":"Point","coordinates":[-4.484333,36.732139]},"properties":{"id":"es-7185","source":"ES","brand":"VLADOIL MÁLAGA","address":"CALLE JORGE E. LORING OYARZABAL, 4","municipality":"Málaga","province":"MÁLAGA","postalCode":"29190","schedule":"L-D: 24H","fuels":{"gasoline95":1.675,"gasoline98":1.809,"diesel":1.789,"dieselPremium":1.859,"lpg":0.95,"adblue":0.96},"extra":{"saleType":"P","margin":"D","reportingType":"dm","ideess":"7185","idMunicipio":"4521","idProvincia":"29","idCCAA":"01"}}},{"type":"Feature","geometry":{"type":"Point","coordinates":[-4.710028,36.763778]},"properties":{"id":"es-7187","source":"ES","brand":"BP PIZARRA","address":"CR C-401 MALAGA-ALORA KM  28 km 28,9","municipality":"Pizarra","province":"MÁLAGA","postalCode":"29560","schedule":"L-D: 06:00-22:30","fuels":{"gasoline95":1.759,"gasoline98":1.899,"diesel":1.879,"dieselPremium":1.969,"dieselB":1.509,"adblue":0.999},"extra":{"saleType":"P","margin":"N","reportingType":"dm","ideess":"7187","idMunicipio":"4533","idProvincia":"29","idCCAA":"01"}}},{"type":"Feature","geometry":{"type":"Point","coordinates":[-4.689333,36.719556]},"properties":{"id":"es-7189","source":"ES","brand":"BP RIO GRANDE","address":"CR A-357 CAMPILLOS-MALAGA, KM 47","municipality":"Cártama","province":"MÁLAGA","postalCode":"29570","schedule":"L-D: 24H","fuels":{"gasoline95":1.739,"gasoline98":1.879,"diesel":1.839,"dieselPremium":1.929},"extra":{"saleType":"P","margin":"I","reportingType":"dm","ideess":"7189","idMunicipio":"4492","idProvincia":"29","idCCAA":"01"}}},{"type":"Feature","geometry":{"type":"Point","coordinates":[-4.598972,36.587139]},"properties":{"id":"es-7190","source":"ES","brand":"CEPSA","address":"CARRETERA A-387 KM. 5,6","municipality":"Fuengirola","province":"MÁLAGA","postalCode":"29640","schedule":"L-D: 06:30-22:30","fuels":{"gasoline95":1.779,"gasoline98":1.899,"diesel":1.899,"dieselPremium":1.979},"extra":{"saleType":"P","margin":"D","reportingType":"dm","ideess":"7190","idMunicipio":"4508","idProvincia":"29","idCCAA":"01"}}},{"type":"Feature","geometry":{"type":"Point","coordinates":[-4.442694,36.702194]},"properties":{"id":"es-7192","source":"ES","brand":"REPSOL","address":"HEROES DE SOSTOA, 147","municipality":"Málaga","province":"MÁLAGA","postalCode":"29003","schedule":"L-D: 06:00-00:00","fuels":{"gasoline95":1.755,"gasoline95Premium":1.835,"gasoline98":1.875,"diesel":1.875,"dieselPremium":1.935},"extra":{"saleType":"P","margin":"I","reportingType":"OM","ideess":"7192","idMunicipio":"4521","idProvincia":"29","idCCAA":"01"}}},{"type":"Feature","geometry":{"type":"Point","coordinates":[-4.895306,36.979833]},"properties":{"id":"es-7193","source":"ES","brand":"ESTACION SERVICIO TEBA","address":"CARRETERA MA5404 DE A357 A MA465 DE ACCESO A TEBA KM. 15,250","municipality":"Teba","province":"MÁLAGA","postalCode":"29327","schedule":"L-D: 06:00-22:00","fuels":{"gasoline95":1.739,"diesel":1.789,"dieselPremium":1.919,"dieselB":1.249},"extra":{"saleType":"P","margin":"I","reportingType":"dm","ideess":"7193","idMunicipio":"4542","idProvincia":"29","idCCAA":"01"}}},{"type":"Feature","geometry":{"type":"Point","coordinates":[-4.042139,36.767861]},"properties":{"id":"es-7200","source":"ES","brand":"CEPSA","address":"AVENIDA KARAT, 58","municipality":"Algarrobo","province":"MÁLAGA","postalCode":"29750","schedule":"L-D: 07:00-23:00","fuels":{"gasoline95":1.739,"diesel":1.869,"dieselPremium":1.939},"extra":{"saleType":"P","margin":"D","reportingType":"dm","ideess":"7200","idMunicipio":"4459","idProvincia":"29","idCCAA":"01"}}},{"type":"Feature","geometry":{"type":"Point","coordinates":[-4.6065,36.736556]},"properties":{"id":"es-7204","source":"ES","brand":"MOEVE","address":"AVENIDA ANDALUCIA, 55","municipality":"Cártama","province":"MÁLAGA","postalCode":"29570","schedule":"L-D: 24H","fuels":{"gasoline95":1.739,"gasoline98":1.869,"diesel":1.869,"dieselPremium":1.909,"dieselB":1.619},"extra":{"saleType":"P","margin":"I","reportingType":"dm","ideess":"7204","idMunicipio":"4492","idProvincia":"29","idCCAA":"01"}}},{"type":"Feature","geometry":{"type":"Point","coordinates":[-4.634361,36.711306]},"properties":{"id":"es-7205","source":"ES","brand":"MOEVE","address":"CARRETERA CARTAMA-COIN KM. 3,8","municipality":"Cártama","province":"MÁLAGA","postalCode":"29570","schedule":"L-D: 24H","fuels":{"gasoline95":1.739,"gasoline98":1.869,"diesel":1.869,"dieselPremium":1.909,"dieselB":1.619},"extra":{"saleType":"P","margin":"I","reportingType":"dm","ideess":"7205","idMunicipio":"4492","idProvincia":"29","idCCAA":"01"}}},{"type":"Feature","geometry":{"type":"Point","coordinates":[-4.124917,36.810861]},"properties":{"id":"es-7206","source":"ES","brand":"FEJAMA 2022, S.L.","address":"CARRETERA A-356 KM. 42","municipality":"Vélez-Málaga","province":"MÁLAGA","postalCode":"29700","schedule":"L-D: 06:30-22:00","fuels":{"gasoline95":1.589,"diesel":1.659,"lpg":0.929,"adblue":0.695},"extra":{"saleType":"P","margin":"I","reportingType":"dm","ideess":"7206","idMunicipio":"4548","idProvincia":"29","idCCAA":"01"}}},{"type":"Feature","geometry":{"type":"Point","coordinates":[-4.709528,36.490222]},"properties":{"id":"es-7207","source":"ES","brand":"MOEVE","address":"CARRETERA N-340 KM. 197,7","municipality":"Mijas","province":"MÁLAGA","postalCode":"29650","schedule":"L-D: 06:00-23:00","fuels":{"gasoline95":1.779,"gasoline95Premium":1.869,"diesel":1.869,"dieselPremium":1.949},"extra":{"saleType":"P","margin":"I","reportingType":"OM","ideess":"7207","idMunicipio":"4524","idProvincia":"29","idCCAA":"01"}}},{"type":"Feature","geometry":{"type":"Point","coordinates":[-4.992611,36.480222]},"properties":{"id":"es-7209","source":"ES","brand":"MOEVE","address":"N-340 km 170,7","municipality":"Marbella","province":"MÁLAGA","postalCode":"29670","schedule":"L-D: 24H","fuels":{"gasoline95":1.749,"gasoline98":1.879,"diesel":1.869,"dieselPremium":1.949},"extra":{"saleType":"P","margin":"I","reportingType":"OM","ideess":"7209","idMunicipio":"4523","idProvincia":"29","idCCAA":"01"}}},{"type":"Feature","geometry":{"type":"Point","coordinates":[-4.864583,36.508556]},"properties":{"id":"es-7216","source":"ES","brand":"MOEVE","address":"CARRETERA N-340A KM. 182,5","municipality":"Marbella","province":"MÁLAGA","postalCode":"29600","schedule":"L-D: 00:00-23:59","fuels":{"gasoline95":1.779,"gasoline95Premium":1.869,"gasoline98":1.899,"diesel":1.869,"dieselPremium":1.949},"extra":{"saleType":"P","margin":"D","reportingType":"OM","ideess":"7216","idMunicipio":"4523","idProvincia":"29","idCCAA":"01"}}},{"type":"Feature","geometry":{"type":"Point","coordinates":[-4.567056,36.700528]},"properties":{"id":"es-7217","source":"ES","brand":"ECOÁREA SANTA AMALIA","address":"CARRETERA CARTAMA-CHURRIANA KM. 4,750","municipality":"Alhaurín de la Torre","province":"MÁLAGA","postalCode":"29130","schedule":"L-D: 24H","fuels":{"gasoline95":1.589,"diesel":1.689,"adblue":0.999},"extra":{"saleType":"P","margin":"D","reportingType":"dm","ideess":"7217","idMunicipio":"4461","idProvincia":"29","idCCAA":"01"}}},{"type":"Feature","geometry":{"type":"Point","coordinates":[-4.457778,36.714889]},"properties":{"id":"es-7219","source":"ES","brand":"MOEVE","address":"PROSPER MERIMEE, 21","municipality":"Málaga","province":"MÁLAGA","postalCode":"29007","schedule":"L-D: 06:00-22:00","fuels":{"gasoline95":1.779,"gasoline95Premium":1.869,"gasoline98":1.899,"diesel":1.879,"dieselPremium":1.959},"extra":{"saleType":"P","margin":"I","reportingType":"OM","ideess":"7219","idMunicipio":"4521","idProvincia":"29","idCCAA":"01"}}},{"type":"Feature","geometry":{"type":"Point","coordinates":[-4.511917,36.712833]},"properties":{"id":"es-7220","source":"ES","brand":"CEPSA","address":"CALLE POLIGONO INDUSTRIAL TREVELEZ - C/OFFENBACH, S/N","municipality":"Málaga","province":"MÁLAGA","postalCode":"29010","schedule":"L-D: 24H","fuels":{"gasoline95":1.699,"gasoline95Premium":1.819,"diesel":1.759,"dieselPremium":1.879,"dieselB":1.639,"lpg":1.149},"extra":{"saleType":"P","margin":"D","reportingType":"dm","ideess":"7220","idMunicipio":"4521","idProvincia":"29","idCCAA":"01"}}},{"type":"Feature","geometry":{"type":"Point","coordinates":[-4.873778,36.509306]},"properties":{"id":"es-7222","source":"ES","brand":"MOEVE","address":"AVENIDA SEVERO OCHOA, 55","municipality":"Marbella","province":"MÁLAGA","postalCode":"29600","schedule":"L-D: 06:00-23:59","fuels":{"gasoline95":1.749,"gasoline95Premium":1.839,"gasoline98":1.879,"diesel":1.869,"dieselPremium":1.949},"extra":{"saleType":"P","margin":"I","reportingType":"OM","ideess":"7222","idMunicipio":"4523","idProvincia":"29","idCCAA":"01"}}},{"type":"Feature","geometry":{"type":"Point","coordinates":[-4.429333,36.897833]},"properties":{"id":"es-7223","source":"ES","brand":"MOEVE","address":"A-45 km 147,8","municipality":"Casabermeja","province":"MÁLAGA","postalCode":"29160","schedule":"L-D: 06:00-23:59","fuels":{"gasoline95":1.779,"gasoline95Premium":1.869,"diesel":1.899,"dieselPremium":1.979},"extra":{"saleType":"P","margin":"I","reportingType":"OM","ideess":"7223","idMunicipio":"4493","idProvincia":"29","idCCAA":"01"}}},{"type":"Feature","geometry":{"type":"Point","coordinates":[-4.549861,36.731222]},"properties":{"id":"es-7224","source":"ES","brand":"REPSOL","address":"CALLE GRAHAM BELL, 2","municipality":"Málaga","province":"MÁLAGA","postalCode":"29590","schedule":"L-D: 24H","fuels":{"gasoline95":1.775,"gasoline98":1.895,"diesel":1.905,"dieselRenewable":2.025,"lpg":1.079},"extra":{"saleType":"P","margin":"D","reportingType":"OM","ideess":"7224","idMunicipio":"4521","idProvincia":"29","idCCAA":"01"}}},{"type":"Feature","geometry":{"type":"Point","coordinates":[-4.18,36.743306]},"properties":{"id":"es-7225","source":"ES","brand":"EASYGAS","address":"AUTOVIA DEL MEDITERRANEO (A-7) KM. 264,5","municipality":"Vélez-Málaga","province":"MÁLAGA","postalCode":"29792","schedule":"L-D: 24H","fuels":{"gasoline95":1.589,"gasoline95Premium":1.589,"diesel":1.659,"dieselPremium":1.659,"adblue":0.949},"extra":{"saleType":"P","margin":"D","reportingType":"dm","ideess":"7225","idMunicipio":"4548","idProvincia":"29","idCCAA":"01"}}},{"type":"Feature","geometry":{"type":"Point","coordinates":[-4.87875,36.522139]},"properties":{"id":"es-7227","source":"ES","brand":"BP OJEN","address":"CARRETERA OJEN C.C. LA CAÑADA KM. 0","municipality":"Marbella","province":"MÁLAGA","postalCode":"29600","schedule":"L-D: 24H","fuels":{"gasoline95":1.769,"gasoline98":1.909,"diesel":1.879,"dieselPremium":1.969,"adblue":1.205},"extra":{"saleType":"P","margin":"N","reportingType":"OM","ideess":"7227","idMunicipio":"4523","idProvincia":"29","idCCAA":"01"}}},{"type":"Feature","geometry":{"type":"Point","coordinates":[-4.109972,36.782861]},"properties":{"id":"es-7234","source":"ES","brand":"CARBURANTES CLAVERO - SAN SEBASTIAN","address":"CALLE DOCTOR LAUREANO CASQUERO  EN  VELEZ-MALAGA, S/N","municipality":"Vélez-Málaga","province":"MÁLAGA","postalCode":"29700","schedule":"L-D: 24H","fuels":{"gasoline95":1.739,"gasoline98":1.869,"diesel":1.849,"dieselB":1.439,"dieselRenewable":1.959},"extra":{"saleType":"P","margin":"N","reportingType":"dm","ideess":"7234","idMunicipio":"4548","idProvincia":"29","idCCAA":"01"}}},{"type":"Feature","geometry":{"type":"Point","coordinates":[-4.533167,36.719806]},"properties":{"id":"es-7235","source":"ES","brand":"REPSOL","address":"CC MA-401 km 9,158","municipality":"Málaga","province":"MÁLAGA","postalCode":"29590","schedule":"L-D: 24H","fuels":{"gasoline95":1.738,"gasoline95Premium":1.828,"diesel":1.858,"dieselPremium":1.938,"dieselB":1.498,"adblue":0.838},"extra":{"saleType":"P","margin":"D","reportingType":"dm","ideess":"7235","idMunicipio":"4521","idProvincia":"29","idCCAA":"01"}}},{"type":"Feature","geometry":{"type":"Point","coordinates":[-4.265417,36.712556]},"properties":{"id":"es-7236","source":"ES","brand":"REPSOL","address":"AVENIDA DE LA TORRE, 26","municipality":"Rincón de la Victoria","province":"MÁLAGA","postalCode":"29730","schedule":"L-D: 07:00-23:00","fuels":{"gasoline95":1.795,"gasoline98":1.915,"diesel":1.909,"dieselPremium":1.969},"extra":{"saleType":"P","margin":"D","reportingType":"OM","ideess":"7236","idMunicipio":"4535","idProvincia":"29","idCCAA":"01"}}},{"type":"Feature","geometry":{"type":"Point","coordinates":[-4.798833,36.500167]},"properties":{"id":"es-7237","source":"ES","brand":"REPSOL","address":"AUTOVIA A-7 KM. 1041","municipality":"Marbella","province":"MÁLAGA","postalCode":"29600","schedule":"L-D: 24H","fuels":{"gasoline95":1.758,"gasoline98":1.918,"diesel":1.858,"dieselRenewable":1.938},"extra":{"saleType":"P","margin":"I","reportingType":"dm","ideess":"7237","idMunicipio":"4523","idProvincia":"29","idCCAA":"01"}}},{"type":"Feature","geometry":{"type":"Point","coordinates":[-4.472028,36.707111]},"properties":{"id":"es-7240","source":"ES","brand":"REPSOL","address":"AVENIDA JOSE ORTEGA Y GASSET, 232","municipality":"Málaga","province":"MÁLAGA","postalCode":"29006","schedule":"L-D: 06:00-22:00","fuels":{"gasoline95":1.759,"gasoline98":1.879,"diesel":1.889,"dieselPremium":1.949},"extra":{"saleType":"P","margin":"D","reportingType":"OM","ideess":"7240","idMunicipio":"4521","idProvincia":"29","idCCAA":"01"}}},{"type":"Feature","geometry":{"type":"Point","coordinates":[-4.880083,36.515917]},"properties":{"id":"es-7241","source":"ES","brand":"REPSOL","address":"AVENIDA ARIAS DE VELASCO, 4","municipality":"Marbella","province":"MÁLAGA","postalCode":"29600","schedule":"L-D: 24H","fuels":{"gasoline95":1.758,"gasoline95Premium":1.828,"diesel":1.858,"dieselPremium":1.938,"lpg":1.068},"extra":{"saleType":"P","margin":"N","reportingType":"dm","ideess":"7241","idMunicipio":"4523","idProvincia":"29","idCCAA":"01"}}},{"type":"Feature","geometry":{"type":"Point","coordinates":[-4.857861,36.56525]},"properties":{"id":"es-7242","source":"ES","brand":"REPSOL","address":"CALLE CARRETERA, 2","municipality":"Ojén","province":"MÁLAGA","postalCode":"29610","schedule":"L-V: 06:00-22:00; S: 07:00-20:00; D: 08:30-14:30","fuels":{"gasoline95":1.755,"diesel":1.855,"dieselPremium":1.915},"extra":{"saleType":"P","margin":"D","reportingType":"OM","ideess":"7242","idMunicipio":"4530","idProvincia":"29","idCCAA":"01"}}},{"type":"Feature","geometry":{"type":"Point","coordinates":[-4.422472,36.743417]},"properties":{"id":"es-7253","source":"ES","brand":"BP MALAGA - CIUDAD JARDIN","address":"CALLE Emilio Thuillier, 15","municipality":"Málaga","province":"MÁLAGA","postalCode":"29014","schedule":"L-D: 24H","fuels":{"gasoline95":1.759,"gasoline98":1.899,"diesel":1.879,"dieselPremium":1.969},"extra":{"saleType":"P","margin":"N","reportingType":"OM","ideess":"7253","idMunicipio":"4521","idProvincia":"29","idCCAA":"01"}}},{"type":"Feature","geometry":{"type":"Point","coordinates":[-4.632028,36.599417]},"properties":{"id":"es-7256","source":"ES","brand":"BP EL PUERTO DE MIJAS","address":"AVENIDA MEXICO, SN","municipality":"Mijas","province":"MÁLAGA","postalCode":"29650","schedule":"L-D: 06:00-23:59","fuels":{"gasoline95":1.739,"gasoline98":1.879,"diesel":1.849,"dieselPremium":1.939,"adblue":0.999},"extra":{"saleType":"P","margin":"N","reportingType":"dm","ideess":"7256","idMunicipio":"4524","idProvincia":"29","idCCAA":"01"}}},{"type":"Feature","geometry":{"type":"Point","coordinates":[-4.494167,36.695444]},"properties":{"id":"es-7257","source":"ES","brand":"REPSOL","address":"CALLE POL. GUADALHORCE C/A P.U-6-2, S/N","municipality":"Málaga","province":"MÁLAGA","postalCode":"29006","schedule":"L-D: 06:00-22:00","fuels":{"gasoline95":1.755,"gasoline95Premium":1.825,"gasoline98":1.925,"diesel":1.895,"dieselPremium":1.955},"extra":{"saleType":"P","margin":"D","reportingType":"OM","ideess":"7257","idMunicipio":"4521","idProvincia":"29","idCCAA":"01"}}},{"type":"Feature","geometry":{"type":"Point","coordinates":[-4.344694,36.910944]},"properties":{"id":"es-7258","source":"ES","brand":"REPSOL","address":"CARRETERA A7204 KM. 29","municipality":"Colmenar","province":"MÁLAGA","postalCode":"29170","schedule":"L-V: 07:00-20:00; S-D: 08:30-14:00 y 15:30-19:00","fuels":{"gasoline95":1.729,"diesel":1.855,"dieselPremium":1.965},"extra":{"saleType":"P","margin":"I","reportingType":"OM","ideess":"7258","idMunicipio":"4497","idProvincia":"29","idCCAA":"01"}}},{"type":"Feature","geometry":{"type":"Point","coordinates":[-4.528028,36.594417]},"properties":{"id":"es-7263","source":"ES","brand":"REPSOL","address":"CL AV.GARCIA LORCA-ARROYO MIEL, 17","municipality":"Benalmádena","province":"MÁLAGA","postalCode":"29639","schedule":"L-D: 24H","fuels":{"gasoline95":1.779,"gasoline98":1.899,"diesel":1.885,"dieselPremium":1.945},"extra":{"saleType":"P","margin":"N","reportingType":"OM","ideess":"7263","idMunicipio":"4479","idProvincia":"29","idCCAA":"01"}}},{"type":"Feature","geometry":{"type":"Point","coordinates":[-4.439194,36.721722]},"properties":{"id":"es-7265","source":"ES","brand":"BP LAS CHAPAS","address":"CALLE MARTINEZ MALDONADO, 62","municipality":"Málaga","province":"MÁLAGA","postalCode":"29010","schedule":"L-D: 24H","fuels":{"gasoline95":1.759,"gasoline98":1.899,"diesel":1.879,"dieselPremium":1.969},"extra":{"saleType":"P","margin":"N","reportingType":"OM","ideess":"7265","idMunicipio":"4521","idProvincia":"29","idCCAA":"01"}}},{"type":"Feature","geometry":{"type":"Point","coordinates":[-4.380389,36.721528]},"properties":{"id":"es-7269","source":"ES","brand":"REPSOL","address":"AVENIDA PINTOR JOAQUIN SOROLLA, 76","municipality":"Málaga","province":"MÁLAGA","postalCode":"29017","schedule":"L-D: 24H","fuels":{"gasoline95":1.738,"gasoline95Premium":1.828,"diesel":1.858,"dieselRenewable":1.938},"extra":{"saleType":"P","margin":"N","reportingType":"dm","ideess":"7269","idMunicipio":"4521","idProvincia":"29","idCCAA":"01"}}},{"type":"Feature","geometry":{"type":"Point","coordinates":[-4.476556,36.673389]},"properties":{"id":"es-7270","source":"ES","brand":"REPSOL","address":"AVENIDA VELAZQUEZ, 335","municipality":"Málaga","province":"MÁLAGA","postalCode":"29004","schedule":"L-D: 24H","fuels":{"gasoline95":1.738,"gasoline95Premium":1.828,"diesel":1.858,"dieselRenewable":1.938,"lpg":1.068,"adblue":0.838},"extra":{"saleType":"P","margin":"D","reportingType":"dm","ideess":"7270","idMunicipio":"4521","idProvincia":"29","idCCAA":"01"}}},{"type":"Feature","geometry":{"type":"Point","coordinates":[-4.100278,36.776417]},"properties":{"id":"es-7287","source":"ES","brand":"LOS REMEDIOS","address":"CL AVDA. VIVAR TELLEZ, 26","municipality":"Vélez-Málaga","province":"MÁLAGA","postalCode":"29700","schedule":"L-D: 24H","fuels":{"gasoline95":1.739,"gasoline98":1.869,"diesel":1.849,"dieselRenewable":1.959},"extra":{"saleType":"P","margin":"D","reportingType":"dm","ideess":"7287","idMunicipio":"4548","idProvincia":"29","idCCAA":"01"}}},{"type":"Feature","geometry":{"type":"Point","coordinates":[-4.101833,36.737278]},"properties":{"id":"es-7361","source":"ES","brand":"REPSOL","address":"AVENIDA ANDALUCIA, 169","municipality":"Vélez-Málaga","province":"MÁLAGA","postalCode":"29740","schedule":"L-D: 07:00-23:00","fuels":{"gasoline95":1.755,"gasoline98":1.875,"diesel":1.885,"dieselRenewable":2.005},"extra":{"saleType":"P","margin":"D","reportingType":"OM","ideess":"7361","idMunicipio":"4548","idProvincia":"29","idCCAA":"01"}}},{"type":"Feature","geometry":{"type":"Point","coordinates":[-4.304333,36.715972]},"properties":{"id":"es-7371","source":"ES","brand":"REPSOL","address":"AVENIDA MALAGA, ","municipality":"Rincón de la Victoria","province":"MÁLAGA","postalCode":"29730","schedule":"L-D: 24H","fuels":{"gasoline95":1.738,"gasoline95Premium":1.828,"diesel":1.858,"dieselPremium":1.938},"extra":{"saleType":"P","margin":"N","reportingType":"dm","ideess":"7371","idMunicipio":"4535","idProvincia":"29","idCCAA":"01"}}},{"type":"Feature","geometry":{"type":"Point","coordinates":[-4.948806,36.788778]},"properties":{"id":"es-7381","source":"ES","brand":"BP EL BURGO","address":"CR C-344 KM  25,1","municipality":"Burgo (El)","province":"MÁLAGA","postalCode":"29420","schedule":"L-D: 06:00-22:00","fuels":{"gasoline95":1.799,"diesel":1.906,"dieselPremium":1.988},"extra":{"saleType":"P","margin":"N","reportingType":"dm","ideess":"7381","idMunicipio":"4485","idProvincia":"29","idCCAA":"01"}}},{"type":"Feature","geometry":{"type":"Point","coordinates":[-4.618222,36.54775]},"properties":{"id":"es-7391","source":"ES","brand":"MLC","address":"AVENIDA RAMON Y CAJAL,, S.N","municipality":"Fuengirola","province":"MÁLAGA","postalCode":"29640","schedule":"L-D: 06:00-22:00","fuels":{"gasoline95":1.709,"gasoline98":1.829,"diesel":1.789,"dieselPremium":1.859,"lpg":0.999,"adblue":0.899},"extra":{"saleType":"P","margin":"D","reportingType":"dm","ideess":"7391","idMunicipio":"4508","idProvincia":"29","idCCAA":"01"}}},{"type":"Feature","geometry":{"type":"Point","coordinates":[-4.4405,36.711667]},"properties":{"id":"es-7400","source":"ES","brand":"REPSOL","address":"CL PZ. CRUZ HUMILLADERO, 2","municipality":"Málaga","province":"MÁLAGA","postalCode":"29006","schedule":"L-D: 24H","fuels":{"gasoline95":1.738,"gasoline95Premium":1.828,"diesel":1.858,"dieselPremium":1.938},"extra":{"saleType":"P","margin":"N","reportingType":"dm","ideess":"7400","idMunicipio":"4521","idProvincia":"29","idCCAA":"01"}}},{"type":"Feature","geometry":{"type":"Point","coordinates":[-4.510417,36.606694]},"properties":{"id":"es-7407","source":"ES","brand":"BP CERRO LARGO","address":"AVENIDA CARLOTA ALESSANDRI, 210","municipality":"Torremolinos","province":"MÁLAGA","postalCode":"29620","schedule":"L-D: 06:00-22:00","fuels":{"gasoline95":1.769,"gasoline98":1.909,"diesel":1.875,"dieselPremium":1.965},"extra":{"saleType":"P","margin":"N","reportingType":"OM","ideess":"7407","idMunicipio":"4544","idProvincia":"29","idCCAA":"01"}}},{"type":"Feature","geometry":{"type":"Point","coordinates":[-4.457,36.691306]},"properties":{"id":"es-7408","source":"ES","brand":"REPSOL","address":"AVENIDA VELAZQUEZ, 104","municipality":"Málaga","province":"MÁLAGA","postalCode":"29004","schedule":"L-D: 24H","fuels":{"gasoline95":1.769,"gasoline98":1.889,"diesel":1.885,"dieselPremium":1.945},"extra":{"saleType":"P","margin":"I","reportingType":"OM","ideess":"7408","idMunicipio":"4521","idProvincia":"29","idCCAA":"01"}}},{"type":"Feature","geometry":{"type":"Point","coordinates":[-4.526917,36.61325]},"properties":{"id":"es-7420","source":"ES","brand":"REPSOL","address":"AU AP-7  224,00  D","municipality":"Torremolinos","province":"MÁLAGA","postalCode":"29620","schedule":"L-D: 24H","fuels":{"gasoline95":1.755,"gasoline98":1.875,"diesel":1.889,"dieselRenewable":2.009},"extra":{"saleType":"P","margin":"D","reportingType":"OM","ideess":"7420","idMunicipio":"4544","idProvincia":"29","idCCAA":"01"}}},{"type":"Feature","geometry":{"type":"Point","coordinates":[-4.52725,36.613611]},"properties":{"id":"es-7421","source":"ES","brand":"REPSOL","address":"AU AP-7  224,00  I","municipality":"Torremolinos","province":"MÁLAGA","postalCode":"29620","schedule":"L-D: 24H","fuels":{"gasoline95":1.755,"gasoline98":1.875,"diesel":1.889,"dieselRenewable":2.009},"extra":{"saleType":"P","margin":"I","reportingType":"OM","ideess":"7421","idMunicipio":"4544","idProvincia":"29","idCCAA":"01"}}},{"type":"Feature","geometry":{"type":"Point","coordinates":[-4.741556,36.668694]},"properties":{"id":"es-7424","source":"ES","brand":"REPSOL","address":"PG P.I. CANTARRANAS, PARCELA 1","municipality":"Coín","province":"MÁLAGA","postalCode":"29100","schedule":"L-D: 06:00-00:00","fuels":{"gasoline95":1.738,"gasoline98":1.918,"diesel":1.838,"dieselPremium":1.938,"dieselB":1.498},"extra":{"saleType":"P","margin":"N","reportingType":"dm","ideess":"7424","idMunicipio":"4496","idProvincia":"29","idCCAA":"01"}}},{"type":"Feature","geometry":{"type":"Point","coordinates":[-4.830889,36.517694]},"properties":{"id":"es-7425","source":"ES","brand":"REPSOL","address":"AUTOPISTA AP-7 KM. 187","municipality":"Marbella","province":"MÁLAGA","postalCode":"29600","schedule":"L-D: 24H","fuels":{"gasoline95":1.759,"gasoline98":1.879,"diesel":1.865,"dieselPremium":1.925},"extra":{"saleType":"P","margin":"D","reportingType":"OM","ideess":"7425","idMunicipio":"4523","idProvincia":"29","idCCAA":"01"}}},{"type":"Feature","geometry":{"type":"Point","coordinates":[-4.830278,36.519417]},"properties":{"id":"es-7426","source":"ES","brand":"REPSOL","address":"AU AP-7, 187,00 I","municipality":"Marbella","province":"MÁLAGA","postalCode":"29600","schedule":"L-D: 24H","fuels":{"gasoline95":1.759,"gasoline98":1.879,"diesel":1.865,"dieselPremium":1.925},"extra":{"saleType":"P","margin":"I","reportingType":"OM","ideess":"7426","idMunicipio":"4523","idProvincia":"29","idCCAA":"01"}}},{"type":"Feature","geometry":{"type":"Point","coordinates":[-4.050556,36.760194]},"properties":{"id":"es-7430","source":"ES","brand":"REPSOL","address":"AU A-7  277,8","municipality":"Algarrobo","province":"MÁLAGA","postalCode":"29750","schedule":"L-D: 07:00-23:00","fuels":{"gasoline95":1.755,"gasoline98":1.875,"diesel":1.875,"dieselPremium":1.935},"extra":{"saleType":"P","margin":"I","reportingType":"OM","ideess":"7430","idMunicipio":"4459","idProvincia":"29","idCCAA":"01"}}},{"type":"Feature","geometry":{"type":"Point","coordinates":[-4.614778,36.555583]},"properties":{"id":"es-7431","source":"ES","brand":"REPSOL","address":"AVENIDA SALINAS DE LAS, 2","municipality":"Fuengirola","province":"MÁLAGA","postalCode":"29640","schedule":"L-D: 07:00-23:00","fuels":{"gasoline95":1.765,"gasoline98":1.885,"diesel":1.909,"dieselRenewable":2.029,"lpg":1.099},"extra":{"saleType":"P","margin":"I","reportingType":"OM","ideess":"7431","idMunicipio":"4508","idProvincia":"29","idCCAA":"01"}}},{"type":"Feature","geometry":{"type":"Point","coordinates":[-4.098028,36.763056]},"properties":{"id":"es-7434","source":"ES","brand":"REPSOL","address":"CL ROTONDA PAGO DE LA MATA, S.N.","municipality":"Vélez-Málaga","province":"MÁLAGA","postalCode":"29700","schedule":"L-D: 06:00-22:00","fuels":{"gasoline95":1.749,"gasoline98":1.869,"diesel":1.889,"dieselPremium":1.939},"extra":{"saleType":"P","margin":"D","reportingType":"OM","ideess":"7434","idMunicipio":"4548","idProvincia":"29","idCCAA":"01"}}},{"type":"Feature","geometry":{"type":"Point","coordinates":[-4.466167,36.728833]},"properties":{"id":"es-7436","source":"ES","brand":"REPSOL","address":"AVENIDA LOPE DE VEGA, S/N","municipality":"Málaga","province":"MÁLAGA","postalCode":"29010","schedule":"L-D: 24H","fuels":{"gasoline95":1.765,"gasoline98":1.885,"diesel":1.895,"dieselPremium":1.955},"extra":{"saleType":"P","margin":"D","reportingType":"OM","ideess":"7436","idMunicipio":"4521","idProvincia":"29","idCCAA":"01"}}},{"type":"Feature","geometry":{"type":"Point","coordinates":[-4.461806,36.694306]},"properties":{"id":"es-7437","source":"ES","brand":"REPSOL","address":"CL HERMANOS LUMIERE, SN","municipality":"Málaga","province":"MÁLAGA","postalCode":"29004","schedule":"L-V: 06:15-21:45; S: 09:00-17:45","fuels":{"gasoline95":1.765,"gasoline98":1.935,"diesel":1.879,"dieselPremium":1.939},"extra":{"saleType":"P","margin":"D","reportingType":"OM","ideess":"7437","idMunicipio":"4521","idProvincia":"29","idCCAA":"01"}}},{"type":"Feature","geometry":{"type":"Point","coordinates":[-4.482944,36.690444]},"properties":{"id":"es-7439","source":"ES","brand":"REPSOL","address":"CL CONCEPCION ARENAL ,S.N. (ESQ.CR","municipality":"Málaga","province":"MÁLAGA","postalCode":"29006","schedule":"L-D: 06:00-22:00","fuels":{"gasoline95":1.745,"gasoline98":1.915,"diesel":1.889,"dieselRenewable":2.009,"lpg":1.095},"extra":{"saleType":"P","margin":"D","reportingType":"OM","ideess":"7439","idMunicipio":"4521","idProvincia":"29","idCCAA":"01"}}},{"type":"Feature","geometry":{"type":"Point","coordinates":[-4.434583,36.736083]},"properties":{"id":"es-7440","source":"ES","brand":"REPSOL","address":"CL VALLE INCLAN , S.N.","municipality":"Málaga","province":"MÁLAGA","postalCode":"29010","schedule":"L-D: 24H","fuels":{"gasoline95":1.755,"gasoline98":1.875,"diesel":1.889,"dieselPremium":1.949,"lpg":1.099},"extra":{"saleType":"P","margin":"D","reportingType":"OM","ideess":"7440","idMunicipio":"4521","idProvincia":"29","idCCAA":"01"}}},{"type":"Feature","geometry":{"type":"Point","coordinates":[-4.514389,36.608639]},"properties":{"id":"es-7445","source":"ES","brand":"REPSOL","address":"AVENIDA BENALMADENA, 1","municipality":"Torremolinos","province":"MÁLAGA","postalCode":"29620","schedule":"L-D: 24H","fuels":{"gasoline95":1.795,"gasoline98":1.915,"diesel":1.899,"dieselPremium":1.959},"extra":{"saleType":"P","margin":"I","reportingType":"OM","ideess":"7445","idMunicipio":"4544","idProvincia":"29","idCCAA":"01"}}},{"type":"Feature","geometry":{"type":"Point","coordinates":[-4.477556,36.673778]},"properties":{"id":"es-7451","source":"ES","brand":"BP VILLANUEVA MALAGA","address":"AVENIDA VELAZQUEZ, 290","municipality":"Málaga","province":"MÁLAGA","postalCode":"29004","schedule":"L-D: 06:00-22:00","fuels":{"gasoline95":1.759,"gasoline98":1.899,"diesel":1.879,"dieselPremium":1.969,"adblue":1.095},"extra":{"saleType":"P","margin":"N","reportingType":"OM","ideess":"7451","idMunicipio":"4521","idProvincia":"29","idCCAA":"01"}}},{"type":"Feature","geometry":{"type":"Point","coordinates":[-4.394111,36.739889]},"properties":{"id":"es-7453","source":"ES","brand":"GALP","address":"AVENIDA RONDA ESTE, SALIDA EL LIMONARN-340 KM 244,000, ","municipality":"Málaga","province":"MÁLAGA","postalCode":"29016","schedule":"L-D: 24H","fuels":{"gasoline95":1.739,"gasoline98":1.879,"diesel":1.859,"dieselPremium":1.949,"adblue":0.799},"extra":{"saleType":"P","margin":"N","reportingType":"OM","ideess":"7453","idMunicipio":"4521","idProvincia":"29","idCCAA":"01"}}},{"type":"Feature","geometry":{"type":"Point","coordinates":[-4.274528,36.725306]},"properties":{"id":"es-7454","source":"ES","brand":"TAMOIL","address":"AUTOVIA carretera nacional 340 KM. 970","municipality":"Rincón de la Victoria","province":"MÁLAGA","postalCode":"29730","schedule":"L-D: 24H","fuels":{"gasoline95":1.669,"diesel":1.769},"extra":{"saleType":"P","margin":"N","reportingType":"dm","ideess":"7454","idMunicipio":"4535","idProvincia":"29","idCCAA":"01"}}},{"type":"Feature","geometry":{"type":"Point","coordinates":[-4.482528,36.713611]},"properties":{"id":"es-7455","source":"ES","brand":"GALP","address":"AVENIDA AVDA. WASHINGTON-POLIG. EL VISO, 68","municipality":"Málaga","province":"MÁLAGA","postalCode":"29006","schedule":"L-D: 24H","fuels":{"gasoline95":1.679,"diesel":1.739,"dieselPremium":1.789,"adblue":0.799},"extra":{"saleType":"P","margin":"N","reportingType":"OM","ideess":"7455","idMunicipio":"4521","idProvincia":"29","idCCAA":"01"}}},{"type":"Feature","geometry":{"type":"Point","coordinates":[-4.741167,36.487972]},"properties":{"id":"es-7456","source":"ES","brand":"SHELL","address":"CARRETERA N-340 KM. 194","municipality":"Marbella","province":"MÁLAGA","postalCode":"29600","schedule":"L-D: 06:00-00:00","fuels":{"gasoline95":1.779,"gasoline98":1.919,"diesel":1.869,"dieselPremium":1.949},"extra":{"saleType":"P","margin":"N","reportingType":"OM","ideess":"7456","idMunicipio":"4523","idProvincia":"29","idCCAA":"01"}}},{"type":"Feature","geometry":{"type":"Point","coordinates":[-4.490972,36.643389]},"properties":{"id":"es-7457","source":"ES","brand":"CEPSA","address":"AVENIDA MANUEL FRAGA IRIBARNE, 10","municipality":"Torremolinos","province":"MÁLAGA","postalCode":"29620","schedule":"L-D: 07:00-23:00","fuels":{"gasoline95":1.759,"gasoline95Premium":1.849,"diesel":1.869,"dieselPremium":1.949},"extra":{"saleType":"P","margin":"D","reportingType":"OM","ideess":"7457","idMunicipio":"4544","idProvincia":"29","idCCAA":"01"}}},{"type":"Feature","geometry":{"type":"Point","coordinates":[-4.830389,36.662778]},"properties":{"id":"es-8111","source":"ES","brand":"(SIN RÓTULO)","address":"CARRETERA GUARO - COIN KM. 1","municipality":"Guaro","province":"MÁLAGA","postalCode":"29108","schedule":"L-D: 07:00-22:00","fuels":{"gasoline95":1.738,"diesel":1.838},"extra":{"saleType":"P","margin":"N","reportingType":"dm","ideess":"8111","idMunicipio":"4512","idProvincia":"29","idCCAA":"01"}}},{"type":"Feature","geometry":{"type":"Point","coordinates":[-4.922,36.737667]},"properties":{"id":"es-8112","source":"ES","brand":"AGLA","address":"CARRETERA C/CASTILLO, SN A-366 KM. 1","municipality":"Yunquera","province":"MÁLAGA","postalCode":"29410","schedule":"L-D: 06:00-22:00","fuels":{"gasoline95":1.698,"gasoline98":1.762,"diesel":1.784,"dieselPremium":1.819},"extra":{"saleType":"P","margin":"N","reportingType":"dm","ideess":"8112","idMunicipio":"4554","idProvincia":"29","idCCAA":"01"}}},{"type":"Feature","geometry":{"type":"Point","coordinates":[-4.634139,36.534389]},"properties":{"id":"es-8114","source":"ES","brand":"AGLA PETROLEROS MIJAS","address":"POLIGONO MOLINO DE VIENTO, 1","municipality":"Mijas","province":"MÁLAGA","postalCode":"29649","schedule":"L-D: 07:00-23:00","fuels":{"gasoline95":1.699,"gasoline98":1.899,"diesel":1.719,"dieselPremium":1.769},"extra":{"saleType":"P","margin":"N","reportingType":"dm","ideess":"8114","idMunicipio":"4524","idProvincia":"29","idCCAA":"01"}}},{"type":"Feature","geometry":{"type":"Point","coordinates":[-4.484278,36.7185]},"properties":{"id":"es-8251","source":"ES","brand":"REPSOL","address":"CALLE DEMOSTONES ESQ. JENOFONTES, S/N","municipality":"Málaga","province":"MÁLAGA","postalCode":"29010","schedule":"L-D: 24H","fuels":{"gasoline95":1.765,"gasoline98":1.885,"diesel":1.895,"dieselPremium":1.955},"extra":{"saleType":"P","margin":"D","reportingType":"OM","ideess":"8251","idMunicipio":"4521","idProvincia":"29","idCCAA":"01"}}},{"type":"Feature","geometry":{"type":"Point","coordinates":[-4.527667,36.5905]},"properties":{"id":"es-8356","source":"ES","brand":"M3 PETROLEOS","address":"AV. ANTONIO MACHADO,11O","municipality":"Benalmádena","province":"MÁLAGA","postalCode":"29630","schedule":"L-D: 06:00-02:00","fuels":{"gasoline95":1.709,"gasoline98":1.809,"diesel":1.749,"dieselPremium":1.849},"extra":{"saleType":"P","margin":"N","reportingType":"dm","ideess":"8356","idMunicipio":"4479","idProvincia":"29","idCCAA":"01"}}},{"type":"Feature","geometry":{"type":"Point","coordinates":[-4.593389,36.586028]},"properties":{"id":"es-8466","source":"ES","brand":"SHELL","address":"CARRETERA MIJAS-BENALMADENA KM. 217","municipality":"Benalmádena","province":"MÁLAGA","postalCode":"29639","schedule":"L-D: 00:00-23:59","fuels":{"gasoline95":1.744,"gasoline98":1.884,"diesel":1.884,"dieselPremium":1.964,"lpg":0.999,"adblue":1.25},"extra":{"saleType":"P","margin":"N","reportingType":"OM","ideess":"8466","idMunicipio":"4479","idProvincia":"29","idCCAA":"01"}}},{"type":"Feature","geometry":{"type":"Point","coordinates":[-4.536056,36.583194]},"properties":{"id":"es-8467","source":"ES","brand":"SHELL","address":"CARRETERA N-340 KM. 2","municipality":"Benalmádena","province":"MÁLAGA","postalCode":"29630","schedule":"L-D: 06:00-00:00","fuels":{"gasoline95":1.754,"gasoline98":1.894,"diesel":1.854,"dieselPremium":1.934},"extra":{"saleType":"P","margin":"N","reportingType":"OM","ideess":"8467","idMunicipio":"4479","idProvincia":"29","idCCAA":"01"}}},{"type":"Feature","geometry":{"type":"Point","coordinates":[-4.479972,36.654472]},"properties":{"id":"es-8470","source":"ES","brand":"SHELL","address":"AVENIDA ALFONSO PONCE DE LEON, 3","municipality":"Málaga","province":"MÁLAGA","postalCode":"29004","schedule":"L-D: 07:00-23:00","fuels":{"gasoline95":1.739,"gasoline98":1.879,"diesel":1.849,"dieselPremium":1.929},"extra":{"saleType":"P","margin":"N","reportingType":"OM","ideess":"8470","idMunicipio":"4521","idProvincia":"29","idCCAA":"01"}}},{"type":"Feature","geometry":{"type":"Point","coordinates":[-4.951417,36.494611]},"properties":{"id":"es-8472","source":"ES","brand":"SHELL","address":"CARRETERA N-340 KM. 176","municipality":"Marbella","province":"MÁLAGA","postalCode":"29660","schedule":"L-D: 24H","fuels":{"gasoline95":1.759,"gasoline98":1.899,"diesel":1.874,"dieselPremium":1.954},"extra":{"saleType":"P","margin":"I","reportingType":"OM","ideess":"8472","idMunicipio":"4523","idProvincia":"29","idCCAA":"01"}}},{"type":"Feature","geometry":{"type":"Point","coordinates":[-4.255722,36.725333]},"properties":{"id":"es-8473","source":"ES","brand":"SHELL","address":"CARRETERA A7 KM. 256","municipality":"Rincón de la Victoria","province":"MÁLAGA","postalCode":"29730","schedule":"L-D: 24H","fuels":{"gasoline95":1.734,"gasoline98":1.874,"diesel":1.869,"dieselPremium":1.949},"extra":{"saleType":"P","margin":"N","reportingType":"OM","ideess":"8473","idMunicipio":"4535","idProvincia":"29","idCCAA":"01"}}},{"type":"Feature","geometry":{"type":"Point","coordinates":[-4.499417,36.62525]},"properties":{"id":"es-8475","source":"ES","brand":"SHELL","address":"CALLE CRUZ DE LA, 68","municipality":"Torremolinos","province":"MÁLAGA","postalCode":"29620","schedule":"L-D: 06:00-23:59","fuels":{"gasoline95":1.709,"gasoline98":1.849,"diesel":1.799,"dieselPremium":1.879,"lpg":0.999},"extra":{"saleType":"P","margin":"D","reportingType":"OM","ideess":"8475","idMunicipio":"4544","idProvincia":"29","idCCAA":"01"}}},{"type":"Feature","geometry":{"type":"Point","coordinates":[-4.258833,36.997]},"properties":{"id":"es-9123","source":"ES","brand":"S.C.A. NTRA. SRA. DE MONSALUD","address":"EJIDILLO Nº 25","municipality":"Alfarnate","province":"MÁLAGA","postalCode":"29194","schedule":"L-S: 08:30-20:30","fuels":{"gasoline95":1.58,"diesel":1.626,"dieselB":1.338},"extra":{"saleType":"P","margin":"N","reportingType":"dm","ideess":"9123","idMunicipio":"4457","idProvincia":"29","idCCAA":"01"}}},{"type":"Feature","geometry":{"type":"Point","coordinates":[-4.707278,36.61925]},"properties":{"id":"es-9135","source":"ES","brand":"BP LA VENTILLA","address":"CARRER A387.CRUCE MIJAS KM4, 4","municipality":"Alhaurín el Grande","province":"MÁLAGA","postalCode":"29120","schedule":"L-D: 24H","fuels":{"gasoline95":1.739,"gasoline98":1.879,"diesel":1.849,"dieselPremium":1.939,"adblue":0.999},"extra":{"saleType":"P","margin":"D","reportingType":"dm","ideess":"9135","idMunicipio":"4462","idProvincia":"29","idCCAA":"01"}}},{"type":"Feature","geometry":{"type":"Point","coordinates":[-4.570806,36.659056]},"properties":{"id":"es-9136","source":"ES","brand":"BP LA TORRE","address":"CARRER COMARCAL 344 KM83, 83","municipality":"Alhaurín de la Torre","province":"MÁLAGA","postalCode":"29130","schedule":"L-V: 06:00-23:00; S-D: 07:00-23:00","fuels":{"gasoline95":1.739,"gasoline98":1.879,"diesel":1.849,"dieselPremium":1.939,"adblue":0.999},"extra":{"saleType":"P","margin":"N","reportingType":"dm","ideess":"9136","idMunicipio":"4461","idProvincia":"29","idCCAA":"01"}}},{"type":"Feature","geometry":{"type":"Point","coordinates":[-4.630444,36.520111]},"properties":{"id":"es-9137","source":"ES","brand":"BP EL CASTILLO","address":"CARRER NACIONAL 340 KM212, 212","municipality":"Fuengirola","province":"MÁLAGA","postalCode":"29640","schedule":"L-D: 24H","fuels":{"gasoline95":1.739,"gasoline98":1.879,"diesel":1.849,"dieselPremium":1.939,"lpg":1.099,"adblue":0.999},"extra":{"saleType":"P","margin":"D","reportingType":"dm","ideess":"9137","idMunicipio":"4508","idProvincia":"29","idCCAA":"01"}}},{"type":"Feature","geometry":{"type":"Point","coordinates":[-4.682833,36.501889]},"properties":{"id":"es-9138","source":"ES","brand":"BP LA CALA","address":"AREA, ARRABAL BUTIPLAYA LA, 1","municipality":"Mijas","province":"MÁLAGA","postalCode":"29649","schedule":"L-D: 24H","fuels":{"gasoline95":1.739,"gasoline98":1.879,"diesel":1.849,"dieselPremium":1.939,"lpg":1.099,"adblue":0.999},"extra":{"saleType":"P","margin":"D","reportingType":"dm","ideess":"9138","idMunicipio":"4524","idProvincia":"29","idCCAA":"01"}}},{"type":"Feature","geometry":{"type":"Point","coordinates":[-4.676611,36.646944]},"properties":{"id":"es-9140","source":"ES","brand":"BP LA PEÑITA","address":"CARRER COMARCAL 344 KM 72.200, 72200","municipality":"Alhaurín el Grande","province":"MÁLAGA","postalCode":"29120","schedule":"L-D: 24H","fuels":{"gasoline95":1.739,"gasoline98":1.879,"diesel":1.849,"dieselPremium":1.939,"dieselB":1.509,"adblue":0.999},"extra":{"saleType":"P","margin":"D","reportingType":"dm","ideess":"9140","idMunicipio":"4462","idProvincia":"29","idCCAA":"01"}}},{"type":"Feature","geometry":{"type":"Point","coordinates":[-4.502306,36.660889]},"properties":{"id":"es-9141","source":"ES","brand":"ES COLOSO CHURRIANA","address":"CARRETERA COMARCAL COIN-MALAGA KM. 89","municipality":"Málaga","province":"MÁLAGA","postalCode":"29016","schedule":"L-D: 07:00-23:00","fuels":{"gasoline95":1.689,"gasoline98":1.699,"diesel":1.759,"dieselPremium":1.759},"extra":{"saleType":"P","margin":"D","reportingType":"dm","ideess":"9141","idMunicipio":"4521","idProvincia":"29","idCCAA":"01"}}},{"type":"Feature","geometry":{"type":"Point","coordinates":[-4.492861,36.659667]},"properties":{"id":"es-9142","source":"ES","brand":"BP CHURRIANA","address":"CARRER CAMINO DE COIN, 90","municipality":"Málaga","province":"MÁLAGA","postalCode":"29016","schedule":"L-D: 24H","fuels":{"gasoline95":1.739,"gasoline98":1.879,"diesel":1.849,"dieselPremium":1.939,"dieselB":1.509,"lpg":1.099,"adblue":0.999},"extra":{"saleType":"P","margin":"D","reportingType":"dm","ideess":"9142","idMunicipio":"4521","idProvincia":"29","idCCAA":"01"}}},{"type":"Feature","geometry":{"type":"Point","coordinates":[-4.641139,36.53775]},"properties":{"id":"es-9143","source":"ES","brand":"BP LA VEGA DE MIJAS","address":"CARRER COMARCAL426 KM8, 8","municipality":"Mijas","province":"MÁLAGA","postalCode":"29649","schedule":"L-D: 24H","fuels":{"gasoline95":1.739,"gasoline98":1.879,"diesel":1.849,"dieselPremium":1.939,"lpg":1.099,"adblue":0.999},"extra":{"saleType":"P","margin":"D","reportingType":"dm","ideess":"9143","idMunicipio":"4524","idProvincia":"29","idCCAA":"01"}}},{"type":"Feature","geometry":{"type":"Point","coordinates":[-4.679056,36.652889]},"properties":{"id":"es-9144","source":"ES","brand":"REPSOL","address":"CARRETERA CARTAMA KM. 1 KM. ","municipality":"Alhaurín el Grande","province":"MÁLAGA","postalCode":"29120","schedule":"L-D: 06:00-23:00","fuels":{"gasoline95":1.795,"gasoline98":1.915,"diesel":1.859,"dieselPremium":1.919},"extra":{"saleType":"P","margin":"D","reportingType":"OM","ideess":"9144","idMunicipio":"4462","idProvincia":"29","idCCAA":"01"}}},{"type":"Feature","geometry":{"type":"Point","coordinates":[-4.561528,36.600306]},"properties":{"id":"es-9160","source":"ES","brand":"GALP","address":"AVDA. DE ARROYO HONDO S/N","municipality":"Benalmádena","province":"MÁLAGA","postalCode":"29639","schedule":"L-D: 24H","fuels":{"gasoline95":1.709,"gasoline98":1.849,"diesel":1.829,"dieselPremium":1.879,"adblue":0.799},"extra":{"saleType":"P","margin":"N","reportingType":"OM","ideess":"9160","idMunicipio":"4479","idProvincia":"29","idCCAA":"01"}}},{"type":"Feature","geometry":{"type":"Point","coordinates":[-4.864472,36.729194]},"properties":{"id":"es-9305","source":"ES","brand":"AGLA - E.S.VISTA HEMOSA","address":"CTRA. RONDA-MÁLAGA km 44","municipality":"Alozaina","province":"MÁLAGA","postalCode":"29567","schedule":"L: 06:30-22:00","fuels":{"gasoline95":1.67,"diesel":1.699,"dieselB":1.367},"extra":{"saleType":"P","margin":"N","reportingType":"dm","ideess":"9305","idMunicipio":"4467","idProvincia":"29","idCCAA":"01"}}},{"type":"Feature","geometry":{"type":"Point","coordinates":[-4.844639,36.878694]},"properties":{"id":"es-9402","source":"ES","brand":"AGRARIA DEL TURON","address":"AVDA BLANES S.N.","municipality":"Ardales","province":"MÁLAGA","postalCode":"29550","schedule":"L-D: 24H","fuels":{"gasoline95":1.549,"diesel":1.639,"dieselB":1.339},"extra":{"saleType":"P","margin":"N","reportingType":"dm","ideess":"9402","idMunicipio":"4472","idProvincia":"29","idCCAA":"01"}}},{"type":"Feature","geometry":{"type":"Point","coordinates":[-4.550111,36.673694]},"properties":{"id":"es-9459","source":"ES","brand":"GUEROIL","address":"AVENIDA LAS AMERICAS, S/N","municipality":"Alhaurín de la Torre","province":"MÁLAGA","postalCode":"29130","schedule":"L-D: 24H","fuels":{"gasoline95":1.709,"gasoline98":1.909,"diesel":1.759,"dieselPremium":1.809,"dieselB":1.559,"adblue":0.999},"extra":{"saleType":"P","margin":"D","reportingType":"dm","ideess":"9459","idMunicipio":"4461","idProvincia":"29","idCCAA":"01"}}},{"type":"Feature","geometry":{"type":"Point","coordinates":[-4.891861,36.52]},"properties":{"id":"es-9589","source":"ES","brand":"SHELL","address":"AVENIDA TRAPICHE, S/N","municipality":"Marbella","province":"MÁLAGA","postalCode":"29600","schedule":"L-D: 24H","fuels":{"gasoline95":1.759,"gasoline98":1.899,"diesel":1.889,"dieselPremium":1.969},"extra":{"saleType":"P","margin":"N","reportingType":"OM","ideess":"9589","idMunicipio":"4523","idProvincia":"29","idCCAA":"01"}}},{"type":"Feature","geometry":{"type":"Point","coordinates":[-4.459583,36.692583]},"properties":{"id":"es-9789","source":"ES","brand":"MOEVE","address":"AVENIDA ISAAC PERAL, 39","municipality":"Málaga","province":"MÁLAGA","postalCode":"29004","schedule":"L-D: 06:00-22:00","fuels":{"gasoline95":1.779,"gasoline95Premium":1.869,"diesel":1.879,"dieselPremium":1.959},"extra":{"saleType":"P","margin":"I","reportingType":"OM","ideess":"9789","idMunicipio":"4521","idProvincia":"29","idCCAA":"01"}}},{"type":"Feature","geometry":{"type":"Point","coordinates":[-4.459583,36.6885]},"properties":{"id":"es-9825","source":"ES","brand":"BALLENOIL","address":"AVENIDA VELAZQUEZ, 113","municipality":"Málaga","province":"MÁLAGA","postalCode":"29004","schedule":"L-D: 24H","fuels":{"gasoline95":1.589,"gasoline95Premium":1.599,"diesel":1.649,"dieselPremium":1.669},"extra":{"saleType":"P","margin":"D","reportingType":"OM","ideess":"9825","idMunicipio":"4521","idProvincia":"29","idCCAA":"01"}}}]}