{"type":"FeatureCollection","features":[{"type":"Feature","geometry":{"type":"Point","coordinates":[-1.483222,37.756972]},"properties":{"id":"es-10004","source":"ES","brand":"COATO","address":"CARRETERA MAZARRON KM. 2","municipality":"Totana","province":"MURCIA","postalCode":"30850","schedule":"L-S: 08:00-22:00","fuels":{"gasoline95":1.68,"diesel":1.7,"dieselB":1.45},"extra":{"saleType":"P","margin":"D","reportingType":"dm","ideess":"10004","idMunicipio":"4595","idProvincia":"30","idCCAA":"14"}}},{"type":"Feature","geometry":{"type":"Point","coordinates":[-1.339611,37.892778]},"properties":{"id":"es-10031","source":"ES","brand":"REPSOL","address":"AUTOVIA A-7 KM. 591","municipality":"Librilla","province":"MURCIA","postalCode":"30892","schedule":"L-D: 24H","fuels":{"gasoline95":1.779,"gasoline98":1.909,"diesel":1.919,"dieselB":1.649,"dieselRenewable":2.019,"lpg":1.069,"adblue":0.999},"extra":{"saleType":"P","margin":"D","reportingType":"dm","ideess":"10031","idMunicipio":"4578","idProvincia":"30","idCCAA":"14"}}},{"type":"Feature","geometry":{"type":"Point","coordinates":[-1.151333,37.943278]},"properties":{"id":"es-10257","source":"ES","brand":"IBESSA","address":"CARRETERA MU-302 KM. 9,2","municipality":"Murcia","province":"MURCIA","postalCode":"30120","schedule":"L-D: 06:00-22:00","fuels":{"gasoline95":1.638,"gasoline98":1.698,"diesel":1.728,"dieselPremium":1.758},"extra":{"saleType":"P","margin":"N","reportingType":"dm","ideess":"10257","idMunicipio":"4585","idProvincia":"30","idCCAA":"14"}}},{"type":"Feature","geometry":{"type":"Point","coordinates":[-1.736722,37.632222]},"properties":{"id":"es-10293","source":"ES","brand":"GASMOR E HIJOS S.L","address":"CARRETERA GRANADA KM. 340","municipality":"Lorca","province":"MURCIA","postalCode":"30817","schedule":"L-D: 24H","fuels":{"gasoline95":1.765,"gasoline98":1.885,"diesel":1.915,"dieselRenewable":2.035,"adblue":0.869},"extra":{"saleType":"P","margin":"D","reportingType":"dm","ideess":"10293","idMunicipio":"4579","idProvincia":"30","idCCAA":"14"}}},{"type":"Feature","geometry":{"type":"Point","coordinates":[-1.54475,37.728806]},"properties":{"id":"es-10317","source":"ES","brand":"AREA DE SERVICIO AGETRANS","address":"DIPUTACION DE LEBOR","municipality":"Totana","province":"MURCIA","postalCode":"30850","schedule":"L-D: 24H","fuels":{"gasoline95":1.695,"diesel":1.855,"adblue":0.855},"extra":{"saleType":"P","margin":"D","reportingType":"dm","ideess":"10317","idMunicipio":"4595","idProvincia":"30","idCCAA":"14"}}},{"type":"Feature","geometry":{"type":"Point","coordinates":[-1.197833,37.931944]},"properties":{"id":"es-10377","source":"ES","brand":"OMEGA SANGONERA","address":"CTRA. DE MAZARRON, KM 2 PARCELA 18 DE MERCAMURCIA.","municipality":"Murcia","province":"MURCIA","postalCode":"30120","schedule":"L-D: 00:01-23:59","fuels":{"gasoline95":1.545,"diesel":1.72,"dieselPremium":1.75,"dieselB":1.359},"extra":{"saleType":"P","margin":"I","reportingType":"dm","ideess":"10377","idMunicipio":"4585","idProvincia":"30","idCCAA":"14"}}},{"type":"Feature","geometry":{"type":"Point","coordinates":[-1.614889,37.640111]},"properties":{"id":"es-10498","source":"ES","brand":"EE.SS AGUADERAS","address":"CTRA. LORCA A PUNTAS DE CALNEGRE km 4.100","municipality":"Lorca","province":"MURCIA","postalCode":"30800","schedule":"L-D: 07:00-22:30","fuels":{"gasoline95":1.75,"gasoline98":1.88,"diesel":1.895,"dieselB":1.625},"extra":{"saleType":"P","margin":"D","reportingType":"dm","ideess":"10498","idMunicipio":"4579","idProvincia":"30","idCCAA":"14"}}},{"type":"Feature","geometry":{"type":"Point","coordinates":[-1.523556,37.743611]},"properties":{"id":"es-10551","source":"ES","brand":"TS","address":"NACIONAL 340 km 613","municipality":"Totana","province":"MURCIA","postalCode":"30850","schedule":"L-D: 07:00-23:00","fuels":{"gasoline95":1.599,"diesel":1.759,"dieselB":1.499,"adblue":0.869},"extra":{"saleType":"P","margin":"D","reportingType":"dm","ideess":"10551","idMunicipio":"4595","idProvincia":"30","idCCAA":"14"}}},{"type":"Feature","geometry":{"type":"Point","coordinates":[-1.111667,37.981778]},"properties":{"id":"es-10558","source":"ES","brand":"SHELL","address":"AVD. REGION MURCIANA, 1","municipality":"Murcia","province":"MURCIA","postalCode":"30011","schedule":"L-V: 09:00-14:00 y 17:00-20:00","fuels":{"gasoline95":1.629,"gasoline98":1.829,"diesel":1.749,"dieselPremium":1.849},"extra":{"saleType":"P","margin":"N","reportingType":"OM","ideess":"10558","idMunicipio":"4585","idProvincia":"30","idCCAA":"14"}}},{"type":"Feature","geometry":{"type":"Point","coordinates":[-1.035639,37.6115]},"properties":{"id":"es-10581","source":"ES","brand":"BP","address":"AVENIDA JOSE LUIS MESEGUER S/N","municipality":"Cartagena","province":"MURCIA","postalCode":"30394","schedule":"L-D: 06:30-22:00","fuels":{"gasoline95":1.775,"gasoline98":1.915,"diesel":1.879,"dieselPremium":1.969,"adblue":0.849},"extra":{"saleType":"P","margin":"D","reportingType":"dm","ideess":"10581","idMunicipio":"4571","idProvincia":"30","idCCAA":"14"}}},{"type":"Feature","geometry":{"type":"Point","coordinates":[-1.339944,37.677083]},"properties":{"id":"es-10647","source":"ES","brand":"GALP","address":"AVDA DE LOS COVACHOS S/N - URBANIZACIÓN CAMPOSOL","municipality":"Mazarrón","province":"MURCIA","postalCode":"30870","schedule":"L-D: 06:00-21:00","fuels":{"gasoline95":1.714,"gasoline98":1.854,"diesel":1.864,"dieselPremium":1.914},"extra":{"saleType":"P","margin":"N","reportingType":"OM","ideess":"10647","idMunicipio":"4581","idProvincia":"30","idCCAA":"14"}}},{"type":"Feature","geometry":{"type":"Point","coordinates":[-1.644972,37.6835]},"properties":{"id":"es-10657","source":"ES","brand":"ALIMER","address":"CAMINO VILLAESPESA S/N APDO.217","municipality":"Lorca","province":"MURCIA","postalCode":"30800","schedule":"L-V: 08:00-20:00","fuels":{"diesel":1.745,"dieselB":1.495},"extra":{"saleType":"P","margin":"I","reportingType":"dm","ideess":"10657","idMunicipio":"4579","idProvincia":"30","idCCAA":"14"}}},{"type":"Feature","geometry":{"type":"Point","coordinates":[-1.0585,37.634611]},"properties":{"id":"es-10680","source":"ES","brand":"BUENOS AIRES","address":"CARTAGENA-ALMERIA km 7.500","municipality":"Cartagena","province":"MURCIA","postalCode":"30393","schedule":"L: 06:00-23:00","fuels":{"gasoline95":1.759,"gasoline98":1.869,"diesel":1.889},"extra":{"saleType":"P","margin":"D","reportingType":"dm","ideess":"10680","idMunicipio":"4571","idProvincia":"30","idCCAA":"14"}}},{"type":"Feature","geometry":{"type":"Point","coordinates":[-1.734194,37.456167]},"properties":{"id":"es-10691","source":"ES","brand":"PETROLORCA - E.S. LA CAMPANA","address":"CARRERA MU-620 / KM. 17.5, S/N","municipality":"Lorca","province":"MURCIA","postalCode":"30813","schedule":"L-S: 06:30-22:00; D: 07:00-22:00","fuels":{"gasoline95":1.677,"diesel":1.777,"dieselPremium":1.877},"extra":{"saleType":"P","margin":"D","reportingType":"dm","ideess":"10691","idMunicipio":"4579","idProvincia":"30","idCCAA":"14"}}},{"type":"Feature","geometry":{"type":"Point","coordinates":[-1.006,37.648]},"properties":{"id":"es-10695","source":"ES","brand":"REPSOL","address":"CALLE ALVAREZ ALONSO, 29","municipality":"Cartagena","province":"MURCIA","postalCode":"30310","schedule":"L-D: 24H","fuels":{"gasoline95":1.819,"gasoline98":1.939,"diesel":1.899,"dieselRenewable":1.999},"extra":{"saleType":"P","margin":"D","reportingType":"dm","ideess":"10695","idMunicipio":"4571","idProvincia":"30","idCCAA":"14"}}},{"type":"Feature","geometry":{"type":"Point","coordinates":[-1.111806,37.979833]},"properties":{"id":"es-10758","source":"ES","brand":"CARREFOUR","address":"CALLE LOPE DE VEGA, S/N","municipality":"Murcia","province":"MURCIA","postalCode":"30011","schedule":"L-D: 24H","fuels":{"gasoline95":1.729,"gasoline98":1.899,"diesel":1.889,"dieselPremium":1.929},"extra":{"saleType":"P","margin":"N","reportingType":"dm","ideess":"10758","idMunicipio":"4585","idProvincia":"30","idCCAA":"14"}}},{"type":"Feature","geometry":{"type":"Point","coordinates":[-1.143917,37.999778]},"properties":{"id":"es-10833","source":"ES","brand":"EUROPETROL","address":"AVENIDA MARIANO ROJAS, 2","municipality":"Murcia","province":"MURCIA","postalCode":"30009","schedule":"L-D: 24H","fuels":{"gasoline95":1.709,"gasoline98":1.919,"diesel":1.778,"dieselPremium":1.839},"extra":{"saleType":"P","margin":"D","reportingType":"dm","ideess":"10833","idMunicipio":"4585","idProvincia":"30","idCCAA":"14"}}},{"type":"Feature","geometry":{"type":"Point","coordinates":[-1.158167,37.738639]},"properties":{"id":"es-10854","source":"ES","brand":"ALMENDRAS MURCIANAS","address":"CARRETERA FUENTE ALAMO-CORVERA KM. 1","municipality":"Fuente Álamo de Murcia","province":"MURCIA","postalCode":"30320","schedule":"L-D: 24H","fuels":{"diesel":1.769,"dieselB":1.399},"extra":{"saleType":"P","margin":"I","reportingType":"dm","ideess":"10854","idMunicipio":"4576","idProvincia":"30","idCCAA":"14"}}},{"type":"Feature","geometry":{"type":"Point","coordinates":[-1.946,37.619917]},"properties":{"id":"es-10899","source":"ES","brand":"VENTA LA PETRA","address":"CARRETERA A-91 KM. 3,5","municipality":"Lorca","province":"MURCIA","postalCode":"30800","schedule":"L-D: 24H","fuels":{"gasoline95":1.768,"gasoline98":1.898,"diesel":1.938,"dieselPremium":1.948,"dieselB":1.518},"extra":{"saleType":"P","margin":"D","reportingType":"dm","ideess":"10899","idMunicipio":"4579","idProvincia":"30","idCCAA":"14"}}},{"type":"Feature","geometry":{"type":"Point","coordinates":[-1.006722,37.6345]},"properties":{"id":"es-10909","source":"ES","brand":"APARCADOLORES","address":"CALLE SUSPIRO - LOS DOLORES  EN  CARTAGENA, 0","municipality":"Cartagena","province":"MURCIA","postalCode":"30310","schedule":"L-D: 06:00-23:00","fuels":{"gasoline95":1.769,"gasoline98":1.939,"diesel":1.919,"dieselPremium":1.969},"extra":{"saleType":"P","margin":"I","reportingType":"dm","ideess":"10909","idMunicipio":"4571","idProvincia":"30","idCCAA":"14"}}},{"type":"Feature","geometry":{"type":"Point","coordinates":[-1.203389,37.972944]},"properties":{"id":"es-10945","source":"ES","brand":"CEPSA","address":"CARRETERA N-340A KM. 653,3","municipality":"Alcantarilla","province":"MURCIA","postalCode":"30820","schedule":"L-D: 06:00-23:00","fuels":{"gasoline95":1.789,"gasoline95Premium":1.879,"diesel":1.929,"dieselPremium":2.009},"extra":{"saleType":"P","margin":"D","reportingType":"dm","ideess":"10945","idMunicipio":"4559","idProvincia":"30","idCCAA":"14"}}},{"type":"Feature","geometry":{"type":"Point","coordinates":[-1.021583,37.720417]},"properties":{"id":"es-10972","source":"ES","brand":"ROYMAGA PETROLEOS,SL","address":"CARRETERA DEL ALBUJON KM. S/N","municipality":"Cartagena","province":"MURCIA","postalCode":"30594","schedule":"L-D: 06:00-22:00","fuels":{"gasoline95":1.699,"gasoline98":1.809,"diesel":1.819,"dieselPremium":1.839,"dieselB":1.559,"adblue":1.1},"extra":{"saleType":"P","margin":"I","reportingType":"dm","ideess":"10972","idMunicipio":"4571","idProvincia":"30","idCCAA":"14"}}},{"type":"Feature","geometry":{"type":"Point","coordinates":[-1.313417,37.912167]},"properties":{"id":"es-11088","source":"ES","brand":"REPSOL","address":"CR  A-7 P.K. 641","municipality":"Librilla","province":"MURCIA","postalCode":"30892","schedule":"L-D: 24H","fuels":{"gasoline95":1.775,"gasoline98":1.895,"diesel":1.895,"dieselRenewable":2.015},"extra":{"saleType":"P","margin":"I","reportingType":"OM","ideess":"11088","idMunicipio":"4578","idProvincia":"30","idCCAA":"14"}}},{"type":"Feature","geometry":{"type":"Point","coordinates":[-1.963028,37.411111]},"properties":{"id":"es-11110","source":"ES","brand":"OIL HUERCAL-OVERA","address":"CARRERA A-327, 32","municipality":"Huércal-Overa","province":"ALMERÍA","postalCode":"04600","schedule":"L-D: 07:00-21:00","fuels":{"gasoline95":1.669,"diesel":1.759},"extra":{"saleType":"P","margin":"D","reportingType":"dm","ideess":"11110","idMunicipio":"329","idProvincia":"04","idCCAA":"01"}}},{"type":"Feature","geometry":{"type":"Point","coordinates":[-1.247889,37.950722]},"properties":{"id":"es-11131","source":"ES","brand":"IDS","address":"AVENIDA DE LORCA, 174","municipality":"Murcia","province":"MURCIA","postalCode":"30835","schedule":"L-D: 24H","fuels":{"diesel":1.979,"dieselB":1.638,"dieselRenewable":2.14,"adblue":1.195},"extra":{"saleType":"P","margin":"D","reportingType":"dm","ideess":"11131","idMunicipio":"4585","idProvincia":"30","idCCAA":"14"}}},{"type":"Feature","geometry":{"type":"Point","coordinates":[-1.652083,37.664556]},"properties":{"id":"es-11162","source":"ES","brand":"SUMINISTROS LA CASILLA S.L.","address":"VEREDA LA CASILLA, S/N","municipality":"Lorca","province":"MURCIA","postalCode":"30815","schedule":"L-D: 06:00-00:00","fuels":{"gasoline95":1.667,"diesel":1.805,"dieselB":1.48},"extra":{"saleType":"P","margin":"D","reportingType":"dm","ideess":"11162","idMunicipio":"4579","idProvincia":"30","idCCAA":"14"}}},{"type":"Feature","geometry":{"type":"Point","coordinates":[-1.366028,37.592722]},"properties":{"id":"es-11170","source":"ES","brand":"REPSOL","address":"AUTOPISTA AP-7 KM. 848","municipality":"Mazarrón","province":"MURCIA","postalCode":"30870","schedule":"L-D: 24H","fuels":{"gasoline95":1.749,"gasoline98":1.869,"diesel":1.885,"dieselRenewable":2.005},"extra":{"saleType":"P","margin":"I","reportingType":"OM","ideess":"11170","idMunicipio":"4581","idProvincia":"30","idCCAA":"14"}}},{"type":"Feature","geometry":{"type":"Point","coordinates":[-1.379083,37.560833]},"properties":{"id":"es-11219","source":"ES","brand":"BP","address":"CALLE CAMINO REAL, 7","municipality":"Mazarrón","province":"MURCIA","postalCode":"30876","schedule":"L-D: 07:00-21:00","fuels":{"gasoline95":1.719,"gasoline98":1.859,"diesel":1.839,"dieselPremium":1.919,"dieselB":1.619},"extra":{"saleType":"P","margin":"I","reportingType":"dm","ideess":"11219","idMunicipio":"4581","idProvincia":"30","idCCAA":"14"}}},{"type":"Feature","geometry":{"type":"Point","coordinates":[-1.111,37.989667]},"properties":{"id":"es-11236","source":"ES","brand":"E.LECLERC INFANTE","address":"AV. JUANA JUGAN, 26 (CRUCE AV. MIGUEL INDURAIN)","municipality":"Murcia","province":"MURCIA","postalCode":"30006","schedule":"L-D: 24H","fuels":{"gasoline95":1.599,"diesel":1.699,"dieselPremium":1.799},"extra":{"saleType":"P","margin":"N","reportingType":"dm","ideess":"11236","idMunicipio":"4585","idProvincia":"30","idCCAA":"14"}}},{"type":"Feature","geometry":{"type":"Point","coordinates":[-1.500833,37.4705]},"properties":{"id":"es-11403","source":"ES","brand":"C.P.G. LA MARINA","address":"CARRETERA AGUILAS A CUESTA DE GOS KM.11.400 KM. 11,400","municipality":"Águilas","province":"MURCIA","postalCode":"30880","schedule":"L-S: 06:30-21:00; D: 08:00-21:00","fuels":{"gasoline95":1.669,"gasoline98":1.819,"diesel":1.81,"dieselB":1.47},"extra":{"saleType":"P","margin":"D","reportingType":"dm","ideess":"11403","idMunicipio":"4557","idProvincia":"30","idCCAA":"14"}}},{"type":"Feature","geometry":{"type":"Point","coordinates":[-1.140389,37.965167]},"properties":{"id":"es-11583","source":"ES","brand":"CEPSA","address":"CARRETERA RONDA SUR KM. 107","municipality":"Murcia","province":"MURCIA","postalCode":"30152","schedule":"L-D: 06:00-22:00","fuels":{"gasoline95":1.789,"gasoline98":1.909,"diesel":1.909,"dieselPremium":1.989},"extra":{"saleType":"P","margin":"I","reportingType":"dm","ideess":"11583","idMunicipio":"4585","idProvincia":"30","idCCAA":"14"}}},{"type":"Feature","geometry":{"type":"Point","coordinates":[-1.216778,37.956667]},"properties":{"id":"es-11858","source":"ES","brand":"E.LECLERC HIPERMERCADO","address":"CALLE RÍO SECO, 99","municipality":"Murcia","province":"MURCIA","postalCode":"30835","schedule":"L-D: 24H","fuels":{"gasoline95":1.599,"gasoline98":1.699,"diesel":1.699,"dieselPremium":1.799},"extra":{"saleType":"P","margin":"N","reportingType":"dm","ideess":"11858","idMunicipio":"4585","idProvincia":"30","idCCAA":"14"}}},{"type":"Feature","geometry":{"type":"Point","coordinates":[-1.148778,37.971]},"properties":{"id":"es-11899","source":"ES","brand":"VALEROIL","address":"CARRETERA E-1 KM. 1","municipality":"Murcia","province":"MURCIA","postalCode":"30010","schedule":"L: 07:00-22:30","fuels":{"gasoline95":1.699,"diesel":1.759,"dieselPremium":1.759},"extra":{"saleType":"P","margin":"I","reportingType":"dm","ideess":"11899","idMunicipio":"4585","idProvincia":"30","idCCAA":"14"}}},{"type":"Feature","geometry":{"type":"Point","coordinates":[-1.194639,37.945778]},"properties":{"id":"es-11925","source":"ES","brand":"FROET-GAS","address":"AVENIDA FUENTE ALAMO, 1","municipality":"Murcia","province":"MURCIA","postalCode":"30169","schedule":"L-D: 24H","fuels":{"gasoline95":1.537,"gasoline98":1.629,"diesel":1.72,"dieselPremium":1.766,"dieselB":1.366},"extra":{"saleType":"P","margin":"D","reportingType":"dm","ideess":"11925","idMunicipio":"4585","idProvincia":"30","idCCAA":"14"}}},{"type":"Feature","geometry":{"type":"Point","coordinates":[-1.868778,37.239444]},"properties":{"id":"es-11928","source":"ES","brand":"VERADIESEL","address":"CARRETERA DE RONDA KM. 97","municipality":"Vera","province":"ALMERÍA","postalCode":"04620","schedule":"L-D: 07:00-22:00","fuels":{"gasoline95":1.709,"diesel":1.779},"extra":{"saleType":"P","margin":"D","reportingType":"dm","ideess":"11928","idMunicipio":"378","idProvincia":"04","idCCAA":"01"}}},{"type":"Feature","geometry":{"type":"Point","coordinates":[-1.002972,37.613222]},"properties":{"id":"es-11933","source":"ES","brand":"FAMILY ENERGY","address":"AVENIDA AVENIDA DEL CANTON, 25","municipality":"Cartagena","province":"MURCIA","postalCode":"30205","schedule":"L-S: 08:00-22:00","fuels":{"gasoline95":1.539,"diesel":1.699,"dieselPremium":1.749},"extra":{"saleType":"P","margin":"N","reportingType":"dm","ideess":"11933","idMunicipio":"4571","idProvincia":"30","idCCAA":"14"}}},{"type":"Feature","geometry":{"type":"Point","coordinates":[-1.710472,37.6535]},"properties":{"id":"es-12088","source":"ES","brand":"BURGOS","address":"CARRETERA D-11/CAMINO VIEJO DEL PUERTO KM. 1,5","municipality":"Lorca","province":"MURCIA","postalCode":"30800","schedule":"L-D: 24H","fuels":{"gasoline95":1.679,"diesel":1.779,"lpg":0.999},"extra":{"saleType":"P","margin":"D","reportingType":"dm","ideess":"12088","idMunicipio":"4579","idProvincia":"30","idCCAA":"14"}}},{"type":"Feature","geometry":{"type":"Point","coordinates":[-1.40425,37.844667]},"properties":{"id":"es-12107","source":"ES","brand":"DIALCO EL PRADO","address":"CARRETERA E-10 KM. 1,750","municipality":"Alhama de Murcia","province":"MURCIA","postalCode":"30840","schedule":"L-V: 08:00-20:30; S: 08:00-14:00","fuels":{"gasoline95":1.6,"diesel":1.77,"adblue":0.9},"extra":{"saleType":"P","margin":"D","reportingType":"dm","ideess":"12107","idMunicipio":"4563","idProvincia":"30","idCCAA":"14"}}},{"type":"Feature","geometry":{"type":"Point","coordinates":[-1.760833,37.393194]},"properties":{"id":"es-12150","source":"ES","brand":"E.S. AQUACENTER","address":"POLIGONO POLIGONO INDUSTRIAL PULPI, S/N","municipality":"Pulpí","province":"ALMERÍA","postalCode":"04640","schedule":"L-D: 07:00-22:00","fuels":{"gasoline95":1.659,"diesel":1.839},"extra":{"saleType":"P","margin":"D","reportingType":"dm","ideess":"12150","idMunicipio":"352","idProvincia":"04","idCCAA":"01"}}},{"type":"Feature","geometry":{"type":"Point","coordinates":[-1.402694,37.859083]},"properties":{"id":"es-12214","source":"ES","brand":"MOEVE","address":"CARRETERA N-340A KM. 630,5","municipality":"Alhama de Murcia","province":"MURCIA","postalCode":"30840","schedule":"L-D: 06:00-22:00","fuels":{"gasoline95":1.759,"gasoline95Premium":1.819,"gasoline98":1.849,"diesel":1.909,"dieselPremium":1.969,"dieselB":1.689},"extra":{"saleType":"P","margin":"I","reportingType":"OM","ideess":"12214","idMunicipio":"4563","idProvincia":"30","idCCAA":"14"}}},{"type":"Feature","geometry":{"type":"Point","coordinates":[-1.562889,37.410472]},"properties":{"id":"es-12254","source":"ES","brand":"CARREFOUR","address":"URBANIZACIÓN EL HORNILLO II - C.C AGUILAS PLAZA, S/N","municipality":"Águilas","province":"MURCIA","postalCode":"30880","schedule":"L-S: 08:00-22:00; D: 09:00-22:00","fuels":{"gasoline95":1.679,"diesel":1.829},"extra":{"saleType":"P","margin":"N","reportingType":"dm","ideess":"12254","idMunicipio":"4557","idProvincia":"30","idCCAA":"14"}}},{"type":"Feature","geometry":{"type":"Point","coordinates":[-1.898028,37.21375]},"properties":{"id":"es-12261","source":"ES","brand":"SHELL","address":"AUTOVIA AUTOVIA DEL MEDITERRANEO KM. 529","municipality":"Antas","province":"ALMERÍA","postalCode":"04628","schedule":"L-D: 24H","fuels":{"gasoline95":1.778,"diesel":1.899,"dieselPremium":1.976,"dieselB":1.557,"lpg":1.15,"adblue":0.872},"extra":{"saleType":"P","margin":"D","reportingType":"dm","ideess":"12261","idMunicipio":"295","idProvincia":"04","idCCAA":"01"}}},{"type":"Feature","geometry":{"type":"Point","coordinates":[-1.778194,37.347278]},"properties":{"id":"es-12273","source":"ES","brand":"A.S. EL ARTINERO","address":"AVENIDA ANDALUCIA, ","municipality":"Cuevas del Almanzora","province":"ALMERÍA","postalCode":"04647","schedule":"L-S: 06:30-23:00; D: 07:00-23:00","fuels":{"gasoline95":1.729,"gasoline98":1.889,"diesel":1.799,"dieselB":1.559},"extra":{"saleType":"P","margin":"D","reportingType":"dm","ideess":"12273","idMunicipio":"315","idProvincia":"04","idCCAA":"01"}}},{"type":"Feature","geometry":{"type":"Point","coordinates":[-1.582056,37.422833]},"properties":{"id":"es-12335","source":"ES","brand":"EXPOAGUILAS","address":"POLIGONO LAS MAJADAS, 3","municipality":"Águilas","province":"MURCIA","postalCode":"30880","schedule":"L-S: 08:00-21:00","fuels":{"gasoline95":1.549,"diesel":1.679,"adblue":0.7},"extra":{"saleType":"P","margin":"I","reportingType":"dm","ideess":"12335","idMunicipio":"4557","idProvincia":"30","idCCAA":"14"}}},{"type":"Feature","geometry":{"type":"Point","coordinates":[-1.116833,37.973611]},"properties":{"id":"es-12560","source":"ES","brand":"REPSOL BUTANO","address":"AGREGADO NARANJO, S/N","municipality":"Murcia","province":"MURCIA","postalCode":"30011","schedule":"L-V: 08:00-22:00; S-D: 09:00-14:00","fuels":{"lpg":1.082},"extra":{"saleType":"P","margin":"N","reportingType":"dm","ideess":"12560","idMunicipio":"4585","idProvincia":"30","idCCAA":"14"}}},{"type":"Feature","geometry":{"type":"Point","coordinates":[-1.41275,37.834556]},"properties":{"id":"es-12612","source":"ES","brand":"JUAN MARTINEZ SAURA","address":"CARRETERA CARTAGENA KM. 1,6","municipality":"Alhama de Murcia","province":"MURCIA","postalCode":"30840","schedule":"L-S: 06:00-23:00; D: 07:00-22:00","fuels":{"gasoline95":1.6,"diesel":1.77,"adblue":0.8},"extra":{"saleType":"P","margin":"D","reportingType":"dm","ideess":"12612","idMunicipio":"4563","idProvincia":"30","idCCAA":"14"}}},{"type":"Feature","geometry":{"type":"Point","coordinates":[-1.749139,37.383472]},"properties":{"id":"es-12881","source":"ES","brand":"EUROPULPI","address":"POLIGONO S-LF1, 1","municipality":"Pulpí","province":"ALMERÍA","postalCode":"04640","schedule":"L-D: 24H","fuels":{"gasoline95":1.769,"diesel":1.889,"dieselB":1.599,"lpg":1.159,"adblue":0.879},"extra":{"saleType":"P","margin":"N","reportingType":"dm","ideess":"12881","idMunicipio":"352","idProvincia":"04","idCCAA":"01"}}},{"type":"Feature","geometry":{"type":"Point","coordinates":[-1.317139,37.587639]},"properties":{"id":"es-13001","source":"ES","brand":"BP LAS MORERAS","address":"CARRETERA N 332 KM. 25","municipality":"Mazarrón","province":"MURCIA","postalCode":"30870","schedule":"L-D: 06:00-00:00","fuels":{"gasoline95":1.739,"gasoline98":1.879,"diesel":1.885,"dieselPremium":1.975},"extra":{"saleType":"P","margin":"D","reportingType":"OM","ideess":"13001","idMunicipio":"4581","idProvincia":"30","idCCAA":"14"}}},{"type":"Feature","geometry":{"type":"Point","coordinates":[-1.674778,37.674972]},"properties":{"id":"es-13040","source":"ES","brand":"ALIMER","address":"CAMINO CARTAGENA-ESQ. VEREDA CHURRA, S/N","municipality":"Lorca","province":"MURCIA","postalCode":"30815","schedule":"L-V: 07:00-22:00; S-D: 07:30-22:00","fuels":{"gasoline95":1.549,"diesel":1.745},"extra":{"saleType":"P","margin":"N","reportingType":"dm","ideess":"13040","idMunicipio":"4579","idProvincia":"30","idCCAA":"14"}}},{"type":"Feature","geometry":{"type":"Point","coordinates":[-1.593667,37.411111]},"properties":{"id":"es-13177","source":"ES","brand":"RASPAOIL E.S.AGUILAS","address":"CARRETERA CARRETERA DE LORCA KM. 0,4","municipality":"Águilas","province":"MURCIA","postalCode":"30880","schedule":"L-D: 06:00-22:00","fuels":{"gasoline95Premium":1.657,"diesel":1.807,"dieselPremium":1.807,"lpg":0.977,"adblue":0.957},"extra":{"saleType":"P","margin":"D","reportingType":"dm","ideess":"13177","idMunicipio":"4557","idProvincia":"30","idCCAA":"14"}}},{"type":"Feature","geometry":{"type":"Point","coordinates":[-1.910667,37.434583]},"properties":{"id":"es-13182","source":"ES","brand":"CEPSA","address":"AUTOVIA A7 SALIDA 559 KM. 559","municipality":"Huércal-Overa","province":"ALMERÍA","postalCode":"04662","schedule":"L-D: 24H","fuels":{"gasoline95":1.729,"gasoline98":1.829,"diesel":1.849,"dieselPremium":1.929,"dieselB":1.719},"extra":{"saleType":"P","margin":"D","reportingType":"dm","ideess":"13182","idMunicipio":"329","idProvincia":"04","idCCAA":"01"}}},{"type":"Feature","geometry":{"type":"Point","coordinates":[-1.169667,37.962333]},"properties":{"id":"es-13272","source":"ES","brand":"NATURGY","address":"CARRETERA SAN GINÉS A ERA ALTA, POLÍGONO 176, PARCELA 192 KM. S/N","municipality":"Murcia","province":"MURCIA","postalCode":"30168","schedule":"L-D: 07:00-22:00","fuels":{"cng":1.646},"extra":{"saleType":"P","margin":"I","reportingType":"dm","ideess":"13272","idMunicipio":"4585","idProvincia":"30","idCCAA":"14"}}},{"type":"Feature","geometry":{"type":"Point","coordinates":[-1.003167,37.628861]},"properties":{"id":"es-13301","source":"ES","brand":"BP CARTAGENA","address":"AVENIDA JUAN CARLOS I, 85","municipality":"Cartagena","province":"MURCIA","postalCode":"30310","schedule":"L-D: 06:30-23:30","fuels":{"gasoline95":1.775,"gasoline98":1.915,"diesel":1.879,"dieselPremium":1.969},"extra":{"saleType":"P","margin":"I","reportingType":"OM","ideess":"13301","idMunicipio":"4571","idProvincia":"30","idCCAA":"14"}}},{"type":"Feature","geometry":{"type":"Point","coordinates":[-1.854528,37.237806]},"properties":{"id":"es-13407","source":"ES","brand":"VULCO","address":"CARRETERA C-3327 KM. 1","municipality":"Vera","province":"ALMERÍA","postalCode":"04620","schedule":"L-D: 24H","fuels":{"gasoline95":1.709,"diesel":1.779,"adblue":0.8},"extra":{"saleType":"P","margin":"D","reportingType":"dm","ideess":"13407","idMunicipio":"378","idProvincia":"04","idCCAA":"01"}}},{"type":"Feature","geometry":{"type":"Point","coordinates":[-1.967222,37.415528]},"properties":{"id":"es-13417","source":"ES","brand":"OIL JCJ","address":"CALLE MIGUEL URIBE GÓMEZ, 4","municipality":"Huércal-Overa","province":"ALMERÍA","postalCode":"04600","schedule":"L-D: 24H","fuels":{"gasoline95":1.669,"diesel":1.759,"adblue":0.8},"extra":{"saleType":"P","margin":"D","reportingType":"dm","ideess":"13417","idMunicipio":"329","idProvincia":"04","idCCAA":"01"}}},{"type":"Feature","geometry":{"type":"Point","coordinates":[-1.021583,37.810056]},"properties":{"id":"es-13469","source":"ES","brand":"F21","address":"CARRETERA LOS MARTINEZ DEL PUERTO, RM F21 KM. 9,5","municipality":"Torre-Pacheco","province":"MURCIA","postalCode":"30709","schedule":"L: 06:00-22:00","fuels":{"gasoline95":1.649,"diesel":1.759,"dieselB":1.479},"extra":{"saleType":"P","margin":"I","reportingType":"dm","ideess":"13469","idMunicipio":"4593","idProvincia":"30","idCCAA":"14"}}},{"type":"Feature","geometry":{"type":"Point","coordinates":[-1.112556,37.976444]},"properties":{"id":"es-13479","source":"ES","brand":"MOEVE","address":"AVENIDA DE LOS DOLORES, 3","municipality":"Murcia","province":"MURCIA","postalCode":"30011","schedule":"L-D: 06:30-22:30","fuels":{"gasoline95":1.779,"diesel":1.899},"extra":{"saleType":"P","margin":"N","reportingType":"OM","ideess":"13479","idMunicipio":"4585","idProvincia":"30","idCCAA":"14"}}},{"type":"Feature","geometry":{"type":"Point","coordinates":[-1.201639,37.952889]},"properties":{"id":"es-13562","source":"ES","brand":"GMOIL","address":"CALLE VENEZUELA, 10/12","municipality":"Alcantarilla","province":"MURCIA","postalCode":"30520","schedule":"L-D: 24H","fuels":{"gasoline95":1.509,"diesel":1.699},"extra":{"saleType":"P","margin":"D","reportingType":"dm","ideess":"13562","idMunicipio":"4559","idProvincia":"30","idCCAA":"14"}}},{"type":"Feature","geometry":{"type":"Point","coordinates":[-1.199722,37.940833]},"properties":{"id":"es-13668","source":"ES","brand":"V2 GASOLINERAS","address":"CARRETERA E-1 KM. 5,500","municipality":"Murcia","province":"MURCIA","postalCode":"30833","schedule":"L-D: 06:00-22:00","fuels":{"gasoline95":1.629,"diesel":1.729,"adblue":0.99},"extra":{"saleType":"P","margin":"D","reportingType":"dm","ideess":"13668","idMunicipio":"4585","idProvincia":"30","idCCAA":"14"}}},{"type":"Feature","geometry":{"type":"Point","coordinates":[-1.674806,37.629694]},"properties":{"id":"es-13689","source":"ES","brand":"LORBUS","address":"CARRETERA CARRETERA DE AGUILAS, KM 5 KM. 5","municipality":"Lorca","province":"MURCIA","postalCode":"30800","schedule":"L-D: 24H","fuels":{"diesel":1.76},"extra":{"saleType":"P","margin":"D","reportingType":"dm","ideess":"13689","idMunicipio":"4579","idProvincia":"30","idCCAA":"14"}}},{"type":"Feature","geometry":{"type":"Point","coordinates":[-1.219056,37.976694]},"properties":{"id":"es-13973","source":"ES","brand":"GASEXPRESS","address":"CARRETERA TORRES DE COTILLAS KM. 10","municipality":"Alcantarilla","province":"MURCIA","postalCode":"30520","schedule":"L-D: 24H","fuels":{"gasoline95":1.675,"diesel":1.759},"extra":{"saleType":"P","margin":"D","reportingType":"dm","ideess":"13973","idMunicipio":"4559","idProvincia":"30","idCCAA":"14"}}},{"type":"Feature","geometry":{"type":"Point","coordinates":[-1.202806,37.960139]},"properties":{"id":"es-14016","source":"ES","brand":"CENTRO DIESEL COMBUSTIBLES MURCIANOS","address":"CALLE ECUADOR  4-6 POLIGONO INDUSTRIAL OESTE, 4","municipality":"Alcantarilla","province":"MURCIA","postalCode":"30520","schedule":"L-V: 06:30-21:30; S: 07:00-15:00","fuels":{"gasoline95":1.539,"diesel":1.739,"adblue":0.845},"extra":{"saleType":"P","margin":"D","reportingType":"dm","ideess":"14016","idMunicipio":"4559","idProvincia":"30","idCCAA":"14"}}},{"type":"Feature","geometry":{"type":"Point","coordinates":[-1.316611,37.592972]},"properties":{"id":"es-14062","source":"ES","brand":"RASPA-OIL (SERV. ATENDIDO)","address":"AVENIDA DE LAS MORERAS, S/N","municipality":"Mazarrón","province":"MURCIA","postalCode":"30870","schedule":"L-D: 06:00-22:00","fuels":{"gasoline95":1.667,"gasoline95Premium":1.667,"diesel":1.817,"dieselPremium":1.817,"lpg":1.084,"adblue":0.957},"extra":{"saleType":"P","margin":"N","reportingType":"dm","ideess":"14062","idMunicipio":"4581","idProvincia":"30","idCCAA":"14"}}},{"type":"Feature","geometry":{"type":"Point","coordinates":[-1.225472,37.969528]},"properties":{"id":"es-14084","source":"ES","brand":"PLENERGY","address":"CALLE PANAMA, 1","municipality":"Alcantarilla","province":"MURCIA","postalCode":"30820","schedule":"L-D: 24H","fuels":{"gasoline95":1.695,"diesel":1.779},"extra":{"saleType":"P","margin":"D","reportingType":"dm","ideess":"14084","idMunicipio":"4559","idProvincia":"30","idCCAA":"14"}}},{"type":"Feature","geometry":{"type":"Point","coordinates":[-1.170194,37.719472]},"properties":{"id":"es-14098","source":"ES","brand":"LA PINTAICA","address":"CARRETERA LAS PALAS KM. 2","municipality":"Fuente Álamo de Murcia","province":"MURCIA","postalCode":"30320","schedule":"L-D: 06:00-23:59","fuels":{"gasoline95":1.779,"gasoline98":1.869,"diesel":1.929,"dieselPremium":2.009,"lpg":1.019},"extra":{"saleType":"P","margin":"D","reportingType":"dm","ideess":"14098","idMunicipio":"4576","idProvincia":"30","idCCAA":"14"}}},{"type":"Feature","geometry":{"type":"Point","coordinates":[-1.184694,37.99775]},"properties":{"id":"es-14100","source":"ES","brand":"LA NORIA","address":"AVENIDA COSTERA NORTE ZU ÑR3, S/N","municipality":"Murcia","province":"MURCIA","postalCode":"30107","schedule":"L: 07:00-22:00","fuels":{"gasoline95":1.799,"diesel":1.899},"extra":{"saleType":"P","margin":"N","reportingType":"dm","ideess":"14100","idMunicipio":"4585","idProvincia":"30","idCCAA":"14"}}},{"type":"Feature","geometry":{"type":"Point","coordinates":[-1.074111,37.693389]},"properties":{"id":"es-14188","source":"ES","brand":"EE.SS. ALJORRA","address":"CALLE ANTONIO PASCUAL - ALJORRA  EN  CARTAGENA, 90","municipality":"Cartagena","province":"MURCIA","postalCode":"30390","schedule":"L: 06:00-22:00","fuels":{"gasoline95":1.759,"diesel":1.899},"extra":{"saleType":"P","margin":"D","reportingType":"dm","ideess":"14188","idMunicipio":"4571","idProvincia":"30","idCCAA":"14"}}},{"type":"Feature","geometry":{"type":"Point","coordinates":[-1.871778,37.251333]},"properties":{"id":"es-14240","source":"ES","brand":"PLENERGY","address":"CALLE CARRETERA DE CUEVAS, 1","municipality":"Vera","province":"ALMERÍA","postalCode":"04620","schedule":"L-D: 24H","fuels":{"gasoline95":1.719,"diesel":1.789},"extra":{"saleType":"P","margin":"D","reportingType":"dm","ideess":"14240","idMunicipio":"378","idProvincia":"04","idCCAA":"01"}}},{"type":"Feature","geometry":{"type":"Point","coordinates":[-1.714778,37.653306]},"properties":{"id":"es-14307","source":"ES","brand":"GASEXPRESS","address":"CALLE LORCA 77, 56","municipality":"Lorca","province":"MURCIA","postalCode":"30813","schedule":"L-D: 24H","fuels":{"gasoline95":1.667,"diesel":1.765},"extra":{"saleType":"P","margin":"D","reportingType":"dm","ideess":"14307","idMunicipio":"4579","idProvincia":"30","idCCAA":"14"}}},{"type":"Feature","geometry":{"type":"Point","coordinates":[-1.881333,37.252778]},"properties":{"id":"es-14338","source":"ES","brand":"BARAZA+","address":"CARRETERA CRTA. NAC 340A KM. 533","municipality":"Vera","province":"ALMERÍA","postalCode":"04620","schedule":"L-D: 24H","fuels":{"gasoline95":1.699,"gasoline98":1.899,"diesel":1.769,"dieselPremium":1.809,"adblue":0.85},"extra":{"saleType":"P","margin":"D","reportingType":"dm","ideess":"14338","idMunicipio":"378","idProvincia":"04","idCCAA":"01"}}},{"type":"Feature","geometry":{"type":"Point","coordinates":[-1.306556,37.604778]},"properties":{"id":"es-14346","source":"ES","brand":"HNOS. LARDIN VIVANCOS, S.L.","address":"AVENIDA JUAN CARLOS I, SN","municipality":"Mazarrón","province":"MURCIA","postalCode":"30870","schedule":"L-D: 07:00-22:00","fuels":{"diesel":1.795},"extra":{"saleType":"P","margin":"I","reportingType":"dm","ideess":"14346","idMunicipio":"4581","idProvincia":"30","idCCAA":"14"}}},{"type":"Feature","geometry":{"type":"Point","coordinates":[-1.112778,37.997194]},"properties":{"id":"es-14404","source":"ES","brand":"V2 GASOLINERAS","address":"AVENIDA MIGUEL INDURAIN, 85","municipality":"Murcia","province":"MURCIA","postalCode":"30007","schedule":"L-D: 07:00-23:00","fuels":{"gasoline95":1.629,"gasoline98":1.729,"diesel":1.729,"dieselPremium":1.829},"extra":{"saleType":"P","margin":"D","reportingType":"dm","ideess":"14404","idMunicipio":"4585","idProvincia":"30","idCCAA":"14"}}},{"type":"Feature","geometry":{"type":"Point","coordinates":[-1.427694,37.794667]},"properties":{"id":"es-14407","source":"ES","brand":"REPSOL","address":"AUTOVIA A-7 KM. 606","municipality":"Alhama de Murcia","province":"MURCIA","postalCode":"30840","schedule":"L-D: 24H","fuels":{"gasoline95":1.775,"gasoline98":1.895,"diesel":1.895,"dieselB":1.636,"dieselRenewable":2.015},"extra":{"saleType":"P","margin":"I","reportingType":"OM","ideess":"14407","idMunicipio":"4563","idProvincia":"30","idCCAA":"14"}}},{"type":"Feature","geometry":{"type":"Point","coordinates":[-1.15075,37.937667]},"properties":{"id":"es-14430","source":"ES","brand":"BP MONTEVIDA","address":"CAMINO PALOMA, S/N","municipality":"Murcia","province":"MURCIA","postalCode":"30150","schedule":"L-D: 06:00-22:00","fuels":{"gasoline95":1.769,"gasoline98":1.909,"diesel":1.889,"dieselPremium":1.979},"extra":{"saleType":"P","margin":"D","reportingType":"OM","ideess":"14430","idMunicipio":"4585","idProvincia":"30","idCCAA":"14"}}},{"type":"Feature","geometry":{"type":"Point","coordinates":[-1.42875,37.794833]},"properties":{"id":"es-14434","source":"ES","brand":"REPSOL","address":"AUTOVIA AUTOVIA DEL MEDITERRANEO KM. 606","municipality":"Alhama de Murcia","province":"MURCIA","postalCode":"30840","schedule":"L-D: 24H","fuels":{"gasoline95":1.775,"gasoline98":1.895,"diesel":1.895,"dieselB":1.636,"dieselRenewable":2.015},"extra":{"saleType":"P","margin":"D","reportingType":"OM","ideess":"14434","idMunicipio":"4563","idProvincia":"30","idCCAA":"14"}}},{"type":"Feature","geometry":{"type":"Point","coordinates":[-1.07925,37.993]},"properties":{"id":"es-14491","source":"ES","brand":"GPS-PETRO PUENTE","address":"VEREDA VEREDA DE SOLIS, 26","municipality":"Murcia","province":"MURCIA","postalCode":"30161","schedule":"L-D: 24H","fuels":{"gasoline95":1.689,"gasoline95Premium":1.689,"diesel":1.769,"dieselPremium":1.769,"lpg":1.109,"adblue":0.989},"extra":{"saleType":"P","margin":"D","reportingType":"dm","ideess":"14491","idMunicipio":"4585","idProvincia":"30","idCCAA":"14"}}},{"type":"Feature","geometry":{"type":"Point","coordinates":[-1.798083,37.572167]},"properties":{"id":"es-14498","source":"ES","brand":"PLENERGY","address":"AVENIDA JUAN CARLOS I, 92,94,96","municipality":"Puerto Lumbreras","province":"MURCIA","postalCode":"30890","schedule":"L-D: 24H","fuels":{"gasoline95":1.687,"diesel":1.785},"extra":{"saleType":"P","margin":"D","reportingType":"dm","ideess":"14498","idMunicipio":"4588","idProvincia":"30","idCCAA":"14"}}},{"type":"Feature","geometry":{"type":"Point","coordinates":[-1.877417,37.289139]},"properties":{"id":"es-14554","source":"ES","brand":"PLENERGY","address":"AVENIDA A-332 CARLOS HERRERA, 10","municipality":"Cuevas del Almanzora","province":"ALMERÍA","postalCode":"04610","schedule":"L-D: 24H","fuels":{"gasoline95":1.719,"diesel":1.789},"extra":{"saleType":"P","margin":"D","reportingType":"dm","ideess":"14554","idMunicipio":"315","idProvincia":"04","idCCAA":"01"}}},{"type":"Feature","geometry":{"type":"Point","coordinates":[-1.269167,37.573056]},"properties":{"id":"es-14569","source":"ES","brand":"BP MAZARRON PARK","address":"CALLE FELIX GARCIA MUÑOZ S/N C.C. MAZARRON PARK, 40509","municipality":"Mazarrón","province":"MURCIA","postalCode":"30860","schedule":"L-D: 06:00-00:00","fuels":{"gasoline95":1.739,"gasoline98":1.879,"diesel":1.885,"dieselPremium":1.975},"extra":{"saleType":"P","margin":"N","reportingType":"OM","ideess":"14569","idMunicipio":"4581","idProvincia":"30","idCCAA":"14"}}},{"type":"Feature","geometry":{"type":"Point","coordinates":[-1.272278,37.74675]},"properties":{"id":"es-14746","source":"ES","brand":"CEPSA","address":"CARRETERA CARTAGENA-ALHAMA KM. 29","municipality":"Fuente Álamo de Murcia","province":"MURCIA","postalCode":"30320","schedule":"L-D: 06:00-00:00","fuels":{"gasoline95":1.769,"gasoline98":1.929,"diesel":1.929,"dieselPremium":1.999},"extra":{"saleType":"P","margin":"D","reportingType":"dm","ideess":"14746","idMunicipio":"4576","idProvincia":"30","idCCAA":"14"}}},{"type":"Feature","geometry":{"type":"Point","coordinates":[-1.951444,37.399]},"properties":{"id":"es-14754","source":"ES","brand":"PLENERGY","address":"CARRETERA ESTACIÓN KM. 159","municipality":"Huércal-Overa","province":"ALMERÍA","postalCode":"04600","schedule":"L-D: 24H","fuels":{"gasoline95":1.675,"diesel":1.779},"extra":{"saleType":"P","margin":"D","reportingType":"dm","ideess":"14754","idMunicipio":"329","idProvincia":"04","idCCAA":"01"}}},{"type":"Feature","geometry":{"type":"Point","coordinates":[-1.003139,37.629972]},"properties":{"id":"es-14763","source":"ES","brand":"PENINSULA CARTAGENA","address":"AVENIDA JUAN CARLOS I  EN  CARTAGENA, 91","municipality":"Cartagena","province":"MURCIA","postalCode":"30310","schedule":"L-D: 24H","fuels":{"gasoline95":1.697,"diesel":1.757},"extra":{"saleType":"P","margin":"D","reportingType":"dm","ideess":"14763","idMunicipio":"4571","idProvincia":"30","idCCAA":"14"}}},{"type":"Feature","geometry":{"type":"Point","coordinates":[-1.091111,37.641056]},"properties":{"id":"es-14821","source":"ES","brand":"BP OIL ESPAÑA","address":"PARAJE PARAJE MOLINO TIO JARAPA, 41","municipality":"Cartagena","province":"MURCIA","postalCode":"30396","schedule":"L-D: 06:00-22:00","fuels":{"gasoline95":1.775,"gasoline98":1.915,"diesel":1.879,"dieselPremium":1.969,"dieselB":1.339,"adblue":0.849},"extra":{"saleType":"P","margin":"D","reportingType":"dm","ideess":"14821","idMunicipio":"4571","idProvincia":"30","idCCAA":"14"}}},{"type":"Feature","geometry":{"type":"Point","coordinates":[-1.455222,37.775639]},"properties":{"id":"es-14882","source":"ES","brand":"SIERRA ESPUÑA TRADE","address":"CALLE OLIVO, 4","municipality":"Totana","province":"MURCIA","postalCode":"30850","schedule":"L-D: 24H","fuels":{"gasoline95":1.709,"diesel":1.849,"lpg":0.979,"adblue":0.999},"extra":{"saleType":"P","margin":"D","reportingType":"dm","ideess":"14882","idMunicipio":"4595","idProvincia":"30","idCCAA":"14"}}},{"type":"Feature","geometry":{"type":"Point","coordinates":[-1.068111,37.767056]},"properties":{"id":"es-15004","source":"ES","brand":"MOLGAS","address":"AUTOVIA A-30 KM. 170","municipality":"Fuente Álamo de Murcia","province":"MURCIA","postalCode":"30332","schedule":"L-D: 24H","fuels":{"cng":1.599,"lng":1.519},"extra":{"saleType":"P","margin":"D","reportingType":"dm","ideess":"15004","idMunicipio":"4576","idProvincia":"30","idCCAA":"14"}}},{"type":"Feature","geometry":{"type":"Point","coordinates":[-1.132361,37.946583]},"properties":{"id":"es-15070","source":"ES","brand":"PLENERGY","address":"CARRETERA RM-F4, COSTERA SUR KM. S/N","municipality":"Murcia","province":"MURCIA","postalCode":"30151","schedule":"L-D: 24H","fuels":{"gasoline95":1.689,"diesel":1.749},"extra":{"saleType":"P","margin":"D","reportingType":"dm","ideess":"15070","idMunicipio":"4585","idProvincia":"30","idCCAA":"14"}}},{"type":"Feature","geometry":{"type":"Point","coordinates":[-1.591611,37.410472]},"properties":{"id":"es-15168","source":"ES","brand":"PLENERGY","address":"CARRETERA DE LORCA KM. 36","municipality":"Águilas","province":"MURCIA","postalCode":"30880","schedule":"L-D: 24H","fuels":{"gasoline95":1.589,"diesel":1.729},"extra":{"saleType":"P","margin":"D","reportingType":"dm","ideess":"15168","idMunicipio":"4557","idProvincia":"30","idCCAA":"14"}}},{"type":"Feature","geometry":{"type":"Point","coordinates":[-1.398806,37.823056]},"properties":{"id":"es-15309","source":"ES","brand":"ALAZAN FRESH LINE S.L.","address":"AVENIDA ITALIA-SALINAS  EN  ALHAMA DE MURCI, 1","municipality":"Alhama de Murcia","province":"MURCIA","postalCode":"30840","schedule":"L-D: 24H","fuels":{"gasoline95Premium":1.56,"diesel":1.725},"extra":{"saleType":"P","margin":"D","reportingType":"dm","ideess":"15309","idMunicipio":"4563","idProvincia":"30","idCCAA":"14"}}},{"type":"Feature","geometry":{"type":"Point","coordinates":[-1.9305,37.169917]},"properties":{"id":"es-15365","source":"ES","brand":"COALTRANS S COOP AND","address":"CARRETERA NACIONAL 340 POLIGONO INDUSTRIAL EL APOLO KM. S/N","municipality":"Gallardos (Los)","province":"ALMERÍA","postalCode":"04280","schedule":"L-D: 24H","fuels":{"diesel":1.8,"adblue":0.8},"extra":{"saleType":"P","margin":"D","reportingType":"dm","ideess":"15365","idMunicipio":"324","idProvincia":"04","idCCAA":"01"}}},{"type":"Feature","geometry":{"type":"Point","coordinates":[-1.196139,37.952167]},"properties":{"id":"es-15366","source":"ES","brand":"SECOTRANS","address":"CALLE COLOMBIA -PG.IND  EN  ALCANTARILLA, 1706","municipality":"Alcantarilla","province":"MURCIA","postalCode":"30820","schedule":"L-D: 24H","fuels":{"gasoline95":1.519,"diesel":1.699,"adblue":0.75},"extra":{"saleType":"P","margin":"N","reportingType":"dm","ideess":"15366","idMunicipio":"4559","idProvincia":"30","idCCAA":"14"}}},{"type":"Feature","geometry":{"type":"Point","coordinates":[-1.507028,37.758583]},"properties":{"id":"es-15377","source":"ES","brand":"SIERRA ESPUÑA TRADE 2","address":"CARRETERA NAL. 340 S/N RAMBLA LAS PERAS KM. 613","municipality":"Totana","province":"MURCIA","postalCode":"30850","schedule":"L: 06:30-10:30","fuels":{"gasoline95":1.709,"diesel":1.849,"lpg":0.979,"adblue":0.999},"extra":{"saleType":"P","margin":"I","reportingType":"dm","ideess":"15377","idMunicipio":"4595","idProvincia":"30","idCCAA":"14"}}},{"type":"Feature","geometry":{"type":"Point","coordinates":[-1.217944,37.978333]},"properties":{"id":"es-15390","source":"ES","brand":"TRANSPORTES GREGORIO","address":"CALLE CANTABRIA  EN  ALCANTARILLA, 8","municipality":"Alcantarilla","province":"MURCIA","postalCode":"30820","schedule":"L-D: 24H","fuels":{"diesel":1.75},"extra":{"saleType":"P","margin":"D","reportingType":"dm","ideess":"15390","idMunicipio":"4559","idProvincia":"30","idCCAA":"14"}}},{"type":"Feature","geometry":{"type":"Point","coordinates":[-1.382167,37.870556]},"properties":{"id":"es-15406","source":"ES","brand":"PRIMAFRIO","address":"AUTOVIA DEL MEDITERRANEO KM. 596","municipality":"Alhama de Murcia","province":"MURCIA","postalCode":"30840","schedule":"L-D: 24H","fuels":{"gasoline95":1.969,"diesel":1.989,"dieselB":1.859},"extra":{"saleType":"P","margin":"D","reportingType":"dm","ideess":"15406","idMunicipio":"4563","idProvincia":"30","idCCAA":"14"}}},{"type":"Feature","geometry":{"type":"Point","coordinates":[-1.786667,37.585611]},"properties":{"id":"es-15542","source":"ES","brand":"GLOBAL TANK","address":"CARRETERA N 340, P.K. 580,89 AUTOVÍA DE CIRCUNVALACIÓN DE PUERTO LUMBRERAS KM. 648","municipality":"Puerto Lumbreras","province":"MURCIA","postalCode":"30890","schedule":"L-D: 24H","fuels":{"gasoline95":1.619,"diesel":1.719,"dieselPremium":1.749,"dieselB":1.449,"adblue":0.849},"extra":{"saleType":"P","margin":"D","reportingType":"dm","ideess":"15542","idMunicipio":"4588","idProvincia":"30","idCCAA":"14"}}},{"type":"Feature","geometry":{"type":"Point","coordinates":[-1.66425,37.361361]},"properties":{"id":"es-15608","source":"ES","brand":"MOEVE","address":"URBANIZACIÓN PARCELA T2, SECTOR S-RTU 5 ?CALAS DE PINAR?, S/N","municipality":"Pulpí","province":"ALMERÍA","postalCode":"04640","schedule":"L-D: 06:00-22:00","fuels":{"gasoline95":1.789,"gasoline95Premium":1.879,"diesel":1.889,"dieselPremium":2.009},"extra":{"saleType":"P","margin":"D","reportingType":"OM","ideess":"15608","idMunicipio":"352","idProvincia":"04","idCCAA":"01"}}},{"type":"Feature","geometry":{"type":"Point","coordinates":[-1.707028,37.656833]},"properties":{"id":"es-15699","source":"ES","brand":"BALLENOIL","address":"CALLE CAMINO VIEJO DEL PUERTO ESQ. CALLE ULLOA, S/N","municipality":"Lorca","province":"MURCIA","postalCode":"30800","schedule":"L-D: 24H","fuels":{"gasoline95":1.687,"diesel":1.785,"dieselPremium":1.805},"extra":{"saleType":"P","margin":"D","reportingType":"OM","ideess":"15699","idMunicipio":"4579","idProvincia":"30","idCCAA":"14"}}},{"type":"Feature","geometry":{"type":"Point","coordinates":[-1.650944,37.571917]},"properties":{"id":"es-15702","source":"ES","brand":"REPSOL","address":"AUTOVIA RM-11 KM. 13","municipality":"Lorca","province":"MURCIA","postalCode":"30813","schedule":"L-D: 06:00-23:00","fuels":{"gasoline95":1.769,"gasoline98":1.899,"diesel":1.909,"dieselPremium":1.989,"dieselB":1.639},"extra":{"saleType":"P","margin":"D","reportingType":"dm","ideess":"15702","idMunicipio":"4579","idProvincia":"30","idCCAA":"14"}}},{"type":"Feature","geometry":{"type":"Point","coordinates":[-1.203972,37.973389]},"properties":{"id":"es-15740","source":"ES","brand":"BALLENOIL","address":"AVENIDA MURCIA  EN  ALCANTARILLA, 15","municipality":"Alcantarilla","province":"MURCIA","postalCode":"30820","schedule":"L-D: 24H","fuels":{"gasoline95":1.695,"diesel":1.779,"dieselPremium":1.799},"extra":{"saleType":"P","margin":"D","reportingType":"OM","ideess":"15740","idMunicipio":"4559","idProvincia":"30","idCCAA":"14"}}},{"type":"Feature","geometry":{"type":"Point","coordinates":[-1.267861,37.572472]},"properties":{"id":"es-15793","source":"ES","brand":"BALLENOIL","address":"AVENIDA DEL DOCTOR MECA - PARCELA 6B, 6","municipality":"Mazarrón","province":"MURCIA","postalCode":"30860","schedule":"L-D: 24H","fuels":{"gasoline95":1.649,"diesel":1.719,"dieselPremium":1.749},"extra":{"saleType":"P","margin":"D","reportingType":"OM","ideess":"15793","idMunicipio":"4581","idProvincia":"30","idCCAA":"14"}}},{"type":"Feature","geometry":{"type":"Point","coordinates":[-1.11375,37.979778]},"properties":{"id":"es-15808","source":"ES","brand":"REPSOL","address":"CALLE RONDA SUR  EN  MURCIA, 60","municipality":"Murcia","province":"MURCIA","postalCode":"30011","schedule":"L: 06:30-22:30","fuels":{"gasoline95":1.769,"gasoline98":1.899,"diesel":1.909,"dieselPremium":1.989},"extra":{"saleType":"P","margin":"D","reportingType":"dm","ideess":"15808","idMunicipio":"4585","idProvincia":"30","idCCAA":"14"}}},{"type":"Feature","geometry":{"type":"Point","coordinates":[-1.139278,37.96925]},"properties":{"id":"es-15817","source":"ES","brand":"PLENERGY","address":"AVENIDA DE EL PALMAR, 54","municipality":"Murcia","province":"MURCIA","postalCode":"30010","schedule":"L-D: 24H","fuels":{"gasoline95":1.689,"diesel":1.749},"extra":{"saleType":"P","margin":"D","reportingType":"dm","ideess":"15817","idMunicipio":"4585","idProvincia":"30","idCCAA":"14"}}},{"type":"Feature","geometry":{"type":"Point","coordinates":[-1.922472,37.270556]},"properties":{"id":"es-15831","source":"ES","brand":"ISABEL ALONSO","address":"CARRETERA NACIONAL 340 KM. 537","municipality":"Antas","province":"ALMERÍA","postalCode":"04628","schedule":"L: 24H","fuels":{"gasoline95":1.551,"diesel":1.733,"dieselB":1.411,"adblue":0.709},"extra":{"saleType":"P","margin":"D","reportingType":"dm","ideess":"15831","idMunicipio":"295","idProvincia":"04","idCCAA":"01"}}},{"type":"Feature","geometry":{"type":"Point","coordinates":[-1.023694,37.809778]},"properties":{"id":"es-15892","source":"ES","brand":"TRUCK ENERGY Z,S.L.","address":"CALLE CIUDAD DEL TRANSPORTE, 9","municipality":"Torre-Pacheco","province":"MURCIA","postalCode":"30709","schedule":"L: 24H","fuels":{"diesel":1.819},"extra":{"saleType":"P","margin":"N","reportingType":"dm","ideess":"15892","idMunicipio":"4593","idProvincia":"30","idCCAA":"14"}}},{"type":"Feature","geometry":{"type":"Point","coordinates":[-1.447278,37.773139]},"properties":{"id":"es-15933","source":"ES","brand":"JPG PETROL","address":"CALLE GALILEO GALILEI, 12","municipality":"Totana","province":"MURCIA","postalCode":"30850","schedule":"L-D: 24H","fuels":{"gasoline95":1.669,"diesel":1.799},"extra":{"saleType":"P","margin":"D","reportingType":"dm","ideess":"15933","idMunicipio":"4595","idProvincia":"30","idCCAA":"14"}}},{"type":"Feature","geometry":{"type":"Point","coordinates":[-1.800694,37.575694]},"properties":{"id":"es-15944","source":"ES","brand":"MOLGAS","address":"AUTOVIA AUTOVIA DEL MEDITERRANEO KM. 649","municipality":"Murcia","province":"MURCIA","postalCode":"30830","schedule":"L-D: 00:00-23:59","fuels":{"cng":1.619,"lng":1.559},"extra":{"saleType":"P","margin":"D","reportingType":"dm","ideess":"15944","idMunicipio":"4585","idProvincia":"30","idCCAA":"14"}}},{"type":"Feature","geometry":{"type":"Point","coordinates":[-1.712694,37.655361]},"properties":{"id":"es-16018","source":"ES","brand":"PLENERGY","address":"CARRETERA DE GRANADA KM. 142","municipality":"Lorca","province":"MURCIA","postalCode":"30800","schedule":"L-D: 24H","fuels":{"gasoline95":1.687,"diesel":1.785},"extra":{"saleType":"P","margin":"D","reportingType":"dm","ideess":"16018","idMunicipio":"4579","idProvincia":"30","idCCAA":"14"}}},{"type":"Feature","geometry":{"type":"Point","coordinates":[-1.895944,37.151556]},"properties":{"id":"es-16027","source":"ES","brand":"SHELL","address":"CALLE CABRERA, 0","municipality":"Turre","province":"ALMERÍA","postalCode":"04369","schedule":"L-D: 06:30-22:30","fuels":{"gasoline95":1.778,"diesel":1.899,"dieselPremium":1.976,"lpg":1.15},"extra":{"saleType":"P","margin":"D","reportingType":"dm","ideess":"16027","idMunicipio":"371","idProvincia":"04","idCCAA":"01"}}},{"type":"Feature","geometry":{"type":"Point","coordinates":[-1.825583,37.184694]},"properties":{"id":"es-16079","source":"ES","brand":"PLENERGY","address":"AVENIDA ANDALUCIA, S/N","municipality":"Garrucha","province":"ALMERÍA","postalCode":"04630","schedule":"L-D: 24H","fuels":{"gasoline95":1.719,"diesel":1.789},"extra":{"saleType":"P","margin":"D","reportingType":"dm","ideess":"16079","idMunicipio":"325","idProvincia":"04","idCCAA":"01"}}},{"type":"Feature","geometry":{"type":"Point","coordinates":[-1.163722,37.942861]},"properties":{"id":"es-16158","source":"ES","brand":"REPOSTANDO","address":"CALLE LORCA,, 24","municipality":"Murcia","province":"MURCIA","postalCode":"30120","schedule":"L-D: 24H","fuels":{"gasoline95":1.599,"diesel":1.729},"extra":{"saleType":"P","margin":"N","reportingType":"dm","ideess":"16158","idMunicipio":"4585","idProvincia":"30","idCCAA":"14"}}},{"type":"Feature","geometry":{"type":"Point","coordinates":[-1.115417,37.995889]},"properties":{"id":"es-16167","source":"ES","brand":"BALLENOIL","address":"CALLE SAN ISIDRO - ESQ. CTRA. ALICANTE, 57","municipality":"Murcia","province":"MURCIA","postalCode":"30007","schedule":"L-D: 24H","fuels":{"gasoline95":1.689,"diesel":1.769,"dieselPremium":1.789},"extra":{"saleType":"P","margin":"N","reportingType":"OM","ideess":"16167","idMunicipio":"4585","idProvincia":"30","idCCAA":"14"}}},{"type":"Feature","geometry":{"type":"Point","coordinates":[-1.095944,37.824361]},"properties":{"id":"es-16168","source":"ES","brand":"GOLBAL OIL LOS MARTINEZ DEL PUERTO","address":"CALLE UA I, EL MERINO 2 6 PARCT6, 2","municipality":"Murcia","province":"MURCIA","postalCode":"30156","schedule":"L: 24H","fuels":{"gasoline95":1.595,"diesel":1.699},"extra":{"saleType":"P","margin":"D","reportingType":"dm","ideess":"16168","idMunicipio":"4585","idProvincia":"30","idCCAA":"14"}}},{"type":"Feature","geometry":{"type":"Point","coordinates":[-1.796333,37.574472]},"properties":{"id":"es-16186","source":"ES","brand":"BALLENOIL","address":"SECTOR PARCELA 2 DEL ÁMBITO DE REPARCELACIÓN DEL SECTOR P-2.1, SN","municipality":"Puerto Lumbreras","province":"MURCIA","postalCode":"30890","schedule":"L-D: 24H","fuels":{"gasoline95":1.687,"diesel":1.785,"dieselPremium":1.805},"extra":{"saleType":"P","margin":"N","reportingType":"OM","ideess":"16186","idMunicipio":"4588","idProvincia":"30","idCCAA":"14"}}},{"type":"Feature","geometry":{"type":"Point","coordinates":[-1.700389,37.638528]},"properties":{"id":"es-16193","source":"ES","brand":"PLENERGY","address":"AUTOVIA LORCA ÁGUILAS KM. 1850","municipality":"Lorca","province":"MURCIA","postalCode":"30813","schedule":"L-D: 24H","fuels":{"gasoline95":1.687,"diesel":1.785},"extra":{"saleType":"P","margin":"D","reportingType":"dm","ideess":"16193","idMunicipio":"4579","idProvincia":"30","idCCAA":"14"}}},{"type":"Feature","geometry":{"type":"Point","coordinates":[-1.115083,37.998361]},"properties":{"id":"es-16265","source":"ES","brand":"PLENERGY","address":"AVENIDA MARINA ESPAÑOLA, S/N","municipality":"Murcia","province":"MURCIA","postalCode":"30007","schedule":"L-D: 24H","fuels":{"gasoline95":1.689,"diesel":1.769},"extra":{"saleType":"P","margin":"D","reportingType":"dm","ideess":"16265","idMunicipio":"4585","idProvincia":"30","idCCAA":"14"}}},{"type":"Feature","geometry":{"type":"Point","coordinates":[-1.565972,37.409333]},"properties":{"id":"es-16312","source":"ES","brand":"BALLENOIL","address":"CALLE ANDRES SEGOVIA, 1","municipality":"Águilas","province":"MURCIA","postalCode":"30880","schedule":"L-D: 24H","fuels":{"gasoline95":1.549,"gasoline95Premium":1.566,"diesel":1.689,"dieselPremium":1.708},"extra":{"saleType":"P","margin":"N","reportingType":"OM","ideess":"16312","idMunicipio":"4557","idProvincia":"30","idCCAA":"14"}}},{"type":"Feature","geometry":{"type":"Point","coordinates":[-1.226278,37.970028]},"properties":{"id":"es-16398","source":"ES","brand":"BALLENOIL","address":"CALLE B UA3.10 POTROX 10 PARC. 10, 10","municipality":"Alcantarilla","province":"MURCIA","postalCode":"30820","schedule":"L-D: 24H","fuels":{"gasoline95":1.695,"gasoline95Premium":1.715,"diesel":1.779,"dieselPremium":1.799},"extra":{"saleType":"P","margin":"N","reportingType":"OM","ideess":"16398","idMunicipio":"4559","idProvincia":"30","idCCAA":"14"}}},{"type":"Feature","geometry":{"type":"Point","coordinates":[-1.002917,37.632917]},"properties":{"id":"es-16453","source":"ES","brand":"PLENERGY","address":"CALLE FLORIDABLANCA, 6","municipality":"Cartagena","province":"MURCIA","postalCode":"30310","schedule":"L-D: 24H","fuels":{"gasoline95":1.717,"diesel":1.797},"extra":{"saleType":"P","margin":"D","reportingType":"dm","ideess":"16453","idMunicipio":"4571","idProvincia":"30","idCCAA":"14"}}},{"type":"Feature","geometry":{"type":"Point","coordinates":[-1.007278,37.653333]},"properties":{"id":"es-2102","source":"ES","brand":"ESTACIÓN MADRID","address":"N-301A km 437","municipality":"Cartagena","province":"MURCIA","postalCode":"30319","schedule":"L-D: 24H","fuels":{"gasoline95":1.805,"gasoline98":1.935,"diesel":1.905,"dieselPremium":2.025},"extra":{"saleType":"P","margin":"N","reportingType":"dm","ideess":"2102","idMunicipio":"4571","idProvincia":"30","idCCAA":"14"}}},{"type":"Feature","geometry":{"type":"Point","coordinates":[-1.681694,37.682028]},"properties":{"id":"es-2104","source":"ES","brand":"EUROPA","address":"AVENIDA EUROPA  EN  LORCA, 58","municipality":"Lorca","province":"MURCIA","postalCode":"30800","schedule":"L-D: 24H","fuels":{"gasoline95":1.687,"gasoline98":1.787,"diesel":1.787,"dieselPremium":1.867,"adblue":0.837},"extra":{"saleType":"P","margin":"N","reportingType":"dm","ideess":"2104","idMunicipio":"4579","idProvincia":"30","idCCAA":"14"}}},{"type":"Feature","geometry":{"type":"Point","coordinates":[-1.293028,37.586917]},"properties":{"id":"es-2107","source":"ES","brand":"REPSOL","address":"N 332 km 36,15","municipality":"Mazarrón","province":"MURCIA","postalCode":"30870","schedule":"L: 06:30-22:30","fuels":{"gasoline95":1.769,"gasoline98":1.899,"diesel":1.919,"dieselPremium":1.999},"extra":{"saleType":"P","margin":"D","reportingType":"dm","ideess":"2107","idMunicipio":"4581","idProvincia":"30","idCCAA":"14"}}},{"type":"Feature","geometry":{"type":"Point","coordinates":[-1.156389,37.949556]},"properties":{"id":"es-2108","source":"ES","brand":"BP LOS ARCOS","address":"CARRETERA N-301A KM. 395,000","municipality":"Murcia","province":"MURCIA","postalCode":"30120","schedule":"L-D: 24H","fuels":{"gasoline95":1.785,"gasoline98":1.925,"diesel":1.919,"dieselPremium":2.009},"extra":{"saleType":"P","margin":"D","reportingType":"dm","ideess":"2108","idMunicipio":"4585","idProvincia":"30","idCCAA":"14"}}},{"type":"Feature","geometry":{"type":"Point","coordinates":[-1.489389,37.775778]},"properties":{"id":"es-2109","source":"ES","brand":"BP E.S. VILLASOL","address":"N-340 km 617,9","municipality":"Totana","province":"MURCIA","postalCode":"30850","schedule":"L-D: 06:00-23:00","fuels":{"gasoline95":1.769,"gasoline98":1.929,"diesel":1.949,"dieselPremium":2.019,"adblue":0.899},"extra":{"saleType":"P","margin":"D","reportingType":"dm","ideess":"2109","idMunicipio":"4595","idProvincia":"30","idCCAA":"14"}}},{"type":"Feature","geometry":{"type":"Point","coordinates":[-1.047083,37.716389]},"properties":{"id":"es-2111","source":"ES","brand":"E.S.MOLERO S.A.","address":"CALLE GENERAL MOSCARDO, 15","municipality":"Cartagena","province":"MURCIA","postalCode":"30330","schedule":"L: 06:30-22:30","fuels":{"gasoline95":1.695,"gasoline98":1.768,"diesel":1.817,"dieselPremium":1.817,"dieselB":1.554},"extra":{"saleType":"P","margin":"D","reportingType":"dm","ideess":"2111","idMunicipio":"4571","idProvincia":"30","idCCAA":"14"}}},{"type":"Feature","geometry":{"type":"Point","coordinates":[-1.107194,37.867139]},"properties":{"id":"es-2113","source":"ES","brand":"AIREMAR I","address":"SAN JAVIER km 1,2","municipality":"Murcia","province":"MURCIA","postalCode":"30153","schedule":"L-D: 06:00-22:00","fuels":{"gasoline95":1.698,"gasoline98":1.779,"diesel":1.768,"dieselPremium":1.798},"extra":{"saleType":"P","margin":"D","reportingType":"dm","ideess":"2113","idMunicipio":"4585","idProvincia":"30","idCCAA":"14"}}},{"type":"Feature","geometry":{"type":"Point","coordinates":[-1.164889,37.723667]},"properties":{"id":"es-2116","source":"ES","brand":"MOEVE","address":"CALLE ESPINA, S/N","municipality":"Fuente Álamo de Murcia","province":"MURCIA","postalCode":"30320","schedule":"L-D: 06:00-22:00","fuels":{"gasoline95":1.769,"gasoline95Premium":1.859,"diesel":1.899,"dieselPremium":1.979,"dieselB":1.689},"extra":{"saleType":"P","margin":"D","reportingType":"OM","ideess":"2116","idMunicipio":"4576","idProvincia":"30","idCCAA":"14"}}},{"type":"Feature","geometry":{"type":"Point","coordinates":[-1.657167,37.599778]},"properties":{"id":"es-2129","source":"ES","brand":"REPSOL","address":"CARRETERA CR C-3211 A KM. 69","municipality":"Lorca","province":"MURCIA","postalCode":"30800","schedule":"L-S: 06:30-22:00; D: 07:00-22:00","fuels":{"gasoline95":1.749,"diesel":1.905,"dieselRenewable":2.025},"extra":{"saleType":"P","margin":"D","reportingType":"OM","ideess":"2129","idMunicipio":"4579","idProvincia":"30","idCCAA":"14"}}},{"type":"Feature","geometry":{"type":"Point","coordinates":[-1.218583,37.928694]},"properties":{"id":"es-2131","source":"ES","brand":"REPSOL","address":"CR MU-603, 5,1 (MU-603 km 5,18)","municipality":"Murcia","province":"MURCIA","postalCode":"30833","schedule":"L-D: 06:00-22:00","fuels":{"gasoline95":1.759,"gasoline95Premium":1.809,"gasoline98":1.899,"diesel":1.929,"dieselB":1.739,"dieselRenewable":2.039,"adblue":1.209},"extra":{"saleType":"P","margin":"D","reportingType":"dm","ideess":"2131","idMunicipio":"4585","idProvincia":"30","idCCAA":"14"}}},{"type":"Feature","geometry":{"type":"Point","coordinates":[-1.218972,37.977028]},"properties":{"id":"es-2132","source":"ES","brand":"REPSOL","address":"CARRETERA TORRE DE COTILLAS KM. 0,2","municipality":"Alcantarilla","province":"MURCIA","postalCode":"30820","schedule":"L-D: 06:00-22:00","fuels":{"gasoline95":1.795,"gasoline98":1.915,"diesel":1.915,"dieselRenewable":2.035},"extra":{"saleType":"P","margin":"D","reportingType":"OM","ideess":"2132","idMunicipio":"4559","idProvincia":"30","idCCAA":"14"}}},{"type":"Feature","geometry":{"type":"Point","coordinates":[-1.0945,37.965528]},"properties":{"id":"es-2135","source":"ES","brand":"PETRONOR","address":"CARRETERA CAMINO DE TIÑOSA,45 KM. 1,4","municipality":"Murcia","province":"MURCIA","postalCode":"30011","schedule":"L: 06:00-22:00","fuels":{"gasoline95":1.805,"gasoline98":1.925,"diesel":1.925,"dieselRenewable":2.045},"extra":{"saleType":"P","margin":"I","reportingType":"OM","ideess":"2135","idMunicipio":"4585","idProvincia":"30","idCCAA":"14"}}},{"type":"Feature","geometry":{"type":"Point","coordinates":[-1.183306,37.952639]},"properties":{"id":"es-2136","source":"ES","brand":"CAMPSA EXPRESS","address":"PG INDTRL.OESTE S.GINES PARC., 29","municipality":"Murcia","province":"MURCIA","postalCode":"30120","schedule":"L-D: 24H","fuels":{"gasoline95":1.505,"gasoline98":1.675,"diesel":1.705,"dieselPremium":1.815},"extra":{"saleType":"P","margin":"D","reportingType":"OM","ideess":"2136","idMunicipio":"4585","idProvincia":"30","idCCAA":"14"}}},{"type":"Feature","geometry":{"type":"Point","coordinates":[-1.456361,37.5445]},"properties":{"id":"es-2137","source":"ES","brand":"REPSOL","address":"CARRETERA RM-332 KM. 50,294","municipality":"Lorca","province":"MURCIA","postalCode":"30876","schedule":"L-D: 07:00-22:00","fuels":{"gasoline95":1.779,"gasoline98":1.889,"diesel":1.899,"dieselPremium":1.979,"dieselB":1.609},"extra":{"saleType":"P","margin":"N","reportingType":"dm","ideess":"2137","idMunicipio":"4579","idProvincia":"30","idCCAA":"14"}}},{"type":"Feature","geometry":{"type":"Point","coordinates":[-1.924528,37.9995]},"properties":{"id":"es-2138","source":"ES","brand":"E.S LA ALMUDEMA","address":"CARRETERA CTRA. LORCA KM. 13,592","municipality":"Caravaca de la Cruz","province":"MURCIA","postalCode":"30410","schedule":"L: 07:00-22:00","fuels":{"gasoline95":1.675,"diesel":1.729,"dieselB":1.42},"extra":{"saleType":"P","margin":"I","reportingType":"dm","ideess":"2138","idMunicipio":"4570","idProvincia":"30","idCCAA":"14"}}},{"type":"Feature","geometry":{"type":"Point","coordinates":[-1.006444,37.614806]},"properties":{"id":"es-2139","source":"ES","brand":"RASPAOIL (SERV. ATENDIDO)","address":"CTRA. TENTEGORRA km 1,10","municipality":"Cartagena","province":"MURCIA","postalCode":"30200","schedule":"L-D: 06:00-23:59","fuels":{"gasoline95":1.549,"gasoline95Premium":1.549,"diesel":1.639,"dieselPremium":1.639,"lpg":1.027,"adblue":0.957},"extra":{"saleType":"P","margin":"N","reportingType":"dm","ideess":"2139","idMunicipio":"4571","idProvincia":"30","idCCAA":"14"}}},{"type":"Feature","geometry":{"type":"Point","coordinates":[-1.116583,37.991694]},"properties":{"id":"es-2143","source":"ES","brand":"REPSOL","address":"CARRETERA CN-340 KM. 665,00","municipality":"Murcia","province":"MURCIA","postalCode":"30006","schedule":"L-D: 24H","fuels":{"gasoline95":1.769,"gasoline98":1.899,"diesel":1.909,"dieselPremium":1.989},"extra":{"saleType":"P","margin":"D","reportingType":"dm","ideess":"2143","idMunicipio":"4585","idProvincia":"30","idCCAA":"14"}}},{"type":"Feature","geometry":{"type":"Point","coordinates":[-1.253528,37.957889]},"properties":{"id":"es-2148","source":"ES","brand":"BP LA PAZ","address":"CARRETERA E-15/A-7/N-340 KM. 648","municipality":"Murcia","province":"MURCIA","postalCode":"30835","schedule":"L-D: 24H","fuels":{"gasoline95":1.749,"gasoline98":1.889,"diesel":1.899,"dieselPremium":1.989,"adblue":1.265},"extra":{"saleType":"P","margin":"N","reportingType":"OM","ideess":"2148","idMunicipio":"4585","idProvincia":"30","idCCAA":"14"}}},{"type":"Feature","geometry":{"type":"Point","coordinates":[-1.479111,37.755889]},"properties":{"id":"es-2151","source":"ES","brand":"HNOS BAÑOS","address":"CARRETERA MAZARRON KM. 2","municipality":"Totana","province":"MURCIA","postalCode":"30850","schedule":"L-D: 24H","fuels":{"gasoline95":1.709,"gasoline98":1.879,"diesel":1.869,"dieselB":1.619,"adblue":0.98},"extra":{"saleType":"P","margin":"I","reportingType":"dm","ideess":"2151","idMunicipio":"4595","idProvincia":"30","idCCAA":"14"}}},{"type":"Feature","geometry":{"type":"Point","coordinates":[-1.130028,37.869944]},"properties":{"id":"es-2152","source":"ES","brand":"REPSOL","address":"CARRETERA N-301 KM. 410","municipality":"Murcia","province":"MURCIA","postalCode":"30155","schedule":"L-D: 24H","fuels":{"gasoline95":1.779,"gasoline98":1.909,"diesel":1.899,"dieselB":1.649,"dieselRenewable":2.039},"extra":{"saleType":"P","margin":"D","reportingType":"dm","ideess":"2152","idMunicipio":"4585","idProvincia":"30","idCCAA":"14"}}},{"type":"Feature","geometry":{"type":"Point","coordinates":[-1.752333,37.616972]},"properties":{"id":"es-2156","source":"ES","brand":"REPSOL","address":"POLIGONO P.I. SAPRELORCA, 00","municipality":"Lorca","province":"MURCIA","postalCode":"30800","schedule":"L-V: 06:00-22:00; S: 07:00-15:00","fuels":{"gasoline95":1.755,"gasoline98":1.875,"diesel":1.905,"dieselRenewable":2.025},"extra":{"saleType":"P","margin":"D","reportingType":"OM","ideess":"2156","idMunicipio":"4579","idProvincia":"30","idCCAA":"14"}}},{"type":"Feature","geometry":{"type":"Point","coordinates":[-1.758139,37.608528]},"properties":{"id":"es-2158","source":"ES","brand":"REPSOL","address":"CR N-340, 584","municipality":"Lorca","province":"MURCIA","postalCode":"30800","schedule":"L-D: 24H","fuels":{"gasoline95":1.795,"gasoline98":1.915,"diesel":1.935,"dieselRenewable":2.055},"extra":{"saleType":"P","margin":"D","reportingType":"OM","ideess":"2158","idMunicipio":"4579","idProvincia":"30","idCCAA":"14"}}},{"type":"Feature","geometry":{"type":"Point","coordinates":[-1.615556,37.388889]},"properties":{"id":"es-2162","source":"ES","brand":"ANIBAL","address":"CARRETERA CARRETERA NACIONAL 332 KM. 3,37","municipality":"Águilas","province":"MURCIA","postalCode":"30880","schedule":"L: 07:00-22:00","fuels":{"gasoline95":1.679,"gasoline98":1.859,"diesel":1.839,"dieselPremium":1.939,"dieselB":1.565,"lpg":0.997,"adblue":0.947},"extra":{"saleType":"P","margin":"D","reportingType":"dm","ideess":"2162","idMunicipio":"4557","idProvincia":"30","idCCAA":"14"}}},{"type":"Feature","geometry":{"type":"Point","coordinates":[-1.238083,37.580278]},"properties":{"id":"es-2169","source":"ES","brand":"REPSOL","address":"CARRETERA N-332 KM. 30,2","municipality":"Mazarrón","province":"MURCIA","postalCode":"30868","schedule":"L-D: 07:00-23:00","fuels":{"gasoline95":1.755,"gasoline98":1.875,"diesel":1.885,"dieselRenewable":2.005,"lpg":1.105},"extra":{"saleType":"P","margin":"I","reportingType":"OM","ideess":"2169","idMunicipio":"4581","idProvincia":"30","idCCAA":"14"}}},{"type":"Feature","geometry":{"type":"Point","coordinates":[-1.268889,37.938583]},"properties":{"id":"es-2171","source":"ES","brand":"REPSOL","address":"CR N-340  A, 646","municipality":"Murcia","province":"MURCIA","postalCode":"30835","schedule":"L-D: 06:00-22:00","fuels":{"gasoline95":1.775,"gasoline98":1.895,"diesel":1.895,"dieselB":1.686,"dieselRenewable":2.015},"extra":{"saleType":"P","margin":"D","reportingType":"OM","ideess":"2171","idMunicipio":"4585","idProvincia":"30","idCCAA":"14"}}},{"type":"Feature","geometry":{"type":"Point","coordinates":[-1.175528,37.938639]},"properties":{"id":"es-2172","source":"ES","brand":"REPSOL","address":"CARRETERA DE CARTAGENA KM. 401,2","municipality":"Murcia","province":"MURCIA","postalCode":"30120","schedule":"L-D: 24H","fuels":{"gasoline95":1.795,"gasoline98":1.915,"diesel":1.909,"dieselRenewable":2.029},"extra":{"saleType":"P","margin":"D","reportingType":"OM","ideess":"2172","idMunicipio":"4585","idProvincia":"30","idCCAA":"14"}}},{"type":"Feature","geometry":{"type":"Point","coordinates":[-1.670111,37.622361]},"properties":{"id":"es-2173","source":"ES","brand":"REPSOL","address":"CARRETERA RM-621 (DIPUTACIÓN CAMPILLO) KM. 64","municipality":"Lorca","province":"MURCIA","postalCode":"30800","schedule":"L-V: 07:00-22:00; S: 07:00-14:00","fuels":{"gasoline95":1.749,"gasoline98":1.869,"diesel":1.905,"dieselRenewable":2.025},"extra":{"saleType":"P","margin":"D","reportingType":"OM","ideess":"2173","idMunicipio":"4579","idProvincia":"30","idCCAA":"14"}}},{"type":"Feature","geometry":{"type":"Point","coordinates":[-1.662778,37.689722]},"properties":{"id":"es-2174","source":"ES","brand":"REPSOL","address":"CARRETERA N-340 A, 599,5 KM. 599,5","municipality":"Lorca","province":"MURCIA","postalCode":"30800","schedule":"L-D: 06:00-22:00","fuels":{"gasoline95":1.745,"gasoline98":1.865,"diesel":1.909,"dieselRenewable":2.029},"extra":{"saleType":"P","margin":"D","reportingType":"OM","ideess":"2174","idMunicipio":"4579","idProvincia":"30","idCCAA":"14"}}},{"type":"Feature","geometry":{"type":"Point","coordinates":[-1.184222,37.936639]},"properties":{"id":"es-2178","source":"ES","brand":"CAMPSA EXPRESS","address":"CARRETERA MU603 KM. 2","municipality":"Murcia","province":"MURCIA","postalCode":"30120","schedule":"L-D: 24H","fuels":{"gasoline95":1.505,"gasoline98":1.675,"diesel":1.705,"dieselPremium":1.815},"extra":{"saleType":"P","margin":"I","reportingType":"OM","ideess":"2178","idMunicipio":"4585","idProvincia":"30","idCCAA":"14"}}},{"type":"Feature","geometry":{"type":"Point","coordinates":[-1.590833,37.712917]},"properties":{"id":"es-2179","source":"ES","brand":"REPSOL","address":"CARRETERA NACIONAL.340. KM. 117","municipality":"Lorca","province":"MURCIA","postalCode":"30816","schedule":"L-D: 06:00-22:00","fuels":{"gasoline95":1.745,"gasoline98":1.865,"diesel":1.909,"dieselRenewable":2.029},"extra":{"saleType":"P","margin":"I","reportingType":"OM","ideess":"2179","idMunicipio":"4579","idProvincia":"30","idCCAA":"14"}}},{"type":"Feature","geometry":{"type":"Point","coordinates":[-1.064222,37.977194]},"properties":{"id":"es-2181","source":"ES","brand":"REPSOL","address":"CARRETERA SAN JAVIER KM. 45","municipality":"Murcia","province":"MURCIA","postalCode":"30579","schedule":"L: 06:30-22:30","fuels":{"gasoline95":1.769,"gasoline95Premium":1.799,"gasoline98":1.899,"diesel":1.909,"dieselPremium":1.989},"extra":{"saleType":"P","margin":"I","reportingType":"dm","ideess":"2181","idMunicipio":"4585","idProvincia":"30","idCCAA":"14"}}},{"type":"Feature","geometry":{"type":"Point","coordinates":[-1.133,37.946472]},"properties":{"id":"es-2184","source":"ES","brand":"REPSOL","address":"CARRERA SANTA CATALINA, 2","municipality":"Murcia","province":"MURCIA","postalCode":"30150","schedule":"L-D: 06:00-22:00","fuels":{"gasoline95":1.769,"gasoline98":1.899,"diesel":1.909,"dieselPremium":1.989},"extra":{"saleType":"P","margin":"I","reportingType":"dm","ideess":"2184","idMunicipio":"4585","idProvincia":"30","idCCAA":"14"}}},{"type":"Feature","geometry":{"type":"Point","coordinates":[-1.131667,37.779028]},"properties":{"id":"es-2185","source":"ES","brand":"REPSOL","address":"CARRETERA FUENTE ALAMO KM. 7","municipality":"Murcia","province":"MURCIA","postalCode":"30153","schedule":"L-D: 06:00-22:00","fuels":{"gasoline95":1.729,"gasoline98":1.859,"diesel":1.899,"dieselB":1.649},"extra":{"saleType":"P","margin":"I","reportingType":"dm","ideess":"2185","idMunicipio":"4585","idProvincia":"30","idCCAA":"14"}}},{"type":"Feature","geometry":{"type":"Point","coordinates":[-1.681194,37.671361]},"properties":{"id":"es-2187","source":"ES","brand":"PETRONOR","address":"CARRETERA DE LA PULGARA, 130 KM. 10,4","municipality":"Lorca","province":"MURCIA","postalCode":"30800","schedule":"L-S: 06:00-22:00; D: 06:30-14:30","fuels":{"gasoline95":1.759,"gasoline98":1.889,"diesel":1.909,"dieselPremium":2.029,"dieselB":1.629},"extra":{"saleType":"P","margin":"D","reportingType":"dm","ideess":"2187","idMunicipio":"4579","idProvincia":"30","idCCAA":"14"}}},{"type":"Feature","geometry":{"type":"Point","coordinates":[-1.133472,37.976583]},"properties":{"id":"es-2189","source":"ES","brand":"REPSOL","address":"PLAZA INGENIERO JUAN DE LA CIERVA, 3","municipality":"Murcia","province":"MURCIA","postalCode":"30002","schedule":"L-D: 24H","fuels":{"gasoline95":1.805,"gasoline98":1.925,"diesel":1.925,"dieselPremium":1.985},"extra":{"saleType":"P","margin":"N","reportingType":"OM","ideess":"2189","idMunicipio":"4585","idProvincia":"30","idCCAA":"14"}}},{"type":"Feature","geometry":{"type":"Point","coordinates":[-1.078528,37.858056]},"properties":{"id":"es-2191","source":"ES","brand":"LA HITA-EL VALLE","address":"CARRETERA AUTOVIA DEL MAR MENOR- CR C-3319 KM 4,1 KM. 4,1","municipality":"Murcia","province":"MURCIA","postalCode":"30155","schedule":"L-D: 06:30-22:30","fuels":{"gasoline95":1.668,"gasoline95Premium":1.668,"diesel":1.768,"dieselPremium":1.768,"adblue":1.098},"extra":{"saleType":"P","margin":"D","reportingType":"dm","ideess":"2191","idMunicipio":"4585","idProvincia":"30","idCCAA":"14"}}},{"type":"Feature","geometry":{"type":"Point","coordinates":[-1.123556,37.74675]},"properties":{"id":"es-2194","source":"ES","brand":"EL MARINO","address":"E-12 km 5,7","municipality":"Fuente Álamo de Murcia","province":"MURCIA","postalCode":"30320","schedule":"L: 06:00-22:00","fuels":{"gasoline95":1.739,"diesel":1.879,"dieselPremium":1.969,"dieselB":1.589,"lpg":1.079},"extra":{"saleType":"P","margin":"I","reportingType":"dm","ideess":"2194","idMunicipio":"4576","idProvincia":"30","idCCAA":"14"}}},{"type":"Feature","geometry":{"type":"Point","coordinates":[-1.175556,37.950417]},"properties":{"id":"es-2196","source":"ES","brand":"MOEVE","address":"CARRETERA MU-611 KM. 3","municipality":"Murcia","province":"MURCIA","postalCode":"30169","schedule":"L-V: 06:00-22:00; S-D: 07:00-22:00","fuels":{"gasoline95":1.779,"gasoline95Premium":1.839,"gasoline98":1.869,"diesel":1.899,"dieselPremium":1.979},"extra":{"saleType":"P","margin":"I","reportingType":"OM","ideess":"2196","idMunicipio":"4585","idProvincia":"30","idCCAA":"14"}}},{"type":"Feature","geometry":{"type":"Point","coordinates":[-1.106861,37.843167]},"properties":{"id":"es-2198","source":"ES","brand":"MOEVE","address":"AUTOVIA A-30 KM. 413,9","municipality":"Murcia","province":"MURCIA","postalCode":"30155","schedule":"L-D: 06:00-22:00","fuels":{"gasoline95":1.779,"gasoline95Premium":1.879,"diesel":1.889,"dieselPremium":1.969},"extra":{"saleType":"P","margin":"D","reportingType":"OM","ideess":"2198","idMunicipio":"4585","idProvincia":"30","idCCAA":"14"}}},{"type":"Feature","geometry":{"type":"Point","coordinates":[-1.516028,37.782194]},"properties":{"id":"es-2200","source":"ES","brand":"E.S. LA SANTA","address":"CARRETERA MU502 KM. 1,9","municipality":"Totana","province":"MURCIA","postalCode":"30850","schedule":"L: 6:30-22:00","fuels":{"gasoline95":1.759,"diesel":1.899,"dieselPremium":1.999,"dieselB":1.599},"extra":{"saleType":"P","margin":"D","reportingType":"dm","ideess":"2200","idMunicipio":"4595","idProvincia":"30","idCCAA":"14"}}},{"type":"Feature","geometry":{"type":"Point","coordinates":[-1.711778,37.655111]},"properties":{"id":"es-2204","source":"ES","brand":"MOEVE","address":"CARRETERA N-340A KM. 590,8","municipality":"Lorca","province":"MURCIA","postalCode":"30800","schedule":"L-D: 06:00-22:00","fuels":{"gasoline95":1.759,"gasoline95Premium":1.849,"diesel":1.909,"dieselPremium":1.989},"extra":{"saleType":"P","margin":"D","reportingType":"OM","ideess":"2204","idMunicipio":"4579","idProvincia":"30","idCCAA":"14"}}},{"type":"Feature","geometry":{"type":"Point","coordinates":[-1.118056,37.990361]},"properties":{"id":"es-2205","source":"ES","brand":"CEPSA","address":"AVENIDA PRIMERO DE MAYO, PARCELA 7, POLIGONO 1-A, 7","municipality":"Murcia","province":"MURCIA","postalCode":"30006","schedule":"L-D: 06:30-22:30","fuels":{"gasoline95":1.779,"gasoline95Premium":1.869,"diesel":1.899,"dieselPremium":1.979},"extra":{"saleType":"P","margin":"D","reportingType":"OM","ideess":"2205","idMunicipio":"4585","idProvincia":"30","idCCAA":"14"}}},{"type":"Feature","geometry":{"type":"Point","coordinates":[-1.360389,37.885556]},"properties":{"id":"es-2206","source":"ES","brand":"BP","address":"CARRETERA N-340 KM. 309,8","municipality":"Librilla","province":"MURCIA","postalCode":"30892","schedule":"L-D: 24H","fuels":{"gasoline95":1.739,"gasoline98":1.879,"diesel":1.885,"dieselPremium":1.975,"adblue":0.97},"extra":{"saleType":"P","margin":"I","reportingType":"dm","ideess":"2206","idMunicipio":"4578","idProvincia":"30","idCCAA":"14"}}},{"type":"Feature","geometry":{"type":"Point","coordinates":[-1.611306,37.704306]},"properties":{"id":"es-4135","source":"ES","brand":"RASPA-OIL (SERV. ATENDIDO)","address":"POLIGONO INDUSTRIAL DE LA HOYA PARCELA E6","municipality":"Lorca","province":"MURCIA","postalCode":"30800","schedule":"L-D: 24H","fuels":{"gasoline95":1.667,"gasoline95Premium":1.667,"diesel":1.767,"dieselPremium":1.767,"lpg":0.977,"adblue":0.707},"extra":{"saleType":"P","margin":"N","reportingType":"dm","ideess":"4135","idMunicipio":"4579","idProvincia":"30","idCCAA":"14"}}},{"type":"Feature","geometry":{"type":"Point","coordinates":[-1.007556,37.635278]},"properties":{"id":"es-4139","source":"ES","brand":"E.S. MOLERO S.A.","address":"CALLE SAN JUAN BOSCO ( LOS DOLORES), S/N","municipality":"Cartagena","province":"MURCIA","postalCode":"30310","schedule":"L: 06:30-23:00","fuels":{"gasoline95":1.695,"gasoline95Premium":1.725,"gasoline98":1.786,"diesel":1.817,"dieselPremium":1.817,"adblue":0.99},"extra":{"saleType":"P","margin":"I","reportingType":"dm","ideess":"4139","idMunicipio":"4571","idProvincia":"30","idCCAA":"14"}}},{"type":"Feature","geometry":{"type":"Point","coordinates":[-1.726417,37.641889]},"properties":{"id":"es-4143","source":"ES","brand":"ANDAMUR \"LORCA\"","address":"CARRETERA NACIONAL KM. 588","municipality":"Lorca","province":"MURCIA","postalCode":"30817","schedule":"L-D: 24H","fuels":{"gasoline95":1.698,"gasoline98":1.859,"diesel":1.798,"dieselB":1.728,"adblue":0.924},"extra":{"saleType":"P","margin":"I","reportingType":"dm","ideess":"4143","idMunicipio":"4579","idProvincia":"30","idCCAA":"14"}}},{"type":"Feature","geometry":{"type":"Point","coordinates":[-1.005889,37.614944]},"properties":{"id":"es-4145","source":"ES","brand":"PLENERGY","address":"CARRETERA TENTEGORRA KM. 1","municipality":"Cartagena","province":"MURCIA","postalCode":"30205","schedule":"L-D: 24H","fuels":{"gasoline95":1.589,"diesel":1.679},"extra":{"saleType":"P","margin":"D","reportingType":"dm","ideess":"4145","idMunicipio":"4571","idProvincia":"30","idCCAA":"14"}}},{"type":"Feature","geometry":{"type":"Point","coordinates":[-1.179,37.939]},"properties":{"id":"es-4146","source":"ES","brand":"GASOLEO EXPRESS (NICOLAS Y RIQUELME SL)","address":"CTRA. DE MAZARRON (MU-302 km 2)","municipality":"Murcia","province":"MURCIA","postalCode":"30120","schedule":"L: 06:00-22:00","fuels":{"gasoline95":1.599,"gasoline95Premium":1.659,"diesel":1.749,"dieselPremium":1.809,"dieselB":1.489,"adblue":0.95},"extra":{"saleType":"P","margin":"N","reportingType":"dm","ideess":"4146","idMunicipio":"4585","idProvincia":"30","idCCAA":"14"}}},{"type":"Feature","geometry":{"type":"Point","coordinates":[-1.000722,37.61575]},"properties":{"id":"es-4148","source":"ES","brand":"SHELL","address":"CALLE SEBASTIAN FERINGAN, S/N","municipality":"Cartagena","province":"MURCIA","postalCode":"30205","schedule":"L-D: 07:00-23:00","fuels":{"gasoline95":1.779,"gasoline98":1.919,"diesel":1.889,"dieselPremium":1.999},"extra":{"saleType":"P","margin":"D","reportingType":"dm","ideess":"4148","idMunicipio":"4571","idProvincia":"30","idCCAA":"14"}}},{"type":"Feature","geometry":{"type":"Point","coordinates":[-1.22975,37.975083]},"properties":{"id":"es-4157","source":"ES","brand":"REPSOL","address":"AVENIDA CRISTO YACENTE  EN  ALCANTARILLA, 26","municipality":"Alcantarilla","province":"MURCIA","postalCode":"30820","schedule":"L-D: 06:00-22:00","fuels":{"gasoline95":1.779,"gasoline98":1.909,"diesel":1.919,"dieselRenewable":2.019,"lpg":1.069,"adblue":0.999},"extra":{"saleType":"P","margin":"N","reportingType":"dm","ideess":"4157","idMunicipio":"4559","idProvincia":"30","idCCAA":"14"}}},{"type":"Feature","geometry":{"type":"Point","coordinates":[-1.15775,37.936583]},"properties":{"id":"es-4159","source":"ES","brand":"REPSOL","address":"AVENIDA 1º DE MAYO,, 21","municipality":"Murcia","province":"MURCIA","postalCode":"30006","schedule":"L-D: 06:30-22:30","fuels":{"gasoline95":1.809,"gasoline95Premium":1.879,"diesel":1.909,"dieselRenewable":2.029},"extra":{"saleType":"P","margin":"I","reportingType":"dm","ideess":"4159","idMunicipio":"4585","idProvincia":"30","idCCAA":"14"}}},{"type":"Feature","geometry":{"type":"Point","coordinates":[-1.138889,37.998083]},"properties":{"id":"es-4160","source":"ES","brand":"REPSOL","address":"AVENIDA AVENIDA DE LOS PINOS, 4","municipality":"Murcia","province":"MURCIA","postalCode":"30009","schedule":"L-D: 07:00-23:00","fuels":{"gasoline95":1.769,"gasoline98":1.909,"diesel":1.899,"dieselRenewable":1.979,"lpg":1.099,"adblue":0.889},"extra":{"saleType":"P","margin":"D","reportingType":"dm","ideess":"4160","idMunicipio":"4585","idProvincia":"30","idCCAA":"14"}}},{"type":"Feature","geometry":{"type":"Point","coordinates":[-1.1585,37.96775]},"properties":{"id":"es-4161","source":"ES","brand":"REPSOL","address":"CAMINO CAMINO DEL BADEN, 174","municipality":"Murcia","province":"MURCIA","postalCode":"30168","schedule":"L-D: 06:30-22:30","fuels":{"gasoline95":1.789,"gasoline98":1.919,"diesel":1.899,"dieselRenewable":1.999},"extra":{"saleType":"P","margin":"D","reportingType":"dm","ideess":"4161","idMunicipio":"4585","idProvincia":"30","idCCAA":"14"}}},{"type":"Feature","geometry":{"type":"Point","coordinates":[-1.342639,37.624556]},"properties":{"id":"es-4169","source":"ES","brand":"BP EL ALGARROBO","address":"AUTOVIA RM-3 SALIDA 22 KM. 49","municipality":"Mazarrón","province":"MURCIA","postalCode":"30870","schedule":"L-D: 24H","fuels":{"gasoline95":1.739,"gasoline98":1.879,"diesel":1.885,"dieselPremium":1.975,"dieselB":1.589,"adblue":1.235},"extra":{"saleType":"P","margin":"D","reportingType":"OM","ideess":"4169","idMunicipio":"4581","idProvincia":"30","idCCAA":"14"}}},{"type":"Feature","geometry":{"type":"Point","coordinates":[-1.003056,37.638861]},"properties":{"id":"es-4174","source":"ES","brand":"REPSOL","address":"CARRETERA 03 KM. ","municipality":"Cartagena","province":"MURCIA","postalCode":"30310","schedule":"L-S: 06:00-21:00","fuels":{"gasoline95":1.795,"diesel":1.885},"extra":{"saleType":"P","margin":"I","reportingType":"OM","ideess":"4174","idMunicipio":"4571","idProvincia":"30","idCCAA":"14"}}},{"type":"Feature","geometry":{"type":"Point","coordinates":[-1.593833,37.416333]},"properties":{"id":"es-4175","source":"ES","brand":"BP TRUCKSTOP AGUILAS","address":"CARRETERA DE CIRCUNVALACIÓN, S/N KM. ","municipality":"Águilas","province":"MURCIA","postalCode":"30880","schedule":"L-D: 06:30-22:30","fuels":{"gasoline95":1.753,"gasoline98":1.899,"diesel":1.899,"dieselPremium":1.994,"dieselB":1.619,"lpg":0.999,"adblue":0.8},"extra":{"saleType":"P","margin":"N","reportingType":"dm","ideess":"4175","idMunicipio":"4557","idProvincia":"30","idCCAA":"14"}}},{"type":"Feature","geometry":{"type":"Point","coordinates":[-1.117194,37.942056]},"properties":{"id":"es-4178","source":"ES","brand":"REPSOL","address":"AVENIDA DE LA ALBERCA  EN  ALGEZARES, 4","municipality":"Murcia","province":"MURCIA","postalCode":"30157","schedule":"L-D: 06:00-22:00","fuels":{"gasoline95":1.769,"gasoline98":1.899,"diesel":1.889,"dieselPremium":1.949},"extra":{"saleType":"P","margin":"N","reportingType":"dm","ideess":"4178","idMunicipio":"4585","idProvincia":"30","idCCAA":"14"}}},{"type":"Feature","geometry":{"type":"Point","coordinates":[-1.513306,37.985472]},"properties":{"id":"es-4179","source":"ES","brand":"SUMINISTROS PLIEGO S.L","address":"CARRETERA CARRETERA DE LORCA KM 0.600 KM. ","municipality":"Pliego","province":"MURCIA","postalCode":"30176","schedule":"L: 06:30-22:30","fuels":{"gasoline95":1.629,"diesel":1.729,"dieselPremium":1.759,"dieselB":1.369,"adblue":0.95},"extra":{"saleType":"P","margin":"N","reportingType":"dm","ideess":"4179","idMunicipio":"4587","idProvincia":"30","idCCAA":"14"}}},{"type":"Feature","geometry":{"type":"Point","coordinates":[-1.108583,37.990778]},"properties":{"id":"es-4180","source":"ES","brand":"GALP","address":"CALLE MAYOR, 12","municipality":"Murcia","province":"MURCIA","postalCode":"30006","schedule":"L-V: 06:00-22:00; S-D: 07:00-22:00","fuels":{"gasoline95":1.719,"gasoline98":1.839,"diesel":1.829,"dieselPremium":1.949},"extra":{"saleType":"P","margin":"N","reportingType":"dm","ideess":"4180","idMunicipio":"4585","idProvincia":"30","idCCAA":"14"}}},{"type":"Feature","geometry":{"type":"Point","coordinates":[-1.098861,37.982083]},"properties":{"id":"es-4182","source":"ES","brand":"PLENERGY","address":"AVENIDA REGION MURCIANA, 142","municipality":"Murcia","province":"MURCIA","postalCode":"30011","schedule":"L-D: 24H","fuels":{"gasoline95":1.689,"diesel":1.769},"extra":{"saleType":"P","margin":"D","reportingType":"dm","ideess":"4182","idMunicipio":"4585","idProvincia":"30","idCCAA":"14"}}},{"type":"Feature","geometry":{"type":"Point","coordinates":[-1.209778,37.959028]},"properties":{"id":"es-4188","source":"ES","brand":"REPSOL","address":"AVENIDA DE LAS AMERICAS PARCELA 2/4 - POLIGONO INDU, SN","municipality":"Alcantarilla","province":"MURCIA","postalCode":"30820","schedule":"L-V: 06:00-22:00; S: 07:00-15:00","fuels":{"gasoline95":1.799,"gasoline98":1.929,"diesel":1.909,"dieselPremium":2.039},"extra":{"saleType":"P","margin":"D","reportingType":"dm","ideess":"4188","idMunicipio":"4559","idProvincia":"30","idCCAA":"14"}}},{"type":"Feature","geometry":{"type":"Point","coordinates":[-1.134583,37.960306]},"properties":{"id":"es-4189","source":"ES","brand":"SHELL","address":"C/ PROLONGACION CARRIL DE LA IGLESIA, S/N km CENTRO COMERCIAL M","municipality":"Murcia","province":"MURCIA","postalCode":"30012","schedule":"L-D: 00:00-23:59","fuels":{"gasoline95":1.679,"gasoline98":1.879,"diesel":1.749,"dieselPremium":1.849},"extra":{"saleType":"P","margin":"N","reportingType":"OM","ideess":"4189","idMunicipio":"4585","idProvincia":"30","idCCAA":"14"}}},{"type":"Feature","geometry":{"type":"Point","coordinates":[-1.111944,37.992639]},"properties":{"id":"es-4190","source":"ES","brand":"CARREFOUR","address":"CALLE MOLINA DE SEGURA, S/N","municipality":"Murcia","province":"MURCIA","postalCode":"30007","schedule":"L-S: 08:00-22:00; D: 09:00-21:00","fuels":{"gasoline95":1.729,"gasoline98":1.879,"diesel":1.889,"dieselPremium":1.929},"extra":{"saleType":"P","margin":"N","reportingType":"dm","ideess":"4190","idMunicipio":"4585","idProvincia":"30","idCCAA":"14"}}},{"type":"Feature","geometry":{"type":"Point","coordinates":[-1.800833,37.575694]},"properties":{"id":"es-4193","source":"ES","brand":"MOEVE","address":"CARRETERA N-340 KM. 583,2","municipality":"Puerto Lumbreras","province":"MURCIA","postalCode":"30890","schedule":"L-D: 24H","fuels":{"gasoline95":1.759,"diesel":1.909,"dieselPremium":1.989,"dieselRenewable":2.059},"extra":{"saleType":"P","margin":"I","reportingType":"OM","ideess":"4193","idMunicipio":"4588","idProvincia":"30","idCCAA":"14"}}},{"type":"Feature","geometry":{"type":"Point","coordinates":[-1.082,37.999806]},"properties":{"id":"es-4198","source":"ES","brand":"REPSOL","address":"CR L-2F *PUENTE TOCINOS*, 5","municipality":"Murcia","province":"MURCIA","postalCode":"30015","schedule":"L-D: 06:00-22:00","fuels":{"gasoline95":1.795,"gasoline95Premium":1.865,"gasoline98":1.915,"diesel":1.899,"dieselRenewable":2.019},"extra":{"saleType":"P","margin":"D","reportingType":"OM","ideess":"4198","idMunicipio":"4585","idProvincia":"30","idCCAA":"14"}}},{"type":"Feature","geometry":{"type":"Point","coordinates":[-1.752222,37.616944]},"properties":{"id":"es-4207","source":"ES","brand":"REPSOL","address":"CARRETERA N-340 KM. 585,2","municipality":"Lorca","province":"MURCIA","postalCode":"30800","schedule":"L-D: 06:00-22:00","fuels":{"gasoline95":1.795,"gasoline98":1.915,"diesel":1.935,"dieselRenewable":2.055},"extra":{"saleType":"P","margin":"I","reportingType":"OM","ideess":"4207","idMunicipio":"4579","idProvincia":"30","idCCAA":"14"}}},{"type":"Feature","geometry":{"type":"Point","coordinates":[-1.028361,37.996194]},"properties":{"id":"es-4215","source":"ES","brand":"CEPSA LOS RAMOS","address":"CARRETERA SAN JAVIER KM. 10,4","municipality":"Murcia","province":"MURCIA","postalCode":"30589","schedule":"L-D: 06:00-22:00","fuels":{"gasoline95":1.767,"gasoline98":1.909,"diesel":1.927,"dieselPremium":2.069},"extra":{"saleType":"P","margin":"N","reportingType":"dm","ideess":"4215","idMunicipio":"4585","idProvincia":"30","idCCAA":"14"}}},{"type":"Feature","geometry":{"type":"Point","coordinates":[-1.119639,37.990778]},"properties":{"id":"es-4220","source":"ES","brand":"BP","address":"AVENIDA RONDA LEVANTE, SN","municipality":"Murcia","province":"MURCIA","postalCode":"30008","schedule":"L-D: 06:00-22:00","fuels":{"gasoline95":1.769,"gasoline98":1.909,"diesel":1.889,"dieselPremium":1.981},"extra":{"saleType":"P","margin":"I","reportingType":"dm","ideess":"4220","idMunicipio":"4585","idProvincia":"30","idCCAA":"14"}}},{"type":"Feature","geometry":{"type":"Point","coordinates":[-1.069333,37.767583]},"properties":{"id":"es-4221","source":"ES","brand":"REPSOL","address":"AUTOVIA A-30 KM. 172","municipality":"Fuente Álamo de Murcia","province":"MURCIA","postalCode":"30332","schedule":"L-D: 24H","fuels":{"gasoline95":1.799,"gasoline98":1.929,"diesel":1.929,"dieselB":1.649,"dieselRenewable":2.059},"extra":{"saleType":"P","margin":"D","reportingType":"dm","ideess":"4221","idMunicipio":"4576","idProvincia":"30","idCCAA":"14"}}},{"type":"Feature","geometry":{"type":"Point","coordinates":[-1.068806,37.769]},"properties":{"id":"es-4222","source":"ES","brand":"REPSOL","address":"AUTOVIA A-30 KM. 172","municipality":"Torre-Pacheco","province":"MURCIA","postalCode":"30708","schedule":"L-D: 24H","fuels":{"gasoline95":1.799,"gasoline98":1.929,"diesel":1.929,"dieselB":1.649,"dieselRenewable":2.059,"lpg":1.055},"extra":{"saleType":"P","margin":"I","reportingType":"dm","ideess":"4222","idMunicipio":"4593","idProvincia":"30","idCCAA":"14"}}},{"type":"Feature","geometry":{"type":"Point","coordinates":[-1.801861,37.568778]},"properties":{"id":"es-4225","source":"ES","brand":"REPSOL","address":"CR N-340   A, 578,2","municipality":"Puerto Lumbreras","province":"MURCIA","postalCode":"30890","schedule":"L-D: 06:00-22:00","fuels":{"gasoline95":1.745,"gasoline98":1.865,"diesel":1.905,"dieselRenewable":2.025},"extra":{"saleType":"P","margin":"D","reportingType":"OM","ideess":"4225","idMunicipio":"4588","idProvincia":"30","idCCAA":"14"}}},{"type":"Feature","geometry":{"type":"Point","coordinates":[-1.311556,37.596417]},"properties":{"id":"es-4228","source":"ES","brand":"BP MAZARRON CENTRO","address":"AVENIDA CONSTITUCION, 154","municipality":"Mazarrón","province":"MURCIA","postalCode":"30870","schedule":"L-D: 06:00-22:00","fuels":{"gasoline95":1.739,"gasoline98":1.879,"diesel":1.885,"dieselPremium":1.975},"extra":{"saleType":"P","margin":"D","reportingType":"OM","ideess":"4228","idMunicipio":"4581","idProvincia":"30","idCCAA":"14"}}},{"type":"Feature","geometry":{"type":"Point","coordinates":[-1.142528,37.996361]},"properties":{"id":"es-4229","source":"ES","brand":"REPSOL","address":"AVENIDA MIGUEL DE CERVANTES, 50","municipality":"Murcia","province":"MURCIA","postalCode":"30009","schedule":"L-D: 07:00-23:00","fuels":{"gasoline95":1.805,"gasoline98":1.925,"diesel":1.895,"dieselRenewable":2.015},"extra":{"saleType":"P","margin":"D","reportingType":"OM","ideess":"4229","idMunicipio":"4585","idProvincia":"30","idCCAA":"14"}}},{"type":"Feature","geometry":{"type":"Point","coordinates":[-1.157806,37.936667]},"properties":{"id":"es-4231","source":"ES","brand":"REPSOL","address":"AVENIDA PRIMERO DE MAYO, 95","municipality":"Murcia","province":"MURCIA","postalCode":"30120","schedule":"L-D: 06:30-22:30","fuels":{"gasoline95":1.795,"gasoline98":1.915,"diesel":1.909,"dieselRenewable":2.029},"extra":{"saleType":"P","margin":"I","reportingType":"OM","ideess":"4231","idMunicipio":"4585","idProvincia":"30","idCCAA":"14"}}},{"type":"Feature","geometry":{"type":"Point","coordinates":[-1.225694,37.961861]},"properties":{"id":"es-4232","source":"ES","brand":"CEPSA","address":"CARRETERA N-340A KM. 650,1","municipality":"Alcantarilla","province":"MURCIA","postalCode":"30820","schedule":"L-D: 06:00-22:00","fuels":{"gasoline95":1.799,"gasoline98":1.939,"diesel":1.949,"dieselPremium":2.039},"extra":{"saleType":"P","margin":"D","reportingType":"dm","ideess":"4232","idMunicipio":"4559","idProvincia":"30","idCCAA":"14"}}},{"type":"Feature","geometry":{"type":"Point","coordinates":[-1.835,37.868583]},"properties":{"id":"es-4242","source":"ES","brand":"REPSOL","address":"CR MU-3211, 32,1","municipality":"Lorca","province":"MURCIA","postalCode":"30812","schedule":"L-V: 07:00-19:00","fuels":{"gasoline95":1.779,"gasoline98":1.879,"diesel":1.929,"dieselB":1.649,"dieselRenewable":2.029},"extra":{"saleType":"P","margin":"D","reportingType":"dm","ideess":"4242","idMunicipio":"4579","idProvincia":"30","idCCAA":"14"}}},{"type":"Feature","geometry":{"type":"Point","coordinates":[-1.07675,37.982944]},"properties":{"id":"es-4244","source":"ES","brand":"REPSOL","address":"CARRETERA MU-300 KM. 4,8","municipality":"Murcia","province":"MURCIA","postalCode":"30570","schedule":"L-D: 06:00-22:00","fuels":{"gasoline95":1.769,"gasoline98":1.899,"diesel":1.909,"dieselPremium":2.039},"extra":{"saleType":"P","margin":"I","reportingType":"dm","ideess":"4244","idMunicipio":"4585","idProvincia":"30","idCCAA":"14"}}},{"type":"Feature","geometry":{"type":"Point","coordinates":[-1.415639,37.717639]},"properties":{"id":"es-4249","source":"ES","brand":"REPSOL","address":"CARRETERA CARRETERA COMARCAL MU-3315 KM. 9","municipality":"Totana","province":"MURCIA","postalCode":"30858","schedule":"L: 06:30-22:00","fuels":{"gasoline95":1.759,"diesel":1.885,"dieselB":1.636,"dieselRenewable":2.005},"extra":{"saleType":"P","margin":"D","reportingType":"OM","ideess":"4249","idMunicipio":"4595","idProvincia":"30","idCCAA":"14"}}},{"type":"Feature","geometry":{"type":"Point","coordinates":[-1.176611,37.995639]},"properties":{"id":"es-4250","source":"ES","brand":"REPSOL","address":"AVENIDA JERONIMOS  EN  GUADALUPE, 160","municipality":"Murcia","province":"MURCIA","postalCode":"30107","schedule":"L-D: 07:00-22:00","fuels":{"gasoline95":1.805,"diesel":1.905,"dieselRenewable":2.025},"extra":{"saleType":"P","margin":"D","reportingType":"OM","ideess":"4250","idMunicipio":"4585","idProvincia":"30","idCCAA":"14"}}},{"type":"Feature","geometry":{"type":"Point","coordinates":[-1.734417,37.581778]},"properties":{"id":"es-4252","source":"ES","brand":"CAMPSA","address":"CR D-11, 10","municipality":"Puerto Lumbreras","province":"MURCIA","postalCode":"30891","schedule":"L: 06:00-22:00","fuels":{"gasoline95":1.755,"gasoline98":1.875,"diesel":1.915,"dieselB":1.696},"extra":{"saleType":"P","margin":"D","reportingType":"OM","ideess":"4252","idMunicipio":"4588","idProvincia":"30","idCCAA":"14"}}},{"type":"Feature","geometry":{"type":"Point","coordinates":[-1.584694,37.403944]},"properties":{"id":"es-4253","source":"ES","brand":"ANIBAL","address":"CALLE REY CARLOS III,, 31","municipality":"Águilas","province":"MURCIA","postalCode":"30880","schedule":"L-D: 07:00-23:00","fuels":{"gasoline95":1.679,"gasoline98":1.859,"diesel":1.839,"dieselPremium":1.939,"adblue":0.947},"extra":{"saleType":"P","margin":"D","reportingType":"dm","ideess":"4253","idMunicipio":"4557","idProvincia":"30","idCCAA":"14"}}},{"type":"Feature","geometry":{"type":"Point","coordinates":[-1.177944,37.972389]},"properties":{"id":"es-4254","source":"ES","brand":"REPSOL","address":"CARRETERA CR N-340 KM. 655,5","municipality":"Murcia","province":"MURCIA","postalCode":"30166","schedule":"L-V: 08:00-20:00","fuels":{"gasoline95":1.769,"gasoline98":1.899,"diesel":1.909,"dieselPremium":1.989},"extra":{"saleType":"P","margin":"D","reportingType":"dm","ideess":"4254","idMunicipio":"4585","idProvincia":"30","idCCAA":"14"}}},{"type":"Feature","geometry":{"type":"Point","coordinates":[-1.699194,37.682444]},"properties":{"id":"es-4260","source":"ES","brand":"E.S.GOMEZ (BP)","address":"CARRETERA CARAVACA KM. 2","municipality":"Lorca","province":"MURCIA","postalCode":"30800","schedule":"L: 06:30-22:30","fuels":{"gasoline95":1.759,"gasoline98":1.913,"diesel":1.915,"dieselPremium":2.019},"extra":{"saleType":"P","margin":"D","reportingType":"dm","ideess":"4260","idMunicipio":"4579","idProvincia":"30","idCCAA":"14"}}},{"type":"Feature","geometry":{"type":"Point","coordinates":[-1.136361,37.885444]},"properties":{"id":"es-4261","source":"ES","brand":"REPSOL","address":"AUTOVIA A.30 KM. 408,5","municipality":"Murcia","province":"MURCIA","postalCode":"30155","schedule":"L-D: 24H","fuels":{"gasoline95":1.779,"gasoline98":1.909,"diesel":1.899,"dieselB":1.649,"dieselRenewable":2.039,"lpg":1.039},"extra":{"saleType":"P","margin":"I","reportingType":"dm","ideess":"4261","idMunicipio":"4585","idProvincia":"30","idCCAA":"14"}}},{"type":"Feature","geometry":{"type":"Point","coordinates":[-1.012861,37.61975]},"properties":{"id":"es-4266","source":"ES","brand":"REPSOL","address":"CARRETERA CARRETERA N-332 KM. 2,9","municipality":"Cartagena","province":"MURCIA","postalCode":"30393","schedule":"L: 06:00-22:00","fuels":{"gasoline95":1.805,"gasoline95Premium":1.829,"gasoline98":1.925,"diesel":1.909,"dieselPremium":2.009,"dieselB":1.269,"lpg":1.049},"extra":{"saleType":"P","margin":"D","reportingType":"dm","ideess":"4266","idMunicipio":"4571","idProvincia":"30","idCCAA":"14"}}},{"type":"Feature","geometry":{"type":"Point","coordinates":[-1.402167,37.567556]},"properties":{"id":"es-4268","source":"ES","brand":"REPSOL","address":"CARRETERA CR N332 LOS CAZADORES KM. 17,7","municipality":"Mazarrón","province":"MURCIA","postalCode":"30876","schedule":"L-V: 07:00-21:00","fuels":{"gasoline95":1.799,"gasoline98":1.909,"diesel":1.899,"dieselPremium":2.09},"extra":{"saleType":"P","margin":"I","reportingType":"dm","ideess":"4268","idMunicipio":"4581","idProvincia":"30","idCCAA":"14"}}},{"type":"Feature","geometry":{"type":"Point","coordinates":[-1.06625,37.686361]},"properties":{"id":"es-4275","source":"ES","brand":"E.S.REPSOL","address":"CARRETERA CTR.MU-602 KM. 8,4","municipality":"Cartagena","province":"MURCIA","postalCode":"30390","schedule":"L-D: 06:00-22:00","fuels":{"gasoline95":1.745,"gasoline98":1.865,"diesel":1.895,"dieselB":1.636,"dieselRenewable":2.015},"extra":{"saleType":"P","margin":"D","reportingType":"OM","ideess":"4275","idMunicipio":"4571","idProvincia":"30","idCCAA":"14"}}},{"type":"Feature","geometry":{"type":"Point","coordinates":[-1.420417,37.848694]},"properties":{"id":"es-4276","source":"ES","brand":"REPSOL","address":"AVENIDA GINES CAMPOS, 7","municipality":"Alhama de Murcia","province":"MURCIA","postalCode":"30840","schedule":"L-D: 06:00-22:00","fuels":{"gasoline95":1.629,"diesel":1.769},"extra":{"saleType":"P","margin":"D","reportingType":"dm","ideess":"4276","idMunicipio":"4563","idProvincia":"30","idCCAA":"14"}}},{"type":"Feature","geometry":{"type":"Point","coordinates":[-1.586222,37.40875]},"properties":{"id":"es-4277","source":"ES","brand":"REPSOL","address":"CTRA. DE LORCA, Nº 2 (C-3211A km 94,6)","municipality":"Águilas","province":"MURCIA","postalCode":"30880","schedule":"L-D: 06:00-22:00","fuels":{"gasoline95":1.795,"gasoline95Premium":1.865,"gasoline98":1.915,"diesel":1.935,"dieselRenewable":2.055},"extra":{"saleType":"P","margin":"I","reportingType":"OM","ideess":"4277","idMunicipio":"4557","idProvincia":"30","idCCAA":"14"}}},{"type":"Feature","geometry":{"type":"Point","coordinates":[-1.505778,37.759278]},"properties":{"id":"es-4278","source":"ES","brand":"MOEVE","address":"CARRETERA N-340A KM. 615,5","municipality":"Totana","province":"MURCIA","postalCode":"30850","schedule":"L-D: 06:00-22:00","fuels":{"gasoline95":1.759,"gasoline95Premium":1.849,"gasoline98":1.879,"diesel":1.909,"dieselPremium":1.989,"dieselB":1.619},"extra":{"saleType":"P","margin":"D","reportingType":"OM","ideess":"4278","idMunicipio":"4595","idProvincia":"30","idCCAA":"14"}}},{"type":"Feature","geometry":{"type":"Point","coordinates":[-1.700722,37.682972]},"properties":{"id":"es-4285","source":"ES","brand":"PETROLORCA - EL PANTANO","address":"CARRETERA C-15 KM. 1","municipality":"Lorca","province":"MURCIA","postalCode":"30800","schedule":"L: 24H","fuels":{"gasoline95":1.647,"gasoline95Premium":1.667,"diesel":1.727,"dieselPremium":1.747,"adblue":0.797},"extra":{"saleType":"P","margin":"D","reportingType":"dm","ideess":"4285","idMunicipio":"4579","idProvincia":"30","idCCAA":"14"}}},{"type":"Feature","geometry":{"type":"Point","coordinates":[-1.342,37.622333]},"properties":{"id":"es-4286","source":"ES","brand":"REPSOL","address":"CR MU-603  MURCIA-MAZARRON, 47.2","municipality":"Mazarrón","province":"MURCIA","postalCode":"30870","schedule":"L-D: 06:00-22:00","fuels":{"gasoline95":1.749,"gasoline98":1.869,"diesel":1.885,"dieselRenewable":2.005},"extra":{"saleType":"P","margin":"I","reportingType":"OM","ideess":"4286","idMunicipio":"4581","idProvincia":"30","idCCAA":"14"}}},{"type":"Feature","geometry":{"type":"Point","coordinates":[-1.115417,37.987639]},"properties":{"id":"es-4287","source":"ES","brand":"REPSOL","address":"AVENIDA PRIMERO DE MAYO, S/N","municipality":"Murcia","province":"MURCIA","postalCode":"30006","schedule":"L-D: 24H","fuels":{"gasoline95":1.809,"gasoline98":1.929,"diesel":1.909,"dieselRenewable":2.029,"lpg":1.105,"adblue":0.89},"extra":{"saleType":"P","margin":"D","reportingType":"dm","ideess":"4287","idMunicipio":"4585","idProvincia":"30","idCCAA":"14"}}},{"type":"Feature","geometry":{"type":"Point","coordinates":[-1.083722,37.710306]},"properties":{"id":"es-4288","source":"ES","brand":"REPSOL","address":"CARRETERA CARTAGENA-ALHAMA KM. 11,3","municipality":"Cartagena","province":"MURCIA","postalCode":"30390","schedule":"L-D: 24H","fuels":{"gasoline95":1.779,"gasoline98":1.899,"diesel":1.919,"dieselPremium":2.039,"dieselB":1.799,"lpg":1.079},"extra":{"saleType":"P","margin":"D","reportingType":"dm","ideess":"4288","idMunicipio":"4571","idProvincia":"30","idCCAA":"14"}}},{"type":"Feature","geometry":{"type":"Point","coordinates":[-1.136861,37.971556]},"properties":{"id":"es-4295","source":"ES","brand":"GALP","address":"CARRETERA DEL PALMAR KM. 69","municipality":"Murcia","province":"MURCIA","postalCode":"30010","schedule":"L-D: 06:00-22:00","fuels":{"gasoline95":1.724,"gasoline95Premium":1.774,"diesel":1.849,"dieselPremium":1.899},"extra":{"saleType":"P","margin":"N","reportingType":"OM","ideess":"4295","idMunicipio":"4585","idProvincia":"30","idCCAA":"14"}}},{"type":"Feature","geometry":{"type":"Point","coordinates":[-1.840083,37.138583]},"properties":{"id":"es-5631","source":"ES","brand":"CEPSA","address":"PARAJE LOS GURULLOS, S/N","municipality":"Mojácar","province":"ALMERÍA","postalCode":"04638","schedule":"L: 07:00-00:00","fuels":{"gasoline95":1.789,"gasoline98":1.919,"diesel":1.929,"dieselPremium":2.039,"adblue":1.0},"extra":{"saleType":"P","margin":"I","reportingType":"dm","ideess":"5631","idMunicipio":"340","idProvincia":"04","idCCAA":"01"}}},{"type":"Feature","geometry":{"type":"Point","coordinates":[-1.96375,37.315833]},"properties":{"id":"es-5634","source":"ES","brand":"CEPSA","address":"CARRETERA N-340 KM. 542,4","municipality":"Huércal-Overa","province":"ALMERÍA","postalCode":"04600","schedule":"L-D: 06:00-23:00","fuels":{"gasoline95":1.849,"diesel":1.959,"dieselPremium":2.079},"extra":{"saleType":"P","margin":"D","reportingType":"dm","ideess":"5634","idMunicipio":"329","idProvincia":"04","idCCAA":"01"}}},{"type":"Feature","geometry":{"type":"Point","coordinates":[-1.876222,37.416778]},"properties":{"id":"es-5639","source":"ES","brand":"E.S H8 ENERGYS","address":"CARRETERA A-350 KM. 5,100","municipality":"Huércal-Overa","province":"ALMERÍA","postalCode":"04600","schedule":"L: 06:00-22:00","fuels":{"gasoline95":1.669,"diesel":1.759,"dieselPremium":1.899,"adblue":0.879},"extra":{"saleType":"P","margin":"I","reportingType":"dm","ideess":"5639","idMunicipio":"329","idProvincia":"04","idCCAA":"01"}}},{"type":"Feature","geometry":{"type":"Point","coordinates":[-1.79825,37.234389]},"properties":{"id":"es-5644","source":"ES","brand":"REPSOL","address":"CR ALP-118, 58,4","municipality":"Cuevas del Almanzora","province":"ALMERÍA","postalCode":"04618","schedule":"L-D: 06:00-22:00","fuels":{"gasoline95":1.779,"gasoline95Premium":1.839,"gasoline98":1.899,"diesel":1.889,"dieselB":1.672,"dieselRenewable":2.009},"extra":{"saleType":"P","margin":"I","reportingType":"OM","ideess":"5644","idMunicipio":"315","idProvincia":"04","idCCAA":"01"}}},{"type":"Feature","geometry":{"type":"Point","coordinates":[-1.836806,37.220833]},"properties":{"id":"es-5713","source":"ES","brand":"REPSOL","address":"CR AL-3327, 3,8","municipality":"Vera","province":"ALMERÍA","postalCode":"04620","schedule":"L-D: 07:00-11:00","fuels":{"gasoline95":1.779,"gasoline98":1.949,"diesel":1.909,"dieselRenewable":2.029,"lpg":1.129,"adblue":1.198},"extra":{"saleType":"P","margin":"I","reportingType":"dm","ideess":"5713","idMunicipio":"378","idProvincia":"04","idCCAA":"01"}}},{"type":"Feature","geometry":{"type":"Point","coordinates":[-1.934556,37.285833]},"properties":{"id":"es-6438","source":"ES","brand":"BP","address":"AUTOVIA MURCIA-ALMERIA SALIDA 537 KM. 537","municipality":"Antas","province":"ALMERÍA","postalCode":"04628","schedule":"L-D: 06:00-22:00","fuels":{"gasoline95":1.789,"gasoline98":1.949,"diesel":1.919,"dieselPremium":2.019,"lpg":1.109},"extra":{"saleType":"P","margin":"D","reportingType":"dm","ideess":"6438","idMunicipio":"295","idProvincia":"04","idCCAA":"01"}}},{"type":"Feature","geometry":{"type":"Point","coordinates":[-1.850611,37.234583]},"properties":{"id":"es-6521","source":"ES","brand":"ESTACION SERVICIO BP VERA","address":"CARRETERA 337 KM 1,8 KM. 1,8","municipality":"Vera","province":"ALMERÍA","postalCode":"04620","schedule":"L-D: 24H","fuels":{"gasoline95":1.739,"gasoline98":1.899,"diesel":1.839,"dieselPremium":1.939,"lpg":1.109},"extra":{"saleType":"P","margin":"N","reportingType":"dm","ideess":"6521","idMunicipio":"378","idProvincia":"04","idCCAA":"01"}}},{"type":"Feature","geometry":{"type":"Point","coordinates":[-1.870111,37.481194]},"properties":{"id":"es-6535","source":"ES","brand":"ANDAMUR \"EL LIMITE\"","address":"CR AUTOVIA DEL MEDITERRANEO KM","municipality":"Huércal-Overa","province":"ALMERÍA","postalCode":"04600","schedule":"L-D: 24H","fuels":{"gasoline95":1.738,"gasoline98":1.828,"diesel":1.898,"dieselPremium":1.948,"dieselB":1.768,"adblue":0.924},"extra":{"saleType":"P","margin":"N","reportingType":"dm","ideess":"6535","idMunicipio":"329","idProvincia":"04","idCCAA":"01"}}},{"type":"Feature","geometry":{"type":"Point","coordinates":[-1.770222,37.307444]},"properties":{"id":"es-6692","source":"ES","brand":"REPSOL","address":"BARRIADA LOS LOBOS, 1","municipality":"Cuevas del Almanzora","province":"ALMERÍA","postalCode":"04619","schedule":"L-S: 07:00-22:00; D: 08:00-22:00","fuels":{"gasoline95":1.769,"diesel":1.899,"dieselB":1.639,"dieselRenewable":1.999,"adblue":1.09},"extra":{"saleType":"P","margin":"I","reportingType":"dm","ideess":"6692","idMunicipio":"315","idProvincia":"04","idCCAA":"01"}}},{"type":"Feature","geometry":{"type":"Point","coordinates":[-1.938639,37.401306]},"properties":{"id":"es-6848","source":"ES","brand":"CEPSA","address":"CARRETERA NACIONAL 340 KM. 555","municipality":"Huércal-Overa","province":"ALMERÍA","postalCode":"04600","schedule":"L-D: 06:00-23:00","fuels":{"gasoline95":1.769,"gasoline98":1.869,"diesel":1.889,"dieselPremium":1.999,"adblue":0.85},"extra":{"saleType":"P","margin":"D","reportingType":"dm","ideess":"6848","idMunicipio":"329","idProvincia":"04","idCCAA":"01"}}},{"type":"Feature","geometry":{"type":"Point","coordinates":[-1.872667,37.249083]},"properties":{"id":"es-6857","source":"ES","brand":"REPSOL","address":"CL ANCHA, S.N.","municipality":"Vera","province":"ALMERÍA","postalCode":"04620","schedule":"L-V: 07:00-21:00; S-D: 07:00-15:00","fuels":{"gasoline95":1.775,"gasoline98":1.945,"diesel":1.899,"dieselRenewable":2.019},"extra":{"saleType":"P","margin":"D","reportingType":"OM","ideess":"6857","idMunicipio":"378","idProvincia":"04","idCCAA":"01"}}},{"type":"Feature","geometry":{"type":"Point","coordinates":[-1.932611,37.168139]},"properties":{"id":"es-6865","source":"ES","brand":"REPSOL","address":"CARRETERA CTRA. NACIONAL 340 KM. 520,700","municipality":"Gallardos (Los)","province":"ALMERÍA","postalCode":"04280","schedule":"L-D: 07:00-22:00","fuels":{"gasoline95":1.789,"diesel":1.899,"dieselB":1.499,"dieselRenewable":1.999},"extra":{"saleType":"P","margin":"I","reportingType":"dm","ideess":"6865","idMunicipio":"324","idProvincia":"04","idCCAA":"01"}}},{"type":"Feature","geometry":{"type":"Point","coordinates":[-1.970917,37.352056]},"properties":{"id":"es-6869","source":"ES","brand":"REPSOL","address":"AUTOVIA MURCIA - ALMERIA E15 SALIDA 682 KM. ","municipality":"Huércal-Overa","province":"ALMERÍA","postalCode":"04662","schedule":"L-D: 24H","fuels":{"gasoline95":1.799,"gasoline98":1.959,"diesel":1.939,"dieselPremium":2.049,"dieselB":1.679,"adblue":1.409},"extra":{"saleType":"P","margin":"D","reportingType":"dm","ideess":"6869","idMunicipio":"329","idProvincia":"04","idCCAA":"01"}}},{"type":"Feature","geometry":{"type":"Point","coordinates":[-1.752083,37.3945]},"properties":{"id":"es-6911","source":"ES","brand":"REPSOL","address":"CALLE LA GASOLINERA 5, ","municipality":"Pulpí","province":"ALMERÍA","postalCode":"04640","schedule":"L-S: 07:00-22:00; D: 08:00-16:00","fuels":{"gasoline95":1.759,"diesel":1.915,"dieselRenewable":2.035},"extra":{"saleType":"P","margin":"I","reportingType":"OM","ideess":"6911","idMunicipio":"352","idProvincia":"04","idCCAA":"01"}}},{"type":"Feature","geometry":{"type":"Point","coordinates":[-1.824028,37.169056]},"properties":{"id":"es-6944","source":"ES","brand":"REPSOL","address":"CR AL-118, 0,6","municipality":"Mojácar","province":"ALMERÍA","postalCode":"04638","schedule":"L-D: 06:00-22:00","fuels":{"gasoline95":1.779,"gasoline95Premium":1.839,"gasoline98":1.899,"diesel":1.889,"dieselRenewable":2.009},"extra":{"saleType":"P","margin":"D","reportingType":"OM","ideess":"6944","idMunicipio":"340","idProvincia":"04","idCCAA":"01"}}},{"type":"Feature","geometry":{"type":"Point","coordinates":[-1.940889,37.386194]},"properties":{"id":"es-6945","source":"ES","brand":"REPSOL","address":"CARRETERA CARRETERA NACIONAL 340 KM. 554,1","municipality":"Huércal-Overa","province":"ALMERÍA","postalCode":"04600","schedule":"L: 07:00-23:00","fuels":{"gasoline95":1.755,"gasoline98":1.935,"diesel":1.899,"dieselRenewable":2.019},"extra":{"saleType":"P","margin":"D","reportingType":"dm","ideess":"6945","idMunicipio":"329","idProvincia":"04","idCCAA":"01"}}},{"type":"Feature","geometry":{"type":"Point","coordinates":[-1.104361,37.869139]},"properties":{"id":"es-8118","source":"ES","brand":"AIREMAR II","address":"CTRA. SAN JAVIER km 1,3","municipality":"Murcia","province":"MURCIA","postalCode":"30155","schedule":"L-D: 06:00-22:00","fuels":{"gasoline95":1.719,"diesel":1.799},"extra":{"saleType":"P","margin":"I","reportingType":"dm","ideess":"8118","idMunicipio":"4585","idProvincia":"30","idCCAA":"14"}}},{"type":"Feature","geometry":{"type":"Point","coordinates":[-1.783361,37.58425]},"properties":{"id":"es-8120","source":"ES","brand":"PARKING DE CAMIONES","address":" POL. IND. DESCANSO   PARKING DE CAMIONES, ","municipality":"Puerto Lumbreras","province":"MURCIA","postalCode":"30890","schedule":"L-D: 24H","fuels":{"gasoline95":1.635,"diesel":1.765,"adblue":0.68},"extra":{"saleType":"P","margin":"N","reportingType":"dm","ideess":"8120","idMunicipio":"4588","idProvincia":"30","idCCAA":"14"}}},{"type":"Feature","geometry":{"type":"Point","coordinates":[-1.685806,37.555639]},"properties":{"id":"es-8202","source":"ES","brand":"JOSE GARCIA GUILLEN","address":"L-MU-620 LORCA-PULPI km 5,3","municipality":"Lorca","province":"MURCIA","postalCode":"30813","schedule":"L-S: 06:00-22:00; D: 08:00-22:00","fuels":{"gasoline95":1.669,"gasoline98":1.769,"diesel":1.769,"dieselB":1.489},"extra":{"saleType":"P","margin":"D","reportingType":"dm","ideess":"8202","idMunicipio":"4579","idProvincia":"30","idCCAA":"14"}}},{"type":"Feature","geometry":{"type":"Point","coordinates":[-1.38725,37.808306]},"properties":{"id":"es-8476","source":"ES","brand":"EL GUADALENTIN","address":"AUTOVIA RM-2 KM. 41,7","municipality":"Alhama de Murcia","province":"MURCIA","postalCode":"30840","schedule":"L-D: 24H","fuels":{"gasoline95":1.775,"diesel":1.909,"dieselPremium":1.969},"extra":{"saleType":"P","margin":"I","reportingType":"OM","ideess":"8476","idMunicipio":"4563","idProvincia":"30","idCCAA":"14"}}},{"type":"Feature","geometry":{"type":"Point","coordinates":[-1.196722,37.934889]},"properties":{"id":"es-8485","source":"ES","brand":"SHELL","address":"CARRETERA MU-603 KM. 3,3","municipality":"Murcia","province":"MURCIA","postalCode":"30120","schedule":"L-V: 08:00-14:00 y 16:00-18:00","fuels":{"gasoline95":1.629,"gasoline98":1.829,"diesel":1.759,"dieselPremium":1.859},"extra":{"saleType":"P","margin":"I","reportingType":"OM","ideess":"8485","idMunicipio":"4585","idProvincia":"30","idCCAA":"14"}}},{"type":"Feature","geometry":{"type":"Point","coordinates":[-1.913639,37.266222]},"properties":{"id":"es-8869","source":"ES","brand":"HNOS.MARTINEZ","address":"CARRETERA NACIONAL 340 KM. 436","municipality":"Antas","province":"ALMERÍA","postalCode":"04628","schedule":"L-S: 06:30-22:30; D: 07:00-22:30","fuels":{"gasoline95":1.689,"diesel":1.779,"dieselPremium":1.819,"dieselB":1.499,"adblue":0.7},"extra":{"saleType":"P","margin":"I","reportingType":"dm","ideess":"8869","idMunicipio":"295","idProvincia":"04","idCCAA":"01"}}},{"type":"Feature","geometry":{"type":"Point","coordinates":[-1.780194,37.587111]},"properties":{"id":"es-8960","source":"ES","brand":"GRUPO EUROGALMAR","address":"POLIGONO ALEMANIA, 29","municipality":"Puerto Lumbreras","province":"MURCIA","postalCode":"30890","schedule":"L-D: 24H","fuels":{"gasoline95Premium":1.629,"dieselPremium":1.739,"adblue":0.779},"extra":{"saleType":"P","margin":"D","reportingType":"dm","ideess":"8960","idMunicipio":"4588","idProvincia":"30","idCCAA":"14"}}},{"type":"Feature","geometry":{"type":"Point","coordinates":[-1.680303,37.67424]},"properties":{"id":"es-8961","source":"ES","brand":"M","address":"DP TERCIA CAMINO CARTAGENA SN","municipality":"Lorca","province":"MURCIA","postalCode":"30815","schedule":"L-S: 06:00-21:30; D: 07:00-14:30","fuels":{"gasoline95":1.579,"gasoline98":1.689,"diesel":1.779,"dieselB":1.529},"extra":{"saleType":"P","margin":"I","reportingType":"dm","ideess":"8961","idMunicipio":"4579","idProvincia":"30","idCCAA":"14"}}},{"type":"Feature","geometry":{"type":"Point","coordinates":[-1.7015,37.647306]},"properties":{"id":"es-8969","source":"ES","brand":"EL REMOLINO","address":"AUTOVIA LORCA -AGUILAS KM. 0,800","municipality":"Lorca","province":"MURCIA","postalCode":"30800","schedule":"L-D: 24H","fuels":{"gasoline95":1.667,"gasoline98":1.767,"diesel":1.767,"dieselPremium":1.867,"lpg":0.977,"adblue":0.797},"extra":{"saleType":"P","margin":"D","reportingType":"dm","ideess":"8969","idMunicipio":"4579","idProvincia":"30","idCCAA":"14"}}},{"type":"Feature","geometry":{"type":"Point","coordinates":[-1.823944,37.296361]},"properties":{"id":"es-9257","source":"ES","brand":"ES BORJA - E.S.SOBRADO DE PICATO, S.L.U","address":"CARRETERA A-332 KM. 11","municipality":"Cuevas del Almanzora","province":"ALMERÍA","postalCode":"04610","schedule":"L-D: 06:00-22:00","fuels":{"gasoline95":1.499,"diesel":1.789,"dieselB":1.469},"extra":{"saleType":"P","margin":"I","reportingType":"dm","ideess":"9257","idMunicipio":"315","idProvincia":"04","idCCAA":"01"}}},{"type":"Feature","geometry":{"type":"Point","coordinates":[-1.507139,37.995472]},"properties":{"id":"es-9334","source":"ES","brand":"LA VEGA DE PLIEGO","address":"DISEMINADO CARRETERA DE MULA, 4","municipality":"Pliego","province":"MURCIA","postalCode":"30176","schedule":"L-D: 24H","fuels":{"gasoline95":1.629,"diesel":1.729,"dieselB":1.369},"extra":{"saleType":"P","margin":"D","reportingType":"dm","ideess":"9334","idMunicipio":"4587","idProvincia":"30","idCCAA":"14"}}},{"type":"Feature","geometry":{"type":"Point","coordinates":[-1.66225,37.67875]},"properties":{"id":"es-9364","source":"ES","brand":"AGROTER SAT  Nº1936","address":"CMNO CARTAGENA S/N DIP TERCIA","municipality":"Lorca","province":"MURCIA","postalCode":"30815","schedule":"L-S: 09:00-20:00","fuels":{"diesel":1.735,"dieselB":1.485},"extra":{"saleType":"P","margin":"D","reportingType":"dm","ideess":"9364","idMunicipio":"4579","idProvincia":"30","idCCAA":"14"}}},{"type":"Feature","geometry":{"type":"Point","coordinates":[-1.900306,37.260306]},"properties":{"id":"es-9462","source":"ES","brand":"CEPSA-MOEVE","address":"POLIGONO P.I. EL REAL, S/N","municipality":"Antas","province":"ALMERÍA","postalCode":"04628","schedule":"L-D: 06:00-22:00","fuels":{"gasoline95":1.789,"gasoline98":1.919,"diesel":1.919,"dieselPremium":2.029},"extra":{"saleType":"P","margin":"N","reportingType":"dm","ideess":"9462","idMunicipio":"295","idProvincia":"04","idCCAA":"01"}}},{"type":"Feature","geometry":{"type":"Point","coordinates":[-1.098278,37.758528]},"properties":{"id":"es-9569","source":"ES","brand":"FYCSA FRESH AND CARRY,S.A.","address":"PARAJE CASAS DE PACO PEDREÑO, S/N","municipality":"Fuente Álamo de Murcia","province":"MURCIA","postalCode":"30332","schedule":"L-D: 24H","fuels":{"gasoline95":1.649,"diesel":1.698,"adblue":0.878},"extra":{"saleType":"P","margin":"D","reportingType":"dm","ideess":"9569","idMunicipio":"4576","idProvincia":"30","idCCAA":"14"}}},{"type":"Feature","geometry":{"type":"Point","coordinates":[-1.188028,37.950667]},"properties":{"id":"es-9812","source":"ES","brand":"TRANSGALLEGO LOGISTIC SL","address":"AVDA FCO SALZILLO PARC 26/12-C","municipality":"Murcia","province":"MURCIA","postalCode":"30169","schedule":"L-D: 06:30-22:00","fuels":{"gasoline95":1.537,"diesel":1.727,"adblue":0.797},"extra":{"saleType":"P","margin":"D","reportingType":"dm","ideess":"9812","idMunicipio":"4585","idProvincia":"30","idCCAA":"14"}}},{"type":"Feature","geometry":{"type":"Point","coordinates":[-1.010111,37.798722]},"properties":{"id":"es-9819","source":"ES","brand":"REPSOL","address":"AVDA DE MURCIA, 26","municipality":"Torre-Pacheco","province":"MURCIA","postalCode":"30709","schedule":"L-D: 06:00-22:30","fuels":{"gasoline95":1.749,"gasoline98":1.869,"diesel":1.915,"dieselRenewable":2.035},"extra":{"saleType":"P","margin":"D","reportingType":"OM","ideess":"9819","idMunicipio":"4593","idProvincia":"30","idCCAA":"14"}}},{"type":"Feature","geometry":{"type":"Point","coordinates":[-1.227972,37.732278]},"properties":{"id":"es-9858","source":"ES","brand":"EL BADEN","address":"CARTAGENA-ALHAMA km 24.807","municipality":"Fuente Álamo de Murcia","province":"MURCIA","postalCode":"30320","schedule":"L-D: 06:00-22:00","fuels":{"gasoline95":1.739,"diesel":1.799,"dieselPremium":1.869,"dieselB":1.599,"adblue":0.9},"extra":{"saleType":"P","margin":"D","reportingType":"dm","ideess":"9858","idMunicipio":"4576","idProvincia":"30","idCCAA":"14"}}},{"type":"Feature","geometry":{"type":"Point","coordinates":[-1.698778,37.658722]},"properties":{"id":"es-9941","source":"ES","brand":"SUTULLENA-CEPSA","address":"CAMINO CAMINO HONDO RONDA SUR, 1","municipality":"Lorca","province":"MURCIA","postalCode":"30800","schedule":"L-D: 24H","fuels":{"gasoline95":1.769,"gasoline98":1.889,"diesel":1.899,"dieselPremium":1.999,"lpg":0.977,"adblue":0.799},"extra":{"saleType":"P","margin":"D","reportingType":"dm","ideess":"9941","idMunicipio":"4579","idProvincia":"30","idCCAA":"14"}}},{"type":"Feature","geometry":{"type":"Point","coordinates":[-1.668889,37.621556]},"properties":{"id":"es-9972","source":"ES","brand":"PETROLORCA - U.S.","address":"CARRETERA CARRAVACA A AGUILAS KM. 63,800","municipality":"Lorca","province":"MURCIA","postalCode":"30800","schedule":"L-D: 24H","fuels":{"gasoline95":1.667,"diesel":1.767,"adblue":0.797},"extra":{"saleType":"P","margin":"I","reportingType":"dm","ideess":"9972","idMunicipio":"4579","idProvincia":"30","idCCAA":"14"}}}]}