{"type":"FeatureCollection","features":[{"type":"Feature","geometry":{"type":"Point","coordinates":[-16.645361,28.033611]},"properties":{"id":"es-10057","source":"ES","brand":"BP TEN BEL","address":"CARRETERA DE LAS GALLETAS KM. 91","municipality":"Arona","province":"SANTA CRUZ DE TENERIFE","postalCode":"38627","schedule":"L-S: 06:00-21:30; D: 07:00-13:00","fuels":{"gasoline95":1.459,"gasoline98":1.609,"diesel":1.519,"dieselPremium":1.649},"extra":{"saleType":"P","margin":"D","reportingType":"dm","ideess":"10057","idMunicipio":"5696","idProvincia":"38","idCCAA":"05"}}},{"type":"Feature","geometry":{"type":"Point","coordinates":[-16.645528,28.052556]},"properties":{"id":"es-10127","source":"ES","brand":"SHELL ARONA","address":"AUTOPISTA TF-1 km 65,5","municipality":"Arona","province":"SANTA CRUZ DE TENERIFE","postalCode":"38627","schedule":"L-D: 06:00-22:00","fuels":{"gasoline95":1.449,"gasoline98":1.569,"diesel":1.539,"dieselPremium":1.639,"adblue":1.81},"extra":{"saleType":"P","margin":"I","reportingType":"OM","ideess":"10127","idMunicipio":"5696","idProvincia":"38","idCCAA":"05"}}},{"type":"Feature","geometry":{"type":"Point","coordinates":[-16.694056,28.379222]},"properties":{"id":"es-10201","source":"ES","brand":"CEPSA","address":"CARRETERA GENERAL C-820 KM. 52,7","municipality":"Icod de los Vinos","province":"SANTA CRUZ DE TENERIFE","postalCode":"38430","schedule":"L-V: 05:30-21:30; S-D: 06:00-22:00","fuels":{"gasoline95":1.459,"gasoline98":1.579,"diesel":1.549,"dieselRenewable":1.599},"extra":{"saleType":"P","margin":"N","reportingType":"OM","ideess":"10201","idMunicipio":"5712","idProvincia":"38","idCCAA":"05"}}},{"type":"Feature","geometry":{"type":"Point","coordinates":[-16.799389,28.244583]},"properties":{"id":"es-10206","source":"ES","brand":"E.S. CEPSA CHIO","address":"PASEO LA LIBERTAD, 49","municipality":"Guía de Isora","province":"SANTA CRUZ DE TENERIFE","postalCode":"38689","schedule":"L-D: 06:00-22:00","fuels":{"gasoline95":1.568,"gasoline98":1.679,"diesel":1.569},"extra":{"saleType":"P","margin":"D","reportingType":"dm","ideess":"10206","idMunicipio":"5709","idProvincia":"38","idCCAA":"05"}}},{"type":"Feature","geometry":{"type":"Point","coordinates":[-16.575,28.372556]},"properties":{"id":"es-10214","source":"ES","brand":"CEPSA","address":"CARRETERA GENERAL DE PALO BLANCO Nº 77 KM. 1","municipality":"Realejos (Los)","province":"SANTA CRUZ DE TENERIFE","postalCode":"38410","schedule":"L-D: 07:00-22:00","fuels":{"gasoline95":1.468,"gasoline98":1.569,"diesel":1.618},"extra":{"saleType":"P","margin":"I","reportingType":"dm","ideess":"10214","idMunicipio":"5720","idProvincia":"38","idCCAA":"05"}}},{"type":"Feature","geometry":{"type":"Point","coordinates":[-16.277056,28.463083]},"properties":{"id":"es-10219","source":"ES","brand":"CEPSA","address":"AVENIDA ANGEL ROMERO, 17","municipality":"Santa Cruz de Tenerife","province":"SANTA CRUZ DE TENERIFE","postalCode":"38008","schedule":"L-D: 06:00-22:00","fuels":{"gasoline95":1.439,"gasoline98":1.559,"diesel":1.539,"dieselPremium":1.639},"extra":{"saleType":"P","margin":"D","reportingType":"dm","ideess":"10219","idMunicipio":"5728","idProvincia":"38","idCCAA":"05"}}},{"type":"Feature","geometry":{"type":"Point","coordinates":[-16.313667,28.441806]},"properties":{"id":"es-10282","source":"ES","brand":"DISA EL SOBRADILLO","address":"CARRETERA LOS MAJUELOS - SOBRADILLO KM. S/N","municipality":"Santa Cruz de Tenerife","province":"SANTA CRUZ DE TENERIFE","postalCode":"38108","schedule":"L-D: 06:00-22:00","fuels":{"gasoline95":1.475,"gasoline98":1.585,"diesel":1.559,"dieselPremium":1.639},"extra":{"saleType":"P","margin":"N","reportingType":"OM","ideess":"10282","idMunicipio":"5728","idProvincia":"38","idCCAA":"05"}}},{"type":"Feature","geometry":{"type":"Point","coordinates":[-16.576778,28.11625]},"properties":{"id":"es-10307","source":"ES","brand":"DISA GRANADILLA","address":"AVENIDA FUNDADOR GONZALO GONZALEZ, S/N","municipality":"Granadilla de Abona","province":"SANTA CRUZ DE TENERIFE","postalCode":"38600","schedule":"L-D: 06:00-23:00","fuels":{"gasoline95":1.459,"gasoline98":1.625,"diesel":1.539,"dieselPremium":1.629},"extra":{"saleType":"P","margin":"N","reportingType":"OM","ideess":"10307","idMunicipio":"5707","idProvincia":"38","idCCAA":"05"}}},{"type":"Feature","geometry":{"type":"Point","coordinates":[-16.766611,28.174778]},"properties":{"id":"es-10345","source":"ES","brand":"SHELL","address":"TEJINA DE GUIA. GUIA DE ISORA (CTRA. GRAL KM 120-300)","municipality":"Guía de Isora","province":"SANTA CRUZ DE TENERIFE","postalCode":"38685","schedule":"L-D: 24H","fuels":{"gasoline95":1.573,"gasoline98":1.744,"diesel":1.701,"dieselPremium":1.827},"extra":{"saleType":"P","margin":"N","reportingType":"dm","ideess":"10345","idMunicipio":"5709","idProvincia":"38","idCCAA":"05"}}},{"type":"Feature","geometry":{"type":"Point","coordinates":[-16.652528,28.013889]},"properties":{"id":"es-10543","source":"ES","brand":"CEPSA COSTA DEL SILENCIO","address":"CARRERA GENERAL LAS GALLETAS Nº2 KM4, 2","municipality":"Arona","province":"SANTA CRUZ DE TENERIFE","postalCode":"38630","schedule":"L-D: 24H","fuels":{"gasoline95":1.419,"gasoline98":1.539,"diesel":1.499,"dieselPremium":1.599},"extra":{"saleType":"P","margin":"N","reportingType":"dm","ideess":"10543","idMunicipio":"5696","idProvincia":"38","idCCAA":"05"}}},{"type":"Feature","geometry":{"type":"Point","coordinates":[-16.618222,28.393083]},"properties":{"id":"es-10591","source":"ES","brand":"ESTACION DE SERVICIOS EL MIRADOR","address":"CARRETERA CARRETERA DEL NORTE KM. 43,60","municipality":"Realejos (Los)","province":"SANTA CRUZ DE TENERIFE","postalCode":"38419","schedule":"L-D: 24H","fuels":{"gasoline95":1.469,"gasoline98":1.589,"diesel":1.559,"dieselPremium":1.649},"extra":{"saleType":"P","margin":"D","reportingType":"dm","ideess":"10591","idMunicipio":"5720","idProvincia":"38","idCCAA":"05"}}},{"type":"Feature","geometry":{"type":"Point","coordinates":[-16.636556,28.052333]},"properties":{"id":"es-10633","source":"ES","brand":"REPSOL","address":"AUTOPISTA AUTOPISTA DEL SUR KM. 64,9","municipality":"San Miguel de Abona","province":"SANTA CRUZ DE TENERIFE","postalCode":"38620","schedule":"L-D: 24H","fuels":{"gasoline95":1.429,"gasoline98":1.559,"diesel":1.529,"dieselRenewable":1.679},"extra":{"saleType":"P","margin":"D","reportingType":"OM","ideess":"10633","idMunicipio":"5725","idProvincia":"38","idCCAA":"05"}}},{"type":"Feature","geometry":{"type":"Point","coordinates":[-16.394083,28.334944]},"properties":{"id":"es-10635","source":"ES","brand":"TGAS LA HIDALGA","address":"CARRETERA GENERAL DEL SUR, 17 KM. 22","municipality":"Arafo","province":"SANTA CRUZ DE TENERIFE","postalCode":"38550","schedule":"L-S: 06:00-21:00; D: 07:00-15:00","fuels":{"gasoline95":1.459,"gasoline98":1.549,"diesel":1.529},"extra":{"saleType":"P","margin":"D","reportingType":"dm","ideess":"10635","idMunicipio":"5694","idProvincia":"38","idCCAA":"05"}}},{"type":"Feature","geometry":{"type":"Point","coordinates":[-16.812722,28.280833]},"properties":{"id":"es-10779","source":"ES","brand":"CEPSA","address":"CARRETERA GENERAL DEL SUR KM. 84,950","municipality":"Santiago del Teide","province":"SANTA CRUZ DE TENERIFE","postalCode":"38690","schedule":"L-S: 06:00-22:00; D: 7:00-21:30","fuels":{"gasoline95":1.449,"gasoline98":1.559,"diesel":1.52,"dieselPremium":1.62},"extra":{"saleType":"P","margin":"I","reportingType":"dm","ideess":"10779","idMunicipio":"5730","idProvincia":"38","idCCAA":"05"}}},{"type":"Feature","geometry":{"type":"Point","coordinates":[-16.278806,28.4435]},"properties":{"id":"es-10842","source":"ES","brand":"MOEVE","address":"POLIGONO EL MAYORAZGO, S/N","municipality":"Santa Cruz de Tenerife","province":"SANTA CRUZ DE TENERIFE","postalCode":"38160","schedule":"L-V: 05:00-14:00","fuels":{"gasoline95":1.419,"diesel":1.519},"extra":{"saleType":"P","margin":"D","reportingType":"dm","ideess":"10842","idMunicipio":"5728","idProvincia":"38","idCCAA":"05"}}},{"type":"Feature","geometry":{"type":"Point","coordinates":[-16.308083,28.509639]},"properties":{"id":"es-10905","source":"ES","brand":"BP E.S. LAS CANTERAS S.L.","address":"AVENIDA REPUBLICA ARGENTINA, 86","municipality":"San Cristóbal de La Laguna","province":"SANTA CRUZ DE TENERIFE","postalCode":"38208","schedule":"L-S: 7:00-22:00","fuels":{"gasoline95":1.458,"gasoline98":1.608,"diesel":1.548,"dieselPremium":1.668},"extra":{"saleType":"P","margin":"D","reportingType":"dm","ideess":"10905","idMunicipio":"5723","idProvincia":"38","idCCAA":"05"}}},{"type":"Feature","geometry":{"type":"Point","coordinates":[-16.317,28.425417]},"properties":{"id":"es-10924","source":"ES","brand":"DISA EL CHORRILLO","address":"CARRETERA CARRETERA GENERAL DEL SUR KM. 9,2","municipality":"Santa Cruz de Tenerife","province":"SANTA CRUZ DE TENERIFE","postalCode":"38190","schedule":"L-D: 06:00-22:00","fuels":{"gasoline95":1.459,"gasoline98":1.599,"diesel":1.539,"dieselPremium":1.635},"extra":{"saleType":"P","margin":"N","reportingType":"OM","ideess":"10924","idMunicipio":"5728","idProvincia":"38","idCCAA":"05"}}},{"type":"Feature","geometry":{"type":"Point","coordinates":[-16.423306,28.2135]},"properties":{"id":"es-10950","source":"ES","brand":"MOEVE","address":"AUTOVIA TF-1 KM. 34","municipality":"Fasnia","province":"SANTA CRUZ DE TENERIFE","postalCode":"38570","schedule":"L-D: 06:00-22:00","fuels":{"gasoline95":1.459,"gasoline98":1.579,"diesel":1.539,"dieselRenewable":1.589},"extra":{"saleType":"P","margin":"D","reportingType":"OM","ideess":"10950","idMunicipio":"5702","idProvincia":"38","idCCAA":"05"}}},{"type":"Feature","geometry":{"type":"Point","coordinates":[-16.687861,28.075694]},"properties":{"id":"es-10951","source":"ES","brand":"CEPSA","address":"CARRETERA TF-28 KM. 92","municipality":"Arona","province":"SANTA CRUZ DE TENERIFE","postalCode":"38640","schedule":"L-D: 07:00-23:00","fuels":{"gasoline95":1.479,"gasoline98":1.599,"diesel":1.559,"dieselRenewable":1.659},"extra":{"saleType":"P","margin":"D","reportingType":"OM","ideess":"10951","idMunicipio":"5696","idProvincia":"38","idCCAA":"05"}}},{"type":"Feature","geometry":{"type":"Point","coordinates":[-16.618972,28.379111]},"properties":{"id":"es-10970","source":"ES","brand":"DISA","address":"CARRETERA TF-342 LOS REALEJOS - LA GUANCHA KM. 15","municipality":"Realejos (Los)","province":"SANTA CRUZ DE TENERIFE","postalCode":"38414","schedule":"L-S: 06:00-22:00; D: 08:00-20:00","fuels":{"gasoline95":1.399,"gasoline98":1.457,"diesel":1.465},"extra":{"saleType":"P","margin":"D","reportingType":"dm","ideess":"10970","idMunicipio":"5720","idProvincia":"38","idCCAA":"05"}}},{"type":"Feature","geometry":{"type":"Point","coordinates":[-16.581889,28.390028]},"properties":{"id":"es-10990","source":"ES","brand":"PCAN","address":"CALLE LOS BARROS, 30","municipality":"Realejos (Los)","province":"SANTA CRUZ DE TENERIFE","postalCode":"38410","schedule":"L-D: 24H","fuels":{"gasoline95":1.446,"gasoline98":1.547,"diesel":1.507},"extra":{"saleType":"P","margin":"N","reportingType":"dm","ideess":"10990","idMunicipio":"5720","idProvincia":"38","idCCAA":"05"}}},{"type":"Feature","geometry":{"type":"Point","coordinates":[-16.231611,28.488611]},"properties":{"id":"es-10995","source":"ES","brand":"DISA BALNEARIO II","address":"AUTOVIA SANTA CRUZ - SAN ANDRES KM. S/N","municipality":"Santa Cruz de Tenerife","province":"SANTA CRUZ DE TENERIFE","postalCode":"38002","schedule":"L-D: 06:00-22:00","fuels":{"gasoline95":1.499,"gasoline98":1.619,"diesel":1.579,"dieselPremium":1.689,"lpg":0.898},"extra":{"saleType":"P","margin":"D","reportingType":"OM","ideess":"10995","idMunicipio":"5728","idProvincia":"38","idCCAA":"05"}}},{"type":"Feature","geometry":{"type":"Point","coordinates":[-16.208639,28.496444]},"properties":{"id":"es-11394","source":"ES","brand":"REPSOL","address":"VÍA INTERIOR DEL PUERTO, S/N","municipality":"Santa Cruz de Tenerife","province":"SANTA CRUZ DE TENERIFE","postalCode":"38108","schedule":"L-D: 07:00-21:00","fuels":{"gasoline95":1.469,"gasoline98":1.589,"diesel":1.559,"dieselRenewable":1.709},"extra":{"saleType":"P","margin":"D","reportingType":"OM","ideess":"11394","idMunicipio":"5728","idProvincia":"38","idCCAA":"05"}}},{"type":"Feature","geometry":{"type":"Point","coordinates":[-16.739556,28.123639]},"properties":{"id":"es-11525","source":"ES","brand":"SHELL","address":"AVENIDA AYYO, 32","municipality":"Adeje","province":"SANTA CRUZ DE TENERIFE","postalCode":"38670","schedule":"L-D: 24H","fuels":{"gasoline95":1.468,"gasoline98":1.614,"diesel":1.548,"dieselPremium":1.674},"extra":{"saleType":"P","margin":"N","reportingType":"dm","ideess":"11525","idMunicipio":"5691","idProvincia":"38","idCCAA":"05"}}},{"type":"Feature","geometry":{"type":"Point","coordinates":[-16.378222,28.495889]},"properties":{"id":"es-11562","source":"ES","brand":"PCAN","address":"CALLE LÁZARO LÓPEZ, 6","municipality":"San Cristóbal de La Laguna","province":"SANTA CRUZ DE TENERIFE","postalCode":"38330","schedule":"L: 06:00-23:00","fuels":{"gasoline95":1.449,"gasoline98":1.556,"diesel":1.539},"extra":{"saleType":"P","margin":"I","reportingType":"dm","ideess":"11562","idMunicipio":"5723","idProvincia":"38","idCCAA":"05"}}},{"type":"Feature","geometry":{"type":"Point","coordinates":[-16.672167,28.390222]},"properties":{"id":"es-11566","source":"ES","brand":"DISA           STO DOMINGO","address":"AVENIDA OCHO DE AGOSTO, 37","municipality":"Guancha (La)","province":"SANTA CRUZ DE TENERIFE","postalCode":"38437","schedule":"L-V: 07:00-20:00; S: 08:00-16:00; D: 08:00-14:00","fuels":{"gasoline95":1.469,"diesel":1.549},"extra":{"saleType":"P","margin":"I","reportingType":"dm","ideess":"11566","idMunicipio":"5708","idProvincia":"38","idCCAA":"05"}}},{"type":"Feature","geometry":{"type":"Point","coordinates":[-16.576167,28.061056]},"properties":{"id":"es-11690","source":"ES","brand":"BP AEROPUERTO REINA SOFIA","address":"CARRETERA ATOGO KM. 0,5","municipality":"Granadilla de Abona","province":"SANTA CRUZ DE TENERIFE","postalCode":"38610","schedule":"L-D: 24H","fuels":{"gasoline95":1.459,"gasoline98":1.599,"diesel":1.549,"dieselPremium":1.669},"extra":{"saleType":"P","margin":"D","reportingType":"OM","ideess":"11690","idMunicipio":"5707","idProvincia":"38","idCCAA":"05"}}},{"type":"Feature","geometry":{"type":"Point","coordinates":[-16.433278,28.169083]},"properties":{"id":"es-11731","source":"ES","brand":"REPSOL","address":"AUTOVIA TF-1 KM. 39","municipality":"Arico","province":"SANTA CRUZ DE TENERIFE","postalCode":"38588","schedule":"L-D: 24H","fuels":{"gasoline95":1.449,"gasoline98":1.589,"diesel":1.529,"dieselRenewable":1.629},"extra":{"saleType":"P","margin":"I","reportingType":"dm","ideess":"11731","idMunicipio":"5695","idProvincia":"38","idCCAA":"05"}}},{"type":"Feature","geometry":{"type":"Point","coordinates":[-16.700722,28.378972]},"properties":{"id":"es-12298","source":"ES","brand":"CEPSA","address":"CARRETERA TF-82 KM. 53,6","municipality":"Icod de los Vinos","province":"SANTA CRUZ DE TENERIFE","postalCode":"38430","schedule":"L-D: 06:00-22:00","fuels":{"gasoline95":1.459,"gasoline98":1.579,"diesel":1.549,"dieselRenewable":1.599},"extra":{"saleType":"P","margin":"I","reportingType":"OM","ideess":"12298","idMunicipio":"5712","idProvincia":"38","idCCAA":"05"}}},{"type":"Feature","geometry":{"type":"Point","coordinates":[-16.67325,28.018417]},"properties":{"id":"es-12370","source":"ES","brand":"REPSOL","address":"CARRETERA GRAL TF-66(GUAZA-GALLE KM. 2","municipality":"Arona","province":"SANTA CRUZ DE TENERIFE","postalCode":"38627","schedule":"L-D: 06:00-22:00","fuels":{"gasoline95":1.409,"gasoline98":1.529,"diesel":1.509},"extra":{"saleType":"P","margin":"D","reportingType":"OM","ideess":"12370","idMunicipio":"5696","idProvincia":"38","idCCAA":"05"}}},{"type":"Feature","geometry":{"type":"Point","coordinates":[-16.550917,28.394056]},"properties":{"id":"es-12381","source":"ES","brand":"BP EL TROMPO","address":"CARRETERA INSULAR TF 333 KM. 0,300","municipality":"Orotava (La)","province":"SANTA CRUZ DE TENERIFE","postalCode":"38312","schedule":"L-D: 06:00-22:00","fuels":{"gasoline95":1.459,"gasoline98":1.599,"diesel":1.549,"dieselPremium":1.669},"extra":{"saleType":"P","margin":"D","reportingType":"OM","ideess":"12381","idMunicipio":"5715","idProvincia":"38","idCCAA":"05"}}},{"type":"Feature","geometry":{"type":"Point","coordinates":[-16.265194,28.455917]},"properties":{"id":"es-12412","source":"ES","brand":"DISA HOGAR TAXISTA","address":"CALLE PANAMA, S/N","municipality":"Santa Cruz de Tenerife","province":"SANTA CRUZ DE TENERIFE","postalCode":"38009","schedule":"L-S: 07:00-21:00; D: 08:00-13:00","fuels":{"diesel":1.549,"dieselPremium":1.652},"extra":{"saleType":"P","margin":"N","reportingType":"dm","ideess":"12412","idMunicipio":"5728","idProvincia":"38","idCCAA":"05"}}},{"type":"Feature","geometry":{"type":"Point","coordinates":[-16.374833,28.325194]},"properties":{"id":"es-12479","source":"ES","brand":"OCÉANO","address":"POLIGONO INDUSTRIAL VALLE DE GÜIMAR MZ. 13, PC. 10, S/N","municipality":"Güímar","province":"SANTA CRUZ DE TENERIFE","postalCode":"38500","schedule":"L-V: 06:00-22:00; S: 07:00-22:00; D: 08:00-21:00","fuels":{"gasoline95":1.289,"gasoline95Premium":1.399,"gasoline98":1.459,"diesel":1.389,"dieselPremium":1.499},"extra":{"saleType":"P","margin":"N","reportingType":"dm","ideess":"12479","idMunicipio":"5710","idProvincia":"38","idCCAA":"05"}}},{"type":"Feature","geometry":{"type":"Point","coordinates":[-16.361917,28.382361]},"properties":{"id":"es-12523","source":"ES","brand":"DISA LAS CALETILLAS","address":"AVENIDA AVDA. MARITIMA, 198","municipality":"Candelaria","province":"SANTA CRUZ DE TENERIFE","postalCode":"38530","schedule":"L-S: 06:00-23:00; D: 08:00-22:00","fuels":{"gasoline95":1.489,"gasoline98":1.569,"diesel":1.549,"dieselPremium":1.659},"extra":{"saleType":"P","margin":"N","reportingType":"OM","ideess":"12523","idMunicipio":"5701","idProvincia":"38","idCCAA":"05"}}},{"type":"Feature","geometry":{"type":"Point","coordinates":[-16.372333,28.331222]},"properties":{"id":"es-12630","source":"ES","brand":"REPSOL","address":"PLAZA IND VALLE GUIMAR MANZ-, S/N","municipality":"Arafo","province":"SANTA CRUZ DE TENERIFE","postalCode":"38550","schedule":"L-D: 06:00-22:00","fuels":{"gasoline95":1.449,"gasoline98":1.559,"diesel":1.529,"dieselRenewable":1.679},"extra":{"saleType":"P","margin":"D","reportingType":"OM","ideess":"12630","idMunicipio":"5694","idProvincia":"38","idCCAA":"05"}}},{"type":"Feature","geometry":{"type":"Point","coordinates":[-16.738278,28.118361]},"properties":{"id":"es-12776","source":"ES","brand":"BP COOP SAN SEBASTIAN","address":"CALLE CHARFA, 28","municipality":"Adeje","province":"SANTA CRUZ DE TENERIFE","postalCode":"38670","schedule":"L-S: 06:00-22:00; D: 07:00-22:00","fuels":{"gasoline95":1.459,"gasoline98":1.599,"diesel":1.549,"dieselPremium":1.669},"extra":{"saleType":"P","margin":"N","reportingType":"OM","ideess":"12776","idMunicipio":"5691","idProvincia":"38","idCCAA":"05"}}},{"type":"Feature","geometry":{"type":"Point","coordinates":[-16.738389,28.125889]},"properties":{"id":"es-12784","source":"ES","brand":"REPSOL","address":"AVENIDA AYYO DE  EN  ADEJE, 22","municipality":"Adeje","province":"SANTA CRUZ DE TENERIFE","postalCode":"38670","schedule":"L-D: 24H","fuels":{"gasoline95":1.468,"gasoline98":1.614,"diesel":1.548,"dieselRenewable":1.674},"extra":{"saleType":"P","margin":"D","reportingType":"dm","ideess":"12784","idMunicipio":"5691","idProvincia":"38","idCCAA":"05"}}},{"type":"Feature","geometry":{"type":"Point","coordinates":[-16.376361,28.331611]},"properties":{"id":"es-13012","source":"ES","brand":"BP POLIGONO GUIMAR","address":"POLIGONO PLAN PARCIAL EL CARRETON  EN  HIDALGA LA, S/N","municipality":"Arafo","province":"SANTA CRUZ DE TENERIFE","postalCode":"38550","schedule":"L-D: 24H","fuels":{"gasoline95":1.459,"gasoline98":1.599,"diesel":1.549,"dieselPremium":1.669,"adblue":1.859},"extra":{"saleType":"P","margin":"D","reportingType":"OM","ideess":"13012","idMunicipio":"5694","idProvincia":"38","idCCAA":"05"}}},{"type":"Feature","geometry":{"type":"Point","coordinates":[-16.611694,28.049472]},"properties":{"id":"es-13201","source":"ES","brand":"PCAN","address":"AVENIDA MODESTO HERNANDEZ GONZALEZ, 7","municipality":"San Miguel de Abona","province":"SANTA CRUZ DE TENERIFE","postalCode":"38639","schedule":"L-D: 24H","fuels":{"gasoline95":1.398,"gasoline98":1.498,"diesel":1.497},"extra":{"saleType":"P","margin":"D","reportingType":"OM","ideess":"13201","idMunicipio":"5725","idProvincia":"38","idCCAA":"05"}}},{"type":"Feature","geometry":{"type":"Point","coordinates":[-16.722444,28.069]},"properties":{"id":"es-13228","source":"ES","brand":"BP SIAM MALL","address":"AVENIDA SIAM  EN  COSTA ADEJE, 6","municipality":"Adeje","province":"SANTA CRUZ DE TENERIFE","postalCode":"38660","schedule":"L-D: 24H","fuels":{"gasoline95":1.459,"gasoline98":1.599,"diesel":1.549,"dieselPremium":1.669},"extra":{"saleType":"P","margin":"D","reportingType":"OM","ideess":"13228","idMunicipio":"5691","idProvincia":"38","idCCAA":"05"}}},{"type":"Feature","geometry":{"type":"Point","coordinates":[-16.614556,28.056056]},"properties":{"id":"es-13292","source":"ES","brand":"OCÉANO","address":"AVENIDA LUCIO DIAZ FLORES FEO, MZ 27, FINCA 11B, S7N","municipality":"San Miguel de Abona","province":"SANTA CRUZ DE TENERIFE","postalCode":"38639","schedule":"L-D: 24H","fuels":{"gasoline95":1.345,"gasoline95Premium":1.399,"gasoline98":1.499,"diesel":1.415,"dieselPremium":1.499},"extra":{"saleType":"P","margin":"N","reportingType":"dm","ideess":"13292","idMunicipio":"5725","idProvincia":"38","idCCAA":"05"}}},{"type":"Feature","geometry":{"type":"Point","coordinates":[-16.336583,28.483556]},"properties":{"id":"es-13353","source":"ES","brand":"ES TAXLAGUNA","address":"CAMINO DE LA VILLA, 175","municipality":"San Cristóbal de La Laguna","province":"SANTA CRUZ DE TENERIFE","postalCode":"38206","schedule":"L-V: 06:30-22:00; S-D: 08:00-22:00","fuels":{"gasoline95":1.456,"gasoline98":1.574,"diesel":1.527,"dieselPremium":1.572,"adblue":1.18},"extra":{"saleType":"P","margin":"I","reportingType":"dm","ideess":"13353","idMunicipio":"5723","idProvincia":"38","idCCAA":"05"}}},{"type":"Feature","geometry":{"type":"Point","coordinates":[-16.739528,28.11925]},"properties":{"id":"es-13639","source":"ES","brand":"GMOIL","address":"CALLE CHARFA ESQUINA AVENIDA LAS PALMITAS, S/N","municipality":"Adeje","province":"SANTA CRUZ DE TENERIFE","postalCode":"38670","schedule":"L-S: 07:00-22:00; D: 09:00-16:00","fuels":{"gasoline95":1.349,"diesel":1.449},"extra":{"saleType":"P","margin":"D","reportingType":"dm","ideess":"13639","idMunicipio":"5691","idProvincia":"38","idCCAA":"05"}}},{"type":"Feature","geometry":{"type":"Point","coordinates":[-16.611694,28.055833]},"properties":{"id":"es-13694","source":"ES","brand":"MOEVE","address":"CARRETERA A LOS ABRIGOS KM. 4,5","municipality":"San Miguel de Abona","province":"SANTA CRUZ DE TENERIFE","postalCode":"38639","schedule":"L-V: 06:00-20:00; S: 07:00-20:00; D: 07:00-14:00","fuels":{"gasoline95":1.449,"gasoline98":1.589,"diesel":1.519,"dieselPremium":1.619},"extra":{"saleType":"P","margin":"D","reportingType":"dm","ideess":"13694","idMunicipio":"5725","idProvincia":"38","idCCAA":"05"}}},{"type":"Feature","geometry":{"type":"Point","coordinates":[-16.290639,28.483917]},"properties":{"id":"es-13837","source":"ES","brand":"OCÉANO","address":"CARRETERA TF-111 KM. 8,346","municipality":"San Cristóbal de La Laguna","province":"SANTA CRUZ DE TENERIFE","postalCode":"38200","schedule":"L-S: 06:00-22:00; D: 07:00-22:00","fuels":{"gasoline95":1.275,"gasoline98":1.458,"diesel":1.399,"dieselPremium":1.499},"extra":{"saleType":"P","margin":"D","reportingType":"dm","ideess":"13837","idMunicipio":"5723","idProvincia":"38","idCCAA":"05"}}},{"type":"Feature","geometry":{"type":"Point","coordinates":[-16.281361,28.445778]},"properties":{"id":"es-13966","source":"ES","brand":"GMOIL","address":"CALLE LAURA GROTE DE LA PUERTA, 2","municipality":"Santa Cruz de Tenerife","province":"SANTA CRUZ DE TENERIFE","postalCode":"38110","schedule":"L-V: 24H; S: 06:00-20:00; D: 08:00-15:00","fuels":{"gasoline95":1.279,"diesel":1.459},"extra":{"saleType":"P","margin":"D","reportingType":"dm","ideess":"13966","idMunicipio":"5728","idProvincia":"38","idCCAA":"05"}}},{"type":"Feature","geometry":{"type":"Point","coordinates":[-16.839111,28.226778]},"properties":{"id":"es-13972","source":"ES","brand":"CEPSA","address":"AVENIDA LA GAVIOTA, 1","municipality":"Guía de Isora","province":"SANTA CRUZ DE TENERIFE","postalCode":"38680","schedule":"L-D: 06:00-22:00","fuels":{"gasoline95":1.479,"gasoline98":1.599,"diesel":1.559,"dieselPremium":1.659},"extra":{"saleType":"P","margin":"I","reportingType":"dm","ideess":"13972","idMunicipio":"5709","idProvincia":"38","idCCAA":"05"}}},{"type":"Feature","geometry":{"type":"Point","coordinates":[-16.728333,28.090222]},"properties":{"id":"es-13992","source":"ES","brand":"MOEVE","address":"CALLE DUBLIN, 1","municipality":"Adeje","province":"SANTA CRUZ DE TENERIFE","postalCode":"38660","schedule":"L-D: 24H","fuels":{"gasoline95":1.479,"gasoline98":1.599,"diesel":1.559,"dieselRenewable":1.659},"extra":{"saleType":"P","margin":"I","reportingType":"OM","ideess":"13992","idMunicipio":"5691","idProvincia":"38","idCCAA":"05"}}},{"type":"Feature","geometry":{"type":"Point","coordinates":[-16.291444,28.447056]},"properties":{"id":"es-14262","source":"ES","brand":"MOEVE","address":"CARRETERA ROSARIO (DEL) KM. 186","municipality":"Santa Cruz de Tenerife","province":"SANTA CRUZ DE TENERIFE","postalCode":"38108","schedule":"L-D: 24H","fuels":{"gasoline95":1.449,"gasoline98":1.569,"diesel":1.559,"dieselRenewable":1.609,"lpg":0.939},"extra":{"saleType":"P","margin":"D","reportingType":"OM","ideess":"14262","idMunicipio":"5728","idProvincia":"38","idCCAA":"05"}}},{"type":"Feature","geometry":{"type":"Point","coordinates":[-16.282361,28.445306]},"properties":{"id":"es-14353","source":"ES","brand":"CANARY OIL, S.L.","address":"CALLE SUBIDA AL MAYORAZGO, 7","municipality":"Santa Cruz de Tenerife","province":"SANTA CRUZ DE TENERIFE","postalCode":"38010","schedule":"L-D: 24H","fuels":{"gasoline95":1.275,"gasoline98":1.345,"diesel":1.385,"adblue":0.98},"extra":{"saleType":"P","margin":"D","reportingType":"dm","ideess":"14353","idMunicipio":"5728","idProvincia":"38","idCCAA":"05"}}},{"type":"Feature","geometry":{"type":"Point","coordinates":[-16.628556,28.046639]},"properties":{"id":"es-14423","source":"ES","brand":"ESTACIÓN DE SERVICIO EL GOMERO","address":"AVENIDA EUGENIO DOMINGUEZ SIERRA, 48","municipality":"San Miguel de Abona","province":"SANTA CRUZ DE TENERIFE","postalCode":"38639","schedule":"L-D: 24H","fuels":{"gasoline95":1.399,"gasoline98":1.499,"diesel":1.519,"dieselPremium":1.609,"lpg":0.963,"adblue":1.465},"extra":{"saleType":"P","margin":"D","reportingType":"dm","ideess":"14423","idMunicipio":"5725","idProvincia":"38","idCCAA":"05"}}},{"type":"Feature","geometry":{"type":"Point","coordinates":[-16.574694,28.381417]},"properties":{"id":"es-14769","source":"ES","brand":"OCÉANO LOS REALEJOS","address":"POLIGONO LA GAÑANÍA, 6","municipality":"Realejos (Los)","province":"SANTA CRUZ DE TENERIFE","postalCode":"38419","schedule":"L-S: 06:00-22:00; D: 07:00-22:00","fuels":{"gasoline95":1.368,"gasoline98":1.427,"diesel":1.435,"dieselPremium":1.545},"extra":{"saleType":"P","margin":"D","reportingType":"dm","ideess":"14769","idMunicipio":"5720","idProvincia":"38","idCCAA":"05"}}},{"type":"Feature","geometry":{"type":"Point","coordinates":[-16.281194,28.441806]},"properties":{"id":"es-14868","source":"ES","brand":"DISA EL MAYORAZGO","address":"CALLE JESUS HERNANDEZ GUZMAN, 12","municipality":"Santa Cruz de Tenerife","province":"SANTA CRUZ DE TENERIFE","postalCode":"38010","schedule":"L-D: 06:00-22:00","fuels":{"gasoline95":1.385,"gasoline98":1.539,"diesel":1.529,"dieselRenewable":1.638,"lpg":0.898,"cng":1.505,"adblue":1.81},"extra":{"saleType":"P","margin":"N","reportingType":"OM","ideess":"14868","idMunicipio":"5728","idProvincia":"38","idCCAA":"05"}}},{"type":"Feature","geometry":{"type":"Point","coordinates":[-16.389139,28.486806]},"properties":{"id":"es-14982","source":"ES","brand":"MOEVE LOS NARANJEROS","address":"CARRETERA GENERAL NORTE  EN  CANTILLO EL KM. 386","municipality":"Tacoronte","province":"SANTA CRUZ DE TENERIFE","postalCode":"38350","schedule":"L-D: 06:00-22:00","fuels":{"gasoline95":1.459,"gasoline98":1.579,"diesel":1.559,"dieselPremium":1.659},"extra":{"saleType":"P","margin":"D","reportingType":"dm","ideess":"14982","idMunicipio":"5733","idProvincia":"38","idCCAA":"05"}}},{"type":"Feature","geometry":{"type":"Point","coordinates":[-16.576639,28.383806]},"properties":{"id":"es-15044","source":"ES","brand":"PETROPRIX","address":"CALLE ANAGA, 1","municipality":"Realejos (Los)","province":"SANTA CRUZ DE TENERIFE","postalCode":"38419","schedule":"L-D: 24H","fuels":{"gasoline95":1.369,"diesel":1.455},"extra":{"saleType":"P","margin":"N","reportingType":"dm","ideess":"15044","idMunicipio":"5720","idProvincia":"38","idCCAA":"05"}}},{"type":"Feature","geometry":{"type":"Point","coordinates":[-16.350528,28.524306]},"properties":{"id":"es-15101","source":"ES","brand":"BP TEGUESTE","address":"CARRETERA GENERAL A PUNTA HIDALGO KM. 320","municipality":"Tegueste","province":"SANTA CRUZ DE TENERIFE","postalCode":"38280","schedule":"L-V: 06:00-22:00; S-D: 07:00-22:00","fuels":{"gasoline95":1.459,"gasoline98":1.599,"diesel":1.549,"dieselPremium":1.669},"extra":{"saleType":"P","margin":"D","reportingType":"OM","ideess":"15101","idMunicipio":"5736","idProvincia":"38","idCCAA":"05"}}},{"type":"Feature","geometry":{"type":"Point","coordinates":[-16.4085,28.478]},"properties":{"id":"es-15182","source":"ES","brand":"DISA TACORONTE","address":"CARRETERA GENERAL DEL NORTE (TF-152  EN  TACORONTE KM. 152","municipality":"Tacoronte","province":"SANTA CRUZ DE TENERIFE","postalCode":"38350","schedule":"L-D: 06:00-22:00","fuels":{"gasoline95":1.495,"gasoline98":1.609,"diesel":1.599,"dieselPremium":1.709,"adblue":1.81},"extra":{"saleType":"P","margin":"N","reportingType":"OM","ideess":"15182","idMunicipio":"5733","idProvincia":"38","idCCAA":"05"}}},{"type":"Feature","geometry":{"type":"Point","coordinates":[-16.296028,28.451278]},"properties":{"id":"es-15534","source":"ES","brand":"OCÉANO TACO","address":"CALLE SANTA AMELIA, 20","municipality":"San Cristóbal de La Laguna","province":"SANTA CRUZ DE TENERIFE","postalCode":"38108","schedule":"L-J: 06:00-00:00; V: 24H; S-D: 06:00-02:00","fuels":{"gasoline95":1.275,"gasoline98":1.449,"diesel":1.399,"dieselPremium":1.499},"extra":{"saleType":"P","margin":"D","reportingType":"dm","ideess":"15534","idMunicipio":"5723","idProvincia":"38","idCCAA":"05"}}},{"type":"Feature","geometry":{"type":"Point","coordinates":[-16.349528,28.490056]},"properties":{"id":"es-15575","source":"ES","brand":"PCAN","address":"CARRETERA TF-152 KM. 2,08","municipality":"San Cristóbal de La Laguna","province":"SANTA CRUZ DE TENERIFE","postalCode":"38206","schedule":"L-D: 24H","fuels":{"gasoline95":1.439,"gasoline98":1.579,"diesel":1.529},"extra":{"saleType":"P","margin":"D","reportingType":"OM","ideess":"15575","idMunicipio":"5723","idProvincia":"38","idCCAA":"05"}}},{"type":"Feature","geometry":{"type":"Point","coordinates":[-16.318083,28.414583]},"properties":{"id":"es-15713","source":"ES","brand":"TGAS EL ROSARIO","address":"CALLE ISAAC PERAL, 10","municipality":"Rosario (El)","province":"SANTA CRUZ DE TENERIFE","postalCode":"38109","schedule":"L-V: 06:00-20:00; S: 07:00-17:00","fuels":{"gasoline95":1.459,"gasoline98":1.559,"diesel":1.549,"dieselPremium":1.599,"adblue":1.15},"extra":{"saleType":"P","margin":"D","reportingType":"dm","ideess":"15713","idMunicipio":"5721","idProvincia":"38","idCCAA":"05"}}},{"type":"Feature","geometry":{"type":"Point","coordinates":[-16.696194,28.379667]},"properties":{"id":"es-15846","source":"ES","brand":"RED DE COMBUSTIBLES CANARIOS","address":"CAMINO LA PITERA, 10","municipality":"Icod de los Vinos","province":"SANTA CRUZ DE TENERIFE","postalCode":"38430","schedule":"L-D: 24H","fuels":{"gasoline95":1.369,"diesel":1.439,"adblue":1.343},"extra":{"saleType":"P","margin":"I","reportingType":"dm","ideess":"15846","idMunicipio":"5712","idProvincia":"38","idCCAA":"05"}}},{"type":"Feature","geometry":{"type":"Point","coordinates":[-16.54125,28.3945]},"properties":{"id":"es-15901","source":"ES","brand":"PLENERGY","address":"CALLE ALBAÑILERIA, S/N","municipality":"Orotava (La)","province":"SANTA CRUZ DE TENERIFE","postalCode":"38312","schedule":"L-D: 24H","fuels":{"gasoline95":1.369,"diesel":1.455},"extra":{"saleType":"P","margin":"D","reportingType":"dm","ideess":"15901","idMunicipio":"5715","idProvincia":"38","idCCAA":"05"}}},{"type":"Feature","geometry":{"type":"Point","coordinates":[-16.612417,28.054361]},"properties":{"id":"es-15913","source":"ES","brand":"PLENERGY","address":"CALLE MENCEY ADJONA, S/N","municipality":"San Miguel de Abona","province":"SANTA CRUZ DE TENERIFE","postalCode":"38639","schedule":"L-D: 24H","fuels":{"gasoline95":1.345,"diesel":1.415},"extra":{"saleType":"P","margin":"D","reportingType":"dm","ideess":"15913","idMunicipio":"5725","idProvincia":"38","idCCAA":"05"}}},{"type":"Feature","geometry":{"type":"Point","coordinates":[-16.737917,28.126833]},"properties":{"id":"es-16015","source":"ES","brand":"PLENERGY","address":"AVENIDA DE AYYO, 16","municipality":"Adeje","province":"SANTA CRUZ DE TENERIFE","postalCode":"38670","schedule":"L-D: 24H","fuels":{"gasoline95":1.359,"diesel":1.429},"extra":{"saleType":"P","margin":"D","reportingType":"dm","ideess":"16015","idMunicipio":"5691","idProvincia":"38","idCCAA":"05"}}},{"type":"Feature","geometry":{"type":"Point","coordinates":[-16.56075,28.067333]},"properties":{"id":"es-16132","source":"ES","brand":"REPSOL","address":"VÍA LADO AIRE AEROPUERTO TENERIFE SUR, 1","municipality":"Granadilla de Abona","province":"SANTA CRUZ DE TENERIFE","postalCode":"38610","schedule":"L-D: 24H","fuels":{"gasoline95":1.449,"gasoline98":1.579,"diesel":1.539,"dieselPremium":1.659},"extra":{"saleType":"P","margin":"D","reportingType":"OM","ideess":"16132","idMunicipio":"5707","idProvincia":"38","idCCAA":"05"}}},{"type":"Feature","geometry":{"type":"Point","coordinates":[-16.37775,28.332694]},"properties":{"id":"es-16177","source":"ES","brand":"PLENERGY","address":"CALLE CAMINO LA MOLINETA POLÍGONO EL CARRETÓN, S/N","municipality":"Arafo","province":"SANTA CRUZ DE TENERIFE","postalCode":"38550","schedule":"L-D: 24H","fuels":{"gasoline95":1.289,"diesel":1.389},"extra":{"saleType":"P","margin":"D","reportingType":"dm","ideess":"16177","idMunicipio":"5694","idProvincia":"38","idCCAA":"05"}}},{"type":"Feature","geometry":{"type":"Point","coordinates":[-16.378528,28.331972]},"properties":{"id":"es-16267","source":"ES","brand":"H2EXAGON ARAFO","address":"POLIGONO POLIGONO INDUSTRIAL EL CARRETON, PARCELA 1.6, S/N","municipality":"Arafo","province":"SANTA CRUZ DE TENERIFE","postalCode":"38550","schedule":"L-D: 24H","fuels":{"gasoline95":1.299,"gasoline98":1.399,"diesel":1.399,"dieselPremium":1.499},"extra":{"saleType":"P","margin":"D","reportingType":"dm","ideess":"16267","idMunicipio":"5694","idProvincia":"38","idCCAA":"05"}}},{"type":"Feature","geometry":{"type":"Point","coordinates":[-16.543389,28.394806]},"properties":{"id":"es-16315","source":"ES","brand":"PLENERGY","address":"CALLE MOLINOS DE GOLFO, S/N","municipality":"Orotava (La)","province":"SANTA CRUZ DE TENERIFE","postalCode":"38312","schedule":"L-D: 24H","fuels":{"gasoline95":1.369,"diesel":1.455},"extra":{"saleType":"P","margin":"D","reportingType":"dm","ideess":"16315","idMunicipio":"5715","idProvincia":"38","idCCAA":"05"}}},{"type":"Feature","geometry":{"type":"Point","coordinates":[-16.266972,28.453944]},"properties":{"id":"es-16466","source":"ES","brand":"E.S. OCÉANO SANTA CRUZ","address":"CALLE PANAMÁ, 9","municipality":"Santa Cruz de Tenerife","province":"SANTA CRUZ DE TENERIFE","postalCode":"38009","schedule":"L-D: 06:00-22:00","fuels":{"gasoline95":1.275,"gasoline98":1.449,"diesel":1.499,"dieselPremium":1.385},"extra":{"saleType":"P","margin":"I","reportingType":"dm","ideess":"16466","idMunicipio":"5728","idProvincia":"38","idCCAA":"05"}}},{"type":"Feature","geometry":{"type":"Point","coordinates":[-16.546417,28.056222]},"properties":{"id":"es-7616","source":"ES","brand":"MOEVE","address":"SAN ISIDRO-EL MÉDANO km 9.6","municipality":"Granadilla de Abona","province":"SANTA CRUZ DE TENERIFE","postalCode":"38600","schedule":"L-D: 06:00-22:00","fuels":{"gasoline95":1.449,"gasoline98":1.589,"diesel":1.519,"dieselPremium":1.619},"extra":{"saleType":"P","margin":"D","reportingType":"dm","ideess":"7616","idMunicipio":"5707","idProvincia":"38","idCCAA":"05"}}},{"type":"Feature","geometry":{"type":"Point","coordinates":[-16.411944,28.313028]},"properties":{"id":"es-7621","source":"ES","brand":"MOEVE","address":"AVENIDA OBISPO PEREZ CACERES, 45","municipality":"Güímar","province":"SANTA CRUZ DE TENERIFE","postalCode":"38500","schedule":"L-S: 06:00-22:00; D: 06:00-14:00","fuels":{"gasoline95":1.449,"gasoline98":1.569,"diesel":1.549},"extra":{"saleType":"P","margin":"I","reportingType":"dm","ideess":"7621","idMunicipio":"5710","idProvincia":"38","idCCAA":"05"}}},{"type":"Feature","geometry":{"type":"Point","coordinates":[-16.543778,28.412528]},"properties":{"id":"es-7624","source":"ES","brand":"CEPSA PUERTO DE LA CRUZ","address":"CALLE CARRETERA DEL BOTANICO, 24","municipality":"Puerto de la Cruz","province":"SANTA CRUZ DE TENERIFE","postalCode":"38400","schedule":"L: 06:00-00:00","fuels":{"gasoline95":1.439,"gasoline98":1.559,"diesel":1.499,"dieselPremium":1.599},"extra":{"saleType":"P","margin":"N","reportingType":"dm","ideess":"7624","idMunicipio":"5717","idProvincia":"38","idCCAA":"05"}}},{"type":"Feature","geometry":{"type":"Point","coordinates":[-16.574639,28.05]},"properties":{"id":"es-7626","source":"ES","brand":"REPSOL","address":"ACCESO ACCESO AEROPUERTO TENERIFE SUR, 1","municipality":"Granadilla de Abona","province":"SANTA CRUZ DE TENERIFE","postalCode":"38610","schedule":"L-D: 24H","fuels":{"gasoline95":1.429,"gasoline98":1.559,"diesel":1.519,"dieselRenewable":1.669},"extra":{"saleType":"P","margin":"D","reportingType":"OM","ideess":"7626","idMunicipio":"5707","idProvincia":"38","idCCAA":"05"}}},{"type":"Feature","geometry":{"type":"Point","coordinates":[-16.268139,28.455028]},"properties":{"id":"es-7628","source":"ES","brand":"CEPSA","address":"CALLE FILIPINAS, 9","municipality":"Santa Cruz de Tenerife","province":"SANTA CRUZ DE TENERIFE","postalCode":"38009","schedule":"L-V: 07:00-15:00","fuels":{"gasoline95":1.429,"gasoline98":1.549,"diesel":1.539},"extra":{"saleType":"P","margin":"N","reportingType":"dm","ideess":"7628","idMunicipio":"5728","idProvincia":"38","idCCAA":"05"}}},{"type":"Feature","geometry":{"type":"Point","coordinates":[-16.30725,28.447444]},"properties":{"id":"es-7634","source":"ES","brand":"CEPSA LOS ANDENES","address":"AVENIDA PASO EL (LOS MAJUELOS), 108","municipality":"San Cristóbal de La Laguna","province":"SANTA CRUZ DE TENERIFE","postalCode":"38108","schedule":"L-D: 24H","fuels":{"gasoline95":1.449,"gasoline98":1.569,"diesel":1.559,"dieselPremium":1.659},"extra":{"saleType":"P","margin":"N","reportingType":"dm","ideess":"7634","idMunicipio":"5723","idProvincia":"38","idCCAA":"05"}}},{"type":"Feature","geometry":{"type":"Point","coordinates":[-16.396,28.469528]},"properties":{"id":"es-7636","source":"ES","brand":"CEPSA AGUA GARCIA","address":"CALLE CAMINO REAL, 163","municipality":"Tacoronte","province":"SANTA CRUZ DE TENERIFE","postalCode":"38350","schedule":"L-S: 06:00-22:00; D: 08:00-22:00","fuels":{"gasoline95":1.459,"gasoline98":1.579,"diesel":1.559,"dieselPremium":1.669,"adblue":1.8},"extra":{"saleType":"P","margin":"N","reportingType":"dm","ideess":"7636","idMunicipio":"5733","idProvincia":"38","idCCAA":"05"}}},{"type":"Feature","geometry":{"type":"Point","coordinates":[-16.282167,28.436528]},"properties":{"id":"es-7637","source":"ES","brand":"MOEVE","address":"AUTOPISTA TF-21 KM. 3,5","municipality":"Santa Cruz de Tenerife","province":"SANTA CRUZ DE TENERIFE","postalCode":"38108","schedule":"L-D: 24H","fuels":{"gasoline95":1.459,"gasoline98":1.579,"diesel":1.569,"dieselRenewable":1.619},"extra":{"saleType":"P","margin":"D","reportingType":"OM","ideess":"7637","idMunicipio":"5728","idProvincia":"38","idCCAA":"05"}}},{"type":"Feature","geometry":{"type":"Point","coordinates":[-16.38625,28.328917]},"properties":{"id":"es-7639","source":"ES","brand":"CEPSA","address":"ACCESO CARRETERA A LA HIDALGA, 0","municipality":"Arafo","province":"SANTA CRUZ DE TENERIFE","postalCode":"38550","schedule":"L-D: 24H","fuels":{"gasoline95":1.449,"gasoline98":1.569,"diesel":1.549,"dieselRenewable":1.649},"extra":{"saleType":"P","margin":"I","reportingType":"OM","ideess":"7639","idMunicipio":"5694","idProvincia":"38","idCCAA":"05"}}},{"type":"Feature","geometry":{"type":"Point","coordinates":[-16.659333,28.091167]},"properties":{"id":"es-7640","source":"ES","brand":"MOEVE","address":"CARRETERA CARRETERA  GENERAL KM. 136","municipality":"Arona","province":"SANTA CRUZ DE TENERIFE","postalCode":"38626","schedule":"L-D: 06:00-22:00","fuels":{"gasoline95":1.479,"gasoline98":1.599,"diesel":1.559,"dieselRenewable":1.659},"extra":{"saleType":"P","margin":"D","reportingType":"OM","ideess":"7640","idMunicipio":"5696","idProvincia":"38","idCCAA":"05"}}},{"type":"Feature","geometry":{"type":"Point","coordinates":[-16.434917,28.475944]},"properties":{"id":"es-7674","source":"ES","brand":"CEPSA","address":"CR TF-172, 0,9","municipality":"Sauzal (El)","province":"SANTA CRUZ DE TENERIFE","postalCode":"38360","schedule":"L-D: 06:00-22:00","fuels":{"gasoline95":1.459,"gasoline98":1.579,"diesel":1.539,"dieselPremium":1.639},"extra":{"saleType":"P","margin":"D","reportingType":"dm","ideess":"7674","idMunicipio":"5731","idProvincia":"38","idCCAA":"05"}}},{"type":"Feature","geometry":{"type":"Point","coordinates":[-16.316889,28.456083]},"properties":{"id":"es-7675","source":"ES","brand":"REPSOL","address":"CAMINO SAN MIGUEL DE GENETO, 148","municipality":"San Cristóbal de La Laguna","province":"SANTA CRUZ DE TENERIFE","postalCode":"38296","schedule":"L: 24H","fuels":{"gasoline95":1.429,"gasoline98":1.549,"diesel":1.549,"dieselRenewable":1.699},"extra":{"saleType":"P","margin":"D","reportingType":"OM","ideess":"7675","idMunicipio":"5723","idProvincia":"38","idCCAA":"05"}}},{"type":"Feature","geometry":{"type":"Point","coordinates":[-16.610389,28.084444]},"properties":{"id":"es-7676","source":"ES","brand":"REPSOL","address":"CARRETERA TF-65 KM. 3,9","municipality":"San Miguel de Abona","province":"SANTA CRUZ DE TENERIFE","postalCode":"38628","schedule":"L-D: 06:00-23:00","fuels":{"gasoline95":1.449,"gasoline98":1.589,"diesel":1.519,"dieselRenewable":1.629},"extra":{"saleType":"P","margin":"I","reportingType":"dm","ideess":"7676","idMunicipio":"5725","idProvincia":"38","idCCAA":"05"}}},{"type":"Feature","geometry":{"type":"Point","coordinates":[-16.509972,28.377028]},"properties":{"id":"es-7677","source":"ES","brand":"REPSOL BARROSO","address":"CARRETERA TF-21 AGUAMANSA KM. ","municipality":"Orotava (La)","province":"SANTA CRUZ DE TENERIFE","postalCode":"38300","schedule":"L-D: 06:00-22:00","fuels":{"gasoline95":1.399,"gasoline98":1.549,"diesel":1.499},"extra":{"saleType":"P","margin":"I","reportingType":"dm","ideess":"7677","idMunicipio":"5715","idProvincia":"38","idCCAA":"05"}}},{"type":"Feature","geometry":{"type":"Point","coordinates":[-16.484667,28.428722]},"properties":{"id":"es-7678","source":"ES","brand":"REPSOL","address":"CARRETERA VIEJA KM. 213","municipality":"Santa Úrsula","province":"SANTA CRUZ DE TENERIFE","postalCode":"38390","schedule":"L-S: 06:00-23:00; D: 07:00-23:00","fuels":{"gasoline95":1.469,"gasoline98":1.549,"diesel":1.539},"extra":{"saleType":"P","margin":"I","reportingType":"dm","ideess":"7678","idMunicipio":"5729","idProvincia":"38","idCCAA":"05"}}},{"type":"Feature","geometry":{"type":"Point","coordinates":[-16.777139,28.356333]},"properties":{"id":"es-7682","source":"ES","brand":"REPSOL","address":"CARRETERA TF-82 KM. 8","municipality":"Tanque (El)","province":"SANTA CRUZ DE TENERIFE","postalCode":"38435","schedule":"L-D: 06:00-21:00","fuels":{"gasoline95":1.429,"gasoline98":1.539,"diesel":1.539},"extra":{"saleType":"P","margin":"I","reportingType":"dm","ideess":"7682","idMunicipio":"5734","idProvincia":"38","idCCAA":"05"}}},{"type":"Feature","geometry":{"type":"Point","coordinates":[-16.642333,28.393972]},"properties":{"id":"es-7683","source":"ES","brand":"REPSOL","address":"CARRETERA TF-5 KM. 46,3","municipality":"San Juan de la Rambla","province":"SANTA CRUZ DE TENERIFE","postalCode":"38420","schedule":"L-V: 05:30-20:30; S-D: 08:00-20:00","fuels":{"gasoline95":1.449,"gasoline98":1.569,"diesel":1.539,"dieselRenewable":1.689},"extra":{"saleType":"P","margin":"I","reportingType":"OM","ideess":"7683","idMunicipio":"5724","idProvincia":"38","idCCAA":"05"}}},{"type":"Feature","geometry":{"type":"Point","coordinates":[-16.569833,28.362694]},"properties":{"id":"es-7684","source":"ES","brand":"REPSOL","address":"CARRETERA TF-326 KM. 4,159","municipality":"Realejos (Los)","province":"SANTA CRUZ DE TENERIFE","postalCode":"38415","schedule":"L-D: 06:30-00:00","fuels":{"gasoline95":1.47,"gasoline98":1.58,"diesel":1.63},"extra":{"saleType":"P","margin":"D","reportingType":"dm","ideess":"7684","idMunicipio":"5720","idProvincia":"38","idCCAA":"05"}}},{"type":"Feature","geometry":{"type":"Point","coordinates":[-16.571389,28.377083]},"properties":{"id":"es-7685","source":"ES","brand":"REPSOL","address":"CALLE PIÑERA, SN","municipality":"Realejos (Los)","province":"SANTA CRUZ DE TENERIFE","postalCode":"38413","schedule":"L: 06:00-00:00","fuels":{"gasoline95":1.484,"gasoline98":1.59,"diesel":1.63,"dieselPremium":1.64},"extra":{"saleType":"P","margin":"I","reportingType":"dm","ideess":"7685","idMunicipio":"5720","idProvincia":"38","idCCAA":"05"}}},{"type":"Feature","geometry":{"type":"Point","coordinates":[-16.3545,28.490667]},"properties":{"id":"es-7686","source":"ES","brand":"REPSOL","address":"CARRETERA GENERAL DEL NORTE KM. 13200","municipality":"San Cristóbal de La Laguna","province":"SANTA CRUZ DE TENERIFE","postalCode":"38295","schedule":"L-D: 24H","fuels":{"gasoline95":1.457,"gasoline98":1.598,"diesel":1.549,"dieselRenewable":1.575},"extra":{"saleType":"P","margin":"I","reportingType":"dm","ideess":"7686","idMunicipio":"5723","idProvincia":"38","idCCAA":"05"}}},{"type":"Feature","geometry":{"type":"Point","coordinates":[-16.304861,28.464694]},"properties":{"id":"es-7688","source":"ES","brand":"REPSOL","address":"CALLE LIBERTAD, S/N","municipality":"San Cristóbal de La Laguna","province":"SANTA CRUZ DE TENERIFE","postalCode":"38108","schedule":"L-D: 24H","fuels":{"gasoline95":1.429,"gasoline98":1.549,"diesel":1.549,"dieselRenewable":1.699},"extra":{"saleType":"P","margin":"D","reportingType":"OM","ideess":"7688","idMunicipio":"5723","idProvincia":"38","idCCAA":"05"}}},{"type":"Feature","geometry":{"type":"Point","coordinates":[-16.398583,28.510556]},"properties":{"id":"es-7690","source":"ES","brand":"REPSOL","address":"CARRETERA TF-16 KM. 4,4","municipality":"San Cristóbal de La Laguna","province":"SANTA CRUZ DE TENERIFE","postalCode":"38270","schedule":"L-D: 06:00-22:00","fuels":{"gasoline95":1.469,"gasoline98":1.596,"diesel":1.527,"dieselRenewable":1.547},"extra":{"saleType":"P","margin":"I","reportingType":"dm","ideess":"7690","idMunicipio":"5723","idProvincia":"38","idCCAA":"05"}}},{"type":"Feature","geometry":{"type":"Point","coordinates":[-16.534722,28.073333]},"properties":{"id":"es-7692","source":"ES","brand":"REPSOL","address":"CARRETERA TF-1 KM. 54","municipality":"Granadilla de Abona","province":"SANTA CRUZ DE TENERIFE","postalCode":"38611","schedule":"L-D: 06:00-00:00","fuels":{"gasoline95":1.449,"gasoline98":1.589,"diesel":1.529,"dieselRenewable":1.629},"extra":{"saleType":"P","margin":"D","reportingType":"dm","ideess":"7692","idMunicipio":"5707","idProvincia":"38","idCCAA":"05"}}},{"type":"Feature","geometry":{"type":"Point","coordinates":[-16.509667,28.157083]},"properties":{"id":"es-7696","source":"ES","brand":"CEPSA","address":"CARRETERA GENERAL DEL SUR KM. 62","municipality":"Arico","province":"SANTA CRUZ DE TENERIFE","postalCode":"38589","schedule":"L: 06:00-22:00","fuels":{"gasoline95":1.439,"gasoline98":1.569,"diesel":1.509},"extra":{"saleType":"P","margin":"D","reportingType":"dm","ideess":"7696","idMunicipio":"5695","idProvincia":"38","idCCAA":"05"}}},{"type":"Feature","geometry":{"type":"Point","coordinates":[-16.537389,28.379611]},"properties":{"id":"es-7699","source":"ES","brand":"REPSOL","address":"CARRETERA TF-324 KM. 2","municipality":"Orotava (La)","province":"SANTA CRUZ DE TENERIFE","postalCode":"38315","schedule":"L-V: 06:00-22:00; S-D: 07:00-23:00","fuels":{"gasoline95":1.439,"gasoline98":1.549,"diesel":1.539,"dieselPremium":1.599},"extra":{"saleType":"P","margin":"D","reportingType":"dm","ideess":"7699","idMunicipio":"5715","idProvincia":"38","idCCAA":"05"}}},{"type":"Feature","geometry":{"type":"Point","coordinates":[-16.438639,28.464444]},"properties":{"id":"es-7700","source":"ES","brand":"REPSOL","address":"AUTOPISTA TF-5 KM. 22,5","municipality":"Sauzal (El)","province":"SANTA CRUZ DE TENERIFE","postalCode":"38360","schedule":"L-D: 06:00-22:00","fuels":{"gasoline95":1.479,"gasoline98":1.589,"diesel":1.549,"dieselRenewable":1.699},"extra":{"saleType":"P","margin":"I","reportingType":"OM","ideess":"7700","idMunicipio":"5731","idProvincia":"38","idCCAA":"05"}}},{"type":"Feature","geometry":{"type":"Point","coordinates":[-16.389,28.518167]},"properties":{"id":"es-7701","source":"ES","brand":"REPSOL","address":"CARRETERA GENERAL KM. 194","municipality":"San Cristóbal de La Laguna","province":"SANTA CRUZ DE TENERIFE","postalCode":"38270","schedule":"L-D: 06:00-23:00","fuels":{"gasoline95":1.457,"gasoline98":1.598,"diesel":1.549,"dieselRenewable":1.575},"extra":{"saleType":"P","margin":"D","reportingType":"dm","ideess":"7701","idMunicipio":"5723","idProvincia":"38","idCCAA":"05"}}},{"type":"Feature","geometry":{"type":"Point","coordinates":[-16.463528,28.130972]},"properties":{"id":"es-7703","source":"ES","brand":"CEPSA","address":"CARRETERA TF-1 KM. 44,2","municipality":"Arico","province":"SANTA CRUZ DE TENERIFE","postalCode":"38260","schedule":"L-D: 24H","fuels":{"gasoline95":1.459,"gasoline98":1.589,"diesel":1.529,"dieselPremium":1.629,"adblue":1.2},"extra":{"saleType":"P","margin":"I","reportingType":"dm","ideess":"7703","idMunicipio":"5695","idProvincia":"38","idCCAA":"05"}}},{"type":"Feature","geometry":{"type":"Point","coordinates":[-16.535,28.072583]},"properties":{"id":"es-7705","source":"ES","brand":"REPSOL","address":"CARRETERA TF-1 KM. 54","municipality":"Granadilla de Abona","province":"SANTA CRUZ DE TENERIFE","postalCode":"38611","schedule":"L-D: 24H","fuels":{"gasoline95":1.449,"gasoline98":1.589,"diesel":1.529,"dieselRenewable":1.629},"extra":{"saleType":"P","margin":"I","reportingType":"dm","ideess":"7705","idMunicipio":"5707","idProvincia":"38","idCCAA":"05"}}},{"type":"Feature","geometry":{"type":"Point","coordinates":[-16.768083,28.134028]},"properties":{"id":"es-7709","source":"ES","brand":"REPSOL","address":"CARRETERA TF-47 KM. 2,7","municipality":"Adeje","province":"SANTA CRUZ DE TENERIFE","postalCode":"38678","schedule":"L-D: 06:00-22:00","fuels":{"gasoline95":1.479,"gasoline98":1.549,"diesel":1.549,"dieselRenewable":1.55},"extra":{"saleType":"P","margin":"I","reportingType":"dm","ideess":"7709","idMunicipio":"5691","idProvincia":"38","idCCAA":"05"}}},{"type":"Feature","geometry":{"type":"Point","coordinates":[-16.301,28.427472]},"properties":{"id":"es-7713","source":"ES","brand":"REPSOL","address":"PG IND. AÑAZA PARC-39, S.N.","municipality":"Santa Cruz de Tenerife","province":"SANTA CRUZ DE TENERIFE","postalCode":"38111","schedule":"L-D: 06:00-22:00","fuels":{"gasoline95":1.449,"gasoline98":1.579,"diesel":1.549,"dieselRenewable":1.699},"extra":{"saleType":"P","margin":"D","reportingType":"OM","ideess":"7713","idMunicipio":"5728","idProvincia":"38","idCCAA":"05"}}},{"type":"Feature","geometry":{"type":"Point","coordinates":[-16.414139,28.222694]},"properties":{"id":"es-7718","source":"ES","brand":"BP FASNIA","address":"AUTOVIA TF-1 KM. 36,5","municipality":"Fasnia","province":"SANTA CRUZ DE TENERIFE","postalCode":"38570","schedule":"L-D: 06:00-22:00","fuels":{"gasoline95":1.459,"gasoline98":1.599,"diesel":1.549,"dieselPremium":1.669},"extra":{"saleType":"P","margin":"I","reportingType":"OM","ideess":"7718","idMunicipio":"5702","idProvincia":"38","idCCAA":"05"}}},{"type":"Feature","geometry":{"type":"Point","coordinates":[-16.350889,28.399472]},"properties":{"id":"es-7719","source":"ES","brand":"PCAN","address":"CARRETERA TF-28 GENERAL DEL SUR KM. 9,9","municipality":"Candelaria","province":"SANTA CRUZ DE TENERIFE","postalCode":"38510","schedule":"L-S: 06:00-22:00; D: 07:00-15:00","fuels":{"gasoline95":1.417,"gasoline98":1.487,"diesel":1.548},"extra":{"saleType":"P","margin":"I","reportingType":"dm","ideess":"7719","idMunicipio":"5701","idProvincia":"38","idCCAA":"05"}}},{"type":"Feature","geometry":{"type":"Point","coordinates":[-16.362139,28.456]},"properties":{"id":"es-7720","source":"ES","brand":"PCAN","address":"CARRETERA TF24 LA LAGUNA - EL PORTILLO KM. 5,5","municipality":"Rosario (El)","province":"SANTA CRUZ DE TENERIFE","postalCode":"38420","schedule":"L-D: 06:00-22:00","fuels":{"gasoline95":1.455,"gasoline98":1.579,"diesel":1.526},"extra":{"saleType":"P","margin":"D","reportingType":"dm","ideess":"7720","idMunicipio":"5721","idProvincia":"38","idCCAA":"05"}}},{"type":"Feature","geometry":{"type":"Point","coordinates":[-16.55325,28.068889]},"properties":{"id":"es-7721","source":"ES","brand":"TGAS EL MÉDANO","address":"CARRETERA TF64 GRANADILLA - EL MEDANO KM. 7,7","municipality":"Granadilla de Abona","province":"SANTA CRUZ DE TENERIFE","postalCode":"38612","schedule":"L-D: 24H","fuels":{"gasoline95":1.449,"gasoline98":1.594,"diesel":1.519,"dieselPremium":1.599},"extra":{"saleType":"P","margin":"I","reportingType":"dm","ideess":"7721","idMunicipio":"5707","idProvincia":"38","idCCAA":"05"}}},{"type":"Feature","geometry":{"type":"Point","coordinates":[-16.829889,28.205056]},"properties":{"id":"es-7722","source":"ES","brand":"PCAN","address":"CARRETERA TF47 ARMEÑIME-PUERTO SANTIAGO KM. 15","municipality":"Guía de Isora","province":"SANTA CRUZ DE TENERIFE","postalCode":"38686","schedule":"L-D: 24H","fuels":{"gasoline95":1.454,"gasoline98":1.563,"diesel":1.542},"extra":{"saleType":"P","margin":"I","reportingType":"dm","ideess":"7722","idMunicipio":"5709","idProvincia":"38","idCCAA":"05"}}},{"type":"Feature","geometry":{"type":"Point","coordinates":[-16.582167,28.390083]},"properties":{"id":"es-7723","source":"ES","brand":"DISA LOS BARROS","address":"CALLE LOS BARROS, 33","municipality":"Realejos (Los)","province":"SANTA CRUZ DE TENERIFE","postalCode":"38410","schedule":"L-D: 06:00-22:00","fuels":{"gasoline95":1.476,"gasoline98":1.597,"diesel":1.517},"extra":{"saleType":"P","margin":"D","reportingType":"OM","ideess":"7723","idMunicipio":"5720","idProvincia":"38","idCCAA":"05"}}},{"type":"Feature","geometry":{"type":"Point","coordinates":[-16.665028,28.38975]},"properties":{"id":"es-7724","source":"ES","brand":"TGAS SANTA CATALINA","address":"CARRETERA TF-5 SANTA CRUZ - ICOD KM. 49","municipality":"Guancha (La)","province":"SANTA CRUZ DE TENERIFE","postalCode":"38440","schedule":"L-D: 24H","fuels":{"gasoline95":1.467,"gasoline98":1.587,"diesel":1.557,"dieselPremium":1.647},"extra":{"saleType":"P","margin":"D","reportingType":"dm","ideess":"7724","idMunicipio":"5708","idProvincia":"38","idCCAA":"05"}}},{"type":"Feature","geometry":{"type":"Point","coordinates":[-16.336667,28.473972]},"properties":{"id":"es-7725","source":"ES","brand":"PCAN","address":"CARRETERA TF-24 LA LAGUNA-EL PORTILLO KM. 2,2","municipality":"San Cristóbal de La Laguna","province":"SANTA CRUZ DE TENERIFE","postalCode":"38206","schedule":"L-D: 06:00-23:00","fuels":{"gasoline95":1.456,"gasoline98":1.578,"diesel":1.528},"extra":{"saleType":"P","margin":"I","reportingType":"dm","ideess":"7725","idMunicipio":"5723","idProvincia":"38","idCCAA":"05"}}},{"type":"Feature","geometry":{"type":"Point","coordinates":[-16.464806,28.130806]},"properties":{"id":"es-7726","source":"ES","brand":"ESTACIÓN ABADES KM 44","address":"AUTOPISTA AUTOPISTA TENERIFE SUR KM. 44,2","municipality":"Arico","province":"SANTA CRUZ DE TENERIFE","postalCode":"38260","schedule":"L-D: 24H","fuels":{"gasoline95":1.449,"gasoline98":1.556,"diesel":1.539},"extra":{"saleType":"P","margin":"D","reportingType":"dm","ideess":"7726","idMunicipio":"5695","idProvincia":"38","idCCAA":"05"}}},{"type":"Feature","geometry":{"type":"Point","coordinates":[-16.284056,28.442083]},"properties":{"id":"es-7727","source":"ES","brand":"TGAS-TU TRÉBOL","address":"POLIGONO EL MAYORAZGO, S/N","municipality":"Santa Cruz de Tenerife","province":"SANTA CRUZ DE TENERIFE","postalCode":"38010","schedule":"L-S: 07:30-21:00; D: 08:00-14:00","fuels":{"gasoline95":1.354,"gasoline98":1.423,"diesel":1.458},"extra":{"saleType":"P","margin":"N","reportingType":"dm","ideess":"7727","idMunicipio":"5728","idProvincia":"38","idCCAA":"05"}}},{"type":"Feature","geometry":{"type":"Point","coordinates":[-16.335028,28.519972]},"properties":{"id":"es-7728","source":"ES","brand":"TGAS TEGUESTE","address":"CARRETERA TF-13 LA LAGUNA - BAJAMAR KM. 6","municipality":"Tegueste","province":"SANTA CRUZ DE TENERIFE","postalCode":"38280","schedule":"L: 06:00-23:00","fuels":{"gasoline95":1.495,"gasoline98":1.595,"diesel":1.599},"extra":{"saleType":"P","margin":"I","reportingType":"dm","ideess":"7728","idMunicipio":"5736","idProvincia":"38","idCCAA":"05"}}},{"type":"Feature","geometry":{"type":"Point","coordinates":[-16.739889,28.120111]},"properties":{"id":"es-7730","source":"ES","brand":"TGAS-TU TRÉBOL","address":"AUTOPISTA TF1 AUTOPISTA SUR A ARMEÑIME, CRUCE LA CALETA KM. S/N","municipality":"Adeje","province":"SANTA CRUZ DE TENERIFE","postalCode":"38670","schedule":"L-D: 08:00-21:00","fuels":{"gasoline95":1.354,"gasoline98":1.488,"diesel":1.474},"extra":{"saleType":"P","margin":"N","reportingType":"dm","ideess":"7730","idMunicipio":"5691","idProvincia":"38","idCCAA":"05"}}},{"type":"Feature","geometry":{"type":"Point","coordinates":[-16.551361,28.103528]},"properties":{"id":"es-7731","source":"ES","brand":"PCAN","address":"CARRETERA TF 636 SAN ISIDRO - CHIMICHE KM. 4","municipality":"Granadilla de Abona","province":"SANTA CRUZ DE TENERIFE","postalCode":"38616","schedule":"L-D: 08:00-23:00","fuels":{"gasoline95":1.449,"gasoline98":1.56,"diesel":1.539},"extra":{"saleType":"P","margin":"D","reportingType":"dm","ideess":"7731","idMunicipio":"5707","idProvincia":"38","idCCAA":"05"}}},{"type":"Feature","geometry":{"type":"Point","coordinates":[-16.411778,28.477472]},"properties":{"id":"es-7733","source":"ES","brand":"TGAS TACORONTE","address":"CARRETERA GENERAL DEL NORTE KM. 79","municipality":"Tacoronte","province":"SANTA CRUZ DE TENERIFE","postalCode":"38350","schedule":"L-D: 24H","fuels":{"gasoline95":1.449,"gasoline98":1.549,"diesel":1.559,"dieselPremium":1.659},"extra":{"saleType":"P","margin":"D","reportingType":"dm","ideess":"7733","idMunicipio":"5733","idProvincia":"38","idCCAA":"05"}}},{"type":"Feature","geometry":{"type":"Point","coordinates":[-16.313778,28.484639]},"properties":{"id":"es-7734","source":"ES","brand":"TGAS MONTESDEOCA","address":"PLAZA SAN CRISTOBAL, 9","municipality":"San Cristóbal de La Laguna","province":"SANTA CRUZ DE TENERIFE","postalCode":"38204","schedule":"L-D: 06:00-22:00","fuels":{"gasoline95":1.439,"gasoline98":1.569,"diesel":1.569},"extra":{"saleType":"P","margin":"N","reportingType":"dm","ideess":"7734","idMunicipio":"5723","idProvincia":"38","idCCAA":"05"}}},{"type":"Feature","geometry":{"type":"Point","coordinates":[-16.824278,28.260806]},"properties":{"id":"es-7735","source":"ES","brand":"DISA BAJADA A LOS GIGANTES","address":"CARRETERA PUERTO SANTIAGO - TAMAIMO KM. 1,5","municipality":"Santiago del Teide","province":"SANTA CRUZ DE TENERIFE","postalCode":"38684","schedule":"L-D: 06:00-22:00","fuels":{"gasoline95":1.529,"gasoline98":1.649,"diesel":1.609,"dieselPremium":1.749},"extra":{"saleType":"P","margin":"I","reportingType":"OM","ideess":"7735","idMunicipio":"5730","idProvincia":"38","idCCAA":"05"}}},{"type":"Feature","geometry":{"type":"Point","coordinates":[-16.301889,28.515222]},"properties":{"id":"es-7736","source":"ES","brand":"TGAS LAS MERCEDES","address":"CARRETERA TF-12 LAS CANTERAS KM. 0,5","municipality":"San Cristóbal de La Laguna","province":"SANTA CRUZ DE TENERIFE","postalCode":"38234","schedule":"L-S: 07:00-22:00; D: 08:00-21:00","fuels":{"gasoline95":1.454,"gasoline98":1.574,"diesel":1.534},"extra":{"saleType":"P","margin":"I","reportingType":"dm","ideess":"7736","idMunicipio":"5723","idProvincia":"38","idCCAA":"05"}}},{"type":"Feature","geometry":{"type":"Point","coordinates":[-16.650639,28.374111]},"properties":{"id":"es-7747","source":"ES","brand":"PCAN","address":"AVENIDA HIPOLITO SINFORIANO,8, 8","municipality":"Guancha (La)","province":"SANTA CRUZ DE TENERIFE","postalCode":"38440","schedule":"L-V: 05:00-21:00; S: 06:00-21:00; D: 07:00-14:00","fuels":{"gasoline95":1.447,"gasoline98":1.569,"diesel":1.519},"extra":{"saleType":"P","margin":"N","reportingType":"dm","ideess":"7747","idMunicipio":"5708","idProvincia":"38","idCCAA":"05"}}},{"type":"Feature","geometry":{"type":"Point","coordinates":[-16.7925,28.370083]},"properties":{"id":"es-7749","source":"ES","brand":"E.S. LA CALETA","address":"CR ICOD-BUENAVISTA, KM. 8,9","municipality":"Garachico","province":"SANTA CRUZ DE TENERIFE","postalCode":"38450","schedule":"L-D: 06:00-22:00","fuels":{"gasoline95":1.439,"gasoline98":1.559,"diesel":1.549},"extra":{"saleType":"P","margin":"I","reportingType":"dm","ideess":"7749","idMunicipio":"5705","idProvincia":"38","idCCAA":"05"}}},{"type":"Feature","geometry":{"type":"Point","coordinates":[-16.386056,28.306389]},"properties":{"id":"es-7752","source":"ES","brand":"DISA PUERTITO","address":"CARRETERA TF-61 KM. 2,800","municipality":"Güímar","province":"SANTA CRUZ DE TENERIFE","postalCode":"38500","schedule":"L-D: 24H","fuels":{"gasoline95":1.449,"gasoline98":1.569,"diesel":1.549},"extra":{"saleType":"P","margin":"D","reportingType":"dm","ideess":"7752","idMunicipio":"5710","idProvincia":"38","idCCAA":"05"}}},{"type":"Feature","geometry":{"type":"Point","coordinates":[-16.714611,28.053583]},"properties":{"id":"es-7766","source":"ES","brand":"BP LOS CRISTIANOS","address":"CALLE BULEVAR CHAJOFE, 2","municipality":"Arona","province":"SANTA CRUZ DE TENERIFE","postalCode":"38650","schedule":"L-D: 24H","fuels":{"gasoline95":1.459,"gasoline98":1.599,"diesel":1.549,"dieselPremium":1.669},"extra":{"saleType":"P","margin":"N","reportingType":"OM","ideess":"7766","idMunicipio":"5696","idProvincia":"38","idCCAA":"05"}}},{"type":"Feature","geometry":{"type":"Point","coordinates":[-16.462361,28.439472]},"properties":{"id":"es-7767","source":"ES","brand":"SHELL ACENTEJO","address":"CR  GENERAL DEL NORTE, 272","municipality":"Matanza de Acentejo (La)","province":"SANTA CRUZ DE TENERIFE","postalCode":"38370","schedule":"L-S: 06:00-22:00; D: 07:00-21:00","fuels":{"gasoline95":1.525,"gasoline98":1.625,"diesel":1.595},"extra":{"saleType":"P","margin":"D","reportingType":"dm","ideess":"7767","idMunicipio":"5714","idProvincia":"38","idCCAA":"05"}}},{"type":"Feature","geometry":{"type":"Point","coordinates":[-16.523083,28.397833]},"properties":{"id":"es-7768","source":"ES","brand":"BP EL RAMAL","address":"URBANITZACION CARMENATY, 14","municipality":"Orotava (La)","province":"SANTA CRUZ DE TENERIFE","postalCode":"38300","schedule":"L-D: 06:00-22:00","fuels":{"gasoline95":1.459,"gasoline98":1.599,"diesel":1.549,"dieselPremium":1.669,"adblue":1.859},"extra":{"saleType":"P","margin":"D","reportingType":"OM","ideess":"7768","idMunicipio":"5715","idProvincia":"38","idCCAA":"05"}}},{"type":"Feature","geometry":{"type":"Point","coordinates":[-16.304306,28.458111]},"properties":{"id":"es-7769","source":"ES","brand":"DISA LAS CHUMBERAS","address":"POL. IND. LOS MAJUELOS km CENTRO COMERCIAL M","municipality":"San Cristóbal de La Laguna","province":"SANTA CRUZ DE TENERIFE","postalCode":"38108","schedule":"L-S: 06:00-22:00; D: 08:00-21:00","fuels":{"gasoline95":1.429,"gasoline98":1.549,"diesel":1.569,"dieselPremium":1.659},"extra":{"saleType":"P","margin":"N","reportingType":"OM","ideess":"7769","idMunicipio":"5723","idProvincia":"38","idCCAA":"05"}}},{"type":"Feature","geometry":{"type":"Point","coordinates":[-16.397972,28.480694]},"properties":{"id":"es-7770","source":"ES","brand":"BP","address":"AUTOPISTA AUTOPISTA EL TORREON KM. 11,00","municipality":"Tacoronte","province":"SANTA CRUZ DE TENERIFE","postalCode":"38350","schedule":"L-S: 06:00-00:00; D: 08:00-14:00","fuels":{"gasoline95":1.459,"gasoline98":1.599,"diesel":1.549,"dieselPremium":1.669},"extra":{"saleType":"P","margin":"D","reportingType":"dm","ideess":"7770","idMunicipio":"5733","idProvincia":"38","idCCAA":"05"}}},{"type":"Feature","geometry":{"type":"Point","coordinates":[-16.546167,28.41375]},"properties":{"id":"es-7771","source":"ES","brand":"BP PUERTO DE LA CRUZ","address":"CR DEL BOTANICO km 6","municipality":"Puerto de la Cruz","province":"SANTA CRUZ DE TENERIFE","postalCode":"38400","schedule":"L-D: 06:30-22:30","fuels":{"gasoline95":1.459,"gasoline98":1.599,"diesel":1.549,"dieselPremium":1.669},"extra":{"saleType":"P","margin":"D","reportingType":"OM","ideess":"7771","idMunicipio":"5717","idProvincia":"38","idCCAA":"05"}}},{"type":"Feature","geometry":{"type":"Point","coordinates":[-16.740778,28.125444]},"properties":{"id":"es-7776","source":"ES","brand":"BP LA ATALAYA","address":"PG IND. BARRANCO LAS TORRES, P7-S9, S/N","municipality":"Adeje","province":"SANTA CRUZ DE TENERIFE","postalCode":"38670","schedule":"L-D: 24H","fuels":{"gasoline95":1.458,"gasoline98":1.598,"diesel":1.548,"dieselPremium":1.674},"extra":{"saleType":"P","margin":"N","reportingType":"dm","ideess":"7776","idMunicipio":"5691","idProvincia":"38","idCCAA":"05"}}},{"type":"Feature","geometry":{"type":"Point","coordinates":[-16.423583,28.472861]},"properties":{"id":"es-7778","source":"ES","brand":"BP EL SAUZAL","address":"CARRETERA GENERAL DEL NORTE KM. 20,65","municipality":"Sauzal (El)","province":"SANTA CRUZ DE TENERIFE","postalCode":"38360","schedule":"L-S: 06:00-23:00; D: 07:00-22:00","fuels":{"gasoline95":1.459,"gasoline98":1.599,"diesel":1.549,"dieselPremium":1.669},"extra":{"saleType":"P","margin":"N","reportingType":"OM","ideess":"7778","idMunicipio":"5731","idProvincia":"38","idCCAA":"05"}}},{"type":"Feature","geometry":{"type":"Point","coordinates":[-16.682056,28.099389]},"properties":{"id":"es-7780","source":"ES","brand":"TGAS ARONA","address":"CARRETERA GRAL TF-51(ARONA-VILAFLOR KM. 4","municipality":"Arona","province":"SANTA CRUZ DE TENERIFE","postalCode":"38640","schedule":"L-S: 07:00-21:00; D: 07:00-14:00","fuels":{"gasoline95":1.45,"gasoline98":1.56,"diesel":1.56,"dieselPremium":1.67},"extra":{"saleType":"P","margin":"N","reportingType":"dm","ideess":"7780","idMunicipio":"5696","idProvincia":"38","idCCAA":"05"}}},{"type":"Feature","geometry":{"type":"Point","coordinates":[-16.294583,28.4495]},"properties":{"id":"es-7784","source":"ES","brand":"BP TACO NORTE","address":"CR TF-411, KM. 2,45","municipality":"San Cristóbal de La Laguna","province":"SANTA CRUZ DE TENERIFE","postalCode":"38108","schedule":"L-D: 06:00-22:00","fuels":{"gasoline95":1.459,"gasoline98":1.599,"diesel":1.549,"dieselPremium":1.669},"extra":{"saleType":"P","margin":"N","reportingType":"OM","ideess":"7784","idMunicipio":"5723","idProvincia":"38","idCCAA":"05"}}},{"type":"Feature","geometry":{"type":"Point","coordinates":[-16.361667,28.382306]},"properties":{"id":"es-7786","source":"ES","brand":"TGAS LAS CALETILLAS","address":"CR ACCESO A CALETILLAS, 14.1","municipality":"Candelaria","province":"SANTA CRUZ DE TENERIFE","postalCode":"38530","schedule":"L-D: 06:00-23:00","fuels":{"gasoline95":1.368,"gasoline98":1.498,"diesel":1.478,"dieselPremium":1.588,"adblue":0.8},"extra":{"saleType":"P","margin":"N","reportingType":"dm","ideess":"7786","idMunicipio":"5701","idProvincia":"38","idCCAA":"05"}}},{"type":"Feature","geometry":{"type":"Point","coordinates":[-16.724083,28.066361]},"properties":{"id":"es-7787","source":"ES","brand":"BP PLAYA LAS AMERICAS","address":"CALLE AVENIDA DE LOS PUEBLOS, 6","municipality":"Arona","province":"SANTA CRUZ DE TENERIFE","postalCode":"38660","schedule":"L-D: 24H","fuels":{"gasoline95":1.459,"gasoline98":1.599,"diesel":1.549,"dieselPremium":1.669},"extra":{"saleType":"P","margin":"N","reportingType":"dm","ideess":"7787","idMunicipio":"5696","idProvincia":"38","idCCAA":"05"}}},{"type":"Feature","geometry":{"type":"Point","coordinates":[-16.515194,28.38825]},"properties":{"id":"es-7790","source":"ES","brand":"CEPSA LA CAÑADA","address":"CARRETERA LAS CAÑADAS KM. 5","municipality":"Orotava (La)","province":"SANTA CRUZ DE TENERIFE","postalCode":"38300","schedule":"L-D: 06:00-00:00","fuels":{"gasoline95":1.429,"gasoline98":1.549,"diesel":1.499,"dieselPremium":1.599,"adblue":1.4},"extra":{"saleType":"P","margin":"D","reportingType":"dm","ideess":"7790","idMunicipio":"5715","idProvincia":"38","idCCAA":"05"}}},{"type":"Feature","geometry":{"type":"Point","coordinates":[-16.572472,28.394389]},"properties":{"id":"es-7791","source":"ES","brand":"TGAS LA GORVORANA","address":"CARRETERA CRT GRAL ICOD-S/C.PK 38.8 KM. 38,8","municipality":"Realejos (Los)","province":"SANTA CRUZ DE TENERIFE","postalCode":"38410","schedule":"L-D: 06:00-23:00","fuels":{"gasoline95":1.446,"gasoline98":1.547,"diesel":1.549,"dieselPremium":1.629},"extra":{"saleType":"P","margin":"D","reportingType":"dm","ideess":"7791","idMunicipio":"5720","idProvincia":"38","idCCAA":"05"}}},{"type":"Feature","geometry":{"type":"Point","coordinates":[-16.261417,28.457722]},"properties":{"id":"es-7815","source":"ES","brand":"BP AVENIDA 3 DE MAYO","address":"AVENIDA TRES DE MAYO, 85","municipality":"Santa Cruz de Tenerife","province":"SANTA CRUZ DE TENERIFE","postalCode":"38005","schedule":"L-D: 06:00-22:00","fuels":{"gasoline95":1.459,"gasoline98":1.599,"diesel":1.549,"dieselPremium":1.669},"extra":{"saleType":"P","margin":"N","reportingType":"OM","ideess":"7815","idMunicipio":"5728","idProvincia":"38","idCCAA":"05"}}},{"type":"Feature","geometry":{"type":"Point","coordinates":[-16.270167,28.464806]},"properties":{"id":"es-7816","source":"ES","brand":"BP CRUZ DEL SEÑOR","address":"AVENIDA DE CANARIAS, 97","municipality":"Santa Cruz de Tenerife","province":"SANTA CRUZ DE TENERIFE","postalCode":"38007","schedule":"L-D: 06:00-22:00","fuels":{"gasoline95":1.459,"gasoline98":1.599,"diesel":1.549,"dieselPremium":1.669},"extra":{"saleType":"P","margin":"N","reportingType":"OM","ideess":"7816","idMunicipio":"5728","idProvincia":"38","idCCAA":"05"}}},{"type":"Feature","geometry":{"type":"Point","coordinates":[-16.324056,28.486083]},"properties":{"id":"es-7817","source":"ES","brand":"BP SAN BENITO","address":"CR AUTOPISTA DEL NORTE, KM. 10,2","municipality":"San Cristóbal de La Laguna","province":"SANTA CRUZ DE TENERIFE","postalCode":"38203","schedule":"L-D: 24H","fuels":{"gasoline95":1.459,"gasoline98":1.599,"diesel":1.549,"dieselPremium":1.669},"extra":{"saleType":"P","margin":"I","reportingType":"OM","ideess":"7817","idMunicipio":"5723","idProvincia":"38","idCCAA":"05"}}},{"type":"Feature","geometry":{"type":"Point","coordinates":[-16.303528,28.440222]},"properties":{"id":"es-7818","source":"ES","brand":"BP TACO","address":"CARRETERA GENERAL DEL SUR KM. 6,9","municipality":"Santa Cruz de Tenerife","province":"SANTA CRUZ DE TENERIFE","postalCode":"38108","schedule":"L-D: 24H","fuels":{"gasoline95":1.459,"gasoline98":1.599,"diesel":1.549,"dieselPremium":1.669},"extra":{"saleType":"P","margin":"N","reportingType":"OM","ideess":"7818","idMunicipio":"5728","idProvincia":"38","idCCAA":"05"}}},{"type":"Feature","geometry":{"type":"Point","coordinates":[-16.359722,28.530833]},"properties":{"id":"es-7819","source":"ES","brand":"BP TEJINA","address":"CARRETERA TEJINA BAJAMAR KM. 9,5","municipality":"San Cristóbal de La Laguna","province":"SANTA CRUZ DE TENERIFE","postalCode":"38260","schedule":"L-V: 06:00-22:00; S-D: 07:00-22:00","fuels":{"gasoline95":1.459,"gasoline98":1.599,"diesel":1.549},"extra":{"saleType":"P","margin":"N","reportingType":"OM","ideess":"7819","idMunicipio":"5723","idProvincia":"38","idCCAA":"05"}}},{"type":"Feature","geometry":{"type":"Point","coordinates":[-16.819528,28.365694]},"properties":{"id":"es-7827","source":"ES","brand":"DISA LOS SILOS","address":"CALLE FELIX BENITEZ DE LUGO S/N LOS MORALITOS (GENERAL TF-142 KM 11), 28","municipality":"Silos (Los)","province":"SANTA CRUZ DE TENERIFE","postalCode":"38470","schedule":"L-D: 06:00-22:00","fuels":{"gasoline95":1.479,"gasoline98":1.609,"diesel":1.569,"dieselPremium":1.669},"extra":{"saleType":"P","margin":"N","reportingType":"OM","ideess":"7827","idMunicipio":"5732","idProvincia":"38","idCCAA":"05"}}},{"type":"Feature","geometry":{"type":"Point","coordinates":[-16.480028,28.182528]},"properties":{"id":"es-7828","source":"ES","brand":"DISA","address":"CARRETERA TF-822 KM. 50","municipality":"Arico","province":"SANTA CRUZ DE TENERIFE","postalCode":"38589","schedule":"L-V: 06:00-22:00; S-D: 07:00-20:00","fuels":{"gasoline95":1.449,"gasoline98":1.589,"diesel":1.529,"dieselPremium":1.629},"extra":{"saleType":"P","margin":"N","reportingType":"dm","ideess":"7828","idMunicipio":"5695","idProvincia":"38","idCCAA":"05"}}},{"type":"Feature","geometry":{"type":"Point","coordinates":[-16.558333,28.394833]},"properties":{"id":"es-7829","source":"ES","brand":"DISA","address":"CARRETERA LAVERA LA MONTAÑA KM. 1","municipality":"Puerto de la Cruz","province":"SANTA CRUZ DE TENERIFE","postalCode":"38400","schedule":"L-S: 06:00-22:00; D: 08:00-22:00","fuels":{"gasoline95":1.459,"gasoline98":1.599,"diesel":1.549},"extra":{"saleType":"P","margin":"N","reportingType":"dm","ideess":"7829","idMunicipio":"5717","idProvincia":"38","idCCAA":"05"}}},{"type":"Feature","geometry":{"type":"Point","coordinates":[-16.731889,28.104806]},"properties":{"id":"es-7832","source":"ES","brand":"DISA FAÑABE","address":"General C-822 km 110,14","municipality":"Adeje","province":"SANTA CRUZ DE TENERIFE","postalCode":"38660","schedule":"L-D: 24H","fuels":{"gasoline95":1.485,"gasoline98":1.615,"diesel":1.579,"dieselPremium":1.679,"dieselRenewable":1.638,"adblue":1.81},"extra":{"saleType":"P","margin":"N","reportingType":"OM","ideess":"7832","idMunicipio":"5691","idProvincia":"38","idCCAA":"05"}}},{"type":"Feature","geometry":{"type":"Point","coordinates":[-16.371944,28.356833]},"properties":{"id":"es-7834","source":"ES","brand":"DISA CANDELARIA","address":"CALLE LAS BICHAS, S/N","municipality":"Candelaria","province":"SANTA CRUZ DE TENERIFE","postalCode":"38530","schedule":"L-D: 06:00-22:00","fuels":{"gasoline95":1.465,"gasoline98":1.579,"diesel":1.569,"dieselPremium":1.679,"lpg":0.898},"extra":{"saleType":"P","margin":"N","reportingType":"OM","ideess":"7834","idMunicipio":"5701","idProvincia":"38","idCCAA":"05"}}},{"type":"Feature","geometry":{"type":"Point","coordinates":[-16.439583,28.236417]},"properties":{"id":"es-7835","source":"ES","brand":"DISA","address":"CARRETERA LOS ROQUES KM. 6,5","municipality":"Fasnia","province":"SANTA CRUZ DE TENERIFE","postalCode":"38570","schedule":"L-S: 06:00-22:00; D: 07:00-14:00","fuels":{"gasoline95":1.459,"gasoline98":1.579,"diesel":1.529},"extra":{"saleType":"P","margin":"D","reportingType":"dm","ideess":"7835","idMunicipio":"5702","idProvincia":"38","idCCAA":"05"}}},{"type":"Feature","geometry":{"type":"Point","coordinates":[-16.283444,28.452444]},"properties":{"id":"es-7840","source":"ES","brand":"DISA LAS DELICIAS","address":"CALLE PEDRO DE VALDIVIA, 9","municipality":"Santa Cruz de Tenerife","province":"SANTA CRUZ DE TENERIFE","postalCode":"38010","schedule":"L-D: 07:00-22:00","fuels":{"gasoline95":1.479,"gasoline98":1.599,"diesel":1.619},"extra":{"saleType":"P","margin":"N","reportingType":"OM","ideess":"7840","idMunicipio":"5728","idProvincia":"38","idCCAA":"05"}}},{"type":"Feature","geometry":{"type":"Point","coordinates":[-16.415111,28.461]},"properties":{"id":"es-7846","source":"ES","brand":"DISA RAVELO","address":"CARRERA GENERAL DEL NORTE, 20,450","municipality":"Sauzal (El)","province":"SANTA CRUZ DE TENERIFE","postalCode":"38359","schedule":"L-D: 06:00-22:00","fuels":{"gasoline95":1.475,"gasoline98":1.599,"diesel":1.569},"extra":{"saleType":"P","margin":"N","reportingType":"OM","ideess":"7846","idMunicipio":"5731","idProvincia":"38","idCCAA":"05"}}},{"type":"Feature","geometry":{"type":"Point","coordinates":[-16.82225,28.193861]},"properties":{"id":"es-7849","source":"ES","brand":"DISA PLAYA SAN JUAN","address":"CARRETERA CARRETERA GENERAL TF-623 KM. 13","municipality":"Guía de Isora","province":"SANTA CRUZ DE TENERIFE","postalCode":"38687","schedule":"L-D: 06:00-22:00","fuels":{"gasoline95":1.499,"gasoline98":1.619,"diesel":1.579,"dieselPremium":1.719},"extra":{"saleType":"P","margin":"N","reportingType":"OM","ideess":"7849","idMunicipio":"5709","idProvincia":"38","idCCAA":"05"}}},{"type":"Feature","geometry":{"type":"Point","coordinates":[-16.421222,28.473833]},"properties":{"id":"es-7852","source":"ES","brand":"DISA EL SAUZAL","address":"CARRETERA GRAL DEL NORTE KM. 20,400","municipality":"Sauzal (El)","province":"SANTA CRUZ DE TENERIFE","postalCode":"38360","schedule":"L-D: 06:00-22:00","fuels":{"gasoline95":1.495,"gasoline98":1.609,"diesel":1.599},"extra":{"saleType":"P","margin":"N","reportingType":"OM","ideess":"7852","idMunicipio":"5731","idProvincia":"38","idCCAA":"05"}}},{"type":"Feature","geometry":{"type":"Point","coordinates":[-16.737889,28.079333]},"properties":{"id":"es-7853","source":"ES","brand":"DISA","address":"URBANIZACIÓN SAN EUGENIO, PLAYA DE LAS AMERICAS","municipality":"Adeje","province":"SANTA CRUZ DE TENERIFE","postalCode":"38660","schedule":"L-D: 08:00-17:30","fuels":{"gasoline95":1.512,"diesel":1.602},"extra":{"saleType":"P","margin":"N","reportingType":"dm","ideess":"7853","idMunicipio":"5691","idProvincia":"38","idCCAA":"05"}}},{"type":"Feature","geometry":{"type":"Point","coordinates":[-16.450556,28.456639]},"properties":{"id":"es-7854","source":"ES","brand":"DISA LA MATANZA","address":"CARRETERA GENERAL DEL NORTE C-820 KM. 24,000","municipality":"Matanza de Acentejo (La)","province":"SANTA CRUZ DE TENERIFE","postalCode":"38370","schedule":"L-D: 06:00-22:00","fuels":{"gasoline95":1.525,"gasoline98":1.625,"diesel":1.599,"dieselPremium":1.695},"extra":{"saleType":"P","margin":"N","reportingType":"OM","ideess":"7854","idMunicipio":"5714","idProvincia":"38","idCCAA":"05"}}},{"type":"Feature","geometry":{"type":"Point","coordinates":[-16.590056,28.373639]},"properties":{"id":"es-7855","source":"ES","brand":"EESS OCÉANO  LA AZADILLA","address":"CARRETERA LOS REALEJOS-ICOD EL ALTO KM. 10","municipality":"Realejos (Los)","province":"SANTA CRUZ DE TENERIFE","postalCode":"38410","schedule":"L-V: 06:15-22:15; S: 06:45-22:15; D: 07:15-22:15","fuels":{"gasoline95":1.368,"gasoline98":1.427,"diesel":1.435},"extra":{"saleType":"P","margin":"N","reportingType":"dm","ideess":"7855","idMunicipio":"5720","idProvincia":"38","idCCAA":"05"}}},{"type":"Feature","geometry":{"type":"Point","coordinates":[-16.519861,28.394361]},"properties":{"id":"es-7856","source":"ES","brand":"DISA","address":"PLAZA LA PAZ, S/N","municipality":"Orotava (La)","province":"SANTA CRUZ DE TENERIFE","postalCode":"38300","schedule":"L-D: 24H","fuels":{"gasoline95":1.429,"gasoline98":1.549,"diesel":1.499,"dieselPremium":1.599},"extra":{"saleType":"P","margin":"N","reportingType":"dm","ideess":"7856","idMunicipio":"5715","idProvincia":"38","idCCAA":"05"}}},{"type":"Feature","geometry":{"type":"Point","coordinates":[-16.265167,28.45725]},"properties":{"id":"es-7857","source":"ES","brand":"DISA TRES DE MAYO","address":"CALLE ORTEGA Y GASSET, 1","municipality":"Santa Cruz de Tenerife","province":"SANTA CRUZ DE TENERIFE","postalCode":"38007","schedule":"L-D: 24H","fuels":{"gasoline95":1.459,"gasoline98":1.589,"diesel":1.559,"dieselPremium":1.659},"extra":{"saleType":"P","margin":"N","reportingType":"OM","ideess":"7857","idMunicipio":"5728","idProvincia":"38","idCCAA":"05"}}},{"type":"Feature","geometry":{"type":"Point","coordinates":[-16.612694,28.05]},"properties":{"id":"es-7859","source":"ES","brand":"DISA LAS CHAFIRAS","address":"CARRETERA CARRETEA GENERAL A LAS GALLETAS-CHAFIRAS KM. S/N","municipality":"San Miguel de Abona","province":"SANTA CRUZ DE TENERIFE","postalCode":"38639","schedule":"L-D: 24H","fuels":{"gasoline95":1.459,"gasoline98":1.569,"diesel":1.539,"dieselPremium":1.629,"lpg":0.898},"extra":{"saleType":"P","margin":"I","reportingType":"OM","ideess":"7859","idMunicipio":"5725","idProvincia":"38","idCCAA":"05"}}},{"type":"Feature","geometry":{"type":"Point","coordinates":[-16.296722,28.454667]},"properties":{"id":"es-7860","source":"ES","brand":"DISA LOS MAJUELOS","address":"AVENIDA LOS MAJUELOS, 26","municipality":"San Cristóbal de La Laguna","province":"SANTA CRUZ DE TENERIFE","postalCode":"38108","schedule":"L-D: 24H","fuels":{"gasoline95":1.435,"gasoline98":1.555,"diesel":1.575,"dieselPremium":1.665,"dieselRenewable":1.638},"extra":{"saleType":"P","margin":"N","reportingType":"OM","ideess":"7860","idMunicipio":"5723","idProvincia":"38","idCCAA":"05"}}},{"type":"Feature","geometry":{"type":"Point","coordinates":[-16.318556,28.481556]},"properties":{"id":"es-7861","source":"ES","brand":"DISA PADRE ANCHIETA","address":"GLORIETA DEL BRASIL, S/N","municipality":"San Cristóbal de La Laguna","province":"SANTA CRUZ DE TENERIFE","postalCode":"38203","schedule":"L-D: 06:00-22:00","fuels":{"gasoline95":1.449,"gasoline98":1.569,"diesel":1.565,"dieselPremium":1.665,"lpg":0.898},"extra":{"saleType":"P","margin":"N","reportingType":"OM","ideess":"7861","idMunicipio":"5723","idProvincia":"38","idCCAA":"05"}}},{"type":"Feature","geometry":{"type":"Point","coordinates":[-16.363056,28.53325]},"properties":{"id":"es-7862","source":"ES","brand":"DISA TEJINA","address":"CALLE FELIPE CASTILLO, 3","municipality":"San Cristóbal de La Laguna","province":"SANTA CRUZ DE TENERIFE","postalCode":"38260","schedule":"L-D: 06:00-22:00","fuels":{"gasoline95":1.501,"gasoline98":1.611,"diesel":1.591,"dieselPremium":1.655},"extra":{"saleType":"P","margin":"N","reportingType":"OM","ideess":"7862","idMunicipio":"5723","idProvincia":"38","idCCAA":"05"}}},{"type":"Feature","geometry":{"type":"Point","coordinates":[-16.305167,28.438528]},"properties":{"id":"es-7863","source":"ES","brand":"DISA BARRANCO GRANDE","address":"CARRETERA GENERAL DEL SUR KM. 7,5","municipality":"Santa Cruz de Tenerife","province":"SANTA CRUZ DE TENERIFE","postalCode":"38108","schedule":"L-S: 06:00-22:00; D: 08:00-22:00","fuels":{"gasoline95":1.455,"gasoline98":1.589,"diesel":1.549,"dieselPremium":1.669,"dieselRenewable":1.638,"adblue":1.81},"extra":{"saleType":"P","margin":"N","reportingType":"OM","ideess":"7863","idMunicipio":"5728","idProvincia":"38","idCCAA":"05"}}},{"type":"Feature","geometry":{"type":"Point","coordinates":[-16.762889,28.158972]},"properties":{"id":"es-7864","source":"ES","brand":"DISA TIJOCO","address":"CARRETERA CTRA.GRAL.ADEJE A GUIA DE ISORA KM. 118,200","municipality":"Adeje","province":"SANTA CRUZ DE TENERIFE","postalCode":"38677","schedule":"L-D: 06:00-22:00","fuels":{"gasoline95":1.565,"gasoline98":1.695,"diesel":1.659},"extra":{"saleType":"P","margin":"D","reportingType":"OM","ideess":"7864","idMunicipio":"5691","idProvincia":"38","idCCAA":"05"}}},{"type":"Feature","geometry":{"type":"Point","coordinates":[-16.356861,28.520389]},"properties":{"id":"es-7865","source":"ES","brand":"DISA EL SOCORRO","address":"CARRETERA TF 154 DELPORTEZUELO ALS TODCAS KM. 1","municipality":"Tegueste","province":"SANTA CRUZ DE TENERIFE","postalCode":"38292","schedule":"L-D: 06:00-22:00","fuels":{"gasoline95":1.495,"gasoline98":1.605,"diesel":1.585},"extra":{"saleType":"P","margin":"N","reportingType":"OM","ideess":"7865","idMunicipio":"5736","idProvincia":"38","idCCAA":"05"}}},{"type":"Feature","geometry":{"type":"Point","coordinates":[-16.710194,28.37225]},"properties":{"id":"es-7866","source":"ES","brand":"DISA ICOD DE LOS VINOS","address":"AVENIDA PRINCIPES DE ESPAÑA, 40","municipality":"Icod de los Vinos","province":"SANTA CRUZ DE TENERIFE","postalCode":"38430","schedule":"L-D: 24H","fuels":{"gasoline95":1.459,"gasoline98":1.589,"diesel":1.549,"dieselPremium":1.649,"lpg":0.898},"extra":{"saleType":"P","margin":"N","reportingType":"OM","ideess":"7866","idMunicipio":"5712","idProvincia":"38","idCCAA":"05"}}},{"type":"Feature","geometry":{"type":"Point","coordinates":[-16.272306,28.458417]},"properties":{"id":"es-7869","source":"ES","brand":"DISA TIO PINO","address":"CARRETERA DEL ROSARIO C-822 KM. 2","municipality":"Santa Cruz de Tenerife","province":"SANTA CRUZ DE TENERIFE","postalCode":"38009","schedule":"L-D: 06:00-22:00","fuels":{"gasoline95":1.469,"gasoline98":1.595,"diesel":1.549,"dieselPremium":1.669},"extra":{"saleType":"P","margin":"N","reportingType":"OM","ideess":"7869","idMunicipio":"5728","idProvincia":"38","idCCAA":"05"}}},{"type":"Feature","geometry":{"type":"Point","coordinates":[-16.3045,28.427306]},"properties":{"id":"es-7871","source":"ES","brand":"DISA CUEVAS BLANCAS","address":"CALLE GUAIRE - URB.CUEVAS BLANCAS, S/N","municipality":"Santa Cruz de Tenerife","province":"SANTA CRUZ DE TENERIFE","postalCode":"38109","schedule":"L-D: 06:00-22:00","fuels":{"gasoline95":1.489,"gasoline98":1.609,"diesel":1.599,"dieselPremium":1.659},"extra":{"saleType":"P","margin":"N","reportingType":"OM","ideess":"7871","idMunicipio":"5728","idProvincia":"38","idCCAA":"05"}}},{"type":"Feature","geometry":{"type":"Point","coordinates":[-16.347361,28.55225]},"properties":{"id":"es-7872","source":"ES","brand":"DISA BAJAMAR","address":"AVENIDA BAJAMAR, 103","municipality":"San Cristóbal de La Laguna","province":"SANTA CRUZ DE TENERIFE","postalCode":"38250","schedule":"L-D: 06:00-22:00","fuels":{"gasoline95":1.501,"gasoline98":1.611,"diesel":1.591,"dieselPremium":1.655},"extra":{"saleType":"P","margin":"I","reportingType":"OM","ideess":"7872","idMunicipio":"5723","idProvincia":"38","idCCAA":"05"}}},{"type":"Feature","geometry":{"type":"Point","coordinates":[-16.261417,28.4515]},"properties":{"id":"es-7875","source":"ES","brand":"DISA VIA PENETRACION","address":"VÍA VIA PENETRACION, KM. 0,184, S/N","municipality":"Santa Cruz de Tenerife","province":"SANTA CRUZ DE TENERIFE","postalCode":"38005","schedule":"L-D: 24H","fuels":{"gasoline95":1.459,"gasoline98":1.589,"diesel":1.559,"dieselRenewable":1.638,"adblue":1.81},"extra":{"saleType":"P","margin":"N","reportingType":"OM","ideess":"7875","idMunicipio":"5728","idProvincia":"38","idCCAA":"05"}}},{"type":"Feature","geometry":{"type":"Point","coordinates":[-16.231889,28.489111]},"properties":{"id":"es-7879","source":"ES","brand":"DISA BALNEARIO I","address":"AUTOVIA SANTA CRUZ-SAN ANDRES KM. S/N","municipality":"Santa Cruz de Tenerife","province":"SANTA CRUZ DE TENERIFE","postalCode":"38150","schedule":"L-D: 24H","fuels":{"gasoline95":1.479,"gasoline98":1.599,"diesel":1.579,"dieselPremium":1.689},"extra":{"saleType":"P","margin":"I","reportingType":"OM","ideess":"7879","idMunicipio":"5728","idProvincia":"38","idCCAA":"05"}}},{"type":"Feature","geometry":{"type":"Point","coordinates":[-16.242889,28.479167]},"properties":{"id":"es-7880","source":"ES","brand":"DISA NAUTICO","address":"AVENIDA FRANCISCO LA ROCHE, 1","municipality":"Santa Cruz de Tenerife","province":"SANTA CRUZ DE TENERIFE","postalCode":"38150","schedule":"L-D: 24H","fuels":{"gasoline95":1.529,"gasoline98":1.655,"diesel":1.629},"extra":{"saleType":"P","margin":"N","reportingType":"OM","ideess":"7880","idMunicipio":"5728","idProvincia":"38","idCCAA":"05"}}},{"type":"Feature","geometry":{"type":"Point","coordinates":[-16.407972,28.319056]},"properties":{"id":"es-7881","source":"ES","brand":"DISA GÜIMAR","address":"AVENIDA SANTA CRUZ, 53","municipality":"Güímar","province":"SANTA CRUZ DE TENERIFE","postalCode":"38500","schedule":"L-M: 06:00-22:00; X: 05:30-19:30; J-S: 06:00-22:00; D: 07:00-21:00","fuels":{"gasoline95":1.455,"gasoline98":1.569,"diesel":1.569,"dieselPremium":1.669,"adblue":1.81},"extra":{"saleType":"P","margin":"N","reportingType":"OM","ideess":"7881","idMunicipio":"5710","idProvincia":"38","idCCAA":"05"}}},{"type":"Feature","geometry":{"type":"Point","coordinates":[-16.271028,28.467389]},"properties":{"id":"es-7887","source":"ES","brand":"DISA ARACAYU","address":"AVENIDA VENEZUELA, S/N","municipality":"Santa Cruz de Tenerife","province":"SANTA CRUZ DE TENERIFE","postalCode":"38007","schedule":"L-D: 06:00-22:00","fuels":{"gasoline95":1.469,"gasoline98":1.595,"diesel":1.555},"extra":{"saleType":"P","margin":"N","reportingType":"OM","ideess":"7887","idMunicipio":"5728","idProvincia":"38","idCCAA":"05"}}},{"type":"Feature","geometry":{"type":"Point","coordinates":[-16.84825,28.369889]},"properties":{"id":"es-7888","source":"ES","brand":"DISA","address":"AVENIDA JUAN MENDEZ EL VIEJO, S/N","municipality":"Buenavista del Norte","province":"SANTA CRUZ DE TENERIFE","postalCode":"38480","schedule":"L-S: 06:00-23:00; D: 07:00-10:00","fuels":{"gasoline95":1.479,"gasoline98":1.609,"diesel":1.569},"extra":{"saleType":"P","margin":"N","reportingType":"dm","ideess":"7888","idMunicipio":"5700","idProvincia":"38","idCCAA":"05"}}},{"type":"Feature","geometry":{"type":"Point","coordinates":[-16.578472,28.104694]},"properties":{"id":"es-7889","source":"ES","brand":"CEPSA LOS LLANOS (MOEVE) - GRANADILLA","address":"CARRETERA GRANADILLA MEDANO KM. 2,25","municipality":"Granadilla de Abona","province":"SANTA CRUZ DE TENERIFE","postalCode":"38600","schedule":"L-D: 24H","fuels":{"gasoline95":1.449,"gasoline98":1.589,"diesel":1.519,"dieselPremium":1.609},"extra":{"saleType":"P","margin":"I","reportingType":"dm","ideess":"7889","idMunicipio":"5707","idProvincia":"38","idCCAA":"05"}}},{"type":"Feature","geometry":{"type":"Point","coordinates":[-16.383,28.487389]},"properties":{"id":"es-7890","source":"ES","brand":"MOEVE","address":"AUTOPISTA NORTE TF-5 KM. 16","municipality":"Tacoronte","province":"SANTA CRUZ DE TENERIFE","postalCode":"38350","schedule":"L-D: 24H","fuels":{"gasoline95":1.459,"gasoline98":1.579,"diesel":1.559,"dieselRenewable":1.659},"extra":{"saleType":"P","margin":"I","reportingType":"OM","ideess":"7890","idMunicipio":"5733","idProvincia":"38","idCCAA":"05"}}},{"type":"Feature","geometry":{"type":"Point","coordinates":[-16.819028,28.270194]},"properties":{"id":"es-7948","source":"ES","brand":"DISA","address":"AVENIDA CORONEL GORRIN, 37","municipality":"Santiago del Teide","province":"SANTA CRUZ DE TENERIFE","postalCode":"38684","schedule":"L-S: 06:00-22:00; D: 07:00-22:00","fuels":{"gasoline95":1.495,"gasoline98":1.665,"diesel":1.579},"extra":{"saleType":"P","margin":"I","reportingType":"dm","ideess":"7948","idMunicipio":"5730","idProvincia":"38","idCCAA":"05"}}},{"type":"Feature","geometry":{"type":"Point","coordinates":[-16.640167,28.153028]},"properties":{"id":"es-7951","source":"ES","brand":"DISA","address":"CARRETERA CARRETERA GENERAL 821 KM. 68,80","municipality":"Vilaflor","province":"SANTA CRUZ DE TENERIFE","postalCode":"38613","schedule":"L-S: 07:00-21:00; D: 08:00-14:00","fuels":{"gasoline95":1.469,"gasoline98":1.635,"diesel":1.549},"extra":{"saleType":"P","margin":"N","reportingType":"dm","ideess":"7951","idMunicipio":"5742","idProvincia":"38","idCCAA":"05"}}},{"type":"Feature","geometry":{"type":"Point","coordinates":[-16.662639,28.011861]},"properties":{"id":"es-8280","source":"ES","brand":"TGAS LAS GALLETAS","address":"CRTRA. VALLE SAN LORENZO - LAS GALLETAS km 11,1","municipality":"Arona","province":"SANTA CRUZ DE TENERIFE","postalCode":"38640","schedule":"L-D: 24H","fuels":{"gasoline95":1.448,"gasoline98":1.559,"diesel":1.539,"dieselPremium":1.599},"extra":{"saleType":"P","margin":"D","reportingType":"dm","ideess":"8280","idMunicipio":"5696","idProvincia":"38","idCCAA":"05"}}},{"type":"Feature","geometry":{"type":"Point","coordinates":[-16.382583,28.328306]},"properties":{"id":"es-8326","source":"ES","brand":"REPSOL","address":"CARRETERA ARAFO LA HIDALGA TF-281 KM. 1","municipality":"Arafo","province":"SANTA CRUZ DE TENERIFE","postalCode":"38550","schedule":"L-D: 24H","fuels":{"gasoline95":1.449,"gasoline98":1.569,"diesel":1.549,"dieselRenewable":1.669},"extra":{"saleType":"P","margin":"D","reportingType":"dm","ideess":"8326","idMunicipio":"5694","idProvincia":"38","idCCAA":"05"}}},{"type":"Feature","geometry":{"type":"Point","coordinates":[-16.757917,28.128083]},"properties":{"id":"es-8741","source":"ES","brand":"H2GO MAXO ARMEÑIME","address":"CARRETERA GENERAL ADEJE A PLAYA SAN JUAN KM. 2,5","municipality":"Adeje","province":"SANTA CRUZ DE TENERIFE","postalCode":"38678","schedule":"L-D: 07:00-22:00","fuels":{"gasoline95":1.479,"gasoline98":1.549,"diesel":1.489,"dieselRenewable":1.649,"adblue":1.48},"extra":{"saleType":"P","margin":"N","reportingType":"dm","ideess":"8741","idMunicipio":"5691","idProvincia":"38","idCCAA":"05"}}},{"type":"Feature","geometry":{"type":"Point","coordinates":[-16.678833,28.045667]},"properties":{"id":"es-8743","source":"ES","brand":"BP GUAZA","address":"CARRETERA CTRA GRAL GUAZA TF-66 KM. 79","municipality":"Arona","province":"SANTA CRUZ DE TENERIFE","postalCode":"38627","schedule":"L-D: 24H","fuels":{"gasoline95":1.458,"gasoline98":1.598,"diesel":1.548,"dieselPremium":1.674},"extra":{"saleType":"P","margin":"N","reportingType":"dm","ideess":"8743","idMunicipio":"5696","idProvincia":"38","idCCAA":"05"}}},{"type":"Feature","geometry":{"type":"Point","coordinates":[-16.410972,28.313]},"properties":{"id":"es-8749","source":"ES","brand":"SHELL GUIMAR","address":"CALLE RIGOBERTO DIAZ MELERO, S/N","municipality":"Güímar","province":"SANTA CRUZ DE TENERIFE","postalCode":"38500","schedule":"L-D: 06:00-22:00","fuels":{"gasoline95":1.449,"gasoline98":1.569,"diesel":1.549,"dieselPremium":1.669},"extra":{"saleType":"P","margin":"I","reportingType":"dm","ideess":"8749","idMunicipio":"5710","idProvincia":"38","idCCAA":"05"}}},{"type":"Feature","geometry":{"type":"Point","coordinates":[-16.329806,28.456861]},"properties":{"id":"es-8751","source":"ES","brand":"TGAS LOS BALDÍOS","address":"CARRETERA TF-265 KM. 2","municipality":"San Cristóbal de La Laguna","province":"SANTA CRUZ DE TENERIFE","postalCode":"38291","schedule":"L-D: 06:00-22:00","fuels":{"gasoline95":1.429,"gasoline98":1.549,"diesel":1.549},"extra":{"saleType":"P","margin":"D","reportingType":"dm","ideess":"8751","idMunicipio":"5723","idProvincia":"38","idCCAA":"05"}}},{"type":"Feature","geometry":{"type":"Point","coordinates":[-16.529556,28.411722]},"properties":{"id":"es-8753","source":"ES","brand":"SHELL EL AGUILA","address":"CARRETERA MARTIANEZ TF-131 KM. 2,4","municipality":"Puerto de la Cruz","province":"SANTA CRUZ DE TENERIFE","postalCode":"38400","schedule":"L-D: 06:00-22:00","fuels":{"gasoline95":1.465,"gasoline98":1.585,"diesel":1.539,"dieselPremium":1.639},"extra":{"saleType":"P","margin":"N","reportingType":"OM","ideess":"8753","idMunicipio":"5717","idProvincia":"38","idCCAA":"05"}}},{"type":"Feature","geometry":{"type":"Point","coordinates":[-16.547417,28.398]},"properties":{"id":"es-8754","source":"ES","brand":"SHELL","address":"CARRETERA GRAL. PUERTO CUZ-LAS ARENAS KM. 132","municipality":"Puerto de la Cruz","province":"SANTA CRUZ DE TENERIFE","postalCode":"38400","schedule":"L: 24H","fuels":{"gasoline95":1.469,"gasoline98":1.609,"diesel":1.549,"dieselPremium":1.669},"extra":{"saleType":"P","margin":"N","reportingType":"dm","ideess":"8754","idMunicipio":"5717","idProvincia":"38","idCCAA":"05"}}},{"type":"Feature","geometry":{"type":"Point","coordinates":[-16.577167,28.384194]},"properties":{"id":"es-8756","source":"ES","brand":"SHELL LOS REALEJOS","address":"CARRETERA CRA.GRAL.LA ZAMORA 22 KM. 3,100","municipality":"Realejos (Los)","province":"SANTA CRUZ DE TENERIFE","postalCode":"38410","schedule":"L-D: 06:00-22:00","fuels":{"gasoline95":1.469,"gasoline98":1.579,"diesel":1.529,"dieselPremium":1.629},"extra":{"saleType":"P","margin":"N","reportingType":"OM","ideess":"8756","idMunicipio":"5720","idProvincia":"38","idCCAA":"05"}}},{"type":"Feature","geometry":{"type":"Point","coordinates":[-16.574306,28.400194]},"properties":{"id":"es-8757","source":"ES","brand":"SHELL LAS DEHESAS","address":"CARRETERA EL TOSCAL KM. S/N","municipality":"Realejos (Los)","province":"SANTA CRUZ DE TENERIFE","postalCode":"38410","schedule":"L-D: 06:00-22:00","fuels":{"gasoline95":1.475,"gasoline98":1.595,"diesel":1.549,"dieselPremium":1.669},"extra":{"saleType":"P","margin":"N","reportingType":"OM","ideess":"8757","idMunicipio":"5720","idProvincia":"38","idCCAA":"05"}}},{"type":"Feature","geometry":{"type":"Point","coordinates":[-16.278306,28.454278]},"properties":{"id":"es-8758","source":"ES","brand":"E.S.SHELL OFRA","address":"CARRETERA DEL ROSARIO KM. 3","municipality":"Santa Cruz de Tenerife","province":"SANTA CRUZ DE TENERIFE","postalCode":"38009","schedule":"L-D: 06:00-22:00","fuels":{"gasoline95":1.449,"gasoline98":1.569,"diesel":1.589,"dieselPremium":1.679},"extra":{"saleType":"P","margin":"N","reportingType":"OM","ideess":"8758","idMunicipio":"5728","idProvincia":"38","idCCAA":"05"}}},{"type":"Feature","geometry":{"type":"Point","coordinates":[-16.279417,28.464056]},"properties":{"id":"es-8759","source":"ES","brand":"SHELL EL RAMONAL","address":"CARRETERA SANTA CRUZ- LA LAGUNA KM. 3,7","municipality":"Santa Cruz de Tenerife","province":"SANTA CRUZ DE TENERIFE","postalCode":"38009","schedule":"L-D: 24H","fuels":{"gasoline95":1.339,"gasoline98":1.459,"diesel":1.439,"dieselPremium":1.539},"extra":{"saleType":"P","margin":"D","reportingType":"OM","ideess":"8759","idMunicipio":"5728","idProvincia":"38","idCCAA":"05"}}},{"type":"Feature","geometry":{"type":"Point","coordinates":[-16.719694,28.368528]},"properties":{"id":"es-8760","source":"ES","brand":"SHELL ICOD DE LOS VINOS","address":"CALLE FRANCISCO MIRANDA, 1","municipality":"Icod de los Vinos","province":"SANTA CRUZ DE TENERIFE","postalCode":"38430","schedule":"L-D: 06:00-22:00","fuels":{"gasoline95":1.479,"gasoline98":1.609,"diesel":1.569,"dieselPremium":1.669,"adblue":1.81},"extra":{"saleType":"P","margin":"N","reportingType":"OM","ideess":"8760","idMunicipio":"5712","idProvincia":"38","idCCAA":"05"}}},{"type":"Feature","geometry":{"type":"Point","coordinates":[-16.3005,28.445028]},"properties":{"id":"es-8761","source":"ES","brand":"DISA TACO","address":"CARRETERA CARRETERA GENERAL DEL SUR KM. 6,200","municipality":"Santa Cruz de Tenerife","province":"SANTA CRUZ DE TENERIFE","postalCode":"38108","schedule":"L-D: 06:00-22:00","fuels":{"gasoline95":1.449,"gasoline98":1.569,"diesel":1.559,"dieselPremium":1.669},"extra":{"saleType":"P","margin":"N","reportingType":"OM","ideess":"8761","idMunicipio":"5728","idProvincia":"38","idCCAA":"05"}}},{"type":"Feature","geometry":{"type":"Point","coordinates":[-16.494333,28.425222]},"properties":{"id":"es-8762","source":"ES","brand":"SHELL SANTA URSULA","address":"CARRETERA GENERAL DEL NORTE KM. 31","municipality":"Santa Úrsula","province":"SANTA CRUZ DE TENERIFE","postalCode":"38390","schedule":"L-D: 06:00-22:00","fuels":{"gasoline95":1.485,"gasoline98":1.579,"diesel":1.569,"dieselPremium":1.659},"extra":{"saleType":"P","margin":"N","reportingType":"OM","ideess":"8762","idMunicipio":"5729","idProvincia":"38","idCCAA":"05"}}},{"type":"Feature","geometry":{"type":"Point","coordinates":[-16.313611,28.4815]},"properties":{"id":"es-8768","source":"ES","brand":"SHELL LA LAGUNA","address":"AVENIDA CALVO SOTELO, S/N","municipality":"San Cristóbal de La Laguna","province":"SANTA CRUZ DE TENERIFE","postalCode":"38205","schedule":"L-D: 24H","fuels":{"gasoline95":1.449,"gasoline98":1.569,"diesel":1.565,"dieselPremium":1.649},"extra":{"saleType":"P","margin":"N","reportingType":"OM","ideess":"8768","idMunicipio":"5723","idProvincia":"38","idCCAA":"05"}}},{"type":"Feature","geometry":{"type":"Point","coordinates":[-16.690917,28.0585]},"properties":{"id":"es-8772","source":"ES","brand":"REPSOL","address":"AUTOPISTA AUTOPISTA DEL SUR, PF 70,5 MARG. IZQ. KM. 70,5","municipality":"Arona","province":"SANTA CRUZ DE TENERIFE","postalCode":"38627","schedule":"L-D: 24H","fuels":{"gasoline95":1.429,"gasoline98":1.569,"diesel":1.529,"dieselRenewable":1.679},"extra":{"saleType":"P","margin":"I","reportingType":"OM","ideess":"8772","idMunicipio":"5696","idProvincia":"38","idCCAA":"05"}}},{"type":"Feature","geometry":{"type":"Point","coordinates":[-16.558389,28.376444]},"properties":{"id":"es-8776","source":"ES","brand":"SHELL LA PERDOMA","address":"CARRETERA GENERAL DEL NORTE, 173 KM. 173","municipality":"Orotava (La)","province":"SANTA CRUZ DE TENERIFE","postalCode":"38315","schedule":"L-D: 06:00-22:00","fuels":{"gasoline95":1.499,"gasoline98":1.599,"diesel":1.539,"dieselPremium":1.649},"extra":{"saleType":"P","margin":"D","reportingType":"OM","ideess":"8776","idMunicipio":"5715","idProvincia":"38","idCCAA":"05"}}},{"type":"Feature","geometry":{"type":"Point","coordinates":[-16.320222,28.419333]},"properties":{"id":"es-8802","source":"ES","brand":"MOEVE","address":"C/ LA CAMPANA, S/N (CTRA. GRAL. DEL SUR km 4)","municipality":"Rosario (El)","province":"SANTA CRUZ DE TENERIFE","postalCode":"38420","schedule":"L-D: 24H","fuels":{"gasoline95":1.429,"gasoline98":1.549,"diesel":1.529,"dieselRenewable":1.629},"extra":{"saleType":"P","margin":"N","reportingType":"OM","ideess":"8802","idMunicipio":"5721","idProvincia":"38","idCCAA":"05"}}},{"type":"Feature","geometry":{"type":"Point","coordinates":[-16.788028,28.225139]},"properties":{"id":"es-8977","source":"ES","brand":"DISA","address":"CARRETERA GENERAL TF-82 KM. 96","municipality":"Guía de Isora","province":"SANTA CRUZ DE TENERIFE","postalCode":"38680","schedule":"L-S: 06:00-22:00; D: 08:00-17:00","fuels":{"gasoline95":1.499,"gasoline98":1.678,"diesel":1.599,"dieselPremium":1.699},"extra":{"saleType":"P","margin":"D","reportingType":"dm","ideess":"8977","idMunicipio":"5709","idProvincia":"38","idCCAA":"05"}}},{"type":"Feature","geometry":{"type":"Point","coordinates":[-16.782028,28.212417]},"properties":{"id":"es-9176","source":"ES","brand":"SHELL","address":"AVENIDA AV ISORA, 86","municipality":"Guía de Isora","province":"SANTA CRUZ DE TENERIFE","postalCode":"38680","schedule":"L-S: 06:00-22:00; D: 07:00-17:00","fuels":{"gasoline95":1.499,"gasoline98":1.678,"diesel":1.599,"dieselPremium":1.699},"extra":{"saleType":"P","margin":"N","reportingType":"dm","ideess":"9176","idMunicipio":"5709","idProvincia":"38","idCCAA":"05"}}},{"type":"Feature","geometry":{"type":"Point","coordinates":[-16.296,28.470222]},"properties":{"id":"es-9290","source":"ES","brand":"PCAN","address":"AVENIDA LOS MENCEYES, 223","municipality":"San Cristóbal de La Laguna","province":"SANTA CRUZ DE TENERIFE","postalCode":"38320","schedule":"L-V: 06:00-21:30","fuels":{"gasoline95":1.388,"gasoline98":1.458,"diesel":1.478},"extra":{"saleType":"P","margin":"D","reportingType":"dm","ideess":"9290","idMunicipio":"5723","idProvincia":"38","idCCAA":"05"}}},{"type":"Feature","geometry":{"type":"Point","coordinates":[-16.692139,28.061333]},"properties":{"id":"es-9483","source":"ES","brand":"MOEVE LLANO AZUL","address":"CARRETERA CARRETERA GENERAL GUAZA LOS CRISTIANOS KM. 1","municipality":"Arona","province":"SANTA CRUZ DE TENERIFE","postalCode":"38649","schedule":"L-D: 24H","fuels":{"gasoline95":1.479,"gasoline98":1.608,"diesel":1.559,"dieselPremium":1.659},"extra":{"saleType":"P","margin":"D","reportingType":"dm","ideess":"9483","idMunicipio":"5696","idProvincia":"38","idCCAA":"05"}}},{"type":"Feature","geometry":{"type":"Point","coordinates":[-16.558056,28.078278]},"properties":{"id":"es-9490","source":"ES","brand":"DISA SAN ISIDRO","address":"AVENIDA SANTA CRUZ, SN","municipality":"Granadilla de Abona","province":"SANTA CRUZ DE TENERIFE","postalCode":"38611","schedule":"L-D: 24H","fuels":{"gasoline95":1.459,"gasoline98":1.625,"diesel":1.539,"dieselPremium":1.629},"extra":{"saleType":"P","margin":"D","reportingType":"dm","ideess":"9490","idMunicipio":"5707","idProvincia":"38","idCCAA":"05"}}},{"type":"Feature","geometry":{"type":"Point","coordinates":[-16.615694,28.099667]},"properties":{"id":"es-9614","source":"ES","brand":"DISA SAN MIGUEL","address":"CARRETERA GENERAL DEL SUR KM. 80,8","municipality":"San Miguel de Abona","province":"SANTA CRUZ DE TENERIFE","postalCode":"38620","schedule":"L-D: 06:00-22:00","fuels":{"gasoline95":1.469,"gasoline98":1.635,"diesel":1.549,"dieselPremium":1.639},"extra":{"saleType":"P","margin":"I","reportingType":"OM","ideess":"9614","idMunicipio":"5725","idProvincia":"38","idCCAA":"05"}}},{"type":"Feature","geometry":{"type":"Point","coordinates":[-16.466778,28.436083]},"properties":{"id":"es-9629","source":"ES","brand":"SHELL LA VICTORIA","address":"CARRETERA CTRA. GRAL. DEL  NORTE KM. 27","municipality":"Victoria de Acentejo (La)","province":"SANTA CRUZ DE TENERIFE","postalCode":"38380","schedule":"L-D: 06:00-22:00","fuels":{"gasoline95":1.525,"gasoline98":1.625,"diesel":1.599,"dieselPremium":1.695},"extra":{"saleType":"P","margin":"I","reportingType":"OM","ideess":"9629","idMunicipio":"5741","idProvincia":"38","idCCAA":"05"}}},{"type":"Feature","geometry":{"type":"Point","coordinates":[-16.460472,28.449528]},"properties":{"id":"es-9635","source":"ES","brand":"DISA EL BOHIO","address":"AUTOPISTA TF-5 KM. 25","municipality":"Matanza de Acentejo (La)","province":"SANTA CRUZ DE TENERIFE","postalCode":"38370","schedule":"L-D: 24H","fuels":{"gasoline95":1.516,"gasoline98":1.613,"diesel":1.625,"dieselPremium":1.678,"lpg":0.898,"adblue":1.8},"extra":{"saleType":"P","margin":"I","reportingType":"dm","ideess":"9635","idMunicipio":"5714","idProvincia":"38","idCCAA":"05"}}},{"type":"Feature","geometry":{"type":"Point","coordinates":[-16.815583,28.293833]},"properties":{"id":"es-9664","source":"ES","brand":"DISA","address":"CARRETERA AVENIDA GENERAL FRANCO 3 KM. 82,9","municipality":"Santiago del Teide","province":"SANTA CRUZ DE TENERIFE","postalCode":"38436","schedule":"L-S: 05:30-22:00; D: 05:30-21:00","fuels":{"gasoline95":1.49,"gasoline98":1.616,"diesel":1.566,"adblue":2.46},"extra":{"saleType":"P","margin":"D","reportingType":"dm","ideess":"9664","idMunicipio":"5730","idProvincia":"38","idCCAA":"05"}}},{"type":"Feature","geometry":{"type":"Point","coordinates":[-16.522333,28.398333]},"properties":{"id":"es-9741","source":"ES","brand":"DISA","address":"CARRETERA C 820 KM 35.5 MARGUEN I KM. 35,5","municipality":"Orotava (La)","province":"SANTA CRUZ DE TENERIFE","postalCode":"38300","schedule":"L-V: 06:00-22:00; S: 07:00-22:00; D: 08:00-14:00","fuels":{"gasoline95":1.459,"gasoline98":1.599,"diesel":1.549,"dieselPremium":1.669},"extra":{"saleType":"P","margin":"I","reportingType":"dm","ideess":"9741","idMunicipio":"5715","idProvincia":"38","idCCAA":"05"}}},{"type":"Feature","geometry":{"type":"Point","coordinates":[-16.239611,28.482833]},"properties":{"id":"es-9900","source":"ES","brand":"CEPSA","address":"AVENIDA ANAGA (DE), S/N","municipality":"Santa Cruz de Tenerife","province":"SANTA CRUZ DE TENERIFE","postalCode":"38001","schedule":"L-V: 06:00-22:00; S-D: 07:30-22:00","fuels":{"gasoline95":1.499,"gasoline98":1.619,"diesel":1.599,"dieselRenewable":1.649},"extra":{"saleType":"P","margin":"D","reportingType":"OM","ideess":"9900","idMunicipio":"5728","idProvincia":"38","idCCAA":"05"}}},{"type":"Feature","geometry":{"type":"Point","coordinates":[-16.667333,28.06075]},"properties":{"id":"es-9920","source":"ES","brand":"BP CABO BLANCO","address":"CARRETERA GENERAL VALLE SAN LORENZO-GUAZA,380 KM. 380","municipality":"Arona","province":"SANTA CRUZ DE TENERIFE","postalCode":"38626","schedule":"L-D: 24H","fuels":{"gasoline95":1.468,"gasoline98":1.608,"diesel":1.548,"dieselPremium":1.678},"extra":{"saleType":"P","margin":"D","reportingType":"dm","ideess":"9920","idMunicipio":"5696","idProvincia":"38","idCCAA":"05"}}},{"type":"Feature","geometry":{"type":"Point","coordinates":[-16.680889,28.078194]},"properties":{"id":"es-9947","source":"ES","brand":"DISA","address":"CARRETERA CTRA. GENERAL VALLE SAN LORENZO KM. 98,86","municipality":"Arona","province":"SANTA CRUZ DE TENERIFE","postalCode":"38627","schedule":"L-S: 07:00-22:00; D: 07:00-14:00","fuels":{"gasoline95":1.459,"gasoline98":1.599,"diesel":1.539,"dieselPremium":1.707},"extra":{"saleType":"P","margin":"N","reportingType":"dm","ideess":"9947","idMunicipio":"5696","idProvincia":"38","idCCAA":"05"}}},{"type":"Feature","geometry":{"type":"Point","coordinates":[-16.2535,28.458361]},"properties":{"id":"es-9951","source":"ES","brand":"DISA FOMENTO","address":"CALLE FOMENTO, S/N, ","municipality":"Santa Cruz de Tenerife","province":"SANTA CRUZ DE TENERIFE","postalCode":"38007","schedule":"L-D: 24H","fuels":{"gasoline95":1.559,"gasoline98":1.685,"diesel":1.659,"adblue":1.81},"extra":{"saleType":"P","margin":"N","reportingType":"OM","ideess":"9951","idMunicipio":"5728","idProvincia":"38","idCCAA":"05"}}},{"type":"Feature","geometry":{"type":"Point","coordinates":[-16.285806,28.467667]},"properties":{"id":"es-9961","source":"ES","brand":"DISA OFRA","address":"CARRETERA SUR (CUESTA-TACO) KM. 2","municipality":"San Cristóbal de La Laguna","province":"SANTA CRUZ DE TENERIFE","postalCode":"38206","schedule":"L-D: 06:00-22:00","fuels":{"gasoline95":1.449,"gasoline98":1.569,"diesel":1.589,"dieselPremium":1.679,"lpg":0.898},"extra":{"saleType":"P","margin":"N","reportingType":"OM","ideess":"9961","idMunicipio":"5723","idProvincia":"38","idCCAA":"05"}}},{"type":"Feature","geometry":{"type":"Point","coordinates":[-16.283778,28.466111]},"properties":{"id":"es-9966","source":"ES","brand":"DISA VISTABELLA","address":"CALLE MILAGROSA (LA) LA CUESTA, 2","municipality":"San Cristóbal de La Laguna","province":"SANTA CRUZ DE TENERIFE","postalCode":"38206","schedule":"L-S: 06:00-22:00; D: 08:00-22:00","fuels":{"gasoline95":1.384,"gasoline98":1.504,"diesel":1.504,"dieselPremium":1.599},"extra":{"saleType":"P","margin":"D","reportingType":"dm","ideess":"9966","idMunicipio":"5723","idProvincia":"38","idCCAA":"05"}}}]}