{"type":"FeatureCollection","features":[{"type":"Feature","geometry":{"type":"Point","coordinates":[-0.320778,39.585083]},"properties":{"id":"es-10021","source":"ES","brand":"GASEXPRESS LA POBLA DE FARNALS","address":"AVENIDA \"ARAGON\", 19","municipality":"Pobla de Farnals (la)","province":"VALENCIA / VALÈNCIA","postalCode":"46139","schedule":"L-D: 24H","fuels":{"gasoline95":1.669,"diesel":1.779},"extra":{"saleType":"P","margin":"D","reportingType":"dm","ideess":"10021","idMunicipio":"7156","idProvincia":"46","idCCAA":"10"}}},{"type":"Feature","geometry":{"type":"Point","coordinates":[-0.505333,39.471861]},"properties":{"id":"es-10034","source":"ES","brand":"GALP - AMERICAN PETROL","address":"AVINGUDA COMARQUES DEL PAIS VALENCIA, 103","municipality":"Quart de Poblet","province":"VALENCIA / VALÈNCIA","postalCode":"46930","schedule":"L-D: 24H","fuels":{"gasoline95":1.669,"diesel":1.899},"extra":{"saleType":"P","margin":"D","reportingType":"dm","ideess":"10034","idMunicipio":"7166","idProvincia":"46","idCCAA":"10"}}},{"type":"Feature","geometry":{"type":"Point","coordinates":[-0.522056,39.069167]},"properties":{"id":"es-10121","source":"ES","brand":"EESS TOSCANA","address":"CARRETERA CV 560 KM. 1,61","municipality":"Villanueva de Castellón","province":"VALENCIA / VALÈNCIA","postalCode":"46270","schedule":"L-D: 24H","fuels":{"gasoline95":1.585,"diesel":1.769,"dieselPremium":1.789,"dieselB":1.489,"adblue":0.769},"extra":{"saleType":"P","margin":"D","reportingType":"dm","ideess":"10121","idMunicipio":"7221","idProvincia":"46","idCCAA":"10"}}},{"type":"Feature","geometry":{"type":"Point","coordinates":[-0.321861,39.584389]},"properties":{"id":"es-10197","source":"ES","brand":"FACE PETROLEUM","address":"AVENIDA ARAGON, 3","municipality":"Pobla de Farnals (la)","province":"VALENCIA / VALÈNCIA","postalCode":"46139","schedule":"L-D: 24H","fuels":{"gasoline95":1.669,"gasoline98":1.789,"diesel":1.779,"dieselPremium":1.809},"extra":{"saleType":"P","margin":"N","reportingType":"dm","ideess":"10197","idMunicipio":"7156","idProvincia":"46","idCCAA":"10"}}},{"type":"Feature","geometry":{"type":"Point","coordinates":[-0.05375,39.971528]},"properties":{"id":"es-10252","source":"ES","brand":"REPSOL","address":"AVENIDA AENIDA VALENCIA, 125","municipality":"Castellón de la Plana/Castelló de la Plana","province":"CASTELLÓN / CASTELLÓ","postalCode":"12006","schedule":"L-S: 00:00-02:00 y 06:00-23:59; D: 06:00-22:00","fuels":{"gasoline95":1.785,"gasoline98":1.895,"diesel":1.959,"dieselPremium":2.019,"lpg":1.195},"extra":{"saleType":"P","margin":"D","reportingType":"OM","ideess":"10252","idMunicipio":"1842","idProvincia":"12","idCCAA":"10"}}},{"type":"Feature","geometry":{"type":"Point","coordinates":[-0.116528,39.943333]},"properties":{"id":"es-10259","source":"ES","brand":"CEPSA","address":"VIVER-PTO BURRIANA km 65,3","municipality":"Villarreal/Vila-real","province":"CASTELLÓN / CASTELLÓ","postalCode":"12540","schedule":"L-D: 06:00-22:00","fuels":{"gasoline95":1.787,"gasoline95Premium":1.904,"diesel":1.979,"dieselPremium":2.055},"extra":{"saleType":"P","margin":"I","reportingType":"dm","ideess":"10259","idMunicipio":"1929","idProvincia":"12","idCCAA":"10"}}},{"type":"Feature","geometry":{"type":"Point","coordinates":[-0.243417,39.970722]},"properties":{"id":"es-10260","source":"ES","brand":"CEPSA","address":"AVENIDA MANUEL ESCOBEDO, 20","municipality":"Onda","province":"CASTELLÓN / CASTELLÓ","postalCode":"12200","schedule":"L-V: 00:06-21:00; S: 08:00-20:00; D: 00:08-00:14","fuels":{"gasoline95":1.739,"gasoline95Premium":1.854,"diesel":1.894,"dieselPremium":1.974},"extra":{"saleType":"P","margin":"D","reportingType":"dm","ideess":"10260","idMunicipio":"1882","idProvincia":"12","idCCAA":"10"}}},{"type":"Feature","geometry":{"type":"Point","coordinates":[-0.067917,39.979139]},"properties":{"id":"es-10261","source":"ES","brand":"BALLENOIL","address":"CARRETERA RIBESALBES KM. S/N","municipality":"Castellón de la Plana/Castelló de la Plana","province":"CASTELLÓN / CASTELLÓ","postalCode":"12006","schedule":"L-D: 24H","fuels":{"gasoline95":1.699,"diesel":1.859,"dieselPremium":1.879},"extra":{"saleType":"P","margin":"D","reportingType":"OM","ideess":"10261","idMunicipio":"1842","idProvincia":"12","idCCAA":"10"}}},{"type":"Feature","geometry":{"type":"Point","coordinates":[-0.479806,39.438694]},"properties":{"id":"es-10270","source":"ES","brand":"BP TORRENTE","address":"CALLE MASIA DEL JUEZ, 12","municipality":"Torrent","province":"VALENCIA / VALÈNCIA","postalCode":"46900","schedule":"L-D: 06:00-22:00","fuels":{"gasoline95":1.849,"gasoline98":1.989,"diesel":1.905,"dieselPremium":1.995},"extra":{"saleType":"P","margin":"D","reportingType":"OM","ideess":"10270","idMunicipio":"7208","idProvincia":"46","idCCAA":"10"}}},{"type":"Feature","geometry":{"type":"Point","coordinates":[-0.462056,39.54175]},"properties":{"id":"es-10323","source":"ES","brand":"MIGUEL PI","address":"CARRETERA VALENCIA-ADEMUZ KM. 9700","municipality":"Paterna","province":"VALENCIA / VALÈNCIA","postalCode":"46980","schedule":"L-D: 24H","fuels":{"gasoline95":1.66,"diesel":1.742,"dieselPremium":1.773,"adblue":0.701},"extra":{"saleType":"P","margin":"D","reportingType":"dm","ideess":"10323","idMunicipio":"7149","idProvincia":"46","idCCAA":"10"}}},{"type":"Feature","geometry":{"type":"Point","coordinates":[-0.3785,39.483056]},"properties":{"id":"es-10326","source":"ES","brand":"E.S. LA TORRETA","address":"CALLE LLANO DE LA ZAIDIA, 6","municipality":"Valencia","province":"VALENCIA / VALÈNCIA","postalCode":"46009","schedule":"L-D: 24H","fuels":{"gasoline95":1.759,"gasoline98":1.919,"diesel":1.829,"dieselPremium":1.899},"extra":{"saleType":"P","margin":"D","reportingType":"dm","ideess":"10326","idMunicipio":"7214","idProvincia":"46","idCCAA":"10"}}},{"type":"Feature","geometry":{"type":"Point","coordinates":[-0.373222,39.452639]},"properties":{"id":"es-10327","source":"ES","brand":"E.S. SUR","address":"AVENIDA AUSIAS MARCH, 44","municipality":"Valencia","province":"VALENCIA / VALÈNCIA","postalCode":"46026","schedule":"L-D: 24H","fuels":{"gasoline95":1.759,"gasoline98":1.919,"diesel":1.829,"dieselPremium":1.899},"extra":{"saleType":"P","margin":"D","reportingType":"dm","ideess":"10327","idMunicipio":"7214","idProvincia":"46","idCCAA":"10"}}},{"type":"Feature","geometry":{"type":"Point","coordinates":[-0.429306,39.647194]},"properties":{"id":"es-10362","source":"ES","brand":"REPSOL","address":"POLIGONO POL.IND. LA LLOMA S/N, S/N","municipality":"Náquera","province":"VALENCIA / VALÈNCIA","postalCode":"46119","schedule":"L-D: 06:00-22:00","fuels":{"gasoline95":1.849,"gasoline98":2.009,"diesel":1.929,"dieselRenewable":2.039},"extra":{"saleType":"P","margin":"N","reportingType":"dm","ideess":"10362","idMunicipio":"7137","idProvincia":"46","idCCAA":"10"}}},{"type":"Feature","geometry":{"type":"Point","coordinates":[-0.242667,39.078028]},"properties":{"id":"es-10470","source":"ES","brand":"BP VALLDIGNA","address":"CARRETERA CTRA N 332 KM. 236","municipality":"Tavernes de la Valldigna","province":"VALENCIA / VALÈNCIA","postalCode":"46760","schedule":"L-D: 24H","fuels":{"gasoline95":1.849,"gasoline98":1.989,"diesel":1.949,"dieselPremium":2.039,"dieselB":1.679},"extra":{"saleType":"P","margin":"I","reportingType":"dm","ideess":"10470","idMunicipio":"7202","idProvincia":"46","idCCAA":"10"}}},{"type":"Feature","geometry":{"type":"Point","coordinates":[-0.350417,39.524167]},"properties":{"id":"es-10507","source":"ES","brand":"AGRICOLA SAN ISIDRO","address":"CAMINO CEMENTERIO, S/N","municipality":"Meliana","province":"VALENCIA / VALÈNCIA","postalCode":"46133","schedule":"L-D: 06:00-22:00","fuels":{"gasoline95":1.689,"diesel":1.799,"dieselB":1.489},"extra":{"saleType":"P","margin":"D","reportingType":"dm","ideess":"10507","idMunicipio":"7125","idProvincia":"46","idCCAA":"10"}}},{"type":"Feature","geometry":{"type":"Point","coordinates":[-0.517667,39.121278]},"properties":{"id":"es-10509","source":"ES","brand":"ELS GAFARRONS","address":"CARRETERA CARCAGENTE KM. 12","municipality":"Alberic","province":"VALENCIA / VALÈNCIA","postalCode":"46260","schedule":"L-D: 24H","fuels":{"gasoline95":1.659,"diesel":1.799,"dieselPremium":1.899},"extra":{"saleType":"P","margin":"D","reportingType":"dm","ideess":"10509","idMunicipio":"6977","idProvincia":"46","idCCAA":"10"}}},{"type":"Feature","geometry":{"type":"Point","coordinates":[-0.489417,39.233472]},"properties":{"id":"es-10530","source":"ES","brand":"VALCARCE","address":"CALLE TRAMUNTANA, 11","municipality":"Carlet","province":"VALENCIA / VALÈNCIA","postalCode":"46240","schedule":"L-D: 05:00-01:00","fuels":{"gasoline95":1.759,"diesel":1.929,"dieselB":1.649,"adblue":0.799},"extra":{"saleType":"P","margin":"N","reportingType":"dm","ideess":"10530","idMunicipio":"7051","idProvincia":"46","idCCAA":"10"}}},{"type":"Feature","geometry":{"type":"Point","coordinates":[-0.383417,39.280861]},"properties":{"id":"es-10542","source":"ES","brand":"E.S.VISA","address":"PLAZA CALVARIO, 13","municipality":"Sollana","province":"VALENCIA / VALÈNCIA","postalCode":"46430","schedule":"L-V: 07:00-21:00; S: 07:00-15:00; D: 08:00-13:30","fuels":{"gasoline95":1.709,"diesel":1.879,"dieselB":1.399},"extra":{"saleType":"P","margin":"D","reportingType":"dm","ideess":"10542","idMunicipio":"7197","idProvincia":"46","idCCAA":"10"}}},{"type":"Feature","geometry":{"type":"Point","coordinates":[-0.57425,39.272056]},"properties":{"id":"es-10671","source":"ES","brand":"E.S.SANTA BARBARA CAMPSA","address":"CARRETERA TAVERNES LLIRIA KM.40 KM. ","municipality":"Catadau","province":"VALENCIA / VALÈNCIA","postalCode":"46196","schedule":"L-D: 24H","fuels":{"gasoline95":1.819,"gasoline98":1.879,"diesel":1.919,"dieselPremium":1.999,"dieselB":1.529},"extra":{"saleType":"P","margin":"D","reportingType":"dm","ideess":"10671","idMunicipio":"7059","idProvincia":"46","idCCAA":"10"}}},{"type":"Feature","geometry":{"type":"Point","coordinates":[-0.446722,39.16025]},"properties":{"id":"es-10696","source":"ES","brand":"COOP. SANT BERNAT","address":"POLIGONO CALLE SOGUERS, 9","municipality":"Alzira","province":"VALENCIA / VALÈNCIA","postalCode":"46600","schedule":"L-D: 24H","fuels":{"diesel":1.729,"adblue":0.73},"extra":{"saleType":"P","margin":"N","reportingType":"dm","ideess":"10696","idMunicipio":"7003","idProvincia":"46","idCCAA":"10"}}},{"type":"Feature","geometry":{"type":"Point","coordinates":[-0.374444,39.197833]},"properties":{"id":"es-10747","source":"ES","brand":"GASEXPRESS","address":"POLIGONO RONDA NOU DŽOCTUBRE, S/N","municipality":"Polinyà de Xúquer","province":"VALENCIA / VALÈNCIA","postalCode":"46688","schedule":"L-D: 24H","fuels":{"gasoline95":1.609,"diesel":1.759},"extra":{"saleType":"P","margin":"N","reportingType":"dm","ideess":"10747","idMunicipio":"7160","idProvincia":"46","idCCAA":"10"}}},{"type":"Feature","geometry":{"type":"Point","coordinates":[-0.500194,39.505111]},"properties":{"id":"es-10750","source":"ES","brand":"BP","address":"AVINGUDA MAS DEL OLI, 180","municipality":"Manises","province":"VALENCIA / VALÈNCIA","postalCode":"46940","schedule":"L-D: 06:00-22:00","fuels":{"gasoline95":1.859,"gasoline98":1.989,"diesel":1.949,"dieselPremium":2.029},"extra":{"saleType":"P","margin":"N","reportingType":"dm","ideess":"10750","idMunicipio":"7118","idProvincia":"46","idCCAA":"10"}}},{"type":"Feature","geometry":{"type":"Point","coordinates":[-0.456,39.287806]},"properties":{"id":"es-10834","source":"ES","brand":"PETROMAR","address":"AUTOVIA A-7 KM. 361","municipality":"Benifaió","province":"VALENCIA / VALÈNCIA","postalCode":"46450","schedule":"L-D: 24H","fuels":{"gasoline95":1.745,"gasoline98":1.897,"diesel":1.894,"dieselPremium":1.954,"adblue":0.859},"extra":{"saleType":"P","margin":"I","reportingType":"dm","ideess":"10834","idMunicipio":"7024","idProvincia":"46","idCCAA":"10"}}},{"type":"Feature","geometry":{"type":"Point","coordinates":[-0.455083,39.286389]},"properties":{"id":"es-10835","source":"ES","brand":"PETROMAR","address":"AUTOVIA A-7 KM. 362","municipality":"Benifaió","province":"VALENCIA / VALÈNCIA","postalCode":"46450","schedule":"L-D: 24H","fuels":{"gasoline95":1.637,"gasoline98":1.885,"diesel":1.794,"dieselPremium":1.895,"dieselB":1.395,"lpg":0.895,"adblue":0.859},"extra":{"saleType":"P","margin":"D","reportingType":"dm","ideess":"10835","idMunicipio":"7024","idProvincia":"46","idCCAA":"10"}}},{"type":"Feature","geometry":{"type":"Point","coordinates":[-0.31925,39.20725]},"properties":{"id":"es-10841","source":"ES","brand":"ECONOMY CASH 24H","address":"CAMI VELL VALENCIA, S/N","municipality":"Sueca","province":"VALENCIA / VALÈNCIA","postalCode":"46410","schedule":"L-D: 24H","fuels":{"gasoline95":1.769,"diesel":1.829},"extra":{"saleType":"P","margin":"N","reportingType":"dm","ideess":"10841","idMunicipio":"7199","idProvincia":"46","idCCAA":"10"}}},{"type":"Feature","geometry":{"type":"Point","coordinates":[-0.409306,39.45775]},"properties":{"id":"es-10851","source":"ES","brand":"AYAFUEL","address":"CALLE DELS GREMIS, 8","municipality":"Valencia","province":"VALENCIA / VALÈNCIA","postalCode":"46014","schedule":"L-D: 24H","fuels":{"gasoline95":1.629,"gasoline98":1.879,"diesel":1.739,"dieselPremium":1.789},"extra":{"saleType":"P","margin":"D","reportingType":"dm","ideess":"10851","idMunicipio":"7214","idProvincia":"46","idCCAA":"10"}}},{"type":"Feature","geometry":{"type":"Point","coordinates":[-0.239333,39.662306]},"properties":{"id":"es-10986","source":"ES","brand":"REPSOL","address":"POLIGONO PARCELA 37 POLIGONO 69, 37","municipality":"Sagunto/Sagunt","province":"VALENCIA / VALÈNCIA","postalCode":"46500","schedule":"L-D: 24H","fuels":{"gasoline95":1.828,"gasoline95E10":1.908,"diesel":1.918,"dieselPremium":2.008},"extra":{"saleType":"P","margin":"D","reportingType":"dm","ideess":"10986","idMunicipio":"7183","idProvincia":"46","idCCAA":"10"}}},{"type":"Feature","geometry":{"type":"Point","coordinates":[-0.455028,39.115528]},"properties":{"id":"es-10997","source":"ES","brand":"AGRICAR","address":"CALLE EMILIO DONAT, S/N","municipality":"Carcaixent","province":"VALENCIA / VALÈNCIA","postalCode":"46740","schedule":"L-D: 24H","fuels":{"gasoline95":1.585,"diesel":1.735,"dieselB":1.455},"extra":{"saleType":"P","margin":"N","reportingType":"dm","ideess":"10997","idMunicipio":"7049","idProvincia":"46","idCCAA":"10"}}},{"type":"Feature","geometry":{"type":"Point","coordinates":[-0.885389,39.647194]},"properties":{"id":"es-11001","source":"ES","brand":"COOPERATIVA AGRICOLA SANTA BARBARA","address":"AVENIDA BALNEARIO, S/N","municipality":"Chulilla","province":"VALENCIA / VALÈNCIA","postalCode":"46167","schedule":"L-D: 24H","fuels":{"gasoline95":1.699,"diesel":1.799,"dieselB":1.479},"extra":{"saleType":"P","margin":"N","reportingType":"dm","ideess":"11001","idMunicipio":"7068","idProvincia":"46","idCCAA":"10"}}},{"type":"Feature","geometry":{"type":"Point","coordinates":[-0.710722,39.7005]},"properties":{"id":"es-11002","source":"ES","brand":"COOPERATIVA AGRICOLA DE CASINOS","address":"CL PELAYO Nº8","municipality":"Casinos","province":"VALENCIA / VALÈNCIA","postalCode":"46171","schedule":"L-D: 24H","fuels":{"diesel":1.818,"dieselB":1.488},"extra":{"saleType":"P","margin":"N","reportingType":"dm","ideess":"11002","idMunicipio":"7055","idProvincia":"46","idCCAA":"10"}}},{"type":"Feature","geometry":{"type":"Point","coordinates":[-0.065389,39.979472]},"properties":{"id":"es-11011","source":"ES","brand":"ALCAMPO","address":"ALCAMPO HIPERMERCADO ( CENTRO COMERCIAL SALERA ) (CARRETERA 340 km 64.500)","municipality":"Castellón de la Plana/Castelló de la Plana","province":"CASTELLÓN / CASTELLÓ","postalCode":"12006","schedule":"L-D: 24H","fuels":{"gasoline95":1.689,"gasoline98":1.739,"diesel":1.82,"dieselPremium":1.849},"extra":{"saleType":"P","margin":"N","reportingType":"dm","ideess":"11011","idMunicipio":"1842","idProvincia":"12","idCCAA":"10"}}},{"type":"Feature","geometry":{"type":"Point","coordinates":[-0.561611,39.6005]},"properties":{"id":"es-11085","source":"ES","brand":"GASOLEOS LA ELIANA","address":"CARRETERA VALENCIA-ADEMUZ KM. 23600","municipality":"Pobla de Vallbona (la)","province":"VALENCIA / VALÈNCIA","postalCode":"46185","schedule":"L-D: 24H","fuels":{"gasoline95":1.609,"diesel":1.729,"adblue":0.899},"extra":{"saleType":"P","margin":"I","reportingType":"dm","ideess":"11085","idMunicipio":"7157","idProvincia":"46","idCCAA":"10"}}},{"type":"Feature","geometry":{"type":"Point","coordinates":[-0.403861,39.418556]},"properties":{"id":"es-11127","source":"ES","brand":"BP ALFAFAR COTELES","address":"VÍA PARTIDA DEL DE OŽCOTELES PLG.5, 5","municipality":"Paiporta","province":"VALENCIA / VALÈNCIA","postalCode":"46200","schedule":"L-D: 06:00-22:00","fuels":{"gasoline95":1.835,"gasoline98":1.975,"diesel":1.919,"dieselPremium":2.009},"extra":{"saleType":"P","margin":"D","reportingType":"OM","ideess":"11127","idMunicipio":"7145","idProvincia":"46","idCCAA":"10"}}},{"type":"Feature","geometry":{"type":"Point","coordinates":[-0.534444,39.476389]},"properties":{"id":"es-11130","source":"ES","brand":"IDS","address":"CALLE PICAPEDRERS, DELS, S/N","municipality":"Riba-roja de Túria","province":"VALENCIA / VALÈNCIA","postalCode":"46190","schedule":"L-D: 24H","fuels":{"diesel":1.932,"dieselB":1.655,"adblue":1.195},"extra":{"saleType":"P","margin":"D","reportingType":"dm","ideess":"11130","idMunicipio":"7177","idProvincia":"46","idCCAA":"10"}}},{"type":"Feature","geometry":{"type":"Point","coordinates":[-0.410556,39.427194]},"properties":{"id":"es-11182","source":"ES","brand":"REPSOL","address":"CARRETERA BENETUSER  S/N KM. ","municipality":"Paiporta","province":"VALENCIA / VALÈNCIA","postalCode":"46200","schedule":"L-D: 06:00-22:00","fuels":{"gasoline95":1.849,"gasoline98":2.009,"diesel":1.919,"dieselRenewable":2.029,"adblue":1.15},"extra":{"saleType":"P","margin":"D","reportingType":"dm","ideess":"11182","idMunicipio":"7145","idProvincia":"46","idCCAA":"10"}}},{"type":"Feature","geometry":{"type":"Point","coordinates":[-0.066444,39.978889]},"properties":{"id":"es-11185","source":"ES","brand":"BP RONDA SUR","address":"AV RONDA SUR ESQ. CL ENRIQUE GIMENO","municipality":"Castellón de la Plana/Castelló de la Plana","province":"CASTELLÓN / CASTELLÓ","postalCode":"12006","schedule":"L-D: 06:00-22:00","fuels":{"gasoline95":1.779,"gasoline98":1.919,"diesel":1.959,"dieselPremium":2.049,"adblue":1.135},"extra":{"saleType":"P","margin":"N","reportingType":"OM","ideess":"11185","idMunicipio":"1842","idProvincia":"12","idCCAA":"10"}}},{"type":"Feature","geometry":{"type":"Point","coordinates":[-0.93025,39.450333]},"properties":{"id":"es-11189","source":"ES","brand":"REPSOL","address":"AUTOVIA AUTOVIA A-3 KM. 304","municipality":"Siete Aguas","province":"VALENCIA / VALÈNCIA","postalCode":"46392","schedule":"L-S: 06:00-22:00; D: 07:00-22:00","fuels":{"gasoline95":1.855,"gasoline98":2.015,"diesel":1.935,"dieselRenewable":2.055},"extra":{"saleType":"P","margin":"D","reportingType":"OM","ideess":"11189","idMunicipio":"7193","idProvincia":"46","idCCAA":"10"}}},{"type":"Feature","geometry":{"type":"Point","coordinates":[-0.022833,39.981167]},"properties":{"id":"es-11210","source":"ES","brand":"BDMED","address":"AVENIDA HERMANOS BOU, 152","municipality":"Castellón de la Plana/Castelló de la Plana","province":"CASTELLÓN / CASTELLÓ","postalCode":"12100","schedule":"L-D: 24H","fuels":{"gasoline95":1.669,"diesel":1.819,"dieselB":1.359},"extra":{"saleType":"P","margin":"N","reportingType":"dm","ideess":"11210","idMunicipio":"1842","idProvincia":"12","idCCAA":"10"}}},{"type":"Feature","geometry":{"type":"Point","coordinates":[-0.569667,39.478722]},"properties":{"id":"es-11262","source":"ES","brand":"GALP","address":"CALLE MALLORCA, S,N","municipality":"Riba-roja de Túria","province":"VALENCIA / VALÈNCIA","postalCode":"46190","schedule":"L-D: 24H","fuels":{"gasoline95":1.699,"gasoline95Premium":1.799,"diesel":1.789,"dieselPremium":1.799,"dieselB":1.599,"adblue":0.959},"extra":{"saleType":"P","margin":"N","reportingType":"dm","ideess":"11262","idMunicipio":"7177","idProvincia":"46","idCCAA":"10"}}},{"type":"Feature","geometry":{"type":"Point","coordinates":[-0.463444,39.48525]},"properties":{"id":"es-11281","source":"ES","brand":"ESTACIÓN AEROPUERTO","address":"CALLE REQUENA, 20","municipality":"Manises","province":"VALENCIA / VALÈNCIA","postalCode":"46940","schedule":"L-S: 07:00-22:00; D: 08:00-20:00","fuels":{"gasoline95":1.559,"gasoline98":1.769,"diesel":1.769,"dieselPremium":1.869},"extra":{"saleType":"P","margin":"N","reportingType":"dm","ideess":"11281","idMunicipio":"7118","idProvincia":"46","idCCAA":"10"}}},{"type":"Feature","geometry":{"type":"Point","coordinates":[-0.245194,39.721]},"properties":{"id":"es-11310","source":"ES","brand":"CEPSA","address":"CARRETERA FAURA-CANET S/N KM. S/N","municipality":"Sagunto/Sagunt","province":"VALENCIA / VALÈNCIA","postalCode":"46500","schedule":"L-D: 24H","fuels":{"gasoline95":1.795,"diesel":1.897},"extra":{"saleType":"P","margin":"I","reportingType":"dm","ideess":"11310","idMunicipio":"7183","idProvincia":"46","idCCAA":"10"}}},{"type":"Feature","geometry":{"type":"Point","coordinates":[-0.135472,39.973639]},"properties":{"id":"es-11314","source":"ES","brand":"LAYTOR","address":"POLIGONO PI CAMÍ FONDO , PARCELA M2 VIAL D 6, 1","municipality":"Almazora/Almassora","province":"CASTELLÓN / CASTELLÓ","postalCode":"12550","schedule":"L-S: 07:00-21:00","fuels":{"gasoline95":1.63,"diesel":1.78,"dieselB":1.48,"adblue":0.8},"extra":{"saleType":"P","margin":"D","reportingType":"dm","ideess":"11314","idMunicipio":"1813","idProvincia":"12","idCCAA":"10"}}},{"type":"Feature","geometry":{"type":"Point","coordinates":[-0.433111,39.468611]},"properties":{"id":"es-11337","source":"ES","brand":"GALP","address":"ACCESO PLAN PARCIAL LES VIÑES CV 403 NUEVO ACCESO A XIRIVELLA C-3215, SN","municipality":"Mislata","province":"VALENCIA / VALÈNCIA","postalCode":"46920","schedule":"L-D: 06:00-22:00","fuels":{"gasoline95":1.769,"gasoline95Premium":1.819,"diesel":1.819,"dieselPremium":1.869,"adblue":0.799},"extra":{"saleType":"P","margin":"N","reportingType":"OM","ideess":"11337","idMunicipio":"7128","idProvincia":"46","idCCAA":"10"}}},{"type":"Feature","geometry":{"type":"Point","coordinates":[-0.342917,39.155972]},"properties":{"id":"es-11360","source":"ES","brand":"COOPERATIVA DE CORBERA","address":"POLIGONO GREGAL, 13","municipality":"Corbera","province":"VALENCIA / VALÈNCIA","postalCode":"46612","schedule":"L-D: 24H","fuels":{"gasoline95":1.599,"diesel":1.739,"dieselB":1.459},"extra":{"saleType":"P","margin":"N","reportingType":"dm","ideess":"11360","idMunicipio":"7070","idProvincia":"46","idCCAA":"10"}}},{"type":"Feature","geometry":{"type":"Point","coordinates":[-0.563472,39.494306]},"properties":{"id":"es-11435","source":"ES","brand":"PLUS-24","address":"POLIGONO FINCA EQ SECTOR, 9","municipality":"Loriguilla","province":"VALENCIA / VALÈNCIA","postalCode":"46393","schedule":"L-D: 24H","fuels":{"gasoline95":1.799,"diesel":1.889,"dieselB":1.759,"adblue":0.88},"extra":{"saleType":"P","margin":"N","reportingType":"dm","ideess":"11435","idMunicipio":"7115","idProvincia":"46","idCCAA":"10"}}},{"type":"Feature","geometry":{"type":"Point","coordinates":[-0.5635,39.494306]},"properties":{"id":"es-11436","source":"ES","brand":"GRUPO LARATRANS","address":"CAMI MASIA DEL CONDE, S/N","municipality":"Loriguilla","province":"VALENCIA / VALÈNCIA","postalCode":"46393","schedule":"L-D: 24H","fuels":{"gasoline95":1.57,"diesel":1.799,"adblue":0.82},"extra":{"saleType":"P","margin":"D","reportingType":"dm","ideess":"11436","idMunicipio":"7115","idProvincia":"46","idCCAA":"10"}}},{"type":"Feature","geometry":{"type":"Point","coordinates":[-0.418611,39.307778]},"properties":{"id":"es-11447","source":"ES","brand":"COAGAL","address":"POLIGONO PG I. JUAN CARLOS I, C/TRAMUNTANA, 7","municipality":"Almussafes","province":"VALENCIA / VALÈNCIA","postalCode":"46440","schedule":"L-D: 24H","fuels":{"gasoline95":1.598,"diesel":1.768,"dieselPremium":1.829,"dieselB":1.368},"extra":{"saleType":"P","margin":"D","reportingType":"dm","ideess":"11447","idMunicipio":"7000","idProvincia":"46","idCCAA":"10"}}},{"type":"Feature","geometry":{"type":"Point","coordinates":[-0.468861,39.584833]},"properties":{"id":"es-11451","source":"ES","brand":"BP BETERA","address":"CARRETERA CV-336 KM. 4","municipality":"Bétera","province":"VALENCIA / VALÈNCIA","postalCode":"46117","schedule":"L-D: 06:00-22:00","fuels":{"gasoline95":1.829,"gasoline98":1.969,"diesel":1.909,"dieselPremium":1.999},"extra":{"saleType":"P","margin":"D","reportingType":"OM","ideess":"11451","idMunicipio":"7036","idProvincia":"46","idCCAA":"10"}}},{"type":"Feature","geometry":{"type":"Point","coordinates":[-0.254167,39.156111]},"properties":{"id":"es-11497","source":"ES","brand":"REPSOL","address":"CARRER CORBERA, S/N","municipality":"Cullera","province":"VALENCIA / VALÈNCIA","postalCode":"46400","schedule":"L-D: 06:00-22:00","fuels":{"gasoline95":1.875,"gasoline98":1.985,"diesel":1.949,"dieselPremium":2.009},"extra":{"saleType":"P","margin":"D","reportingType":"OM","ideess":"11497","idMunicipio":"7073","idProvincia":"46","idCCAA":"10"}}},{"type":"Feature","geometry":{"type":"Point","coordinates":[-0.192028,39.934639]},"properties":{"id":"es-11521","source":"ES","brand":"COOPERATIVA DE BETXÍ","address":"POLIGONO MOLI DEN LLOP, PARCELA U-6, SN","municipality":"Betxí","province":"CASTELLÓN / CASTELLÓ","postalCode":"12549","schedule":"L-D: 24H","fuels":{"gasoline95":1.749,"diesel":1.909,"dieselB":1.569},"extra":{"saleType":"P","margin":"D","reportingType":"dm","ideess":"11521","idMunicipio":"1833","idProvincia":"12","idCCAA":"10"}}},{"type":"Feature","geometry":{"type":"Point","coordinates":[-0.420667,39.355306]},"properties":{"id":"es-11559","source":"ES","brand":"GLOBAL TANK SILLA","address":"AVENIDA L'AMET, 32","municipality":"Silla","province":"VALENCIA / VALÈNCIA","postalCode":"46460","schedule":"L-D: 24H","fuels":{"gasoline95":1.599,"diesel":1.719,"adblue":0.849},"extra":{"saleType":"P","margin":"D","reportingType":"dm","ideess":"11559","idMunicipio":"7194","idProvincia":"46","idCCAA":"10"}}},{"type":"Feature","geometry":{"type":"Point","coordinates":[-0.017972,39.983306]},"properties":{"id":"es-11585","source":"ES","brand":"CARREFOUR","address":"AVENIDA DEL MAR S/N, SIN NÚMERO","municipality":"Castellón de la Plana/Castelló de la Plana","province":"CASTELLÓN / CASTELLÓ","postalCode":"12003","schedule":"L-D: 24H","fuels":{"gasoline95":1.749,"gasoline98":1.879,"diesel":1.949,"dieselPremium":1.989},"extra":{"saleType":"P","margin":"N","reportingType":"dm","ideess":"11585","idMunicipio":"1842","idProvincia":"12","idCCAA":"10"}}},{"type":"Feature","geometry":{"type":"Point","coordinates":[-0.226389,39.77375]},"properties":{"id":"es-11589","source":"ES","brand":"REPSOL","address":"AUTOVIA A-7 SALIDA 289 ENLACE CV-2311 KM. 289","municipality":"Llosa (la)","province":"CASTELLÓN / CASTELLÓ","postalCode":"12591","schedule":"L-D: 24H","fuels":{"gasoline95":1.849,"gasoline98":1.979,"diesel":1.989,"dieselPremium":2.039,"dieselB":1.669,"adblue":1.449},"extra":{"saleType":"P","margin":"D","reportingType":"dm","ideess":"11589","idMunicipio":"1870","idProvincia":"12","idCCAA":"10"}}},{"type":"Feature","geometry":{"type":"Point","coordinates":[-0.379222,39.413333]},"properties":{"id":"es-11595","source":"ES","brand":"GALP","address":"CALLE RABISANCHO, 21","municipality":"Alfafar","province":"VALENCIA / VALÈNCIA","postalCode":"46910","schedule":"L-V: 06:00-22:00; S-D: 07:00-21:00","fuels":{"gasoline95":1.609,"gasoline98":1.729,"diesel":1.719,"dieselPremium":1.769,"adblue":0.799},"extra":{"saleType":"P","margin":"N","reportingType":"OM","ideess":"11595","idMunicipio":"6987","idProvincia":"46","idCCAA":"10"}}},{"type":"Feature","geometry":{"type":"Point","coordinates":[-0.492361,39.399722]},"properties":{"id":"es-11597","source":"ES","brand":"GALP","address":"AUTOVIA A-7 KM. 519,3","municipality":"Torrent","province":"VALENCIA / VALÈNCIA","postalCode":"46900","schedule":"L-D: 24H","fuels":{"gasoline95":1.839,"gasoline98":1.959,"diesel":1.959,"dieselPremium":2.049,"dieselRenewable":2.049,"adblue":0.799},"extra":{"saleType":"P","margin":"D","reportingType":"OM","ideess":"11597","idMunicipio":"7208","idProvincia":"46","idCCAA":"10"}}},{"type":"Feature","geometry":{"type":"Point","coordinates":[-0.491417,39.400278]},"properties":{"id":"es-11598","source":"ES","brand":"GALP","address":"AUTOVIA A-7 KM. 519,3","municipality":"Torrent","province":"VALENCIA / VALÈNCIA","postalCode":"46900","schedule":"L-D: 24H","fuels":{"gasoline95":1.839,"gasoline98":1.959,"diesel":1.959,"dieselPremium":2.049,"dieselRenewable":2.049,"adblue":0.799},"extra":{"saleType":"P","margin":"I","reportingType":"OM","ideess":"11598","idMunicipio":"7208","idProvincia":"46","idCCAA":"10"}}},{"type":"Feature","geometry":{"type":"Point","coordinates":[-0.938861,39.242278]},"properties":{"id":"es-11604","source":"ES","brand":"AYUNTAMIENTO DE CORTES DE PALLÁS","address":"AVENIDA DR. SANCHEZ URZAIS, 28","municipality":"Cortes de Pallás","province":"VALENCIA / VALÈNCIA","postalCode":"46199","schedule":"L-D: 24H","fuels":{"gasoline95":1.575,"diesel":1.623},"extra":{"saleType":"P","margin":"N","reportingType":"dm","ideess":"11604","idMunicipio":"7071","idProvincia":"46","idCCAA":"10"}}},{"type":"Feature","geometry":{"type":"Point","coordinates":[-0.504583,39.4215]},"properties":{"id":"es-11609","source":"ES","brand":"REPSOL","address":"PARTIDA TOLL L'ALBERCA, 19","municipality":"Torrent","province":"VALENCIA / VALÈNCIA","postalCode":"46900","schedule":"L-D: 24H","fuels":{"gasoline95":1.819,"gasoline95Premium":1.859,"gasoline98":1.939,"diesel":1.899,"dieselPremium":1.959,"dieselB":1.729,"lpg":1.139},"extra":{"saleType":"P","margin":"D","reportingType":"dm","ideess":"11609","idMunicipio":"7208","idProvincia":"46","idCCAA":"10"}}},{"type":"Feature","geometry":{"type":"Point","coordinates":[-0.460361,39.449028]},"properties":{"id":"es-11646","source":"ES","brand":"BP","address":"AVENIDA PABLO IGLESIAS, 69","municipality":"Alaquàs","province":"VALENCIA / VALÈNCIA","postalCode":"46970","schedule":"L-D: 06:00-22:00","fuels":{"gasoline95":1.869,"gasoline98":1.889,"diesel":1.939,"dieselPremium":2.029},"extra":{"saleType":"P","margin":"N","reportingType":"dm","ideess":"11646","idMunicipio":"6971","idProvincia":"46","idCCAA":"10"}}},{"type":"Feature","geometry":{"type":"Point","coordinates":[-0.512806,39.228]},"properties":{"id":"es-11656","source":"ES","brand":"COOPCARLET","address":"CARRETERA CREU NEGRA KM. 10","municipality":"Carlet","province":"VALENCIA / VALÈNCIA","postalCode":"46240","schedule":"L-D: 06:00-22:00","fuels":{"gasoline95":1.599,"gasoline98":1.639,"diesel":1.749,"dieselPremium":1.769,"dieselB":1.379,"adblue":0.849},"extra":{"saleType":"P","margin":"N","reportingType":"dm","ideess":"11656","idMunicipio":"7051","idProvincia":"46","idCCAA":"10"}}},{"type":"Feature","geometry":{"type":"Point","coordinates":[-0.532028,39.583167]},"properties":{"id":"es-11687","source":"ES","brand":"MOEVE","address":"AUTOVIA CV-35 KM. 17","municipality":"Pobla de Vallbona (la)","province":"VALENCIA / VALÈNCIA","postalCode":"46185","schedule":"L-D: 05:00-23:00","fuels":{"gasoline95":1.834,"gasoline95Premium":1.879,"gasoline98":1.914,"diesel":1.964,"dieselPremium":2.014},"extra":{"saleType":"P","margin":"D","reportingType":"OM","ideess":"11687","idMunicipio":"7157","idProvincia":"46","idCCAA":"10"}}},{"type":"Feature","geometry":{"type":"Point","coordinates":[-0.578583,39.478778]},"properties":{"id":"es-11717","source":"ES","brand":"CONFORT AUTO","address":"CALLE MALLORCA ESQUINA CALLE MENORCA, S/N","municipality":"Riba-roja de Túria","province":"VALENCIA / VALÈNCIA","postalCode":"46190","schedule":"L-V: 06:00-22:00; S: 08:00-13:00","fuels":{"gasoline95":1.698,"gasoline98":1.806,"diesel":1.819,"dieselPremium":1.919,"dieselB":1.539,"adblue":0.9},"extra":{"saleType":"P","margin":"D","reportingType":"dm","ideess":"11717","idMunicipio":"7177","idProvincia":"46","idCCAA":"10"}}},{"type":"Feature","geometry":{"type":"Point","coordinates":[-0.212472,39.821806]},"properties":{"id":"es-11725","source":"ES","brand":"COOP. ISIDRO LA VALL","address":"CALLE CIUTAT DE LALGUER, 15","municipality":"Vall d'Uixó (la)","province":"CASTELLÓN / CASTELLÓ","postalCode":"12600","schedule":"L-D: 06:00-21:00","fuels":{"gasoline95":1.759,"gasoline98":1.899,"diesel":1.839,"dieselPremium":1.869,"dieselB":1.659},"extra":{"saleType":"P","margin":"D","reportingType":"dm","ideess":"11725","idMunicipio":"1923","idProvincia":"12","idCCAA":"10"}}},{"type":"Feature","geometry":{"type":"Point","coordinates":[-0.209667,39.956556]},"properties":{"id":"es-11776","source":"ES","brand":"CONFORT AUTO","address":"CARRETERA CV 20 ONDA-VILA REAL (CARRER DE VILA-REAL) KM. 1","municipality":"Onda","province":"CASTELLÓN / CASTELLÓ","postalCode":"12200","schedule":"L-V: 06:00-22:00; S: 08:00-13:00","fuels":{"gasoline95":1.583,"gasoline98":1.799,"diesel":1.738,"dieselPremium":1.838,"dieselB":1.494,"adblue":0.83},"extra":{"saleType":"P","margin":"D","reportingType":"dm","ideess":"11776","idMunicipio":"1882","idProvincia":"12","idCCAA":"10"}}},{"type":"Feature","geometry":{"type":"Point","coordinates":[-0.687056,39.488861]},"properties":{"id":"es-11880","source":"ES","brand":"CHESTE AGRARIA COOP.V.","address":"PARTIDA EL BUITRIN, 11","municipality":"Cheste","province":"VALENCIA / VALÈNCIA","postalCode":"46380","schedule":"L-D: 06:00-22:00","fuels":{"gasoline95":1.6,"diesel":1.78,"dieselPremium":1.82,"dieselB":1.45},"extra":{"saleType":"P","margin":"N","reportingType":"dm","ideess":"11880","idMunicipio":"7066","idProvincia":"46","idCCAA":"10"}}},{"type":"Feature","geometry":{"type":"Point","coordinates":[-0.644833,39.472444]},"properties":{"id":"es-11890","source":"ES","brand":"GALP","address":"CAMINO REAL, 16","municipality":"Chiva","province":"VALENCIA / VALÈNCIA","postalCode":"46370","schedule":"L-D: 06:00-22:00","fuels":{"gasoline95":1.824,"gasoline98":1.964,"diesel":1.904,"dieselPremium":1.994,"adblue":0.799},"extra":{"saleType":"P","margin":"N","reportingType":"OM","ideess":"11890","idMunicipio":"7067","idProvincia":"46","idCCAA":"10"}}},{"type":"Feature","geometry":{"type":"Point","coordinates":[-0.633306,39.561667]},"properties":{"id":"es-11906","source":"ES","brand":"RURAL SAN VICENTE FERRER","address":"POLIGONO ENCHIGALAN DEL RULLO PARCELA 72, 72","municipality":"Vilamarxant","province":"VALENCIA / VALÈNCIA","postalCode":"46191","schedule":"L-D: 24H","fuels":{"gasoline95":1.579,"gasoline98":1.809,"diesel":1.749,"dieselPremium":1.789,"dieselB":1.41},"extra":{"saleType":"P","margin":"N","reportingType":"dm","ideess":"11906","idMunicipio":"7219","idProvincia":"46","idCCAA":"10"}}},{"type":"Feature","geometry":{"type":"Point","coordinates":[-0.373833,39.424778]},"properties":{"id":"es-11942","source":"ES","brand":"MOEVE","address":"AVENIDA DEL MEDITERRANEO, 10","municipality":"Sedaví","province":"VALENCIA / VALÈNCIA","postalCode":"46910","schedule":"L-D: 06:00-22:00","fuels":{"gasoline95":1.834,"gasoline95Premium":1.879,"diesel":1.934,"dieselPremium":1.984},"extra":{"saleType":"P","margin":"D","reportingType":"OM","ideess":"11942","idMunicipio":"7187","idProvincia":"46","idCCAA":"10"}}},{"type":"Feature","geometry":{"type":"Point","coordinates":[-0.426139,39.372583]},"properties":{"id":"es-11957","source":"ES","brand":"CEPSA","address":"CARRETERA CRTA.N.332 KM. 275,80","municipality":"Silla","province":"VALENCIA / VALÈNCIA","postalCode":"46460","schedule":"L-D: 24H","fuels":{"gasoline95":1.834,"gasoline98":1.974,"diesel":1.964,"dieselPremium":2.054},"extra":{"saleType":"P","margin":"D","reportingType":"dm","ideess":"11957","idMunicipio":"7194","idProvincia":"46","idCCAA":"10"}}},{"type":"Feature","geometry":{"type":"Point","coordinates":[-0.610972,39.633528]},"properties":{"id":"es-12026","source":"ES","brand":"E.S. MONTECOLLADO S.L.","address":"CARRETERA VALENCIA-ADEMUZ KM. 26,200","municipality":"Llíria","province":"VALENCIA / VALÈNCIA","postalCode":"46160","schedule":"L-D: 24H","fuels":{"gasoline95":1.578,"diesel":1.708},"extra":{"saleType":"P","margin":"N","reportingType":"dm","ideess":"12026","idMunicipio":"7108","idProvincia":"46","idCCAA":"10"}}},{"type":"Feature","geometry":{"type":"Point","coordinates":[-0.454667,39.518028]},"properties":{"id":"es-12031","source":"ES","brand":"ESTACION INTER PATTY","address":"CALLE OLLER, 5","municipality":"Paterna","province":"VALENCIA / VALÈNCIA","postalCode":"46988","schedule":"L-D: 24H","fuels":{"diesel":1.81},"extra":{"saleType":"P","margin":"D","reportingType":"dm","ideess":"12031","idMunicipio":"7149","idProvincia":"46","idCCAA":"10"}}},{"type":"Feature","geometry":{"type":"Point","coordinates":[-0.185556,39.855306]},"properties":{"id":"es-12050","source":"ES","brand":"COOPERATIVA AGRICOLA SANT JOSEP","address":"CARRETERA VALL DUIXÓ KM. 1","municipality":"Villavieja","province":"CASTELLÓN / CASTELLÓ","postalCode":"12526","schedule":"L-D: 24H","fuels":{"gasoline95":1.689,"diesel":1.829,"dieselPremium":1.859,"dieselB":1.559},"extra":{"saleType":"P","margin":"D","reportingType":"dm","ideess":"12050","idMunicipio":"1930","idProvincia":"12","idCCAA":"10"}}},{"type":"Feature","geometry":{"type":"Point","coordinates":[-0.150417,39.852389]},"properties":{"id":"es-12064","source":"ES","brand":"COOPERATIVA SANT JOSEP","address":"DISEMINADO SENDA MICHANA, S/N","municipality":"Nules","province":"CASTELLÓN / CASTELLÓ","postalCode":"12520","schedule":"L-D: 24H","fuels":{"gasoline95":1.666,"gasoline98":1.766,"diesel":1.876,"dieselPremium":1.976,"dieselB":1.579},"extra":{"saleType":"P","margin":"D","reportingType":"dm","ideess":"12064","idMunicipio":"1880","idProvincia":"12","idCCAA":"10"}}},{"type":"Feature","geometry":{"type":"Point","coordinates":[-0.403,39.430722]},"properties":{"id":"es-12077","source":"ES","brand":"SMILE OIL","address":"CALLE ACEQUIA DE QUART, 40","municipality":"Paiporta","province":"VALENCIA / VALÈNCIA","postalCode":"46200","schedule":"L: 24H","fuels":{"gasoline95":1.549,"dieselPremium":1.659,"dieselB":1.336},"extra":{"saleType":"P","margin":"D","reportingType":"dm","ideess":"12077","idMunicipio":"7145","idProvincia":"46","idCCAA":"10"}}},{"type":"Feature","geometry":{"type":"Point","coordinates":[-0.428222,39.811278]},"properties":{"id":"es-12100","source":"ES","brand":"TRANSPORTES RODOLFO Y VENTURA","address":"CARRETERA TERUEL KM. 24","municipality":"Soneja","province":"CASTELLÓN / CASTELLÓ","postalCode":"12480","schedule":"L-D: 24H","fuels":{"gasoline95":1.597,"diesel":1.736,"dieselB":1.394},"extra":{"saleType":"P","margin":"I","reportingType":"dm","ideess":"12100","idMunicipio":"1904","idProvincia":"12","idCCAA":"10"}}},{"type":"Feature","geometry":{"type":"Point","coordinates":[-0.230583,39.963833]},"properties":{"id":"es-12114","source":"ES","brand":"ROAD RUNNER","address":"AVENIDA REAL DE EXTREMADURA, 9","municipality":"Onda","province":"CASTELLÓN / CASTELLÓ","postalCode":"12200","schedule":"L-D: 24H","fuels":{"gasoline95":1.599,"diesel":1.769},"extra":{"saleType":"P","margin":"N","reportingType":"dm","ideess":"12114","idMunicipio":"1882","idProvincia":"12","idCCAA":"10"}}},{"type":"Feature","geometry":{"type":"Point","coordinates":[-0.530861,39.576917]},"properties":{"id":"es-12148","source":"ES","brand":"CARREFOUR","address":"CALLE TUEJAR, 39","municipality":"Eliana (l')","province":"VALENCIA / VALÈNCIA","postalCode":"46183","schedule":"L-D: 24H","fuels":{"gasoline95":1.789,"gasoline98":1.929,"diesel":1.879,"dieselPremium":1.919},"extra":{"saleType":"P","margin":"N","reportingType":"dm","ideess":"12148","idMunicipio":"7077","idProvincia":"46","idCCAA":"10"}}},{"type":"Feature","geometry":{"type":"Point","coordinates":[-0.722583,39.472056]},"properties":{"id":"es-12205","source":"ES","brand":"LA UNION CHIVANA","address":"PLAZA ANICETO BLASCO, S/N","municipality":"Chiva","province":"VALENCIA / VALÈNCIA","postalCode":"46370","schedule":"L-D: 24H","fuels":{"gasoline95":1.639,"diesel":1.729,"dieselB":1.429},"extra":{"saleType":"P","margin":"D","reportingType":"dm","ideess":"12205","idMunicipio":"7067","idProvincia":"46","idCCAA":"10"}}},{"type":"Feature","geometry":{"type":"Point","coordinates":[-0.407417,39.434667]},"properties":{"id":"es-12209","source":"ES","brand":"REPSOL - E.S. FAVARA","address":"CALLE ACEQUIA FAVARA, 2","municipality":"Paiporta","province":"VALENCIA / VALÈNCIA","postalCode":"46200","schedule":"L-S: 06:00-22:30; D: 07:00-22:30","fuels":{"gasoline95":1.859,"gasoline98":1.989,"diesel":1.959,"dieselPremium":2.039,"adblue":1.49},"extra":{"saleType":"P","margin":"D","reportingType":"dm","ideess":"12209","idMunicipio":"7145","idProvincia":"46","idCCAA":"10"}}},{"type":"Feature","geometry":{"type":"Point","coordinates":[-0.586944,39.635722]},"properties":{"id":"es-12251","source":"ES","brand":"GASOLWIN LLIRIA","address":"POLIGONO PLA DE RASCANYA, 12","municipality":"Llíria","province":"VALENCIA / VALÈNCIA","postalCode":"46160","schedule":"L-D: 24H","fuels":{"gasoline95":1.619,"diesel":1.739,"lpg":0.989,"adblue":0.749},"extra":{"saleType":"P","margin":"N","reportingType":"dm","ideess":"12251","idMunicipio":"7108","idProvincia":"46","idCCAA":"10"}}},{"type":"Feature","geometry":{"type":"Point","coordinates":[-0.383278,39.497833]},"properties":{"id":"es-12259","source":"ES","brand":"MOEVE","address":"AVENIDA HERMANOS MACHADO, 139","municipality":"Valencia","province":"VALENCIA / VALÈNCIA","postalCode":"46025","schedule":"L-D: 06:00-22:00","fuels":{"gasoline95":1.834,"gasoline95Premium":1.879,"gasoline98":1.934,"diesel":1.934,"dieselPremium":2.014},"extra":{"saleType":"P","margin":"D","reportingType":"OM","ideess":"12259","idMunicipio":"7214","idProvincia":"46","idCCAA":"10"}}},{"type":"Feature","geometry":{"type":"Point","coordinates":[-0.582833,39.599639]},"properties":{"id":"es-12269","source":"ES","brand":"DUROIL","address":"CALLE FRAY LUIS AMIGÓ, 37","municipality":"Benaguasil","province":"VALENCIA / VALÈNCIA","postalCode":"46180","schedule":"L-D: 24H","fuels":{"gasoline95":1.599,"diesel":1.739,"dieselPremium":1.739,"adblue":0.819},"extra":{"saleType":"P","margin":"N","reportingType":"dm","ideess":"12269","idMunicipio":"7016","idProvincia":"46","idCCAA":"10"}}},{"type":"Feature","geometry":{"type":"Point","coordinates":[-0.455583,39.539472]},"properties":{"id":"es-12316","source":"ES","brand":"BZ ESTACION DE SERVICIO","address":"POLIGONO P.IND L'ANDANA; C/ NUEVAS TECNOLOGIAS, 4","municipality":"Paterna","province":"VALENCIA / VALÈNCIA","postalCode":"46980","schedule":"L-D: 24H","fuels":{"gasoline95":1.649,"diesel":1.749},"extra":{"saleType":"P","margin":"D","reportingType":"dm","ideess":"12316","idMunicipio":"7149","idProvincia":"46","idCCAA":"10"}}},{"type":"Feature","geometry":{"type":"Point","coordinates":[-0.454444,39.475306]},"properties":{"id":"es-12321","source":"ES","brand":"PETROMAX DE LEVANTE","address":"CALLE SOLIDARITAT, 28","municipality":"Aldaia","province":"VALENCIA / VALÈNCIA","postalCode":"46960","schedule":"L: 24H","fuels":{"gasoline95":1.659,"gasoline98":1.879,"diesel":1.769,"dieselPremium":1.869},"extra":{"saleType":"P","margin":"D","reportingType":"dm","ideess":"12321","idMunicipio":"6986","idProvincia":"46","idCCAA":"10"}}},{"type":"Feature","geometry":{"type":"Point","coordinates":[-0.30525,39.551389]},"properties":{"id":"es-12322","source":"ES","brand":"PLENERGY","address":"CALLE MITGERA, 1","municipality":"Massalfassar","province":"VALENCIA / VALÈNCIA","postalCode":"46560","schedule":"L-D: 24H","fuels":{"gasoline95":1.669,"diesel":1.779},"extra":{"saleType":"P","margin":"D","reportingType":"dm","ideess":"12322","idMunicipio":"7122","idProvincia":"46","idCCAA":"10"}}},{"type":"Feature","geometry":{"type":"Point","coordinates":[-0.532722,39.486278]},"properties":{"id":"es-12344","source":"ES","brand":"VIROSQUE","address":"AVENIDA PUERTO DE ALICANTE, 6","municipality":"Riba-roja de Túria","province":"VALENCIA / VALÈNCIA","postalCode":"46190","schedule":"L-V: 08:00-20:00","fuels":{"gasoline95":1.55,"diesel":1.75,"dieselB":1.39,"adblue":0.6},"extra":{"saleType":"P","margin":"D","reportingType":"dm","ideess":"12344","idMunicipio":"7177","idProvincia":"46","idCCAA":"10"}}},{"type":"Feature","geometry":{"type":"Point","coordinates":[-0.424667,39.525028]},"properties":{"id":"es-12369","source":"ES","brand":"BP OIL GODELLA","address":"CAMINO CAMARENA PARALELA, 1","municipality":"Godella","province":"VALENCIA / VALÈNCIA","postalCode":"46110","schedule":"L-D: 07:00-22:00","fuels":{"gasoline95":1.839,"gasoline98":1.979,"diesel":1.915,"dieselPremium":2.005},"extra":{"saleType":"P","margin":"D","reportingType":"dm","ideess":"12369","idMunicipio":"7097","idProvincia":"46","idCCAA":"10"}}},{"type":"Feature","geometry":{"type":"Point","coordinates":[-0.07575,39.971722]},"properties":{"id":"es-12373","source":"ES","brand":"BDMED","address":"AVENIDA EUROPA ESQ. C/ BÉLGICA, 138","municipality":"Castellón de la Plana/Castelló de la Plana","province":"CASTELLÓN / CASTELLÓ","postalCode":"12006","schedule":"L-D: 24H","fuels":{"gasoline95":1.659,"diesel":1.799},"extra":{"saleType":"P","margin":"D","reportingType":"dm","ideess":"12373","idMunicipio":"1842","idProvincia":"12","idCCAA":"10"}}},{"type":"Feature","geometry":{"type":"Point","coordinates":[-0.529611,39.520833]},"properties":{"id":"es-12431","source":"ES","brand":"CHEMABALLESTER","address":"PARTIDA VALENCIA LA VELLA PARCELA 7 POLIGONO 40, 7","municipality":"Riba-roja de Túria","province":"VALENCIA / VALÈNCIA","postalCode":"46190","schedule":"L-D: 06:00-22:00","fuels":{"gasoline95":1.559,"diesel":1.769},"extra":{"saleType":"P","margin":"N","reportingType":"dm","ideess":"12431","idMunicipio":"7177","idProvincia":"46","idCCAA":"10"}}},{"type":"Feature","geometry":{"type":"Point","coordinates":[-0.562222,39.483972]},"properties":{"id":"es-12434","source":"ES","brand":"SERVITRANSPORT LA VALL","address":"AVENIDA DEL TRANSPORT, 8","municipality":"Riba-roja de Túria","province":"VALENCIA / VALÈNCIA","postalCode":"46190","schedule":"L-D: 24H","fuels":{"diesel":1.75,"adblue":0.8},"extra":{"saleType":"P","margin":"D","reportingType":"dm","ideess":"12434","idMunicipio":"7177","idProvincia":"46","idCCAA":"10"}}},{"type":"Feature","geometry":{"type":"Point","coordinates":[-0.441139,39.464472]},"properties":{"id":"es-12456","source":"ES","brand":"GASOLWIN","address":"CALLE RIU XUQUER, 58","municipality":"Aldaia","province":"VALENCIA / VALÈNCIA","postalCode":"46960","schedule":"L-D: 24H","fuels":{"gasoline95":1.689,"diesel":1.799,"lpg":0.939,"adblue":0.749},"extra":{"saleType":"P","margin":"N","reportingType":"dm","ideess":"12456","idMunicipio":"6986","idProvincia":"46","idCCAA":"10"}}},{"type":"Feature","geometry":{"type":"Point","coordinates":[-0.344694,39.548444]},"properties":{"id":"es-12460","source":"ES","brand":"COOPERATIVA ALBALAT","address":"CALLE PUIG DE SANTA MARIA DEL, 5","municipality":"Albalat dels Sorells","province":"VALENCIA / VALÈNCIA","postalCode":"46135","schedule":"L-V: 07:00-21:00; S: 07:00-14:00","fuels":{"gasoline95":1.719,"diesel":1.779,"dieselB":1.489},"extra":{"saleType":"P","margin":"N","reportingType":"dm","ideess":"12460","idMunicipio":"6975","idProvincia":"46","idCCAA":"10"}}},{"type":"Feature","geometry":{"type":"Point","coordinates":[-0.381306,39.409944]},"properties":{"id":"es-12483","source":"ES","brand":"BP CARY I","address":"AVENIDA PISTA LA, 2","municipality":"Massanassa","province":"VALENCIA / VALÈNCIA","postalCode":"46470","schedule":"L-D: 24H","fuels":{"gasoline95":1.835,"gasoline98":1.975,"diesel":1.919,"dieselPremium":2.009,"adblue":1.235},"extra":{"saleType":"P","margin":"D","reportingType":"OM","ideess":"12483","idMunicipio":"7124","idProvincia":"46","idCCAA":"10"}}},{"type":"Feature","geometry":{"type":"Point","coordinates":[-0.390722,39.410306]},"properties":{"id":"es-12508","source":"ES","brand":"BALLENOIL","address":"CALLE POLIESPORTIU, 5","municipality":"Massanassa","province":"VALENCIA / VALÈNCIA","postalCode":"46470","schedule":"L-D: 24H","fuels":{"gasoline95":1.549,"diesel":1.659},"extra":{"saleType":"P","margin":"D","reportingType":"OM","ideess":"12508","idMunicipio":"7124","idProvincia":"46","idCCAA":"10"}}},{"type":"Feature","geometry":{"type":"Point","coordinates":[-0.133889,39.973667]},"properties":{"id":"es-12510","source":"ES","brand":"BDMED","address":"CALLE GUERRER IBERIC, 12","municipality":"Almazora/Almassora","province":"CASTELLÓN / CASTELLÓ","postalCode":"12550","schedule":"L-D: 24H","fuels":{"gasoline95":1.639,"diesel":1.789},"extra":{"saleType":"P","margin":"D","reportingType":"dm","ideess":"12510","idMunicipio":"1813","idProvincia":"12","idCCAA":"10"}}},{"type":"Feature","geometry":{"type":"Point","coordinates":[-0.466667,39.543361]},"properties":{"id":"es-12515","source":"ES","brand":"E.S. METROARTE","address":"CARRETERA VALENCIA-ADEMUZ-PEIXADOR KM. 10,200","municipality":"Paterna","province":"VALENCIA / VALÈNCIA","postalCode":"46980","schedule":"L-D: 24H","fuels":{"gasoline95":1.679,"diesel":1.789},"extra":{"saleType":"P","margin":"I","reportingType":"dm","ideess":"12515","idMunicipio":"7149","idProvincia":"46","idCCAA":"10"}}},{"type":"Feature","geometry":{"type":"Point","coordinates":[-0.247389,39.966111]},"properties":{"id":"es-12524","source":"ES","brand":"ONDAMITA OIL","address":"AVENIDA CASTILLA LA MANCHA, 7","municipality":"Onda","province":"CASTELLÓN / CASTELLÓ","postalCode":"12200","schedule":"L-D: 24H","fuels":{"gasoline95":1.539,"diesel":1.709},"extra":{"saleType":"P","margin":"D","reportingType":"dm","ideess":"12524","idMunicipio":"1882","idProvincia":"12","idCCAA":"10"}}},{"type":"Feature","geometry":{"type":"Point","coordinates":[-0.418472,39.363694]},"properties":{"id":"es-12552","source":"ES","brand":"MASOIL","address":"AVENIDA PICASSENT, 17","municipality":"Silla","province":"VALENCIA / VALÈNCIA","postalCode":"46460","schedule":"L-D: 06:00-22:00","fuels":{"gasoline95":1.749,"diesel":1.849,"adblue":0.8},"extra":{"saleType":"P","margin":"D","reportingType":"dm","ideess":"12552","idMunicipio":"7194","idProvincia":"46","idCCAA":"10"}}},{"type":"Feature","geometry":{"type":"Point","coordinates":[-0.046944,39.9945]},"properties":{"id":"es-12556","source":"ES","brand":"GASEXPRESS","address":"CARRETERA N- 340 KM. 66,7","municipality":"Castellón de la Plana/Castelló de la Plana","province":"CASTELLÓN / CASTELLÓ","postalCode":"12004","schedule":"L-D: 24H","fuels":{"gasoline95":1.699,"diesel":1.829},"extra":{"saleType":"P","margin":"D","reportingType":"dm","ideess":"12556","idMunicipio":"1842","idProvincia":"12","idCCAA":"10"}}},{"type":"Feature","geometry":{"type":"Point","coordinates":[-0.468278,39.520028]},"properties":{"id":"es-12565","source":"ES","brand":"TC CAMPILLO","address":"CALLE VILLA DE MADRID, 61","municipality":"Paterna","province":"VALENCIA / VALÈNCIA","postalCode":"46988","schedule":"L-D: 24H","fuels":{"diesel":1.731},"extra":{"saleType":"P","margin":"D","reportingType":"dm","ideess":"12565","idMunicipio":"7149","idProvincia":"46","idCCAA":"10"}}},{"type":"Feature","geometry":{"type":"Point","coordinates":[-0.585361,39.61975]},"properties":{"id":"es-12580","source":"ES","brand":"MOTORACING 81","address":"CARRETERA VALENCIA-ADEMUZ KM. 23,3","municipality":"Llíria","province":"VALENCIA / VALÈNCIA","postalCode":"46160","schedule":"L-D: 24H","fuels":{"gasoline95":1.609,"diesel":1.719},"extra":{"saleType":"P","margin":"I","reportingType":"dm","ideess":"12580","idMunicipio":"7108","idProvincia":"46","idCCAA":"10"}}},{"type":"Feature","geometry":{"type":"Point","coordinates":[-0.439,39.364056]},"properties":{"id":"es-12593","source":"ES","brand":"BALLENOIL","address":"CARRER DELS FUSTERS, 8","municipality":"Alcàsser","province":"VALENCIA / VALÈNCIA","postalCode":"46220","schedule":"L-D: 24H","fuels":{"gasoline95":1.679,"diesel":1.789},"extra":{"saleType":"P","margin":"N","reportingType":"OM","ideess":"12593","idMunicipio":"6982","idProvincia":"46","idCCAA":"10"}}},{"type":"Feature","geometry":{"type":"Point","coordinates":[-0.404889,39.426694]},"properties":{"id":"es-12631","source":"ES","brand":"BALLENOIL","address":"CARRETERA BENETÚSSER KM. 57","municipality":"Paiporta","province":"VALENCIA / VALÈNCIA","postalCode":"46200","schedule":"L-D: 24H","fuels":{"gasoline95":1.549,"diesel":1.659},"extra":{"saleType":"P","margin":"D","reportingType":"OM","ideess":"12631","idMunicipio":"7145","idProvincia":"46","idCCAA":"10"}}},{"type":"Feature","geometry":{"type":"Point","coordinates":[-0.394389,39.398333]},"properties":{"id":"es-12675","source":"ES","brand":"VCC CATARROJA","address":"CALLE CAMI DEL PORT, 201","municipality":"Catarroja","province":"VALENCIA / VALÈNCIA","postalCode":"46440","schedule":"L-D: 24H","fuels":{"gasoline95":1.697,"diesel":1.727},"extra":{"saleType":"P","margin":"D","reportingType":"dm","ideess":"12675","idMunicipio":"7060","idProvincia":"46","idCCAA":"10"}}},{"type":"Feature","geometry":{"type":"Point","coordinates":[-0.472,39.455861]},"properties":{"id":"es-12689","source":"ES","brand":"ECOIL LEVANTE","address":"CALLE CUENCA, 95","municipality":"Alaquàs","province":"VALENCIA / VALÈNCIA","postalCode":"46970","schedule":"L-D: 24H","fuels":{"gasoline95":1.609,"diesel":1.749},"extra":{"saleType":"P","margin":"D","reportingType":"dm","ideess":"12689","idMunicipio":"6971","idProvincia":"46","idCCAA":"10"}}},{"type":"Feature","geometry":{"type":"Point","coordinates":[-0.459694,39.549917]},"properties":{"id":"es-12691","source":"ES","brand":"BP PARQUE TECNOLÓGICO","address":"CALLE CHARLES ROBERT DARWIN, 2","municipality":"Paterna","province":"VALENCIA / VALÈNCIA","postalCode":"46980","schedule":"L-D: 06:00-22:00","fuels":{"gasoline95":1.829,"gasoline98":1.969,"diesel":1.909,"dieselPremium":1.999},"extra":{"saleType":"P","margin":"D","reportingType":"OM","ideess":"12691","idMunicipio":"7149","idProvincia":"46","idCCAA":"10"}}},{"type":"Feature","geometry":{"type":"Point","coordinates":[-0.487028,39.436306]},"properties":{"id":"es-12707","source":"ES","brand":"BALLENOIL","address":"CALLE MAS DEL JUTGE, 2","municipality":"Torrent","province":"VALENCIA / VALÈNCIA","postalCode":"46900","schedule":"L-D: 24H","fuels":{"gasoline95":1.619,"diesel":1.759},"extra":{"saleType":"P","margin":"N","reportingType":"OM","ideess":"12707","idMunicipio":"7208","idProvincia":"46","idCCAA":"10"}}},{"type":"Feature","geometry":{"type":"Point","coordinates":[-0.635,39.562694]},"properties":{"id":"es-12715","source":"ES","brand":"BENZINERA VILAMARXANT","address":"POLIGONO ENCHILAGAR DEL RULLO, CALLE 12,, 9","municipality":"Vilamarxant","province":"VALENCIA / VALÈNCIA","postalCode":"46191","schedule":"L-D: 24H","fuels":{"gasoline95":1.589,"diesel":1.749},"extra":{"saleType":"P","margin":"N","reportingType":"dm","ideess":"12715","idMunicipio":"7219","idProvincia":"46","idCCAA":"10"}}},{"type":"Feature","geometry":{"type":"Point","coordinates":[-0.502861,39.439028]},"properties":{"id":"es-12723","source":"ES","brand":"CERTECSION SL","address":"CALLE MAS DEL JUTGE, 149","municipality":"Torrent","province":"VALENCIA / VALÈNCIA","postalCode":"46900","schedule":"L-D: 24H","fuels":{"gasoline95":1.639,"diesel":1.779,"adblue":1.19},"extra":{"saleType":"P","margin":"I","reportingType":"dm","ideess":"12723","idMunicipio":"7208","idProvincia":"46","idCCAA":"10"}}},{"type":"Feature","geometry":{"type":"Point","coordinates":[-0.464639,39.271389]},"properties":{"id":"es-12725","source":"ES","brand":"VCC ALGINET","address":"CALLE CENSAL DEL, 17","municipality":"Alginet","province":"VALENCIA / VALÈNCIA","postalCode":"46230","schedule":"L-D: 24H","fuels":{"gasoline95":1.677,"diesel":1.697},"extra":{"saleType":"P","margin":"D","reportingType":"dm","ideess":"12725","idMunicipio":"6996","idProvincia":"46","idCCAA":"10"}}},{"type":"Feature","geometry":{"type":"Point","coordinates":[-0.442472,39.127056]},"properties":{"id":"es-12730","source":"ES","brand":"BALLENOIL","address":"CALLE VICTOR OROVAL I TOMAS, 7","municipality":"Carcaixent","province":"VALENCIA / VALÈNCIA","postalCode":"46740","schedule":"L-D: 24H","fuels":{"gasoline95":1.567,"diesel":1.677},"extra":{"saleType":"P","margin":"N","reportingType":"OM","ideess":"12730","idMunicipio":"7049","idProvincia":"46","idCCAA":"10"}}},{"type":"Feature","geometry":{"type":"Point","coordinates":[-0.427889,39.1445]},"properties":{"id":"es-12742","source":"ES","brand":"MASOIL","address":"CALLE GANDIA, 24","municipality":"Alzira","province":"VALENCIA / VALÈNCIA","postalCode":"46600","schedule":"L-D: 24H","fuels":{"gasoline95":1.649,"diesel":1.809},"extra":{"saleType":"P","margin":"N","reportingType":"dm","ideess":"12742","idMunicipio":"7003","idProvincia":"46","idCCAA":"10"}}},{"type":"Feature","geometry":{"type":"Point","coordinates":[-0.493278,39.234889]},"properties":{"id":"es-12771","source":"ES","brand":"VCC CARLET","address":"CARRETERA CREU NEGRA KM. 3","municipality":"Carlet","province":"VALENCIA / VALÈNCIA","postalCode":"46240","schedule":"L-D: 24H","fuels":{"gasoline95":1.687,"diesel":1.727},"extra":{"saleType":"P","margin":"D","reportingType":"dm","ideess":"12771","idMunicipio":"7051","idProvincia":"46","idCCAA":"10"}}},{"type":"Feature","geometry":{"type":"Point","coordinates":[-0.240167,39.662417]},"properties":{"id":"es-12791","source":"ES","brand":"GASOPRIX","address":"CALLE PADRE CLARET, 97","municipality":"Sagunto/Sagunt","province":"VALENCIA / VALÈNCIA","postalCode":"46520","schedule":"L-D: 24H","fuels":{"gasoline95":1.605,"diesel":1.755,"lpg":0.895,"adblue":0.59},"extra":{"saleType":"P","margin":"D","reportingType":"dm","ideess":"12791","idMunicipio":"7183","idProvincia":"46","idCCAA":"10"}}},{"type":"Feature","geometry":{"type":"Point","coordinates":[-0.182472,39.951278]},"properties":{"id":"es-12808","source":"ES","brand":"BDMED","address":"CARRETERA APEADERO DE BETXI POLIG. 19 PARC. 34 KM. 2","municipality":"Onda","province":"CASTELLÓN / CASTELLÓ","postalCode":"12200","schedule":"L-D: 24H","fuels":{"gasoline95":1.609,"diesel":1.779,"dieselB":1.299,"cng":1.299,"lng":1.239},"extra":{"saleType":"P","margin":"N","reportingType":"dm","ideess":"12808","idMunicipio":"1882","idProvincia":"12","idCCAA":"10"}}},{"type":"Feature","geometry":{"type":"Point","coordinates":[-0.070194,39.973917]},"properties":{"id":"es-12838","source":"ES","brand":"MASOIL","address":"CALLE CUADRA DE LAIRÓN, 64","municipality":"Castellón de la Plana/Castelló de la Plana","province":"CASTELLÓN / CASTELLÓ","postalCode":"12000","schedule":"L-D: 24H","fuels":{"gasoline95":1.749,"diesel":1.849,"adblue":0.8},"extra":{"saleType":"P","margin":"D","reportingType":"dm","ideess":"12838","idMunicipio":"1842","idProvincia":"12","idCCAA":"10"}}},{"type":"Feature","geometry":{"type":"Point","coordinates":[-0.333778,39.56025]},"properties":{"id":"es-12857","source":"ES","brand":"AUTOIL MUSEROS","address":"AVENIDA CONSTITUCIO, 36","municipality":"Museros","province":"VALENCIA / VALÈNCIA","postalCode":"46136","schedule":"L-D: 24H","fuels":{"gasoline95":1.757,"diesel":1.837,"adblue":0.799},"extra":{"saleType":"P","margin":"D","reportingType":"dm","ideess":"12857","idMunicipio":"7136","idProvincia":"46","idCCAA":"10"}}},{"type":"Feature","geometry":{"type":"Point","coordinates":[-0.401361,39.457056]},"properties":{"id":"es-12866","source":"ES","brand":"CEPSA","address":"AVENIDA TRES CRUCES, 109","municipality":"Valencia","province":"VALENCIA / VALÈNCIA","postalCode":"46014","schedule":"L-V: 07:00-15:00","fuels":{"gasoline95":1.834,"diesel":1.934,"dieselPremium":2.014},"extra":{"saleType":"P","margin":"D","reportingType":"OM","ideess":"12866","idMunicipio":"7214","idProvincia":"46","idCCAA":"10"}}},{"type":"Feature","geometry":{"type":"Point","coordinates":[-0.097556,39.92975]},"properties":{"id":"es-12871","source":"ES","brand":"BP VEHICLES-VILLA REAL","address":"CARRETERA BURRIANA KM. 80","municipality":"Villarreal/Vila-real","province":"CASTELLÓN / CASTELLÓ","postalCode":"12540","schedule":"L-D: 06:00-22:00","fuels":{"gasoline95":1.779,"gasoline98":1.919,"diesel":1.959,"dieselPremium":2.049},"extra":{"saleType":"P","margin":"N","reportingType":"OM","ideess":"12871","idMunicipio":"1929","idProvincia":"12","idCCAA":"10"}}},{"type":"Feature","geometry":{"type":"Point","coordinates":[-0.457917,39.442111]},"properties":{"id":"es-12876","source":"ES","brand":"TAMOIL","address":"CALLE MAUROS, 8","municipality":"Torrent","province":"VALENCIA / VALÈNCIA","postalCode":"46900","schedule":"L-D: 24H","fuels":{"gasoline95":1.639,"diesel":1.759,"adblue":0.899},"extra":{"saleType":"P","margin":"D","reportingType":"OM","ideess":"12876","idMunicipio":"7208","idProvincia":"46","idCCAA":"10"}}},{"type":"Feature","geometry":{"type":"Point","coordinates":[-0.456028,39.441167]},"properties":{"id":"es-12884","source":"ES","brand":"BENZINA","address":"CALLE MAUROS, 20","municipality":"Torrent","province":"VALENCIA / VALÈNCIA","postalCode":"46900","schedule":"L-D: 24H","fuels":{"gasoline95":1.635,"diesel":1.755},"extra":{"saleType":"P","margin":"D","reportingType":"dm","ideess":"12884","idMunicipio":"7208","idProvincia":"46","idCCAA":"10"}}},{"type":"Feature","geometry":{"type":"Point","coordinates":[-0.523972,39.576306]},"properties":{"id":"es-12887","source":"ES","brand":"OPTYME SELF SYSTEM","address":"CALLE TUEJAR, 22","municipality":"Eliana (l')","province":"VALENCIA / VALÈNCIA","postalCode":"46183","schedule":"L-D: 24H","fuels":{"gasoline95":1.685,"diesel":1.739},"extra":{"saleType":"P","margin":"D","reportingType":"dm","ideess":"12887","idMunicipio":"7077","idProvincia":"46","idCCAA":"10"}}},{"type":"Feature","geometry":{"type":"Point","coordinates":[-0.544528,39.589306]},"properties":{"id":"es-12890","source":"ES","brand":"GASEXPRESS","address":"CALLE POETA LLORENTE, 172","municipality":"Pobla de Vallbona (la)","province":"VALENCIA / VALÈNCIA","postalCode":"46185","schedule":"L-D: 24H","fuels":{"gasoline95":1.595,"diesel":1.695},"extra":{"saleType":"P","margin":"N","reportingType":"dm","ideess":"12890","idMunicipio":"7157","idProvincia":"46","idCCAA":"10"}}},{"type":"Feature","geometry":{"type":"Point","coordinates":[-0.40775,39.392111]},"properties":{"id":"es-12895","source":"ES","brand":"LOWCOST24H","address":"AVENIDA PADRE CARLOS FERRIS, 11","municipality":"Albal","province":"VALENCIA / VALÈNCIA","postalCode":"46470","schedule":"L-D: 24H","fuels":{"gasoline95":1.569,"diesel":1.699},"extra":{"saleType":"P","margin":"I","reportingType":"dm","ideess":"12895","idMunicipio":"6973","idProvincia":"46","idCCAA":"10"}}},{"type":"Feature","geometry":{"type":"Point","coordinates":[-0.472722,39.51125]},"properties":{"id":"es-12896","source":"ES","brand":"ANYMORE TRANSPORT, SL","address":"CALLE VILLA DE BILBAO, 64","municipality":"Paterna","province":"VALENCIA / VALÈNCIA","postalCode":"46988","schedule":"L-V: 05:00-23:00; S: 05:00-12:00; D: 10:00-23:00","fuels":{"diesel":1.731},"extra":{"saleType":"P","margin":"D","reportingType":"dm","ideess":"12896","idMunicipio":"7149","idProvincia":"46","idCCAA":"10"}}},{"type":"Feature","geometry":{"type":"Point","coordinates":[-0.520444,39.574583]},"properties":{"id":"es-12906","source":"ES","brand":"GASEXPRESS","address":"CALLE TUEJAR, S/N","municipality":"Eliana (l')","province":"VALENCIA / VALÈNCIA","postalCode":"46183","schedule":"L-D: 24H","fuels":{"gasoline95":1.685,"diesel":1.739},"extra":{"saleType":"P","margin":"D","reportingType":"dm","ideess":"12906","idMunicipio":"7077","idProvincia":"46","idCCAA":"10"}}},{"type":"Feature","geometry":{"type":"Point","coordinates":[-0.474639,39.438167]},"properties":{"id":"es-12908","source":"ES","brand":"FENIX GESTION","address":"CARRETERA MAS DEL JUTGE KM. 21","municipality":"Torrent","province":"VALENCIA / VALÈNCIA","postalCode":"46900","schedule":"L-D: 24H","fuels":{"gasoline95":1.599,"diesel":1.739},"extra":{"saleType":"P","margin":"I","reportingType":"dm","ideess":"12908","idMunicipio":"7208","idProvincia":"46","idCCAA":"10"}}},{"type":"Feature","geometry":{"type":"Point","coordinates":[-0.427528,39.14475]},"properties":{"id":"es-12911","source":"ES","brand":"BDMED","address":"AVENIDA VICENTE VIDAL, S/N","municipality":"Alzira","province":"VALENCIA / VALÈNCIA","postalCode":"46600","schedule":"L-D: 24H","fuels":{"gasoline95":1.649,"diesel":1.779,"dieselB":1.449},"extra":{"saleType":"P","margin":"D","reportingType":"dm","ideess":"12911","idMunicipio":"7003","idProvincia":"46","idCCAA":"10"}}},{"type":"Feature","geometry":{"type":"Point","coordinates":[-0.409583,39.389]},"properties":{"id":"es-12923","source":"ES","brand":"BALLENOIL","address":"CALLE UE3-SECTOR2.A3, 1","municipality":"Albal","province":"VALENCIA / VALÈNCIA","postalCode":"46470","schedule":"L-D: 24H","fuels":{"gasoline95":1.559,"diesel":1.689},"extra":{"saleType":"P","margin":"D","reportingType":"OM","ideess":"12923","idMunicipio":"6973","idProvincia":"46","idCCAA":"10"}}},{"type":"Feature","geometry":{"type":"Point","coordinates":[-0.152194,39.810472]},"properties":{"id":"es-12927","source":"ES","brand":"CARBURANTES COOPERATIVOS","address":"CALLE SEGORBE, 3","municipality":"Moncofa","province":"CASTELLÓN / CASTELLÓ","postalCode":"12593","schedule":"L-D: 24H","fuels":{"gasoline95":1.64,"diesel":1.81},"extra":{"saleType":"P","margin":"D","reportingType":"dm","ideess":"12927","idMunicipio":"1875","idProvincia":"12","idCCAA":"10"}}},{"type":"Feature","geometry":{"type":"Point","coordinates":[-0.498889,39.196111]},"properties":{"id":"es-12939","source":"ES","brand":"CAMPSA EXPRESS","address":"CALLE REPUBLICA ARGENTINA, S/N","municipality":"Alcúdia (l')","province":"VALENCIA / VALÈNCIA","postalCode":"46250","schedule":"L-D: 24H","fuels":{"gasoline95":1.569,"diesel":1.745},"extra":{"saleType":"P","margin":"D","reportingType":"OM","ideess":"12939","idMunicipio":"6984","idProvincia":"46","idCCAA":"10"}}},{"type":"Feature","geometry":{"type":"Point","coordinates":[-0.424417,39.163583]},"properties":{"id":"es-12948","source":"ES","brand":"SUMINISTROS MAZO","address":"AVENIDA LLIBERTAT, 12","municipality":"Alzira","province":"VALENCIA / VALÈNCIA","postalCode":"46600","schedule":"L-V: 08:00-20:30; S: 08:00-14:00","fuels":{"gasoline95":1.568,"diesel":1.678,"dieselB":1.248,"adblue":0.708},"extra":{"saleType":"P","margin":"I","reportingType":"dm","ideess":"12948","idMunicipio":"7003","idProvincia":"46","idCCAA":"10"}}},{"type":"Feature","geometry":{"type":"Point","coordinates":[-0.073889,39.973889]},"properties":{"id":"es-12951","source":"ES","brand":"GMOIL","address":"AVENIDA EUROPA, 229","municipality":"Castellón de la Plana/Castelló de la Plana","province":"CASTELLÓN / CASTELLÓ","postalCode":"12000","schedule":"L-D: 24H","fuels":{"gasoline95":1.639,"diesel":1.759},"extra":{"saleType":"P","margin":"D","reportingType":"dm","ideess":"12951","idMunicipio":"1842","idProvincia":"12","idCCAA":"10"}}},{"type":"Feature","geometry":{"type":"Point","coordinates":[-0.345333,39.502056]},"properties":{"id":"es-12959","source":"ES","brand":"BZ ALBORAYA","address":"CALLE CERAMISTES, 1","municipality":"Alboraya","province":"VALENCIA / VALÈNCIA","postalCode":"46120","schedule":"L-D: 24H","fuels":{"gasoline95":1.649,"diesel":1.749},"extra":{"saleType":"P","margin":"D","reportingType":"dm","ideess":"12959","idMunicipio":"6979","idProvincia":"46","idCCAA":"10"}}},{"type":"Feature","geometry":{"type":"Point","coordinates":[-0.431167,39.160389]},"properties":{"id":"es-12963","source":"ES","brand":"BALLENOIL","address":"CALLE PROYECTO, 14","municipality":"Alzira","province":"VALENCIA / VALÈNCIA","postalCode":"46600","schedule":"L-D: 24H","fuels":{"gasoline95":1.567,"diesel":1.677},"extra":{"saleType":"P","margin":"D","reportingType":"OM","ideess":"12963","idMunicipio":"7003","idProvincia":"46","idCCAA":"10"}}},{"type":"Feature","geometry":{"type":"Point","coordinates":[-0.424583,39.165222]},"properties":{"id":"es-12964","source":"ES","brand":"LOW COST ALZIRA","address":"POLIGONO CARRETERA ALBALAT, 93","municipality":"Alzira","province":"VALENCIA / VALÈNCIA","postalCode":"46600","schedule":"L-D: 24H","fuels":{"gasoline95":1.579,"diesel":1.709},"extra":{"saleType":"P","margin":"N","reportingType":"dm","ideess":"12964","idMunicipio":"7003","idProvincia":"46","idCCAA":"10"}}},{"type":"Feature","geometry":{"type":"Point","coordinates":[-0.2625,39.176444]},"properties":{"id":"es-12966","source":"ES","brand":"PEGASOLINA STAR","address":"CALLE AR PRM-3C/TERCIARIO, 14","municipality":"Cullera","province":"VALENCIA / VALÈNCIA","postalCode":"46400","schedule":"L-D: 24H","fuels":{"gasoline95":1.719,"diesel":1.759},"extra":{"saleType":"P","margin":"D","reportingType":"dm","ideess":"12966","idMunicipio":"7073","idProvincia":"46","idCCAA":"10"}}},{"type":"Feature","geometry":{"type":"Point","coordinates":[-0.404806,39.426361]},"properties":{"id":"es-12970","source":"ES","brand":"CAMPSA EXPRESS","address":"CARRETERA BENETUSSER KM. 80","municipality":"Paiporta","province":"VALENCIA / VALÈNCIA","postalCode":"46200","schedule":"L-D: 24H","fuels":{"gasoline95":1.655,"diesel":1.749},"extra":{"saleType":"P","margin":"D","reportingType":"OM","ideess":"12970","idMunicipio":"7145","idProvincia":"46","idCCAA":"10"}}},{"type":"Feature","geometry":{"type":"Point","coordinates":[-0.482556,39.551139]},"properties":{"id":"es-12978","source":"ES","brand":"SAN ANTONIO OIL","address":"POLIGONO ISAAC PERAL, 2","municipality":"San Antonio de Benagéber","province":"VALENCIA / VALÈNCIA","postalCode":"46184","schedule":"L-D: 24H","fuels":{"gasoline95":1.685,"diesel":1.739},"extra":{"saleType":"P","margin":"D","reportingType":"dm","ideess":"12978","idMunicipio":"7185","idProvincia":"46","idCCAA":"10"}}},{"type":"Feature","geometry":{"type":"Point","coordinates":[-0.81875,39.736167]},"properties":{"id":"es-12989","source":"ES","brand":"JEISER OIL","address":"POLIGONO LA LOMA PARCELA 10, 10","municipality":"Villar del Arzobispo","province":"VALENCIA / VALÈNCIA","postalCode":"46170","schedule":"L-D: 24H","fuels":{"gasoline95":1.729,"diesel":1.829,"adblue":0.799},"extra":{"saleType":"P","margin":"D","reportingType":"dm","ideess":"12989","idMunicipio":"7222","idProvincia":"46","idCCAA":"10"}}},{"type":"Feature","geometry":{"type":"Point","coordinates":[-0.542417,39.588528]},"properties":{"id":"es-13000","source":"ES","brand":"RED OIL TEC","address":"CALLE POETA LLORENTE, 202","municipality":"Pobla de Vallbona (la)","province":"VALENCIA / VALÈNCIA","postalCode":"46185","schedule":"L-D: 24H","fuels":{"gasoline95":1.595,"diesel":1.695},"extra":{"saleType":"P","margin":"D","reportingType":"dm","ideess":"13000","idMunicipio":"7157","idProvincia":"46","idCCAA":"10"}}},{"type":"Feature","geometry":{"type":"Point","coordinates":[-0.30525,39.626389]},"properties":{"id":"es-13003","source":"ES","brand":"PUÇOIL","address":"CALLE SALZES, ESQUINA A CALLE LLIMERES, 1","municipality":"Puçol","province":"VALENCIA / VALÈNCIA","postalCode":"46530","schedule":"L-D: 24H","fuels":{"gasoline95":1.678,"diesel":1.797,"adblue":0.797},"extra":{"saleType":"P","margin":"D","reportingType":"dm","ideess":"13003","idMunicipio":"7162","idProvincia":"46","idCCAA":"10"}}},{"type":"Feature","geometry":{"type":"Point","coordinates":[-0.433583,39.198333]},"properties":{"id":"es-13004","source":"ES","brand":"BALLENOIL","address":"CALLE VALENCIA, 206","municipality":"Algemesí","province":"VALENCIA / VALÈNCIA","postalCode":"46680","schedule":"L-D: 24H","fuels":{"gasoline95":1.619,"diesel":1.759},"extra":{"saleType":"P","margin":"N","reportingType":"OM","ideess":"13004","idMunicipio":"6994","idProvincia":"46","idCCAA":"10"}}},{"type":"Feature","geometry":{"type":"Point","coordinates":[-0.484083,39.574389]},"properties":{"id":"es-13015","source":"ES","brand":"GASEXPRESS","address":"CALLE TITETA, 1","municipality":"Bétera","province":"VALENCIA / VALÈNCIA","postalCode":"46117","schedule":"L-D: 24H","fuels":{"gasoline95":1.749,"diesel":1.789},"extra":{"saleType":"P","margin":"D","reportingType":"dm","ideess":"13015","idMunicipio":"7036","idProvincia":"46","idCCAA":"10"}}},{"type":"Feature","geometry":{"type":"Point","coordinates":[-0.041333,39.999583]},"properties":{"id":"es-13063","source":"ES","brand":"BP CASTELLO","address":"AVENIDA BENICASIM, ESQ. CALLE CASAS DE LA BREVA, S/N","municipality":"Castellón de la Plana/Castelló de la Plana","province":"CASTELLÓN / CASTELLÓ","postalCode":"12004","schedule":"L-D: 06:00-22:00","fuels":{"gasoline95":1.779,"gasoline98":1.919,"diesel":1.959,"dieselPremium":2.049},"extra":{"saleType":"P","margin":"D","reportingType":"OM","ideess":"13063","idMunicipio":"1842","idProvincia":"12","idCCAA":"10"}}},{"type":"Feature","geometry":{"type":"Point","coordinates":[-0.336222,39.461194]},"properties":{"id":"es-13071","source":"ES","brand":"GASEXPRESS PUERTO","address":"AVENIDA PUERTO DEL, 263","municipality":"Valencia","province":"VALENCIA / VALÈNCIA","postalCode":"46011","schedule":"L-D: 24H","fuels":{"gasoline95":1.669,"diesel":1.739},"extra":{"saleType":"P","margin":"I","reportingType":"dm","ideess":"13071","idMunicipio":"7214","idProvincia":"46","idCCAA":"10"}}},{"type":"Feature","geometry":{"type":"Point","coordinates":[-0.482583,39.474833]},"properties":{"id":"es-13084","source":"ES","brand":"VCC QUART","address":"AVENIDA DE LA SALETA S/N, 1","municipality":"Quart de Poblet","province":"VALENCIA / VALÈNCIA","postalCode":"46930","schedule":"L-D: 24H","fuels":{"gasoline95":1.666,"diesel":1.757,"adblue":0.888},"extra":{"saleType":"P","margin":"D","reportingType":"dm","ideess":"13084","idMunicipio":"7166","idProvincia":"46","idCCAA":"10"}}},{"type":"Feature","geometry":{"type":"Point","coordinates":[-0.538222,39.064694]},"properties":{"id":"es-13117","source":"ES","brand":"GASEXPRESS","address":"AREA, ARRABAL EL PLA, 2","municipality":"Villanueva de Castellón","province":"VALENCIA / VALÈNCIA","postalCode":"46270","schedule":"L-D: 24H","fuels":{"gasoline95":1.579,"diesel":1.759},"extra":{"saleType":"P","margin":"I","reportingType":"dm","ideess":"13117","idMunicipio":"7221","idProvincia":"46","idCCAA":"10"}}},{"type":"Feature","geometry":{"type":"Point","coordinates":[-0.781944,39.429056]},"properties":{"id":"es-13118","source":"ES","brand":"BENZINA","address":"CALLE ISLAS BALEARES, 2","municipality":"Buñol","province":"VALENCIA / VALÈNCIA","postalCode":"46360","schedule":"L-D: 24H","fuels":{"gasoline95":1.645,"diesel":1.775,"adblue":0.999},"extra":{"saleType":"P","margin":"D","reportingType":"dm","ideess":"13118","idMunicipio":"7043","idProvincia":"46","idCCAA":"10"}}},{"type":"Feature","geometry":{"type":"Point","coordinates":[-0.091861,39.9465]},"properties":{"id":"es-13124","source":"ES","brand":"GASEXPRESS","address":"AVENIDA CASTELLÓN, 54","municipality":"Villarreal/Vila-real","province":"CASTELLÓN / CASTELLÓ","postalCode":"12540","schedule":"L-D: 24H","fuels":{"gasoline95":1.559,"diesel":1.709},"extra":{"saleType":"P","margin":"D","reportingType":"dm","ideess":"13124","idMunicipio":"1929","idProvincia":"12","idCCAA":"10"}}},{"type":"Feature","geometry":{"type":"Point","coordinates":[-0.227333,39.811556]},"properties":{"id":"es-13133","source":"ES","brand":"GASEXPRESS","address":"AVINGUDA EUROPA, 15","municipality":"Vall d'Uixó (la)","province":"CASTELLÓN / CASTELLÓ","postalCode":"12600","schedule":"L-D: 24H","fuels":{"gasoline95":1.709,"diesel":1.787},"extra":{"saleType":"P","margin":"D","reportingType":"dm","ideess":"13133","idMunicipio":"1923","idProvincia":"12","idCCAA":"10"}}},{"type":"Feature","geometry":{"type":"Point","coordinates":[-0.343944,39.607444]},"properties":{"id":"es-13134","source":"ES","brand":"GALP","address":"AUTOVIA A7 KM 311 KM. 311","municipality":"Puig","province":"VALENCIA / VALÈNCIA","postalCode":"46450","schedule":"L-D: 24H","fuels":{"gasoline95":1.839,"gasoline98":1.979,"diesel":1.919,"dieselB":1.569,"dieselRenewable":1.969,"adblue":0.799},"extra":{"saleType":"P","margin":"D","reportingType":"OM","ideess":"13134","idMunicipio":"7164","idProvincia":"46","idCCAA":"10"}}},{"type":"Feature","geometry":{"type":"Point","coordinates":[-0.109222,39.932306]},"properties":{"id":"es-13138","source":"ES","brand":"PETROPRIX","address":"AVENIDA ITALIA, 58","municipality":"Villarreal/Vila-real","province":"CASTELLÓN / CASTELLÓ","postalCode":"12540","schedule":"L-D: 24H","fuels":{"gasoline95":1.557,"diesel":1.709},"extra":{"saleType":"P","margin":"I","reportingType":"dm","ideess":"13138","idMunicipio":"1929","idProvincia":"12","idCCAA":"10"}}},{"type":"Feature","geometry":{"type":"Point","coordinates":[-0.261639,39.177833]},"properties":{"id":"es-13141","source":"ES","brand":"GASEXPRESS","address":"CALLE TURIA DEL, 2","municipality":"Cullera","province":"VALENCIA / VALÈNCIA","postalCode":"46400","schedule":"L-D: 24H","fuels":{"gasoline95":1.719,"diesel":1.759},"extra":{"saleType":"P","margin":"D","reportingType":"dm","ideess":"13141","idMunicipio":"7073","idProvincia":"46","idCCAA":"10"}}},{"type":"Feature","geometry":{"type":"Point","coordinates":[-0.429333,39.441972]},"properties":{"id":"es-13154","source":"ES","brand":"DIESELF","address":"CALLE CAMI FAITANAR, 6","municipality":"Picanya","province":"VALENCIA / VALÈNCIA","postalCode":"46210","schedule":"L-D: 24H","fuels":{"gasoline95":1.599,"diesel":1.769},"extra":{"saleType":"P","margin":"D","reportingType":"dm","ideess":"13154","idMunicipio":"7152","idProvincia":"46","idCCAA":"10"}}},{"type":"Feature","geometry":{"type":"Point","coordinates":[-0.468472,39.456694]},"properties":{"id":"es-13159","source":"ES","brand":"BALLENOIL","address":"CALLE CUENCA, 65","municipality":"Alaquàs","province":"VALENCIA / VALÈNCIA","postalCode":"46970","schedule":"L-D: 24H","fuels":{"gasoline95":1.659,"diesel":1.769},"extra":{"saleType":"P","margin":"D","reportingType":"OM","ideess":"13159","idMunicipio":"6971","idProvincia":"46","idCCAA":"10"}}},{"type":"Feature","geometry":{"type":"Point","coordinates":[-0.406139,39.43475]},"properties":{"id":"es-13179","source":"ES","brand":"BALLENOIL","address":"CALLE ACEQUIA FAVARA, 5","municipality":"Paiporta","province":"VALENCIA / VALÈNCIA","postalCode":"46200","schedule":"L-D: 24H","fuels":{"gasoline95":1.549,"diesel":1.659},"extra":{"saleType":"P","margin":"D","reportingType":"OM","ideess":"13179","idMunicipio":"7145","idProvincia":"46","idCCAA":"10"}}},{"type":"Feature","geometry":{"type":"Point","coordinates":[-0.403278,39.494611]},"properties":{"id":"es-13202","source":"ES","brand":"REPSOL","address":"AVENIDA CORTS VALENCIANES DE LES, 57","municipality":"Valencia","province":"VALENCIA / VALÈNCIA","postalCode":"46015","schedule":"L-D: 24H","fuels":{"gasoline95":1.838,"gasoline98":1.958,"diesel":1.928,"dieselRenewable":2.025,"lpg":1.123,"adblue":1.198},"extra":{"saleType":"P","margin":"D","reportingType":"dm","ideess":"13202","idMunicipio":"7214","idProvincia":"46","idCCAA":"10"}}},{"type":"Feature","geometry":{"type":"Point","coordinates":[-0.434528,39.199028]},"properties":{"id":"es-13212","source":"ES","brand":"OIL CITY","address":"CALLE RONDA DEL CALVARI, 73","municipality":"Algemesí","province":"VALENCIA / VALÈNCIA","postalCode":"46680","schedule":"L-D: 24H","fuels":{"gasoline95":1.799,"diesel":1.743},"extra":{"saleType":"P","margin":"D","reportingType":"dm","ideess":"13212","idMunicipio":"6994","idProvincia":"46","idCCAA":"10"}}},{"type":"Feature","geometry":{"type":"Point","coordinates":[-0.440944,39.463917]},"properties":{"id":"es-13260","source":"ES","brand":"FULL & GO","address":"CALLE PARTIDA DE ZAMARRA, 13","municipality":"Aldaia","province":"VALENCIA / VALÈNCIA","postalCode":"46960","schedule":"L-D: 24H","fuels":{"gasoline95":1.659,"diesel":1.769,"lpg":0.939,"adblue":0.729},"extra":{"saleType":"P","margin":"N","reportingType":"dm","ideess":"13260","idMunicipio":"6986","idProvincia":"46","idCCAA":"10"}}},{"type":"Feature","geometry":{"type":"Point","coordinates":[-0.476389,39.180833]},"properties":{"id":"es-13264","source":"ES","brand":"SERVICOOP","address":"CALLE TABERNES-CHIVA, 13","municipality":"Guadassuar","province":"VALENCIA / VALÈNCIA","postalCode":"46610","schedule":"L-D: 24H","fuels":{"gasoline95":1.609,"diesel":1.809,"dieselB":1.469,"lpg":0.959,"adblue":0.73},"extra":{"saleType":"P","margin":"D","reportingType":"dm","ideess":"13264","idMunicipio":"7101","idProvincia":"46","idCCAA":"10"}}},{"type":"Feature","geometry":{"type":"Point","coordinates":[-0.406389,39.390417]},"properties":{"id":"es-13327","source":"ES","brand":"PLENERGY","address":"CALLE OCHO, 7","municipality":"Albal","province":"VALENCIA / VALÈNCIA","postalCode":"46470","schedule":"L-D: 24H","fuels":{"gasoline95":1.559,"diesel":1.689},"extra":{"saleType":"P","margin":"D","reportingType":"dm","ideess":"13327","idMunicipio":"6973","idProvincia":"46","idCCAA":"10"}}},{"type":"Feature","geometry":{"type":"Point","coordinates":[-0.302139,39.200472]},"properties":{"id":"es-13358","source":"ES","brand":"BALLENOIL","address":"CALLE CIUTAT DE PAMPLONA, 40","municipality":"Sueca","province":"VALENCIA / VALÈNCIA","postalCode":"46410","schedule":"L-D: 24H","fuels":{"gasoline95":1.669,"diesel":1.749},"extra":{"saleType":"P","margin":"D","reportingType":"OM","ideess":"13358","idMunicipio":"7199","idProvincia":"46","idCCAA":"10"}}},{"type":"Feature","geometry":{"type":"Point","coordinates":[-0.226056,39.654861]},"properties":{"id":"es-13359","source":"ES","brand":"RAPIDFUEL","address":"AVENIDA DEL PUERTO, 36","municipality":"Sagunto/Sagunt","province":"VALENCIA / VALÈNCIA","postalCode":"46500","schedule":"L-D: 24H","fuels":{"gasoline95":1.605,"diesel":1.755,"adblue":0.74},"extra":{"saleType":"P","margin":"D","reportingType":"dm","ideess":"13359","idMunicipio":"7183","idProvincia":"46","idCCAA":"10"}}},{"type":"Feature","geometry":{"type":"Point","coordinates":[-0.233333,39.740389]},"properties":{"id":"es-13362","source":"ES","brand":"REPSOL","address":"AUTOVIA A-7 KM. 293,000","municipality":"Almenara","province":"CASTELLÓN / CASTELLÓ","postalCode":"12590","schedule":"L-D: 06:00-22:00","fuels":{"gasoline95":1.805,"gasoline98":1.965,"diesel":1.999,"dieselPremium":2.099,"dieselB":1.664},"extra":{"saleType":"P","margin":"D","reportingType":"OM","ideess":"13362","idMunicipio":"1815","idProvincia":"12","idCCAA":"10"}}},{"type":"Feature","geometry":{"type":"Point","coordinates":[-0.412167,39.501111]},"properties":{"id":"es-13391","source":"ES","brand":"PETROPRIX","address":"AVENIDA AVD ILUSTRACION 2(1),AR TERCIARIO ADEMUZ, SN","municipality":"Burjassot","province":"VALENCIA / VALÈNCIA","postalCode":"46100","schedule":"L-D: 24H","fuels":{"gasoline95":1.699,"diesel":1.769},"extra":{"saleType":"P","margin":"N","reportingType":"dm","ideess":"13391","idMunicipio":"7044","idProvincia":"46","idCCAA":"10"}}},{"type":"Feature","geometry":{"type":"Point","coordinates":[-0.469278,39.447861]},"properties":{"id":"es-13421","source":"ES","brand":"BENZINA ALAQUAS","address":"TRAVESSERA BOVALAR, 82","municipality":"Alaquàs","province":"VALENCIA / VALÈNCIA","postalCode":"46970","schedule":"L-D: 24H","fuels":{"gasoline95":1.635,"diesel":1.755,"adblue":0.999},"extra":{"saleType":"P","margin":"D","reportingType":"dm","ideess":"13421","idMunicipio":"6971","idProvincia":"46","idCCAA":"10"}}},{"type":"Feature","geometry":{"type":"Point","coordinates":[-0.54825,39.475861]},"properties":{"id":"es-13426","source":"ES","brand":"NATURGY","address":"CARRETERA DELS PEDRAPIQUERS KM. S/N","municipality":"Riba-roja de Túria","province":"VALENCIA / VALÈNCIA","postalCode":"46190","schedule":"L-D: 24H","fuels":{"cng":1.599,"lng":1.499},"extra":{"saleType":"P","margin":"D","reportingType":"dm","ideess":"13426","idMunicipio":"7177","idProvincia":"46","idCCAA":"10"}}},{"type":"Feature","geometry":{"type":"Point","coordinates":[-0.463583,39.470389]},"properties":{"id":"es-13455","source":"ES","brand":"BALLENOIL","address":"CALLE MIGUEL HERNANDEZ, 35","municipality":"Aldaia","province":"VALENCIA / VALÈNCIA","postalCode":"46960","schedule":"L-D: 24H","fuels":{"gasoline95":1.659,"diesel":1.769},"extra":{"saleType":"P","margin":"D","reportingType":"OM","ideess":"13455","idMunicipio":"6986","idProvincia":"46","idCCAA":"10"}}},{"type":"Feature","geometry":{"type":"Point","coordinates":[-0.385306,39.409556]},"properties":{"id":"es-13494","source":"ES","brand":"AUTOIL MASSANASSA","address":"CARRER CAMI VELL DE L'AZAGADOR, 54","municipality":"Massanassa","province":"VALENCIA / VALÈNCIA","postalCode":"46470","schedule":"L-D: 24H","fuels":{"gasoline95":1.599,"diesel":1.779},"extra":{"saleType":"P","margin":"N","reportingType":"dm","ideess":"13494","idMunicipio":"7124","idProvincia":"46","idCCAA":"10"}}},{"type":"Feature","geometry":{"type":"Point","coordinates":[-0.323694,39.586583]},"properties":{"id":"es-13541","source":"ES","brand":"YENO","address":"CAMINO CEBOLLA, 58","municipality":"Rafelbuñol/Rafelbunyol","province":"VALENCIA / VALÈNCIA","postalCode":"46138","schedule":"L-D: 24H","fuels":{"gasoline95":1.679,"diesel":1.799,"adblue":0.995},"extra":{"saleType":"P","margin":"D","reportingType":"dm","ideess":"13541","idMunicipio":"7170","idProvincia":"46","idCCAA":"10"}}},{"type":"Feature","geometry":{"type":"Point","coordinates":[-0.303028,39.625972]},"properties":{"id":"es-13544","source":"ES","brand":"AUTOIL PUZOL","address":"CALLE TARONGERS, 1","municipality":"Puçol","province":"VALENCIA / VALÈNCIA","postalCode":"46530","schedule":"L-V: 06:00-22:00; S-D: 09:00-21:00","fuels":{"gasoline95":1.677,"diesel":1.777},"extra":{"saleType":"P","margin":"D","reportingType":"dm","ideess":"13544","idMunicipio":"7162","idProvincia":"46","idCCAA":"10"}}},{"type":"Feature","geometry":{"type":"Point","coordinates":[-0.303722,39.553583]},"properties":{"id":"es-13553","source":"ES","brand":"CARREFOUR","address":"CARRETERA DE GOMBALDA, CV32 KM. 0,5","municipality":"Massalfassar","province":"VALENCIA / VALÈNCIA","postalCode":"46560","schedule":"L-D: 24H","fuels":{"gasoline95":1.799,"diesel":1.869,"dieselPremium":1.909},"extra":{"saleType":"P","margin":"N","reportingType":"dm","ideess":"13553","idMunicipio":"7122","idProvincia":"46","idCCAA":"10"}}},{"type":"Feature","geometry":{"type":"Point","coordinates":[-0.408306,39.37125]},"properties":{"id":"es-13599","source":"ES","brand":"COOP SILLA","address":"AVENIDA ALICANTE, 26","municipality":"Silla","province":"VALENCIA / VALÈNCIA","postalCode":"46460","schedule":"L-D: 24H","fuels":{"gasoline95":1.6,"diesel":1.73,"dieselB":1.38},"extra":{"saleType":"P","margin":"D","reportingType":"dm","ideess":"13599","idMunicipio":"7194","idProvincia":"46","idCCAA":"10"}}},{"type":"Feature","geometry":{"type":"Point","coordinates":[-0.471972,39.364333]},"properties":{"id":"es-13629","source":"ES","brand":"AUTOIL PICASSENT","address":"AVINGUDA PEÑES MALES, 12","municipality":"Picassent","province":"VALENCIA / VALÈNCIA","postalCode":"46220","schedule":"L-D: 24H","fuels":{"gasoline95":1.757,"diesel":1.837},"extra":{"saleType":"P","margin":"D","reportingType":"dm","ideess":"13629","idMunicipio":"7153","idProvincia":"46","idCCAA":"10"}}},{"type":"Feature","geometry":{"type":"Point","coordinates":[-0.582667,39.599361]},"properties":{"id":"es-13632","source":"ES","brand":"LOWCOST BENAGUACIL","address":"CALLE FRAY LUIS AMIGO, 38","municipality":"Benaguasil","province":"VALENCIA / VALÈNCIA","postalCode":"46180","schedule":"L-D: 24H","fuels":{"gasoline95":1.599,"dieselPremium":1.739},"extra":{"saleType":"P","margin":"D","reportingType":"dm","ideess":"13632","idMunicipio":"7016","idProvincia":"46","idCCAA":"10"}}},{"type":"Feature","geometry":{"type":"Point","coordinates":[-0.585806,39.620639]},"properties":{"id":"es-13643","source":"ES","brand":"ATUNOIL","address":"CALLE UE SECTOR ST-1, 13","municipality":"Llíria","province":"VALENCIA / VALÈNCIA","postalCode":"46160","schedule":"L-D: 24H","fuels":{"gasoline95":1.589,"diesel":1.699},"extra":{"saleType":"P","margin":"D","reportingType":"dm","ideess":"13643","idMunicipio":"7108","idProvincia":"46","idCCAA":"10"}}},{"type":"Feature","geometry":{"type":"Point","coordinates":[-0.274583,39.067028]},"properties":{"id":"es-13654","source":"ES","brand":"GALP","address":"CALLE COSTERA DE LA, 19","municipality":"Tavernes de la Valldigna","province":"VALENCIA / VALÈNCIA","postalCode":"46760","schedule":"L-D: 24H","fuels":{"gasoline95":1.594,"diesel":1.714},"extra":{"saleType":"P","margin":"N","reportingType":"OM","ideess":"13654","idMunicipio":"7202","idProvincia":"46","idCCAA":"10"}}},{"type":"Feature","geometry":{"type":"Point","coordinates":[-0.0755,39.974083]},"properties":{"id":"es-13681","source":"ES","brand":"MONFORT","address":"CALLE DINAMARCA - ESQUINA C/SABONER, S/N","municipality":"Castellón de la Plana/Castelló de la Plana","province":"CASTELLÓN / CASTELLÓ","postalCode":"12006","schedule":"L-D: 24H","fuels":{"cng":1.694,"lng":1.599},"extra":{"saleType":"P","margin":"D","reportingType":"dm","ideess":"13681","idMunicipio":"1842","idProvincia":"12","idCCAA":"10"}}},{"type":"Feature","geometry":{"type":"Point","coordinates":[-0.457028,39.440694]},"properties":{"id":"es-13692","source":"ES","brand":"BALLENOIL","address":"CALLE PICANYA, 49","municipality":"Torrent","province":"VALENCIA / VALÈNCIA","postalCode":"46900","schedule":"L-D: 24H","fuels":{"gasoline95":1.609,"diesel":1.749},"extra":{"saleType":"P","margin":"D","reportingType":"OM","ideess":"13692","idMunicipio":"7208","idProvincia":"46","idCCAA":"10"}}},{"type":"Feature","geometry":{"type":"Point","coordinates":[-0.476083,39.093306]},"properties":{"id":"es-13719","source":"ES","brand":"REPOSTA EXPRESS","address":"CALLE ARTESANS, 1","municipality":"Pobla Llarga (la)","province":"VALENCIA / VALÈNCIA","postalCode":"46670","schedule":"L-D: 24H","fuels":{"gasoline95":1.584,"diesel":1.764,"adblue":0.98},"extra":{"saleType":"P","margin":"D","reportingType":"dm","ideess":"13719","idMunicipio":"7159","idProvincia":"46","idCCAA":"10"}}},{"type":"Feature","geometry":{"type":"Point","coordinates":[-0.409417,39.458028]},"properties":{"id":"es-13739","source":"ES","brand":"NATURGY","address":"CALLE GREMIS DELS, 10","municipality":"Valencia","province":"VALENCIA / VALÈNCIA","postalCode":"46014","schedule":"L-D: 24H","fuels":{"cng":1.544},"extra":{"saleType":"P","margin":"D","reportingType":"dm","ideess":"13739","idMunicipio":"7214","idProvincia":"46","idCCAA":"10"}}},{"type":"Feature","geometry":{"type":"Point","coordinates":[-0.083111,39.899333]},"properties":{"id":"es-13755","source":"ES","brand":"ALSA Y SERVI OIL LOW COST","address":"CARRETERA VILA-REAL BURRIANA CV-185 KM. 3,5","municipality":"Burriana","province":"CASTELLÓN / CASTELLÓ","postalCode":"12350","schedule":"L-D: 24H","fuels":{"gasoline95":1.629,"diesel":1.789},"extra":{"saleType":"P","margin":"D","reportingType":"dm","ideess":"13755","idMunicipio":"1835","idProvincia":"12","idCCAA":"10"}}},{"type":"Feature","geometry":{"type":"Point","coordinates":[-0.381444,39.497083]},"properties":{"id":"es-13758","source":"ES","brand":"PLENERGY","address":"CALLE CAMINO DE MONCADA, 127","municipality":"Valencia","province":"VALENCIA / VALÈNCIA","postalCode":"46025","schedule":"L-D: 24H","fuels":{"gasoline95":1.709,"diesel":1.779},"extra":{"saleType":"P","margin":"D","reportingType":"dm","ideess":"13758","idMunicipio":"7214","idProvincia":"46","idCCAA":"10"}}},{"type":"Feature","geometry":{"type":"Point","coordinates":[-0.253,39.672306]},"properties":{"id":"es-13774","source":"ES","brand":"PETROPRIX","address":"AVENIDA FAUSTO CARUANA, 59","municipality":"Sagunto/Sagunt","province":"VALENCIA / VALÈNCIA","postalCode":"46500","schedule":"L-D: 24H","fuels":{"gasoline95":1.589,"diesel":1.729},"extra":{"saleType":"P","margin":"N","reportingType":"dm","ideess":"13774","idMunicipio":"7183","idProvincia":"46","idCCAA":"10"}}},{"type":"Feature","geometry":{"type":"Point","coordinates":[-0.382056,39.417556]},"properties":{"id":"es-13793","source":"ES","brand":"VCC ALFAFAR","address":"CALLE DOCTOR VENTURA ALABAU, 1","municipality":"Alfafar","province":"VALENCIA / VALÈNCIA","postalCode":"46910","schedule":"L-D: 24H","fuels":{"gasoline95":1.647,"diesel":1.677},"extra":{"saleType":"P","margin":"I","reportingType":"dm","ideess":"13793","idMunicipio":"6987","idProvincia":"46","idCCAA":"10"}}},{"type":"Feature","geometry":{"type":"Point","coordinates":[-0.456583,39.520194]},"properties":{"id":"es-13871","source":"ES","brand":"ELDISSER","address":"CALLE ALGEPSER, 68","municipality":"Paterna","province":"VALENCIA / VALÈNCIA","postalCode":"46980","schedule":"L-D: 24H","fuels":{"diesel":1.662},"extra":{"saleType":"P","margin":"D","reportingType":"dm","ideess":"13871","idMunicipio":"7149","idProvincia":"46","idCCAA":"10"}}},{"type":"Feature","geometry":{"type":"Point","coordinates":[-0.384944,39.54975]},"properties":{"id":"es-13942","source":"ES","brand":"DUROIL","address":"CALLE CRUILLES, 4","municipality":"Alfara del Patriarca","province":"VALENCIA / VALÈNCIA","postalCode":"46115","schedule":"L-D: 24H","fuels":{"gasoline95":1.659,"diesel":1.769,"dieselPremium":1.769,"lpg":0.899,"adblue":0.889},"extra":{"saleType":"P","margin":"D","reportingType":"dm","ideess":"13942","idMunicipio":"6989","idProvincia":"46","idCCAA":"10"}}},{"type":"Feature","geometry":{"type":"Point","coordinates":[-0.495889,39.500194]},"properties":{"id":"es-13948","source":"ES","brand":"STELS","address":"CARRER DEL MAESTRAT, 7","municipality":"Manises","province":"VALENCIA / VALÈNCIA","postalCode":"46940","schedule":"L-D: 24H","fuels":{"gasoline95":1.549,"diesel":1.749},"extra":{"saleType":"P","margin":"N","reportingType":"dm","ideess":"13948","idMunicipio":"7118","idProvincia":"46","idCCAA":"10"}}},{"type":"Feature","geometry":{"type":"Point","coordinates":[-0.35775,39.452472]},"properties":{"id":"es-13956","source":"ES","brand":"CARRREFOUR","address":"AVENIDA PROFESOR LÓPEZ PIÑERO, 16","municipality":"Valencia","province":"VALENCIA / VALÈNCIA","postalCode":"46013","schedule":"L-D: 24H","fuels":{"gasoline95":1.789,"gasoline98":1.939,"diesel":1.859,"dieselPremium":1.899},"extra":{"saleType":"P","margin":"N","reportingType":"dm","ideess":"13956","idMunicipio":"7214","idProvincia":"46","idCCAA":"10"}}},{"type":"Feature","geometry":{"type":"Point","coordinates":[-0.387111,39.412861]},"properties":{"id":"es-13993","source":"ES","brand":"E.S. MASSANASSA","address":"AVENIDA GENERALITAT VALENCIANA, 14","municipality":"Massanassa","province":"VALENCIA / VALÈNCIA","postalCode":"46470","schedule":"L-D: 24H","fuels":{"gasoline95":1.549,"diesel":1.659},"extra":{"saleType":"P","margin":"D","reportingType":"dm","ideess":"13993","idMunicipio":"7124","idProvincia":"46","idCCAA":"10"}}},{"type":"Feature","geometry":{"type":"Point","coordinates":[-0.572583,39.611222]},"properties":{"id":"es-14039","source":"ES","brand":"MULTIMARCA COMBUSTIBLES","address":"CARRETERA VALENCIA - ADEMUZ KM. 22","municipality":"Benisanó","province":"VALENCIA / VALÈNCIA","postalCode":"46181","schedule":"L-D: 24H","fuels":{"gasoline95":1.649,"diesel":1.729,"dieselPremium":1.759},"extra":{"saleType":"P","margin":"D","reportingType":"dm","ideess":"14039","idMunicipio":"7033","idProvincia":"46","idCCAA":"10"}}},{"type":"Feature","geometry":{"type":"Point","coordinates":[-0.071389,39.972556]},"properties":{"id":"es-14042","source":"ES","brand":"FACE PETROLEUM","address":"CALLE CUADRA LAIRON, 57","municipality":"Castellón de la Plana/Castelló de la Plana","province":"CASTELLÓN / CASTELLÓ","postalCode":"12006","schedule":"L-D: 24H","fuels":{"gasoline95":1.639,"diesel":1.779},"extra":{"saleType":"P","margin":"D","reportingType":"dm","ideess":"14042","idMunicipio":"1842","idProvincia":"12","idCCAA":"10"}}},{"type":"Feature","geometry":{"type":"Point","coordinates":[-0.156861,39.981361]},"properties":{"id":"es-14051","source":"ES","brand":"GMR","address":"CALLE MEJICO, 7","municipality":"Onda","province":"CASTELLÓN / CASTELLÓ","postalCode":"12200","schedule":"L-D: 24H","fuels":{"gasoline95":1.85,"diesel":1.952},"extra":{"saleType":"P","margin":"D","reportingType":"dm","ideess":"14051","idMunicipio":"1882","idProvincia":"12","idCCAA":"10"}}},{"type":"Feature","geometry":{"type":"Point","coordinates":[-0.286389,39.583583]},"properties":{"id":"es-14058","source":"ES","brand":"BDMED","address":"CAMI DEL MAR, S/N","municipality":"Puig","province":"VALENCIA / VALÈNCIA","postalCode":"46540","schedule":"L-D: 24H","fuels":{"gasoline95":1.679,"diesel":1.799},"extra":{"saleType":"P","margin":"D","reportingType":"dm","ideess":"14058","idMunicipio":"7164","idProvincia":"46","idCCAA":"10"}}},{"type":"Feature","geometry":{"type":"Point","coordinates":[-0.251472,39.07725]},"properties":{"id":"es-14095","source":"ES","brand":"PETROENERGY","address":"CARRETERA CV-50, Nº 3 KM. 3","municipality":"Tavernes de la Valldigna","province":"VALENCIA / VALÈNCIA","postalCode":"46760","schedule":"L-D: 24H","fuels":{"gasoline95":1.619,"diesel":1.759},"extra":{"saleType":"P","margin":"N","reportingType":"dm","ideess":"14095","idMunicipio":"7202","idProvincia":"46","idCCAA":"10"}}},{"type":"Feature","geometry":{"type":"Point","coordinates":[-0.415361,39.526139]},"properties":{"id":"es-14175","source":"ES","brand":"V.C.","address":"AVENIDA ESCULTOR ANDRE ALFARO, 2","municipality":"Godella","province":"VALENCIA / VALÈNCIA","postalCode":"46110","schedule":"L-D: 24H","fuels":{"gasoline95":1.679,"diesel":1.779},"extra":{"saleType":"P","margin":"D","reportingType":"dm","ideess":"14175","idMunicipio":"7097","idProvincia":"46","idCCAA":"10"}}},{"type":"Feature","geometry":{"type":"Point","coordinates":[-0.47825,39.496444]},"properties":{"id":"es-14210","source":"ES","brand":"PETROPRIX","address":"AVENIDA MAS DE L'OLI, 8","municipality":"Manises","province":"VALENCIA / VALÈNCIA","postalCode":"46940","schedule":"L-D: 24H","fuels":{"gasoline95":1.559,"diesel":1.759},"extra":{"saleType":"P","margin":"D","reportingType":"dm","ideess":"14210","idMunicipio":"7118","idProvincia":"46","idCCAA":"10"}}},{"type":"Feature","geometry":{"type":"Point","coordinates":[-0.814667,39.385444]},"properties":{"id":"es-14252","source":"ES","brand":"SCVA VIRGEN DESAMPARADOS","address":"AVENIDA DIPUTACIÓN, 74","municipality":"Yátova","province":"VALENCIA / VALÈNCIA","postalCode":"46367","schedule":"L-D: 24H","fuels":{"gasoline95":1.749,"diesel":1.819,"dieselB":1.27},"extra":{"saleType":"P","margin":"D","reportingType":"dm","ideess":"14252","idMunicipio":"7229","idProvincia":"46","idCCAA":"10"}}},{"type":"Feature","geometry":{"type":"Point","coordinates":[-0.264583,39.671556]},"properties":{"id":"es-14328","source":"ES","brand":"GASEXPRESS","address":"AVENIDA DE LES MORERES, S/N","municipality":"Sagunto/Sagunt","province":"VALENCIA / VALÈNCIA","postalCode":"46500","schedule":"L-D: 24H","fuels":{"gasoline95":1.559,"diesel":1.699},"extra":{"saleType":"P","margin":"D","reportingType":"dm","ideess":"14328","idMunicipio":"7183","idProvincia":"46","idCCAA":"10"}}},{"type":"Feature","geometry":{"type":"Point","coordinates":[-0.238028,39.667528]},"properties":{"id":"es-14380","source":"ES","brand":"BENZINA CARBURANTES","address":"AVENIDA JAUME ROIG, 8","municipality":"Sagunto/Sagunt","province":"VALENCIA / VALÈNCIA","postalCode":"46520","schedule":"L-D: 24H","fuels":{"gasoline95":1.605,"diesel":1.755,"adblue":0.999},"extra":{"saleType":"P","margin":"D","reportingType":"dm","ideess":"14380","idMunicipio":"7183","idProvincia":"46","idCCAA":"10"}}},{"type":"Feature","geometry":{"type":"Point","coordinates":[-0.57025,39.478833]},"properties":{"id":"es-14424","source":"ES","brand":"U.S. ASG SL","address":"POLIGONO POYO DE REVA S12, S/N","municipality":"Riba-roja de Túria","province":"VALENCIA / VALÈNCIA","postalCode":"46190","schedule":"L-D: 24H","fuels":{"diesel":1.679,"adblue":1.199},"extra":{"saleType":"P","margin":"D","reportingType":"dm","ideess":"14424","idMunicipio":"7177","idProvincia":"46","idCCAA":"10"}}},{"type":"Feature","geometry":{"type":"Point","coordinates":[-0.110833,39.952611]},"properties":{"id":"es-14486","source":"ES","brand":"RED CAR OIL","address":"CARRER DE L'ERMITA, 256","municipality":"Villarreal/Vila-real","province":"CASTELLÓN / CASTELLÓ","postalCode":"12540","schedule":"L-D: 24H","fuels":{"gasoline95":1.558,"diesel":1.709},"extra":{"saleType":"P","margin":"D","reportingType":"dm","ideess":"14486","idMunicipio":"1929","idProvincia":"12","idCCAA":"10"}}},{"type":"Feature","geometry":{"type":"Point","coordinates":[-0.173,39.826583]},"properties":{"id":"es-14492","source":"ES","brand":"BDMED","address":"CALLE B S/N. SEC. INDUS Nº2 POL. LA MINA, 2","municipality":"Nules","province":"CASTELLÓN / CASTELLÓ","postalCode":"12520","schedule":"L-D: 24H","fuels":{"gasoline95":1.639,"diesel":1.789},"extra":{"saleType":"P","margin":"D","reportingType":"dm","ideess":"14492","idMunicipio":"1880","idProvincia":"12","idCCAA":"10"}}},{"type":"Feature","geometry":{"type":"Point","coordinates":[-0.141139,39.987167]},"properties":{"id":"es-14535","source":"ES","brand":"RALLO","address":"CALLE URUGUAY, 40","municipality":"Onda","province":"CASTELLÓN / CASTELLÓ","postalCode":"12200","schedule":"L-V: 08:00-13:00 y 15:00-19:00","fuels":{"diesel":1.778},"extra":{"saleType":"P","margin":"N","reportingType":"dm","ideess":"14535","idMunicipio":"1882","idProvincia":"12","idCCAA":"10"}}},{"type":"Feature","geometry":{"type":"Point","coordinates":[-0.275639,39.672806]},"properties":{"id":"es-14540","source":"ES","brand":"OPTYME","address":"CALLE VALENCIA, 110","municipality":"Sagunto/Sagunt","province":"VALENCIA / VALÈNCIA","postalCode":"46500","schedule":"L-D: 24H","fuels":{"gasoline95":1.609,"diesel":1.759},"extra":{"saleType":"P","margin":"D","reportingType":"dm","ideess":"14540","idMunicipio":"7183","idProvincia":"46","idCCAA":"10"}}},{"type":"Feature","geometry":{"type":"Point","coordinates":[-0.166222,39.948806]},"properties":{"id":"es-14562","source":"ES","brand":"HAM","address":"CARRETERA VILLAREAL-ONDA KM. 1","municipality":"Villarreal/Vila-real","province":"CASTELLÓN / CASTELLÓ","postalCode":"12540","schedule":"L-D: 08:00-22:00","fuels":{"cng":1.644,"lng":1.599,"bioCng":1.624,"bioLng":1.569},"extra":{"saleType":"P","margin":"I","reportingType":"dm","ideess":"14562","idMunicipio":"1929","idProvincia":"12","idCCAA":"10"}}},{"type":"Feature","geometry":{"type":"Point","coordinates":[-0.502972,39.420667]},"properties":{"id":"es-14583","source":"ES","brand":"SHELL","address":"CARRER TOLL L'ALBERCA (CV405), S/N","municipality":"Torrent","province":"VALENCIA / VALÈNCIA","postalCode":"46900","schedule":"L-D: 24H","fuels":{"gasoline95":1.609,"diesel":1.759},"extra":{"saleType":"P","margin":"D","reportingType":"OM","ideess":"14583","idMunicipio":"7208","idProvincia":"46","idCCAA":"10"}}},{"type":"Feature","geometry":{"type":"Point","coordinates":[-0.305028,39.548583]},"properties":{"id":"es-14674","source":"ES","brand":"HAM","address":"CALLE CID, 1","municipality":"Massalfassar","province":"VALENCIA / VALÈNCIA","postalCode":"46560","schedule":"L-D: 24H","fuels":{"lng":1.599,"bioLng":1.569},"extra":{"saleType":"P","margin":"D","reportingType":"dm","ideess":"14674","idMunicipio":"7122","idProvincia":"46","idCCAA":"10"}}},{"type":"Feature","geometry":{"type":"Point","coordinates":[-0.397194,39.455778]},"properties":{"id":"es-14701","source":"ES","brand":"PLENERGY","address":"CALLE CAMPO CRESPO, 40","municipality":"Valencia","province":"VALENCIA / VALÈNCIA","postalCode":"46014","schedule":"L-D: 24H","fuels":{"gasoline95":1.639,"diesel":1.719},"extra":{"saleType":"P","margin":"D","reportingType":"dm","ideess":"14701","idMunicipio":"7214","idProvincia":"46","idCCAA":"10"}}},{"type":"Feature","geometry":{"type":"Point","coordinates":[-0.202056,39.954944]},"properties":{"id":"es-14702","source":"ES","brand":"BONAREA","address":"CAMINO CORRAL DE DIAGO, 4","municipality":"Onda","province":"CASTELLÓN / CASTELLÓ","postalCode":"12200","schedule":"L-D: 24H","fuels":{"gasoline95":1.529,"diesel":1.707,"adblue":0.499},"extra":{"saleType":"P","margin":"I","reportingType":"dm","ideess":"14702","idMunicipio":"1882","idProvincia":"12","idCCAA":"10"}}},{"type":"Feature","geometry":{"type":"Point","coordinates":[-0.5665,39.481056]},"properties":{"id":"es-14703","source":"ES","brand":"HAM","address":"AVENIDA DELS FUSTERS, 42","municipality":"Loriguilla","province":"VALENCIA / VALÈNCIA","postalCode":"46393","schedule":"L-D: 24H","fuels":{"cng":1.644,"lng":1.599,"bioCng":1.624,"bioLng":1.569},"extra":{"saleType":"P","margin":"D","reportingType":"dm","ideess":"14703","idMunicipio":"7115","idProvincia":"46","idCCAA":"10"}}},{"type":"Feature","geometry":{"type":"Point","coordinates":[-0.5825,39.4835]},"properties":{"id":"es-14744","source":"ES","brand":"SINERLOGIS","address":"CALLE MAS DEL PENYOT, 5","municipality":"Riba-roja de Túria","province":"VALENCIA / VALÈNCIA","postalCode":"46190","schedule":"L-D: 24H","fuels":{"diesel":1.848,"dieselB":1.093,"adblue":0.802},"extra":{"saleType":"P","margin":"I","reportingType":"dm","ideess":"14744","idMunicipio":"7177","idProvincia":"46","idCCAA":"10"}}},{"type":"Feature","geometry":{"type":"Point","coordinates":[-0.394944,39.457194]},"properties":{"id":"es-14747","source":"ES","brand":"GASEXPRESS","address":"CALLE PIO XI, 41","municipality":"Valencia","province":"VALENCIA / VALÈNCIA","postalCode":"46017","schedule":"L-D: 24H","fuels":{"gasoline95":1.639,"diesel":1.719},"extra":{"saleType":"P","margin":"D","reportingType":"dm","ideess":"14747","idMunicipio":"7214","idProvincia":"46","idCCAA":"10"}}},{"type":"Feature","geometry":{"type":"Point","coordinates":[-0.392361,39.551389]},"properties":{"id":"es-14749","source":"ES","brand":"E.S.METROARTE MONCADA","address":"CALLE QUART, 72","municipality":"Moncada","province":"VALENCIA / VALÈNCIA","postalCode":"46113","schedule":"L-D: 24H","fuels":{"gasoline95":1.669,"diesel":1.779,"adblue":1.08},"extra":{"saleType":"P","margin":"D","reportingType":"dm","ideess":"14749","idMunicipio":"7130","idProvincia":"46","idCCAA":"10"}}},{"type":"Feature","geometry":{"type":"Point","coordinates":[-0.333389,39.474917]},"properties":{"id":"es-14757","source":"ES","brand":"BALLENOIL","address":"CALLE LLUIS PEIXO, 50","municipality":"Valencia","province":"VALENCIA / VALÈNCIA","postalCode":"46011","schedule":"L-D: 24H","fuels":{"gasoline95":1.639,"diesel":1.719,"dieselPremium":1.739},"extra":{"saleType":"P","margin":"D","reportingType":"OM","ideess":"14757","idMunicipio":"7214","idProvincia":"46","idCCAA":"10"}}},{"type":"Feature","geometry":{"type":"Point","coordinates":[-0.306361,39.214056]},"properties":{"id":"es-14776","source":"ES","brand":"FUTURGASOIL","address":"AVENIDA DEL MAR, 44","municipality":"Sueca","province":"VALENCIA / VALÈNCIA","postalCode":"46410","schedule":"L-D: 24H","fuels":{"gasoline95":1.699,"diesel":1.759},"extra":{"saleType":"P","margin":"D","reportingType":"dm","ideess":"14776","idMunicipio":"7199","idProvincia":"46","idCCAA":"10"}}},{"type":"Feature","geometry":{"type":"Point","coordinates":[-0.398722,39.600333]},"properties":{"id":"es-14782","source":"ES","brand":"GASOLWIN","address":"CALLE BOREAS, 1","municipality":"Náquera","province":"VALENCIA / VALÈNCIA","postalCode":"46119","schedule":"L-D: 24H","fuels":{"gasoline95":1.697,"diesel":1.789,"lpg":0.829,"adblue":0.739},"extra":{"saleType":"P","margin":"D","reportingType":"dm","ideess":"14782","idMunicipio":"7137","idProvincia":"46","idCCAA":"10"}}},{"type":"Feature","geometry":{"type":"Point","coordinates":[-0.443944,39.512694]},"properties":{"id":"es-14816","source":"ES","brand":"VCC PATERNA","address":"CALLE ALGESPER, 2","municipality":"Paterna","province":"VALENCIA / VALÈNCIA","postalCode":"46980","schedule":"L-D: 24H","fuels":{"gasoline95":1.697,"diesel":1.733},"extra":{"saleType":"P","margin":"D","reportingType":"dm","ideess":"14816","idMunicipio":"7149","idProvincia":"46","idCCAA":"10"}}},{"type":"Feature","geometry":{"type":"Point","coordinates":[-0.399694,39.395306]},"properties":{"id":"es-14850","source":"ES","brand":"ÁREA 117 CATARROJA","address":"CAMINO VIEJO DE RUZAFA, 418","municipality":"Catarroja","province":"VALENCIA / VALÈNCIA","postalCode":"46470","schedule":"L-D: 24H","fuels":{"gasoline95":1.549,"diesel":1.709},"extra":{"saleType":"P","margin":"D","reportingType":"dm","ideess":"14850","idMunicipio":"7060","idProvincia":"46","idCCAA":"10"}}},{"type":"Feature","geometry":{"type":"Point","coordinates":[-0.515944,39.555167]},"properties":{"id":"es-14953","source":"ES","brand":"PLENERGY","address":"CARRETERA DE RIBARROJA KM. 55","municipality":"Eliana (l')","province":"VALENCIA / VALÈNCIA","postalCode":"46183","schedule":"L-D: 24H","fuels":{"gasoline95":1.685,"diesel":1.739},"extra":{"saleType":"P","margin":"D","reportingType":"dm","ideess":"14953","idMunicipio":"7077","idProvincia":"46","idCCAA":"10"}}},{"type":"Feature","geometry":{"type":"Point","coordinates":[-0.275333,39.673194]},"properties":{"id":"es-14984","source":"ES","brand":"MOEVE-CEPSA","address":"CALLE VALENCIA, 106","municipality":"Sagunto/Sagunt","province":"VALENCIA / VALÈNCIA","postalCode":"46500","schedule":"L-D: 24H","fuels":{"gasoline95":1.779,"gasoline98":1.899,"diesel":1.899,"dieselPremium":1.999,"adblue":0.79},"extra":{"saleType":"P","margin":"D","reportingType":"dm","ideess":"14984","idMunicipio":"7183","idProvincia":"46","idCCAA":"10"}}},{"type":"Feature","geometry":{"type":"Point","coordinates":[-0.218639,39.822306]},"properties":{"id":"es-15022","source":"ES","brand":"PLENERGY","address":"CALLE MOLINO MARCO, 21","municipality":"Vall d'Uixó (la)","province":"CASTELLÓN / CASTELLÓ","postalCode":"12600","schedule":"L-D: 24H","fuels":{"gasoline95":1.709,"diesel":1.787},"extra":{"saleType":"P","margin":"D","reportingType":"dm","ideess":"15022","idMunicipio":"1923","idProvincia":"12","idCCAA":"10"}}},{"type":"Feature","geometry":{"type":"Point","coordinates":[-0.394194,39.451306]},"properties":{"id":"es-15035","source":"ES","brand":"Q8","address":"AVENIDA GASPAR AGUILAR, 96","municipality":"Valencia","province":"VALENCIA / VALÈNCIA","postalCode":"46017","schedule":"L-D: 24H","fuels":{"gasoline95":1.719,"diesel":1.859},"extra":{"saleType":"P","margin":"N","reportingType":"dm","ideess":"15035","idMunicipio":"7214","idProvincia":"46","idCCAA":"10"}}},{"type":"Feature","geometry":{"type":"Point","coordinates":[-0.41975,39.399778]},"properties":{"id":"es-15112","source":"ES","brand":"GASOLWIN","address":"CALLE HORT DE MIRALLES, 4","municipality":"Albal","province":"VALENCIA / VALÈNCIA","postalCode":"46470","schedule":"L-D: 24H","fuels":{"gasoline95":1.629,"diesel":1.739},"extra":{"saleType":"P","margin":"D","reportingType":"dm","ideess":"15112","idMunicipio":"6973","idProvincia":"46","idCCAA":"10"}}},{"type":"Feature","geometry":{"type":"Point","coordinates":[-0.37325,39.452639]},"properties":{"id":"es-15141","source":"ES","brand":"NATURGY VALENCIA SUR","address":"AVENIDA AUSIAS MARCH, 44","municipality":"Valencia","province":"VALENCIA / VALÈNCIA","postalCode":"46026","schedule":"L-D: 24H","fuels":{"cng":1.612},"extra":{"saleType":"P","margin":"D","reportingType":"dm","ideess":"15141","idMunicipio":"7214","idProvincia":"46","idCCAA":"10"}}},{"type":"Feature","geometry":{"type":"Point","coordinates":[-0.439833,39.463722]},"properties":{"id":"es-15148","source":"ES","brand":"PLENERGY","address":"CALLE RAJOLAR, EL, 4","municipality":"Xirivella","province":"VALENCIA / VALÈNCIA","postalCode":"46950","schedule":"L-D: 24H","fuels":{"gasoline95":1.659,"diesel":1.769},"extra":{"saleType":"P","margin":"D","reportingType":"dm","ideess":"15148","idMunicipio":"7228","idProvincia":"46","idCCAA":"10"}}},{"type":"Feature","geometry":{"type":"Point","coordinates":[-0.305694,39.206444]},"properties":{"id":"es-15155","source":"ES","brand":"+B ENERGIAS","address":"CALLE ARNAU DE VILANOVA, 7","municipality":"Sueca","province":"VALENCIA / VALÈNCIA","postalCode":"46410","schedule":"L-D: 24H","fuels":{"gasoline95":1.655,"diesel":1.735,"dieselPremium":1.755,"adblue":0.799},"extra":{"saleType":"P","margin":"D","reportingType":"dm","ideess":"15155","idMunicipio":"7199","idProvincia":"46","idCCAA":"10"}}},{"type":"Feature","geometry":{"type":"Point","coordinates":[-0.352556,39.531528]},"properties":{"id":"es-15199","source":"ES","brand":"GASEXPRESS FOIOS","address":"CARRETERA ANTIGUA CARRETERA NACIONAL KM. 340","municipality":"Foios","province":"VALENCIA / VALÈNCIA","postalCode":"46134","schedule":"L-D: 24H","fuels":{"gasoline95":1.669,"diesel":1.779},"extra":{"saleType":"P","margin":"D","reportingType":"dm","ideess":"15199","idMunicipio":"7085","idProvincia":"46","idCCAA":"10"}}},{"type":"Feature","geometry":{"type":"Point","coordinates":[-0.357444,39.49375]},"properties":{"id":"es-15217","source":"ES","brand":"REPSOL","address":"CALLE EMILIO BARO, 85","municipality":"Valencia","province":"VALENCIA / VALÈNCIA","postalCode":"46020","schedule":"L-D: 06:00-22:00","fuels":{"gasoline95":1.849,"gasoline95Premium":1.919,"gasoline98":2.019,"diesel":1.905,"dieselRenewable":2.025,"lpg":1.129},"extra":{"saleType":"P","margin":"N","reportingType":"OM","ideess":"15217","idMunicipio":"7214","idProvincia":"46","idCCAA":"10"}}},{"type":"Feature","geometry":{"type":"Point","coordinates":[-0.188528,39.952361]},"properties":{"id":"es-15246","source":"ES","brand":"TRAVOLCAS (TRAVOLPOWER)","address":"AVENIDA MEDITERRANI, 134","municipality":"Onda","province":"CASTELLÓN / CASTELLÓ","postalCode":"12200","schedule":"L-D: 24H","fuels":{"dieselPremium":1.716,"adblue":0.569},"extra":{"saleType":"P","margin":"I","reportingType":"dm","ideess":"15246","idMunicipio":"1882","idProvincia":"12","idCCAA":"10"}}},{"type":"Feature","geometry":{"type":"Point","coordinates":[-0.368361,39.422278]},"properties":{"id":"es-15314","source":"ES","brand":"TEXAKO TRUCKS","address":"SENDA DE LES VAQUES,34, 34","municipality":"Sedaví","province":"VALENCIA / VALÈNCIA","postalCode":"46910","schedule":"L: 24H","fuels":{"gasoline95":1.539,"diesel":1.759,"adblue":0.6},"extra":{"saleType":"P","margin":"D","reportingType":"dm","ideess":"15314","idMunicipio":"7187","idProvincia":"46","idCCAA":"10"}}},{"type":"Feature","geometry":{"type":"Point","coordinates":[-0.404583,39.440056]},"properties":{"id":"es-15343","source":"ES","brand":"TEXAKO TRUCKS","address":"CAMINO TRES CRUCES, CV-404, 5","municipality":"Valencia","province":"VALENCIA / VALÈNCIA","postalCode":"46017","schedule":"L: 24H","fuels":{"gasoline95":1.54,"diesel":1.92,"adblue":0.69},"extra":{"saleType":"P","margin":"D","reportingType":"dm","ideess":"15343","idMunicipio":"7214","idProvincia":"46","idCCAA":"10"}}},{"type":"Feature","geometry":{"type":"Point","coordinates":[-0.017722,39.982944]},"properties":{"id":"es-15344","source":"ES","brand":"SEROIL ENERGY","address":"AVENIDA DEL MAR, 65","municipality":"Castellón de la Plana/Castelló de la Plana","province":"CASTELLÓN / CASTELLÓ","postalCode":"12000","schedule":"L-D: 24H","fuels":{"gasoline95":1.638,"diesel":1.768},"extra":{"saleType":"P","margin":"D","reportingType":"dm","ideess":"15344","idMunicipio":"1842","idProvincia":"12","idCCAA":"10"}}},{"type":"Feature","geometry":{"type":"Point","coordinates":[-0.526861,39.001722]},"properties":{"id":"es-15367","source":"ES","brand":"SIN ROTULO","address":"CARRETERA N-340 XATIVA-LLOSA DE RANES KM. SN","municipality":"Xàtiva","province":"VALENCIA / VALÈNCIA","postalCode":"46800","schedule":"L-D: 24H","fuels":{"diesel":1.687},"extra":{"saleType":"P","margin":"D","reportingType":"dm","ideess":"15367","idMunicipio":"7225","idProvincia":"46","idCCAA":"10"}}},{"type":"Feature","geometry":{"type":"Point","coordinates":[-0.15825,39.978]},"properties":{"id":"es-15421","source":"ES","brand":"TRANSPORTES TRAVILL, S.L.","address":"CALLE ECUADOR, 31","municipality":"Onda","province":"CASTELLÓN / CASTELLÓ","postalCode":"12200","schedule":"L-D: 00:00-23:59","fuels":{"diesel":1.918},"extra":{"saleType":"P","margin":"D","reportingType":"dm","ideess":"15421","idMunicipio":"1882","idProvincia":"12","idCCAA":"10"}}},{"type":"Feature","geometry":{"type":"Point","coordinates":[-0.552028,39.476]},"properties":{"id":"es-15451","source":"ES","brand":"STAROIL","address":"POLIGONO CALLE POLIGONO OLIVERAL, 50","municipality":"Riba-roja de Túria","province":"VALENCIA / VALÈNCIA","postalCode":"46190","schedule":"L-D: 24H","fuels":{"gasoline95":1.699,"gasoline98":1.799,"diesel":1.828,"dieselPremium":1.899,"adblue":1.099},"extra":{"saleType":"P","margin":"I","reportingType":"dm","ideess":"15451","idMunicipio":"7177","idProvincia":"46","idCCAA":"10"}}},{"type":"Feature","geometry":{"type":"Point","coordinates":[-0.260167,39.643]},"properties":{"id":"es-15525","source":"ES","brand":"MOLGAS","address":"AVENIDA SEQUIA DE LA TORRE, 13","municipality":"Sagunto/Sagunt","province":"VALENCIA / VALÈNCIA","postalCode":"46520","schedule":"L-D: 00:00-23:59","fuels":{"lng":1.649},"extra":{"saleType":"P","margin":"D","reportingType":"dm","ideess":"15525","idMunicipio":"7183","idProvincia":"46","idCCAA":"10"}}},{"type":"Feature","geometry":{"type":"Point","coordinates":[-0.514056,39.227639]},"properties":{"id":"es-15560","source":"ES","brand":"PLENERGY","address":"CARRETERA CREU NEGRA KM. 11","municipality":"Carlet","province":"VALENCIA / VALÈNCIA","postalCode":"46240","schedule":"L-D: 24H","fuels":{"gasoline95":1.589,"diesel":1.739},"extra":{"saleType":"P","margin":"D","reportingType":"dm","ideess":"15560","idMunicipio":"7051","idProvincia":"46","idCCAA":"10"}}},{"type":"Feature","geometry":{"type":"Point","coordinates":[-0.12125,39.897167]},"properties":{"id":"es-15668","source":"ES","brand":"BÚHO GAS","address":"CAMI REAL, 61","municipality":"Alquerías del Niño Perdido","province":"CASTELLÓN / CASTELLÓ","postalCode":"12539","schedule":"L-D: 24H","fuels":{"gasoline95":1.599,"diesel":1.738,"adblue":0.699},"extra":{"saleType":"P","margin":"D","reportingType":"dm","ideess":"15668","idMunicipio":"1816","idProvincia":"12","idCCAA":"10"}}},{"type":"Feature","geometry":{"type":"Point","coordinates":[-0.42575,39.549056]},"properties":{"id":"es-15675","source":"ES","brand":"REPSOL","address":"CALLE PRINCIPE FELIPE, 3","municipality":"Rocafort","province":"VALENCIA / VALÈNCIA","postalCode":"46111","schedule":"L-D: 06:00-22:00","fuels":{"gasoline95":1.849,"gasoline95Premium":1.909,"gasoline98":1.959,"diesel":1.915,"dieselRenewable":2.035,"lpg":1.135},"extra":{"saleType":"P","margin":"I","reportingType":"OM","ideess":"15675","idMunicipio":"7179","idProvincia":"46","idCCAA":"10"}}},{"type":"Feature","geometry":{"type":"Point","coordinates":[-0.382306,39.410444]},"properties":{"id":"es-15704","source":"ES","brand":"PLENERGY","address":"CALLE ACEQUIA DE LA MANEGA, 8","municipality":"Massanassa","province":"VALENCIA / VALÈNCIA","postalCode":"46470","schedule":"L-D: 24H","fuels":{"gasoline95":1.549,"diesel":1.659},"extra":{"saleType":"P","margin":"D","reportingType":"dm","ideess":"15704","idMunicipio":"7124","idProvincia":"46","idCCAA":"10"}}},{"type":"Feature","geometry":{"type":"Point","coordinates":[-0.460694,39.510083]},"properties":{"id":"es-15706","source":"ES","brand":"MAS GASOIL","address":"CALLE VILA DE MADRID, 9","municipality":"Paterna","province":"VALENCIA / VALÈNCIA","postalCode":"46988","schedule":"L-D: 24H","fuels":{"gasoline95":1.609,"diesel":1.709,"adblue":0.997},"extra":{"saleType":"P","margin":"D","reportingType":"dm","ideess":"15706","idMunicipio":"7149","idProvincia":"46","idCCAA":"10"}}},{"type":"Feature","geometry":{"type":"Point","coordinates":[-0.121028,39.865861]},"properties":{"id":"es-15720","source":"ES","brand":"HAM","address":"AUTOPISTA AP7 PK44 KM. 44","municipality":"Burriana","province":"CASTELLÓN / CASTELLÓ","postalCode":"12530","schedule":"L-D: 24H","fuels":{"cng":1.644,"lng":1.599,"bioCng":1.624,"bioLng":1.569},"extra":{"saleType":"P","margin":"D","reportingType":"dm","ideess":"15720","idMunicipio":"1835","idProvincia":"12","idCCAA":"10"}}},{"type":"Feature","geometry":{"type":"Point","coordinates":[-0.430139,39.161389]},"properties":{"id":"es-15735","source":"ES","brand":"PLENERGY","address":"AVENIDA VOLUNTAT POPULAR, 1","municipality":"Alzira","province":"VALENCIA / VALÈNCIA","postalCode":"46600","schedule":"L-D: 24H","fuels":{"gasoline95":1.567,"diesel":1.677},"extra":{"saleType":"P","margin":"D","reportingType":"dm","ideess":"15735","idMunicipio":"7003","idProvincia":"46","idCCAA":"10"}}},{"type":"Feature","geometry":{"type":"Point","coordinates":[-0.535722,39.472639]},"properties":{"id":"es-15775","source":"ES","brand":"MOLGAS ALZ","address":"POLIGONO SUBPOLIGONO 2 (CTRA. N3 KM 341)., 341","municipality":"Riba-roja de Túria","province":"VALENCIA / VALÈNCIA","postalCode":"46190","schedule":"L-D: 24H","fuels":{"cng":1.739,"lng":1.649},"extra":{"saleType":"P","margin":"D","reportingType":"dm","ideess":"15775","idMunicipio":"7177","idProvincia":"46","idCCAA":"10"}}},{"type":"Feature","geometry":{"type":"Point","coordinates":[-0.459806,39.509194]},"properties":{"id":"es-15786","source":"ES","brand":"BDMED","address":"CALLE VILLA DE MADRID, 3","municipality":"Paterna","province":"VALENCIA / VALÈNCIA","postalCode":"46980","schedule":"L: 24H","fuels":{"gasoline95":1.679,"diesel":1.799},"extra":{"saleType":"P","margin":"D","reportingType":"dm","ideess":"15786","idMunicipio":"7149","idProvincia":"46","idCCAA":"10"}}},{"type":"Feature","geometry":{"type":"Point","coordinates":[-0.547639,39.471444]},"properties":{"id":"es-15794","source":"ES","brand":"NIEVES","address":"CALLE POUET DEL VALENCIANO, 1","municipality":"Riba-roja de Túria","province":"VALENCIA / VALÈNCIA","postalCode":"46190","schedule":"L-D: 24H","fuels":{"gasoline95":1.688,"diesel":1.899,"dieselB":1.649,"adblue":0.929},"extra":{"saleType":"P","margin":"N","reportingType":"dm","ideess":"15794","idMunicipio":"7177","idProvincia":"46","idCCAA":"10"}}},{"type":"Feature","geometry":{"type":"Point","coordinates":[-0.251639,39.967833]},"properties":{"id":"es-15816","source":"ES","brand":"PLENERGY","address":"CALLE LUCENA DEL CID, 12","municipality":"Onda","province":"CASTELLÓN / CASTELLÓ","postalCode":"12200","schedule":"L-D: 24H","fuels":{"gasoline95":1.529,"diesel":1.707},"extra":{"saleType":"P","margin":"D","reportingType":"dm","ideess":"15816","idMunicipio":"1882","idProvincia":"12","idCCAA":"10"}}},{"type":"Feature","geometry":{"type":"Point","coordinates":[-0.260111,39.642861]},"properties":{"id":"es-15844","source":"ES","brand":"IDS","address":"AVENIDA SEQUIA DE LA TORRE, 13","municipality":"Sagunto/Sagunt","province":"VALENCIA / VALÈNCIA","postalCode":"46520","schedule":"L-V: 08:30-14:00 y 16:00-19:00","fuels":{"diesel":1.92,"dieselB":1.639,"adblue":1.195},"extra":{"saleType":"P","margin":"N","reportingType":"dm","ideess":"15844","idMunicipio":"7183","idProvincia":"46","idCCAA":"10"}}},{"type":"Feature","geometry":{"type":"Point","coordinates":[-0.124,39.897917]},"properties":{"id":"es-15845","source":"ES","brand":"REPSOL","address":"CALLE ARTANA, S/N","municipality":"Alquerías del Niño Perdido","province":"CASTELLÓN / CASTELLÓ","postalCode":"12539","schedule":"L-D: 06:00-22:00","fuels":{"gasoline95":1.755,"gasoline98":1.925,"diesel":1.989},"extra":{"saleType":"P","margin":"D","reportingType":"OM","ideess":"15845","idMunicipio":"1816","idProvincia":"12","idCCAA":"10"}}},{"type":"Feature","geometry":{"type":"Point","coordinates":[-0.392194,39.410806]},"properties":{"id":"es-15870","source":"ES","brand":"GASLANDER","address":"CALLE SEQUIA SEGON BRAÇ, 14","municipality":"Massanassa","province":"VALENCIA / VALÈNCIA","postalCode":"46470","schedule":"L-D: 24H","fuels":{"gasoline95":1.597,"diesel":1.697},"extra":{"saleType":"P","margin":"D","reportingType":"dm","ideess":"15870","idMunicipio":"7124","idProvincia":"46","idCCAA":"10"}}},{"type":"Feature","geometry":{"type":"Point","coordinates":[-0.333278,39.625389]},"properties":{"id":"es-15931","source":"ES","brand":"GASEXPRESS PUZOL","address":"CAMI MAGRANERS, S/N","municipality":"Puçol","province":"VALENCIA / VALÈNCIA","postalCode":"46530","schedule":"L-D: 24H","fuels":{"gasoline95":1.589,"diesel":1.729},"extra":{"saleType":"P","margin":"D","reportingType":"dm","ideess":"15931","idMunicipio":"7162","idProvincia":"46","idCCAA":"10"}}},{"type":"Feature","geometry":{"type":"Point","coordinates":[-0.268389,39.683583]},"properties":{"id":"es-15936","source":"ES","brand":"RAPIDFUEL","address":"CALLE PINTOR XIMO MICHAVILA, 2","municipality":"Sagunto/Sagunt","province":"VALENCIA / VALÈNCIA","postalCode":"46500","schedule":"L-D: 24H","fuels":{"gasoline95":1.605,"diesel":1.755,"adblue":0.74},"extra":{"saleType":"P","margin":"D","reportingType":"dm","ideess":"15936","idMunicipio":"7183","idProvincia":"46","idCCAA":"10"}}},{"type":"Feature","geometry":{"type":"Point","coordinates":[-0.456056,39.176528]},"properties":{"id":"es-15955","source":"ES","brand":"SUMINISTROS MAZO","address":"POLIGONO AVINGUDA DELS SERRADORS S/N, S/N","municipality":"Alzira","province":"VALENCIA / VALÈNCIA","postalCode":"46600","schedule":"L-D: 24H","fuels":{"gasoline95E10":1.568,"diesel":1.678,"dieselB":1.328,"adblue":0.708},"extra":{"saleType":"P","margin":"N","reportingType":"dm","ideess":"15955","idMunicipio":"7003","idProvincia":"46","idCCAA":"10"}}},{"type":"Feature","geometry":{"type":"Point","coordinates":[-0.4695,39.466]},"properties":{"id":"es-15988","source":"ES","brand":"PLENERGY","address":"CAMI DE LA LLOMA, 2","municipality":"Aldaia","province":"VALENCIA / VALÈNCIA","postalCode":"46960","schedule":"L-D: 24H","fuels":{"gasoline95":1.659,"diesel":1.769},"extra":{"saleType":"P","margin":"D","reportingType":"dm","ideess":"15988","idMunicipio":"6986","idProvincia":"46","idCCAA":"10"}}},{"type":"Feature","geometry":{"type":"Point","coordinates":[-0.223611,39.669389]},"properties":{"id":"es-16014","source":"ES","brand":"PLENERGY","address":"CALLE SERRA DE CORBERA, 1","municipality":"Sagunto/Sagunt","province":"VALENCIA / VALÈNCIA","postalCode":"46520","schedule":"L-D: 24H","fuels":{"gasoline95":1.589,"diesel":1.729},"extra":{"saleType":"P","margin":"D","reportingType":"dm","ideess":"16014","idMunicipio":"7183","idProvincia":"46","idCCAA":"10"}}},{"type":"Feature","geometry":{"type":"Point","coordinates":[-0.564,39.603056]},"properties":{"id":"es-16028","source":"ES","brand":"BALLENOIL","address":"CARRER MERCADERIA, 31","municipality":"Pobla de Vallbona (la)","province":"VALENCIA / VALÈNCIA","postalCode":"46185","schedule":"L-D: 24H","fuels":{"gasoline95":1.595,"diesel":1.695,"dieselPremium":1.715},"extra":{"saleType":"P","margin":"N","reportingType":"OM","ideess":"16028","idMunicipio":"7157","idProvincia":"46","idCCAA":"10"}}},{"type":"Feature","geometry":{"type":"Point","coordinates":[-0.098167,39.931917]},"properties":{"id":"es-16102","source":"ES","brand":"PLENERGY","address":"AVENIDA EUROPA, 1","municipality":"Villarreal/Vila-real","province":"CASTELLÓN / CASTELLÓ","postalCode":"12540","schedule":"L-D: 24H","fuels":{"gasoline95":1.557,"diesel":1.709},"extra":{"saleType":"P","margin":"D","reportingType":"dm","ideess":"16102","idMunicipio":"1929","idProvincia":"12","idCCAA":"10"}}},{"type":"Feature","geometry":{"type":"Point","coordinates":[-0.101944,39.88075]},"properties":{"id":"es-16104","source":"ES","brand":"BALLENOIL","address":"CALLE CORINDÓN, 1","municipality":"Burriana","province":"CASTELLÓN / CASTELLÓ","postalCode":"12350","schedule":"L-D: 24H","fuels":{"gasoline95":1.619,"diesel":1.799,"dieselPremium":1.809},"extra":{"saleType":"P","margin":"N","reportingType":"OM","ideess":"16104","idMunicipio":"1835","idProvincia":"12","idCCAA":"10"}}},{"type":"Feature","geometry":{"type":"Point","coordinates":[-0.123778,39.900306]},"properties":{"id":"es-16113","source":"ES","brand":"LAFUENTE","address":"CALLE PONENTE, 1","municipality":"Alquerías del Niño Perdido","province":"CASTELLÓN / CASTELLÓ","postalCode":"12539","schedule":"L-D: 24H","fuels":{"gasoline95":1.655,"diesel":1.843,"adblue":0.797},"extra":{"saleType":"P","margin":"D","reportingType":"dm","ideess":"16113","idMunicipio":"1816","idProvincia":"12","idCCAA":"10"}}},{"type":"Feature","geometry":{"type":"Point","coordinates":[-0.399083,39.388528]},"properties":{"id":"es-16133","source":"ES","brand":"PETROPRIX","address":"CALLE RIU XUQUER, 38","municipality":"Albal","province":"VALENCIA / VALÈNCIA","postalCode":"46470","schedule":"L-D: 24H","fuels":{"gasoline95":1.559,"diesel":1.689},"extra":{"saleType":"P","margin":"D","reportingType":"dm","ideess":"16133","idMunicipio":"6973","idProvincia":"46","idCCAA":"10"}}},{"type":"Feature","geometry":{"type":"Point","coordinates":[-0.487111,39.552556]},"properties":{"id":"es-16138","source":"ES","brand":"PLENERGY","address":"CALLE PAPUT, 51","municipality":"San Antonio de Benagéber","province":"VALENCIA / VALÈNCIA","postalCode":"46184","schedule":"L-D: 24H","fuels":{"gasoline95":1.685,"diesel":1.739},"extra":{"saleType":"P","margin":"D","reportingType":"dm","ideess":"16138","idMunicipio":"7185","idProvincia":"46","idCCAA":"10"}}},{"type":"Feature","geometry":{"type":"Point","coordinates":[-0.05925,39.974944]},"properties":{"id":"es-16150","source":"ES","brand":"BALLENOIL","address":"AVENIDA VILLARREAL, 98","municipality":"Castellón de la Plana/Castelló de la Plana","province":"CASTELLÓN / CASTELLÓ","postalCode":"12006","schedule":"L-D: 24H","fuels":{"gasoline95":1.699,"diesel":1.859,"dieselPremium":1.879},"extra":{"saleType":"P","margin":"N","reportingType":"OM","ideess":"16150","idMunicipio":"1842","idProvincia":"12","idCCAA":"10"}}},{"type":"Feature","geometry":{"type":"Point","coordinates":[-0.273472,39.069111]},"properties":{"id":"es-16179","source":"ES","brand":"GASEXPRESS TAVERNES","address":"AVINGUDA TAVERNES DE LA VALLDIGNA, 80","municipality":"Tavernes de la Valldigna","province":"VALENCIA / VALÈNCIA","postalCode":"46760","schedule":"L-D: 24H","fuels":{"gasoline95":1.609,"diesel":1.729},"extra":{"saleType":"P","margin":"D","reportingType":"dm","ideess":"16179","idMunicipio":"7202","idProvincia":"46","idCCAA":"10"}}},{"type":"Feature","geometry":{"type":"Point","coordinates":[-0.727528,39.462222]},"properties":{"id":"es-16191","source":"ES","brand":"BALLENOIL","address":"CARRETERA MADRID - VALENCIA KM. 72","municipality":"Chiva","province":"VALENCIA / VALÈNCIA","postalCode":"46370","schedule":"L-D: 24H","fuels":{"gasoline95":1.609,"diesel":1.769,"dieselPremium":1.779},"extra":{"saleType":"P","margin":"N","reportingType":"OM","ideess":"16191","idMunicipio":"7067","idProvincia":"46","idCCAA":"10"}}},{"type":"Feature","geometry":{"type":"Point","coordinates":[-0.30425,39.624361]},"properties":{"id":"es-16200","source":"ES","brand":"PLENERGY","address":"CARRER LA CREU, 1","municipality":"Puçol","province":"VALENCIA / VALÈNCIA","postalCode":"46530","schedule":"L-D: 24H","fuels":{"gasoline95":1.589,"diesel":1.729},"extra":{"saleType":"P","margin":"D","reportingType":"dm","ideess":"16200","idMunicipio":"7162","idProvincia":"46","idCCAA":"10"}}},{"type":"Feature","geometry":{"type":"Point","coordinates":[-0.058417,39.98225]},"properties":{"id":"es-16201","source":"ES","brand":"PLENERGY","address":"AVENIDA ENRIQUE GIMENO, 48","municipality":"Castellón de la Plana/Castelló de la Plana","province":"CASTELLÓN / CASTELLÓ","postalCode":"12006","schedule":"L-D: 24H","fuels":{"gasoline95":1.699,"diesel":1.859},"extra":{"saleType":"P","margin":"D","reportingType":"dm","ideess":"16201","idMunicipio":"1842","idProvincia":"12","idCCAA":"10"}}},{"type":"Feature","geometry":{"type":"Point","coordinates":[-0.403806,39.459333]},"properties":{"id":"es-16216","source":"ES","brand":"GASEXPRESS TRES CRUCES","address":"AVENIDA TRES CRUCES, 48","municipality":"Valencia","province":"VALENCIA / VALÈNCIA","postalCode":"46014","schedule":"L-D: 24H","fuels":{"gasoline95":1.659,"diesel":1.739},"extra":{"saleType":"P","margin":"I","reportingType":"dm","ideess":"16216","idMunicipio":"7214","idProvincia":"46","idCCAA":"10"}}},{"type":"Feature","geometry":{"type":"Point","coordinates":[-0.045333,39.999389]},"properties":{"id":"es-16245","source":"ES","brand":"PLENERGY","address":"AVINGUDA CASTELL VELL, S/N","municipality":"Castellón de la Plana/Castelló de la Plana","province":"CASTELLÓN / CASTELLÓ","postalCode":"12000","schedule":"L-D: 24H","fuels":{"gasoline95":1.699,"diesel":1.829},"extra":{"saleType":"P","margin":"D","reportingType":"dm","ideess":"16245","idMunicipio":"1842","idProvincia":"12","idCCAA":"10"}}},{"type":"Feature","geometry":{"type":"Point","coordinates":[-0.482278,39.845444]},"properties":{"id":"es-16251","source":"ES","brand":"GASEXPRESS SEGORBE","address":"AVENIDA MEDITERRANEO, 2","municipality":"Segorbe","province":"CASTELLÓN / CASTELLÓ","postalCode":"12400","schedule":"L-D: 24H","fuels":{"gasoline95":1.619,"diesel":1.779},"extra":{"saleType":"P","margin":"D","reportingType":"dm","ideess":"16251","idMunicipio":"1902","idProvincia":"12","idCCAA":"10"}}},{"type":"Feature","geometry":{"type":"Point","coordinates":[-0.058639,39.952722]},"properties":{"id":"es-16309","source":"ES","brand":"PLENERGY","address":"AVENIDA CASTELLÓN, 178","municipality":"Almazora/Almassora","province":"CASTELLÓN / CASTELLÓ","postalCode":"12550","schedule":"L-D: 24H","fuels":{"gasoline95":1.699,"diesel":1.859},"extra":{"saleType":"P","margin":"D","reportingType":"dm","ideess":"16309","idMunicipio":"1813","idProvincia":"12","idCCAA":"10"}}},{"type":"Feature","geometry":{"type":"Point","coordinates":[-0.018972,39.980083]},"properties":{"id":"es-16320","source":"ES","brand":"BALLENOIL","address":"AVENIDA DE LOS HERMANOS BOU, 201","municipality":"Castellón de la Plana/Castelló de la Plana","province":"CASTELLÓN / CASTELLÓ","postalCode":"12100","schedule":"L-D: 24H","fuels":{"gasoline95":1.699,"gasoline95Premium":1.719,"diesel":1.859,"dieselPremium":1.879},"extra":{"saleType":"P","margin":"N","reportingType":"OM","ideess":"16320","idMunicipio":"1842","idProvincia":"12","idCCAA":"10"}}},{"type":"Feature","geometry":{"type":"Point","coordinates":[-0.058611,39.958083]},"properties":{"id":"es-16359","source":"ES","brand":"PLENERGY","address":"TRAVESÍA CAM. LA UNIÓN, 15","municipality":"Castellón de la Plana/Castelló de la Plana","province":"CASTELLÓN / CASTELLÓ","postalCode":"12000","schedule":"L-D: 24H","fuels":{"gasoline95":1.699,"diesel":1.859},"extra":{"saleType":"P","margin":"D","reportingType":"dm","ideess":"16359","idMunicipio":"1842","idProvincia":"12","idCCAA":"10"}}},{"type":"Feature","geometry":{"type":"Point","coordinates":[-0.229389,39.814472]},"properties":{"id":"es-16364","source":"ES","brand":"PETROPRIX","address":"AVENIDA DE EUROPA, 7","municipality":"Vall d'Uixó (la)","province":"CASTELLÓN / CASTELLÓ","postalCode":"12600","schedule":"L-D: 24H","fuels":{"gasoline95":1.709,"diesel":1.787},"extra":{"saleType":"P","margin":"N","reportingType":"dm","ideess":"16364","idMunicipio":"1923","idProvincia":"12","idCCAA":"10"}}},{"type":"Feature","geometry":{"type":"Point","coordinates":[-0.050389,39.971639]},"properties":{"id":"es-16370","source":"ES","brand":"Q8","address":"AVENIDA CASALDUCH 140D, 0","municipality":"Castellón de la Plana/Castelló de la Plana","province":"CASTELLÓN / CASTELLÓ","postalCode":"12005","schedule":"L-D: 24H","fuels":{"gasoline95":1.669,"diesel":1.829},"extra":{"saleType":"P","margin":"N","reportingType":"dm","ideess":"16370","idMunicipio":"1842","idProvincia":"12","idCCAA":"10"}}},{"type":"Feature","geometry":{"type":"Point","coordinates":[-0.245389,39.078278]},"properties":{"id":"es-16374","source":"ES","brand":"BALLENOIL","address":"CARRETERA CV-50 KM. 33","municipality":"Tavernes de la Valldigna","province":"VALENCIA / VALÈNCIA","postalCode":"46760","schedule":"L-D: 24H","fuels":{"gasoline95":1.619,"gasoline95Premium":1.629,"diesel":1.759,"dieselPremium":1.769},"extra":{"saleType":"P","margin":"N","reportingType":"OM","ideess":"16374","idMunicipio":"7202","idProvincia":"46","idCCAA":"10"}}},{"type":"Feature","geometry":{"type":"Point","coordinates":[-0.50725,39.422611]},"properties":{"id":"es-16375","source":"ES","brand":"GASEXPRESS","address":"PARTIDA TOLL L'ALBERCA, 1","municipality":"Torrent","province":"VALENCIA / VALÈNCIA","postalCode":"46900","schedule":"L: 24H","fuels":{"gasoline95":1.599,"diesel":1.739},"extra":{"saleType":"P","margin":"D","reportingType":"dm","ideess":"16375","idMunicipio":"7208","idProvincia":"46","idCCAA":"10"}}},{"type":"Feature","geometry":{"type":"Point","coordinates":[-0.385944,39.412667]},"properties":{"id":"es-16385","source":"ES","brand":"PLENERGY","address":"AVENIDA GENERALITAT VALENCIANA, 22","municipality":"Massanassa","province":"VALENCIA / VALÈNCIA","postalCode":"46470","schedule":"L-D: 24H","fuels":{"gasoline95":1.549,"diesel":1.659},"extra":{"saleType":"P","margin":"D","reportingType":"dm","ideess":"16385","idMunicipio":"7124","idProvincia":"46","idCCAA":"10"}}},{"type":"Feature","geometry":{"type":"Point","coordinates":[-0.264111,39.667444]},"properties":{"id":"es-16413","source":"ES","brand":"BEROIL","address":"CALLE BENJAMIN FRANKLIN, 1","municipality":"Sagunto/Sagunt","province":"VALENCIA / VALÈNCIA","postalCode":"46500","schedule":"L-D: 24H","fuels":{"gasoline95":1.539,"diesel":1.669,"adblue":0.6},"extra":{"saleType":"P","margin":"D","reportingType":"dm","ideess":"16413","idMunicipio":"7183","idProvincia":"46","idCCAA":"10"}}},{"type":"Feature","geometry":{"type":"Point","coordinates":[-0.387722,39.416639]},"properties":{"id":"es-16422","source":"ES","brand":"PLENERGY","address":"CALLE CALLE SECTOR  AB, 1","municipality":"Alfafar","province":"VALENCIA / VALÈNCIA","postalCode":"46910","schedule":"L-D: 24H","fuels":{"gasoline95":1.549,"diesel":1.659},"extra":{"saleType":"P","margin":"D","reportingType":"dm","ideess":"16422","idMunicipio":"6987","idProvincia":"46","idCCAA":"10"}}},{"type":"Feature","geometry":{"type":"Point","coordinates":[-0.404306,39.478389]},"properties":{"id":"es-16464","source":"ES","brand":"BALLENOIL","address":"CALLE VALLE DE LA BALLESTERA, 71","municipality":"Valencia","province":"VALENCIA / VALÈNCIA","postalCode":"46015","schedule":"L-D: 24H","fuels":{"gasoline95":1.619,"diesel":1.759},"extra":{"saleType":"P","margin":"N","reportingType":"OM","ideess":"16464","idMunicipio":"7214","idProvincia":"46","idCCAA":"10"}}},{"type":"Feature","geometry":{"type":"Point","coordinates":[-0.653556,39.47725]},"properties":{"id":"es-16500","source":"ES","brand":"BALLENOIL","address":"POLIGONO MANZANA A, P.I. DE CASTILLA, S/N","municipality":"Cheste","province":"VALENCIA / VALÈNCIA","postalCode":"46380","schedule":"L-D: 24H","fuels":{"gasoline95":1.539,"gasoline95Premium":1.549,"diesel":1.729,"dieselPremium":1.739},"extra":{"saleType":"P","margin":"N","reportingType":"OM","ideess":"16500","idMunicipio":"7066","idProvincia":"46","idCCAA":"10"}}},{"type":"Feature","geometry":{"type":"Point","coordinates":[-0.558389,39.544111]},"properties":{"id":"es-1870","source":"ES","brand":"INDUSTRIAL GIL FOLGADO SL","address":"CARRETERA DE VALENCIA KM. 107","municipality":"Riba-roja de Túria","province":"VALENCIA / VALÈNCIA","postalCode":"46190","schedule":"L-D: 06:00-22:00","fuels":{"gasoline95":1.669,"diesel":1.799,"dieselPremium":1.829,"dieselB":1.389},"extra":{"saleType":"P","margin":"N","reportingType":"dm","ideess":"1870","idMunicipio":"7177","idProvincia":"46","idCCAA":"10"}}},{"type":"Feature","geometry":{"type":"Point","coordinates":[-0.529944,39.2115]},"properties":{"id":"es-1871","source":"ES","brand":"CANSO CARBUANTES BENIMODO","address":"CAMI VELL D'ALBERIC, S/N","municipality":"Benimodo","province":"VALENCIA / VALÈNCIA","postalCode":"46291","schedule":"L-S: 07:00-13:00 y 15:00-19:00; D: 07:30-14:00","fuels":{"gasoline95":1.599,"diesel":1.799,"dieselB":1.409,"adblue":0.799},"extra":{"saleType":"P","margin":"N","reportingType":"dm","ideess":"1871","idMunicipio":"7029","idProvincia":"46","idCCAA":"10"}}},{"type":"Feature","geometry":{"type":"Point","coordinates":[-0.833944,39.726]},"properties":{"id":"es-1872","source":"ES","brand":"(SIN RÓTULO)","address":"PTDA. DE LAS SUERTES (SAN VICENTE )","municipality":"Villar del Arzobispo","province":"VALENCIA / VALÈNCIA","postalCode":"46170","schedule":"L-D: 24H","fuels":{"diesel":1.719,"dieselB":1.409},"extra":{"saleType":"P","margin":"N","reportingType":"dm","ideess":"1872","idMunicipio":"7222","idProvincia":"46","idCCAA":"10"}}},{"type":"Feature","geometry":{"type":"Point","coordinates":[-0.37375,39.420778]},"properties":{"id":"es-1874","source":"ES","brand":"ÁREA 117 PISTA DE SILLA","address":"CAMI PONT DE PEDRA, 3","municipality":"Sedaví","province":"VALENCIA / VALÈNCIA","postalCode":"46910","schedule":"L-D: 24H","fuels":{"gasoline95":1.559,"diesel":1.749,"dieselB":1.569,"lpg":0.919},"extra":{"saleType":"P","margin":"N","reportingType":"dm","ideess":"1874","idMunicipio":"7187","idProvincia":"46","idCCAA":"10"}}},{"type":"Feature","geometry":{"type":"Point","coordinates":[-0.419278,39.396028]},"properties":{"id":"es-1875","source":"ES","brand":"E.S.+AGRICOLA+S.C.J.+DE+ALBAL%2C+C.V.","address":"TRAVESSIA CAMI DE LA FOIA, S/N","municipality":"Albal","province":"VALENCIA / VALÈNCIA","postalCode":"46470","schedule":"L-V: 07:00-21:00; S: 08:00-14:00; D: 08:30-14:00","fuels":{"gasoline95":1.63,"gasoline98":1.75,"diesel":1.79,"dieselB":1.47},"extra":{"saleType":"P","margin":"N","reportingType":"dm","ideess":"1875","idMunicipio":"6973","idProvincia":"46","idCCAA":"10"}}},{"type":"Feature","geometry":{"type":"Point","coordinates":[-0.450056,39.587722]},"properties":{"id":"es-1877","source":"ES","brand":"VC ENERGIA","address":"CARRETERA BURJASOT-TORRES TORRES KM. 10,4","municipality":"Bétera","province":"VALENCIA / VALÈNCIA","postalCode":"46117","schedule":"L-D: 24H","fuels":{"gasoline95":1.679,"gasoline98":1.749,"diesel":1.769,"dieselPremium":1.789,"adblue":1.1},"extra":{"saleType":"P","margin":"D","reportingType":"dm","ideess":"1877","idMunicipio":"7036","idProvincia":"46","idCCAA":"10"}}},{"type":"Feature","geometry":{"type":"Point","coordinates":[-0.05925,39.951472]},"properties":{"id":"es-1886","source":"ES","brand":"BP ALMAZORA CENTRO","address":"AVENIDA CASTELLÓN, 65","municipality":"Almazora/Almassora","province":"CASTELLÓN / CASTELLÓ","postalCode":"12550","schedule":"L-V: 06:00-22:00; S-D: 07:00-23:00","fuels":{"gasoline95":1.775,"gasoline98":1.915,"diesel":1.959,"dieselPremium":2.049},"extra":{"saleType":"P","margin":"D","reportingType":"OM","ideess":"1886","idMunicipio":"1813","idProvincia":"12","idCCAA":"10"}}},{"type":"Feature","geometry":{"type":"Point","coordinates":[-0.386861,39.513194]},"properties":{"id":"es-1887","source":"ES","brand":"ESTACION DE SERVICIO SORIANO S.L.","address":"CAMINO MONCADA, 343","municipality":"Valencia","province":"VALENCIA / VALÈNCIA","postalCode":"46016","schedule":"L-D: 07:00-22:00","fuels":{"gasoline95":1.709,"gasoline98":1.799,"diesel":1.799,"dieselB":1.559},"extra":{"saleType":"P","margin":"D","reportingType":"dm","ideess":"1887","idMunicipio":"7214","idProvincia":"46","idCCAA":"10"}}},{"type":"Feature","geometry":{"type":"Point","coordinates":[-0.466861,39.354417]},"properties":{"id":"es-1889","source":"ES","brand":"COOPIC","address":"CV-4140 km 1","municipality":"Picassent","province":"VALENCIA / VALÈNCIA","postalCode":"46220","schedule":"L-D: 24H","fuels":{"gasoline95":1.65,"diesel":1.75,"dieselB":1.45},"extra":{"saleType":"P","margin":"D","reportingType":"dm","ideess":"1889","idMunicipio":"7153","idProvincia":"46","idCCAA":"10"}}},{"type":"Feature","geometry":{"type":"Point","coordinates":[-0.567194,39.279111]},"properties":{"id":"es-1898","source":"ES","brand":"ESTACIO DE SERVICI EL REGAIXO","address":"CARRETERA CV-5202 KM. 1","municipality":"Catadau","province":"VALENCIA / VALÈNCIA","postalCode":"46196","schedule":"L-D: 24H","fuels":{"gasoline95":1.595,"diesel":1.78,"dieselPremium":1.95,"dieselB":1.456},"extra":{"saleType":"P","margin":"I","reportingType":"dm","ideess":"1898","idMunicipio":"7059","idProvincia":"46","idCCAA":"10"}}},{"type":"Feature","geometry":{"type":"Point","coordinates":[-0.455556,39.360556]},"properties":{"id":"es-1899","source":"ES","brand":"BP PICASSENT","address":"CALLE PARIDERA, 2","municipality":"Picassent","province":"VALENCIA / VALÈNCIA","postalCode":"46220","schedule":"L-D: 24H","fuels":{"gasoline95":1.819,"gasoline98":1.959,"diesel":1.939,"dieselPremium":2.029,"adblue":1.255},"extra":{"saleType":"P","margin":"N","reportingType":"OM","ideess":"1899","idMunicipio":"7153","idProvincia":"46","idCCAA":"10"}}},{"type":"Feature","geometry":{"type":"Point","coordinates":[-0.611194,39.348278]},"properties":{"id":"es-1900","source":"ES","brand":"BON SERVICI","address":"CARRETERA VP-405  KILOMETRO 10,10 KM. 10,10","municipality":"Monserrat","province":"VALENCIA / VALÈNCIA","postalCode":"46192","schedule":"L-D: 07:00-22:00","fuels":{"gasoline95":1.659,"diesel":1.799,"dieselPremium":1.839,"dieselB":1.459,"lpg":0.999,"adblue":0.879},"extra":{"saleType":"P","margin":"I","reportingType":"dm","ideess":"1900","idMunicipio":"7135","idProvincia":"46","idCCAA":"10"}}},{"type":"Feature","geometry":{"type":"Point","coordinates":[-0.518806,39.162806]},"properties":{"id":"es-1902","source":"ES","brand":"RIBERCOST","address":"N-340 km 867.50000","municipality":"Masalavés","province":"VALENCIA / VALÈNCIA","postalCode":"46292","schedule":"L-D: 24H","fuels":{"gasoline95":1.655,"diesel":1.798,"dieselB":1.395,"adblue":0.75},"extra":{"saleType":"P","margin":"I","reportingType":"dm","ideess":"1902","idMunicipio":"7121","idProvincia":"46","idCCAA":"10"}}},{"type":"Feature","geometry":{"type":"Point","coordinates":[-0.516833,39.659861]},"properties":{"id":"es-1903","source":"ES","brand":"ES J NUÑEZ","address":"CARRETERA BETERA A OLOCAU KM. 8400","municipality":"Olocau","province":"VALENCIA / VALÈNCIA","postalCode":"46169","schedule":"L-S: 07:00-20:30; D: 08:00-20:30","fuels":{"gasoline95":1.689,"gasoline98":1.785,"diesel":1.779,"dieselPremium":1.809},"extra":{"saleType":"P","margin":"I","reportingType":"dm","ideess":"1903","idMunicipio":"7142","idProvincia":"46","idCCAA":"10"}}},{"type":"Feature","geometry":{"type":"Point","coordinates":[-0.439472,39.141611]},"properties":{"id":"es-1904","source":"ES","brand":"ALZICOOP CARBURANTS","address":"ALZIRA/CARCAIXENT km 0.400","municipality":"Alzira","province":"VALENCIA / VALÈNCIA","postalCode":"46600","schedule":"L-D: 24H","fuels":{"gasoline95":1.658,"diesel":1.768,"dieselB":1.538,"lpg":0.978,"adblue":0.738},"extra":{"saleType":"P","margin":"D","reportingType":"dm","ideess":"1904","idMunicipio":"7003","idProvincia":"46","idCCAA":"10"}}},{"type":"Feature","geometry":{"type":"Point","coordinates":[-0.409278,39.457833]},"properties":{"id":"es-1908","source":"ES","brand":"TAXCO","address":"CL DELS GREMITS, 10 (POLIG.VARA DE QUART)","municipality":"Valencia","province":"VALENCIA / VALÈNCIA","postalCode":"46014","schedule":"L-D: 24H","fuels":{"gasoline95":1.639,"diesel":1.779,"dieselPremium":1.809,"lpg":0.959},"extra":{"saleType":"P","margin":"N","reportingType":"dm","ideess":"1908","idMunicipio":"7214","idProvincia":"46","idCCAA":"10"}}},{"type":"Feature","geometry":{"type":"Point","coordinates":[-0.091583,39.938611]},"properties":{"id":"es-1909","source":"ES","brand":"REPSOL","address":"AVDA. DE FRANCIA, 62-66","municipality":"Villarreal/Vila-real","province":"CASTELLÓN / CASTELLÓ","postalCode":"12540","schedule":"L-D: 06:00-22:00","fuels":{"gasoline95":1.795,"gasoline95Premium":1.865,"gasoline98":1.965,"diesel":1.949,"dieselPremium":2.059},"extra":{"saleType":"P","margin":"D","reportingType":"OM","ideess":"1909","idMunicipio":"1929","idProvincia":"12","idCCAA":"10"}}},{"type":"Feature","geometry":{"type":"Point","coordinates":[-0.863833,39.697528]},"properties":{"id":"es-1910","source":"ES","brand":"GASOLINERA GALMAR","address":"CV-35 km 51,1","municipality":"Losa del Obispo","province":"VALENCIA / VALÈNCIA","postalCode":"46173","schedule":"L-V: 06:00-21:00; S: 07:00-21:00; D: 08:00-14:30","fuels":{"gasoline95":1.759,"diesel":1.869,"dieselB":1.559,"adblue":0.799},"extra":{"saleType":"P","margin":"N","reportingType":"dm","ideess":"1910","idMunicipio":"7116","idProvincia":"46","idCCAA":"10"}}},{"type":"Feature","geometry":{"type":"Point","coordinates":[-0.504278,39.198889]},"properties":{"id":"es-1913","source":"ES","brand":"PLENERGY","address":"AVENIDA ANTONIO ALMELA, 1","municipality":"Alcúdia (l')","province":"VALENCIA / VALÈNCIA","postalCode":"46250","schedule":"L-D: 24H","fuels":{"gasoline95":1.599,"diesel":1.799},"extra":{"saleType":"P","margin":"D","reportingType":"dm","ideess":"1913","idMunicipio":"6984","idProvincia":"46","idCCAA":"10"}}},{"type":"Feature","geometry":{"type":"Point","coordinates":[-0.401806,39.407917]},"properties":{"id":"es-1915","source":"ES","brand":"PEYMON OIL S.L","address":"AVENIDA RAMON Y CAJAL,97, ","municipality":"Catarroja","province":"VALENCIA / VALÈNCIA","postalCode":"46470","schedule":"L-D: 24H","fuels":{"gasoline95":1.579,"gasoline98":1.759,"dieselPremium":1.699,"dieselB":1.449},"extra":{"saleType":"P","margin":"N","reportingType":"dm","ideess":"1915","idMunicipio":"7060","idProvincia":"46","idCCAA":"10"}}},{"type":"Feature","geometry":{"type":"Point","coordinates":[-0.353389,39.536472]},"properties":{"id":"es-1916","source":"ES","brand":"PETROMAR","address":"CALLE HUGO BACHARACH, 10","municipality":"Foios","province":"VALENCIA / VALÈNCIA","postalCode":"46134","schedule":"L-D: 06:00-22:00","fuels":{"gasoline95":1.749,"gasoline98":1.949,"diesel":1.839,"dieselPremium":1.899,"dieselB":1.539,"adblue":0.999},"extra":{"saleType":"P","margin":"N","reportingType":"dm","ideess":"1916","idMunicipio":"7085","idProvincia":"46","idCCAA":"10"}}},{"type":"Feature","geometry":{"type":"Point","coordinates":[-0.468028,39.596417]},"properties":{"id":"es-1917","source":"ES","brand":"CENTRE LA VEREDA","address":"CAMINO ALCUBLAS S/N","municipality":"Bétera","province":"VALENCIA / VALÈNCIA","postalCode":"46117","schedule":"L-D: 24H","fuels":{"gasoline95":1.689,"diesel":1.789,"dieselPremium":1.799,"dieselB":1.429,"adblue":0.959},"extra":{"saleType":"P","margin":"N","reportingType":"dm","ideess":"1917","idMunicipio":"7036","idProvincia":"46","idCCAA":"10"}}},{"type":"Feature","geometry":{"type":"Point","coordinates":[-0.464556,39.261944]},"properties":{"id":"es-1919","source":"ES","brand":"COAGRI","address":"CALLE TRULLAS, S/N","municipality":"Alginet","province":"VALENCIA / VALÈNCIA","postalCode":"46230","schedule":"L-D: 06:00-23:00","fuels":{"gasoline95":1.559,"diesel":1.739,"dieselB":1.439},"extra":{"saleType":"P","margin":"N","reportingType":"dm","ideess":"1919","idMunicipio":"6996","idProvincia":"46","idCCAA":"10"}}},{"type":"Feature","geometry":{"type":"Point","coordinates":[-0.608111,39.649]},"properties":{"id":"es-1921","source":"ES","brand":"COOPERATIVA DE LLIRIA","address":"CARRETERA ALCUBLAS , KM 2.6","municipality":"Llíria","province":"VALENCIA / VALÈNCIA","postalCode":"46160","schedule":"L-D: 24H","fuels":{"gasoline95":1.598,"diesel":1.727,"dieselB":1.423},"extra":{"saleType":"P","margin":"N","reportingType":"dm","ideess":"1921","idMunicipio":"7108","idProvincia":"46","idCCAA":"10"}}},{"type":"Feature","geometry":{"type":"Point","coordinates":[-0.773389,39.609083]},"properties":{"id":"es-1923","source":"ES","brand":"(SIN RÓTULO)","address":"CALLE CRISTOBAL MESEGUER, 12","municipality":"Bugarra","province":"VALENCIA / VALÈNCIA","postalCode":"46165","schedule":"L-S: 07:30-13:00 y 15:00-17:30; D: 09:30-13:30","fuels":{"gasoline95":1.629,"diesel":1.799,"dieselB":1.499},"extra":{"saleType":"P","margin":"N","reportingType":"dm","ideess":"1923","idMunicipio":"7042","idProvincia":"46","idCCAA":"10"}}},{"type":"Feature","geometry":{"type":"Point","coordinates":[-0.537083,39.479806]},"properties":{"id":"es-1924","source":"ES","brand":"ÁREA 117 RIBA-ROJA","address":"POLIGONO C/ U Nº 4, 4","municipality":"Riba-roja de Túria","province":"VALENCIA / VALÈNCIA","postalCode":"46190","schedule":"L-V: 06:00-22:00; S: 07:00-15:00","fuels":{"gasoline95":1.559,"diesel":1.749,"dieselB":1.569},"extra":{"saleType":"P","margin":"N","reportingType":"dm","ideess":"1924","idMunicipio":"7177","idProvincia":"46","idCCAA":"10"}}},{"type":"Feature","geometry":{"type":"Point","coordinates":[-0.374694,39.273778]},"properties":{"id":"es-1925","source":"ES","brand":"E.S. MIDES, S.L.","address":"CARRETERA NACIONAL 332 KM. 264,86","municipality":"Sollana","province":"VALENCIA / VALÈNCIA","postalCode":"46430","schedule":"L-D: 24H","fuels":{"gasoline95":1.699,"gasoline98":1.759,"diesel":1.83,"dieselB":1.509,"adblue":0.669},"extra":{"saleType":"P","margin":"N","reportingType":"dm","ideess":"1925","idMunicipio":"7197","idProvincia":"46","idCCAA":"10"}}},{"type":"Feature","geometry":{"type":"Point","coordinates":[-0.511581,39.192198]},"properties":{"id":"es-1926","source":"ES","brand":"CANSO+CARBURANTS","address":"AVDA. COOP. AGRÍCOLA VIRGEN DEL ORETO, 2","municipality":"Alcúdia (l')","province":"VALENCIA / VALÈNCIA","postalCode":"46250","schedule":"L-D: 06:00-22:00","fuels":{"gasoline95":1.599,"gasoline98":1.699,"diesel":1.799,"dieselB":1.409,"adblue":0.799},"extra":{"saleType":"P","margin":"N","reportingType":"dm","ideess":"1926","idMunicipio":"6984","idProvincia":"46","idCCAA":"10"}}},{"type":"Feature","geometry":{"type":"Point","coordinates":[-0.392528,39.402556]},"properties":{"id":"es-1927","source":"ES","brand":"PEYMON OIL S.L","address":"RONDA NORTE INDUSTRIAL, 212","municipality":"Catarroja","province":"VALENCIA / VALÈNCIA","postalCode":"46470","schedule":"L-D: 06:00-22:00","fuels":{"gasoline95":1.579,"dieselPremium":1.699,"dieselB":1.449},"extra":{"saleType":"P","margin":"N","reportingType":"dm","ideess":"1927","idMunicipio":"7060","idProvincia":"46","idCCAA":"10"}}},{"type":"Feature","geometry":{"type":"Point","coordinates":[-0.359528,39.510472]},"properties":{"id":"es-1928","source":"ES","brand":"S2","address":"AVENIDA BLASCO IBAÑEZ, 1","municipality":"Almàssera","province":"VALENCIA / VALÈNCIA","postalCode":"46132","schedule":"L-D: 06:00-22:00","fuels":{"gasoline95":1.639,"gasoline98":1.709,"diesel":1.799,"adblue":1.1},"extra":{"saleType":"P","margin":"N","reportingType":"dm","ideess":"1928","idMunicipio":"6997","idProvincia":"46","idCCAA":"10"}}},{"type":"Feature","geometry":{"type":"Point","coordinates":[-0.682944,39.427556]},"properties":{"id":"es-1929","source":"ES","brand":"(SIN RÓTULO)","address":"CAMINO CHIVA, S/N","municipality":"Godelleta","province":"VALENCIA / VALÈNCIA","postalCode":"46388","schedule":"L-D: 24H","fuels":{"gasoline95":1.595,"diesel":1.788,"dieselB":1.462},"extra":{"saleType":"P","margin":"N","reportingType":"dm","ideess":"1929","idMunicipio":"7098","idProvincia":"46","idCCAA":"10"}}},{"type":"Feature","geometry":{"type":"Point","coordinates":[-0.444444,39.19875]},"properties":{"id":"es-1930","source":"ES","brand":"COPAL LOGISTICA","address":"CALLE COPAL, ","municipality":"Algemesí","province":"VALENCIA / VALÈNCIA","postalCode":"46680","schedule":"L-S: 06:00-22:00; D: 07:00-21:00","fuels":{"gasoline95":1.619,"gasoline98":1.719,"diesel":1.739,"dieselPremium":1.819,"dieselB":1.439},"extra":{"saleType":"P","margin":"N","reportingType":"dm","ideess":"1930","idMunicipio":"6994","idProvincia":"46","idCCAA":"10"}}},{"type":"Feature","geometry":{"type":"Point","coordinates":[-0.575583,39.60875]},"properties":{"id":"es-1932","source":"ES","brand":"COOPERATIVA DE BENISANO","address":"POLIGONO ELS PEDREGALS, S/N","municipality":"Benisanó","province":"VALENCIA / VALÈNCIA","postalCode":"46181","schedule":"L-D: 24H","fuels":{"gasoline95":1.545,"diesel":1.675,"dieselB":1.339},"extra":{"saleType":"P","margin":"N","reportingType":"dm","ideess":"1932","idMunicipio":"7033","idProvincia":"46","idCCAA":"10"}}},{"type":"Feature","geometry":{"type":"Point","coordinates":[-0.388,39.410444]},"properties":{"id":"es-1934","source":"ES","brand":"COOP.+SAN+PEDRO","address":"CALLE SEQUIA, SEGON BRAC PARCELA, 52","municipality":"Massanassa","province":"VALENCIA / VALÈNCIA","postalCode":"46470","schedule":"L-D: 24H","fuels":{"gasoline95":1.578,"gasoline98":1.678,"diesel":1.718,"dieselB":1.368},"extra":{"saleType":"P","margin":"N","reportingType":"dm","ideess":"1934","idMunicipio":"7124","idProvincia":"46","idCCAA":"10"}}},{"type":"Feature","geometry":{"type":"Point","coordinates":[-0.023,39.981083]},"properties":{"id":"es-1945","source":"ES","brand":"Q8","address":"AVENIDA AVDA. HERMANOS BOU 203, ","municipality":"Castellón de la Plana/Castelló de la Plana","province":"CASTELLÓN / CASTELLÓ","postalCode":"12003","schedule":"L-D: 24H","fuels":{"gasoline95":1.699,"gasoline98":1.779,"diesel":1.849},"extra":{"saleType":"P","margin":"N","reportingType":"dm","ideess":"1945","idMunicipio":"1842","idProvincia":"12","idCCAA":"10"}}},{"type":"Feature","geometry":{"type":"Point","coordinates":[-0.076278,39.955806]},"properties":{"id":"es-1946","source":"ES","brand":"Q8","address":"CARRETERA CTRA. N-340-A KM. KM 970","municipality":"Almazora/Almassora","province":"CASTELLÓN / CASTELLÓ","postalCode":"12550","schedule":"L-D: 24H","fuels":{"gasoline95":1.719,"gasoline98":1.799,"diesel":1.919,"adblue":0.749},"extra":{"saleType":"P","margin":"N","reportingType":"dm","ideess":"1946","idMunicipio":"1813","idProvincia":"12","idCCAA":"10"}}},{"type":"Feature","geometry":{"type":"Point","coordinates":[-0.230278,39.8155]},"properties":{"id":"es-1952","source":"ES","brand":"VCC LA VALL","address":"PARQUE COMERCIAL CINCOVALL, 5","municipality":"Vall d'Uixó (la)","province":"CASTELLÓN / CASTELLÓ","postalCode":"12600","schedule":"L-D: 24H","fuels":{"gasoline95":1.707,"diesel":1.777,"adblue":0.888},"extra":{"saleType":"P","margin":"N","reportingType":"dm","ideess":"1952","idMunicipio":"1923","idProvincia":"12","idCCAA":"10"}}},{"type":"Feature","geometry":{"type":"Point","coordinates":[-0.105139,39.929528]},"properties":{"id":"es-1953","source":"ES","brand":"CARREFOUR","address":"AVENIDA MATILDE SALVADOR, S/N","municipality":"Villarreal/Vila-real","province":"CASTELLÓN / CASTELLÓ","postalCode":"12540","schedule":"L-D: 24H","fuels":{"gasoline95":1.739,"gasoline98":1.899,"diesel":1.839,"dieselPremium":1.879},"extra":{"saleType":"P","margin":"N","reportingType":"dm","ideess":"1953","idMunicipio":"1929","idProvincia":"12","idCCAA":"10"}}},{"type":"Feature","geometry":{"type":"Point","coordinates":[-0.251056,39.964611]},"properties":{"id":"es-1956","source":"ES","brand":"CARREFOUR","address":"AVENIDA DEL MEDITERRANEO, S/N","municipality":"Onda","province":"CASTELLÓN / CASTELLÓ","postalCode":"12200","schedule":"L-D: 24H","fuels":{"gasoline95":1.529,"gasoline98":1.879,"diesel":1.709,"dieselPremium":1.749},"extra":{"saleType":"P","margin":"N","reportingType":"dm","ideess":"1956","idMunicipio":"1882","idProvincia":"12","idCCAA":"10"}}},{"type":"Feature","geometry":{"type":"Point","coordinates":[-0.107389,39.930528]},"properties":{"id":"es-1961","source":"ES","brand":"PETROPRIX","address":"AVENIDA AV ITALIA S/N, ","municipality":"Villarreal/Vila-real","province":"CASTELLÓN / CASTELLÓ","postalCode":"12540","schedule":"L-D: 24H","fuels":{"gasoline95":1.557,"diesel":1.709},"extra":{"saleType":"P","margin":"N","reportingType":"dm","ideess":"1961","idMunicipio":"1929","idProvincia":"12","idCCAA":"10"}}},{"type":"Feature","geometry":{"type":"Point","coordinates":[-0.545944,39.59875]},"properties":{"id":"es-3395","source":"ES","brand":"COOPERATIVA AGRICOLA LA POBLA S.C.V.","address":"CAMINO CASABLANCA, S/N","municipality":"Pobla de Vallbona (la)","province":"VALENCIA / VALÈNCIA","postalCode":"46185","schedule":"L-D: 06:00-22:00","fuels":{"gasoline95":1.659,"diesel":1.739,"dieselPremium":1.819,"dieselB":1.469},"extra":{"saleType":"P","margin":"N","reportingType":"dm","ideess":"3395","idMunicipio":"7157","idProvincia":"46","idCCAA":"10"}}},{"type":"Feature","geometry":{"type":"Point","coordinates":[-0.349,39.539194]},"properties":{"id":"es-3396","source":"ES","brand":"AUTOIL FOIOS","address":"AVENIDA DEL CID, 10","municipality":"Foios","province":"VALENCIA / VALÈNCIA","postalCode":"46134","schedule":"L-V: 06:00-22:00","fuels":{"gasoline95":1.757,"diesel":1.837},"extra":{"saleType":"P","margin":"N","reportingType":"dm","ideess":"3396","idMunicipio":"7085","idProvincia":"46","idCCAA":"10"}}},{"type":"Feature","geometry":{"type":"Point","coordinates":[-0.698972,39.390528]},"properties":{"id":"es-3397","source":"ES","brand":"LA BARONIA DE TURIS COOP V","address":"POLIGONO PROYECTO, 1","municipality":"Turís","province":"VALENCIA / VALÈNCIA","postalCode":"46389","schedule":"L-D: 24H","fuels":{"gasoline95":1.711,"diesel":1.837,"dieselB":1.452},"extra":{"saleType":"P","margin":"N","reportingType":"dm","ideess":"3397","idMunicipio":"7212","idProvincia":"46","idCCAA":"10"}}},{"type":"Feature","geometry":{"type":"Point","coordinates":[-0.310944,39.045972]},"properties":{"id":"es-3398","source":"ES","brand":"GASOPOTENZ","address":"CTRA. BARX KM-20,9 km 20.9","municipality":"Simat de la Valldigna","province":"VALENCIA / VALÈNCIA","postalCode":"46750","schedule":"L-D: 24H","fuels":{"gasoline95":1.619,"gasoline98":1.659,"diesel":1.739,"dieselB":1.399},"extra":{"saleType":"P","margin":"N","reportingType":"dm","ideess":"3398","idMunicipio":"7195","idProvincia":"46","idCCAA":"10"}}},{"type":"Feature","geometry":{"type":"Point","coordinates":[-0.402694,39.441167]},"properties":{"id":"es-3399","source":"ES","brand":"GALP","address":"PARTIDA ZAFRANAR CTRA. P,8","municipality":"Valencia","province":"VALENCIA / VALÈNCIA","postalCode":"46017","schedule":"L-D: 06:00-22:00","fuels":{"gasoline95":1.799,"diesel":1.889,"adblue":0.88},"extra":{"saleType":"P","margin":"N","reportingType":"dm","ideess":"3399","idMunicipio":"7214","idProvincia":"46","idCCAA":"10"}}},{"type":"Feature","geometry":{"type":"Point","coordinates":[-0.168,39.856528]},"properties":{"id":"es-3464","source":"ES","brand":"REPSOL","address":"CARRETERA CS 220 KM. 1,2","municipality":"Nules","province":"CASTELLÓN / CASTELLÓ","postalCode":"12520","schedule":"L-D: 06:00-22:00","fuels":{"gasoline95":1.785,"gasoline98":1.945,"diesel":1.969,"dieselPremium":2.079,"dieselB":1.65},"extra":{"saleType":"P","margin":"D","reportingType":"OM","ideess":"3464","idMunicipio":"1880","idProvincia":"12","idCCAA":"10"}}},{"type":"Feature","geometry":{"type":"Point","coordinates":[-0.064306,39.964389]},"properties":{"id":"es-3477","source":"ES","brand":"BP VEHICLES","address":"CL AVENIDA VALENCIA 221","municipality":"Castellón de la Plana/Castelló de la Plana","province":"CASTELLÓN / CASTELLÓ","postalCode":"12005","schedule":"L-S: 06:00-22:00","fuels":{"gasoline95":1.775,"gasoline98":1.915,"diesel":1.969,"dieselPremium":2.059},"extra":{"saleType":"P","margin":"I","reportingType":"dm","ideess":"3477","idMunicipio":"1842","idProvincia":"12","idCCAA":"10"}}},{"type":"Feature","geometry":{"type":"Point","coordinates":[-0.080611,39.882778]},"properties":{"id":"es-3487","source":"ES","brand":"REPSOL","address":"CL AVENIDA JAIME CHICHARRO, 6","municipality":"Burriana","province":"CASTELLÓN / CASTELLÓ","postalCode":"12530","schedule":"L-D: 06:00-22:00","fuels":{"gasoline95":1.769,"gasoline95Premium":1.829,"gasoline98":1.929,"diesel":1.989,"dieselPremium":2.089},"extra":{"saleType":"P","margin":"D","reportingType":"OM","ideess":"3487","idMunicipio":"1835","idProvincia":"12","idCCAA":"10"}}},{"type":"Feature","geometry":{"type":"Point","coordinates":[-0.151028,39.857694]},"properties":{"id":"es-3491","source":"ES","brand":"CEPSA","address":"CARRETERA N-340 KM. 957","municipality":"Nules","province":"CASTELLÓN / CASTELLÓ","postalCode":"12520","schedule":"L-D: 06:00-22:00","fuels":{"gasoline95":1.779,"diesel":1.984,"dieselPremium":2.064},"extra":{"saleType":"P","margin":"D","reportingType":"dm","ideess":"3491","idMunicipio":"1880","idProvincia":"12","idCCAA":"10"}}},{"type":"Feature","geometry":{"type":"Point","coordinates":[-0.186056,39.952167]},"properties":{"id":"es-3494","source":"ES","brand":"REPSOL","address":"CARRETERA CV-20 KM. 10,2","municipality":"Onda","province":"CASTELLÓN / CASTELLÓ","postalCode":"12200","schedule":"L-D: 06:00-22:00","fuels":{"gasoline95":1.769,"diesel":1.975,"dieselPremium":2.085,"dieselB":1.64},"extra":{"saleType":"P","margin":"I","reportingType":"OM","ideess":"3494","idMunicipio":"1882","idProvincia":"12","idCCAA":"10"}}},{"type":"Feature","geometry":{"type":"Point","coordinates":[-0.184611,39.923194]},"properties":{"id":"es-3496","source":"ES","brand":"GALP","address":"CARRETERA C-223 KM. 6,350","municipality":"Betxí","province":"CASTELLÓN / CASTELLÓ","postalCode":"12549","schedule":"L-S: 06:00-22:00","fuels":{"gasoline95":1.789,"diesel":1.949,"dieselPremium":2.039,"adblue":0.799},"extra":{"saleType":"P","margin":"I","reportingType":"OM","ideess":"3496","idMunicipio":"1833","idProvincia":"12","idCCAA":"10"}}},{"type":"Feature","geometry":{"type":"Point","coordinates":[-0.7035,39.910833]},"properties":{"id":"es-3497","source":"ES","brand":"GRUPO MAICAS PEIRO","address":"CARRETERA ESTACION KM. S/N","municipality":"Bejís","province":"CASTELLÓN / CASTELLÓ","postalCode":"12430","schedule":"L-V: 08:00-13:00 y 17:00-20:30; S-D: 09:00-14:00 y 18:00-21:00","fuels":{"gasoline95":1.789,"diesel":1.979,"dieselPremium":2.049,"dieselB":1.659},"extra":{"saleType":"P","margin":"D","reportingType":"dm","ideess":"3497","idMunicipio":"1826","idProvincia":"12","idCCAA":"10"}}},{"type":"Feature","geometry":{"type":"Point","coordinates":[-0.180583,39.841444]},"properties":{"id":"es-3498","source":"ES","brand":"GALP","address":"CARRETERA CV226 KM. 26,6","municipality":"Nules","province":"CASTELLÓN / CASTELLÓ","postalCode":"12520","schedule":"L-D: 24H","fuels":{"gasoline95":1.714,"diesel":1.894},"extra":{"saleType":"P","margin":"D","reportingType":"OM","ideess":"3498","idMunicipio":"1880","idProvincia":"12","idCCAA":"10"}}},{"type":"Feature","geometry":{"type":"Point","coordinates":[-0.180861,39.841639]},"properties":{"id":"es-3499","source":"ES","brand":"GALP","address":"CARRETERA CV226 KM. 26,6","municipality":"Nules","province":"CASTELLÓN / CASTELLÓ","postalCode":"12520","schedule":"L-D: 06:00-22:00","fuels":{"gasoline95":1.764,"diesel":1.944,"dieselPremium":1.994,"dieselB":1.564,"adblue":0.799},"extra":{"saleType":"P","margin":"I","reportingType":"OM","ideess":"3499","idMunicipio":"1880","idProvincia":"12","idCCAA":"10"}}},{"type":"Feature","geometry":{"type":"Point","coordinates":[-0.0525,39.968361]},"properties":{"id":"es-3500","source":"ES","brand":"GALP","address":"CARRETERA ALMAZORA CS236 KM. 9,39","municipality":"Castellón de la Plana/Castelló de la Plana","province":"CASTELLÓN / CASTELLÓ","postalCode":"12005","schedule":"L-D: 06:00-22:00","fuels":{"gasoline95":1.765,"gasoline95Premium":1.855,"diesel":1.959,"dieselPremium":2.049,"adblue":0.819},"extra":{"saleType":"P","margin":"I","reportingType":"dm","ideess":"3500","idMunicipio":"1842","idProvincia":"12","idCCAA":"10"}}},{"type":"Feature","geometry":{"type":"Point","coordinates":[-0.1525,39.810333]},"properties":{"id":"es-3501","source":"ES","brand":"BP MONCOFAR","address":"CL CAMI LA VALL  S/N","municipality":"Moncofa","province":"CASTELLÓN / CASTELLÓ","postalCode":"12593","schedule":"L-D: 06:00-22:00","fuels":{"gasoline95":1.775,"gasoline98":1.915,"diesel":1.975,"dieselPremium":2.065,"adblue":1.125},"extra":{"saleType":"P","margin":"N","reportingType":"OM","ideess":"3501","idMunicipio":"1875","idProvincia":"12","idCCAA":"10"}}},{"type":"Feature","geometry":{"type":"Point","coordinates":[-0.493972,39.847806]},"properties":{"id":"es-3502","source":"ES","brand":"GALP","address":"AVENIDA ESPAÑA, 181","municipality":"Segorbe","province":"CASTELLÓN / CASTELLÓ","postalCode":"12400","schedule":"L-V: 06:00-22:00; S-D: 07:00-22:00","fuels":{"gasoline95":1.759,"diesel":1.969,"dieselPremium":2.019},"extra":{"saleType":"P","margin":"N","reportingType":"OM","ideess":"3502","idMunicipio":"1902","idProvincia":"12","idCCAA":"10"}}},{"type":"Feature","geometry":{"type":"Point","coordinates":[-0.181361,39.795694]},"properties":{"id":"es-3503","source":"ES","brand":"AMERICAN PETROL","address":"CARRETERA N-340 KM. 950","municipality":"Chilches/Xilxes","province":"CASTELLÓN / CASTELLÓ","postalCode":"12592","schedule":"L-D: 24H","fuels":{"gasoline95":1.669,"diesel":1.749},"extra":{"saleType":"P","margin":"I","reportingType":"dm","ideess":"3503","idMunicipio":"1848","idProvincia":"12","idCCAA":"10"}}},{"type":"Feature","geometry":{"type":"Point","coordinates":[-0.180722,39.778583]},"properties":{"id":"es-3504","source":"ES","brand":"GALP","address":"CRTA. DEL MAR km 0,5","municipality":"Chilches/Xilxes","province":"CASTELLÓN / CASTELLÓ","postalCode":"12592","schedule":"L-D: 06:00-22:00","fuels":{"gasoline95":1.799,"diesel":1.969,"dieselB":1.659,"adblue":0.9},"extra":{"saleType":"P","margin":"D","reportingType":"dm","ideess":"3504","idMunicipio":"1848","idProvincia":"12","idCCAA":"10"}}},{"type":"Feature","geometry":{"type":"Point","coordinates":[-0.247722,39.96425]},"properties":{"id":"es-3505","source":"ES","brand":"MOEVE","address":"AVENIDA MEDITERRANI, 34","municipality":"Onda","province":"CASTELLÓN / CASTELLÓ","postalCode":"12200","schedule":"L-D: 06:00-22:00","fuels":{"gasoline95":1.759,"gasoline95Premium":1.859,"gasoline98":1.909,"diesel":1.924,"dieselPremium":1.994},"extra":{"saleType":"P","margin":"I","reportingType":"OM","ideess":"3505","idMunicipio":"1882","idProvincia":"12","idCCAA":"10"}}},{"type":"Feature","geometry":{"type":"Point","coordinates":[-0.067972,39.969139]},"properties":{"id":"es-3509","source":"ES","brand":"MOEVE","address":"CARRETERA N-340 KM. 972,2","municipality":"Castellón de la Plana/Castelló de la Plana","province":"CASTELLÓN / CASTELLÓ","postalCode":"12006","schedule":"L-D: 06:00-22:00","fuels":{"gasoline95":1.789,"gasoline95Premium":1.889,"diesel":1.974,"dieselPremium":2.024},"extra":{"saleType":"P","margin":"D","reportingType":"OM","ideess":"3509","idMunicipio":"1842","idProvincia":"12","idCCAA":"10"}}},{"type":"Feature","geometry":{"type":"Point","coordinates":[-0.075222,39.951556]},"properties":{"id":"es-3511","source":"ES","brand":"BP ALMAZORENSE","address":"CALLE ALCORA, S/N","municipality":"Almazora/Almassora","province":"CASTELLÓN / CASTELLÓ","postalCode":"12550","schedule":"L-D: 06:00-22:00","fuels":{"gasoline95":1.775,"gasoline98":1.915,"diesel":1.959,"dieselPremium":2.049,"adblue":1.135},"extra":{"saleType":"P","margin":"N","reportingType":"OM","ideess":"3511","idMunicipio":"1813","idProvincia":"12","idCCAA":"10"}}},{"type":"Feature","geometry":{"type":"Point","coordinates":[-0.212722,39.8245]},"properties":{"id":"es-3513","source":"ES","brand":"RANDERO","address":"CR C-225, 23,3","municipality":"Vall d'Uixó (la)","province":"CASTELLÓN / CASTELLÓ","postalCode":"12600","schedule":"L: 06:00-22:00","fuels":{"gasoline95":1.806,"diesel":1.97,"dieselPremium":2.06,"adblue":1.07},"extra":{"saleType":"P","margin":"D","reportingType":"dm","ideess":"3513","idMunicipio":"1923","idProvincia":"12","idCCAA":"10"}}},{"type":"Feature","geometry":{"type":"Point","coordinates":[-0.251139,39.891083]},"properties":{"id":"es-3519","source":"ES","brand":"SIN ROTULO","address":"AVENIDA SIERRA DE ESPADAN, 1","municipality":"Artana","province":"CASTELLÓN / CASTELLÓ","postalCode":"12527","schedule":"L-V: 00:07-14:00 y 16:00-19:30; S: 07:00-14:00","fuels":{"gasoline95":1.716,"diesel":1.797,"dieselB":1.137},"extra":{"saleType":"P","margin":"N","reportingType":"dm","ideess":"3519","idMunicipio":"1821","idProvincia":"12","idCCAA":"10"}}},{"type":"Feature","geometry":{"type":"Point","coordinates":[-0.475833,39.84175]},"properties":{"id":"es-3522","source":"ES","brand":"PETRONOR","address":"AVENIDA MEDITERRANEO, S/N","municipality":"Segorbe","province":"CASTELLÓN / CASTELLÓ","postalCode":"12400","schedule":"L-V: 06:00-22:00; S-D: 07:00-22:00","fuels":{"gasoline95":1.795,"gasoline98":1.965,"diesel":1.995,"dieselPremium":2.055,"lpg":1.175},"extra":{"saleType":"P","margin":"D","reportingType":"OM","ideess":"3522","idMunicipio":"1902","idProvincia":"12","idCCAA":"10"}}},{"type":"Feature","geometry":{"type":"Point","coordinates":[-0.048444,39.976056]},"properties":{"id":"es-3534","source":"ES","brand":"REPSOL","address":"CL AVENIDA VALENCIA, 96","municipality":"Castellón de la Plana/Castelló de la Plana","province":"CASTELLÓN / CASTELLÓ","postalCode":"12005","schedule":"L-D: 24H","fuels":{"gasoline95":1.769,"gasoline98":1.939,"diesel":1.959,"dieselPremium":2.069},"extra":{"saleType":"P","margin":"D","reportingType":"OM","ideess":"3534","idMunicipio":"1842","idProvincia":"12","idCCAA":"10"}}},{"type":"Feature","geometry":{"type":"Point","coordinates":[-0.0585,39.94275]},"properties":{"id":"es-3537","source":"ES","brand":"GALP","address":"CALLE MANUEL VIVANCO, 10","municipality":"Almazora/Almassora","province":"CASTELLÓN / CASTELLÓ","postalCode":"12550","schedule":"L-D: 06:00-22:00","fuels":{"gasoline95":1.699,"diesel":1.909,"dieselPremium":1.959,"dieselB":1.359},"extra":{"saleType":"P","margin":"N","reportingType":"OM","ideess":"3537","idMunicipio":"1813","idProvincia":"12","idCCAA":"10"}}},{"type":"Feature","geometry":{"type":"Point","coordinates":[-0.057528,39.993778]},"properties":{"id":"es-3538","source":"ES","brand":"BENCINAS BORRIOL","address":"CALLE CTRA. BORRIOL YB, 16","municipality":"Castellón de la Plana/Castelló de la Plana","province":"CASTELLÓN / CASTELLÓ","postalCode":"12006","schedule":"L-D: 24H","fuels":{"gasoline95":1.679,"gasoline98":1.879,"diesel":1.829,"dieselPremium":1.869},"extra":{"saleType":"P","margin":"D","reportingType":"dm","ideess":"3538","idMunicipio":"1842","idProvincia":"12","idCCAA":"10"}}},{"type":"Feature","geometry":{"type":"Point","coordinates":[-0.094444,39.945861]},"properties":{"id":"es-3543","source":"ES","brand":"MOEVE","address":"AVENIDA CASTELLON, 33","municipality":"Villarreal/Vila-real","province":"CASTELLÓN / CASTELLÓ","postalCode":"12540","schedule":"L-D: 06:00-22:00","fuels":{"gasoline95":1.797,"gasoline98":1.964,"diesel":1.959,"dieselPremium":2.065},"extra":{"saleType":"P","margin":"N","reportingType":"dm","ideess":"3543","idMunicipio":"1929","idProvincia":"12","idCCAA":"10"}}},{"type":"Feature","geometry":{"type":"Point","coordinates":[-0.085083,39.949861]},"properties":{"id":"es-3556","source":"ES","brand":"BONAREA","address":"CARRETERA N-340 VALENCIA-BARCELONA KM. 60,7","municipality":"Villarreal/Vila-real","province":"CASTELLÓN / CASTELLÓ","postalCode":"12540","schedule":"L-D: 24H","fuels":{"gasoline95":1.528,"diesel":1.706,"adblue":0.499},"extra":{"saleType":"P","margin":"I","reportingType":"dm","ideess":"3556","idMunicipio":"1929","idProvincia":"12","idCCAA":"10"}}},{"type":"Feature","geometry":{"type":"Point","coordinates":[-0.066278,39.9885]},"properties":{"id":"es-3604","source":"ES","brand":"BP RIU SEC","address":"AVINGUDA ALCORA 176, ","municipality":"Castellón de la Plana/Castelló de la Plana","province":"CASTELLÓN / CASTELLÓ","postalCode":"12006","schedule":"L-D: 06:00-22:00","fuels":{"gasoline95":1.779,"gasoline98":1.919,"diesel":1.959,"dieselPremium":2.049},"extra":{"saleType":"P","margin":"D","reportingType":"OM","ideess":"3604","idMunicipio":"1842","idProvincia":"12","idCCAA":"10"}}},{"type":"Feature","geometry":{"type":"Point","coordinates":[-0.221278,39.822556]},"properties":{"id":"es-3622","source":"ES","brand":"BP VALL D'UXO","address":"AVENIDA CORAZON DE JESUS, 170","municipality":"Vall d'Uixó (la)","province":"CASTELLÓN / CASTELLÓ","postalCode":"12600","schedule":"L-D: 06:00-22:00","fuels":{"gasoline95":1.775,"gasoline98":1.915,"diesel":1.975,"dieselPremium":2.065},"extra":{"saleType":"P","margin":"N","reportingType":"OM","ideess":"3622","idMunicipio":"1923","idProvincia":"12","idCCAA":"10"}}},{"type":"Feature","geometry":{"type":"Point","coordinates":[-0.486611,39.849972]},"properties":{"id":"es-3628","source":"ES","brand":"Q8","address":"CL AVENIDA NAVARRO REVERTER, 10","municipality":"Segorbe","province":"CASTELLÓN / CASTELLÓ","postalCode":"12400","schedule":"L-D: 06:00-22:00","fuels":{"gasoline95":1.669,"diesel":1.869,"dieselB":1.439},"extra":{"saleType":"P","margin":"D","reportingType":"dm","ideess":"3628","idMunicipio":"1902","idProvincia":"12","idCCAA":"10"}}},{"type":"Feature","geometry":{"type":"Point","coordinates":[-0.018583,39.981861]},"properties":{"id":"es-3629","source":"ES","brand":"MOEVE","address":"CALLE TORRALBA DEL PINAR, 16","municipality":"Castellón de la Plana/Castelló de la Plana","province":"CASTELLÓN / CASTELLÓ","postalCode":"12003","schedule":"L-D: 06:00-23:59","fuels":{"gasoline95":1.779,"gasoline95Premium":1.884,"diesel":1.984,"dieselPremium":2.054},"extra":{"saleType":"P","margin":"I","reportingType":"OM","ideess":"3629","idMunicipio":"1842","idProvincia":"12","idCCAA":"10"}}},{"type":"Feature","geometry":{"type":"Point","coordinates":[-0.233306,39.818583]},"properties":{"id":"es-3630","source":"ES","brand":"BP EL PONT","address":"AVENIDA JAIME I, ","municipality":"Vall d'Uixó (la)","province":"CASTELLÓN / CASTELLÓ","postalCode":"12600","schedule":"L-D: 06:00-22:00","fuels":{"gasoline95":1.769,"gasoline98":1.909,"diesel":1.969,"dieselPremium":2.059,"adblue":0.989},"extra":{"saleType":"P","margin":"N","reportingType":"dm","ideess":"3630","idMunicipio":"1923","idProvincia":"12","idCCAA":"10"}}},{"type":"Feature","geometry":{"type":"Point","coordinates":[-0.39375,39.782917]},"properties":{"id":"es-3646","source":"ES","brand":"REPSOL","address":"CARRETERA SAGUNTO-BURGOS KM. 19,6","municipality":"Sot de Ferrer","province":"CASTELLÓN / CASTELLÓ","postalCode":"12489","schedule":"L-D: 24H","fuels":{"gasoline95":1.795,"gasoline98":1.915,"diesel":1.995,"dieselB":1.65,"dieselRenewable":2.115},"extra":{"saleType":"P","margin":"D","reportingType":"OM","ideess":"3646","idMunicipio":"1905","idProvincia":"12","idCCAA":"10"}}},{"type":"Feature","geometry":{"type":"Point","coordinates":[-0.096333,39.895167]},"properties":{"id":"es-3658","source":"ES","brand":"E.S. HERMANOS SIMO","address":"CL CAMINO DE ONDA, 90","municipality":"Burriana","province":"CASTELLÓN / CASTELLÓ","postalCode":"12530","schedule":"L-D: 06:30-21:30","fuels":{"gasoline95":1.755,"gasoline98":1.925,"diesel":1.979,"dieselPremium":2.089},"extra":{"saleType":"P","margin":"D","reportingType":"OM","ideess":"3658","idMunicipio":"1835","idProvincia":"12","idCCAA":"10"}}},{"type":"Feature","geometry":{"type":"Point","coordinates":[-0.120778,39.897861]},"properties":{"id":"es-3666","source":"ES","brand":"CEPSA","address":"CARRETERA N-340 KM. 963,7","municipality":"Alquerías del Niño Perdido","province":"CASTELLÓN / CASTELLÓ","postalCode":"12539","schedule":"L-V: 07:00-21:00; S-D: 08:00-20:00","fuels":{"gasoline95":1.789,"diesel":1.974,"dieselPremium":2.054},"extra":{"saleType":"P","margin":"D","reportingType":"dm","ideess":"3666","idMunicipio":"1816","idProvincia":"12","idCCAA":"10"}}},{"type":"Feature","geometry":{"type":"Point","coordinates":[-0.121306,39.897667]},"properties":{"id":"es-3667","source":"ES","brand":"CEPSA","address":"CARRETERA N-340 KM. 963,7","municipality":"Alquerías del Niño Perdido","province":"CASTELLÓN / CASTELLÓ","postalCode":"12539","schedule":"L-V: 06:00-20:00","fuels":{"gasoline95":1.789,"diesel":1.974,"dieselPremium":2.054},"extra":{"saleType":"P","margin":"I","reportingType":"dm","ideess":"3667","idMunicipio":"1816","idProvincia":"12","idCCAA":"10"}}},{"type":"Feature","geometry":{"type":"Point","coordinates":[-0.034917,39.981]},"properties":{"id":"es-3670","source":"ES","brand":"GRUPO MAICAS PEIRO BP FADRELL","address":"CALLE SEGARRA RIBES, S/N","municipality":"Castellón de la Plana/Castelló de la Plana","province":"CASTELLÓN / CASTELLÓ","postalCode":"12005","schedule":"L-D: 06:00-22:00","fuels":{"gasoline95":1.769,"gasoline98":1.909,"diesel":1.969,"dieselPremium":2.059},"extra":{"saleType":"P","margin":"N","reportingType":"dm","ideess":"3670","idMunicipio":"1842","idProvincia":"12","idCCAA":"10"}}},{"type":"Feature","geometry":{"type":"Point","coordinates":[-0.22525,39.827833]},"properties":{"id":"es-3671","source":"ES","brand":"BP","address":"CALLE ANDALUCIA, 32","municipality":"Vall d'Uixó (la)","province":"CASTELLÓN / CASTELLÓ","postalCode":"12600","schedule":"L-D: 06:00-22:00","fuels":{"gasoline95":1.799,"gasoline98":1.939,"diesel":1.989,"dieselPremium":2.079},"extra":{"saleType":"P","margin":"N","reportingType":"dm","ideess":"3671","idMunicipio":"1923","idProvincia":"12","idCCAA":"10"}}},{"type":"Feature","geometry":{"type":"Point","coordinates":[-0.196389,39.931306]},"properties":{"id":"es-3676","source":"ES","brand":"PETRONOR","address":"CR CS-233, 2,8","municipality":"Betxí","province":"CASTELLÓN / CASTELLÓ","postalCode":"12549","schedule":"L-V: 07:00-20:45; S: 07:00-13:45","fuels":{"gasoline95":1.765,"gasoline98":1.935,"diesel":1.969,"dieselPremium":2.079,"dieselB":1.64},"extra":{"saleType":"P","margin":"I","reportingType":"OM","ideess":"3676","idMunicipio":"1833","idProvincia":"12","idCCAA":"10"}}},{"type":"Feature","geometry":{"type":"Point","coordinates":[-0.109639,39.942444]},"properties":{"id":"es-3702","source":"ES","brand":"BP VILLAREAL GRUPO MAICAS PEIRO S.L.U.","address":"CARRETERA ONDA NUMERO 11 KM. 0","municipality":"Villarreal/Vila-real","province":"CASTELLÓN / CASTELLÓ","postalCode":"12540","schedule":"L-D: 07:00-20:00","fuels":{"gasoline95":1.779,"gasoline98":1.919,"diesel":1.949,"dieselPremium":2.039,"adblue":1.199},"extra":{"saleType":"P","margin":"N","reportingType":"dm","ideess":"3702","idMunicipio":"1929","idProvincia":"12","idCCAA":"10"}}},{"type":"Feature","geometry":{"type":"Point","coordinates":[-0.093556,39.884611]},"properties":{"id":"es-3706","source":"ES","brand":"CEPSA","address":"CAMINO DE NULES - RONDA SUR (CV-18 km 1)","municipality":"Burriana","province":"CASTELLÓN / CASTELLÓ","postalCode":"12530","schedule":"L-S: 06:00-21:30; D: 07:00-21:00","fuels":{"gasoline95":1.74,"gasoline98":1.787,"diesel":1.922,"dieselPremium":1.948},"extra":{"saleType":"P","margin":"D","reportingType":"OM","ideess":"3706","idMunicipio":"1835","idProvincia":"12","idCCAA":"10"}}},{"type":"Feature","geometry":{"type":"Point","coordinates":[-0.121361,39.866139]},"properties":{"id":"es-3735","source":"ES","brand":"GALP","address":"AUTOPISTA AP-7 (MRG.IZDO) KM. 445","municipality":"Burriana","province":"CASTELLÓN / CASTELLÓ","postalCode":"12530","schedule":"L-D: 24H","fuels":{"gasoline95":1.849,"gasoline98":1.959,"diesel":1.949,"dieselPremium":2.039,"adblue":0.799},"extra":{"saleType":"P","margin":"I","reportingType":"OM","ideess":"3735","idMunicipio":"1835","idProvincia":"12","idCCAA":"10"}}},{"type":"Feature","geometry":{"type":"Point","coordinates":[-0.564389,39.912361]},"properties":{"id":"es-3741","source":"ES","brand":"SHELL","address":"CARRETERA NACIONAL 234 K.M. 42 KM. 42","municipality":"Jérica","province":"CASTELLÓN / CASTELLÓ","postalCode":"12450","schedule":"L-D: 07:00-23:00","fuels":{"gasoline95":1.759,"gasoline98":1.899,"diesel":1.899,"dieselPremium":1.979},"extra":{"saleType":"P","margin":"D","reportingType":"OM","ideess":"3741","idMunicipio":"1869","idProvincia":"12","idCCAA":"10"}}},{"type":"Feature","geometry":{"type":"Point","coordinates":[-0.123889,39.863833]},"properties":{"id":"es-3743","source":"ES","brand":"GALP","address":"AUTOPISTA AP-7 (MRG.DCHO) KM. 445","municipality":"Burriana","province":"CASTELLÓN / CASTELLÓ","postalCode":"12530","schedule":"L-D: 24H","fuels":{"gasoline95":1.849,"gasoline98":1.959,"diesel":1.949,"dieselPremium":2.039,"adblue":0.799},"extra":{"saleType":"P","margin":"D","reportingType":"OM","ideess":"3743","idMunicipio":"1835","idProvincia":"12","idCCAA":"10"}}},{"type":"Feature","geometry":{"type":"Point","coordinates":[-0.261583,39.178167]},"properties":{"id":"es-3758","source":"ES","brand":"CARREFOUR","address":"CARRETERA CULLERA SUECA KM. 1","municipality":"Cullera","province":"VALENCIA / VALÈNCIA","postalCode":"46400","schedule":"L-D: 24H","fuels":{"gasoline95":1.799,"gasoline98":1.929,"diesel":1.879,"dieselPremium":1.919},"extra":{"saleType":"P","margin":"N","reportingType":"dm","ideess":"3758","idMunicipio":"7073","idProvincia":"46","idCCAA":"10"}}},{"type":"Feature","geometry":{"type":"Point","coordinates":[-0.509139,39.190306]},"properties":{"id":"es-3761","source":"ES","brand":"PLENERGY","address":"AVENIDA MONTORTAL, S/N","municipality":"Alcúdia (l')","province":"VALENCIA / VALÈNCIA","postalCode":"46250","schedule":"L-D: 24H","fuels":{"gasoline95":1.589,"diesel":1.789},"extra":{"saleType":"P","margin":"D","reportingType":"dm","ideess":"3761","idMunicipio":"6984","idProvincia":"46","idCCAA":"10"}}},{"type":"Feature","geometry":{"type":"Point","coordinates":[-0.420694,39.288806]},"properties":{"id":"es-3762","source":"ES","brand":"BP","address":"CALLE ALMUSSAFES, 15","municipality":"Benifaió","province":"VALENCIA / VALÈNCIA","postalCode":"46450","schedule":"L-D: 06:00-23:00","fuels":{"gasoline95":1.829,"gasoline98":1.969,"diesel":1.939,"dieselPremium":2.029},"extra":{"saleType":"P","margin":"N","reportingType":"dm","ideess":"3762","idMunicipio":"7024","idProvincia":"46","idCCAA":"10"}}},{"type":"Feature","geometry":{"type":"Point","coordinates":[-0.369806,39.445111]},"properties":{"id":"es-3767","source":"ES","brand":"REPSOL","address":"AVENIDA AUSIAS MARCH, 118","municipality":"Valencia","province":"VALENCIA / VALÈNCIA","postalCode":"46026","schedule":"L-D: 24H","fuels":{"gasoline95":1.848,"gasoline98":1.973,"diesel":1.899,"dieselRenewable":2.025,"adblue":1.19},"extra":{"saleType":"P","margin":"N","reportingType":"dm","ideess":"3767","idMunicipio":"7214","idProvincia":"46","idCCAA":"10"}}},{"type":"Feature","geometry":{"type":"Point","coordinates":[-0.406417,39.481722]},"properties":{"id":"es-3768","source":"ES","brand":"GALP","address":"AVENIDA AVDA. GENERAL AVILES, ESQ. AVDA. 9 OCT., SN","municipality":"Valencia","province":"VALENCIA / VALÈNCIA","postalCode":"46015","schedule":"L-D: 24H","fuels":{"gasoline95":1.809,"gasoline95Premium":1.859,"diesel":1.879,"dieselPremium":1.929},"extra":{"saleType":"P","margin":"N","reportingType":"OM","ideess":"3768","idMunicipio":"7214","idProvincia":"46","idCCAA":"10"}}},{"type":"Feature","geometry":{"type":"Point","coordinates":[-0.486917,39.555611]},"properties":{"id":"es-3769","source":"ES","brand":"GALP","address":"POLIGONO POLIGONO 4, SN","municipality":"San Antonio de Benagéber","province":"VALENCIA / VALÈNCIA","postalCode":"46184","schedule":"L-D: 06:00-22:00","fuels":{"gasoline95":1.739,"gasoline98":1.879,"diesel":1.789,"dieselRenewable":1.839,"adblue":0.799},"extra":{"saleType":"P","margin":"N","reportingType":"OM","ideess":"3769","idMunicipio":"7185","idProvincia":"46","idCCAA":"10"}}},{"type":"Feature","geometry":{"type":"Point","coordinates":[-0.346,39.500222]},"properties":{"id":"es-3770","source":"ES","brand":"REPSOL","address":"CALLE 7, S/N","municipality":"Alboraya","province":"VALENCIA / VALÈNCIA","postalCode":"46120","schedule":"L-D: 06:00-22:00","fuels":{"gasoline95":1.835,"gasoline98":1.995,"diesel":1.895,"dieselPremium":1.955,"lpg":1.129},"extra":{"saleType":"P","margin":"D","reportingType":"OM","ideess":"3770","idMunicipio":"6979","idProvincia":"46","idCCAA":"10"}}},{"type":"Feature","geometry":{"type":"Point","coordinates":[-0.378917,39.420361]},"properties":{"id":"es-3771","source":"ES","brand":"CARREFOUR","address":"AVENIDA DE LA ALBUFERA, S/N","municipality":"Alfafar","province":"VALENCIA / VALÈNCIA","postalCode":"46910","schedule":"L-D: 24H","fuels":{"gasoline95":1.749,"gasoline98":1.969,"diesel":1.859,"dieselPremium":1.899},"extra":{"saleType":"P","margin":"N","reportingType":"dm","ideess":"3771","idMunicipio":"6987","idProvincia":"46","idCCAA":"10"}}},{"type":"Feature","geometry":{"type":"Point","coordinates":[-0.403806,39.475611]},"properties":{"id":"es-3772","source":"ES","brand":"CARREFOUR","address":"AVENIDA MANUEL DE FALLA, 13","municipality":"Valencia","province":"VALENCIA / VALÈNCIA","postalCode":"46015","schedule":"L-D: 24H","fuels":{"gasoline95":1.789,"gasoline98":1.969,"diesel":1.859,"dieselPremium":1.899},"extra":{"saleType":"P","margin":"N","reportingType":"dm","ideess":"3772","idMunicipio":"7214","idProvincia":"46","idCCAA":"10"}}},{"type":"Feature","geometry":{"type":"Point","coordinates":[-0.429861,39.162306]},"properties":{"id":"es-3774","source":"ES","brand":"CARREFOUR","address":"CARRETERA DE ALBALAT, SN KM. ","municipality":"Alzira","province":"VALENCIA / VALÈNCIA","postalCode":"46600","schedule":"L-D: 24H","fuels":{"gasoline95":1.699,"gasoline98":1.989,"diesel":1.819,"dieselPremium":1.859},"extra":{"saleType":"P","margin":"N","reportingType":"dm","ideess":"3774","idMunicipio":"7003","idProvincia":"46","idCCAA":"10"}}},{"type":"Feature","geometry":{"type":"Point","coordinates":[-0.440694,39.513722]},"properties":{"id":"es-3775","source":"ES","brand":"CARREFOUR","address":"PARQUE TÁCTICA URBANIZACIÓN NORTE, S/N","municipality":"Paterna","province":"VALENCIA / VALÈNCIA","postalCode":"46980","schedule":"L-D: 24H","fuels":{"gasoline95":1.789,"gasoline98":1.939,"diesel":1.889,"dieselPremium":1.929},"extra":{"saleType":"P","margin":"N","reportingType":"dm","ideess":"3775","idMunicipio":"7149","idProvincia":"46","idCCAA":"10"}}},{"type":"Feature","geometry":{"type":"Point","coordinates":[-0.484833,39.470722]},"properties":{"id":"es-3777","source":"ES","brand":"ALCAMPO, S.A.","address":"ALCAMPO  HIPERMERCADO  (C.C. BONAIRE) CTRA.  N-III KM. 345","municipality":"Aldaia","province":"VALENCIA / VALÈNCIA","postalCode":"46960","schedule":"L-D: 24H","fuels":{"gasoline95":1.659,"gasoline98":1.849,"diesel":1.757,"dieselPremium":1.799},"extra":{"saleType":"P","margin":"N","reportingType":"dm","ideess":"3777","idMunicipio":"6986","idProvincia":"46","idCCAA":"10"}}},{"type":"Feature","geometry":{"type":"Point","coordinates":[-0.249056,39.672611]},"properties":{"id":"es-3779","source":"ES","brand":"CARREFOUR","address":"CARRETERA SAGUNTO-PUERTO SAGUNTO KM. 2","municipality":"Sagunto/Sagunt","province":"VALENCIA / VALÈNCIA","postalCode":"46500","schedule":"L-D: 24H","fuels":{"gasoline95":1.739,"gasoline98":1.879,"diesel":1.879,"dieselPremium":1.919},"extra":{"saleType":"P","margin":"N","reportingType":"dm","ideess":"3779","idMunicipio":"7183","idProvincia":"46","idCCAA":"10"}}},{"type":"Feature","geometry":{"type":"Point","coordinates":[-0.416444,39.46475]},"properties":{"id":"es-3780","source":"ES","brand":"CARREFOUR","address":"PLAZA DE EUROPA, 1","municipality":"Valencia","province":"VALENCIA / VALÈNCIA","postalCode":"46014","schedule":"L-S: 09:00-22:00","fuels":{"gasoline95":1.789,"diesel":1.859,"dieselPremium":1.899},"extra":{"saleType":"P","margin":"N","reportingType":"dm","ideess":"3780","idMunicipio":"7214","idProvincia":"46","idCCAA":"10"}}},{"type":"Feature","geometry":{"type":"Point","coordinates":[-0.526778,39.000083]},"properties":{"id":"es-3781","source":"ES","brand":"FAMILY ENERGY,SL","address":"CARRETERA LLOSA DE RANES S/N KM. S/N","municipality":"Xàtiva","province":"VALENCIA / VALÈNCIA","postalCode":"46800","schedule":"L-D: 24H","fuels":{"gasoline95":1.559,"gasoline98":1.699,"diesel":1.629,"dieselPremium":1.799},"extra":{"saleType":"P","margin":"N","reportingType":"dm","ideess":"3781","idMunicipio":"7225","idProvincia":"46","idCCAA":"10"}}},{"type":"Feature","geometry":{"type":"Point","coordinates":[-0.65575,39.031444]},"properties":{"id":"es-3786","source":"ES","brand":"HNOS. FRIGOLS LILA, S.L.","address":"CR CV-580. P.KM.4.300 (CV-580 km 4,3)","municipality":"Chella","province":"VALENCIA / VALÈNCIA","postalCode":"46821","schedule":"L-D: 06:00-22:00","fuels":{"gasoline95":1.789,"gasoline98":1.959,"diesel":1.939,"dieselB":1.604,"dieselRenewable":1.999,"adblue":1.182},"extra":{"saleType":"P","margin":"D","reportingType":"dm","ideess":"3786","idMunicipio":"7063","idProvincia":"46","idCCAA":"10"}}},{"type":"Feature","geometry":{"type":"Point","coordinates":[-0.52025,39.572278]},"properties":{"id":"es-3787","source":"ES","brand":"REPSOL","address":"CALLE CAMP.DEL TURIA, S/N","municipality":"Eliana (l')","province":"VALENCIA / VALÈNCIA","postalCode":"46183","schedule":"L-D: 06:30-22:30","fuels":{"gasoline95":1.829,"gasoline95Premium":1.889,"gasoline98":1.939,"diesel":1.909,"dieselPremium":1.969},"extra":{"saleType":"P","margin":"D","reportingType":"OM","ideess":"3787","idMunicipio":"7077","idProvincia":"46","idCCAA":"10"}}},{"type":"Feature","geometry":{"type":"Point","coordinates":[-0.558361,39.597417]},"properties":{"id":"es-3788","source":"ES","brand":"REPSOL","address":"CL GUILLERMO ROIG, 40","municipality":"Pobla de Vallbona (la)","province":"VALENCIA / VALÈNCIA","postalCode":"46185","schedule":"L-V: 07:00-22:00; S-D: 08:00-22:00","fuels":{"gasoline95":1.839,"gasoline98":1.949,"diesel":1.909,"dieselRenewable":2.039},"extra":{"saleType":"P","margin":"D","reportingType":"dm","ideess":"3788","idMunicipio":"7157","idProvincia":"46","idCCAA":"10"}}},{"type":"Feature","geometry":{"type":"Point","coordinates":[-0.391306,39.203167]},"properties":{"id":"es-3789","source":"ES","brand":"STARMA","address":"CALLE VIA SUCRONENSE, S/N","municipality":"Albalat de la Ribera","province":"VALENCIA / VALÈNCIA","postalCode":"46687","schedule":"L-V: 06:00-21:00; S: 07:00-21:00; D: 07:00-16:00","fuels":{"gasoline95":1.699,"diesel":1.855,"dieselB":1.579,"adblue":0.9},"extra":{"saleType":"P","margin":"I","reportingType":"dm","ideess":"3789","idMunicipio":"6974","idProvincia":"46","idCCAA":"10"}}},{"type":"Feature","geometry":{"type":"Point","coordinates":[-0.624333,39.572167]},"properties":{"id":"es-3790","source":"ES","brand":"REPSOL","address":"CARRETERA CV-50 KM. 89,9","municipality":"Vilamarxant","province":"VALENCIA / VALÈNCIA","postalCode":"46191","schedule":"L-D: 06:00-22:00","fuels":{"gasoline95":1.839,"gasoline98":1.939,"diesel":1.939,"dieselPremium":2.029},"extra":{"saleType":"P","margin":"I","reportingType":"dm","ideess":"3790","idMunicipio":"7219","idProvincia":"46","idCCAA":"10"}}},{"type":"Feature","geometry":{"type":"Point","coordinates":[-0.426361,39.021444]},"properties":{"id":"es-3793","source":"ES","brand":"BP","address":"CARRETERA XATIVA KM. 12,06","municipality":"Barxeta","province":"VALENCIA / VALÈNCIA","postalCode":"46667","schedule":"L-V: 06:00-22:00; S: 06:00-14:00","fuels":{"gasoline95":1.839,"diesel":1.929,"dieselPremium":1.979},"extra":{"saleType":"P","margin":"I","reportingType":"dm","ideess":"3793","idMunicipio":"7011","idProvincia":"46","idCCAA":"10"}}},{"type":"Feature","geometry":{"type":"Point","coordinates":[-0.457167,39.514528]},"properties":{"id":"es-3796","source":"ES","brand":"REPSOL","address":"CALLE CIUDAD DE LIRIA, 13","municipality":"Paterna","province":"VALENCIA / VALÈNCIA","postalCode":"46988","schedule":"L-V: 06:00-22:00; S: 08:00-14:30","fuels":{"gasoline95":1.835,"gasoline98":2.005,"diesel":1.895,"dieselPremium":1.955},"extra":{"saleType":"P","margin":"I","reportingType":"OM","ideess":"3796","idMunicipio":"7149","idProvincia":"46","idCCAA":"10"}}},{"type":"Feature","geometry":{"type":"Point","coordinates":[-0.424806,39.140778]},"properties":{"id":"es-3799","source":"ES","brand":"REPSOL","address":"CARRETERA CC-3322 KM. 19,65","municipality":"Alzira","province":"VALENCIA / VALÈNCIA","postalCode":"46600","schedule":"L-D: 06:00-22:00","fuels":{"gasoline95":1.852,"gasoline98":2.017,"diesel":2.007,"dieselRenewable":2.125},"extra":{"saleType":"P","margin":"N","reportingType":"dm","ideess":"3799","idMunicipio":"7003","idProvincia":"46","idCCAA":"10"}}},{"type":"Feature","geometry":{"type":"Point","coordinates":[-0.255694,39.672972]},"properties":{"id":"es-3800","source":"ES","brand":"PLENERGY","address":"CARRETERA 237 KM. ","municipality":"Sagunto/Sagunt","province":"VALENCIA / VALÈNCIA","postalCode":"46500","schedule":"L-D: 24H","fuels":{"gasoline95":1.589,"diesel":1.729},"extra":{"saleType":"P","margin":"N","reportingType":"dm","ideess":"3800","idMunicipio":"7183","idProvincia":"46","idCCAA":"10"}}},{"type":"Feature","geometry":{"type":"Point","coordinates":[-0.563167,39.375417]},"properties":{"id":"es-3801","source":"ES","brand":"REPSOL","address":"CARRETERA VP-3067 KM. 12,1","municipality":"Monserrat","province":"VALENCIA / VALÈNCIA","postalCode":"46192","schedule":"L-D: 06:00-22:00","fuels":{"gasoline95":1.849,"gasoline98":1.989,"diesel":1.959,"dieselPremium":2.029},"extra":{"saleType":"P","margin":"I","reportingType":"dm","ideess":"3801","idMunicipio":"7135","idProvincia":"46","idCCAA":"10"}}},{"type":"Feature","geometry":{"type":"Point","coordinates":[-0.7085,39.469889]},"properties":{"id":"es-3803","source":"ES","brand":"BP CHIVA","address":"CALLE PROYECTO, 4","municipality":"Chiva","province":"VALENCIA / VALÈNCIA","postalCode":"46370","schedule":"L-D: 06:00-22:00","fuels":{"gasoline95":1.835,"gasoline98":1.975,"diesel":1.915,"dieselPremium":2.005},"extra":{"saleType":"P","margin":"N","reportingType":"OM","ideess":"3803","idMunicipio":"7067","idProvincia":"46","idCCAA":"10"}}},{"type":"Feature","geometry":{"type":"Point","coordinates":[-0.445917,39.161917]},"properties":{"id":"es-3804","source":"ES","brand":"PETRONOR","address":"CARRETERA CC - 3320 KM. 22,4","municipality":"Alzira","province":"VALENCIA / VALÈNCIA","postalCode":"46600","schedule":"L-V: 06:00-21:00; S: 06:00-14:00","fuels":{"gasoline95":1.829,"diesel":1.999,"dieselRenewable":2.133},"extra":{"saleType":"P","margin":"N","reportingType":"dm","ideess":"3804","idMunicipio":"7003","idProvincia":"46","idCCAA":"10"}}},{"type":"Feature","geometry":{"type":"Point","coordinates":[-0.514444,39.289361]},"properties":{"id":"es-3808","source":"ES","brand":"BAR / E.S. ALTAMAR J.A.","address":"CARRETERA CATADAU-BENIFAIO KM. 5,8","municipality":"Alfarp","province":"VALENCIA / VALÈNCIA","postalCode":"46197","schedule":"L-D: 24H","fuels":{"gasoline95":1.699,"diesel":1.839,"dieselPremium":1.919},"extra":{"saleType":"P","margin":"D","reportingType":"dm","ideess":"3808","idMunicipio":"6990","idProvincia":"46","idCCAA":"10"}}},{"type":"Feature","geometry":{"type":"Point","coordinates":[-0.483444,39.426944]},"properties":{"id":"es-3809","source":"ES","brand":"REPSOL","address":"CALLE FERNANDO FURIO R, 4","municipality":"Torrent","province":"VALENCIA / VALÈNCIA","postalCode":"46900","schedule":"L-D: 07:00-22:00","fuels":{"gasoline95":1.855,"gasoline98":1.975,"diesel":1.899,"dieselPremium":1.959},"extra":{"saleType":"P","margin":"D","reportingType":"OM","ideess":"3809","idMunicipio":"7208","idProvincia":"46","idCCAA":"10"}}},{"type":"Feature","geometry":{"type":"Point","coordinates":[-0.373778,39.484722]},"properties":{"id":"es-3810","source":"ES","brand":"GALP/3CAMINOS-VALENCIA","address":"CALLE MILAGROSA, 15","municipality":"Valencia","province":"VALENCIA / VALÈNCIA","postalCode":"46009","schedule":"L-D: 24H","fuels":{"gasoline95":1.639,"gasoline98":1.735,"diesel":1.755,"dieselPremium":1.849,"lpg":0.839,"adblue":0.999},"extra":{"saleType":"P","margin":"N","reportingType":"dm","ideess":"3810","idMunicipio":"7214","idProvincia":"46","idCCAA":"10"}}},{"type":"Feature","geometry":{"type":"Point","coordinates":[-0.426833,39.478917]},"properties":{"id":"es-3811","source":"ES","brand":"BP RIU TURIA","address":"CALLE ALITRA, 2","municipality":"Quart de Poblet","province":"VALENCIA / VALÈNCIA","postalCode":"46930","schedule":"L-D: 24H","fuels":{"gasoline95":1.839,"gasoline98":1.979,"diesel":1.905,"dieselPremium":1.995},"extra":{"saleType":"P","margin":"D","reportingType":"OM","ideess":"3811","idMunicipio":"7166","idProvincia":"46","idCCAA":"10"}}},{"type":"Feature","geometry":{"type":"Point","coordinates":[-0.372028,39.490306]},"properties":{"id":"es-3819","source":"ES","brand":"GALP","address":"AVENIDA PRIMADO REIG, 10","municipality":"Valencia","province":"VALENCIA / VALÈNCIA","postalCode":"46009","schedule":"L-D: 24H","fuels":{"gasoline95":1.779,"gasoline98":1.899,"diesel":1.849,"dieselRenewable":1.899},"extra":{"saleType":"P","margin":"N","reportingType":"OM","ideess":"3819","idMunicipio":"7214","idProvincia":"46","idCCAA":"10"}}},{"type":"Feature","geometry":{"type":"Point","coordinates":[-0.456722,39.515417]},"properties":{"id":"es-3823","source":"ES","brand":"REPSOL","address":"CALLE OLLER, 1","municipality":"Paterna","province":"VALENCIA / VALÈNCIA","postalCode":"46988","schedule":"L-S: 06:00-22:00; D: 07:30-22:00","fuels":{"gasoline95":1.845,"gasoline98":2.005,"gasolineRenewable":1.955,"diesel":1.895,"dieselPremium":1.955},"extra":{"saleType":"P","margin":"D","reportingType":"OM","ideess":"3823","idMunicipio":"7149","idProvincia":"46","idCCAA":"10"}}},{"type":"Feature","geometry":{"type":"Point","coordinates":[-0.723806,39.466722]},"properties":{"id":"es-3825","source":"ES","brand":"EXOIL CHIVA","address":"CALLE RAMON Y CAJAL, 53","municipality":"Chiva","province":"VALENCIA / VALÈNCIA","postalCode":"46370","schedule":"L-D: 06:00-22:00","fuels":{"gasoline95":1.569,"diesel":1.789,"dieselB":1.569},"extra":{"saleType":"P","margin":"D","reportingType":"dm","ideess":"3825","idMunicipio":"7067","idProvincia":"46","idCCAA":"10"}}},{"type":"Feature","geometry":{"type":"Point","coordinates":[-0.435333,39.459944]},"properties":{"id":"es-3828","source":"ES","brand":"GAX","address":"CALLE LES MORERES, 39","municipality":"Xirivella","province":"VALENCIA / VALÈNCIA","postalCode":"46950","schedule":"L-D: 24H","fuels":{"gasoline95":1.679,"gasoline98":1.919,"diesel":1.769,"adblue":1.045},"extra":{"saleType":"P","margin":"D","reportingType":"dm","ideess":"3828","idMunicipio":"7228","idProvincia":"46","idCCAA":"10"}}},{"type":"Feature","geometry":{"type":"Point","coordinates":[-0.434,39.366972]},"properties":{"id":"es-3830","source":"ES","brand":"CEPSA","address":"V-3065 km 25","municipality":"Alcàsser","province":"VALENCIA / VALÈNCIA","postalCode":"46290","schedule":"L-D: 24H","fuels":{"gasoline95":1.609,"diesel":1.759},"extra":{"saleType":"P","margin":"I","reportingType":"dm","ideess":"3830","idMunicipio":"6982","idProvincia":"46","idCCAA":"10"}}},{"type":"Feature","geometry":{"type":"Point","coordinates":[-0.309556,39.536889]},"properties":{"id":"es-3831","source":"ES","brand":"REPSOL","address":"AVENIDA MEDITERRANEO, 12","municipality":"Albuixech","province":"VALENCIA / VALÈNCIA","postalCode":"46550","schedule":"L-D: 24H","fuels":{"gasoline95":1.835,"gasoline95Premium":1.895,"diesel":1.885,"dieselPremium":1.945,"dieselB":1.594},"extra":{"saleType":"P","margin":"D","reportingType":"OM","ideess":"3831","idMunicipio":"6980","idProvincia":"46","idCCAA":"10"}}},{"type":"Feature","geometry":{"type":"Point","coordinates":[-0.406444,39.462639]},"properties":{"id":"es-3832","source":"ES","brand":"REPSOL","address":"CALLE TRAGINERS DELS, 2","municipality":"Valencia","province":"VALENCIA / VALÈNCIA","postalCode":"46014","schedule":"L-D: 06:00-22:00","fuels":{"gasoline95":1.855,"gasoline98":1.965,"diesel":1.915,"dieselPremium":1.975,"lpg":1.155},"extra":{"saleType":"P","margin":"D","reportingType":"OM","ideess":"3832","idMunicipio":"7214","idProvincia":"46","idCCAA":"10"}}},{"type":"Feature","geometry":{"type":"Point","coordinates":[-0.421111,39.422583]},"properties":{"id":"es-3833","source":"ES","brand":"BALLENOIL","address":"CAMINO SANTA ANA, PARCELA 19, POLIGONO, 9","municipality":"Paiporta","province":"VALENCIA / VALÈNCIA","postalCode":"46200","schedule":"L-D: 24H","fuels":{"gasoline95":1.539,"gasoline95Premium":1.549,"diesel":1.689,"dieselPremium":1.699},"extra":{"saleType":"P","margin":"D","reportingType":"OM","ideess":"3833","idMunicipio":"7145","idProvincia":"46","idCCAA":"10"}}},{"type":"Feature","geometry":{"type":"Point","coordinates":[-0.782861,39.394194]},"properties":{"id":"es-3835","source":"ES","brand":"REPSOL","address":"CARRETERA BUÑOL-CORTE DE PALLAS KM 4.9 KM. 490","municipality":"Alborache","province":"VALENCIA / VALÈNCIA","postalCode":"46369","schedule":"L-D: 06:00-22:00","fuels":{"gasoline95":1.829,"diesel":1.899,"dieselPremium":1.949,"dieselB":1.35,"adblue":1.129},"extra":{"saleType":"P","margin":"D","reportingType":"dm","ideess":"3835","idMunicipio":"6978","idProvincia":"46","idCCAA":"10"}}},{"type":"Feature","geometry":{"type":"Point","coordinates":[-0.383944,39.474333]},"properties":{"id":"es-3836","source":"ES","brand":"REPSOL","address":"CALLE GUILLEM DE CASTRO, 68","municipality":"Valencia","province":"VALENCIA / VALÈNCIA","postalCode":"46001","schedule":"L-D: 00:01-00:02","fuels":{"gasoline95":1.835,"diesel":1.895},"extra":{"saleType":"P","margin":"D","reportingType":"OM","ideess":"3836","idMunicipio":"7214","idProvincia":"46","idCCAA":"10"}}},{"type":"Feature","geometry":{"type":"Point","coordinates":[-0.777972,39.430472]},"properties":{"id":"es-3840","source":"ES","brand":"REPSOL","address":" CARR VP-3031, 1, ","municipality":"Buñol","province":"VALENCIA / VALÈNCIA","postalCode":"46360","schedule":"L-S: 06:00-22:00; D: 07:00-22:00","fuels":{"gasoline95":1.865,"gasoline98":2.025,"diesel":1.945,"dieselPremium":2.005},"extra":{"saleType":"P","margin":"D","reportingType":"OM","ideess":"3840","idMunicipio":"7043","idProvincia":"46","idCCAA":"10"}}},{"type":"Feature","geometry":{"type":"Point","coordinates":[-0.754528,39.444778]},"properties":{"id":"es-3841","source":"ES","brand":"REPSOL","address":"AT A-3, 322","municipality":"Buñol","province":"VALENCIA / VALÈNCIA","postalCode":"46360","schedule":"L-D: 06:00-22:00","fuels":{"gasoline95":1.855,"gasoline98":2.015,"diesel":1.935,"dieselPremium":1.995},"extra":{"saleType":"P","margin":"I","reportingType":"OM","ideess":"3841","idMunicipio":"7043","idProvincia":"46","idCCAA":"10"}}},{"type":"Feature","geometry":{"type":"Point","coordinates":[-0.2615,39.174611]},"properties":{"id":"es-3845","source":"ES","brand":"PLENERGY","address":"CL SUECA, 42 (N-332)","municipality":"Cullera","province":"VALENCIA / VALÈNCIA","postalCode":"46400","schedule":"L-D: 24H","fuels":{"gasoline95":1.719,"diesel":1.759},"extra":{"saleType":"P","margin":"D","reportingType":"dm","ideess":"3845","idMunicipio":"7073","idProvincia":"46","idCCAA":"10"}}},{"type":"Feature","geometry":{"type":"Point","coordinates":[-0.350611,39.435944]},"properties":{"id":"es-3847","source":"ES","brand":"REPSOL","address":"CAMI DE ENCORTS, 231","municipality":"Valencia","province":"VALENCIA / VALÈNCIA","postalCode":"46013","schedule":"L-V: 03:00-17:00","fuels":{"gasoline95":1.789,"gasoline98":1.959,"diesel":1.909},"extra":{"saleType":"P","margin":"D","reportingType":"OM","ideess":"3847","idMunicipio":"7214","idProvincia":"46","idCCAA":"10"}}},{"type":"Feature","geometry":{"type":"Point","coordinates":[-0.405694,39.501167]},"properties":{"id":"es-3851","source":"ES","brand":"REPSOL","address":"CAMINO PONT TRENCAT, S/N","municipality":"Burjassot","province":"VALENCIA / VALÈNCIA","postalCode":"46100","schedule":"L-V: 06:30-22:00; S-D: 07:00-22:00","fuels":{"gasoline95":1.839,"gasoline98":2.009,"diesel":1.905,"dieselPremium":1.965},"extra":{"saleType":"P","margin":"D","reportingType":"OM","ideess":"3851","idMunicipio":"7044","idProvincia":"46","idCCAA":"10"}}},{"type":"Feature","geometry":{"type":"Point","coordinates":[-0.379056,39.421472]},"properties":{"id":"es-3852","source":"ES","brand":"REPSOL","address":"AVENIDA ALBUFERA, 66","municipality":"Alfafar","province":"VALENCIA / VALÈNCIA","postalCode":"46910","schedule":"L-V: 07:00-21:00; S: 08:00-22:00; D: 08:00-21:00","fuels":{"gasoline95":1.835,"gasoline98":2.005,"diesel":1.919,"dieselPremium":1.979},"extra":{"saleType":"P","margin":"D","reportingType":"OM","ideess":"3852","idMunicipio":"6987","idProvincia":"46","idCCAA":"10"}}},{"type":"Feature","geometry":{"type":"Point","coordinates":[-0.247778,39.08675]},"properties":{"id":"es-3853","source":"ES","brand":"REPSOL","address":"CARRETERA NACIONAL 332 KM. 238","municipality":"Tavernes de la Valldigna","province":"VALENCIA / VALÈNCIA","postalCode":"46760","schedule":"L-V: 06:00-20:00; S-D: 08:00-16:00","fuels":{"gasoline95":1.869,"diesel":1.969,"dieselPremium":2.049,"dieselRenewable":2.049},"extra":{"saleType":"P","margin":"D","reportingType":"dm","ideess":"3853","idMunicipio":"7202","idProvincia":"46","idCCAA":"10"}}},{"type":"Feature","geometry":{"type":"Point","coordinates":[-0.401167,39.478611]},"properties":{"id":"es-3855","source":"ES","brand":"REPSOL","address":"CALLE VALLE DE LA BALLESTERA, 44","municipality":"Valencia","province":"VALENCIA / VALÈNCIA","postalCode":"46015","schedule":"L-D: 06:00-22:00","fuels":{"gasoline95":1.835,"gasoline98":2.005,"diesel":1.895,"dieselPremium":1.955,"lpg":1.129},"extra":{"saleType":"P","margin":"D","reportingType":"OM","ideess":"3855","idMunicipio":"7214","idProvincia":"46","idCCAA":"10"}}},{"type":"Feature","geometry":{"type":"Point","coordinates":[-0.271833,39.676306]},"properties":{"id":"es-3856","source":"ES","brand":"REPSOL","address":"AVENIDA PAIS VALENCIANO, 27","municipality":"Sagunto/Sagunt","province":"VALENCIA / VALÈNCIA","postalCode":"46500","schedule":"L-D: 24H","fuels":{"gasoline95":1.779,"gasoline98":1.899,"diesel":1.899,"dieselPremium":1.999,"adblue":1.19},"extra":{"saleType":"P","margin":"I","reportingType":"dm","ideess":"3856","idMunicipio":"7183","idProvincia":"46","idCCAA":"10"}}},{"type":"Feature","geometry":{"type":"Point","coordinates":[-0.392083,39.481417]},"properties":{"id":"es-3857","source":"ES","brand":"REPSOL","address":"AVENIDA PIO XII, S/N","municipality":"Valencia","province":"VALENCIA / VALÈNCIA","postalCode":"46009","schedule":"L-D: 06:30-22:30","fuels":{"gasoline95":1.835,"gasoline98":2.005,"diesel":1.905,"dieselPremium":1.965},"extra":{"saleType":"P","margin":"N","reportingType":"OM","ideess":"3857","idMunicipio":"7214","idProvincia":"46","idCCAA":"10"}}},{"type":"Feature","geometry":{"type":"Point","coordinates":[-0.514889,39.473444]},"properties":{"id":"es-3860","source":"ES","brand":"BP AMAYVI I","address":"AVENIDA COMARQUES DEL PAIS VALENCIA, 156","municipality":"Quart de Poblet","province":"VALENCIA / VALÈNCIA","postalCode":"46930","schedule":"L-D: 24H","fuels":{"gasoline95":1.835,"gasoline98":1.975,"diesel":1.915,"dieselPremium":2.005,"adblue":1.265},"extra":{"saleType":"P","margin":"I","reportingType":"OM","ideess":"3860","idMunicipio":"7166","idProvincia":"46","idCCAA":"10"}}},{"type":"Feature","geometry":{"type":"Point","coordinates":[-0.42725,39.440806]},"properties":{"id":"es-3862","source":"ES","brand":"REPSOL","address":"CR CV-36  VALENCIA -TORRENTE ,P.K.","municipality":"Picanya","province":"VALENCIA / VALÈNCIA","postalCode":"46210","schedule":"L-D: 06:00-22:00","fuels":{"gasoline95":1.865,"gasoline98":2.025,"diesel":1.919,"dieselPremium":1.979},"extra":{"saleType":"P","margin":"D","reportingType":"OM","ideess":"3862","idMunicipio":"7152","idProvincia":"46","idCCAA":"10"}}},{"type":"Feature","geometry":{"type":"Point","coordinates":[-0.444278,39.503722]},"properties":{"id":"es-3863","source":"ES","brand":"GALP-3 CAMINOS","address":"CL MAYOR  57","municipality":"Paterna","province":"VALENCIA / VALÈNCIA","postalCode":"46980","schedule":"L-D: 24H","fuels":{"gasoline95":1.599,"gasoline98":1.799,"diesel":1.729,"dieselPremium":1.875,"adblue":0.85},"extra":{"saleType":"P","margin":"N","reportingType":"dm","ideess":"3863","idMunicipio":"7149","idProvincia":"46","idCCAA":"10"}}},{"type":"Feature","geometry":{"type":"Point","coordinates":[-0.434,39.366917]},"properties":{"id":"es-3864","source":"ES","brand":"CEPSA","address":"AVINGUDA ANTIC REGNE DE VALENCIA, ","municipality":"Alcàsser","province":"VALENCIA / VALÈNCIA","postalCode":"46290","schedule":"L-D: 06:00-22:00","fuels":{"gasoline95":1.809,"gasoline98":1.909,"diesel":1.939,"dieselPremium":1.999,"dieselB":1.759},"extra":{"saleType":"P","margin":"D","reportingType":"dm","ideess":"3864","idMunicipio":"6982","idProvincia":"46","idCCAA":"10"}}},{"type":"Feature","geometry":{"type":"Point","coordinates":[-0.425306,39.672889]},"properties":{"id":"es-3865","source":"ES","brand":"A2OIL","address":"CARRETERA CV-310 KM. 21,700","municipality":"Serra","province":"VALENCIA / VALÈNCIA","postalCode":"46118","schedule":"L: 24H","fuels":{"gasoline95":1.639,"diesel":1.719},"extra":{"saleType":"P","margin":"D","reportingType":"dm","ideess":"3865","idMunicipio":"7192","idProvincia":"46","idCCAA":"10"}}},{"type":"Feature","geometry":{"type":"Point","coordinates":[-0.696694,39.38925]},"properties":{"id":"es-3868","source":"ES","brand":"AS TURÍS","address":"CARRETERA ALBORACHE-SILLA KM. 9,4","municipality":"Turís","province":"VALENCIA / VALÈNCIA","postalCode":"46389","schedule":"L-D: 24H","fuels":{"gasoline95":1.719,"gasoline98":1.899,"diesel":1.839,"dieselB":1.499},"extra":{"saleType":"P","margin":"I","reportingType":"dm","ideess":"3868","idMunicipio":"7212","idProvincia":"46","idCCAA":"10"}}},{"type":"Feature","geometry":{"type":"Point","coordinates":[-0.446528,39.436806]},"properties":{"id":"es-3870","source":"ES","brand":"GALP","address":"CR VV-3014, 1,2","municipality":"Torrent","province":"VALENCIA / VALÈNCIA","postalCode":"46900","schedule":"L-D: 06:00-22:00","fuels":{"gasoline95":1.784,"gasoline98":1.924,"diesel":1.844,"dieselPremium":1.894},"extra":{"saleType":"P","margin":"I","reportingType":"OM","ideess":"3870","idMunicipio":"7208","idProvincia":"46","idCCAA":"10"}}},{"type":"Feature","geometry":{"type":"Point","coordinates":[-0.388056,39.423222]},"properties":{"id":"es-3871","source":"ES","brand":"PLENERGY","address":"AVENIDA ALBUFERA, 9","municipality":"Alfafar","province":"VALENCIA / VALÈNCIA","postalCode":"46910","schedule":"L-D: 24H","fuels":{"gasoline95":1.549,"diesel":1.659},"extra":{"saleType":"P","margin":"D","reportingType":"dm","ideess":"3871","idMunicipio":"6987","idProvincia":"46","idCCAA":"10"}}},{"type":"Feature","geometry":{"type":"Point","coordinates":[-0.305,39.622417]},"properties":{"id":"es-3874","source":"ES","brand":"PUZOL","address":"CARRETERA N-340 KM. 18","municipality":"Puçol","province":"VALENCIA / VALÈNCIA","postalCode":"46530","schedule":"L-D: 24H","fuels":{"gasoline95":1.799,"gasoline95Premium":1.859,"gasoline98":1.939,"diesel":1.899,"dieselRenewable":2.019,"adblue":1.0},"extra":{"saleType":"P","margin":"N","reportingType":"dm","ideess":"3874","idMunicipio":"7162","idProvincia":"46","idCCAA":"10"}}},{"type":"Feature","geometry":{"type":"Point","coordinates":[-0.282833,39.6555]},"properties":{"id":"es-3875","source":"ES","brand":"REPSOL CARBURANTES SAGUNTO","address":"CARRETERA V-23 KM. 3,700","municipality":"Sagunto/Sagunt","province":"VALENCIA / VALÈNCIA","postalCode":"46500","schedule":"L-D: 24H","fuels":{"gasoline95":1.819,"gasoline95Premium":1.869,"gasoline98":1.939,"diesel":1.929,"dieselRenewable":2.039,"adblue":1.0},"extra":{"saleType":"P","margin":"D","reportingType":"dm","ideess":"3875","idMunicipio":"7183","idProvincia":"46","idCCAA":"10"}}},{"type":"Feature","geometry":{"type":"Point","coordinates":[-0.451583,39.267306]},"properties":{"id":"es-3877","source":"ES","brand":"CRIEL","address":"POLIGONO NORTE, 1","municipality":"Alginet","province":"VALENCIA / VALÈNCIA","postalCode":"46230","schedule":"L-S: 06:00-22:00; D: 07:00-15:00","fuels":{"gasoline95":1.569,"diesel":1.699,"dieselPremium":1.749},"extra":{"saleType":"P","margin":"I","reportingType":"dm","ideess":"3877","idMunicipio":"6996","idProvincia":"46","idCCAA":"10"}}},{"type":"Feature","geometry":{"type":"Point","coordinates":[-0.508222,39.076389]},"properties":{"id":"es-3878","source":"ES","brand":"REPSOL","address":"CALLE DIPUTACION, 16","municipality":"Villanueva de Castellón","province":"VALENCIA / VALÈNCIA","postalCode":"46270","schedule":"L-D: 06:00-22:00","fuels":{"gasoline95":1.789,"gasoline98":1.959,"diesel":1.889,"dieselPremium":1.949,"dieselB":1.604},"extra":{"saleType":"P","margin":"D","reportingType":"OM","ideess":"3878","idMunicipio":"7221","idProvincia":"46","idCCAA":"10"}}},{"type":"Feature","geometry":{"type":"Point","coordinates":[-0.531861,39.473611]},"properties":{"id":"es-3880","source":"ES","brand":"BP OLIVERAL GRUPO MAICAS","address":"POLIGONO EL OLIVERAL, CALLE A, PARCELA, 8","municipality":"Riba-roja de Túria","province":"VALENCIA / VALÈNCIA","postalCode":"46190","schedule":"L-V: 05:30-21:00; S: 07:00-15:00","fuels":{"gasoline95":1.839,"gasoline98":1.969,"diesel":1.919,"dieselPremium":2.009,"adblue":1.199},"extra":{"saleType":"P","margin":"I","reportingType":"dm","ideess":"3880","idMunicipio":"7177","idProvincia":"46","idCCAA":"10"}}},{"type":"Feature","geometry":{"type":"Point","coordinates":[-0.314278,39.610389]},"properties":{"id":"es-3881","source":"ES","brand":"MOEVE","address":"CALLE CORTES VALENCIANAS, 1","municipality":"Puçol","province":"VALENCIA / VALÈNCIA","postalCode":"46530","schedule":"L-D: 05:00-23:00","fuels":{"gasoline95":1.834,"gasoline95Premium":1.879,"diesel":1.934,"dieselPremium":2.014},"extra":{"saleType":"P","margin":"D","reportingType":"OM","ideess":"3881","idMunicipio":"7162","idProvincia":"46","idCCAA":"10"}}},{"type":"Feature","geometry":{"type":"Point","coordinates":[-0.373833,39.492694]},"properties":{"id":"es-3884","source":"ES","brand":"REPSOL","address":"AVENIDA CONSTITUCION, 137","municipality":"Valencia","province":"VALENCIA / VALÈNCIA","postalCode":"46019","schedule":"L-D: 06:00-22:00","fuels":{"gasoline95":1.829,"gasoline98":1.999,"diesel":1.905,"dieselPremium":1.965},"extra":{"saleType":"P","margin":"D","reportingType":"OM","ideess":"3884","idMunicipio":"7214","idProvincia":"46","idCCAA":"10"}}},{"type":"Feature","geometry":{"type":"Point","coordinates":[-0.385306,39.448556]},"properties":{"id":"es-3885","source":"ES","brand":"BP LA CRUZ","address":"CALLE SAN VICENTE MARTIR, 297","municipality":"Valencia","province":"VALENCIA / VALÈNCIA","postalCode":"46017","schedule":"L-D: 24H","fuels":{"gasoline95":1.839,"gasoline98":1.979,"diesel":1.905,"dieselPremium":1.995},"extra":{"saleType":"P","margin":"N","reportingType":"OM","ideess":"3885","idMunicipio":"7214","idProvincia":"46","idCCAA":"10"}}},{"type":"Feature","geometry":{"type":"Point","coordinates":[-0.3095,39.209056]},"properties":{"id":"es-3886","source":"ES","brand":"BP EL SEQUIAL","address":"AVENIDA DEL MAR, 5, ","municipality":"Sueca","province":"VALENCIA / VALÈNCIA","postalCode":"46410","schedule":"L-D: 06:00-22:00","fuels":{"gasoline95":1.769,"diesel":1.829,"dieselPremium":1.949,"dieselB":1.509,"lpg":1.05,"adblue":0.85},"extra":{"saleType":"P","margin":"N","reportingType":"dm","ideess":"3886","idMunicipio":"7199","idProvincia":"46","idCCAA":"10"}}},{"type":"Feature","geometry":{"type":"Point","coordinates":[-0.459611,39.481167]},"properties":{"id":"es-3887","source":"ES","brand":"REPSOL","address":"AUTOVIA A-3 KM. 348","municipality":"Quart de Poblet","province":"VALENCIA / VALÈNCIA","postalCode":"46930","schedule":"L-V: 06:00-22:00; S-D: 08:00-22:00","fuels":{"gasoline95":1.835,"gasoline98":1.955,"diesel":1.925,"dieselB":1.664,"dieselRenewable":2.045},"extra":{"saleType":"P","margin":"D","reportingType":"OM","ideess":"3887","idMunicipio":"7166","idProvincia":"46","idCCAA":"10"}}},{"type":"Feature","geometry":{"type":"Point","coordinates":[-0.273361,39.068556]},"properties":{"id":"es-3888","source":"ES","brand":"LANDETE GIMENO","address":"AVENIDA DE LA VALLDGNA, 69","municipality":"Tavernes de la Valldigna","province":"VALENCIA / VALÈNCIA","postalCode":"46760","schedule":"L-D: 05:30-22:00","fuels":{"gasoline95":1.659,"gasoline98":1.769,"diesel":1.829,"dieselB":1.539},"extra":{"saleType":"P","margin":"I","reportingType":"dm","ideess":"3888","idMunicipio":"7202","idProvincia":"46","idCCAA":"10"}}},{"type":"Feature","geometry":{"type":"Point","coordinates":[-0.334139,39.452417]},"properties":{"id":"es-3889","source":"ES","brand":"REPSOL","address":"CAMINO MORERAS, 58","municipality":"Valencia","province":"VALENCIA / VALÈNCIA","postalCode":"46024","schedule":"L-D: 06:00-22:00","fuels":{"gasoline95":1.855,"gasoline98":2.025,"diesel":1.905,"dieselRenewable":2.025},"extra":{"saleType":"P","margin":"D","reportingType":"OM","ideess":"3889","idMunicipio":"7214","idProvincia":"46","idCCAA":"10"}}},{"type":"Feature","geometry":{"type":"Point","coordinates":[-0.431972,39.561306]},"properties":{"id":"es-3891","source":"ES","brand":"MOEVE","address":"CARRETERA V-6044 KM. 6,3","municipality":"Valencia","province":"VALENCIA / VALÈNCIA","postalCode":"46112","schedule":"L-D: 06:00-22:00","fuels":{"gasoline95":1.854,"gasoline95Premium":1.899,"diesel":1.944,"dieselPremium":2.014},"extra":{"saleType":"P","margin":"D","reportingType":"OM","ideess":"3891","idMunicipio":"7214","idProvincia":"46","idCCAA":"10"}}},{"type":"Feature","geometry":{"type":"Point","coordinates":[-0.432361,39.561]},"properties":{"id":"es-3892","source":"ES","brand":"MOEVE","address":"CARRETERA V-6044 KM. 6,3","municipality":"Valencia","province":"VALENCIA / VALÈNCIA","postalCode":"46112","schedule":"L-V: 07:00-20:00","fuels":{"gasoline95":1.854,"gasoline95Premium":1.899,"diesel":1.944,"dieselPremium":2.014},"extra":{"saleType":"P","margin":"I","reportingType":"OM","ideess":"3892","idMunicipio":"7214","idProvincia":"46","idCCAA":"10"}}},{"type":"Feature","geometry":{"type":"Point","coordinates":[-0.356611,39.501778]},"properties":{"id":"es-3895","source":"ES","brand":"REPSOL","address":"CARRETERA ALBORAYA - TAVERNES KM. 1,7","municipality":"Alboraya","province":"VALENCIA / VALÈNCIA","postalCode":"46120","schedule":"L-D: 06:00-22:00","fuels":{"gasoline95":1.819,"gasoline98":1.989,"diesel":1.889,"dieselRenewable":2.009},"extra":{"saleType":"P","margin":"I","reportingType":"OM","ideess":"3895","idMunicipio":"6979","idProvincia":"46","idCCAA":"10"}}},{"type":"Feature","geometry":{"type":"Point","coordinates":[-0.582583,39.599472]},"properties":{"id":"es-3896","source":"ES","brand":"REPSOL","address":"CALLE FRAY LUIS AMIGO, S/N","municipality":"Benaguasil","province":"VALENCIA / VALÈNCIA","postalCode":"46180","schedule":"L-S: 06:00-22:00; D: 07:00-14:30","fuels":{"gasoline95":1.799,"diesel":1.929,"dieselPremium":1.989,"dieselB":1.6},"extra":{"saleType":"P","margin":"D","reportingType":"OM","ideess":"3896","idMunicipio":"7016","idProvincia":"46","idCCAA":"10"}}},{"type":"Feature","geometry":{"type":"Point","coordinates":[-0.429722,39.472083]},"properties":{"id":"es-3897","source":"ES","brand":"REPSOL","address":"CALLE DOCTOR MORA SANZ, 1","municipality":"Mislata","province":"VALENCIA / VALÈNCIA","postalCode":"46920","schedule":"L-D: 06:00-22:00","fuels":{"gasoline95":1.835,"gasoline98":1.955,"diesel":1.915,"dieselRenewable":2.035},"extra":{"saleType":"P","margin":"I","reportingType":"OM","ideess":"3897","idMunicipio":"7128","idProvincia":"46","idCCAA":"10"}}},{"type":"Feature","geometry":{"type":"Point","coordinates":[-0.458472,39.469528]},"properties":{"id":"es-3898","source":"ES","brand":"REPSOL","address":"CL COLAORS - SAN ONOFRE, S.N.","municipality":"Aldaia","province":"VALENCIA / VALÈNCIA","postalCode":"46960","schedule":"L-D: 06:00-22:00","fuels":{"gasoline95":1.849,"gasoline98":1.969,"diesel":1.915,"dieselPremium":1.975},"extra":{"saleType":"P","margin":"D","reportingType":"OM","ideess":"3898","idMunicipio":"6986","idProvincia":"46","idCCAA":"10"}}},{"type":"Feature","geometry":{"type":"Point","coordinates":[-0.456389,39.439028]},"properties":{"id":"es-3899","source":"ES","brand":"REPSOL","address":"CARRETERA CARRETERA DE PICANYA KM. 24","municipality":"Torrent","province":"VALENCIA / VALÈNCIA","postalCode":"46900","schedule":"L-D: 06:00-22:00","fuels":{"gasoline95":1.865,"gasoline95Premium":1.935,"gasoline98":1.975,"diesel":1.909,"dieselRenewable":2.019,"lpg":1.159},"extra":{"saleType":"P","margin":"D","reportingType":"OM","ideess":"3899","idMunicipio":"7208","idProvincia":"46","idCCAA":"10"}}},{"type":"Feature","geometry":{"type":"Point","coordinates":[-0.421806,39.220694]},"properties":{"id":"es-3901","source":"ES","brand":"REPSOL","address":"CR CV-42, 7","municipality":"Algemesí","province":"VALENCIA / VALÈNCIA","postalCode":"46680","schedule":"L-V: 07:00-21:00; S: 08:00-14:00","fuels":{"gasoline95":1.789,"gasoline98":1.959,"diesel":1.879,"dieselPremium":1.939},"extra":{"saleType":"P","margin":"D","reportingType":"OM","ideess":"3901","idMunicipio":"6994","idProvincia":"46","idCCAA":"10"}}},{"type":"Feature","geometry":{"type":"Point","coordinates":[-0.590083,39.635694]},"properties":{"id":"es-3902","source":"ES","brand":"REPSOL","address":"CL LLANO DEL ARCO, 123","municipality":"Llíria","province":"VALENCIA / VALÈNCIA","postalCode":"46160","schedule":"L-S: 06:00-22:00; D: 07:00-22:00","fuels":{"gasoline95":1.815,"gasoline98":1.975,"diesel":1.929,"dieselPremium":1.989},"extra":{"saleType":"P","margin":"D","reportingType":"OM","ideess":"3902","idMunicipio":"7108","idProvincia":"46","idCCAA":"10"}}},{"type":"Feature","geometry":{"type":"Point","coordinates":[-0.371722,39.458917]},"properties":{"id":"es-3904","source":"ES","brand":"REPSOL","address":"CALLE CADIZ, 98","municipality":"Valencia","province":"VALENCIA / VALÈNCIA","postalCode":"46006","schedule":"L-D: 06:00-22:00","fuels":{"gasoline95":1.859,"gasoline98":1.969,"diesel":1.899,"dieselPremium":1.959},"extra":{"saleType":"P","margin":"D","reportingType":"OM","ideess":"3904","idMunicipio":"7214","idProvincia":"46","idCCAA":"10"}}},{"type":"Feature","geometry":{"type":"Point","coordinates":[-0.278194,39.275972]},"properties":{"id":"es-3906","source":"ES","brand":"REPSOL","address":"CARRETERA NAZARET-OLIVA KM. 21","municipality":"Sueca","province":"VALENCIA / VALÈNCIA","postalCode":"46420","schedule":"L-D: 06:00-21:00","fuels":{"gasoline95":1.795,"diesel":1.935},"extra":{"saleType":"P","margin":"I","reportingType":"OM","ideess":"3906","idMunicipio":"7199","idProvincia":"46","idCCAA":"10"}}},{"type":"Feature","geometry":{"type":"Point","coordinates":[-0.278889,39.276389]},"properties":{"id":"es-3907","source":"ES","brand":"REPSOL","address":"CARRETERA NAZARET-OLIVA KM. 21","municipality":"Sueca","province":"VALENCIA / VALÈNCIA","postalCode":"46420","schedule":"L-D: 06:00-22:00","fuels":{"gasoline95":1.795,"gasoline98":1.915,"diesel":1.935,"dieselPremium":1.995,"dieselB":1.634},"extra":{"saleType":"P","margin":"D","reportingType":"OM","ideess":"3907","idMunicipio":"7199","idProvincia":"46","idCCAA":"10"}}},{"type":"Feature","geometry":{"type":"Point","coordinates":[-0.449639,39.126389]},"properties":{"id":"es-3908","source":"ES","brand":"REPSOL","address":"CALLE SANTA BARBARA, 1","municipality":"Carcaixent","province":"VALENCIA / VALÈNCIA","postalCode":"46740","schedule":"L-S: 06:00-22:00; D: 07:00-14:00","fuels":{"gasoline95":1.895,"gasoline98":2.08,"diesel":2.066,"dieselPremium":2.117},"extra":{"saleType":"P","margin":"N","reportingType":"dm","ideess":"3908","idMunicipio":"7049","idProvincia":"46","idCCAA":"10"}}},{"type":"Feature","geometry":{"type":"Point","coordinates":[-0.299083,39.587389]},"properties":{"id":"es-3913","source":"ES","brand":"BP EL PUIG","address":"AVENIDA VIRGEN DEL PUIG, 1","municipality":"Puig","province":"VALENCIA / VALÈNCIA","postalCode":"46540","schedule":"L-V: 06:00-22:00; S-D: 07:00-22:00","fuels":{"gasoline95":1.819,"gasoline98":1.959,"diesel":1.905,"dieselPremium":1.995,"adblue":1.125},"extra":{"saleType":"P","margin":"N","reportingType":"OM","ideess":"3913","idMunicipio":"7164","idProvincia":"46","idCCAA":"10"}}},{"type":"Feature","geometry":{"type":"Point","coordinates":[-0.509778,39.416417]},"properties":{"id":"es-3914","source":"ES","brand":"REPSOL - E.S. BERNABE MARI","address":"CARRETERA CV-405 KM. 3","municipality":"Torrent","province":"VALENCIA / VALÈNCIA","postalCode":"46900","schedule":"L-D: 24H","fuels":{"gasoline95":1.859,"gasoline98":1.989,"diesel":1.959,"dieselPremium":2.039,"adblue":1.49},"extra":{"saleType":"P","margin":"D","reportingType":"dm","ideess":"3914","idMunicipio":"7208","idProvincia":"46","idCCAA":"10"}}},{"type":"Feature","geometry":{"type":"Point","coordinates":[-0.51475,39.51125]},"properties":{"id":"es-3916","source":"ES","brand":"REPSOL","address":"CARRETERA MANISES RIBARROJA KM. 6,7","municipality":"Manises","province":"VALENCIA / VALÈNCIA","postalCode":"46940","schedule":"L-S: 07:00-21:00","fuels":{"gasoline95":1.819,"gasoline98":1.989,"diesel":1.899,"dieselPremium":1.959},"extra":{"saleType":"P","margin":"I","reportingType":"OM","ideess":"3916","idMunicipio":"7118","idProvincia":"46","idCCAA":"10"}}},{"type":"Feature","geometry":{"type":"Point","coordinates":[-0.359417,39.468722]},"properties":{"id":"es-3917","source":"ES","brand":"BP","address":"AV DE ARAGON, 6","municipality":"Valencia","province":"VALENCIA / VALÈNCIA","postalCode":"46021","schedule":"L-D: 24H","fuels":{"gasoline95":1.839,"gasoline98":1.969,"diesel":1.909,"dieselPremium":1.999},"extra":{"saleType":"P","margin":"N","reportingType":"dm","ideess":"3917","idMunicipio":"7214","idProvincia":"46","idCCAA":"10"}}},{"type":"Feature","geometry":{"type":"Point","coordinates":[-0.441056,39.19125]},"properties":{"id":"es-3920","source":"ES","brand":"BP ALGEMESI I - SAN CRISTOBAL","address":"CALLE RONDA DE ALZIRA, 15","municipality":"Algemesí","province":"VALENCIA / VALÈNCIA","postalCode":"46680","schedule":"L-D: 06:00-22:00","fuels":{"gasoline95":1.789,"gasoline98":1.929,"diesel":1.895,"dieselPremium":1.985},"extra":{"saleType":"P","margin":"N","reportingType":"dm","ideess":"3920","idMunicipio":"6994","idProvincia":"46","idCCAA":"10"}}},{"type":"Feature","geometry":{"type":"Point","coordinates":[-0.472944,39.531556]},"properties":{"id":"es-3921","source":"ES","brand":"TRES CAMINOS SL-DIV.LA CAÑADA","address":"CR PATERNA-LIRIA km 3,9","municipality":"Paterna","province":"VALENCIA / VALÈNCIA","postalCode":"46980","schedule":"L-D: 24H","fuels":{"gasoline95":1.829,"gasoline98":1.969,"diesel":1.909,"dieselPremium":1.999,"lpg":0.875,"adblue":0.79},"extra":{"saleType":"P","margin":"N","reportingType":"dm","ideess":"3921","idMunicipio":"7149","idProvincia":"46","idCCAA":"10"}}},{"type":"Feature","geometry":{"type":"Point","coordinates":[-0.432,39.288]},"properties":{"id":"es-3922","source":"ES","brand":"AUTOIL BENIFAIÓ","address":"AV JAIME I  S/N","municipality":"Benifaió","province":"VALENCIA / VALÈNCIA","postalCode":"46450","schedule":"L-S: 06:00-22:00","fuels":{"gasoline95":1.757,"diesel":1.837},"extra":{"saleType":"P","margin":"N","reportingType":"dm","ideess":"3922","idMunicipio":"7024","idProvincia":"46","idCCAA":"10"}}},{"type":"Feature","geometry":{"type":"Point","coordinates":[-0.491083,39.473778]},"properties":{"id":"es-3924","source":"ES","brand":"MOEVE","address":"AUTOVIA A-3 MADRID-VALENCIA KM. 345","municipality":"Quart de Poblet","province":"VALENCIA / VALÈNCIA","postalCode":"46930","schedule":"L-D: 05:00-23:00","fuels":{"gasoline95":1.834,"gasoline95Premium":1.909,"gasoline98":1.944,"diesel":1.934,"dieselPremium":2.004},"extra":{"saleType":"P","margin":"I","reportingType":"OM","ideess":"3924","idMunicipio":"7166","idProvincia":"46","idCCAA":"10"}}},{"type":"Feature","geometry":{"type":"Point","coordinates":[-0.312306,39.19875]},"properties":{"id":"es-3929","source":"ES","brand":"BP SUECA","address":"RONDA CABANYAL, 6","municipality":"Sueca","province":"VALENCIA / VALÈNCIA","postalCode":"46410","schedule":"L-D: 06:00-22:00","fuels":{"gasoline95":1.859,"gasoline98":1.999,"diesel":1.879,"dieselPremium":1.969},"extra":{"saleType":"P","margin":"D","reportingType":"OM","ideess":"3929","idMunicipio":"7199","idProvincia":"46","idCCAA":"10"}}},{"type":"Feature","geometry":{"type":"Point","coordinates":[-0.429611,39.19275]},"properties":{"id":"es-3930","source":"ES","brand":"BP ALGEMESI II - LA CALANDRIA","address":"AVENIDA PAIS VALENCIA, 144","municipality":"Algemesí","province":"VALENCIA / VALÈNCIA","postalCode":"46680","schedule":"L-D: 06:00-00:00","fuels":{"gasoline95":1.789,"gasoline98":1.929,"diesel":1.895,"dieselPremium":1.985},"extra":{"saleType":"P","margin":"N","reportingType":"dm","ideess":"3930","idMunicipio":"6994","idProvincia":"46","idCCAA":"10"}}},{"type":"Feature","geometry":{"type":"Point","coordinates":[-0.695528,39.101361]},"properties":{"id":"es-3934","source":"ES","brand":"ROS","address":"CARRETERA V-580 KM. 13","municipality":"Navarrés","province":"VALENCIA / VALÈNCIA","postalCode":"46823","schedule":"L-D: 06:00-22:00","fuels":{"gasoline95":1.745,"gasoline98":1.799,"diesel":1.965,"dieselPremium":1.989,"dieselB":1.529,"adblue":1.182},"extra":{"saleType":"P","margin":"I","reportingType":"dm","ideess":"3934","idMunicipio":"7138","idProvincia":"46","idCCAA":"10"}}},{"type":"Feature","geometry":{"type":"Point","coordinates":[-0.472389,39.436917]},"properties":{"id":"es-3936","source":"ES","brand":"CEPSA","address":"CALLE CAMI REIAL, 4","municipality":"Torrent","province":"VALENCIA / VALÈNCIA","postalCode":"46900","schedule":"L-D: 24H","fuels":{"gasoline95":1.804,"gasoline98":1.904,"diesel":1.894,"dieselPremium":1.964},"extra":{"saleType":"P","margin":"D","reportingType":"OM","ideess":"3936","idMunicipio":"7208","idProvincia":"46","idCCAA":"10"}}},{"type":"Feature","geometry":{"type":"Point","coordinates":[-0.412528,39.474278]},"properties":{"id":"es-3937","source":"ES","brand":"REPSOL","address":"CALLE SAN ANTONIO, 14","municipality":"Mislata","province":"VALENCIA / VALÈNCIA","postalCode":"46920","schedule":"L-D: 06:00-22:00","fuels":{"gasoline95":1.855,"diesel":1.895,"dieselRenewable":2.015},"extra":{"saleType":"P","margin":"D","reportingType":"OM","ideess":"3937","idMunicipio":"7128","idProvincia":"46","idCCAA":"10"}}},{"type":"Feature","geometry":{"type":"Point","coordinates":[-0.313083,39.530194]},"properties":{"id":"es-3940","source":"ES","brand":"REPSOL","address":"CR N-221, 7,3","municipality":"Albalat dels Sorells","province":"VALENCIA / VALÈNCIA","postalCode":"46135","schedule":"L-D: 24H","fuels":{"gasoline95":1.835,"gasoline95Premium":1.895,"gasoline98":1.955,"diesel":1.885,"dieselRenewable":2.005,"lpg":1.145},"extra":{"saleType":"P","margin":"I","reportingType":"OM","ideess":"3940","idMunicipio":"6975","idProvincia":"46","idCCAA":"10"}}},{"type":"Feature","geometry":{"type":"Point","coordinates":[-0.310278,39.672194]},"properties":{"id":"es-3941","source":"ES","brand":"CEPSA","address":"CARRETERA N-234A KM. 3,2","municipality":"Sagunto/Sagunt","province":"VALENCIA / VALÈNCIA","postalCode":"46500","schedule":"L-D: 06:00-22:00","fuels":{"gasoline95":1.834,"gasoline95Premium":1.894,"diesel":1.914,"dieselPremium":2.024},"extra":{"saleType":"P","margin":"I","reportingType":"dm","ideess":"3941","idMunicipio":"7183","idProvincia":"46","idCCAA":"10"}}},{"type":"Feature","geometry":{"type":"Point","coordinates":[-0.328778,39.588778]},"properties":{"id":"es-3942","source":"ES","brand":"BP RAFELBUNYOL GRUPO MAICAS","address":"CM DE LA CEBOLLA  S/N","municipality":"Rafelbuñol/Rafelbunyol","province":"VALENCIA / VALÈNCIA","postalCode":"46138","schedule":"L-D: 24H","fuels":{"gasoline95":1.819,"gasoline98":1.939,"diesel":1.929,"dieselPremium":1.989,"adblue":1.199},"extra":{"saleType":"P","margin":"N","reportingType":"dm","ideess":"3942","idMunicipio":"7170","idProvincia":"46","idCCAA":"10"}}},{"type":"Feature","geometry":{"type":"Point","coordinates":[-0.330806,39.392972]},"properties":{"id":"es-3943","source":"ES","brand":"BP LA DEHESA","address":"CALLE CARRER DEL RIU, 513","municipality":"Valencia","province":"VALENCIA / VALÈNCIA","postalCode":"46012","schedule":"L-D: 07:00-22:00","fuels":{"gasoline95":1.839,"gasoline98":1.979,"diesel":1.929,"dieselPremium":2.019},"extra":{"saleType":"P","margin":"N","reportingType":"dm","ideess":"3943","idMunicipio":"7214","idProvincia":"46","idCCAA":"10"}}},{"type":"Feature","geometry":{"type":"Point","coordinates":[-0.362417,39.462778]},"properties":{"id":"es-3945","source":"ES","brand":"BALLENOIL","address":"AVENIDA REINO DE VALENCIA, 83","municipality":"Valencia","province":"VALENCIA / VALÈNCIA","postalCode":"46005","schedule":"L-D: 24H","fuels":{"gasoline95":1.639,"gasoline95Premium":1.659,"diesel":1.719,"dieselPremium":1.739},"extra":{"saleType":"P","margin":"I","reportingType":"OM","ideess":"3945","idMunicipio":"7214","idProvincia":"46","idCCAA":"10"}}},{"type":"Feature","geometry":{"type":"Point","coordinates":[-0.334139,39.563972]},"properties":{"id":"es-3953","source":"ES","brand":"REPSOL","address":"CR N-340, 9,8","municipality":"Museros","province":"VALENCIA / VALÈNCIA","postalCode":"46136","schedule":"L-V: 07:00-22:00; S-D: 08:00-22:00","fuels":{"gasoline95":1.819,"gasoline95Premium":1.879,"gasoline98":1.989,"diesel":1.905,"dieselB":1.624,"dieselRenewable":2.025},"extra":{"saleType":"P","margin":"D","reportingType":"OM","ideess":"3953","idMunicipio":"7136","idProvincia":"46","idCCAA":"10"}}},{"type":"Feature","geometry":{"type":"Point","coordinates":[-0.456472,39.361833]},"properties":{"id":"es-3955","source":"ES","brand":"REPSOL","address":"PLAZA ABADIA, 13","municipality":"Picassent","province":"VALENCIA / VALÈNCIA","postalCode":"46220","schedule":"L-D: 06:00-22:00","fuels":{"gasoline95":1.829,"diesel":1.939,"dieselRenewable":2.059},"extra":{"saleType":"P","margin":"I","reportingType":"OM","ideess":"3955","idMunicipio":"7153","idProvincia":"46","idCCAA":"10"}}},{"type":"Feature","geometry":{"type":"Point","coordinates":[-0.236472,39.668056]},"properties":{"id":"es-3956","source":"ES","brand":"REPSOL","address":"AVENIDA HISPANIDAD, SN","municipality":"Sagunto/Sagunt","province":"VALENCIA / VALÈNCIA","postalCode":"46520","schedule":"L-D: 07:00-23:00","fuels":{"gasoline95":1.829,"gasoline98":1.949,"diesel":1.919},"extra":{"saleType":"P","margin":"N","reportingType":"OM","ideess":"3956","idMunicipio":"7183","idProvincia":"46","idCCAA":"10"}}},{"type":"Feature","geometry":{"type":"Point","coordinates":[-0.526167,39.106722]},"properties":{"id":"es-3957","source":"ES","brand":"BP BERTA","address":"CARRETERA CR N-340 BARCELONA-CADIZ KM 861 KM. 841","municipality":"Alberic","province":"VALENCIA / VALÈNCIA","postalCode":"46260","schedule":"L-D: 24H","fuels":{"gasoline95":1.799,"gasoline98":1.939,"diesel":1.919,"dieselPremium":2.009,"dieselB":1.649,"adblue":1.055},"extra":{"saleType":"P","margin":"N","reportingType":"dm","ideess":"3957","idMunicipio":"6977","idProvincia":"46","idCCAA":"10"}}},{"type":"Feature","geometry":{"type":"Point","coordinates":[-0.317694,39.204722]},"properties":{"id":"es-3958","source":"ES","brand":"REPSOL","address":"CR N-332, 256,1","municipality":"Sueca","province":"VALENCIA / VALÈNCIA","postalCode":"46410","schedule":"L-D: 06:00-22:00","fuels":{"gasoline95":1.875,"gasoline98":1.985,"diesel":1.875,"dieselPremium":1.935},"extra":{"saleType":"P","margin":"D","reportingType":"OM","ideess":"3958","idMunicipio":"7199","idProvincia":"46","idCCAA":"10"}}},{"type":"Feature","geometry":{"type":"Point","coordinates":[-0.399972,39.481278]},"properties":{"id":"es-3959","source":"ES","brand":"BP CAMPANAR","address":"AVENIDA MAESTRO RODRIGO, 31","municipality":"Valencia","province":"VALENCIA / VALÈNCIA","postalCode":"46015","schedule":"L-D: 06:00-00:00","fuels":{"gasoline95":1.839,"gasoline98":1.979,"diesel":1.905,"dieselPremium":1.995,"adblue":3.413},"extra":{"saleType":"P","margin":"N","reportingType":"dm","ideess":"3959","idMunicipio":"7214","idProvincia":"46","idCCAA":"10"}}},{"type":"Feature","geometry":{"type":"Point","coordinates":[-0.407611,39.364167]},"properties":{"id":"es-3960","source":"ES","brand":"REPSOL","address":"CL AVENIDA ALICANTE, 70","municipality":"Silla","province":"VALENCIA / VALÈNCIA","postalCode":"46460","schedule":"L-D: 06:00-22:00","fuels":{"gasoline95":1.835,"gasoline98":2.005,"diesel":1.919,"dieselPremium":1.979},"extra":{"saleType":"P","margin":"D","reportingType":"OM","ideess":"3960","idMunicipio":"7194","idProvincia":"46","idCCAA":"10"}}},{"type":"Feature","geometry":{"type":"Point","coordinates":[-0.362472,39.483306]},"properties":{"id":"es-3963","source":"ES","brand":"REPSOL","address":"AVENIDA PRIMADO REIG, 76","municipality":"Valencia","province":"VALENCIA / VALÈNCIA","postalCode":"46010","schedule":"L-D: 24H","fuels":{"gasoline95":1.829,"gasoline98":1.949,"diesel":1.905,"dieselRenewable":2.025},"extra":{"saleType":"P","margin":"D","reportingType":"OM","ideess":"3963","idMunicipio":"7214","idProvincia":"46","idCCAA":"10"}}},{"type":"Feature","geometry":{"type":"Point","coordinates":[-0.43475,39.46425]},"properties":{"id":"es-3965","source":"ES","brand":"FULL & GO","address":"AV  CAMI NOU, 180","municipality":"Xirivella","province":"VALENCIA / VALÈNCIA","postalCode":"46950","schedule":"L-D: 24H","fuels":{"gasoline95":1.659,"diesel":1.769},"extra":{"saleType":"P","margin":"N","reportingType":"dm","ideess":"3965","idMunicipio":"7228","idProvincia":"46","idCCAA":"10"}}},{"type":"Feature","geometry":{"type":"Point","coordinates":[-0.444306,39.479083]},"properties":{"id":"es-3966","source":"ES","brand":"REPSOL","address":"CALLE MARQUES DEL TURIA, 9","municipality":"Quart de Poblet","province":"VALENCIA / VALÈNCIA","postalCode":"46930","schedule":"L-D: 06:00-22:00","fuels":{"gasoline95":1.849,"gasoline98":2.009,"diesel":1.919,"dieselRenewable":2.029,"adblue":1.2},"extra":{"saleType":"P","margin":"D","reportingType":"dm","ideess":"3966","idMunicipio":"7166","idProvincia":"46","idCCAA":"10"}}},{"type":"Feature","geometry":{"type":"Point","coordinates":[-0.216972,39.678972]},"properties":{"id":"es-3969","source":"ES","brand":"PLENERGY","address":"AVENIDA DEL MEDITERRANEO, S/N","municipality":"Canet d'En Berenguer","province":"VALENCIA / VALÈNCIA","postalCode":"46529","schedule":"L-D: 24H","fuels":{"gasoline95":1.589,"diesel":1.729},"extra":{"saleType":"P","margin":"D","reportingType":"dm","ideess":"3969","idMunicipio":"7048","idProvincia":"46","idCCAA":"10"}}},{"type":"Feature","geometry":{"type":"Point","coordinates":[-0.406111,39.459083]},"properties":{"id":"es-3971","source":"ES","brand":"BP","address":"CALLE FOGAINERS DELS, S/N","municipality":"Valencia","province":"VALENCIA / VALÈNCIA","postalCode":"46014","schedule":"L-V: 06:00-21:00","fuels":{"gasoline95":1.819,"gasoline98":1.959,"diesel":1.999,"dieselPremium":2.069},"extra":{"saleType":"P","margin":"N","reportingType":"dm","ideess":"3971","idMunicipio":"7214","idProvincia":"46","idCCAA":"10"}}},{"type":"Feature","geometry":{"type":"Point","coordinates":[-0.594389,39.358556]},"properties":{"id":"es-3974","source":"ES","brand":"BP CHASAN CAMPOS MONTSERRAT","address":"AVENIDA BLASCO IBAÑEZ, 75","municipality":"Monserrat","province":"VALENCIA / VALÈNCIA","postalCode":"46192","schedule":"L-D: 24H","fuels":{"gasoline95":1.809,"gasoline98":1.909,"diesel":1.895,"dieselPremium":1.985,"adblue":1.2},"extra":{"saleType":"P","margin":"D","reportingType":"dm","ideess":"3974","idMunicipio":"7135","idProvincia":"46","idCCAA":"10"}}},{"type":"Feature","geometry":{"type":"Point","coordinates":[-0.460306,39.518306]},"properties":{"id":"es-3977","source":"ES","brand":"MOEVE","address":"CARRETERA PATERNA - LA CAÑADA KM. 2,2","municipality":"Paterna","province":"VALENCIA / VALÈNCIA","postalCode":"46980","schedule":"L-D: 06:30-21:30","fuels":{"gasoline95":1.797,"gasoline95Premium":1.874,"diesel":1.959,"dieselPremium":2.035},"extra":{"saleType":"P","margin":"D","reportingType":"dm","ideess":"3977","idMunicipio":"7149","idProvincia":"46","idCCAA":"10"}}},{"type":"Feature","geometry":{"type":"Point","coordinates":[-0.447194,39.480194]},"properties":{"id":"es-3978","source":"ES","brand":"PLENERGY","address":"CALLE CONDE DE RODEZNO, 13","municipality":"Quart de Poblet","province":"VALENCIA / VALÈNCIA","postalCode":"46930","schedule":"L-D: 24H","fuels":{"gasoline95":1.659,"diesel":1.769},"extra":{"saleType":"P","margin":"D","reportingType":"dm","ideess":"3978","idMunicipio":"7166","idProvincia":"46","idCCAA":"10"}}},{"type":"Feature","geometry":{"type":"Point","coordinates":[-0.445278,39.530861]},"properties":{"id":"es-3981","source":"ES","brand":"CEPSA","address":"AUTOVIA CV-35 KM. 7,7","municipality":"Paterna","province":"VALENCIA / VALÈNCIA","postalCode":"46980","schedule":"L-V: 06:30-21:30; S: 08:00-14:30","fuels":{"gasoline95":1.834,"gasoline95Premium":1.934,"diesel":1.919,"dieselPremium":2.019},"extra":{"saleType":"P","margin":"I","reportingType":"dm","ideess":"3981","idMunicipio":"7149","idProvincia":"46","idCCAA":"10"}}},{"type":"Feature","geometry":{"type":"Point","coordinates":[-0.680722,39.425028]},"properties":{"id":"es-3982","source":"ES","brand":"GALP","address":"CARRETERA DE LA A3 A GODELLETA KM 11,7 KM. 11,7","municipality":"Godelleta","province":"VALENCIA / VALÈNCIA","postalCode":"46388","schedule":"L-V: 06:00-22:00; S-D: 07:00-13:00","fuels":{"gasoline95":1.699,"diesel":1.759,"dieselPremium":1.759,"dieselB":1.399,"adblue":0.93},"extra":{"saleType":"P","margin":"N","reportingType":"dm","ideess":"3982","idMunicipio":"7098","idProvincia":"46","idCCAA":"10"}}},{"type":"Feature","geometry":{"type":"Point","coordinates":[-0.360083,39.516778]},"properties":{"id":"es-3984","source":"ES","brand":"REPSOL","address":"LUGAR CASAS BARCENA, 2","municipality":"Valencia","province":"VALENCIA / VALÈNCIA","postalCode":"46131","schedule":"L-D: 24H","fuels":{"gasoline95":1.817,"gasoline95Premium":1.857,"gasoline98":1.987,"diesel":1.902,"dieselRenewable":2.022,"adblue":1.19},"extra":{"saleType":"P","margin":"N","reportingType":"dm","ideess":"3984","idMunicipio":"7214","idProvincia":"46","idCCAA":"10"}}},{"type":"Feature","geometry":{"type":"Point","coordinates":[-0.415028,39.280639]},"properties":{"id":"es-3987","source":"ES","brand":"GALP","address":"CARRETERA CV-42 KM. 14,50","municipality":"Benifaió","province":"VALENCIA / VALÈNCIA","postalCode":"46450","schedule":"L-D: 24H","fuels":{"gasoline95":1.709,"diesel":1.779},"extra":{"saleType":"P","margin":"D","reportingType":"OM","ideess":"3987","idMunicipio":"7024","idProvincia":"46","idCCAA":"10"}}},{"type":"Feature","geometry":{"type":"Point","coordinates":[-0.415306,39.280444]},"properties":{"id":"es-3988","source":"ES","brand":"GALP","address":"CARRETERA CV 40 KM. 36,35","municipality":"Benifaió","province":"VALENCIA / VALÈNCIA","postalCode":"46450","schedule":"L-D: 06:00-22:00","fuels":{"gasoline95":1.759,"diesel":1.849,"dieselPremium":1.899,"dieselB":1.399,"adblue":0.799},"extra":{"saleType":"P","margin":"I","reportingType":"OM","ideess":"3988","idMunicipio":"7024","idProvincia":"46","idCCAA":"10"}}},{"type":"Feature","geometry":{"type":"Point","coordinates":[-0.613222,39.4745]},"properties":{"id":"es-3993","source":"ES","brand":"GALP","address":"CARRETERA CARRETERA N III KM. 322,2","municipality":"Chiva","province":"VALENCIA / VALÈNCIA","postalCode":"46370","schedule":"L-D: 24H","fuels":{"gasoline95Premium":1.849,"gasoline98":1.939,"diesel":1.904,"dieselPremium":1.994,"adblue":0.799},"extra":{"saleType":"P","margin":"I","reportingType":"OM","ideess":"3993","idMunicipio":"7067","idProvincia":"46","idCCAA":"10"}}},{"type":"Feature","geometry":{"type":"Point","coordinates":[-0.551639,39.585611]},"properties":{"id":"es-3995","source":"ES","brand":"ENI","address":"CARRETERA CRTA ELIANA-BENAGUACILL KM6 KM. 6","municipality":"Pobla de Vallbona (la)","province":"VALENCIA / VALÈNCIA","postalCode":"46185","schedule":"L-D: 06:00-22:00","fuels":{"gasoline95":1.729,"diesel":1.799,"dieselPremium":1.899},"extra":{"saleType":"P","margin":"N","reportingType":"OM","ideess":"3995","idMunicipio":"7157","idProvincia":"46","idCCAA":"10"}}},{"type":"Feature","geometry":{"type":"Point","coordinates":[-0.404306,39.457]},"properties":{"id":"es-3996","source":"ES","brand":"BP CASTILVIEJO","address":"CALLE DELS COETERS, 14","municipality":"Valencia","province":"VALENCIA / VALÈNCIA","postalCode":"46014","schedule":"L-D: 06:00-22:00","fuels":{"gasoline95":1.839,"gasoline98":1.979,"diesel":1.905,"dieselPremium":1.995},"extra":{"saleType":"P","margin":"N","reportingType":"OM","ideess":"3996","idMunicipio":"7214","idProvincia":"46","idCCAA":"10"}}},{"type":"Feature","geometry":{"type":"Point","coordinates":[-0.306528,39.539472]},"properties":{"id":"es-3997","source":"ES","brand":"SHELL","address":"AVINGUDA MEDITERRÁNEO, 8","municipality":"Albuixech","province":"VALENCIA / VALÈNCIA","postalCode":"46550","schedule":"L-S: 08:00-14:00","fuels":{"gasoline95":1.659,"gasoline98":1.859,"diesel":1.769,"dieselPremium":1.869},"extra":{"saleType":"P","margin":"N","reportingType":"OM","ideess":"3997","idMunicipio":"6980","idProvincia":"46","idCCAA":"10"}}},{"type":"Feature","geometry":{"type":"Point","coordinates":[-0.588444,39.621806]},"properties":{"id":"es-3998","source":"ES","brand":"EDETAGAS","address":"CALLE VALENCIA, ","municipality":"Llíria","province":"VALENCIA / VALÈNCIA","postalCode":"46160","schedule":"L-D: 24H","fuels":{"gasoline95":1.609,"gasoline98":1.719,"diesel":1.719,"dieselPremium":1.859},"extra":{"saleType":"P","margin":"D","reportingType":"dm","ideess":"3998","idMunicipio":"7108","idProvincia":"46","idCCAA":"10"}}},{"type":"Feature","geometry":{"type":"Point","coordinates":[-0.485056,39.498167]},"properties":{"id":"es-4000","source":"ES","brand":"ÁREA 117 MANISES","address":"AVENIDA MAS DEL OLI, 62","municipality":"Manises","province":"VALENCIA / VALÈNCIA","postalCode":"46940","schedule":"L-D: 06:00-22:00","fuels":{"gasoline95":1.559,"diesel":1.759},"extra":{"saleType":"P","margin":"D","reportingType":"dm","ideess":"4000","idMunicipio":"7118","idProvincia":"46","idCCAA":"10"}}},{"type":"Feature","geometry":{"type":"Point","coordinates":[-0.338083,39.558389]},"properties":{"id":"es-4001","source":"ES","brand":"BALLENOIL","address":"AVENIDA BARCELONA, 49","municipality":"Museros","province":"VALENCIA / VALÈNCIA","postalCode":"46136","schedule":"L-D: 24H","fuels":{"gasoline95":1.659,"gasoline95Premium":1.679,"diesel":1.769,"dieselPremium":1.789},"extra":{"saleType":"P","margin":"N","reportingType":"OM","ideess":"4001","idMunicipio":"7136","idProvincia":"46","idCCAA":"10"}}},{"type":"Feature","geometry":{"type":"Point","coordinates":[-0.448944,39.130389]},"properties":{"id":"es-4002","source":"ES","brand":"PETROPRIX","address":"CARRETERA ALZIRA-CARCAIXENT CV-41 KM. 1,930","municipality":"Carcaixent","province":"VALENCIA / VALÈNCIA","postalCode":"46740","schedule":"L-D: 24H","fuels":{"gasoline95":1.567,"diesel":1.677},"extra":{"saleType":"P","margin":"N","reportingType":"dm","ideess":"4002","idMunicipio":"7049","idProvincia":"46","idCCAA":"10"}}},{"type":"Feature","geometry":{"type":"Point","coordinates":[-0.207611,39.679778]},"properties":{"id":"es-4003","source":"ES","brand":"REPSOL","address":"AVENIDA JAIME I, 6","municipality":"Canet d'En Berenguer","province":"VALENCIA / VALÈNCIA","postalCode":"46529","schedule":"L-D: 07:00-22:00","fuels":{"gasoline95":1.829,"gasoline98":1.939,"diesel":1.919,"dieselPremium":1.989},"extra":{"saleType":"P","margin":"N","reportingType":"dm","ideess":"4003","idMunicipio":"7048","idProvincia":"46","idCCAA":"10"}}},{"type":"Feature","geometry":{"type":"Point","coordinates":[-0.405139,39.4885]},"properties":{"id":"es-4004","source":"ES","brand":"BP ARNAU","address":"AVENIDA MAESTRO RODRIGO, 76","municipality":"Valencia","province":"VALENCIA / VALÈNCIA","postalCode":"46015","schedule":"L-D: 06:00-22:00","fuels":{"gasoline95":1.839,"gasoline98":1.979,"diesel":1.905,"dieselPremium":1.995,"adblue":3.413},"extra":{"saleType":"P","margin":"N","reportingType":"dm","ideess":"4004","idMunicipio":"7214","idProvincia":"46","idCCAA":"10"}}},{"type":"Feature","geometry":{"type":"Point","coordinates":[-0.646083,39.013556]},"properties":{"id":"es-4007","source":"ES","brand":"ANNA","address":"CARRETERA 580 KM. 2","municipality":"Anna","province":"VALENCIA / VALÈNCIA","postalCode":"46820","schedule":"L-D: 06:00-21:30","fuels":{"gasoline95":1.699,"gasoline98":1.899,"diesel":1.859,"dieselPremium":1.899,"dieselB":1.499},"extra":{"saleType":"P","margin":"N","reportingType":"dm","ideess":"4007","idMunicipio":"7005","idProvincia":"46","idCCAA":"10"}}},{"type":"Feature","geometry":{"type":"Point","coordinates":[-0.285722,39.612972]},"properties":{"id":"es-4008","source":"ES","brand":"BP","address":"CAMI DEL MAR, S/N","municipality":"Puçol","province":"VALENCIA / VALÈNCIA","postalCode":"46530","schedule":"L-D: 07:00-22:00","fuels":{"gasoline95":1.829,"gasoline98":1.959,"diesel":1.919,"dieselPremium":1.999,"dieselB":1.569},"extra":{"saleType":"P","margin":"N","reportingType":"dm","ideess":"4008","idMunicipio":"7162","idProvincia":"46","idCCAA":"10"}}},{"type":"Feature","geometry":{"type":"Point","coordinates":[-0.556083,39.542333]},"properties":{"id":"es-4009","source":"ES","brand":"GALP","address":"POLG.IND.ENTREVIAS PARC.3 km 11","municipality":"Riba-roja de Túria","province":"VALENCIA / VALÈNCIA","postalCode":"46190","schedule":"L-D: 06:00-22:00","fuels":{"gasoline95":1.729,"gasoline98":1.869,"diesel":1.799,"dieselPremium":1.849,"adblue":0.799},"extra":{"saleType":"P","margin":"I","reportingType":"OM","ideess":"4009","idMunicipio":"7177","idProvincia":"46","idCCAA":"10"}}},{"type":"Feature","geometry":{"type":"Point","coordinates":[-0.224972,39.66825]},"properties":{"id":"es-4012","source":"ES","brand":"BP PUERTO DE SAGUNTO","address":"AVENIDA PERIODISTA AZZATI, ","municipality":"Sagunto/Sagunt","province":"VALENCIA / VALÈNCIA","postalCode":"46500","schedule":"L-V: 06:00-22:00; S-D: 07:00-22:00","fuels":{"gasoline95":1.829,"gasoline98":1.969,"diesel":1.909,"dieselPremium":1.999},"extra":{"saleType":"P","margin":"N","reportingType":"OM","ideess":"4012","idMunicipio":"7183","idProvincia":"46","idCCAA":"10"}}},{"type":"Feature","geometry":{"type":"Point","coordinates":[-0.404306,39.428417]},"properties":{"id":"es-4013","source":"ES","brand":"AUTOIL PAIPORTA","address":"CALLE ACEQUIA DE ROBELLA, 11","municipality":"Paiporta","province":"VALENCIA / VALÈNCIA","postalCode":"46200","schedule":"L-D: 24H","fuels":{"gasoline95":1.539,"diesel":1.649,"adblue":0.751},"extra":{"saleType":"P","margin":"N","reportingType":"dm","ideess":"4013","idMunicipio":"7145","idProvincia":"46","idCCAA":"10"}}},{"type":"Feature","geometry":{"type":"Point","coordinates":[-0.51525,39.4725]},"properties":{"id":"es-4014","source":"ES","brand":"BP AMAYVI II","address":"AVENIDA COMARQUES DEL PAIS VALENCIA, 241","municipality":"Quart de Poblet","province":"VALENCIA / VALÈNCIA","postalCode":"46930","schedule":"L-D: 06:00-22:00","fuels":{"gasoline95":1.835,"gasoline98":1.975,"diesel":1.915,"dieselPremium":2.005},"extra":{"saleType":"P","margin":"D","reportingType":"OM","ideess":"4014","idMunicipio":"7166","idProvincia":"46","idCCAA":"10"}}},{"type":"Feature","geometry":{"type":"Point","coordinates":[-0.602528,39.630167]},"properties":{"id":"es-4015","source":"ES","brand":"PETRONOR","address":"CALLE DUQUE DE LIRIA, 132","municipality":"Llíria","province":"VALENCIA / VALÈNCIA","postalCode":"46160","schedule":"L-D: 06:00-22:00","fuels":{"gasoline95":1.799,"gasoline98":1.969,"diesel":1.925,"dieselB":1.654,"dieselRenewable":2.045},"extra":{"saleType":"P","margin":"D","reportingType":"OM","ideess":"4015","idMunicipio":"7108","idProvincia":"46","idCCAA":"10"}}},{"type":"Feature","geometry":{"type":"Point","coordinates":[-0.389861,39.397083]},"properties":{"id":"es-4016","source":"ES","brand":"BP VILLANUEVA","address":"AUTOPISTA V31 KM. 253","municipality":"Catarroja","province":"VALENCIA / VALÈNCIA","postalCode":"46470","schedule":"L-D: 24H","fuels":{"gasoline95":1.799,"gasoline98":1.969,"diesel":1.879,"dieselPremium":1.979,"adblue":1.19},"extra":{"saleType":"P","margin":"N","reportingType":"dm","ideess":"4016","idMunicipio":"7060","idProvincia":"46","idCCAA":"10"}}},{"type":"Feature","geometry":{"type":"Point","coordinates":[-0.562972,39.545167]},"properties":{"id":"es-4017","source":"ES","brand":"PLENERGY","address":"CALLE VALENCIA, 75","municipality":"Riba-roja de Túria","province":"VALENCIA / VALÈNCIA","postalCode":"46190","schedule":"L-D: 24H","fuels":{"gasoline95":1.669,"diesel":1.739},"extra":{"saleType":"P","margin":"D","reportingType":"dm","ideess":"4017","idMunicipio":"7177","idProvincia":"46","idCCAA":"10"}}},{"type":"Feature","geometry":{"type":"Point","coordinates":[-0.468528,39.4875]},"properties":{"id":"es-4018","source":"ES","brand":"REPSOL","address":"CR VV-6116, 1,1","municipality":"Manises","province":"VALENCIA / VALÈNCIA","postalCode":"46940","schedule":"L-V: 06:00-22:00; S-D: 08:00-20:00","fuels":{"gasoline95":1.845,"gasoline98":2.015,"diesel":1.909,"dieselPremium":1.969},"extra":{"saleType":"P","margin":"D","reportingType":"OM","ideess":"4018","idMunicipio":"7118","idProvincia":"46","idCCAA":"10"}}},{"type":"Feature","geometry":{"type":"Point","coordinates":[-0.495917,39.559972]},"properties":{"id":"es-4019","source":"ES","brand":"BP  MARIOLA","address":"CARRETERA VALENCIA ADEMUZ KM. 13,1","municipality":"San Antonio de Benagéber","province":"VALENCIA / VALÈNCIA","postalCode":"46184","schedule":"L-D: 05:00-00:00","fuels":{"gasoline95":1.829,"gasoline98":1.969,"diesel":1.909,"dieselPremium":1.999,"adblue":1.125},"extra":{"saleType":"P","margin":"N","reportingType":"OM","ideess":"4019","idMunicipio":"7185","idProvincia":"46","idCCAA":"10"}}},{"type":"Feature","geometry":{"type":"Point","coordinates":[-0.380306,39.409944]},"properties":{"id":"es-4025","source":"ES","brand":"BP CARY II","address":"AUTOVIA CV-31 KM. 9","municipality":"Massanassa","province":"VALENCIA / VALÈNCIA","postalCode":"46470","schedule":"L-D: 24H","fuels":{"gasoline95":1.835,"gasoline98":1.975,"diesel":1.919,"dieselPremium":2.009},"extra":{"saleType":"P","margin":"D","reportingType":"OM","ideess":"4025","idMunicipio":"7124","idProvincia":"46","idCCAA":"10"}}},{"type":"Feature","geometry":{"type":"Point","coordinates":[-0.387889,39.545417]},"properties":{"id":"es-4026","source":"ES","brand":"BP HOFIRA","address":"AVENIDA SEMINARIO, 15","municipality":"Moncada","province":"VALENCIA / VALÈNCIA","postalCode":"46113","schedule":"L: 06:00-00:00; M-D: 24H","fuels":{"gasoline95":1.829,"gasoline98":1.995,"diesel":1.939,"dieselPremium":2.069,"dieselB":1.695},"extra":{"saleType":"P","margin":"N","reportingType":"dm","ideess":"4026","idMunicipio":"7130","idProvincia":"46","idCCAA":"10"}}},{"type":"Feature","geometry":{"type":"Point","coordinates":[-0.725278,39.601583]},"properties":{"id":"es-4027","source":"ES","brand":"REPSOL","address":"CARRETERA QUART A DOMEÑO KM. 29,400","municipality":"Pedralba","province":"VALENCIA / VALÈNCIA","postalCode":"46164","schedule":"L-S: 06:00-21:00; D: 07:00-14:00","fuels":{"gasoline95":1.809,"diesel":1.919,"dieselB":1.649,"dieselRenewable":1.999,"adblue":1.199},"extra":{"saleType":"P","margin":"I","reportingType":"dm","ideess":"4027","idMunicipio":"7150","idProvincia":"46","idCCAA":"10"}}},{"type":"Feature","geometry":{"type":"Point","coordinates":[-0.347778,39.464194]},"properties":{"id":"es-4028","source":"ES","brand":"FULL & GO","address":"AVENIDA AV AL PUERTO, 150","municipality":"Valencia","province":"VALENCIA / VALÈNCIA","postalCode":"46022","schedule":"L-D: 24H","fuels":{"gasoline95":1.679,"gasoline98":1.799,"diesel":1.759,"dieselPremium":1.789},"extra":{"saleType":"P","margin":"N","reportingType":"dm","ideess":"4028","idMunicipio":"7214","idProvincia":"46","idCCAA":"10"}}},{"type":"Feature","geometry":{"type":"Point","coordinates":[-0.821778,39.732722]},"properties":{"id":"es-4029","source":"ES","brand":"ESTACION DE SERVICIO PORTER, S.L.","address":"CL AVENIDA JORGE DE AUSTRIA, 7","municipality":"Villar del Arzobispo","province":"VALENCIA / VALÈNCIA","postalCode":"46170","schedule":"L-S: 06:00-22:00; D: 10:00-13:30","fuels":{"gasoline95":1.789,"diesel":1.889},"extra":{"saleType":"P","margin":"D","reportingType":"dm","ideess":"4029","idMunicipio":"7222","idProvincia":"46","idCCAA":"10"}}},{"type":"Feature","geometry":{"type":"Point","coordinates":[-0.677222,39.490972]},"properties":{"id":"es-4030","source":"ES","brand":"CHESTE AGRARIA","address":"CR VV-6112, 0,4","municipality":"Cheste","province":"VALENCIA / VALÈNCIA","postalCode":"46380","schedule":"L-S: 06:00-22:00; D: 07:00-21:00","fuels":{"gasoline95":1.6,"gasoline98":1.65,"diesel":1.78,"dieselPremium":1.82,"dieselB":1.45},"extra":{"saleType":"P","margin":"D","reportingType":"dm","ideess":"4030","idMunicipio":"7066","idProvincia":"46","idCCAA":"10"}}},{"type":"Feature","geometry":{"type":"Point","coordinates":[-0.302528,39.197583]},"properties":{"id":"es-4031","source":"ES","brand":"GASEXPRESS SUECA","address":"CARRETERA N-332 KM. 254,5","municipality":"Sueca","province":"VALENCIA / VALÈNCIA","postalCode":"46410","schedule":"L-D: 24H","fuels":{"gasoline95":1.669,"diesel":1.749},"extra":{"saleType":"P","margin":"I","reportingType":"dm","ideess":"4031","idMunicipio":"7199","idProvincia":"46","idCCAA":"10"}}},{"type":"Feature","geometry":{"type":"Point","coordinates":[-0.469639,39.493972]},"properties":{"id":"es-4032","source":"ES","brand":"REPSOL","address":"CL SANTOS JUSTO Y PASTOR, 49","municipality":"Manises","province":"VALENCIA / VALÈNCIA","postalCode":"46940","schedule":"L-S: 06:00-22:00; D: 07:00-22:00","fuels":{"gasoline95":1.845,"gasoline95Premium":1.925,"gasoline98":2.015,"diesel":1.919,"dieselPremium":1.969},"extra":{"saleType":"P","margin":"I","reportingType":"OM","ideess":"4032","idMunicipio":"7118","idProvincia":"46","idCCAA":"10"}}},{"type":"Feature","geometry":{"type":"Point","coordinates":[-0.462583,39.541361]},"properties":{"id":"es-4034","source":"ES","brand":"REPSOL","address":"CARRETERA C-234 KM. 9,7","municipality":"Paterna","province":"VALENCIA / VALÈNCIA","postalCode":"46980","schedule":"L-S: 06:00-22:00; D: 07:00-22:00","fuels":{"gasoline95":1.839,"gasoline98":2.009,"diesel":1.915,"dieselRenewable":2.035,"lpg":1.129},"extra":{"saleType":"P","margin":"I","reportingType":"OM","ideess":"4034","idMunicipio":"7149","idProvincia":"46","idCCAA":"10"}}},{"type":"Feature","geometry":{"type":"Point","coordinates":[-0.429667,39.15875]},"properties":{"id":"es-4035","source":"ES","brand":"PLENERGY","address":"PLAZA PARROCO VILAR, S/N","municipality":"Alzira","province":"VALENCIA / VALÈNCIA","postalCode":"46600","schedule":"L-D: 24H","fuels":{"gasoline95":1.567,"diesel":1.677},"extra":{"saleType":"P","margin":"D","reportingType":"dm","ideess":"4035","idMunicipio":"7003","idProvincia":"46","idCCAA":"10"}}},{"type":"Feature","geometry":{"type":"Point","coordinates":[-0.352306,39.47625]},"properties":{"id":"es-4036","source":"ES","brand":"REPSOL","address":"CALLE CLARIANO, 3","municipality":"Valencia","province":"VALENCIA / VALÈNCIA","postalCode":"46021","schedule":"L-D: 06:00-22:00","fuels":{"gasoline95":1.859,"gasoline98":1.969,"diesel":1.909,"dieselPremium":1.959},"extra":{"saleType":"P","margin":"D","reportingType":"OM","ideess":"4036","idMunicipio":"7214","idProvincia":"46","idCCAA":"10"}}},{"type":"Feature","geometry":{"type":"Point","coordinates":[-0.512917,39.556639]},"properties":{"id":"es-4039","source":"ES","brand":"BP VEGA JUNCAL","address":"CARRETERA RIBARROJA-S.ANTONIO BENAGEBVER KM. 6","municipality":"Eliana (l')","province":"VALENCIA / VALÈNCIA","postalCode":"46183","schedule":"L-D: 06:00-22:00","fuels":{"gasoline95":1.829,"gasoline98":1.969,"diesel":1.909,"dieselPremium":1.999},"extra":{"saleType":"P","margin":"N","reportingType":"OM","ideess":"4039","idMunicipio":"7077","idProvincia":"46","idCCAA":"10"}}},{"type":"Feature","geometry":{"type":"Point","coordinates":[-0.542056,39.017167]},"properties":{"id":"es-4040","source":"ES","brand":"AZEROIL LLOSA","address":"CARRETERA ROTGLA KM. S/N","municipality":"Llosa de Ranes (la)","province":"VALENCIA / VALÈNCIA","postalCode":"46815","schedule":"L-D: 06:00-22:00","fuels":{"gasoline95":1.684,"gasoline98":1.819,"diesel":1.831,"dieselPremium":1.883},"extra":{"saleType":"P","margin":"N","reportingType":"dm","ideess":"4040","idMunicipio":"7113","idProvincia":"46","idCCAA":"10"}}},{"type":"Feature","geometry":{"type":"Point","coordinates":[-0.339917,39.420722]},"properties":{"id":"es-4041","source":"ES","brand":"BP PINEDO","address":"CARRERA DEL RIU, 317","municipality":"Valencia","province":"VALENCIA / VALÈNCIA","postalCode":"46012","schedule":"L-D: 07:00-22:00","fuels":{"gasoline95":1.839,"gasoline98":1.979,"diesel":1.929,"dieselPremium":2.019},"extra":{"saleType":"P","margin":"N","reportingType":"dm","ideess":"4041","idMunicipio":"7214","idProvincia":"46","idCCAA":"10"}}},{"type":"Feature","geometry":{"type":"Point","coordinates":[-0.335333,39.562889]},"properties":{"id":"es-4042","source":"ES","brand":"REPSOL FENOLLOSA","address":"AVINGUDA BARCELONA 107, ","municipality":"Museros","province":"VALENCIA / VALÈNCIA","postalCode":"46136","schedule":"L-V: 07:00-22:00; S-D: 08:00-22:00","fuels":{"gasoline95":1.819,"gasoline98":1.989,"diesel":1.905,"dieselRenewable":2.025,"adblue":1.2},"extra":{"saleType":"P","margin":"I","reportingType":"dm","ideess":"4042","idMunicipio":"7136","idProvincia":"46","idCCAA":"10"}}},{"type":"Feature","geometry":{"type":"Point","coordinates":[-0.534667,39.472111]},"properties":{"id":"es-4044","source":"ES","brand":"REPSOL","address":"POLIGONO EL OLIVERAL, 2","municipality":"Riba-roja de Túria","province":"VALENCIA / VALÈNCIA","postalCode":"46190","schedule":"L-D: 24H","fuels":{"gasoline95":1.835,"diesel":1.915,"dieselB":1.654,"dieselRenewable":2.035},"extra":{"saleType":"P","margin":"I","reportingType":"OM","ideess":"4044","idMunicipio":"7177","idProvincia":"46","idCCAA":"10"}}},{"type":"Feature","geometry":{"type":"Point","coordinates":[-0.432778,39.149139]},"properties":{"id":"es-4047","source":"ES","brand":"PLENERGY","address":"CALLE BENITO PEREZ GALDOS, 68","municipality":"Alzira","province":"VALENCIA / VALÈNCIA","postalCode":"46600","schedule":"L-D: 24H","fuels":{"gasoline95":1.567,"diesel":1.677},"extra":{"saleType":"P","margin":"D","reportingType":"dm","ideess":"4047","idMunicipio":"7003","idProvincia":"46","idCCAA":"10"}}},{"type":"Feature","geometry":{"type":"Point","coordinates":[-0.992167,39.749694]},"properties":{"id":"es-4049","source":"ES","brand":"E.S.CHELVA","address":"CARRETERA CV-35 KM. 67,5","municipality":"Chelva","province":"VALENCIA / VALÈNCIA","postalCode":"46176","schedule":"L-D: 24H","fuels":{"gasoline95":1.739,"gasoline98":1.839,"diesel":1.849,"dieselPremium":1.899,"dieselB":1.549},"extra":{"saleType":"P","margin":"D","reportingType":"dm","ideess":"4049","idMunicipio":"7064","idProvincia":"46","idCCAA":"10"}}},{"type":"Feature","geometry":{"type":"Point","coordinates":[-0.266861,39.684167]},"properties":{"id":"es-4053","source":"ES","brand":"CEPSA","address":"CARRETERA N-340 KM. 935","municipality":"Sagunto/Sagunt","province":"VALENCIA / VALÈNCIA","postalCode":"46500","schedule":"L-V: 07:00-15:00","fuels":{"gasoline95":1.804,"gasoline95Premium":1.879,"diesel":1.924,"dieselPremium":2.004,"dieselB":1.724},"extra":{"saleType":"P","margin":"D","reportingType":"OM","ideess":"4053","idMunicipio":"7183","idProvincia":"46","idCCAA":"10"}}},{"type":"Feature","geometry":{"type":"Point","coordinates":[-0.466278,39.364167]},"properties":{"id":"es-4059","source":"ES","brand":"REPSOL","address":"CALLE PALLETER, 10","municipality":"Picassent","province":"VALENCIA / VALÈNCIA","postalCode":"46220","schedule":"L-V: 06:30-22:00; S-D: 07:30-22:00","fuels":{"gasoline95":1.849,"gasoline98":2.009,"diesel":1.979,"dieselPremium":2.039},"extra":{"saleType":"P","margin":"D","reportingType":"dm","ideess":"4059","idMunicipio":"7153","idProvincia":"46","idCCAA":"10"}}},{"type":"Feature","geometry":{"type":"Point","coordinates":[-0.522278,39.131444]},"properties":{"id":"es-4064","source":"ES","brand":"MOEVE","address":"CARRETERA A-35 KM. 670,9","municipality":"Alberic","province":"VALENCIA / VALÈNCIA","postalCode":"46260","schedule":"L-D: 24H","fuels":{"gasoline95":1.834,"gasoline95Premium":1.879,"diesel":1.964,"dieselPremium":2.034,"dieselB":1.724,"dieselRenewable":2.104},"extra":{"saleType":"P","margin":"D","reportingType":"OM","ideess":"4064","idMunicipio":"6977","idProvincia":"46","idCCAA":"10"}}},{"type":"Feature","geometry":{"type":"Point","coordinates":[-0.258833,39.167444]},"properties":{"id":"es-4067","source":"ES","brand":"REPSOL","address":"CALLE SUECA, 5","municipality":"Cullera","province":"VALENCIA / VALÈNCIA","postalCode":"46400","schedule":"L-D: 06:00-22:00","fuels":{"gasoline95":1.819,"gasoline98":1.969,"diesel":1.919,"dieselPremium":2.019,"dieselB":1.579},"extra":{"saleType":"P","margin":"D","reportingType":"dm","ideess":"4067","idMunicipio":"7073","idProvincia":"46","idCCAA":"10"}}},{"type":"Feature","geometry":{"type":"Point","coordinates":[-0.431278,39.472861]},"properties":{"id":"es-4070","source":"ES","brand":"PLENERGY","address":"AVENIDA Reial Monestir Sta. María, 6","municipality":"Quart de Poblet","province":"VALENCIA / VALÈNCIA","postalCode":"46930","schedule":"L-D: 24H","fuels":{"gasoline95":1.659,"diesel":1.769},"extra":{"saleType":"P","margin":"D","reportingType":"dm","ideess":"4070","idMunicipio":"7166","idProvincia":"46","idCCAA":"10"}}},{"type":"Feature","geometry":{"type":"Point","coordinates":[-0.414056,39.378389]},"properties":{"id":"es-4071","source":"ES","brand":"REPSOL","address":"CARRETERA REAL DE MADRID SUR KM. 18","municipality":"Beniparrell","province":"VALENCIA / VALÈNCIA","postalCode":"46469","schedule":"L: 06:00-22:00","fuels":{"gasoline95":1.839,"gasoline98":1.959,"diesel":1.919,"dieselPremium":1.979},"extra":{"saleType":"P","margin":"I","reportingType":"OM","ideess":"4071","idMunicipio":"7031","idProvincia":"46","idCCAA":"10"}}},{"type":"Feature","geometry":{"type":"Point","coordinates":[-0.324111,39.585111]},"properties":{"id":"es-4072","source":"ES","brand":"PETRONOR","address":"CALLE CTRA. ANTIGUA DE BARCELONA, 4","municipality":"Rafelbuñol/Rafelbunyol","province":"VALENCIA / VALÈNCIA","postalCode":"46138","schedule":"L-V: 06:00-22:00","fuels":{"gasoline95":1.815,"diesel":1.899,"dieselPremium":1.959},"extra":{"saleType":"P","margin":"I","reportingType":"OM","ideess":"4072","idMunicipio":"7170","idProvincia":"46","idCCAA":"10"}}},{"type":"Feature","geometry":{"type":"Point","coordinates":[-0.354472,39.462944]},"properties":{"id":"es-4073","source":"ES","brand":"REPSOL","address":"CL BALEARES, 20","municipality":"Valencia","province":"VALENCIA / VALÈNCIA","postalCode":"46023","schedule":"L-D: 24H","fuels":{"gasoline95":1.855,"gasoline98":1.975,"diesel":1.905,"dieselRenewable":2.025,"lpg":1.129},"extra":{"saleType":"P","margin":"D","reportingType":"OM","ideess":"4073","idMunicipio":"7214","idProvincia":"46","idCCAA":"10"}}},{"type":"Feature","geometry":{"type":"Point","coordinates":[-0.340306,39.458944]},"properties":{"id":"es-4074","source":"ES","brand":"REPSOL","address":"CALLE IBIZA, 31","municipality":"Valencia","province":"VALENCIA / VALÈNCIA","postalCode":"46024","schedule":"L-D: 06:00-22:00","fuels":{"gasoline95":1.849,"gasoline98":2.019,"diesel":1.899,"dieselPremium":1.959},"extra":{"saleType":"P","margin":"I","reportingType":"OM","ideess":"4074","idMunicipio":"7214","idProvincia":"46","idCCAA":"10"}}},{"type":"Feature","geometry":{"type":"Point","coordinates":[-0.336528,39.473694]},"properties":{"id":"es-4075","source":"ES","brand":"REPSOL","address":"CAMINO CABAÑAL, 25","municipality":"Valencia","province":"VALENCIA / VALÈNCIA","postalCode":"46022","schedule":"L-D: 06:00-22:00","fuels":{"gasoline95":1.855,"gasoline98":2.025,"diesel":1.899,"dieselPremium":1.959},"extra":{"saleType":"P","margin":"D","reportingType":"OM","ideess":"4075","idMunicipio":"7214","idProvincia":"46","idCCAA":"10"}}},{"type":"Feature","geometry":{"type":"Point","coordinates":[-0.372,39.458972]},"properties":{"id":"es-4076","source":"ES","brand":"REPSOL","address":"AVENIDA JUAN XXIII, 64","municipality":"Valencia","province":"VALENCIA / VALÈNCIA","postalCode":"46025","schedule":"L-V: 06:30-21:50; S-D: 07:00-21:50","fuels":{"gasoline95":1.839,"gasoline98":1.969,"diesel":1.905,"dieselPremium":1.965},"extra":{"saleType":"P","margin":"D","reportingType":"OM","ideess":"4076","idMunicipio":"7214","idProvincia":"46","idCCAA":"10"}}},{"type":"Feature","geometry":{"type":"Point","coordinates":[-0.42125,39.362944]},"properties":{"id":"es-4077","source":"ES","brand":"REPSOL","address":"CL POLIGONO VII-C PARCELA 29 S.N.","municipality":"Silla","province":"VALENCIA / VALÈNCIA","postalCode":"46460","schedule":"L-D: 24H","fuels":{"gasoline95":1.838,"diesel":1.928,"dieselPremium":1.988,"dieselB":1.758},"extra":{"saleType":"P","margin":"D","reportingType":"dm","ideess":"4077","idMunicipio":"7194","idProvincia":"46","idCCAA":"10"}}},{"type":"Feature","geometry":{"type":"Point","coordinates":[-0.380917,39.410389]},"properties":{"id":"es-4078","source":"ES","brand":"REPSOL","address":"CR N-332, 282","municipality":"Alfafar","province":"VALENCIA / VALÈNCIA","postalCode":"46910","schedule":"L-D: 06:00-22:00","fuels":{"gasoline95":1.865,"gasoline98":2.025,"diesel":1.919,"dieselPremium":1.979,"lpg":1.159},"extra":{"saleType":"P","margin":"I","reportingType":"OM","ideess":"4078","idMunicipio":"6987","idProvincia":"46","idCCAA":"10"}}},{"type":"Feature","geometry":{"type":"Point","coordinates":[-0.588833,39.475222]},"properties":{"id":"es-4079","source":"ES","brand":"REPSOL","address":"AT A-3, 337","municipality":"Chiva","province":"VALENCIA / VALÈNCIA","postalCode":"46370","schedule":"L-D: 24H","fuels":{"gasoline95":1.835,"gasoline98":1.955,"diesel":1.915,"dieselRenewable":2.035,"lpg":1.159},"extra":{"saleType":"P","margin":"I","reportingType":"OM","ideess":"4079","idMunicipio":"7067","idProvincia":"46","idCCAA":"10"}}},{"type":"Feature","geometry":{"type":"Point","coordinates":[-0.361194,39.489583]},"properties":{"id":"es-4080","source":"ES","brand":"REPSOL","address":"CALLE DOLORES MARQUES, 50","municipality":"Valencia","province":"VALENCIA / VALÈNCIA","postalCode":"46020","schedule":"L-D: 07:00-23:00","fuels":{"gasoline95":1.849,"gasoline98":2.019,"diesel":1.899,"dieselPremium":1.959},"extra":{"saleType":"P","margin":"I","reportingType":"OM","ideess":"4080","idMunicipio":"7214","idProvincia":"46","idCCAA":"10"}}},{"type":"Feature","geometry":{"type":"Point","coordinates":[-0.449472,39.125111]},"properties":{"id":"es-4082","source":"ES","brand":"BP","address":"CALLE JOSE VIDAL CANET, 7","municipality":"Carcaixent","province":"VALENCIA / VALÈNCIA","postalCode":"46740","schedule":"L-V: 06:45-21:30; S: 07:30-21:30; D: 08:00-14:30","fuels":{"gasoline95":1.859,"diesel":1.959,"dieselPremium":2.049},"extra":{"saleType":"P","margin":"N","reportingType":"dm","ideess":"4082","idMunicipio":"7049","idProvincia":"46","idCCAA":"10"}}},{"type":"Feature","geometry":{"type":"Point","coordinates":[-0.465361,39.471306]},"properties":{"id":"es-4084","source":"ES","brand":"REPSOL","address":"CALLE MONTCABRER, 1","municipality":"Aldaia","province":"VALENCIA / VALÈNCIA","postalCode":"46960","schedule":"L-V: 07:00-21:00; S: 08:00-20:00","fuels":{"gasoline95":1.839,"gasoline95Premium":1.889,"diesel":1.919,"dieselRenewable":1.999},"extra":{"saleType":"P","margin":"D","reportingType":"dm","ideess":"4084","idMunicipio":"6986","idProvincia":"46","idCCAA":"10"}}},{"type":"Feature","geometry":{"type":"Point","coordinates":[-0.399417,39.460972]},"properties":{"id":"es-4088","source":"ES","brand":"REPSOL","address":"CL ARCHIDUQUE CARLOS, 70","municipality":"Valencia","province":"VALENCIA / VALÈNCIA","postalCode":"46018","schedule":"L-D: 06:30-22:30","fuels":{"gasoline95":1.859,"gasolineRenewable":1.969,"diesel":1.915,"dieselRenewable":2.035},"extra":{"saleType":"P","margin":"D","reportingType":"OM","ideess":"4088","idMunicipio":"7214","idProvincia":"46","idCCAA":"10"}}},{"type":"Feature","geometry":{"type":"Point","coordinates":[-0.327778,39.57425]},"properties":{"id":"es-4089","source":"ES","brand":"REPSOL","address":"CALLE CAMINO LLARI, S/N","municipality":"Massamagrell","province":"VALENCIA / VALÈNCIA","postalCode":"46130","schedule":"L-S: 07:00-22:00","fuels":{"gasoline95":1.815,"gasoline98":1.985,"diesel":1.899,"dieselPremium":1.959},"extra":{"saleType":"P","margin":"D","reportingType":"OM","ideess":"4089","idMunicipio":"7123","idProvincia":"46","idCCAA":"10"}}},{"type":"Feature","geometry":{"type":"Point","coordinates":[-0.505333,39.559222]},"properties":{"id":"es-4090","source":"ES","brand":"REPSOL","address":"CR VV-6104, 6","municipality":"Eliana (l')","province":"VALENCIA / VALÈNCIA","postalCode":"46183","schedule":"L-D: 24H","fuels":{"gasoline95":1.819,"gasoline98":1.989,"diesel":1.909,"dieselPremium":1.969},"extra":{"saleType":"P","margin":"I","reportingType":"OM","ideess":"4090","idMunicipio":"7077","idProvincia":"46","idCCAA":"10"}}},{"type":"Feature","geometry":{"type":"Point","coordinates":[-0.329472,39.485222]},"properties":{"id":"es-4091","source":"ES","brand":"REPSOL","address":"CL PARTIDA DE VERA,98","municipality":"Alboraya","province":"VALENCIA / VALÈNCIA","postalCode":"46120","schedule":"L-D: 06:00-22:00","fuels":{"gasoline95":1.865,"gasolineRenewable":1.975,"diesel":1.905,"dieselPremium":1.965},"extra":{"saleType":"P","margin":"D","reportingType":"OM","ideess":"4091","idMunicipio":"6979","idProvincia":"46","idCCAA":"10"}}},{"type":"Feature","geometry":{"type":"Point","coordinates":[-0.404472,39.487694]},"properties":{"id":"es-4093","source":"ES","brand":"REPSOL","address":"CL MAESTRO RODRIGO, S.N.","municipality":"Valencia","province":"VALENCIA / VALÈNCIA","postalCode":"46015","schedule":"L-D: 24H","fuels":{"gasoline95":1.849,"gasoline98":1.959,"diesel":1.925,"dieselPremium":1.975,"lpg":1.145},"extra":{"saleType":"P","margin":"D","reportingType":"OM","ideess":"4093","idMunicipio":"7214","idProvincia":"46","idCCAA":"10"}}},{"type":"Feature","geometry":{"type":"Point","coordinates":[-0.904528,39.456]},"properties":{"id":"es-4095","source":"ES","brand":"REPSOL","address":"AUTOVIA AUTOVIA A-3 KM. 306,5","municipality":"Siete Aguas","province":"VALENCIA / VALÈNCIA","postalCode":"46392","schedule":"L-D: 24H","fuels":{"gasoline95":1.855,"gasoline98":2.015,"diesel":1.935,"dieselPremium":1.995},"extra":{"saleType":"P","margin":"D","reportingType":"OM","ideess":"4095","idMunicipio":"7193","idProvincia":"46","idCCAA":"10"}}},{"type":"Feature","geometry":{"type":"Point","coordinates":[-0.527806,39.153972]},"properties":{"id":"es-4096","source":"ES","brand":"REPSOL","address":"AUTOPISTA A-7 KM. 659,8","municipality":"Masalavés","province":"VALENCIA / VALÈNCIA","postalCode":"46292","schedule":"L-D: 24H","fuels":{"gasoline95":1.805,"gasoline98":1.955,"diesel":1.899,"dieselPremium":1.959,"lpg":1.129},"extra":{"saleType":"P","margin":"D","reportingType":"OM","ideess":"4096","idMunicipio":"7121","idProvincia":"46","idCCAA":"10"}}},{"type":"Feature","geometry":{"type":"Point","coordinates":[-0.529361,39.154583]},"properties":{"id":"es-4097","source":"ES","brand":"REPSOL","address":"AUTOPISTA A-7 KM. 659,8","municipality":"Masalavés","province":"VALENCIA / VALÈNCIA","postalCode":"46292","schedule":"L-D: 24H","fuels":{"gasoline95":1.815,"gasoline98":1.955,"diesel":1.899,"dieselPremium":1.959,"lpg":1.129},"extra":{"saleType":"P","margin":"I","reportingType":"OM","ideess":"4097","idMunicipio":"7121","idProvincia":"46","idCCAA":"10"}}},{"type":"Feature","geometry":{"type":"Point","coordinates":[-0.442306,39.531389]},"properties":{"id":"es-4098","source":"ES","brand":"REPSOL","address":"CL CRTA.VIEJA DE BURJASOT-CENTRO CO","municipality":"Paterna","province":"VALENCIA / VALÈNCIA","postalCode":"46980","schedule":"L-S: 06:30-22:30; D: 07:30-22:30","fuels":{"gasoline95":1.849,"gasoline98":1.959,"diesel":1.925,"dieselPremium":1.975,"lpg":1.129},"extra":{"saleType":"P","margin":"I","reportingType":"OM","ideess":"4098","idMunicipio":"7149","idProvincia":"46","idCCAA":"10"}}},{"type":"Feature","geometry":{"type":"Point","coordinates":[-0.445139,39.459778]},"properties":{"id":"es-4099","source":"ES","brand":"PLENERGY","address":"AVENIDA CAMI NOU ESQ. CAMI DE LA RAMBLETA, S/N","municipality":"Xirivella","province":"VALENCIA / VALÈNCIA","postalCode":"46950","schedule":"L-D: 24H","fuels":{"gasoline95":1.659,"diesel":1.769},"extra":{"saleType":"P","margin":"D","reportingType":"dm","ideess":"4099","idMunicipio":"7228","idProvincia":"46","idCCAA":"10"}}},{"type":"Feature","geometry":{"type":"Point","coordinates":[-0.225639,39.046917]},"properties":{"id":"es-4102","source":"ES","brand":"BALLENOIL","address":"CARRETERA N-332 KM. 204,6","municipality":"Xeraco","province":"VALENCIA / VALÈNCIA","postalCode":"46770","schedule":"L-D: 24H","fuels":{"gasoline95":1.689,"gasoline95Premium":1.699,"diesel":1.779,"dieselPremium":1.789},"extra":{"saleType":"P","margin":"D","reportingType":"OM","ideess":"4102","idMunicipio":"7226","idProvincia":"46","idCCAA":"10"}}},{"type":"Feature","geometry":{"type":"Point","coordinates":[-0.448361,39.481028]},"properties":{"id":"es-4103","source":"ES","brand":"MOEVE","address":"AVENIDA NOU D'OCTUBRE, 18","municipality":"Quart de Poblet","province":"VALENCIA / VALÈNCIA","postalCode":"46930","schedule":"L: 06:00-22:00; S-D: 08:00-22:00","fuels":{"gasoline95":1.834,"gasoline95Premium":1.934,"diesel":1.934,"dieselPremium":2.014},"extra":{"saleType":"P","margin":"D","reportingType":"dm","ideess":"4103","idMunicipio":"7166","idProvincia":"46","idCCAA":"10"}}},{"type":"Feature","geometry":{"type":"Point","coordinates":[-0.301389,39.651444]},"properties":{"id":"es-4104","source":"ES","brand":"REPSOL","address":"AUTOPISTA AP-7 (MRG. IZDO.) KM. 479,5","municipality":"Sagunto/Sagunt","province":"VALENCIA / VALÈNCIA","postalCode":"46500","schedule":"L-D: 24H","fuels":{"gasoline95":1.865,"gasoline98":1.985,"diesel":1.949,"dieselPremium":2.009,"lpg":1.129},"extra":{"saleType":"P","margin":"I","reportingType":"OM","ideess":"4104","idMunicipio":"7183","idProvincia":"46","idCCAA":"10"}}},{"type":"Feature","geometry":{"type":"Point","coordinates":[-0.278194,39.143528]},"properties":{"id":"es-4106","source":"ES","brand":"REPSOL","address":"CARRETERA N-332 KM. 246","municipality":"Cullera","province":"VALENCIA / VALÈNCIA","postalCode":"46400","schedule":"L-D: 06:00-22:00","fuels":{"gasoline95":1.849,"diesel":1.969,"dieselPremium":2.065},"extra":{"saleType":"P","margin":"I","reportingType":"dm","ideess":"4106","idMunicipio":"7073","idProvincia":"46","idCCAA":"10"}}},{"type":"Feature","geometry":{"type":"Point","coordinates":[-0.261361,39.173056]},"properties":{"id":"es-4108","source":"ES","brand":"BP FARO DE CULLERA","address":"C/ SUECA, 34","municipality":"Cullera","province":"VALENCIA / VALÈNCIA","postalCode":"46400","schedule":"L-S: 06:00-22:00; D: 07:00-22:00","fuels":{"gasoline95":1.829,"gasoline98":1.969,"diesel":1.909,"dieselPremium":1.999},"extra":{"saleType":"P","margin":"N","reportingType":"OM","ideess":"4108","idMunicipio":"7073","idProvincia":"46","idCCAA":"10"}}},{"type":"Feature","geometry":{"type":"Point","coordinates":[-0.226417,39.039056]},"properties":{"id":"es-4109","source":"ES","brand":"BP AP7 LA SAFOR VALENCIA","address":"AUTOPISTA AP-7 (MRG.IZDO.) KM. 570","municipality":"Xeraco","province":"VALENCIA / VALÈNCIA","postalCode":"46770","schedule":"L-D: 24H","fuels":{"gasoline95":1.839,"gasoline98":1.979,"diesel":1.939,"dieselPremium":2.029,"adblue":1.265},"extra":{"saleType":"P","margin":"I","reportingType":"OM","ideess":"4109","idMunicipio":"7226","idProvincia":"46","idCCAA":"10"}}},{"type":"Feature","geometry":{"type":"Point","coordinates":[-0.228139,39.040833]},"properties":{"id":"es-4110","source":"ES","brand":"BP AP7 LA SAFOR ALICANTE","address":"AUTOPISTA AP-7 (MRG.DCHO.) KM. 570","municipality":"Xeraco","province":"VALENCIA / VALÈNCIA","postalCode":"46770","schedule":"L-D: 24H","fuels":{"gasoline95":1.839,"gasoline98":1.979,"diesel":1.939,"dieselPremium":2.029,"adblue":1.265},"extra":{"saleType":"P","margin":"D","reportingType":"OM","ideess":"4110","idMunicipio":"7226","idProvincia":"46","idCCAA":"10"}}},{"type":"Feature","geometry":{"type":"Point","coordinates":[-0.30225,39.649528]},"properties":{"id":"es-4111","source":"ES","brand":"REP","address":"AUTOPISTA AP-7 (MRG.DCHO.) KM. 479,5","municipality":"Sagunto/Sagunt","province":"VALENCIA / VALÈNCIA","postalCode":"46500","schedule":"L-D: 24H","fuels":{"gasoline95":1.865,"gasoline98":1.985,"diesel":1.949,"dieselPremium":2.009,"lpg":1.129},"extra":{"saleType":"P","margin":"D","reportingType":"OM","ideess":"4111","idMunicipio":"7183","idProvincia":"46","idCCAA":"10"}}},{"type":"Feature","geometry":{"type":"Point","coordinates":[-0.514278,39.228]},"properties":{"id":"es-4113","source":"ES","brand":"E.S. LA PONDEROSA","address":"CARRETERA CRUZ NEGRA S/N KM. 0","municipality":"Carlet","province":"VALENCIA / VALÈNCIA","postalCode":"46240","schedule":"L-D: 06:00-22:00","fuels":{"gasoline95":1.599,"gasoline98":1.699,"diesel":1.749,"dieselPremium":1.809,"dieselB":1.379},"extra":{"saleType":"P","margin":"N","reportingType":"dm","ideess":"4113","idMunicipio":"7051","idProvincia":"46","idCCAA":"10"}}},{"type":"Feature","geometry":{"type":"Point","coordinates":[-0.529111,39.234722]},"properties":{"id":"es-4114","source":"ES","brand":"E.S. EL CORTIJO","address":"CALLE VILLANUEVA, 122","municipality":"Carlet","province":"VALENCIA / VALÈNCIA","postalCode":"46240","schedule":"L-V: 07:00-21:00; S: 09:00-13:00 y 18:00-22:00","fuels":{"gasoline95":1.599,"diesel":1.809,"dieselPremium":1.839,"dieselB":1.379},"extra":{"saleType":"P","margin":"N","reportingType":"dm","ideess":"4114","idMunicipio":"7051","idProvincia":"46","idCCAA":"10"}}},{"type":"Feature","geometry":{"type":"Point","coordinates":[-0.485028,39.18775]},"properties":{"id":"es-4115","source":"ES","brand":"SERVICOOP +","address":"AVENIDA DE LA DIPUTACIÓN, 2, ","municipality":"Guadassuar","province":"VALENCIA / VALÈNCIA","postalCode":"46610","schedule":"L-D: 24H","fuels":{"gasoline95":1.609,"diesel":1.809,"adblue":0.73},"extra":{"saleType":"P","margin":"N","reportingType":"dm","ideess":"4115","idMunicipio":"7101","idProvincia":"46","idCCAA":"10"}}},{"type":"Feature","geometry":{"type":"Point","coordinates":[-0.505639,39.368778]},"properties":{"id":"es-4116","source":"ES","brand":"TAMOIL","address":"CARRETERA VP-3065 KM. 18,4","municipality":"Picassent","province":"VALENCIA / VALÈNCIA","postalCode":"46220","schedule":"L-D: 24H","fuels":{"gasoline95":1.689,"gasoline98":1.789,"diesel":1.789,"biodiesel":1.759,"adblue":0.899},"extra":{"saleType":"P","margin":"N","reportingType":"OM","ideess":"4116","idMunicipio":"7153","idProvincia":"46","idCCAA":"10"}}},{"type":"Feature","geometry":{"type":"Point","coordinates":[-0.487639,39.227528]},"properties":{"id":"es-4117","source":"ES","brand":"BP LA REINA CARLET","address":"N-340 P.I. La Reina km 875,700","municipality":"Carlet","province":"VALENCIA / VALÈNCIA","postalCode":"46240","schedule":"L-D: 24H","fuels":{"gasoline95":1.805,"gasoline98":1.945,"diesel":1.899,"dieselPremium":1.989,"dieselRenewable":1.989,"adblue":1.265},"extra":{"saleType":"P","margin":"N","reportingType":"OM","ideess":"4117","idMunicipio":"7051","idProvincia":"46","idCCAA":"10"}}},{"type":"Feature","geometry":{"type":"Point","coordinates":[-0.360389,39.489278]},"properties":{"id":"es-4120","source":"ES","brand":"GALP","address":"CALLE EMILIO BARO, 69","municipality":"Valencia","province":"VALENCIA / VALÈNCIA","postalCode":"46020","schedule":"L-D: 06:00-22:00","fuels":{"gasoline95":1.779,"gasoline95Premium":1.829,"diesel":1.849,"dieselPremium":1.899},"extra":{"saleType":"P","margin":"N","reportingType":"OM","ideess":"4120","idMunicipio":"7214","idProvincia":"46","idCCAA":"10"}}},{"type":"Feature","geometry":{"type":"Point","coordinates":[-0.449944,39.288389]},"properties":{"id":"es-4122","source":"ES","brand":"REPSOL","address":"CARRETERA CRTA CV 520 KM. 5 KM. 0","municipality":"Benifaió","province":"VALENCIA / VALÈNCIA","postalCode":"46450","schedule":"L-D: 06:00-22:00","fuels":{"gasoline95":1.829,"gasoline98":1.989,"diesel":1.966,"dieselPremium":1.985},"extra":{"saleType":"P","margin":"I","reportingType":"dm","ideess":"4122","idMunicipio":"7024","idProvincia":"46","idCCAA":"10"}}},{"type":"Feature","geometry":{"type":"Point","coordinates":[-0.401167,39.500111]},"properties":{"id":"es-4123","source":"ES","brand":"GALP","address":"CALLE DE VALENCIA, 4","municipality":"Burjassot","province":"VALENCIA / VALÈNCIA","postalCode":"46100","schedule":"L-V: 06:00-22:00; S-D: 07:00-22:00","fuels":{"gasoline95":1.779,"gasoline98":1.919,"diesel":1.849,"dieselRenewable":1.899},"extra":{"saleType":"P","margin":"N","reportingType":"OM","ideess":"4123","idMunicipio":"7044","idProvincia":"46","idCCAA":"10"}}},{"type":"Feature","geometry":{"type":"Point","coordinates":[-0.467583,39.456833]},"properties":{"id":"es-4124","source":"ES","brand":"GALP","address":"CALLE CUENCA, 59","municipality":"Alaquàs","province":"VALENCIA / VALÈNCIA","postalCode":"46970","schedule":"L-S: 06:00-22:00; D: 07:00-22:00","fuels":{"gasoline95":1.799,"gasoline98":1.899,"diesel":1.919,"adblue":0.995},"extra":{"saleType":"P","margin":"N","reportingType":"dm","ideess":"4124","idMunicipio":"6971","idProvincia":"46","idCCAA":"10"}}},{"type":"Feature","geometry":{"type":"Point","coordinates":[-0.366778,39.532389]},"properties":{"id":"es-4125","source":"ES","brand":"GALP","address":"CARRETERA 304 KM. 2,8","municipality":"Vinalesa","province":"VALENCIA / VALÈNCIA","postalCode":"46114","schedule":"L-D: 06:30-21:30","fuels":{"gasoline95":1.836,"diesel":1.916,"dieselPremium":1.996},"extra":{"saleType":"P","margin":"N","reportingType":"dm","ideess":"4125","idMunicipio":"7224","idProvincia":"46","idCCAA":"10"}}},{"type":"Feature","geometry":{"type":"Point","coordinates":[-0.323722,39.587417]},"properties":{"id":"es-4127","source":"ES","brand":"REPSOL","address":"CAMINO CEBOLLA, 45","municipality":"Rafelbuñol/Rafelbunyol","province":"VALENCIA / VALÈNCIA","postalCode":"46138","schedule":"L-D: 06:00-22:00","fuels":{"gasoline95":1.829,"gasoline98":1.989,"diesel":1.905,"dieselPremium":1.965},"extra":{"saleType":"P","margin":"D","reportingType":"OM","ideess":"4127","idMunicipio":"7170","idProvincia":"46","idCCAA":"10"}}},{"type":"Feature","geometry":{"type":"Point","coordinates":[-0.398056,39.415528]},"properties":{"id":"es-4128","source":"ES","brand":"GASOLINERA ALFAFAR","address":"Pgno. nº 3 - Parcela H-11","municipality":"Alfafar","province":"VALENCIA / VALÈNCIA","postalCode":"46910","schedule":"L-D: 06:00-22:00","fuels":{"gasoline95":1.549,"diesel":1.659},"extra":{"saleType":"P","margin":"N","reportingType":"OM","ideess":"4128","idMunicipio":"6987","idProvincia":"46","idCCAA":"10"}}},{"type":"Feature","geometry":{"type":"Point","coordinates":[-0.405417,39.456361]},"properties":{"id":"es-4129","source":"ES","brand":"GALP","address":"C/ Pedrapriquers, 9 (Esq. Archiduque Carlos)","municipality":"Valencia","province":"VALENCIA / VALÈNCIA","postalCode":"46014","schedule":"L-D: 06:00-22:00","fuels":{"gasoline95":1.759,"gasoline98":1.919,"diesel":1.859,"dieselPremium":1.909,"dieselRenewable":1.949},"extra":{"saleType":"P","margin":"N","reportingType":"OM","ideess":"4129","idMunicipio":"7214","idProvincia":"46","idCCAA":"10"}}},{"type":"Feature","geometry":{"type":"Point","coordinates":[-0.335667,39.464528]},"properties":{"id":"es-4130","source":"ES","brand":"GALP","address":"C/SERRERÍA, 14","municipality":"Valencia","province":"VALENCIA / VALÈNCIA","postalCode":"46011","schedule":"L-D: 24H","fuels":{"gasoline95":1.754,"gasoline98":1.894,"diesel":1.834,"dieselRenewable":1.924},"extra":{"saleType":"P","margin":"N","reportingType":"OM","ideess":"4130","idMunicipio":"7214","idProvincia":"46","idCCAA":"10"}}},{"type":"Feature","geometry":{"type":"Point","coordinates":[-0.324472,39.504528]},"properties":{"id":"es-4131","source":"ES","brand":"ALCAMPO S.A.","address":"C.C.ALCAMPO km A-7 SAL 2","municipality":"Alboraya","province":"VALENCIA / VALÈNCIA","postalCode":"46120","schedule":"L-D: 24H","fuels":{"gasoline95":1.649,"gasoline98":1.799,"diesel":1.709,"dieselPremium":1.739},"extra":{"saleType":"P","margin":"N","reportingType":"dm","ideess":"4131","idMunicipio":"6979","idProvincia":"46","idCCAA":"10"}}},{"type":"Feature","geometry":{"type":"Point","coordinates":[-0.474306,39.530694]},"properties":{"id":"es-7965","source":"ES","brand":"PLENERGY","address":"CALLE 29, 90","municipality":"Paterna","province":"VALENCIA / VALÈNCIA","postalCode":"46182","schedule":"L-D: 24H","fuels":{"gasoline95":1.679,"diesel":1.759},"extra":{"saleType":"P","margin":"D","reportingType":"dm","ideess":"7965","idMunicipio":"7149","idProvincia":"46","idCCAA":"10"}}},{"type":"Feature","geometry":{"type":"Point","coordinates":[-0.396389,39.421389]},"properties":{"id":"es-8072","source":"ES","brand":"E.S. BENETUSER","address":"AVENIDA CAMI NOU, 110","municipality":"Benetússer","province":"VALENCIA / VALÈNCIA","postalCode":"46910","schedule":"L-S: 06:00-22:00; D: 06:30-21:30","fuels":{"gasoline95":1.628,"gasoline98":1.788,"diesel":1.768,"dieselB":1.348},"extra":{"saleType":"P","margin":"N","reportingType":"dm","ideess":"8072","idMunicipio":"7019","idProvincia":"46","idCCAA":"10"}}},{"type":"Feature","geometry":{"type":"Point","coordinates":[-0.374,39.424333]},"properties":{"id":"es-8169","source":"ES","brand":"REPSOL","address":"AUTOVIA V-31 (PISTA DE SILLA) km 11,275","municipality":"Sedaví","province":"VALENCIA / VALÈNCIA","postalCode":"46910","schedule":"L-D: 06:00-22:00","fuels":{"gasoline95":1.849,"gasoline98":2.009,"diesel":1.919,"dieselRenewable":2.029,"lpg":1.145,"adblue":1.15},"extra":{"saleType":"P","margin":"I","reportingType":"dm","ideess":"8169","idMunicipio":"7187","idProvincia":"46","idCCAA":"10"}}},{"type":"Feature","geometry":{"type":"Point","coordinates":[-0.215528,39.040556]},"properties":{"id":"es-8170","source":"ES","brand":"MEROIL","address":"CARRETERA LA PLAYA KM. 1,5","municipality":"Xeraco","province":"VALENCIA / VALÈNCIA","postalCode":"46770","schedule":"L: 06:00-22:00","fuels":{"gasoline95":1.839,"gasoline98":1.919,"diesel":1.939,"adblue":0.9},"extra":{"saleType":"P","margin":"D","reportingType":"dm","ideess":"8170","idMunicipio":"7226","idProvincia":"46","idCCAA":"10"}}},{"type":"Feature","geometry":{"type":"Point","coordinates":[-0.265361,39.678333]},"properties":{"id":"es-8171","source":"ES","brand":"OCTAPLUS","address":"AVENIDA DE LA VILA, SN","municipality":"Sagunto/Sagunt","province":"VALENCIA / VALÈNCIA","postalCode":"46500","schedule":"L-D: 07:00-22:00","fuels":{"gasoline95":1.585,"gasoline98":1.675,"diesel":1.755,"dieselPremium":1.8,"lpg":0.895,"adblue":0.799},"extra":{"saleType":"P","margin":"N","reportingType":"dm","ideess":"8171","idMunicipio":"7183","idProvincia":"46","idCCAA":"10"}}},{"type":"Feature","geometry":{"type":"Point","coordinates":[-0.305139,39.620333]},"properties":{"id":"es-8172","source":"ES","brand":"COPUZOL","address":"POLIGONO SPI-1 PARCELA 2, 2","municipality":"Puçol","province":"VALENCIA / VALÈNCIA","postalCode":"46530","schedule":"L-V: 06:00-22:00; S-D: 07:00-21:00","fuels":{"gasoline95":1.609,"gasoline98":1.809,"diesel":1.729,"dieselB":1.459},"extra":{"saleType":"P","margin":"N","reportingType":"dm","ideess":"8172","idMunicipio":"7162","idProvincia":"46","idCCAA":"10"}}},{"type":"Feature","geometry":{"type":"Point","coordinates":[-0.446194,39.1285]},"properties":{"id":"es-8281","source":"ES","brand":"FAMILY ENERGY","address":"AVENIDA BOTICARI BODI (C.C. RIBERA DEL XUQUER), 28","municipality":"Carcaixent","province":"VALENCIA / VALÈNCIA","postalCode":"46740","schedule":"L-S: 07:00-22:00; D: 09:00-22:00","fuels":{"gasoline95":1.569,"gasoline98":1.699,"diesel":1.679,"dieselPremium":1.799},"extra":{"saleType":"P","margin":"N","reportingType":"dm","ideess":"8281","idMunicipio":"7049","idProvincia":"46","idCCAA":"10"}}},{"type":"Feature","geometry":{"type":"Point","coordinates":[-0.345722,39.464]},"properties":{"id":"es-8340","source":"ES","brand":"FULL & GO","address":"AVENIDA PUERTO DEL, 147","municipality":"Valencia","province":"VALENCIA / VALÈNCIA","postalCode":"46022","schedule":"L-D: 24H","fuels":{"gasoline95":1.679,"gasoline98":1.799,"diesel":1.759,"dieselPremium":1.789,"lpg":0.939},"extra":{"saleType":"P","margin":"N","reportingType":"dm","ideess":"8340","idMunicipio":"7214","idProvincia":"46","idCCAA":"10"}}},{"type":"Feature","geometry":{"type":"Point","coordinates":[-0.398528,39.487917]},"properties":{"id":"es-8364","source":"ES","brand":"LB ENERGIA","address":"AVENIDA CORTES VALENCIANAS, 3","municipality":"Valencia","province":"VALENCIA / VALÈNCIA","postalCode":"46015","schedule":"L-D: 24H","fuels":{"gasoline95":1.699,"gasoline98":1.799,"diesel":1.769,"dieselPremium":1.799},"extra":{"saleType":"P","margin":"D","reportingType":"dm","ideess":"8364","idMunicipio":"7214","idProvincia":"46","idCCAA":"10"}}},{"type":"Feature","geometry":{"type":"Point","coordinates":[-0.332389,39.510167]},"properties":{"id":"es-8366","source":"ES","brand":"GASOLINERA ES","address":"CARRETERA VV-7002 KM. 4,2","municipality":"Alboraya","province":"VALENCIA / VALÈNCIA","postalCode":"46120","schedule":"L-D: 06:30-22:30","fuels":{"gasoline95":1.728,"gasoline98":1.828,"diesel":1.843,"dieselPremium":1.893},"extra":{"saleType":"P","margin":"D","reportingType":"dm","ideess":"8366","idMunicipio":"6979","idProvincia":"46","idCCAA":"10"}}},{"type":"Feature","geometry":{"type":"Point","coordinates":[-0.407611,39.410583]},"properties":{"id":"es-8367","source":"ES","brand":"REPSOL - E.S. HORTETA","address":"AVENIDA GENERALITAT VALENCIANA, 20","municipality":"Catarroja","province":"VALENCIA / VALÈNCIA","postalCode":"46470","schedule":"L-S: 06:00-22:00; D: 07:00-22:00","fuels":{"gasoline95":1.869,"gasoline98":1.999,"diesel":1.969,"dieselPremium":2.059,"adblue":1.49},"extra":{"saleType":"P","margin":"N","reportingType":"dm","ideess":"8367","idMunicipio":"7060","idProvincia":"46","idCCAA":"10"}}},{"type":"Feature","geometry":{"type":"Point","coordinates":[-0.427444,39.435944]},"properties":{"id":"es-8368","source":"ES","brand":"REPSOL - E.S. FAITANAR","address":"PICANYA- LA TORRE km 1","municipality":"Picanya","province":"VALENCIA / VALÈNCIA","postalCode":"46210","schedule":"L-S: 06:00-22:00; D: 07:00-21:00","fuels":{"gasoline95":1.859,"gasoline98":1.989,"diesel":1.959,"dieselPremium":2.039,"adblue":1.49},"extra":{"saleType":"P","margin":"D","reportingType":"dm","ideess":"8368","idMunicipio":"7152","idProvincia":"46","idCCAA":"10"}}},{"type":"Feature","geometry":{"type":"Point","coordinates":[-0.528528,39.119222]},"properties":{"id":"es-8539","source":"ES","brand":"EXOIL ALBERIC","address":"CALLE TOUS, S/N","municipality":"Alberic","province":"VALENCIA / VALÈNCIA","postalCode":"46260","schedule":"L-D: 06:00-22:00","fuels":{"gasoline95":1.599,"diesel":1.769,"dieselB":1.569},"extra":{"saleType":"P","margin":"N","reportingType":"dm","ideess":"8539","idMunicipio":"6977","idProvincia":"46","idCCAA":"10"}}},{"type":"Feature","geometry":{"type":"Point","coordinates":[-0.410583,39.386694]},"properties":{"id":"es-8541","source":"ES","brand":"SHELL","address":"CARRETERA V: 302 KM. 233,84","municipality":"Beniparrell","province":"VALENCIA / VALÈNCIA","postalCode":"46469","schedule":"L-S: 05:00-23:00","fuels":{"gasoline95":1.799,"gasoline98":1.939,"diesel":1.919,"dieselPremium":1.999,"lpg":1.059,"adblue":1.25},"extra":{"saleType":"P","margin":"D","reportingType":"OM","ideess":"8541","idMunicipio":"7031","idProvincia":"46","idCCAA":"10"}}},{"type":"Feature","geometry":{"type":"Point","coordinates":[-0.4695,39.582889]},"properties":{"id":"es-8542","source":"ES","brand":"E.S. SHELL BETERA","address":"CARRETERA CTRA.SAN ANTONIO DE BENAGEBER-BETERA PK.3,480 KM. 3,480","municipality":"Bétera","province":"VALENCIA / VALÈNCIA","postalCode":"46117","schedule":"L-D: 06:00-22:00","fuels":{"gasoline95":1.819,"gasoline98":1.967,"diesel":1.899,"dieselPremium":1.997},"extra":{"saleType":"P","margin":"D","reportingType":"dm","ideess":"8542","idMunicipio":"7036","idProvincia":"46","idCCAA":"10"}}},{"type":"Feature","geometry":{"type":"Point","coordinates":[-0.446361,39.501528]},"properties":{"id":"es-8549","source":"ES","brand":"SHELL","address":"CALLE CRISTO DE LA FE, 43","municipality":"Paterna","province":"VALENCIA / VALÈNCIA","postalCode":"46980","schedule":"L-D: 05:00-23:00","fuels":{"gasoline95":1.699,"gasoline98":1.839,"diesel":1.799,"dieselPremium":1.879},"extra":{"saleType":"P","margin":"N","reportingType":"OM","ideess":"8549","idMunicipio":"7149","idProvincia":"46","idCCAA":"10"}}},{"type":"Feature","geometry":{"type":"Point","coordinates":[-0.337222,39.463556]},"properties":{"id":"es-8551","source":"ES","brand":"SHELL","address":"CALLE SERRERIA, 19","municipality":"Valencia","province":"VALENCIA / VALÈNCIA","postalCode":"46022","schedule":"L-D: 24H","fuels":{"gasoline95":1.749,"gasoline98":1.889,"diesel":1.819,"dieselPremium":1.899,"lpg":1.039},"extra":{"saleType":"P","margin":"N","reportingType":"OM","ideess":"8551","idMunicipio":"7214","idProvincia":"46","idCCAA":"10"}}},{"type":"Feature","geometry":{"type":"Point","coordinates":[-0.089444,39.947944]},"properties":{"id":"es-8893","source":"ES","brand":"COOPERATIVA CATOLICO AGRARIA COOP.V.","address":"AVENIDA CASTELLO, 75","municipality":"Villarreal/Vila-real","province":"CASTELLÓN / CASTELLÓ","postalCode":"12540","schedule":"L-D: 24H","fuels":{"gasoline95":1.649,"diesel":1.789,"dieselB":1.489,"lpg":1.098,"adblue":0.769},"extra":{"saleType":"P","margin":"N","reportingType":"dm","ideess":"8893","idMunicipio":"1929","idProvincia":"12","idCCAA":"10"}}},{"type":"Feature","geometry":{"type":"Point","coordinates":[-0.498667,39.442778]},"properties":{"id":"es-8901","source":"ES","brand":"GAS DEL MAS","address":"CALLE DELS LLIBRERS, 7","municipality":"Torrent","province":"VALENCIA / VALÈNCIA","postalCode":"46900","schedule":"L-D: 24H","fuels":{"gasoline95":1.619,"diesel":1.759,"adblue":1.045},"extra":{"saleType":"P","margin":"N","reportingType":"dm","ideess":"8901","idMunicipio":"7208","idProvincia":"46","idCCAA":"10"}}},{"type":"Feature","geometry":{"type":"Point","coordinates":[-0.472917,39.448583]},"properties":{"id":"es-8959","source":"ES","brand":"GALP - AMERICAN PETROL","address":"CL. ALADRERS, 16 POLIGONO INDUSTRIAL ELS MOLLONS","municipality":"Alaquàs","province":"VALENCIA / VALÈNCIA","postalCode":"46970","schedule":"L-D: 24H","fuels":{"gasoline95":1.779,"diesel":1.899},"extra":{"saleType":"P","margin":"N","reportingType":"dm","ideess":"8959","idMunicipio":"6971","idProvincia":"46","idCCAA":"10"}}},{"type":"Feature","geometry":{"type":"Point","coordinates":[-0.460972,39.261222]},"properties":{"id":"es-8987","source":"ES","brand":"PETROLEOS CN-340","address":"CALLE TRULLAS, S/N","municipality":"Alginet","province":"VALENCIA / VALÈNCIA","postalCode":"46230","schedule":"L-D: 06:00-22:00","fuels":{"gasoline95":1.679,"gasoline98":1.759,"diesel":1.839,"dieselB":1.499,"lpg":0.939,"adblue":0.999},"extra":{"saleType":"P","margin":"D","reportingType":"dm","ideess":"8987","idMunicipio":"6996","idProvincia":"46","idCCAA":"10"}}},{"type":"Feature","geometry":{"type":"Point","coordinates":[-0.538056,39.591556]},"properties":{"id":"es-9002","source":"ES","brand":"GASOLEOS LA ELIANA","address":"CALLE BRUSELAS, 13","municipality":"Pobla de Vallbona (la)","province":"VALENCIA / VALÈNCIA","postalCode":"46185","schedule":"L-D: 24H","fuels":{"gasoline95":1.609,"diesel":1.729},"extra":{"saleType":"P","margin":"N","reportingType":"dm","ideess":"9002","idMunicipio":"7157","idProvincia":"46","idCCAA":"10"}}},{"type":"Feature","geometry":{"type":"Point","coordinates":[-0.430833,39.813056]},"properties":{"id":"es-9021","source":"ES","brand":"COOP. Nª Sª DE LA ASUNCION DE SONEJA","address":"CARRETERA TERUEL, S/N KM. 0","municipality":"Soneja","province":"CASTELLÓN / CASTELLÓ","postalCode":"12480","schedule":"L-D: 24H","fuels":{"gasoline95":1.623,"diesel":1.78,"dieselB":1.4},"extra":{"saleType":"P","margin":"D","reportingType":"dm","ideess":"9021","idMunicipio":"1904","idProvincia":"12","idCCAA":"10"}}},{"type":"Feature","geometry":{"type":"Point","coordinates":[-0.510639,39.847833]},"properties":{"id":"es-9025","source":"ES","brand":"COOP.SAGRADO CORAZON DE ALTURA","address":"AVDA. VALENCIA, Nº 47","municipality":"Altura","province":"CASTELLÓN / CASTELLÓ","postalCode":"12410","schedule":"L-D: 24H","fuels":{"gasoline95":1.639,"diesel":1.799,"dieselB":1.419},"extra":{"saleType":"P","margin":"D","reportingType":"dm","ideess":"9025","idMunicipio":"1817","idProvincia":"12","idCCAA":"10"}}},{"type":"Feature","geometry":{"type":"Point","coordinates":[-0.566139,39.911472]},"properties":{"id":"es-9029","source":"ES","brand":"COOP. DIVINA PASTORA DE JERICA","address":"C/CASTELLÓN, S/N","municipality":"Jérica","province":"CASTELLÓN / CASTELLÓ","postalCode":"12450","schedule":"L-D: 24H","fuels":{"gasoline95":1.679,"diesel":1.869,"dieselB":1.508},"extra":{"saleType":"P","margin":"D","reportingType":"dm","ideess":"9029","idMunicipio":"1869","idProvincia":"12","idCCAA":"10"}}},{"type":"Feature","geometry":{"type":"Point","coordinates":[-0.08875,39.88325]},"properties":{"id":"es-9031","source":"ES","brand":"COOP. SAN JOSE DE BURRIANA","address":"AVDA. LLOMBAI, S/N","municipality":"Burriana","province":"CASTELLÓN / CASTELLÓ","postalCode":"12530","schedule":"L-D: 06:00-23:00","fuels":{"gasoline95":1.729,"diesel":1.922,"dieselB":1.74},"extra":{"saleType":"P","margin":"D","reportingType":"dm","ideess":"9031","idMunicipio":"1835","idProvincia":"12","idCCAA":"10"}}},{"type":"Feature","geometry":{"type":"Point","coordinates":[-0.594361,39.919361]},"properties":{"id":"es-9033","source":"ES","brand":"COOPERATIVA DE VIVER","address":"C/ ABADIA, Nº 4","municipality":"Viver","province":"CASTELLÓN / CASTELLÓ","postalCode":"12460","schedule":"L-D: 24H","fuels":{"gasoline95":1.659,"diesel":1.839,"dieselB":1.489},"extra":{"saleType":"P","margin":"D","reportingType":"dm","ideess":"9033","idMunicipio":"1938","idProvincia":"12","idCCAA":"10"}}},{"type":"Feature","geometry":{"type":"Point","coordinates":[-0.507083,39.076806]},"properties":{"id":"es-9081","source":"ES","brand":"MASIP","address":"CALLE DIPUTACION, 22","municipality":"Villanueva de Castellón","province":"VALENCIA / VALÈNCIA","postalCode":"46270","schedule":"L-D: 24H","fuels":{"gasoline95":1.585,"diesel":1.769,"dieselB":1.479,"adblue":0.769},"extra":{"saleType":"P","margin":"D","reportingType":"dm","ideess":"9081","idMunicipio":"7221","idProvincia":"46","idCCAA":"10"}}},{"type":"Feature","geometry":{"type":"Point","coordinates":[-0.611806,39.3425]},"properties":{"id":"es-9183","source":"ES","brand":"CENTRE LA ALQUERIA","address":"CARRETERA MONSERRAT-MONTROY CV-405 KM. 1,8","municipality":"Montroy","province":"VALENCIA / VALÈNCIA","postalCode":"46193","schedule":"L-D: 06:00-22:00","fuels":{"gasoline95":1.659,"diesel":1.799,"dieselPremium":1.839,"dieselB":1.459,"adblue":0.879},"extra":{"saleType":"P","margin":"N","reportingType":"dm","ideess":"9183","idMunicipio":"7134","idProvincia":"46","idCCAA":"10"}}},{"type":"Feature","geometry":{"type":"Point","coordinates":[-0.281972,39.656694]},"properties":{"id":"es-9247","source":"ES","brand":"CARBURANTES SAGUNTO","address":"CTRA V-23 km 3,700","municipality":"Sagunto/Sagunt","province":"VALENCIA / VALÈNCIA","postalCode":"46500","schedule":"L-D: 24H","fuels":{"gasoline95":1.599,"gasoline98":1.959,"diesel":1.749,"dieselPremium":1.869},"extra":{"saleType":"P","margin":"I","reportingType":"dm","ideess":"9247","idMunicipio":"7183","idProvincia":"46","idCCAA":"10"}}},{"type":"Feature","geometry":{"type":"Point","coordinates":[-0.543222,39.589389]},"properties":{"id":"es-9329","source":"ES","brand":"PLENERGY","address":"CALLE AUGUSTO DANVILA, 181","municipality":"Pobla de Vallbona (la)","province":"VALENCIA / VALÈNCIA","postalCode":"46185","schedule":"L-D: 24H","fuels":{"gasoline95":1.595,"diesel":1.695},"extra":{"saleType":"P","margin":"D","reportingType":"dm","ideess":"9329","idMunicipio":"7157","idProvincia":"46","idCCAA":"10"}}},{"type":"Feature","geometry":{"type":"Point","coordinates":[-0.446583,39.374]},"properties":{"id":"es-9333","source":"ES","brand":"AGRICOLA SAN JOSE ALCASSER COOP.V.","address":"AVENIDA TORRENT, S/N","municipality":"Alcàsser","province":"VALENCIA / VALÈNCIA","postalCode":"46290","schedule":"L-D: 24H","fuels":{"gasoline95":1.628,"diesel":1.758,"dieselB":1.458},"extra":{"saleType":"P","margin":"D","reportingType":"dm","ideess":"9333","idMunicipio":"6982","idProvincia":"46","idCCAA":"10"}}},{"type":"Feature","geometry":{"type":"Point","coordinates":[-0.412361,39.526722]},"properties":{"id":"es-9380","source":"ES","brand":"SHELL","address":"CALLE FUSTERS, 26","municipality":"Godella","province":"VALENCIA / VALÈNCIA","postalCode":"46110","schedule":"L-D: 06:00-00:00","fuels":{"gasoline95":1.725,"gasoline98":1.865,"diesel":1.799,"dieselPremium":1.879},"extra":{"saleType":"P","margin":"D","reportingType":"OM","ideess":"9380","idMunicipio":"7097","idProvincia":"46","idCCAA":"10"}}},{"type":"Feature","geometry":{"type":"Point","coordinates":[-0.366,39.748917]},"properties":{"id":"es-9399","source":"ES","brand":"COOP EL PORVENIR","address":"AVENIDA VALENCIA, 32","municipality":"Algimia de Alfara","province":"VALENCIA / VALÈNCIA","postalCode":"46148","schedule":"L-D: 24H","fuels":{"gasoline95":1.629,"diesel":1.759},"extra":{"saleType":"P","margin":"D","reportingType":"dm","ideess":"9399","idMunicipio":"6995","idProvincia":"46","idCCAA":"10"}}},{"type":"Feature","geometry":{"type":"Point","coordinates":[-0.080111,39.894167]},"properties":{"id":"es-9409","source":"ES","brand":"GRUPO MAICAS PEIRO S.L.U.","address":"CARRETERA C-236, KM.0,30 KM. ","municipality":"Burriana","province":"CASTELLÓN / CASTELLÓ","postalCode":"12530","schedule":"L-D: 06:00-22:00","fuels":{"gasoline95":1.749,"gasoline98":1.909,"diesel":1.929,"dieselPremium":2.019},"extra":{"saleType":"P","margin":"D","reportingType":"dm","ideess":"9409","idMunicipio":"1835","idProvincia":"12","idCCAA":"10"}}},{"type":"Feature","geometry":{"type":"Point","coordinates":[-0.5445,39.059528]},"properties":{"id":"es-9444","source":"ES","brand":"GALP","address":"AUTOVIA A7 KM. 389,80","municipality":"Beneixida","province":"VALENCIA / VALÈNCIA","postalCode":"46293","schedule":"L-D: 06:00-22:00","fuels":{"gasoline95":1.699,"diesel":1.699,"dieselPremium":1.699,"dieselB":1.599,"dieselRenewable":1.599,"adblue":1.059},"extra":{"saleType":"P","margin":"I","reportingType":"dm","ideess":"9444","idMunicipio":"7018","idProvincia":"46","idCCAA":"10"}}},{"type":"Feature","geometry":{"type":"Point","coordinates":[-0.29925,39.552444]},"properties":{"id":"es-9457","source":"ES","brand":"PLENERGY","address":"CARRETERA GOMBALDA KM. S/N","municipality":"Massalfassar","province":"VALENCIA / VALÈNCIA","postalCode":"46560","schedule":"L-D: 24H","fuels":{"gasoline95":1.659,"diesel":1.769},"extra":{"saleType":"P","margin":"D","reportingType":"dm","ideess":"9457","idMunicipio":"7122","idProvincia":"46","idCCAA":"10"}}},{"type":"Feature","geometry":{"type":"Point","coordinates":[-0.650361,39.656917]},"properties":{"id":"es-9520","source":"ES","brand":"GALP","address":"AUTOVIA CV35 KM. 32,5","municipality":"Llíria","province":"VALENCIA / VALÈNCIA","postalCode":"46160","schedule":"L-D: 24H","fuels":{"gasoline95":1.819,"diesel":1.919,"dieselPremium":2.009,"adblue":0.799},"extra":{"saleType":"P","margin":"D","reportingType":"OM","ideess":"9520","idMunicipio":"7108","idProvincia":"46","idCCAA":"10"}}},{"type":"Feature","geometry":{"type":"Point","coordinates":[-0.508139,39.129667]},"properties":{"id":"es-9616","source":"ES","brand":"REPSOL","address":"CARRETERA CV.550 CTRA. ALBERIC-ALZIRA KM. 1,4","municipality":"Alberic","province":"VALENCIA / VALÈNCIA","postalCode":"46260","schedule":"L-D: 06:00-22:00","fuels":{"gasoline95":1.859,"gasoline98":1.999,"diesel":1.949,"dieselPremium":1.999},"extra":{"saleType":"P","margin":"D","reportingType":"dm","ideess":"9616","idMunicipio":"6977","idProvincia":"46","idCCAA":"10"}}},{"type":"Feature","geometry":{"type":"Point","coordinates":[-0.535583,39.47275]},"properties":{"id":"es-9676","source":"ES","brand":"E.S. OLIVERAL A3,SL","address":"P.INDUSTRIAL EL OLIVERAL SUBPOLIGONO 2 (C-NIII km 341)","municipality":"Riba-roja de Túria","province":"VALENCIA / VALÈNCIA","postalCode":"46190","schedule":"L-D: 24H","fuels":{"diesel":1.915,"dieselB":1.654,"adblue":1.119},"extra":{"saleType":"P","margin":"D","reportingType":"dm","ideess":"9676","idMunicipio":"7177","idProvincia":"46","idCCAA":"10"}}},{"type":"Feature","geometry":{"type":"Point","coordinates":[-0.588889,39.586667]},"properties":{"id":"es-9751","source":"ES","brand":"RURAL SAN VICENTE FERRER","address":"CRUCE CALLES COOPERATIVA Y JUAN SUBIELA","municipality":"Benaguasil","province":"VALENCIA / VALÈNCIA","postalCode":"46180","schedule":"L-D: 24H","fuels":{"gasoline95":1.579,"diesel":1.749,"dieselB":1.41},"extra":{"saleType":"P","margin":"N","reportingType":"dm","ideess":"9751","idMunicipio":"7016","idProvincia":"46","idCCAA":"10"}}},{"type":"Feature","geometry":{"type":"Point","coordinates":[-0.650806,39.656361]},"properties":{"id":"es-9915","source":"ES","brand":"GALP","address":"AUTOVIA CV35 KM. 32,5","municipality":"Llíria","province":"VALENCIA / VALÈNCIA","postalCode":"46160","schedule":"L-D: 06:00-22:00","fuels":{"gasoline95":1.819,"diesel":1.919,"dieselPremium":2.009,"adblue":0.799},"extra":{"saleType":"P","margin":"I","reportingType":"OM","ideess":"9915","idMunicipio":"7108","idProvincia":"46","idCCAA":"10"}}},{"type":"Feature","geometry":{"type":"Point","coordinates":[-0.712083,39.697056]},"properties":{"id":"es-9970","source":"ES","brand":"E.S. AMADO S.L.","address":"VALENCIA ADEMUZ km 38","municipality":"Casinos","province":"VALENCIA / VALÈNCIA","postalCode":"46171","schedule":"L-V: 07:00-19:00","fuels":{"gasoline95":1.789,"gasoline98":1.959,"diesel":1.945,"dieselPremium":2.005,"dieselB":1.65},"extra":{"saleType":"P","margin":"I","reportingType":"OM","ideess":"9970","idMunicipio":"7055","idProvincia":"46","idCCAA":"10"}}}]}