{"type":"FeatureCollection","features":[{"type":"Feature","geometry":{"type":"Point","coordinates":[2.104444,41.808056]},"properties":{"id":"es-10001","source":"ES","brand":"AREA DIESEL","address":"AVINGUDA ZONA INDUSTRIAL, S/N","municipality":"Moià","province":"BARCELONA","postalCode":"08180","schedule":"L-D: 24H","fuels":{"gasoline95":1.499,"diesel":1.649},"extra":{"saleType":"P","margin":"N","reportingType":"dm","ideess":"10001","idMunicipio":"989","idProvincia":"08","idCCAA":"09"}}},{"type":"Feature","geometry":{"type":"Point","coordinates":[2.1515,41.489194]},"properties":{"id":"es-10141","source":"ES","brand":"MOEVE","address":"RONDA CERDANYOLA, S/N","municipality":"Cerdanyola del Vallès","province":"BARCELONA","postalCode":"08290","schedule":"L-D: 06:00-22:00","fuels":{"gasoline95":1.779,"gasoline95Premium":1.879,"diesel":1.979,"dieselPremium":2.049},"extra":{"saleType":"P","margin":"D","reportingType":"OM","ideess":"10141","idMunicipio":"931","idProvincia":"08","idCCAA":"09"}}},{"type":"Feature","geometry":{"type":"Point","coordinates":[2.266194,41.93375]},"properties":{"id":"es-10182","source":"ES","brand":"PRIMER- AREA VIC","address":"CALLE TORELLO, 65","municipality":"Vic","province":"BARCELONA","postalCode":"08500","schedule":"L-D: 07:00-21:00","fuels":{"gasoline95":1.469,"diesel":1.679},"extra":{"saleType":"P","margin":"D","reportingType":"dm","ideess":"10182","idMunicipio":"1158","idProvincia":"08","idCCAA":"09"}}},{"type":"Feature","geometry":{"type":"Point","coordinates":[2.128917,41.347611]},"properties":{"id":"es-10238","source":"ES","brand":"PORTUARIOS SERVICIOS","address":"CALLE PABLO IGLESIAS, 65","municipality":"Hospitalet de Llobregat (L')","province":"BARCELONA","postalCode":"08908","schedule":"L-D: 24H","fuels":{"diesel":1.77},"extra":{"saleType":"P","margin":"D","reportingType":"dm","ideess":"10238","idMunicipio":"965","idProvincia":"08","idCCAA":"09"}}},{"type":"Feature","geometry":{"type":"Point","coordinates":[2.833639,41.994472]},"properties":{"id":"es-10272","source":"ES","brand":"MIFASCET,SLU","address":"RDA. FORT ROIG, 21 (URB. MONTJUIC)","municipality":"Girona","province":"GIRONA","postalCode":"17007","schedule":"L-D: 24H","fuels":{"gasoline95":1.665,"gasoline98":1.85,"diesel":1.68,"dieselPremium":1.849},"extra":{"saleType":"P","margin":"D","reportingType":"dm","ideess":"10272","idMunicipio":"2524","idProvincia":"17","idCCAA":"09"}}},{"type":"Feature","geometry":{"type":"Point","coordinates":[2.168083,41.526139]},"properties":{"id":"es-10319","source":"ES","brand":"CEPSA","address":"AUTOPISTA AP-7 KM. 144","municipality":"Santa Perpètua de Mogoda","province":"BARCELONA","postalCode":"08130","schedule":"L-D: 24H","fuels":{"gasoline95":1.769,"gasoline98":1.909,"diesel":1.959,"dieselPremium":2.069,"lpg":1.119},"extra":{"saleType":"P","margin":"I","reportingType":"OM","ideess":"10319","idMunicipio":"1125","idProvincia":"08","idCCAA":"09"}}},{"type":"Feature","geometry":{"type":"Point","coordinates":[2.215,41.515194]},"properties":{"id":"es-10339","source":"ES","brand":"LOW COST SANT FOST VILACARBURANTS","address":"CARRETERA BV-5001 KM. 11,6","municipality":"Sant Fost de Campsentelles","province":"BARCELONA","postalCode":"08105","schedule":"L-D: 24H","fuels":{"gasoline95":1.575,"gasoline95Premium":1.635,"diesel":1.715,"dieselPremium":1.775,"dieselB":1.41,"adblue":0.919},"extra":{"saleType":"P","margin":"D","reportingType":"dm","ideess":"10339","idMunicipio":"1074","idProvincia":"08","idCCAA":"09"}}},{"type":"Feature","geometry":{"type":"Point","coordinates":[2.293083,41.525611]},"properties":{"id":"es-10341","source":"ES","brand":"BP COMERCIAL VALLROMANAS","address":"CARRETERA C5502 KM. 7,4","municipality":"Vallromanes","province":"BARCELONA","postalCode":"08188","schedule":"L-V: 08:00-16:00","fuels":{"gasoline95":1.774,"gasoline98":1.915,"diesel":1.949,"dieselPremium":2.039},"extra":{"saleType":"P","margin":"I","reportingType":"dm","ideess":"10341","idMunicipio":"1156","idProvincia":"08","idCCAA":"09"}}},{"type":"Feature","geometry":{"type":"Point","coordinates":[2.235944,41.82125]},"properties":{"id":"es-10363","source":"ES","brand":"ESTACIO DE SERVEIS BALENYA","address":"POL. IND. LA BOBILA PARC 1","municipality":"Balenyà","province":"BARCELONA","postalCode":"08550","schedule":"L-D: 7:00-21:00","fuels":{"gasoline95":1.599,"gasoline98":1.699,"diesel":1.699,"adblue":0.599},"extra":{"saleType":"P","margin":"D","reportingType":"dm","ideess":"10363","idMunicipio":"878","idProvincia":"08","idCCAA":"09"}}},{"type":"Feature","geometry":{"type":"Point","coordinates":[2.56925,41.596583]},"properties":{"id":"es-10380","source":"ES","brand":"STAR PETROLEUM","address":"CALLE RIERA D'EN MISSER, 2","municipality":"Canet de Mar","province":"BARCELONA","postalCode":"08360","schedule":"L: 07:00-22:00","fuels":{"gasoline95":1.664,"gasoline98":1.814,"diesel":1.849,"dieselPremium":1.909},"extra":{"saleType":"P","margin":"D","reportingType":"dm","ideess":"10380","idMunicipio":"902","idProvincia":"08","idCCAA":"09"}}},{"type":"Feature","geometry":{"type":"Point","coordinates":[2.086889,41.601528]},"properties":{"id":"es-10446","source":"ES","brand":"SHELL","address":"CL OSONA, 1-3","municipality":"Castellar del Vallès","province":"BARCELONA","postalCode":"08211","schedule":"L-V: 09:00-13:00 y 15:00-18:00; S: 09:00-13:00","fuels":{"gasoline95":1.629,"diesel":1.709},"extra":{"saleType":"P","margin":"N","reportingType":"OM","ideess":"10446","idMunicipio":"915","idProvincia":"08","idCCAA":"09"}}},{"type":"Feature","geometry":{"type":"Point","coordinates":[2.11225,41.516361]},"properties":{"id":"es-10450","source":"ES","brand":"REPSOL","address":"AVENIDA TIBIDABO, S/N","municipality":"Badia del Vallès","province":"BARCELONA","postalCode":"08214","schedule":"L-D: 06:00-22:00","fuels":{"gasoline95":1.766,"gasoline98":1.946,"diesel":1.946,"dieselRenewable":2.066},"extra":{"saleType":"P","margin":"N","reportingType":"OM","ideess":"10450","idMunicipio":"876","idProvincia":"08","idCCAA":"09"}}},{"type":"Feature","geometry":{"type":"Point","coordinates":[2.436306,41.529583]},"properties":{"id":"es-10455","source":"ES","brand":"MATARO","address":"AVENIDA MARESME (DEL), 30","municipality":"Mataró","province":"BARCELONA","postalCode":"08302","schedule":"L-D: 24H","fuels":{"gasoline95":1.699,"diesel":1.878,"dieselPremium":1.969},"extra":{"saleType":"P","margin":"D","reportingType":"dm","ideess":"10455","idMunicipio":"987","idProvincia":"08","idCCAA":"09"}}},{"type":"Feature","geometry":{"type":"Point","coordinates":[2.034694,41.562361]},"properties":{"id":"es-10662","source":"ES","brand":"PETROCAT DIRECTE","address":"AVENIDA VALLES, DEL, 484","municipality":"Terrassa","province":"BARCELONA","postalCode":"08226","schedule":"L-V: 06:00-22:00; S-D: 07:00-22:00","fuels":{"gasoline95":1.75,"gasoline98":1.93,"diesel":1.946,"dieselPremium":2.016},"extra":{"saleType":"P","margin":"D","reportingType":"OM","ideess":"10662","idMunicipio":"1141","idProvincia":"08","idCCAA":"09"}}},{"type":"Feature","geometry":{"type":"Point","coordinates":[2.199278,41.442472]},"properties":{"id":"es-10663","source":"ES","brand":"PETROCAT DIRECTE","address":"CALLE CIUDAD DE ASUNCIÓN, 69","municipality":"Barcelona","province":"BARCELONA","postalCode":"08030","schedule":"L-D: 24H","fuels":{"gasoline95":1.836,"gasoline98":2.016,"diesel":1.93,"dieselRenewable":2.05,"lpg":1.049},"extra":{"saleType":"P","margin":"D","reportingType":"OM","ideess":"10663","idMunicipio":"881","idProvincia":"08","idCCAA":"09"}}},{"type":"Feature","geometry":{"type":"Point","coordinates":[2.206,41.442861]},"properties":{"id":"es-10664","source":"ES","brand":"REPSOL","address":"PASEO GUAYAQUIL, 25","municipality":"Barcelona","province":"BARCELONA","postalCode":"08030","schedule":"L-D: 06:00-22:00","fuels":{"gasoline95":1.78,"gasoline98":1.91,"diesel":1.966,"dieselPremium":2.036,"lpg":1.049},"extra":{"saleType":"P","margin":"D","reportingType":"OM","ideess":"10664","idMunicipio":"881","idProvincia":"08","idCCAA":"09"}}},{"type":"Feature","geometry":{"type":"Point","coordinates":[2.025056,41.544639]},"properties":{"id":"es-10667","source":"ES","brand":"GALP","address":"AVENIDA TEXTIL,DEL, 34","municipality":"Terrassa","province":"BARCELONA","postalCode":"08223","schedule":"L-D: 06:00-22:00","fuels":{"gasoline95":1.614,"gasoline98":1.734,"diesel":1.709,"dieselPremium":1.759},"extra":{"saleType":"P","margin":"N","reportingType":"OM","ideess":"10667","idMunicipio":"1141","idProvincia":"08","idCCAA":"09"}}},{"type":"Feature","geometry":{"type":"Point","coordinates":[2.032778,41.543639]},"properties":{"id":"es-10669","source":"ES","brand":"PETROCAT DIRECTE","address":"CALLE VENUS, DE, 19","municipality":"Terrassa","province":"BARCELONA","postalCode":"08228","schedule":"L-D: 24H","fuels":{"gasoline95":1.56,"diesel":1.746},"extra":{"saleType":"P","margin":"I","reportingType":"OM","ideess":"10669","idMunicipio":"1141","idProvincia":"08","idCCAA":"09"}}},{"type":"Feature","geometry":{"type":"Point","coordinates":[2.106,41.358972]},"properties":{"id":"es-10679","source":"ES","brand":"PLENERGY","address":"AVENIDA DE CARRILET, 269","municipality":"Hospitalet de Llobregat (L')","province":"BARCELONA","postalCode":"08907","schedule":"L-D: 24H","fuels":{"gasoline95":1.429,"diesel":1.589},"extra":{"saleType":"P","margin":"D","reportingType":"dm","ideess":"10679","idMunicipio":"965","idProvincia":"08","idCCAA":"09"}}},{"type":"Feature","geometry":{"type":"Point","coordinates":[2.624083,41.742833]},"properties":{"id":"es-10735","source":"ES","brand":"ESCLATOIL","address":"CARRER POMPEU FABRA, 2","municipality":"Hostalric","province":"GIRONA","postalCode":"17450","schedule":"L-D: 24H","fuels":{"gasoline95":1.549,"diesel":1.719,"adblue":0.559},"extra":{"saleType":"P","margin":"N","reportingType":"dm","ideess":"10735","idMunicipio":"2528","idProvincia":"17","idCCAA":"09"}}},{"type":"Feature","geometry":{"type":"Point","coordinates":[2.902361,41.829778]},"properties":{"id":"es-10736","source":"ES","brand":"ESCLATOIL","address":"CARRER XALOC, 1","municipality":"Llagostera","province":"GIRONA","postalCode":"17240","schedule":"L-D: 24H","fuels":{"gasoline95":1.609,"diesel":1.679,"adblue":0.559},"extra":{"saleType":"P","margin":"N","reportingType":"dm","ideess":"10736","idMunicipio":"2534","idProvincia":"17","idCCAA":"09"}}},{"type":"Feature","geometry":{"type":"Point","coordinates":[2.454611,41.693556]},"properties":{"id":"es-10752","source":"ES","brand":"TAMOIL","address":"CARRETERA NOVA DE SANT CELONI KM. 40","municipality":"Santa Maria de Palautordera","province":"BARCELONA","postalCode":"08460","schedule":"L-D: 24H","fuels":{"gasoline95":1.679,"gasoline98":1.779,"diesel":1.839,"biodiesel":1.779,"adblue":0.899},"extra":{"saleType":"P","margin":"N","reportingType":"OM","ideess":"10752","idMunicipio":"1123","idProvincia":"08","idCCAA":"09"}}},{"type":"Feature","geometry":{"type":"Point","coordinates":[2.799722,41.968944]},"properties":{"id":"es-10828","source":"ES","brand":"SHELL","address":"AVENIDA DE LA PAU, S/N","municipality":"Salt","province":"GIRONA","postalCode":"17190","schedule":"L-D: 24H","fuels":{"gasoline95":1.709,"gasoline98":1.849,"diesel":1.829,"dieselPremium":1.909,"lpg":1.029,"adblue":1.25},"extra":{"saleType":"P","margin":"N","reportingType":"OM","ideess":"10828","idMunicipio":"2595","idProvincia":"17","idCCAA":"09"}}},{"type":"Feature","geometry":{"type":"Point","coordinates":[2.130306,41.361639]},"properties":{"id":"es-10843","source":"ES","brand":"PETROCAT DIRECTE","address":"CALLE GRAN VIA, 12","municipality":"Hospitalet de Llobregat (L')","province":"BARCELONA","postalCode":"08902","schedule":"L-D: 00:00-23:59","fuels":{"gasoline95":1.68,"gasoline98":1.82,"diesel":1.916,"dieselPremium":1.976},"extra":{"saleType":"P","margin":"N","reportingType":"OM","ideess":"10843","idMunicipio":"965","idProvincia":"08","idCCAA":"09"}}},{"type":"Feature","geometry":{"type":"Point","coordinates":[2.068361,41.479694]},"properties":{"id":"es-10867","source":"ES","brand":"REPSOL","address":"CALLE CERDANYA ESQ RONDA NORTE, SN","municipality":"Sant Cugat del Vallès","province":"BARCELONA","postalCode":"08190","schedule":"L-D: 24H","fuels":{"gasoline95":1.78,"gasoline95Premium":1.84,"gasoline98":1.91,"diesel":1.956,"dieselRenewable":2.076},"extra":{"saleType":"P","margin":"D","reportingType":"OM","ideess":"10867","idMunicipio":"1067","idProvincia":"08","idCCAA":"09"}}},{"type":"Feature","geometry":{"type":"Point","coordinates":[2.249056,41.939278]},"properties":{"id":"es-10904","source":"ES","brand":"ZD URBAN VIC","address":"CALLE MATARO, 12","municipality":"Vic","province":"BARCELONA","postalCode":"08500","schedule":"L-D: 24H","fuels":{"gasoline95":1.437,"diesel":1.587,"adblue":0.699},"extra":{"saleType":"P","margin":"D","reportingType":"dm","ideess":"10904","idMunicipio":"1158","idProvincia":"08","idCCAA":"09"}}},{"type":"Feature","geometry":{"type":"Point","coordinates":[2.064222,41.299333]},"properties":{"id":"es-10912","source":"ES","brand":"PETROCAT","address":"LUGAR AEROPUERTO DEL PRAT JUNTO PARRILLA DE TAXIS, S/N","municipality":"Prat de Llobregat (El)","province":"BARCELONA","postalCode":"08820","schedule":"L-D: 00:00-23:59","fuels":{"gasoline95":1.8,"gasoline98":1.93,"diesel":1.95,"dieselPremium":2.02,"lpg":1.089},"extra":{"saleType":"P","margin":"D","reportingType":"OM","ideess":"10912","idMunicipio":"1035","idProvincia":"08","idCCAA":"09"}}},{"type":"Feature","geometry":{"type":"Point","coordinates":[2.017333,41.382917]},"properties":{"id":"es-11035","source":"ES","brand":"REPSOL","address":"CARRETERA BV-2002 KM. 2800","municipality":"Sant Vicenç dels Horts","province":"BARCELONA","postalCode":"08620","schedule":"L-D: 24H","fuels":{"gasoline95":1.749,"gasoline98":1.899,"diesel":1.899,"dieselB":1.669,"dieselRenewable":1.999},"extra":{"saleType":"P","margin":"D","reportingType":"dm","ideess":"11035","idMunicipio":"1108","idProvincia":"08","idCCAA":"09"}}},{"type":"Feature","geometry":{"type":"Point","coordinates":[2.227333,41.456778]},"properties":{"id":"es-11037","source":"ES","brand":"CARREFOUR","address":"AVENIDA COMUNIDAD EUROPEA, S/N","municipality":"Badalona","province":"BARCELONA","postalCode":"08917","schedule":"L-D: 24H","fuels":{"gasoline95":1.729,"gasoline98":1.879,"diesel":1.919,"dieselPremium":1.959},"extra":{"saleType":"P","margin":"N","reportingType":"dm","ideess":"11037","idMunicipio":"875","idProvincia":"08","idCCAA":"09"}}},{"type":"Feature","geometry":{"type":"Point","coordinates":[2.035111,41.474]},"properties":{"id":"es-11133","source":"ES","brand":"JULIA-OIL","address":"AV.ELECTRICIDAD,ESQ.CHAPLIN C.VALLHONRAT","municipality":"Rubí","province":"BARCELONA","postalCode":"08191","schedule":"L-D: 06:00-22:00","fuels":{"gasoline95":1.746,"gasoline98":1.859,"diesel":1.899,"dieselPremium":1.899,"adblue":0.99},"extra":{"saleType":"P","margin":"N","reportingType":"dm","ideess":"11133","idMunicipio":"1049","idProvincia":"08","idCCAA":"09"}}},{"type":"Feature","geometry":{"type":"Point","coordinates":[2.001611,41.419111]},"properties":{"id":"es-11163","source":"ES","brand":"MOEVE","address":"RONDA SANTA EULALIA, 33","municipality":"Pallejà","province":"BARCELONA","postalCode":"08780","schedule":"L-D: 06:00-23:59","fuels":{"gasoline95":1.779,"gasoline98":1.939,"diesel":1.959,"dieselPremium":2.059},"extra":{"saleType":"P","margin":"N","reportingType":"OM","ideess":"11163","idMunicipio":"1022","idProvincia":"08","idCCAA":"09"}}},{"type":"Feature","geometry":{"type":"Point","coordinates":[2.090778,41.547028]},"properties":{"id":"es-11193","source":"ES","brand":"SHELL","address":"CALLE COSTA I LLOBERA DE, 1","municipality":"Sabadell","province":"BARCELONA","postalCode":"08206","schedule":"L-D: 05:00-23:00","fuels":{"gasoline95":1.794,"gasoline98":1.934,"diesel":1.879,"dieselPremium":1.959},"extra":{"saleType":"P","margin":"N","reportingType":"OM","ideess":"11193","idMunicipio":"1052","idProvincia":"08","idCCAA":"09"}}},{"type":"Feature","geometry":{"type":"Point","coordinates":[2.160583,41.430861]},"properties":{"id":"es-11215","source":"ES","brand":"GARATGE HORTA","address":"PLAZA EIVISSA, 12","municipality":"Barcelona","province":"BARCELONA","postalCode":"08032","schedule":"L-D: 6:00-22:30","fuels":{"gasoline95":1.758,"diesel":1.898},"extra":{"saleType":"P","margin":"N","reportingType":"dm","ideess":"11215","idMunicipio":"881","idProvincia":"08","idCCAA":"09"}}},{"type":"Feature","geometry":{"type":"Point","coordinates":[2.112139,41.375667]},"properties":{"id":"es-11247","source":"ES","brand":"PETROLIS COLLBLANC","address":"CARRETERA COLLBLANC KM. 137,141","municipality":"Hospitalet de Llobregat (L')","province":"BARCELONA","postalCode":"08904","schedule":"L-D: 24H","fuels":{"gasoline95":1.699,"gasoline98":1.799,"diesel":1.85,"dieselPremium":1.9},"extra":{"saleType":"P","margin":"D","reportingType":"dm","ideess":"11247","idMunicipio":"965","idProvincia":"08","idCCAA":"09"}}},{"type":"Feature","geometry":{"type":"Point","coordinates":[2.674556,41.624556]},"properties":{"id":"es-11308","source":"ES","brand":"ESSER","address":"CALLE LLEBEIG, 1","municipality":"Pineda de Mar","province":"BARCELONA","postalCode":"08397","schedule":"L-D: 08:00-20:00","fuels":{"gasoline95":1.639,"gasoline98":1.769,"diesel":1.769,"dieselPremium":1.799},"extra":{"saleType":"P","margin":"N","reportingType":"dm","ideess":"11308","idMunicipio":"1028","idProvincia":"08","idCCAA":"09"}}},{"type":"Feature","geometry":{"type":"Point","coordinates":[2.843611,41.964556]},"properties":{"id":"es-11383","source":"ES","brand":"BP LA CREUETA","address":"CALLE EMILI GRAHIT, 106","municipality":"Girona","province":"GIRONA","postalCode":"17003","schedule":"L-D: 06:00-22:00","fuels":{"gasoline95":1.839,"gasoline98":1.979,"diesel":1.939,"dieselPremium":2.029},"extra":{"saleType":"P","margin":"D","reportingType":"OM","ideess":"11383","idMunicipio":"2524","idProvincia":"17","idCCAA":"09"}}},{"type":"Feature","geometry":{"type":"Point","coordinates":[2.211667,41.428889]},"properties":{"id":"es-11425","source":"ES","brand":"MEROIL","address":"CALLE CARRETERA DE MATARO, 10","municipality":"Sant Adrià de Besòs","province":"BARCELONA","postalCode":"08930","schedule":"L-D: 24H","fuels":{"gasoline95":1.659,"gasoline98":1.779,"diesel":1.829,"dieselPremium":1.879,"lpg":0.849,"adblue":0.999},"extra":{"saleType":"P","margin":"N","reportingType":"dm","ideess":"11425","idMunicipio":"1056","idProvincia":"08","idCCAA":"09"}}},{"type":"Feature","geometry":{"type":"Point","coordinates":[2.067778,41.487083]},"properties":{"id":"es-11444","source":"ES","brand":"MEROIL","address":"AVENIDA VIA AUGUSTA, 137","municipality":"Sant Cugat del Vallès","province":"BARCELONA","postalCode":"08190","schedule":"L-D: 24H","fuels":{"gasoline95":1.529,"gasoline98":1.969,"diesel":1.669,"dieselPremium":1.719,"adblue":0.703},"extra":{"saleType":"P","margin":"N","reportingType":"OM","ideess":"11444","idMunicipio":"1067","idProvincia":"08","idCCAA":"09"}}},{"type":"Feature","geometry":{"type":"Point","coordinates":[2.720889,41.707944]},"properties":{"id":"es-11457","source":"ES","brand":"LA FARINERA","address":"CARRETERA CTRA GI-512 KM. 1","municipality":"Tordera","province":"BARCELONA","postalCode":"08399","schedule":"L-D: 24H","fuels":{"gasoline95":1.569,"diesel":1.719,"lpg":1.119},"extra":{"saleType":"P","margin":"D","reportingType":"dm","ideess":"11457","idMunicipio":"1144","idProvincia":"08","idCCAA":"09"}}},{"type":"Feature","geometry":{"type":"Point","coordinates":[2.006083,41.433167]},"properties":{"id":"es-11465","source":"ES","brand":"PETROCAT","address":"CALLE MONTURIOL ESQUINA C/ FORQUES, S/N","municipality":"Papiol (El)","province":"BARCELONA","postalCode":"08754","schedule":"L-D: 06:00-22:00","fuels":{"gasoline95":1.76,"gasoline98":1.94,"diesel":1.956,"dieselPremium":2.026},"extra":{"saleType":"P","margin":"D","reportingType":"OM","ideess":"11465","idMunicipio":"1024","idProvincia":"08","idCCAA":"09"}}},{"type":"Feature","geometry":{"type":"Point","coordinates":[2.119694,41.363028]},"properties":{"id":"es-11514","source":"ES","brand":"REPSOL FORTUNA","address":"CALLE FORTUNA, 34","municipality":"Hospitalet de Llobregat (L')","province":"BARCELONA","postalCode":"08902","schedule":"L-V: 06:00-21:00; S: 08:00-13:00","fuels":{"gasoline95":1.739,"gasoline98":1.879,"diesel":1.919,"dieselPremium":2.019},"extra":{"saleType":"P","margin":"D","reportingType":"dm","ideess":"11514","idMunicipio":"965","idProvincia":"08","idCCAA":"09"}}},{"type":"Feature","geometry":{"type":"Point","coordinates":[2.421861,41.520917]},"properties":{"id":"es-11528","source":"ES","brand":"CARREFOUR","address":"CARRETERA NACIONAL II KM. 644","municipality":"Cabrera de Mar","province":"BARCELONA","postalCode":"08349","schedule":"L-D: 24H","fuels":{"gasoline95":1.699,"gasoline98":1.869,"diesel":1.869,"dieselPremium":1.909},"extra":{"saleType":"P","margin":"N","reportingType":"dm","ideess":"11528","idMunicipio":"890","idProvincia":"08","idCCAA":"09"}}},{"type":"Feature","geometry":{"type":"Point","coordinates":[2.795611,41.975917]},"properties":{"id":"es-11535","source":"ES","brand":"REPSOL","address":"CAMI DES CARLIS, 10","municipality":"Salt","province":"GIRONA","postalCode":"17190","schedule":"L-S: 06:00-22:00","fuels":{"gasoline95":1.845,"gasoline98":1.975,"diesel":1.915,"dieselPremium":1.985},"extra":{"saleType":"P","margin":"D","reportingType":"dm","ideess":"11535","idMunicipio":"2595","idProvincia":"17","idCCAA":"09"}}},{"type":"Feature","geometry":{"type":"Point","coordinates":[2.494722,41.687306]},"properties":{"id":"es-11584","source":"ES","brand":"ESCLATOIL","address":"CARRETERA C-35 KM. 56,1","municipality":"Sant Celoni","province":"BARCELONA","postalCode":"08470","schedule":"L-D: 24H","fuels":{"gasoline95":1.549,"diesel":1.719,"dieselPremium":1.769,"adblue":0.559},"extra":{"saleType":"P","margin":"N","reportingType":"dm","ideess":"11584","idMunicipio":"1065","idProvincia":"08","idCCAA":"09"}}},{"type":"Feature","geometry":{"type":"Point","coordinates":[2.0815,41.350778]},"properties":{"id":"es-11586","source":"ES","brand":"AYAFUEL","address":"CALLE TIRSO DE MOLINA, 9","municipality":"Cornellà de Llobregat","province":"BARCELONA","postalCode":"08940","schedule":"L-D: 24H","fuels":{"gasoline95":1.52,"diesel":1.635,"adblue":0.65},"extra":{"saleType":"P","margin":"N","reportingType":"dm","ideess":"11586","idMunicipio":"937","idProvincia":"08","idCCAA":"09"}}},{"type":"Feature","geometry":{"type":"Point","coordinates":[2.224667,41.417667]},"properties":{"id":"es-11724","source":"ES","brand":"CEPSA","address":"CALLE LLULL ESQ EDUAR MARISTANY, S/N","municipality":"Sant Adrià de Besòs","province":"BARCELONA","postalCode":"08930","schedule":"L-D: 06:00-22:00","fuels":{"gasoline95":1.779,"gasoline95Premium":1.839,"gasoline98":1.869,"diesel":1.929,"dieselPremium":1.969},"extra":{"saleType":"P","margin":"D","reportingType":"OM","ideess":"11724","idMunicipio":"1056","idProvincia":"08","idCCAA":"09"}}},{"type":"Feature","geometry":{"type":"Point","coordinates":[2.780528,41.766389]},"properties":{"id":"es-11777","source":"ES","brand":"REPSOL","address":"CARRETERA C-63 KM. 9,4","municipality":"Vidreres","province":"GIRONA","postalCode":"17411","schedule":"L-D: 00:06-22:00","fuels":{"gasoline95":1.826,"gasoline98":1.956,"diesel":1.926,"dieselPremium":1.996},"extra":{"saleType":"P","margin":"I","reportingType":"OM","ideess":"11777","idMunicipio":"2653","idProvincia":"17","idCCAA":"09"}}},{"type":"Feature","geometry":{"type":"Point","coordinates":[2.165667,41.539306]},"properties":{"id":"es-11796","source":"ES","brand":"SHELL","address":"CALLE CAN VINYALETS, 21","municipality":"Santa Perpètua de Mogoda","province":"BARCELONA","postalCode":"08130","schedule":"L-D: 24H","fuels":{"gasoline95":1.699,"gasoline98":1.839,"diesel":1.789,"dieselPremium":1.869,"lpg":1.029,"adblue":1.25},"extra":{"saleType":"P","margin":"N","reportingType":"OM","ideess":"11796","idMunicipio":"1125","idProvincia":"08","idCCAA":"09"}}},{"type":"Feature","geometry":{"type":"Point","coordinates":[2.038889,41.326389]},"properties":{"id":"es-11800","source":"ES","brand":"REPSOL","address":"CALLE MURCIA, S/N","municipality":"Sant Boi de Llobregat","province":"BARCELONA","postalCode":"08330","schedule":"L: 24H","fuels":{"gasoline95":1.768,"gasoline98":1.908,"diesel":1.929,"dieselRenewable":2.009,"lpg":1.029,"adblue":0.962},"extra":{"saleType":"P","margin":"D","reportingType":"dm","ideess":"11800","idMunicipio":"1062","idProvincia":"08","idCCAA":"09"}}},{"type":"Feature","geometry":{"type":"Point","coordinates":[2.152889,41.532778]},"properties":{"id":"es-11841","source":"ES","brand":"SHELL","address":"CALLE PARAIRES, 2","municipality":"Santa Perpètua de Mogoda","province":"BARCELONA","postalCode":"08130","schedule":"L-D: 05:00-23:00","fuels":{"gasoline95":1.719,"gasoline98":1.859,"diesel":1.799,"dieselPremium":1.879,"lpg":1.029,"adblue":1.25},"extra":{"saleType":"P","margin":"N","reportingType":"OM","ideess":"11841","idMunicipio":"1125","idProvincia":"08","idCCAA":"09"}}},{"type":"Feature","geometry":{"type":"Point","coordinates":[2.854722,41.8055]},"properties":{"id":"es-11855","source":"ES","brand":"PETROSERVICE","address":"CARRETERA C-35 KM. 92","municipality":"Caldes de Malavella","province":"GIRONA","postalCode":"17455","schedule":"L-D: 06:00-22:00","fuels":{"gasoline95":1.759,"gasoline98":1.819,"diesel":1.849,"dieselPremium":1.909},"extra":{"saleType":"P","margin":"I","reportingType":"dm","ideess":"11855","idMunicipio":"2480","idProvincia":"17","idCCAA":"09"}}},{"type":"Feature","geometry":{"type":"Point","coordinates":[2.110667,41.535194]},"properties":{"id":"es-11860","source":"ES","brand":"LOWCOSTFUEL","address":"CALLE CARRETERA BARCELONA, 340","municipality":"Sabadell","province":"BARCELONA","postalCode":"08203","schedule":"L-D: 24H","fuels":{"gasoline95":1.599,"gasoline98":1.799,"diesel":1.639,"dieselPremium":1.749},"extra":{"saleType":"P","margin":"D","reportingType":"dm","ideess":"11860","idMunicipio":"1052","idProvincia":"08","idCCAA":"09"}}},{"type":"Feature","geometry":{"type":"Point","coordinates":[2.671667,41.623056]},"properties":{"id":"es-11886","source":"ES","brand":"TAMOIL","address":"CALLE CALLE GARBI, 190/194","municipality":"Pineda de Mar","province":"BARCELONA","postalCode":"08397","schedule":"L-D: 24H","fuels":{"gasoline95":1.639,"diesel":1.769,"dieselRenewable":1.799,"adblue":0.899},"extra":{"saleType":"P","margin":"N","reportingType":"OM","ideess":"11886","idMunicipio":"1028","idProvincia":"08","idCCAA":"09"}}},{"type":"Feature","geometry":{"type":"Point","coordinates":[2.854944,41.804833]},"properties":{"id":"es-11951","source":"ES","brand":"ES MALAVELLA","address":"CARRETERA C-35 KM. 92,800","municipality":"Caldes de Malavella","province":"GIRONA","postalCode":"17455","schedule":"L-D: 24H","fuels":{"gasoline95":1.759,"diesel":1.849},"extra":{"saleType":"P","margin":"D","reportingType":"dm","ideess":"11951","idMunicipio":"2480","idProvincia":"17","idCCAA":"09"}}},{"type":"Feature","geometry":{"type":"Point","coordinates":[2.247944,41.589222]},"properties":{"id":"es-11972","source":"ES","brand":"REPSOL","address":"CALLE CAN NADAL, 4","municipality":"Lliçà de Vall","province":"BARCELONA","postalCode":"08185","schedule":"L-D: 24H","fuels":{"gasoline95":1.783,"gasoline98":1.923,"diesel":1.979,"dieselPremium":2.059},"extra":{"saleType":"P","margin":"D","reportingType":"dm","ideess":"11972","idMunicipio":"972","idProvincia":"08","idCCAA":"09"}}},{"type":"Feature","geometry":{"type":"Point","coordinates":[2.147778,41.390083]},"properties":{"id":"es-11973","source":"ES","brand":"MOEVE","address":"CALLE COMTE D'URGELL, 219","municipality":"Barcelona","province":"BARCELONA","postalCode":"08036","schedule":"L-D: 24H","fuels":{"gasoline95":1.729,"gasoline98":1.839,"diesel":1.91,"dieselPremium":1.989,"adblue":0.95},"extra":{"saleType":"P","margin":"N","reportingType":"dm","ideess":"11973","idMunicipio":"881","idProvincia":"08","idCCAA":"09"}}},{"type":"Feature","geometry":{"type":"Point","coordinates":[2.106417,41.532139]},"properties":{"id":"es-11983","source":"ES","brand":"BALLENOIL","address":"PLAZA RAMON LLULL, 11","municipality":"Sabadell","province":"BARCELONA","postalCode":"08203","schedule":"L-D: 24H","fuels":{"gasoline95":1.609,"diesel":1.689,"dieselPremium":1.699},"extra":{"saleType":"P","margin":"N","reportingType":"OM","ideess":"11983","idMunicipio":"1052","idProvincia":"08","idCCAA":"09"}}},{"type":"Feature","geometry":{"type":"Point","coordinates":[2.1683,41.3917]},"properties":{"id":"es-11988","source":"ES","brand":"PETROZAL","address":"Passatge Moçambic 2, Barcelona","municipality":"Barcelona","province":"BARCELONA","postalCode":"08040","schedule":"L-V: 06:00-20:00","fuels":{"gasoline95":1.609,"gasoline98":1.659,"diesel":1.759},"extra":{"saleType":"P","margin":"N","reportingType":"dm","ideess":"11988","idMunicipio":"881","idProvincia":"08","idCCAA":"09"}}},{"type":"Feature","geometry":{"type":"Point","coordinates":[2.281417,41.678611]},"properties":{"id":"es-11999","source":"ES","brand":"SHELL","address":"CALLE DELS SATÈL.LITS, 33","municipality":"Garriga (La)","province":"BARCELONA","postalCode":"08530","schedule":"L-D: 24H","fuels":{"gasoline95":1.629,"gasoline98":1.829,"diesel":1.759,"dieselPremium":1.899,"adblue":0.699},"extra":{"saleType":"P","margin":"D","reportingType":"dm","ideess":"11999","idMunicipio":"954","idProvincia":"08","idCCAA":"09"}}},{"type":"Feature","geometry":{"type":"Point","coordinates":[2.120944,41.351139]},"properties":{"id":"es-12007","source":"ES","brand":"BALLENOIL","address":"CALLE MIGUEL HERNANDEZ, 116","municipality":"Hospitalet de Llobregat (L')","province":"BARCELONA","postalCode":"08246","schedule":"L-D: 24H","fuels":{"gasoline95":1.679,"diesel":1.759},"extra":{"saleType":"P","margin":"D","reportingType":"OM","ideess":"12007","idMunicipio":"965","idProvincia":"08","idCCAA":"09"}}},{"type":"Feature","geometry":{"type":"Point","coordinates":[2.035333,41.557472]},"properties":{"id":"es-12036","source":"ES","brand":"PETROLOWCOST","address":"CARRETERA MONTCADA KM. 666","municipality":"Terrassa","province":"BARCELONA","postalCode":"08227","schedule":"L-D: 24H","fuels":{"gasoline95":1.539,"diesel":1.639,"dieselPremium":1.679},"extra":{"saleType":"P","margin":"D","reportingType":"dm","ideess":"12036","idMunicipio":"1141","idProvincia":"08","idCCAA":"09"}}},{"type":"Feature","geometry":{"type":"Point","coordinates":[2.021556,41.403333]},"properties":{"id":"es-12065","source":"ES","brand":"AUTONETOIL","address":"CARRER EL PLA, 3","municipality":"Molins de Rei","province":"BARCELONA","postalCode":"08750","schedule":"L-D: 24H","fuels":{"gasoline95":1.559,"diesel":1.789},"extra":{"saleType":"P","margin":"D","reportingType":"dm","ideess":"12065","idMunicipio":"990","idProvincia":"08","idCCAA":"09"}}},{"type":"Feature","geometry":{"type":"Point","coordinates":[2.130972,41.515806]},"properties":{"id":"es-12092","source":"ES","brand":"BALLENOIL","address":"RONDA INDUSTRIA, 38","municipality":"Barberà del Vallès","province":"BARCELONA","postalCode":"08210","schedule":"L-D: 24H","fuels":{"gasoline95":1.619,"diesel":1.719},"extra":{"saleType":"P","margin":"D","reportingType":"OM","ideess":"12092","idMunicipio":"880","idProvincia":"08","idCCAA":"09"}}},{"type":"Feature","geometry":{"type":"Point","coordinates":[2.135417,41.331472]},"properties":{"id":"es-12128","source":"ES","brand":"NIEVES","address":"CALLE LLETRA B DE LA ZONA FRANCA, 13","municipality":"Barcelona","province":"BARCELONA","postalCode":"08040","schedule":"L-D: 24H","fuels":{"gasoline95":1.759,"gasoline98":1.949,"diesel":1.899,"dieselB":1.699,"dieselRenewable":1.999,"lpg":0.998,"adblue":0.929},"extra":{"saleType":"P","margin":"N","reportingType":"dm","ideess":"12128","idMunicipio":"881","idProvincia":"08","idCCAA":"09"}}},{"type":"Feature","geometry":{"type":"Point","coordinates":[2.179111,41.445472]},"properties":{"id":"es-12173","source":"ES","brand":"ESTACION DE SERVICIO FAVENCIA JULIA","address":"VÍA JULIA, 207","municipality":"Barcelona","province":"BARCELONA","postalCode":"08042","schedule":"L-D: 06:00-22:30","fuels":{"gasoline95":1.659,"gasoline98":1.749,"diesel":1.749},"extra":{"saleType":"P","margin":"D","reportingType":"dm","ideess":"12173","idMunicipio":"881","idProvincia":"08","idCCAA":"09"}}},{"type":"Feature","geometry":{"type":"Point","coordinates":[2.188278,41.448]},"properties":{"id":"es-12192","source":"ES","brand":"MEROIL","address":"AVENIDA MERIDIANA, 666","municipality":"Barcelona","province":"BARCELONA","postalCode":"08033","schedule":"L-D: 24H","fuels":{"gasoline95":1.706,"gasoline98":1.959,"diesel":1.901,"dieselPremium":1.999,"dieselRenewable":2.251,"lpg":0.849,"adblue":0.811},"extra":{"saleType":"P","margin":"N","reportingType":"OM","ideess":"12192","idMunicipio":"881","idProvincia":"08","idCCAA":"09"}}},{"type":"Feature","geometry":{"type":"Point","coordinates":[2.009,41.3]},"properties":{"id":"es-12219","source":"ES","brand":"BONAREA","address":"AVENIDA BERTRAN I GÜELL, 17,19","municipality":"Gavà","province":"BARCELONA","postalCode":"08850","schedule":"L-D: 24H","fuels":{"gasoline95":1.43,"gasoline98":1.522,"diesel":1.593,"adblue":0.528},"extra":{"saleType":"P","margin":"D","reportingType":"dm","ideess":"12219","idMunicipio":"955","idProvincia":"08","idCCAA":"09"}}},{"type":"Feature","geometry":{"type":"Point","coordinates":[2.080861,41.354528]},"properties":{"id":"es-12224","source":"ES","brand":"BALLENOIL","address":"CARRETERA HOSPITALET KM. 33","municipality":"Cornellà de Llobregat","province":"BARCELONA","postalCode":"08940","schedule":"L-D: 24H","fuels":{"gasoline95":1.619,"diesel":1.689},"extra":{"saleType":"P","margin":"N","reportingType":"OM","ideess":"12224","idMunicipio":"937","idProvincia":"08","idCCAA":"09"}}},{"type":"Feature","geometry":{"type":"Point","coordinates":[2.159278,41.494167]},"properties":{"id":"es-12272","source":"ES","brand":"NUROIL","address":"CALLE BALMES, 34","municipality":"Ripollet","province":"BARCELONA","postalCode":"08291","schedule":"L-D: 24H","fuels":{"gasoline95":1.559,"diesel":1.729},"extra":{"saleType":"P","margin":"D","reportingType":"dm","ideess":"12272","idMunicipio":"1046","idProvincia":"08","idCCAA":"09"}}},{"type":"Feature","geometry":{"type":"Point","coordinates":[2.033778,41.534472]},"properties":{"id":"es-12280","source":"ES","brand":"PETRO7 - PETROLIS INDEPENDENTS","address":"CARRER CR. BP-1503 DE RUBI A TERRASSA, 325","municipality":"Terrassa","province":"BARCELONA","postalCode":"08228","schedule":"L-D: 24H","fuels":{"gasoline95":1.533,"diesel":1.679,"dieselPremium":1.739},"extra":{"saleType":"P","margin":"D","reportingType":"dm","ideess":"12280","idMunicipio":"1141","idProvincia":"08","idCCAA":"09"}}},{"type":"Feature","geometry":{"type":"Point","coordinates":[2.037667,41.559278]},"properties":{"id":"es-12287","source":"ES","brand":"BALLENOIL","address":"AVENIDA MADRID, 15","municipality":"Terrassa","province":"BARCELONA","postalCode":"08227","schedule":"L-D: 24H","fuels":{"gasoline95":1.619,"diesel":1.709},"extra":{"saleType":"P","margin":"N","reportingType":"OM","ideess":"12287","idMunicipio":"1141","idProvincia":"08","idCCAA":"09"}}},{"type":"Feature","geometry":{"type":"Point","coordinates":[2.541444,41.575333]},"properties":{"id":"es-12288","source":"ES","brand":"P FUEL EXPRESS","address":"POLIGONO VALLDEGATA DRAPER UASU 2-1, ","municipality":"Arenys de Mar","province":"BARCELONA","postalCode":"08350","schedule":"L-D: 24H","fuels":{"gasoline95":1.739,"diesel":1.899},"extra":{"saleType":"P","margin":"D","reportingType":"dm","ideess":"12288","idMunicipio":"867","idProvincia":"08","idCCAA":"09"}}},{"type":"Feature","geometry":{"type":"Point","coordinates":[2.800278,41.9625]},"properties":{"id":"es-12303","source":"ES","brand":"GM OIL","address":"CALLE TORRE VEDRUNA, S/N","municipality":"Girona","province":"GIRONA","postalCode":"17005","schedule":"L-D: 24H","fuels":{"gasoline95":1.499,"diesel":1.699},"extra":{"saleType":"P","margin":"D","reportingType":"dm","ideess":"12303","idMunicipio":"2524","idProvincia":"17","idCCAA":"09"}}},{"type":"Feature","geometry":{"type":"Point","coordinates":[2.009056,41.385194]},"properties":{"id":"es-12328","source":"ES","brand":"EXPRESS","address":"CARRETERA TORRELLES KM. 28","municipality":"Sant Vicenç dels Horts","province":"BARCELONA","postalCode":"08620","schedule":"L-D: 24H","fuels":{"gasoline95":1.579,"diesel":1.665},"extra":{"saleType":"P","margin":"D","reportingType":"dm","ideess":"12328","idMunicipio":"1108","idProvincia":"08","idCCAA":"09"}}},{"type":"Feature","geometry":{"type":"Point","coordinates":[2.8015,41.959167]},"properties":{"id":"es-12341","source":"ES","brand":"ESCLATOIL","address":"CARRETERA DE SANTA COLOMA KM. 106","municipality":"Girona","province":"GIRONA","postalCode":"17005","schedule":"L-D: 24H","fuels":{"gasoline95":1.509,"diesel":1.679,"adblue":0.559},"extra":{"saleType":"P","margin":"N","reportingType":"dm","ideess":"12341","idMunicipio":"2524","idProvincia":"17","idCCAA":"09"}}},{"type":"Feature","geometry":{"type":"Point","coordinates":[2.797944,41.93575]},"properties":{"id":"es-12352","source":"ES","brand":"SERVICO","address":"CARRETERA NACIONAL II KM. 710","municipality":"Fornells de la Selva","province":"GIRONA","postalCode":"17458","schedule":"L-D: 24H","fuels":{"gasoline95":1.537,"diesel":1.716,"lpg":1.099,"adblue":0.69},"extra":{"saleType":"P","margin":"D","reportingType":"dm","ideess":"12352","idMunicipio":"2518","idProvincia":"17","idCCAA":"09"}}},{"type":"Feature","geometry":{"type":"Point","coordinates":[2.755028,41.667528]},"properties":{"id":"es-12361","source":"ES","brand":"ZONA DIESEL","address":"POLIGONO INDUSTRIAL CAN BALTASAR PARCELA, 5","municipality":"Palafolls","province":"BARCELONA","postalCode":"08389","schedule":"L-D: 24H","fuels":{"gasoline95":1.539,"diesel":1.629,"adblue":0.729},"extra":{"saleType":"P","margin":"D","reportingType":"dm","ideess":"12361","idMunicipio":"1020","idProvincia":"08","idCCAA":"09"}}},{"type":"Feature","geometry":{"type":"Point","coordinates":[2.128028,41.500472]},"properties":{"id":"es-12368","source":"ES","brand":"BALLENOIL","address":"CALLE SANTA ANA, 115","municipality":"Cerdanyola del Vallès","province":"BARCELONA","postalCode":"08193","schedule":"L-D: 24H","fuels":{"gasoline95":1.549,"diesel":1.649},"extra":{"saleType":"P","margin":"D","reportingType":"OM","ideess":"12368","idMunicipio":"931","idProvincia":"08","idCCAA":"09"}}},{"type":"Feature","geometry":{"type":"Point","coordinates":[2.593222,41.592056]},"properties":{"id":"es-12450","source":"ES","brand":"TAMOIL","address":"CALLE FRAGATA PAULITA, 1","municipality":"Canet de Mar","province":"BARCELONA","postalCode":"08360","schedule":"L-D: 24H","fuels":{"gasoline95":1.659,"diesel":1.829,"biodiesel":1.769,"adblue":0.899},"extra":{"saleType":"P","margin":"N","reportingType":"OM","ideess":"12450","idMunicipio":"902","idProvincia":"08","idCCAA":"09"}}},{"type":"Feature","geometry":{"type":"Point","coordinates":[2.255667,41.555389]},"properties":{"id":"es-12468","source":"ES","brand":"BALLENOIL","address":"POLIGONO POL17 EL PEDREGAR INDUST., 1","municipality":"Montmeló","province":"BARCELONA","postalCode":"08160","schedule":"L-D: 24H","fuels":{"gasoline95":1.579,"diesel":1.709},"extra":{"saleType":"P","margin":"D","reportingType":"OM","ideess":"12468","idMunicipio":"1000","idProvincia":"08","idCCAA":"09"}}},{"type":"Feature","geometry":{"type":"Point","coordinates":[2.090972,41.528639]},"properties":{"id":"es-12474","source":"ES","brand":"ALCAMPO","address":"PASEO DE LA BOBILA, 4","municipality":"Sant Quirze del Vallès","province":"BARCELONA","postalCode":"08192","schedule":"L-D: 24H","fuels":{"gasoline95":1.619,"gasoline98":1.729,"diesel":1.709,"dieselPremium":1.719},"extra":{"saleType":"P","margin":"N","reportingType":"dm","ideess":"12474","idMunicipio":"1100","idProvincia":"08","idCCAA":"09"}}},{"type":"Feature","geometry":{"type":"Point","coordinates":[2.277944,41.61025]},"properties":{"id":"es-12476","source":"ES","brand":"A.O. LOW COST","address":"CALLE MATARO, 40","municipality":"Granollers","province":"BARCELONA","postalCode":"08400","schedule":"L-D: 24H","fuels":{"gasoline95":1.591,"diesel":1.611},"extra":{"saleType":"P","margin":"D","reportingType":"dm","ideess":"12476","idMunicipio":"961","idProvincia":"08","idCCAA":"09"}}},{"type":"Feature","geometry":{"type":"Point","coordinates":[2.429111,41.535694]},"properties":{"id":"es-12482","source":"ES","brand":"AUTONETOIL","address":"CALLE PABLO IGLESIAS, 1","municipality":"Mataró","province":"BARCELONA","postalCode":"08301","schedule":"L-D: 24H","fuels":{"gasoline95":1.519,"diesel":1.759,"dieselPremium":1.789,"adblue":0.83},"extra":{"saleType":"P","margin":"D","reportingType":"dm","ideess":"12482","idMunicipio":"987","idProvincia":"08","idCCAA":"09"}}},{"type":"Feature","geometry":{"type":"Point","coordinates":[2.023583,41.483167]},"properties":{"id":"es-12488","source":"ES","brand":"PUNTA SOLERA","address":"AVENIDA COVA SOLERA, 20","municipality":"Rubí","province":"BARCELONA","postalCode":"08191","schedule":"L-D: 24H","fuels":{"gasoline95":1.589,"diesel":1.729},"extra":{"saleType":"P","margin":"D","reportingType":"dm","ideess":"12488","idMunicipio":"1049","idProvincia":"08","idCCAA":"09"}}},{"type":"Feature","geometry":{"type":"Point","coordinates":[2.282028,41.596944]},"properties":{"id":"es-12497","source":"ES","brand":"AUTONET&OIL","address":"CALLE LLUIS COMPANYS, 60","municipality":"Granollers","province":"BARCELONA","postalCode":"08400","schedule":"L-D: 24H","fuels":{"gasoline95":1.619,"diesel":1.719,"dieselPremium":1.769},"extra":{"saleType":"P","margin":"D","reportingType":"dm","ideess":"12497","idMunicipio":"961","idProvincia":"08","idCCAA":"09"}}},{"type":"Feature","geometry":{"type":"Point","coordinates":[2.187806,41.507556]},"properties":{"id":"es-12511","source":"ES","brand":"PETROLOWCOST","address":"CALLE CAN MILANS, 1","municipality":"Montcada i Reixac","province":"BARCELONA","postalCode":"08110","schedule":"L-D: 24H","fuels":{"gasoline95":1.569,"diesel":1.649},"extra":{"saleType":"P","margin":"D","reportingType":"dm","ideess":"12511","idMunicipio":"994","idProvincia":"08","idCCAA":"09"}}},{"type":"Feature","geometry":{"type":"Point","coordinates":[2.278528,41.605]},"properties":{"id":"es-12519","source":"ES","brand":"1PRIMER","address":"PASEO CONCA DEL BESOS, 26","municipality":"Granollers","province":"BARCELONA","postalCode":"08400","schedule":"L-D: 24H","fuels":{"gasoline95":1.499,"diesel":1.699,"adblue":0.699},"extra":{"saleType":"P","margin":"N","reportingType":"dm","ideess":"12519","idMunicipio":"961","idProvincia":"08","idCCAA":"09"}}},{"type":"Feature","geometry":{"type":"Point","coordinates":[2.427194,41.531861]},"properties":{"id":"es-12522","source":"ES","brand":"BALLENOIL","address":"CAMI SANT CRIST (DEL), 32","municipality":"Mataró","province":"BARCELONA","postalCode":"08301","schedule":"L-D: 24H","fuels":{"gasoline95":1.579,"diesel":1.689},"extra":{"saleType":"P","margin":"D","reportingType":"OM","ideess":"12522","idMunicipio":"987","idProvincia":"08","idCCAA":"09"}}},{"type":"Feature","geometry":{"type":"Point","coordinates":[2.090083,41.370639]},"properties":{"id":"es-12530","source":"ES","brand":"OIL PRIX","address":"CALLE VIC, 12/14","municipality":"Esplugues de Llobregat","province":"BARCELONA","postalCode":"08950","schedule":"L-D: 24H","fuels":{"gasoline95":1.593,"diesel":1.788,"lpg":0.919,"adblue":0.703},"extra":{"saleType":"P","margin":"D","reportingType":"OM","ideess":"12530","idMunicipio":"941","idProvincia":"08","idCCAA":"09"}}},{"type":"Feature","geometry":{"type":"Point","coordinates":[2.033972,41.503111]},"properties":{"id":"es-12550","source":"ES","brand":"TAMOIL","address":"CARRETERA TERRASSA KM. 1","municipality":"Rubí","province":"BARCELONA","postalCode":"08191","schedule":"L-D: 24H","fuels":{"gasoline95":1.599,"diesel":1.769,"biodiesel":1.729,"adblue":0.899},"extra":{"saleType":"P","margin":"I","reportingType":"OM","ideess":"12550","idMunicipio":"1049","idProvincia":"08","idCCAA":"09"}}},{"type":"Feature","geometry":{"type":"Point","coordinates":[2.098,41.536722]},"properties":{"id":"es-12553","source":"ES","brand":"U.S.SABADELL   - GAS-OILS ROVIRA-","address":"CALLE ROCAFORT, 40","municipality":"Sabadell","province":"BARCELONA","postalCode":"08205","schedule":"L-D: 24H","fuels":{"gasoline95":1.549,"diesel":1.649},"extra":{"saleType":"P","margin":"D","reportingType":"dm","ideess":"12553","idMunicipio":"1052","idProvincia":"08","idCCAA":"09"}}},{"type":"Feature","geometry":{"type":"Point","coordinates":[2.083417,41.329694]},"properties":{"id":"es-12557","source":"ES","brand":"BALLENOIL","address":"CARRETERA CA L'ALAIO KM. 3","municipality":"Prat de Llobregat (El)","province":"BARCELONA","postalCode":"08820","schedule":"L-D: 24H","fuels":{"gasoline95":1.679,"diesel":1.729},"extra":{"saleType":"P","margin":"D","reportingType":"OM","ideess":"12557","idMunicipio":"1035","idProvincia":"08","idCCAA":"09"}}},{"type":"Feature","geometry":{"type":"Point","coordinates":[2.174472,41.544667]},"properties":{"id":"es-12570","source":"ES","brand":"LOWCOSTFUEL","address":"CALLE CATALUNYA, 33","municipality":"Santa Perpètua de Mogoda","province":"BARCELONA","postalCode":"08130","schedule":"L-D: 24H","fuels":{"gasoline95":1.559,"diesel":1.659,"dieselPremium":1.699},"extra":{"saleType":"P","margin":"D","reportingType":"dm","ideess":"12570","idMunicipio":"1125","idProvincia":"08","idCCAA":"09"}}},{"type":"Feature","geometry":{"type":"Point","coordinates":[2.037556,41.387028]},"properties":{"id":"es-12597","source":"ES","brand":"PETROMIRALLES","address":"CALLE INDUSTRIA, 23","municipality":"Sant Feliu de Llobregat","province":"BARCELONA","postalCode":"08980","schedule":"L-D: 24H","fuels":{"gasoline95":1.639,"diesel":1.779,"dieselPremium":1.809,"adblue":0.789},"extra":{"saleType":"P","margin":"N","reportingType":"dm","ideess":"12597","idMunicipio":"1072","idProvincia":"08","idCCAA":"09"}}},{"type":"Feature","geometry":{"type":"Point","coordinates":[2.031028,41.317639]},"properties":{"id":"es-12621","source":"ES","brand":"BALLENOIL","address":"AVENIDA SEGLE XXI, 44","municipality":"Viladecans","province":"BARCELONA","postalCode":"08440","schedule":"L-D: 24H","fuels":{"gasoline95":1.699,"diesel":1.789},"extra":{"saleType":"P","margin":"D","reportingType":"OM","ideess":"12621","idMunicipio":"1160","idProvincia":"08","idCCAA":"09"}}},{"type":"Feature","geometry":{"type":"Point","coordinates":[2.533278,41.713583]},"properties":{"id":"es-12623","source":"ES","brand":"BP GUALBA","address":"CALLE RIERA DE GUALBA, 1","municipality":"Gualba","province":"BARCELONA","postalCode":"08474","schedule":"L-D: 06:00-22:00","fuels":{"gasoline95":1.795,"gasoline98":1.935,"diesel":1.995,"dieselPremium":2.085,"adblue":0.925},"extra":{"saleType":"P","margin":"N","reportingType":"OM","ideess":"12623","idMunicipio":"962","idProvincia":"08","idCCAA":"09"}}},{"type":"Feature","geometry":{"type":"Point","coordinates":[2.032944,41.581556]},"properties":{"id":"es-12626","source":"ES","brand":"PETRO VALLES","address":"CALLE CAMI FONT DE LES CANYES,D, 54","municipality":"Terrassa","province":"BARCELONA","postalCode":"08227","schedule":"L-D: 24H","fuels":{"gasoline95":1.459,"gasoline98":1.549,"diesel":1.589,"dieselPremium":1.649},"extra":{"saleType":"P","margin":"N","reportingType":"dm","ideess":"12626","idMunicipio":"1141","idProvincia":"08","idCCAA":"09"}}},{"type":"Feature","geometry":{"type":"Point","coordinates":[2.286306,41.626778]},"properties":{"id":"es-12627","source":"ES","brand":"PETRO VALLES","address":"CALLE JUAN DE LA CIERVA, 2","municipality":"Canovelles","province":"BARCELONA","postalCode":"08420","schedule":"L-D: 24H","fuels":{"gasoline95":1.459,"diesel":1.589,"adblue":1.249},"extra":{"saleType":"P","margin":"N","reportingType":"dm","ideess":"12627","idMunicipio":"903","idProvincia":"08","idCCAA":"09"}}},{"type":"Feature","geometry":{"type":"Point","coordinates":[2.086417,41.59925]},"properties":{"id":"es-12628","source":"ES","brand":"PETROPRIX","address":"CALLE PRIORAT, 30","municipality":"Castellar del Vallès","province":"BARCELONA","postalCode":"08211","schedule":"L-D: 24H","fuels":{"gasoline95":1.609,"diesel":1.669},"extra":{"saleType":"P","margin":"D","reportingType":"dm","ideess":"12628","idMunicipio":"915","idProvincia":"08","idCCAA":"09"}}},{"type":"Feature","geometry":{"type":"Point","coordinates":[2.100028,41.52]},"properties":{"id":"es-12636","source":"ES","brand":"CEPSA","address":"RONDA SANT PAU DE RIU SEC, 7","municipality":"Sabadell","province":"BARCELONA","postalCode":"08205","schedule":"L-V: 06:00-22:00; S-D: 08:00-21:00","fuels":{"gasoline95":1.799,"gasoline95Premium":1.889,"gasoline98":1.969,"diesel":1.989,"dieselPremium":2.089,"lpg":1.159},"extra":{"saleType":"P","margin":"I","reportingType":"dm","ideess":"12636","idMunicipio":"1052","idProvincia":"08","idCCAA":"09"}}},{"type":"Feature","geometry":{"type":"Point","coordinates":[2.427889,41.526222]},"properties":{"id":"es-12639","source":"ES","brand":"SHELL","address":"CALLE TEIXIDORA (DE LA), 37","municipality":"Mataró","province":"BARCELONA","postalCode":"08301","schedule":"L-D: 24H","fuels":{"gasoline95":1.629,"diesel":1.759,"dieselB":1.379,"adblue":0.699},"extra":{"saleType":"P","margin":"D","reportingType":"dm","ideess":"12639","idMunicipio":"987","idProvincia":"08","idCCAA":"09"}}},{"type":"Feature","geometry":{"type":"Point","coordinates":[2.517083,41.871222]},"properties":{"id":"es-12669","source":"ES","brand":"E.S.GUILLERIES,S.L.","address":"AVENIDA SANTA COLOMA DE FARNERS, 95","municipality":"Sant Hilari Sacalm","province":"GIRONA","postalCode":"17403","schedule":"L-D: 24H","fuels":{"gasoline95":1.699,"gasoline98":1.829,"diesel":1.809},"extra":{"saleType":"P","margin":"I","reportingType":"dm","ideess":"12669","idMunicipio":"2604","idProvincia":"17","idCCAA":"09"}}},{"type":"Feature","geometry":{"type":"Point","coordinates":[2.771639,41.964278]},"properties":{"id":"es-12674","source":"ES","brand":"PETROLIS DE BARCELONA","address":"CARRER CAN CULEBRA, PARCELA 44, S/N","municipality":"Bescanó","province":"GIRONA","postalCode":"17162","schedule":"L-D: 24H","fuels":{"gasoline95":1.559,"diesel":1.629},"extra":{"saleType":"P","margin":"N","reportingType":"dm","ideess":"12674","idMunicipio":"2466","idProvincia":"17","idCCAA":"09"}}},{"type":"Feature","geometry":{"type":"Point","coordinates":[2.362944,41.6265]},"properties":{"id":"es-12696","source":"ES","brand":"BP CARDEDEU","address":"CALLE PINS ROSES, 2","municipality":"Cardedeu","province":"BARCELONA","postalCode":"08440","schedule":"L-D: 06:00-22:00","fuels":{"gasoline95":1.795,"gasoline98":1.935,"diesel":1.995,"dieselPremium":2.085,"adblue":1.325},"extra":{"saleType":"P","margin":"D","reportingType":"OM","ideess":"12696","idMunicipio":"908","idProvincia":"08","idCCAA":"09"}}},{"type":"Feature","geometry":{"type":"Point","coordinates":[2.166639,41.486028]},"properties":{"id":"es-12700","source":"ES","brand":"GM OIL","address":"AVENIDA LA FERRERIA, S/N","municipality":"Montcada i Reixac","province":"BARCELONA","postalCode":"08110","schedule":"L-D: 24H","fuels":{"gasoline95":1.479,"diesel":1.699},"extra":{"saleType":"P","margin":"D","reportingType":"dm","ideess":"12700","idMunicipio":"994","idProvincia":"08","idCCAA":"09"}}},{"type":"Feature","geometry":{"type":"Point","coordinates":[2.268028,41.6435]},"properties":{"id":"es-12719","source":"ES","brand":"PETROLIS INDEPENDENTS - PETRO7","address":"CALLE SECTOR MAS DORCA, 2","municipality":"Ametlla del Vallès (L')","province":"BARCELONA","postalCode":"08480","schedule":"L-D: 24H","fuels":{"gasoline95":1.639,"diesel":1.699,"dieselPremium":1.759},"extra":{"saleType":"P","margin":"N","reportingType":"dm","ideess":"12719","idMunicipio":"866","idProvincia":"08","idCCAA":"09"}}},{"type":"Feature","geometry":{"type":"Point","coordinates":[2.285,41.671944]},"properties":{"id":"es-12722","source":"ES","brand":"GASOIL 3B","address":"CARRER RIPOLLES, 4","municipality":"Garriga (La)","province":"BARCELONA","postalCode":"08530","schedule":"L-D: 24H","fuels":{"gasoline95":1.548,"diesel":1.648,"adblue":0.799},"extra":{"saleType":"P","margin":"D","reportingType":"dm","ideess":"12722","idMunicipio":"954","idProvincia":"08","idCCAA":"09"}}},{"type":"Feature","geometry":{"type":"Point","coordinates":[2.417889,41.517389]},"properties":{"id":"es-12728","source":"ES","brand":"ESCLATOIL","address":"CARRETERA NACIONAL II KM. 70","municipality":"Cabrera de Mar","province":"BARCELONA","postalCode":"08349","schedule":"L-D: 24H","fuels":{"gasoline95":1.509,"diesel":1.679,"adblue":0.559},"extra":{"saleType":"P","margin":"N","reportingType":"dm","ideess":"12728","idMunicipio":"890","idProvincia":"08","idCCAA":"09"}}},{"type":"Feature","geometry":{"type":"Point","coordinates":[2.164139,41.538806]},"properties":{"id":"es-12754","source":"ES","brand":"MARINÉ","address":"CALLE GUIFRE EL PILOS, S/N","municipality":"Santa Perpètua de Mogoda","province":"BARCELONA","postalCode":"08130","schedule":"L-D: 24H","fuels":{"gasoline95":1.529,"diesel":1.629,"adblue":0.6},"extra":{"saleType":"P","margin":"N","reportingType":"dm","ideess":"12754","idMunicipio":"1125","idProvincia":"08","idCCAA":"09"}}},{"type":"Feature","geometry":{"type":"Point","coordinates":[2.83,41.716806]},"properties":{"id":"es-12755","source":"ES","brand":"GALP","address":"AVENIDA ALEGRIES, 1","municipality":"Lloret de Mar","province":"GIRONA","postalCode":"17310","schedule":"L-D: 06:00-22:00","fuels":{"gasoline95":1.539,"diesel":1.629},"extra":{"saleType":"P","margin":"D","reportingType":"OM","ideess":"12755","idMunicipio":"2540","idProvincia":"17","idCCAA":"09"}}},{"type":"Feature","geometry":{"type":"Point","coordinates":[2.133917,41.348361]},"properties":{"id":"es-12765","source":"ES","brand":"ECOBENZ","address":"AVINGUDA JOAN CARLES I, 16","municipality":"Hospitalet de Llobregat (L')","province":"BARCELONA","postalCode":"08908","schedule":"L-D: 24H","fuels":{"gasoline95":1.639,"diesel":1.759,"lpg":0.919},"extra":{"saleType":"P","margin":"D","reportingType":"dm","ideess":"12765","idMunicipio":"965","idProvincia":"08","idCCAA":"09"}}},{"type":"Feature","geometry":{"type":"Point","coordinates":[2.296306,41.600278]},"properties":{"id":"es-12788","source":"ES","brand":"PETROPRIX","address":"CALLE TURO D'EN BRUGUET, 2","municipality":"Granollers","province":"BARCELONA","postalCode":"08400","schedule":"L-D: 24H","fuels":{"gasoline95":1.549,"diesel":1.679},"extra":{"saleType":"P","margin":"N","reportingType":"dm","ideess":"12788","idMunicipio":"961","idProvincia":"08","idCCAA":"09"}}},{"type":"Feature","geometry":{"type":"Point","coordinates":[2.224806,41.548583]},"properties":{"id":"es-12805","source":"ES","brand":"OILPRIX","address":"CALLE FRIEDRICH WILHELM SERTÜNER, 8","municipality":"Mollet del Vallès","province":"BARCELONA","postalCode":"08100","schedule":"L-D: 24H","fuels":{"gasoline95":1.582,"diesel":1.789,"lpg":0.919,"adblue":0.859},"extra":{"saleType":"P","margin":"D","reportingType":"OM","ideess":"12805","idMunicipio":"991","idProvincia":"08","idCCAA":"09"}}},{"type":"Feature","geometry":{"type":"Point","coordinates":[2.012306,41.295167]},"properties":{"id":"es-12822","source":"ES","brand":"CAMPSA EXPRESS","address":"AVINGUDA BERTRAN I GÜELL, 46","municipality":"Gavà","province":"BARCELONA","postalCode":"08850","schedule":"L-D: 24H","fuels":{"gasoline95":1.5,"diesel":1.696},"extra":{"saleType":"P","margin":"I","reportingType":"OM","ideess":"12822","idMunicipio":"955","idProvincia":"08","idCCAA":"09"}}},{"type":"Feature","geometry":{"type":"Point","coordinates":[2.031417,41.480556]},"properties":{"id":"es-12842","source":"ES","brand":"PETROPRIX","address":"CARRETERA C1413A KM. 9,7","municipality":"Rubí","province":"BARCELONA","postalCode":"08191","schedule":"L-D: 24H","fuels":{"gasoline95":1.579,"diesel":1.679},"extra":{"saleType":"P","margin":"D","reportingType":"dm","ideess":"12842","idMunicipio":"1049","idProvincia":"08","idCCAA":"09"}}},{"type":"Feature","geometry":{"type":"Point","coordinates":[2.232028,41.559167]},"properties":{"id":"es-12844","source":"ES","brand":"REPSOL","address":"CARRETERA C-17 KM. 14,000","municipality":"Parets del Vallès","province":"BARCELONA","postalCode":"08150","schedule":"L-D: 06:00-22:00","fuels":{"gasoline95":1.77,"gasoline98":1.9,"diesel":1.96,"dieselRenewable":2.08},"extra":{"saleType":"P","margin":"D","reportingType":"OM","ideess":"12844","idMunicipio":"1025","idProvincia":"08","idCCAA":"09"}}},{"type":"Feature","geometry":{"type":"Point","coordinates":[2.809028,41.966472]},"properties":{"id":"es-12845","source":"ES","brand":"CAMPSA EXPRESS","address":"CARRETERA SANTA COLOMA KM. 38-42","municipality":"Girona","province":"GIRONA","postalCode":"17005","schedule":"L-D: 24H","fuels":{"gasoline95":1.53,"diesel":1.696},"extra":{"saleType":"P","margin":"D","reportingType":"OM","ideess":"12845","idMunicipio":"2524","idProvincia":"17","idCCAA":"09"}}},{"type":"Feature","geometry":{"type":"Point","coordinates":[2.084,41.489167]},"properties":{"id":"es-12913","source":"ES","brand":"PETROPRIX","address":"AVENIDA CAN FATJÓ DELS AURONS, SN","municipality":"Cerdanyola del Vallès","province":"BARCELONA","postalCode":"08290","schedule":"L-D: 24H","fuels":{"gasoline95":1.529,"diesel":1.669},"extra":{"saleType":"P","margin":"N","reportingType":"dm","ideess":"12913","idMunicipio":"931","idProvincia":"08","idCCAA":"09"}}},{"type":"Feature","geometry":{"type":"Point","coordinates":[2.103556,41.354139]},"properties":{"id":"es-12921","source":"ES","brand":"BONAREA","address":"CALLE CR. DEL MIG, 146","municipality":"Hospitalet de Llobregat (L')","province":"BARCELONA","postalCode":"08907","schedule":"L-D: 24H","fuels":{"gasoline95":1.43,"diesel":1.593,"adblue":0.528},"extra":{"saleType":"P","margin":"D","reportingType":"dm","ideess":"12921","idMunicipio":"965","idProvincia":"08","idCCAA":"09"}}},{"type":"Feature","geometry":{"type":"Point","coordinates":[2.221806,41.530333]},"properties":{"id":"es-12936","source":"ES","brand":"VILACARBURANTS","address":"CALLE BARCELONA, 180","municipality":"Sant Fost de Campsentelles","province":"BARCELONA","postalCode":"08105","schedule":"L-D: 24H","fuels":{"gasoline95":1.575,"diesel":1.715,"dieselPremium":1.775,"adblue":0.919},"extra":{"saleType":"P","margin":"D","reportingType":"dm","ideess":"12936","idMunicipio":"1074","idProvincia":"08","idCCAA":"09"}}},{"type":"Feature","geometry":{"type":"Point","coordinates":[2.102889,41.331361]},"properties":{"id":"es-12942","source":"ES","brand":"AUTONETOIL","address":"CARRER DE LES MORERES, 49","municipality":"Prat de Llobregat (El)","province":"BARCELONA","postalCode":"08820","schedule":"L-D: 24H","fuels":{"gasoline95":1.619,"diesel":1.779},"extra":{"saleType":"P","margin":"D","reportingType":"dm","ideess":"12942","idMunicipio":"1035","idProvincia":"08","idCCAA":"09"}}},{"type":"Feature","geometry":{"type":"Point","coordinates":[2.769889,41.684167]},"properties":{"id":"es-12975","source":"ES","brand":"PETROLOWCOST","address":"CARRETERA GI-600 KM. 1","municipality":"Blanes","province":"GIRONA","postalCode":"17300","schedule":"L-D: 24H","fuels":{"gasoline95":1.659,"diesel":1.729},"extra":{"saleType":"P","margin":"D","reportingType":"dm","ideess":"12975","idMunicipio":"2470","idProvincia":"17","idCCAA":"09"}}},{"type":"Feature","geometry":{"type":"Point","coordinates":[2.212806,41.533444]},"properties":{"id":"es-13010","source":"ES","brand":"GOOD PRICE PALAU","address":"AVINGUDA BADALONA, 22","municipality":"Mollet del Vallès","province":"BARCELONA","postalCode":"08100","schedule":"L-D: 24H","fuels":{"gasoline95":1.589,"diesel":1.789},"extra":{"saleType":"P","margin":"N","reportingType":"dm","ideess":"13010","idMunicipio":"991","idProvincia":"08","idCCAA":"09"}}},{"type":"Feature","geometry":{"type":"Point","coordinates":[2.200972,41.437361]},"properties":{"id":"es-13013","source":"ES","brand":"BALLENOIL","address":"CALLE CIUDAD DE ASUNCIÓN, 12","municipality":"Barcelona","province":"BARCELONA","postalCode":"08030","schedule":"L-D: 24H","fuels":{"gasoline95":1.629,"diesel":1.679},"extra":{"saleType":"P","margin":"D","reportingType":"OM","ideess":"13013","idMunicipio":"881","idProvincia":"08","idCCAA":"09"}}},{"type":"Feature","geometry":{"type":"Point","coordinates":[2.199694,41.445139]},"properties":{"id":"es-13016","source":"ES","brand":"TAMOIL","address":"CALLE TUCUMAN, 2","municipality":"Barcelona","province":"BARCELONA","postalCode":"08030","schedule":"L-D: 24H","fuels":{"gasoline95":1.629,"diesel":1.699,"adblue":0.899},"extra":{"saleType":"P","margin":"N","reportingType":"OM","ideess":"13016","idMunicipio":"881","idProvincia":"08","idCCAA":"09"}}},{"type":"Feature","geometry":{"type":"Point","coordinates":[2.202694,41.427806]},"properties":{"id":"es-13029","source":"ES","brand":"PREMIUM ENERGY LA SAGRERA","address":"CALLE SANTANDER, 50","municipality":"Barcelona","province":"BARCELONA","postalCode":"08020","schedule":"L-D: 24H","fuels":{"gasoline95":1.598,"dieselPremium":1.698},"extra":{"saleType":"P","margin":"D","reportingType":"dm","ideess":"13029","idMunicipio":"881","idProvincia":"08","idCCAA":"09"}}},{"type":"Feature","geometry":{"type":"Point","coordinates":[2.373778,41.637833]},"properties":{"id":"es-13052","source":"ES","brand":"CARREFOUR","address":"CARRETERA GRANOLLERS-SANT CELONI, CANT FREDERIC MISTRAL KM. S/N","municipality":"Cardedeu","province":"BARCELONA","postalCode":"08440","schedule":"L-D: 24H","fuels":{"gasoline95":1.749,"diesel":1.919},"extra":{"saleType":"P","margin":"N","reportingType":"dm","ideess":"13052","idMunicipio":"908","idProvincia":"08","idCCAA":"09"}}},{"type":"Feature","geometry":{"type":"Point","coordinates":[2.404361,41.662]},"properties":{"id":"es-13074","source":"ES","brand":"MEROIL","address":"CALLE EUROPA, 2","municipality":"Sant Antoni de Vilamajor","province":"BARCELONA","postalCode":"08459","schedule":"L-D: 24H","fuels":{"gasoline95":1.709,"diesel":1.849},"extra":{"saleType":"P","margin":"N","reportingType":"dm","ideess":"13074","idMunicipio":"1060","idProvincia":"08","idCCAA":"09"}}},{"type":"Feature","geometry":{"type":"Point","coordinates":[2.193944,41.516806]},"properties":{"id":"es-13080","source":"ES","brand":"ESCLATOIL","address":"AVENIDA TRES, 64","municipality":"Santa Perpètua de Mogoda","province":"BARCELONA","postalCode":"08130","schedule":"L-D: 24H","fuels":{"gasoline95":1.579,"diesel":1.719,"dieselPremium":1.769,"adblue":0.559},"extra":{"saleType":"P","margin":"N","reportingType":"dm","ideess":"13080","idMunicipio":"1125","idProvincia":"08","idCCAA":"09"}}},{"type":"Feature","geometry":{"type":"Point","coordinates":[2.79525,41.9895]},"properties":{"id":"es-13110","source":"ES","brand":"PETREM","address":"CALLE ANTIGA CARRETERA D'AMER, 2","municipality":"Girona","province":"GIRONA","postalCode":"17007","schedule":"L-D: 24H","fuels":{"gasoline95":1.639,"diesel":1.759,"adblue":0.899},"extra":{"saleType":"P","margin":"D","reportingType":"dm","ideess":"13110","idMunicipio":"2524","idProvincia":"17","idCCAA":"09"}}},{"type":"Feature","geometry":{"type":"Point","coordinates":[2.677917,41.853528]},"properties":{"id":"es-13125","source":"ES","brand":"ESCLATOIL","address":"CALLE FRANCESC MORAGUES, SN","municipality":"Santa Coloma de Farners","province":"GIRONA","postalCode":"17430","schedule":"L-D: 24H","fuels":{"gasoline95":1.509,"diesel":1.679,"adblue":0.559},"extra":{"saleType":"P","margin":"N","reportingType":"dm","ideess":"13125","idMunicipio":"2620","idProvincia":"17","idCCAA":"09"}}},{"type":"Feature","geometry":{"type":"Point","coordinates":[2.090417,41.334]},"properties":{"id":"es-13127","source":"ES","brand":"CARREFOUR","address":"AUTOVIA DE CASTELLDEFELLS KM. 5","municipality":"Prat de Llobregat (El)","province":"BARCELONA","postalCode":"08820","schedule":"L-D: 24H","fuels":{"gasoline95":1.789,"gasoline98":1.949,"diesel":1.899,"dieselPremium":1.939},"extra":{"saleType":"P","margin":"N","reportingType":"dm","ideess":"13127","idMunicipio":"1035","idProvincia":"08","idCCAA":"09"}}},{"type":"Feature","geometry":{"type":"Point","coordinates":[2.04825,41.334667]},"properties":{"id":"es-13145","source":"ES","brand":"ANEU OIL","address":"CALLE AZUAGA, 2","municipality":"Sant Boi de Llobregat","province":"BARCELONA","postalCode":"08330","schedule":"L-D: 24H","fuels":{"gasoline95":1.646,"diesel":1.666,"adblue":0.888},"extra":{"saleType":"P","margin":"N","reportingType":"dm","ideess":"13145","idMunicipio":"1062","idProvincia":"08","idCCAA":"09"}}},{"type":"Feature","geometry":{"type":"Point","coordinates":[2.048306,41.332]},"properties":{"id":"es-13148","source":"ES","brand":"BALLENOIL","address":"AVENIDA MARINA DE, 14","municipality":"Sant Boi de Llobregat","province":"BARCELONA","postalCode":"08330","schedule":"L-D: 24H","fuels":{"gasoline95":1.699,"diesel":1.789},"extra":{"saleType":"P","margin":"D","reportingType":"OM","ideess":"13148","idMunicipio":"1062","idProvincia":"08","idCCAA":"09"}}},{"type":"Feature","geometry":{"type":"Point","coordinates":[2.085722,41.598361]},"properties":{"id":"es-13181","source":"ES","brand":"PETROEIGHT","address":"CALLE TERRA ALTA, 47","municipality":"Castellar del Vallès","province":"BARCELONA","postalCode":"08211","schedule":"L-D: 24H","fuels":{"gasoline95":1.619,"diesel":1.679},"extra":{"saleType":"P","margin":"N","reportingType":"dm","ideess":"13181","idMunicipio":"915","idProvincia":"08","idCCAA":"09"}}},{"type":"Feature","geometry":{"type":"Point","coordinates":[2.170944,41.625056]},"properties":{"id":"es-13191","source":"ES","brand":"U.S. CALDES - GAS-OILS ROVIRA-","address":"AVENIDA PI I MARGALL, 171","municipality":"Caldes de Montbui","province":"BARCELONA","postalCode":"08140","schedule":"L-D: 24H","fuels":{"gasoline95":1.499,"diesel":1.649},"extra":{"saleType":"P","margin":"I","reportingType":"dm","ideess":"13191","idMunicipio":"895","idProvincia":"08","idCCAA":"09"}}},{"type":"Feature","geometry":{"type":"Point","coordinates":[2.004694,41.570083]},"properties":{"id":"es-13203","source":"ES","brand":"ESCLATOIL","address":"AVENIDA JOSEP TARRADELLAS,DE, 2","municipality":"Terrassa","province":"BARCELONA","postalCode":"08225","schedule":"L-D: 24H","fuels":{"gasoline95":1.519,"diesel":1.649,"dieselPremium":1.699,"adblue":0.559},"extra":{"saleType":"P","margin":"D","reportingType":"dm","ideess":"13203","idMunicipio":"1141","idProvincia":"08","idCCAA":"09"}}},{"type":"Feature","geometry":{"type":"Point","coordinates":[2.261306,41.456944]},"properties":{"id":"es-13217","source":"ES","brand":"LOWCOSTFUEL","address":"CARRETERA DE MATARO KM. 1","municipality":"Badalona","province":"BARCELONA","postalCode":"08911","schedule":"L-D: 24H","fuels":{"gasoline95":1.539,"diesel":1.649},"extra":{"saleType":"P","margin":"D","reportingType":"dm","ideess":"13217","idMunicipio":"875","idProvincia":"08","idCCAA":"09"}}},{"type":"Feature","geometry":{"type":"Point","coordinates":[2.834833,41.709583]},"properties":{"id":"es-13246","source":"ES","brand":"REPSOL","address":"AVINGUDA VIDRERES, 244","municipality":"Lloret de Mar","province":"GIRONA","postalCode":"17310","schedule":"L-D: 06:00-22:00","fuels":{"gasoline95":1.826,"gasoline98":1.956,"diesel":1.93,"dieselPremium":2.0},"extra":{"saleType":"P","margin":"D","reportingType":"OM","ideess":"13246","idMunicipio":"2540","idProvincia":"17","idCCAA":"09"}}},{"type":"Feature","geometry":{"type":"Point","coordinates":[2.2025,41.538333]},"properties":{"id":"es-13247","source":"ES","brand":"REPSOL","address":"RONDA LA FARINERA, S/N","municipality":"Mollet del Vallès","province":"BARCELONA","postalCode":"08100","schedule":"L-D: 06:00-22:00","fuels":{"gasoline95":1.77,"gasoline98":1.9,"diesel":1.966,"dieselRenewable":2.086},"extra":{"saleType":"P","margin":"D","reportingType":"OM","ideess":"13247","idMunicipio":"991","idProvincia":"08","idCCAA":"09"}}},{"type":"Feature","geometry":{"type":"Point","coordinates":[2.022639,41.311028]},"properties":{"id":"es-13257","source":"ES","brand":"ES VILAMARINA CEPSA","address":"CARRETERA VILA KM. 33","municipality":"Viladecans","province":"BARCELONA","postalCode":"08840","schedule":"L-D: 24H","fuels":{"gasoline95":1.657,"diesel":1.767},"extra":{"saleType":"P","margin":"D","reportingType":"dm","ideess":"13257","idMunicipio":"1160","idProvincia":"08","idCCAA":"09"}}},{"type":"Feature","geometry":{"type":"Point","coordinates":[2.124472,41.349222]},"properties":{"id":"es-13274","source":"ES","brand":"NATURGY","address":"CALLE BOTANICA, 114","municipality":"Hospitalet de Llobregat (L')","province":"BARCELONA","postalCode":"08908","schedule":"L-D: 24H","fuels":{"cng":1.526},"extra":{"saleType":"P","margin":"D","reportingType":"dm","ideess":"13274","idMunicipio":"965","idProvincia":"08","idCCAA":"09"}}},{"type":"Feature","geometry":{"type":"Point","coordinates":[2.189806,41.383556]},"properties":{"id":"es-13277","source":"ES","brand":"NATURGY","address":"CALLE DOCTOR AIGUADER, 50","municipality":"Barcelona","province":"BARCELONA","postalCode":"08003","schedule":"L-D: 24H","fuels":{"cng":1.612},"extra":{"saleType":"P","margin":"D","reportingType":"dm","ideess":"13277","idMunicipio":"881","idProvincia":"08","idCCAA":"09"}}},{"type":"Feature","geometry":{"type":"Point","coordinates":[2.20275,41.433444]},"properties":{"id":"es-13281","source":"ES","brand":"NATURGY","address":"CALLE FRA JUNIPER SERRA, 59-75","municipality":"Barcelona","province":"BARCELONA","postalCode":"08030","schedule":"L-D: 24H","fuels":{"cng":1.612},"extra":{"saleType":"P","margin":"I","reportingType":"dm","ideess":"13281","idMunicipio":"881","idProvincia":"08","idCCAA":"09"}}},{"type":"Feature","geometry":{"type":"Point","coordinates":[2.227389,41.430306]},"properties":{"id":"es-13321","source":"ES","brand":"BONAREA","address":"CALLE ESTIU, 18,20","municipality":"Badalona","province":"BARCELONA","postalCode":"08918","schedule":"L-D: 24H","fuels":{"gasoline95":1.43,"diesel":1.592,"adblue":0.528},"extra":{"saleType":"P","margin":"N","reportingType":"dm","ideess":"13321","idMunicipio":"875","idProvincia":"08","idCCAA":"09"}}},{"type":"Feature","geometry":{"type":"Point","coordinates":[2.023139,41.580472]},"properties":{"id":"es-13347","source":"ES","brand":"OCTOPO","address":"AVENIDA BEJAR, 373","municipality":"Terrassa","province":"BARCELONA","postalCode":"08226","schedule":"L-D: 24H","fuels":{"gasoline95":1.629,"gasoline98":1.719,"diesel":1.699,"dieselPremium":1.749},"extra":{"saleType":"P","margin":"D","reportingType":"dm","ideess":"13347","idMunicipio":"1141","idProvincia":"08","idCCAA":"09"}}},{"type":"Feature","geometry":{"type":"Point","coordinates":[2.036139,41.318472]},"properties":{"id":"es-13378","source":"ES","brand":"NATURGY","address":"AVENIDA PROGRÉS, 25-27","municipality":"Viladecans","province":"BARCELONA","postalCode":"08440","schedule":"L-D: 24H","fuels":{"cng":1.497},"extra":{"saleType":"P","margin":"D","reportingType":"dm","ideess":"13378","idMunicipio":"1160","idProvincia":"08","idCCAA":"09"}}},{"type":"Feature","geometry":{"type":"Point","coordinates":[2.098556,41.354389]},"properties":{"id":"es-13405","source":"ES","brand":"PETRO G24","address":"CALLE CALLE COBALT, 190","municipality":"Hospitalet de Llobregat (L')","province":"BARCELONA","postalCode":"08246","schedule":"L-D: 24H","fuels":{"gasoline95":1.648,"diesel":1.749,"adblue":0.899},"extra":{"saleType":"P","margin":"D","reportingType":"dm","ideess":"13405","idMunicipio":"965","idProvincia":"08","idCCAA":"09"}}},{"type":"Feature","geometry":{"type":"Point","coordinates":[2.035472,41.321806]},"properties":{"id":"es-13431","source":"ES","brand":"BALLENOIL","address":"AVINGUDA SEGLE XXI, 79","municipality":"Sant Boi de Llobregat","province":"BARCELONA","postalCode":"08330","schedule":"L-D: 24H","fuels":{"gasoline95":1.699,"diesel":1.789},"extra":{"saleType":"P","margin":"D","reportingType":"OM","ideess":"13431","idMunicipio":"1062","idProvincia":"08","idCCAA":"09"}}},{"type":"Feature","geometry":{"type":"Point","coordinates":[2.400528,41.592167]},"properties":{"id":"es-13432","source":"ES","brand":"PETROLOGIC OIL","address":"CARRETERA B510 KM. 3,1","municipality":"Dosrius","province":"BARCELONA","postalCode":"08319","schedule":"L-D: 24H","fuels":{"gasoline95":1.629,"diesel":1.739},"extra":{"saleType":"P","margin":"D","reportingType":"dm","ideess":"13432","idMunicipio":"939","idProvincia":"08","idCCAA":"09"}}},{"type":"Feature","geometry":{"type":"Point","coordinates":[2.264417,41.946083]},"properties":{"id":"es-13481","source":"ES","brand":"GMOIL","address":"CALLE LLEIDA, 6","municipality":"Vic","province":"BARCELONA","postalCode":"08500","schedule":"L-D: 24H","fuels":{"gasoline95":1.459,"diesel":1.585},"extra":{"saleType":"P","margin":"D","reportingType":"dm","ideess":"13481","idMunicipio":"1158","idProvincia":"08","idCCAA":"09"}}},{"type":"Feature","geometry":{"type":"Point","coordinates":[2.281222,41.638278]},"properties":{"id":"es-13486","source":"ES","brand":"BONOIL","address":"CALLE FRANÇA, 42","municipality":"Franqueses del Vallès (Les)","province":"BARCELONA","postalCode":"08520","schedule":"L-D: 24H","fuels":{"gasoline95":1.569,"diesel":1.669},"extra":{"saleType":"P","margin":"D","reportingType":"dm","ideess":"13486","idMunicipio":"951","idProvincia":"08","idCCAA":"09"}}},{"type":"Feature","geometry":{"type":"Point","coordinates":[2.209639,41.418083]},"properties":{"id":"es-13490","source":"ES","brand":"Q8","address":"CARRER PERE IV, 544","municipality":"Barcelona","province":"BARCELONA","postalCode":"08019","schedule":"L-D: 24H","fuels":{"gasoline95":1.717,"diesel":1.859},"extra":{"saleType":"P","margin":"N","reportingType":"dm","ideess":"13490","idMunicipio":"881","idProvincia":"08","idCCAA":"09"}}},{"type":"Feature","geometry":{"type":"Point","coordinates":[2.298194,41.488167]},"properties":{"id":"es-13512","source":"ES","brand":"AUTONETOIL","address":"CARRER RIERA, 48","municipality":"Alella","province":"BARCELONA","postalCode":"08328","schedule":"L-D: 24H","fuels":{"gasoline95":1.719,"diesel":1.929,"dieselPremium":1.959,"adblue":0.969},"extra":{"saleType":"P","margin":"D","reportingType":"dm","ideess":"13512","idMunicipio":"864","idProvincia":"08","idCCAA":"09"}}},{"type":"Feature","geometry":{"type":"Point","coordinates":[2.164111,41.53875]},"properties":{"id":"es-13595","source":"ES","brand":"MARINÉ","address":"CALLE GUIFRÉ EL PILÓS, 10","municipality":"Santa Perpètua de Mogoda","province":"BARCELONA","postalCode":"08130","schedule":"L-D: 24H","fuels":{"cng":1.599,"lng":1.499},"extra":{"saleType":"P","margin":"D","reportingType":"dm","ideess":"13595","idMunicipio":"1125","idProvincia":"08","idCCAA":"09"}}},{"type":"Feature","geometry":{"type":"Point","coordinates":[2.308472,41.988139]},"properties":{"id":"es-13611","source":"ES","brand":"ESCLATOIL","address":"AVENIDA MIQUEL MARTÍ I POL, S/N","municipality":"Roda de Ter","province":"BARCELONA","postalCode":"08510","schedule":"L-D: 24H","fuels":{"gasoline95":1.509,"diesel":1.679},"extra":{"saleType":"P","margin":"D","reportingType":"dm","ideess":"13611","idMunicipio":"1048","idProvincia":"08","idCCAA":"09"}}},{"type":"Feature","geometry":{"type":"Point","coordinates":[2.287417,41.60325]},"properties":{"id":"es-13687","source":"ES","brand":"OILPRIX","address":"AVENIDA ENRIC PRAT DE LA RIBA, 10","municipality":"Granollers","province":"BARCELONA","postalCode":"08400","schedule":"L-D: 24H","fuels":{"gasoline95":1.629,"gasoline98":1.739,"diesel":1.778,"dieselPremium":1.809},"extra":{"saleType":"P","margin":"I","reportingType":"dm","ideess":"13687","idMunicipio":"961","idProvincia":"08","idCCAA":"09"}}},{"type":"Feature","geometry":{"type":"Point","coordinates":[2.799389,41.836556]},"properties":{"id":"es-13697","source":"ES","brand":"OILAREA","address":"CALLE SANT SEBASTIÀ, 41","municipality":"Caldes de Malavella","province":"GIRONA","postalCode":"17455","schedule":"L-D: 24H","fuels":{"gasoline95":1.569,"diesel":1.699},"extra":{"saleType":"P","margin":"D","reportingType":"dm","ideess":"13697","idMunicipio":"2480","idProvincia":"17","idCCAA":"09"}}},{"type":"Feature","geometry":{"type":"Point","coordinates":[2.092806,41.521806]},"properties":{"id":"es-13700","source":"ES","brand":"WENCES","address":"CALLE MALLORCA, 43/47","municipality":"Sant Quirze del Vallès","province":"BARCELONA","postalCode":"08192","schedule":"L-D: 24H","fuels":{"gasoline95":1.599,"diesel":1.699},"extra":{"saleType":"P","margin":"D","reportingType":"dm","ideess":"13700","idMunicipio":"1100","idProvincia":"08","idCCAA":"09"}}},{"type":"Feature","geometry":{"type":"Point","coordinates":[2.301694,41.609556]},"properties":{"id":"es-13706","source":"ES","brand":"BENZOIL","address":"CAMI CEMENTIRI, 1","municipality":"Granollers","province":"BARCELONA","postalCode":"08400","schedule":"L-D: 24H","fuels":{"gasoline95":1.599,"diesel":1.799},"extra":{"saleType":"P","margin":"D","reportingType":"dm","ideess":"13706","idMunicipio":"961","idProvincia":"08","idCCAA":"09"}}},{"type":"Feature","geometry":{"type":"Point","coordinates":[2.121611,41.392278]},"properties":{"id":"es-13728","source":"ES","brand":"GARDENOIL","address":"CALLE EDUARDO CONDE, 11","municipality":"Barcelona","province":"BARCELONA","postalCode":"08034","schedule":"L-D: 24H","fuels":{"gasoline95":1.699,"diesel":1.879},"extra":{"saleType":"P","margin":"D","reportingType":"dm","ideess":"13728","idMunicipio":"881","idProvincia":"08","idCCAA":"09"}}},{"type":"Feature","geometry":{"type":"Point","coordinates":[2.193778,41.400083]},"properties":{"id":"es-13775","source":"ES","brand":"PETROPRIX","address":"CALLE BADAJOZ, 108","municipality":"Barcelona","province":"BARCELONA","postalCode":"08001","schedule":"L-D: 24H","fuels":{"gasoline95":1.575,"diesel":1.665},"extra":{"saleType":"P","margin":"D","reportingType":"dm","ideess":"13775","idMunicipio":"881","idProvincia":"08","idCCAA":"09"}}},{"type":"Feature","geometry":{"type":"Point","coordinates":[2.134861,41.331861]},"properties":{"id":"es-13829","source":"ES","brand":"MOLGAS","address":"CALLE B, ZONA FRANCA, 13","municipality":"Barcelona","province":"BARCELONA","postalCode":"08004","schedule":"L-D: 24H","fuels":{"cng":1.619,"lng":1.559},"extra":{"saleType":"P","margin":"I","reportingType":"dm","ideess":"13829","idMunicipio":"881","idProvincia":"08","idCCAA":"09"}}},{"type":"Feature","geometry":{"type":"Point","coordinates":[2.082028,41.347944]},"properties":{"id":"es-13959","source":"ES","brand":"HAM","address":"CALLE PROGRESO, 4","municipality":"Cornellà de Llobregat","province":"BARCELONA","postalCode":"08940","schedule":"L-D: 06:00-22:00","fuels":{"cng":1.596,"bioCng":1.576},"extra":{"saleType":"P","margin":"D","reportingType":"dm","ideess":"13959","idMunicipio":"937","idProvincia":"08","idCCAA":"09"}}},{"type":"Feature","geometry":{"type":"Point","coordinates":[2.161778,41.408722]},"properties":{"id":"es-13960","source":"ES","brand":"REPSOL","address":"CALLE LEGALITAT, 59","municipality":"Barcelona","province":"BARCELONA","postalCode":"08024","schedule":"L-D: 06:00-22:00","fuels":{"gasoline95":1.8,"gasoline95Premium":1.87,"gasoline98":1.93,"diesel":1.966,"dieselRenewable":2.086},"extra":{"saleType":"P","margin":"D","reportingType":"OM","ideess":"13960","idMunicipio":"881","idProvincia":"08","idCCAA":"09"}}},{"type":"Feature","geometry":{"type":"Point","coordinates":[2.773556,41.679]},"properties":{"id":"es-13994","source":"ES","brand":"GM OIL","address":"AVENIDA EUROPA, 57","municipality":"Blanes","province":"GIRONA","postalCode":"17300","schedule":"L-D: 24H","fuels":{"gasoline95":1.549,"diesel":1.699},"extra":{"saleType":"P","margin":"D","reportingType":"dm","ideess":"13994","idMunicipio":"2470","idProvincia":"17","idCCAA":"09"}}},{"type":"Feature","geometry":{"type":"Point","coordinates":[2.031472,41.478528]},"properties":{"id":"es-14025","source":"ES","brand":"ESCLATOIL","address":"CARRETERA C1413A KM. 9,4","municipality":"Rubí","province":"BARCELONA","postalCode":"08191","schedule":"L-D: 24H","fuels":{"gasoline95":1.579,"diesel":1.679,"dieselPremium":1.729,"adblue":0.559},"extra":{"saleType":"P","margin":"D","reportingType":"dm","ideess":"14025","idMunicipio":"1049","idProvincia":"08","idCCAA":"09"}}},{"type":"Feature","geometry":{"type":"Point","coordinates":[2.176167,41.5675]},"properties":{"id":"es-14089","source":"ES","brand":"BENZOIL","address":"CAMI AVINGUDA CAMI REIAL, 32","municipality":"Palau-solità i Plegamans","province":"BARCELONA","postalCode":"08184","schedule":"L-D: 24H","fuels":{"gasoline95":1.589,"diesel":1.769,"adblue":0.989},"extra":{"saleType":"P","margin":"D","reportingType":"dm","ideess":"14089","idMunicipio":"1021","idProvincia":"08","idCCAA":"09"}}},{"type":"Feature","geometry":{"type":"Point","coordinates":[2.771111,41.898556]},"properties":{"id":"es-14099","source":"ES","brand":"HAM","address":"CARRETERA N-156 KM. 1","municipality":"Vilobí d'Onyar","province":"GIRONA","postalCode":"17185","schedule":"L-D: 24H","fuels":{"gasoline95":1.629,"diesel":1.699},"extra":{"saleType":"P","margin":"D","reportingType":"dm","ideess":"14099","idMunicipio":"2669","idProvincia":"17","idCCAA":"09"}}},{"type":"Feature","geometry":{"type":"Point","coordinates":[2.423528,41.530333]},"properties":{"id":"es-14113","source":"ES","brand":"GM OIL","address":"AVENIDA VIA SÈRGIA, 77","municipality":"Mataró","province":"BARCELONA","postalCode":"08302","schedule":"L-D: 24H","fuels":{"gasoline95":1.479,"diesel":1.699},"extra":{"saleType":"P","margin":"D","reportingType":"dm","ideess":"14113","idMunicipio":"987","idProvincia":"08","idCCAA":"09"}}},{"type":"Feature","geometry":{"type":"Point","coordinates":[2.127861,41.33725]},"properties":{"id":"es-14199","source":"ES","brand":"CONFORT AUTO","address":"CARRER NUMERO TRES, 50","municipality":"Barcelona","province":"BARCELONA","postalCode":"08004","schedule":"L-D: 24H","fuels":{"gasoline95":1.598,"gasoline98":1.696,"diesel":1.763,"dieselPremium":1.863,"dieselB":1.598,"adblue":0.95},"extra":{"saleType":"P","margin":"D","reportingType":"dm","ideess":"14199","idMunicipio":"881","idProvincia":"08","idCCAA":"09"}}},{"type":"Feature","geometry":{"type":"Point","coordinates":[2.138528,41.614889]},"properties":{"id":"es-14221","source":"ES","brand":"NUROIL","address":"AVENIDA PRINCIPAL   POLIGONO INDUSTRIAL  CAN CLAPERS, 3","municipality":"Sentmenat","province":"BARCELONA","postalCode":"08181","schedule":"L-D: 24H","fuels":{"gasoline95":1.559,"diesel":1.729,"adblue":0.649},"extra":{"saleType":"P","margin":"D","reportingType":"dm","ideess":"14221","idMunicipio":"1128","idProvincia":"08","idCCAA":"09"}}},{"type":"Feature","geometry":{"type":"Point","coordinates":[2.142278,41.327972]},"properties":{"id":"es-14295","source":"ES","brand":"HAM","address":"CALLE CALLE Y PUERTO, S/N","municipality":"Barcelona","province":"BARCELONA","postalCode":"08004","schedule":"L-D: 24H","fuels":{"cng":1.574,"lng":1.529,"bioCng":1.554,"bioLng":1.499},"extra":{"saleType":"P","margin":"D","reportingType":"dm","ideess":"14295","idMunicipio":"881","idProvincia":"08","idCCAA":"09"}}},{"type":"Feature","geometry":{"type":"Point","coordinates":[2.243639,41.605833]},"properties":{"id":"es-14354","source":"ES","brand":"ESCLATOIL","address":"AVENIDA PAÏSOS CATALANS, 17","municipality":"Lliçà d'Amunt","province":"BARCELONA","postalCode":"08186","schedule":"L-D: 24H","fuels":{"gasoline95":1.499,"diesel":1.649,"dieselPremium":1.699,"adblue":0.559},"extra":{"saleType":"P","margin":"D","reportingType":"dm","ideess":"14354","idMunicipio":"971","idProvincia":"08","idCCAA":"09"}}},{"type":"Feature","geometry":{"type":"Point","coordinates":[2.285167,41.554472]},"properties":{"id":"es-14361","source":"ES","brand":"ESCLATOIL","address":"CALLE VALLFORNERS. CANT. CTRA.BP 5002 GRANOLLERS-MASNOU, S/N","municipality":"Vilanova del Vallès","province":"BARCELONA","postalCode":"08410","schedule":"L-D: 24H","fuels":{"gasoline95":1.509,"diesel":1.679,"dieselPremium":1.729,"adblue":0.559},"extra":{"saleType":"P","margin":"D","reportingType":"dm","ideess":"14361","idMunicipio":"1166","idProvincia":"08","idCCAA":"09"}}},{"type":"Feature","geometry":{"type":"Point","coordinates":[2.712333,41.635417]},"properties":{"id":"es-14436","source":"ES","brand":"CARREFOUR","address":"POLIGONO POLÍGONO 1 DE LA RIERA , PARCELAS  FR6-FR7, S/N","municipality":"Santa Susanna","province":"BARCELONA","postalCode":"08398","schedule":"L-D: 24H","fuels":{"gasoline95":1.699,"gasoline98":1.829,"diesel":1.829,"dieselPremium":1.869},"extra":{"saleType":"P","margin":"N","reportingType":"dm","ideess":"14436","idMunicipio":"1126","idProvincia":"08","idCCAA":"09"}}},{"type":"Feature","geometry":{"type":"Point","coordinates":[2.865194,41.890417]},"properties":{"id":"es-14477","source":"ES","brand":"ANEUOIL","address":"CALLE DE LA VIA, 98","municipality":"Cassà de la Selva","province":"GIRONA","postalCode":"17244","schedule":"L-D: 24H","fuels":{"gasoline95":1.637,"diesel":1.637,"adblue":0.888},"extra":{"saleType":"P","margin":"D","reportingType":"dm","ideess":"14477","idMunicipio":"2490","idProvincia":"17","idCCAA":"09"}}},{"type":"Feature","geometry":{"type":"Point","coordinates":[2.431028,41.527028]},"properties":{"id":"es-14503","source":"ES","brand":"NATURGY IBERIA, S.L.","address":"CARRETERA CARRETERA DE BARCELONA (N-II) 50 KM. 645","municipality":"Mataró","province":"BARCELONA","postalCode":"08301","schedule":"L-D: 24H","fuels":{"cng":1.612},"extra":{"saleType":"P","margin":"I","reportingType":"dm","ideess":"14503","idMunicipio":"987","idProvincia":"08","idCCAA":"09"}}},{"type":"Feature","geometry":{"type":"Point","coordinates":[2.14175,41.498722]},"properties":{"id":"es-14552","source":"ES","brand":"PETROPRIX","address":"CALLE PABLO PICASSO, 11","municipality":"Ripollet","province":"BARCELONA","postalCode":"08291","schedule":"L-D: 24H","fuels":{"gasoline95":1.549,"diesel":1.649},"extra":{"saleType":"P","margin":"N","reportingType":"dm","ideess":"14552","idMunicipio":"1046","idProvincia":"08","idCCAA":"09"}}},{"type":"Feature","geometry":{"type":"Point","coordinates":[2.707333,41.634083]},"properties":{"id":"es-14557","source":"ES","brand":"PETROPRIX","address":"CAMINO PERAFITA, S/N","municipality":"Santa Susanna","province":"BARCELONA","postalCode":"08398","schedule":"L-D: 24H","fuels":{"gasoline95":1.549,"diesel":1.669},"extra":{"saleType":"P","margin":"N","reportingType":"dm","ideess":"14557","idMunicipio":"1126","idProvincia":"08","idCCAA":"09"}}},{"type":"Feature","geometry":{"type":"Point","coordinates":[2.801472,41.959056]},"properties":{"id":"es-14576","source":"ES","brand":"Q8","address":"CARRETERA DE SANTA COLOMA KM. 108","municipality":"Girona","province":"GIRONA","postalCode":"17005","schedule":"L-D: 24H","fuels":{"gasoline95":1.477,"diesel":1.611,"adblue":0.777},"extra":{"saleType":"P","margin":"D","reportingType":"dm","ideess":"14576","idMunicipio":"2524","idProvincia":"17","idCCAA":"09"}}},{"type":"Feature","geometry":{"type":"Point","coordinates":[2.810944,41.954472]},"properties":{"id":"es-14581","source":"ES","brand":"ESCLATOIL","address":"CALLE C DALT DE CAN TURON-C 8 DE MARÇ, S/N","municipality":"Girona","province":"GIRONA","postalCode":"17003","schedule":"L-D: 24H","fuels":{"gasoline95":1.509,"diesel":1.679,"dieselPremium":1.729,"adblue":0.559},"extra":{"saleType":"P","margin":"D","reportingType":"dm","ideess":"14581","idMunicipio":"2524","idProvincia":"17","idCCAA":"09"}}},{"type":"Feature","geometry":{"type":"Point","coordinates":[2.211,41.5735]},"properties":{"id":"es-14599","source":"ES","brand":"VILACARBURANTS","address":"AVENIDA DEL VALLES, 8","municipality":"Lliçà de Vall","province":"BARCELONA","postalCode":"08185","schedule":"L-D: 24H","fuels":{"gasoline95":1.575,"diesel":1.715,"dieselPremium":1.775,"adblue":0.919},"extra":{"saleType":"P","margin":"D","reportingType":"dm","ideess":"14599","idMunicipio":"972","idProvincia":"08","idCCAA":"09"}}},{"type":"Feature","geometry":{"type":"Point","coordinates":[2.74625,41.967889]},"properties":{"id":"es-14655","source":"ES","brand":"PETROLIS INDEPENDENTS - PETRO7","address":"CARRETERA N-142E KM. 110,5","municipality":"Bescanó","province":"GIRONA","postalCode":"17162","schedule":"L-D: 24H","fuels":{"gasoline95":1.637,"diesel":1.815,"dieselPremium":1.879},"extra":{"saleType":"P","margin":"I","reportingType":"dm","ideess":"14655","idMunicipio":"2466","idProvincia":"17","idCCAA":"09"}}},{"type":"Feature","geometry":{"type":"Point","coordinates":[2.025361,41.551722]},"properties":{"id":"es-14657","source":"ES","brand":"BENZOIL","address":"AVENIDA SANTA EULALIA, DE, 240","municipality":"Terrassa","province":"BARCELONA","postalCode":"08223","schedule":"L-D: 24H","fuels":{"gasoline95":1.544,"diesel":1.644,"adblue":0.794},"extra":{"saleType":"P","margin":"D","reportingType":"dm","ideess":"14657","idMunicipio":"1141","idProvincia":"08","idCCAA":"09"}}},{"type":"Feature","geometry":{"type":"Point","coordinates":[2.243417,41.567917]},"properties":{"id":"es-14716","source":"ES","brand":"BONAREA","address":"CALLE CAN GURRI, S/N","municipality":"Parets del Vallès","province":"BARCELONA","postalCode":"08150","schedule":"L-D: 24H","fuels":{"gasoline95":1.431,"diesel":1.594,"adblue":0.528},"extra":{"saleType":"P","margin":"D","reportingType":"dm","ideess":"14716","idMunicipio":"1025","idProvincia":"08","idCCAA":"09"}}},{"type":"Feature","geometry":{"type":"Point","coordinates":[2.204972,41.54875]},"properties":{"id":"es-14730","source":"ES","brand":"ESCLATOIL","address":"CARRER DE NICARAGUA,S/N. PL. CAN BORRELL, S/N","municipality":"Mollet del Vallès","province":"BARCELONA","postalCode":"08100","schedule":"L-D: 24H","fuels":{"gasoline95":1.549,"diesel":1.689,"dieselPremium":1.739,"adblue":0.559},"extra":{"saleType":"P","margin":"D","reportingType":"dm","ideess":"14730","idMunicipio":"991","idProvincia":"08","idCCAA":"09"}}},{"type":"Feature","geometry":{"type":"Point","coordinates":[2.030139,41.395417]},"properties":{"id":"es-14737","source":"ES","brand":"AUTONETOIL","address":"CALLE HORTA, 14","municipality":"Molins de Rei","province":"BARCELONA","postalCode":"08750","schedule":"L-D: 24H","fuels":{"gasoline95":1.569,"diesel":1.799,"dieselPremium":1.829,"adblue":0.969},"extra":{"saleType":"P","margin":"D","reportingType":"dm","ideess":"14737","idMunicipio":"990","idProvincia":"08","idCCAA":"09"}}},{"type":"Feature","geometry":{"type":"Point","coordinates":[2.130472,41.336194]},"properties":{"id":"es-14762","source":"ES","brand":"GM FUEL STATIONS","address":"CARRER 29 DE LA ZONA FRANCA, 62","municipality":"Barcelona","province":"BARCELONA","postalCode":"08040","schedule":"L-D: 24H","fuels":{"gasoline95":1.689,"gasoline98":1.709,"diesel":1.799,"adblue":0.82},"extra":{"saleType":"P","margin":"D","reportingType":"dm","ideess":"14762","idMunicipio":"881","idProvincia":"08","idCCAA":"09"}}},{"type":"Feature","geometry":{"type":"Point","coordinates":[2.016917,41.30225]},"properties":{"id":"es-14812","source":"ES","brand":"Q8","address":"CARRER ENGINY, 30","municipality":"Gavà","province":"BARCELONA","postalCode":"08850","schedule":"L-D: 24H","fuels":{"gasoline95":1.769,"diesel":1.879},"extra":{"saleType":"P","margin":"D","reportingType":"dm","ideess":"14812","idMunicipio":"955","idProvincia":"08","idCCAA":"09"}}},{"type":"Feature","geometry":{"type":"Point","coordinates":[2.160028,41.548722]},"properties":{"id":"es-14827","source":"ES","brand":"ES ADENOR POLINYA","address":"CARRETERA SENTMENAT KM. 2,3","municipality":"Polinyà","province":"BARCELONA","postalCode":"08123","schedule":"L-D: 24H","fuels":{"gasoline95":1.629,"diesel":1.719,"adblue":1.0},"extra":{"saleType":"P","margin":"D","reportingType":"dm","ideess":"14827","idMunicipio":"1032","idProvincia":"08","idCCAA":"09"}}},{"type":"Feature","geometry":{"type":"Point","coordinates":[2.723556,41.691472]},"properties":{"id":"es-14849","source":"ES","brand":"PETROPRIX","address":"CALLE ANTIC CAMI DE TORDERA, 1","municipality":"Palafolls","province":"BARCELONA","postalCode":"08389","schedule":"L-D: 24H","fuels":{"gasoline95":1.539,"diesel":1.629},"extra":{"saleType":"P","margin":"N","reportingType":"dm","ideess":"14849","idMunicipio":"1020","idProvincia":"08","idCCAA":"09"}}},{"type":"Feature","geometry":{"type":"Point","coordinates":[2.543472,41.575778]},"properties":{"id":"es-14860","source":"ES","brand":"PETROMARESWAGEN","address":"CARRETERA NACIONAL II JUNQUERA KM. 656","municipality":"Arenys de Mar","province":"BARCELONA","postalCode":"08350","schedule":"L-D: 24H","fuels":{"gasoline95":1.759,"diesel":1.929,"adblue":1.469},"extra":{"saleType":"P","margin":"D","reportingType":"dm","ideess":"14860","idMunicipio":"867","idProvincia":"08","idCCAA":"09"}}},{"type":"Feature","geometry":{"type":"Point","coordinates":[2.063417,41.487889]},"properties":{"id":"es-14885","source":"ES","brand":"ESCLATOIL","address":"AVINGUDA VIA AUGUSTA, 3","municipality":"Sant Cugat del Vallès","province":"BARCELONA","postalCode":"08174","schedule":"L: 24H","fuels":{"gasoline95":1.529,"diesel":1.699,"dieselPremium":1.749,"adblue":0.559},"extra":{"saleType":"P","margin":"D","reportingType":"dm","ideess":"14885","idMunicipio":"1067","idProvincia":"08","idCCAA":"09"}}},{"type":"Feature","geometry":{"type":"Point","coordinates":[2.0445,41.374472]},"properties":{"id":"es-14951","source":"ES","brand":"MUXU","address":"AVENIDA 11 DE SETEMBRE, 1","municipality":"Sant Joan Despí","province":"BARCELONA","postalCode":"08970","schedule":"L-D: 24H","fuels":{"gasoline95":1.649,"diesel":1.808},"extra":{"saleType":"P","margin":"D","reportingType":"dm","ideess":"14951","idMunicipio":"1080","idProvincia":"08","idCCAA":"09"}}},{"type":"Feature","geometry":{"type":"Point","coordinates":[2.094611,41.368056]},"properties":{"id":"es-15029","source":"ES","brand":"ES PARKING DEL BAIX LLOBREGAT","address":"CAMINO CAN BOIXERES, SN","municipality":"Esplugues de Llobregat","province":"BARCELONA","postalCode":"08950","schedule":"L-D: 24H","fuels":{"gasoline95":1.597,"diesel":1.788},"extra":{"saleType":"P","margin":"N","reportingType":"dm","ideess":"15029","idMunicipio":"941","idProvincia":"08","idCCAA":"09"}}},{"type":"Feature","geometry":{"type":"Point","coordinates":[2.038889,41.326389]},"properties":{"id":"es-15036","source":"ES","brand":"CAN CALDERÓN - CLAUS  (GNC)","address":"CALLE RIERA DEL FONOLLAR, 38","municipality":"Sant Boi de Llobregat","province":"BARCELONA","postalCode":"08830","schedule":"L-D: 24H","fuels":{"cng":1.524},"extra":{"saleType":"P","margin":"D","reportingType":"dm","ideess":"15036","idMunicipio":"1062","idProvincia":"08","idCCAA":"09"}}},{"type":"Feature","geometry":{"type":"Point","coordinates":[2.134389,41.51175]},"properties":{"id":"es-15052","source":"ES","brand":"PETROLOWCOST","address":"CARRER ARQUIMEDES, 19","municipality":"Barberà del Vallès","province":"BARCELONA","postalCode":"08210","schedule":"L-D: 24H","fuels":{"gasoline95":1.599,"diesel":1.699,"adblue":0.799},"extra":{"saleType":"P","margin":"D","reportingType":"dm","ideess":"15052","idMunicipio":"880","idProvincia":"08","idCCAA":"09"}}},{"type":"Feature","geometry":{"type":"Point","coordinates":[2.035167,41.557278]},"properties":{"id":"es-15054","source":"ES","brand":"HAM","address":"CARRETERA MONTCADA, DE KM. 670","municipality":"Terrassa","province":"BARCELONA","postalCode":"08227","schedule":"L-D: 24H","fuels":{"cng":1.596,"bioCng":1.576},"extra":{"saleType":"P","margin":"D","reportingType":"dm","ideess":"15054","idMunicipio":"1141","idProvincia":"08","idCCAA":"09"}}},{"type":"Feature","geometry":{"type":"Point","coordinates":[2.233972,41.461556]},"properties":{"id":"es-15097","source":"ES","brand":"ESCLATOIL","address":"AVENIDA CONFLENT, S/N","municipality":"Badalona","province":"BARCELONA","postalCode":"08020","schedule":"L: 24H","fuels":{"gasoline95":1.549,"diesel":1.719,"dieselPremium":1.769,"adblue":0.559},"extra":{"saleType":"P","margin":"D","reportingType":"dm","ideess":"15097","idMunicipio":"875","idProvincia":"08","idCCAA":"09"}}},{"type":"Feature","geometry":{"type":"Point","coordinates":[2.233944,41.845722]},"properties":{"id":"es-15118","source":"ES","brand":"BONAREA","address":"CARRETERA BV-5303 KM. 3,950","municipality":"Seva","province":"BARCELONA","postalCode":"08553","schedule":"L-D: 24H","fuels":{"gasoline95":1.434,"diesel":1.597,"adblue":0.528},"extra":{"saleType":"P","margin":"D","reportingType":"dm","ideess":"15118","idMunicipio":"1129","idProvincia":"08","idCCAA":"09"}}},{"type":"Feature","geometry":{"type":"Point","coordinates":[2.115333,41.360667]},"properties":{"id":"es-15236","source":"ES","brand":"NEVADA ENERGIA","address":"CALLE COBALT, 1","municipality":"Hospitalet de Llobregat (L')","province":"BARCELONA","postalCode":"08907","schedule":"L: 24H","fuels":{"gasoline95":1.649,"diesel":1.779},"extra":{"saleType":"P","margin":"D","reportingType":"dm","ideess":"15236","idMunicipio":"965","idProvincia":"08","idCCAA":"09"}}},{"type":"Feature","geometry":{"type":"Point","coordinates":[2.000778,41.466917]},"properties":{"id":"es-15293","source":"ES","brand":"PARKING SERVICE CASTELLBISBAL, SA","address":"TRAVESSIA CA N'ESTAPÉ, 5","municipality":"Castellbisbal","province":"BARCELONA","postalCode":"08755","schedule":"L-V: 06:00-21:00","fuels":{"diesel":1.679,"adblue":0.805},"extra":{"saleType":"P","margin":"I","reportingType":"dm","ideess":"15293","idMunicipio":"917","idProvincia":"08","idCCAA":"09"}}},{"type":"Feature","geometry":{"type":"Point","coordinates":[2.189944,41.498028]},"properties":{"id":"es-15333","source":"ES","brand":"COUSO","address":"CALLE TORRENT DE CAN PAYÀS, 17","municipality":"Montcada i Reixac","province":"BARCELONA","postalCode":"08110","schedule":"L-D: 07:00-21:00","fuels":{"diesel":1.689},"extra":{"saleType":"P","margin":"N","reportingType":"dm","ideess":"15333","idMunicipio":"994","idProvincia":"08","idCCAA":"09"}}},{"type":"Feature","geometry":{"type":"Point","coordinates":[2.224083,41.801389]},"properties":{"id":"es-15342","source":"ES","brand":"ESTACIÓ DE SERVEIS CENTELLES","address":"CALLE HOSTALETS, 5","municipality":"Centelles","province":"BARCELONA","postalCode":"08540","schedule":"L-V: 07:00-21:00; S-D: 08:00-21:00","fuels":{"gasoline95":1.599,"gasoline98":1.699,"diesel":1.699,"adblue":0.599},"extra":{"saleType":"P","margin":"I","reportingType":"dm","ideess":"15342","idMunicipio":"929","idProvincia":"08","idCCAA":"09"}}},{"type":"Feature","geometry":{"type":"Point","coordinates":[2.081833,41.319778]},"properties":{"id":"es-1536","source":"ES","brand":"REPSOL LA RIERA","address":"CALLE FEDERICA MONTSENY, 2","municipality":"Prat de Llobregat (El)","province":"BARCELONA","postalCode":"08820","schedule":"L-S: 06:00-22:00; D: 07:00-22:00","fuels":{"gasoline95":1.789,"gasoline98":1.919,"diesel":1.949,"dieselRenewable":2.039},"extra":{"saleType":"P","margin":"N","reportingType":"dm","ideess":"1536","idMunicipio":"1035","idProvincia":"08","idCCAA":"09"}}},{"type":"Feature","geometry":{"type":"Point","coordinates":[2.025444,41.569278]},"properties":{"id":"es-1537","source":"ES","brand":"PETRO VALLES","address":"AVENIDA JAIME I, 1","municipality":"Terrassa","province":"BARCELONA","postalCode":"08226","schedule":"L-D: 24H","fuels":{"gasoline95":1.459,"diesel":1.589,"adblue":1.249},"extra":{"saleType":"P","margin":"N","reportingType":"dm","ideess":"1537","idMunicipio":"1141","idProvincia":"08","idCCAA":"09"}}},{"type":"Feature","geometry":{"type":"Point","coordinates":[2.072843,41.374639]},"properties":{"id":"es-1538","source":"ES","brand":"3 PUNT TRES","address":"MOSSEN JACINTO VERDAGUER, 83-85","municipality":"Sant Joan Despí","province":"BARCELONA","postalCode":"08970","schedule":"L-D: 24H","fuels":{"gasoline95":1.699,"gasoline98":1.749,"diesel":1.869},"extra":{"saleType":"P","margin":"N","reportingType":"dm","ideess":"1538","idMunicipio":"1080","idProvincia":"08","idCCAA":"09"}}},{"type":"Feature","geometry":{"type":"Point","coordinates":[2.025194,41.581167]},"properties":{"id":"es-1540","source":"ES","brand":"PETROCAT DIRECTE","address":"AVENIDA BEJAR, DE, 399","municipality":"Terrassa","province":"BARCELONA","postalCode":"08226","schedule":"L-D: 24H","fuels":{"gasoline95":1.68,"diesel":1.916},"extra":{"saleType":"P","margin":"D","reportingType":"OM","ideess":"1540","idMunicipio":"1141","idProvincia":"08","idCCAA":"09"}}},{"type":"Feature","geometry":{"type":"Point","coordinates":[2.268639,41.569806]},"properties":{"id":"es-15433","source":"ES","brand":"SORLIGO","address":"CARRETERA MONTMELO KM. 70","municipality":"Granollers","province":"BARCELONA","postalCode":"08400","schedule":"L-D: 24H","fuels":{"gasoline95":1.479,"gasoline98":1.709,"diesel":1.625},"extra":{"saleType":"P","margin":"D","reportingType":"dm","ideess":"15433","idMunicipio":"961","idProvincia":"08","idCCAA":"09"}}},{"type":"Feature","geometry":{"type":"Point","coordinates":[2.361167,41.502056]},"properties":{"id":"es-15444","source":"ES","brand":"SORLIGO","address":"AVINGUDA DE LA PEDRA BLANCA, 12","municipality":"Premià de Dalt","province":"BARCELONA","postalCode":"08338","schedule":"L-D: 24H","fuels":{"gasoline95":1.525,"gasoline98":1.739,"diesel":1.669},"extra":{"saleType":"P","margin":"D","reportingType":"dm","ideess":"15444","idMunicipio":"1038","idProvincia":"08","idCCAA":"09"}}},{"type":"Feature","geometry":{"type":"Point","coordinates":[2.19775,41.505]},"properties":{"id":"es-15475","source":"ES","brand":"NUROIL","address":"CARRER CA MONTSENY CANTONADA RIERA SECA, S/N","municipality":"Llagosta (La)","province":"BARCELONA","postalCode":"08120","schedule":"L: 24H","fuels":{"diesel":1.709,"adblue":0.649},"extra":{"saleType":"P","margin":"D","reportingType":"dm","ideess":"15475","idMunicipio":"970","idProvincia":"08","idCCAA":"09"}}},{"type":"Feature","geometry":{"type":"Point","coordinates":[2.090611,41.5975]},"properties":{"id":"es-15476","source":"ES","brand":"NUROIL","address":"CARRER DE LA SEGARRA, 4","municipality":"Castellar del Vallès","province":"BARCELONA","postalCode":"08211","schedule":"L: 24H","fuels":{"diesel":1.679,"adblue":0.649},"extra":{"saleType":"P","margin":"I","reportingType":"dm","ideess":"15476","idMunicipio":"915","idProvincia":"08","idCCAA":"09"}}},{"type":"Feature","geometry":{"type":"Point","coordinates":[2.371722,41.521583]},"properties":{"id":"es-15482","source":"ES","brand":"SORLIGO","address":"AVENIDA CARLES TOLRA, 2","municipality":"Cabrils","province":"BARCELONA","postalCode":"08384","schedule":"L: 24H","fuels":{"gasoline95":1.525,"diesel":1.669},"extra":{"saleType":"P","margin":"D","reportingType":"dm","ideess":"15482","idMunicipio":"892","idProvincia":"08","idCCAA":"09"}}},{"type":"Feature","geometry":{"type":"Point","coordinates":[2.927389,41.721778]},"properties":{"id":"es-15505","source":"ES","brand":"ESCLATOIL","address":"CALLE LLUIS COMPANYS CANT C/FRANCESC MACIÀ, S/N","municipality":"Tossa de Mar","province":"GIRONA","postalCode":"17320","schedule":"L-D: 24H","fuels":{"gasoline95":1.549,"diesel":1.719,"adblue":0.559},"extra":{"saleType":"P","margin":"D","reportingType":"dm","ideess":"15505","idMunicipio":"2640","idProvincia":"17","idCCAA":"09"}}},{"type":"Feature","geometry":{"type":"Point","coordinates":[2.277778,41.601722]},"properties":{"id":"es-1556","source":"ES","brand":"MEROIL","address":"AVENIDA PRAT DE LA RIBA, 100","municipality":"Granollers","province":"BARCELONA","postalCode":"08400","schedule":"L-D: 24H","fuels":{"gasoline95":1.709,"gasoline98":1.829,"diesel":1.869,"dieselPremium":1.899,"lpg":0.819,"adblue":0.849},"extra":{"saleType":"P","margin":"D","reportingType":"dm","ideess":"1556","idMunicipio":"961","idProvincia":"08","idCCAA":"09"}}},{"type":"Feature","geometry":{"type":"Point","coordinates":[2.360056,41.853611]},"properties":{"id":"es-1569","source":"ES","brand":"SIN ROTULO","address":"CARRETERA DE VILADRAU A VIC KM. 3,2","municipality":"Viladrau","province":"GIRONA","postalCode":"17406","schedule":"L-D: 24H","fuels":{"gasoline95":1.598,"gasoline98":1.829,"diesel":1.729},"extra":{"saleType":"P","margin":"D","reportingType":"dm","ideess":"1569","idMunicipio":"2659","idProvincia":"17","idCCAA":"09"}}},{"type":"Feature","geometry":{"type":"Point","coordinates":[2.255972,41.583806]},"properties":{"id":"es-1572","source":"ES","brand":"EASYGAS","address":"AVINGUDA PUIGCERDÀ, 8","municipality":"Lliçà de Vall","province":"BARCELONA","postalCode":"08185","schedule":"L-D: 24H","fuels":{"gasoline95":1.629,"diesel":1.719,"adblue":0.909},"extra":{"saleType":"P","margin":"D","reportingType":"dm","ideess":"1572","idMunicipio":"972","idProvincia":"08","idCCAA":"09"}}},{"type":"Feature","geometry":{"type":"Point","coordinates":[2.029667,41.4695]},"properties":{"id":"es-15751","source":"ES","brand":"PETROMIRALLES","address":"CARRETERA C1413A KM. 8,6","municipality":"Rubí","province":"BARCELONA","postalCode":"08161","schedule":"L: 24H","fuels":{"diesel":1.729,"adblue":0.789},"extra":{"saleType":"P","margin":"I","reportingType":"dm","ideess":"15751","idMunicipio":"1049","idProvincia":"08","idCCAA":"09"}}},{"type":"Feature","geometry":{"type":"Point","coordinates":[2.172556,41.438361]},"properties":{"id":"es-1579","source":"ES","brand":"CEPSA","address":"PASEO VALLDAURA, 210","municipality":"Barcelona","province":"BARCELONA","postalCode":"08042","schedule":"L-D: 06:00-22:00","fuels":{"gasoline95":1.789,"gasoline95Premium":1.879,"diesel":1.969,"dieselPremium":2.029},"extra":{"saleType":"P","margin":"D","reportingType":"OM","ideess":"1579","idMunicipio":"881","idProvincia":"08","idCCAA":"09"}}},{"type":"Feature","geometry":{"type":"Point","coordinates":[2.237944,41.444722]},"properties":{"id":"es-1581","source":"ES","brand":"FITOGAS","address":"AVDA. ALFONS XIII, 24 (N-II km 636,5)","municipality":"Badalona","province":"BARCELONA","postalCode":"08912","schedule":"L-J: 06:00-22:00; V-S: 06:00-23:00; D: 07:00-22:00","fuels":{"gasoline95":1.777,"gasoline98":1.917,"diesel":1.967,"dieselB":1.657},"extra":{"saleType":"P","margin":"I","reportingType":"dm","ideess":"1581","idMunicipio":"875","idProvincia":"08","idCCAA":"09"}}},{"type":"Feature","geometry":{"type":"Point","coordinates":[2.45425,41.550583]},"properties":{"id":"es-15825","source":"ES","brand":"PETROPRIX","address":"CALLE ENERGIA, 1","municipality":"Mataró","province":"BARCELONA","postalCode":"08304","schedule":"L-D: 24H","fuels":{"gasoline95":1.569,"diesel":1.679},"extra":{"saleType":"P","margin":"N","reportingType":"dm","ideess":"15825","idMunicipio":"987","idProvincia":"08","idCCAA":"09"}}},{"type":"Feature","geometry":{"type":"Point","coordinates":[2.085722,41.604417]},"properties":{"id":"es-1590","source":"ES","brand":"BP","address":"CARRETERA DE SABADELLA A CASTELLAR DEL VALLES KM. 6,400","municipality":"Castellar del Vallès","province":"BARCELONA","postalCode":"08211","schedule":"L-D: 06:00-00:00","fuels":{"gasoline95":1.769,"diesel":1.959,"dieselPremium":2.049},"extra":{"saleType":"P","margin":"D","reportingType":"dm","ideess":"1590","idMunicipio":"915","idProvincia":"08","idCCAA":"09"}}},{"type":"Feature","geometry":{"type":"Point","coordinates":[2.217222,41.67125]},"properties":{"id":"es-1592","source":"ES","brand":"ESTACIO SERVEI BIGUES I RIELLS","address":"CARRETERA SANT LLORENÇ A LLINARS KM. 25","municipality":"Bigues i Riells","province":"BARCELONA","postalCode":"08415","schedule":"L-D: 05:30-23:30","fuels":{"gasoline95":1.599,"gasoline98":1.769,"diesel":1.699,"dieselPremium":1.799},"extra":{"saleType":"P","margin":"D","reportingType":"dm","ideess":"1592","idMunicipio":"885","idProvincia":"08","idCCAA":"09"}}},{"type":"Feature","geometry":{"type":"Point","coordinates":[2.106667,41.808722]},"properties":{"id":"es-1593","source":"ES","brand":"BONAREA","address":"CARRETERA DE VIC KM. 27","municipality":"Moià","province":"BARCELONA","postalCode":"08180","schedule":"L-D: 24H","fuels":{"gasoline95":1.435,"diesel":1.598,"adblue":0.528},"extra":{"saleType":"P","margin":"D","reportingType":"dm","ideess":"1593","idMunicipio":"989","idProvincia":"08","idCCAA":"09"}}},{"type":"Feature","geometry":{"type":"Point","coordinates":[2.742611,41.655889]},"properties":{"id":"es-15950","source":"ES","brand":"BALLENOIL","address":"AVINGUDA FRANCESC SANLLEHI I BOSCH, 11","municipality":"Malgrat de Mar","province":"BARCELONA","postalCode":"08380","schedule":"L-D: 24H","fuels":{"gasoline95":1.589,"diesel":1.719,"dieselPremium":1.729},"extra":{"saleType":"P","margin":"N","reportingType":"OM","ideess":"15950","idMunicipio":"975","idProvincia":"08","idCCAA":"09"}}},{"type":"Feature","geometry":{"type":"Point","coordinates":[2.283806,41.883528]},"properties":{"id":"es-1596","source":"ES","brand":"AREA DE SERVEIS TARADELL,SL","address":"CTRA. DE VIC/ ARBUCIES km 5.80000","municipality":"Taradell","province":"BARCELONA","postalCode":"08552","schedule":"L-S: 07:00-22:00; D: 08:00-21:00","fuels":{"gasoline95":1.569,"gasoline98":1.699,"diesel":1.699,"dieselB":1.45,"adblue":0.65},"extra":{"saleType":"P","margin":"I","reportingType":"dm","ideess":"1596","idMunicipio":"1137","idProvincia":"08","idCCAA":"09"}}},{"type":"Feature","geometry":{"type":"Point","coordinates":[2.159389,41.517472]},"properties":{"id":"es-15960","source":"ES","brand":"BENZOIL","address":"CARRER GORCS LLADÓ, 96","municipality":"Barberà del Vallès","province":"BARCELONA","postalCode":"08210","schedule":"L-D: 24H","fuels":{"gasoline95":1.569,"diesel":1.719,"adblue":0.989},"extra":{"saleType":"P","margin":"D","reportingType":"dm","ideess":"15960","idMunicipio":"880","idProvincia":"08","idCCAA":"09"}}},{"type":"Feature","geometry":{"type":"Point","coordinates":[2.574889,41.622444]},"properties":{"id":"es-1599","source":"ES","brand":"CARBURANTS SANT ISCLE","address":"POLIGONO EL MOLI, S/N (BV-5128 km 22,6)","municipality":"Sant Iscle de Vallalta","province":"BARCELONA","postalCode":"08359","schedule":"L: 07:00-21:00","fuels":{"gasoline95":1.816,"diesel":1.929,"dieselPremium":1.998},"extra":{"saleType":"P","margin":"I","reportingType":"dm","ideess":"1599","idMunicipio":"1077","idProvincia":"08","idCCAA":"09"}}},{"type":"Feature","geometry":{"type":"Point","coordinates":[2.169583,41.493333]},"properties":{"id":"es-15998","source":"ES","brand":"BONAREA","address":"CALLE SANT JAUME, 80","municipality":"Ripollet","province":"BARCELONA","postalCode":"08291","schedule":"L: 24H","fuels":{"gasoline95":1.432,"diesel":1.595,"adblue":0.528},"extra":{"saleType":"P","margin":"N","reportingType":"dm","ideess":"15998","idMunicipio":"1046","idProvincia":"08","idCCAA":"09"}}},{"type":"Feature","geometry":{"type":"Point","coordinates":[2.126139,41.350722]},"properties":{"id":"es-16003","source":"ES","brand":"GM OIL HOSPITALET DE LLOBREGAT","address":"CALLE MONTSERRAT ROIG Nº 25-29, 25,29","municipality":"Hospitalet de Llobregat (L')","province":"BARCELONA","postalCode":"08908","schedule":"L: 24H","fuels":{"gasoline95":1.459,"diesel":1.679},"extra":{"saleType":"P","margin":"D","reportingType":"dm","ideess":"16003","idMunicipio":"965","idProvincia":"08","idCCAA":"09"}}},{"type":"Feature","geometry":{"type":"Point","coordinates":[2.280194,41.954944]},"properties":{"id":"es-16006","source":"ES","brand":"PRIMER TRUCK AREA","address":"CALLE SUSQUEDA, DE, 16","municipality":"Vic","province":"BARCELONA","postalCode":"08500","schedule":"L-D: 24H","fuels":{"gasoline95":1.479,"diesel":1.689,"dieselB":1.349,"cng":1.579,"lng":1.579,"adblue":0.699},"extra":{"saleType":"P","margin":"D","reportingType":"dm","ideess":"16006","idMunicipio":"1158","idProvincia":"08","idCCAA":"09"}}},{"type":"Feature","geometry":{"type":"Point","coordinates":[2.102444,41.529056]},"properties":{"id":"es-16087","source":"ES","brand":"PETROPRIX","address":"CALLE BERNAT METGE DE, 197","municipality":"Sabadell","province":"BARCELONA","postalCode":"08205","schedule":"L-D: 24H","fuels":{"gasoline95":1.599,"diesel":1.679},"extra":{"saleType":"P","margin":"D","reportingType":"dm","ideess":"16087","idMunicipio":"1052","idProvincia":"08","idCCAA":"09"}}},{"type":"Feature","geometry":{"type":"Point","coordinates":[2.029389,41.542194]},"properties":{"id":"es-16109","source":"ES","brand":"REPSOL","address":"CALLE COLON, 517","municipality":"Terrassa","province":"BARCELONA","postalCode":"08228","schedule":"L: 24H","fuels":{"gasoline95":1.749,"diesel":1.739},"extra":{"saleType":"P","margin":"D","reportingType":"dm","ideess":"16109","idMunicipio":"1141","idProvincia":"08","idCCAA":"09"}}},{"type":"Feature","geometry":{"type":"Point","coordinates":[2.435917,41.853056]},"properties":{"id":"es-1611","source":"ES","brand":"ZONA DIESEL","address":"CTRA. ARBÚCIES-VILADRAU","municipality":"Arbúcies","province":"GIRONA","postalCode":"17401","schedule":"L-D: 24H","fuels":{"gasoline95":1.539,"diesel":1.719,"dieselPremium":1.809},"extra":{"saleType":"P","margin":"I","reportingType":"dm","ideess":"1611","idMunicipio":"2457","idProvincia":"17","idCCAA":"09"}}},{"type":"Feature","geometry":{"type":"Point","coordinates":[2.112944,41.358444]},"properties":{"id":"es-16152","source":"ES","brand":"PLENERGY","address":"CARRETERA DEL MIG KM. 36","municipality":"Hospitalet de Llobregat (L')","province":"BARCELONA","postalCode":"08907","schedule":"L-D: 24H","fuels":{"gasoline95":1.429,"diesel":1.589},"extra":{"saleType":"P","margin":"D","reportingType":"dm","ideess":"16152","idMunicipio":"965","idProvincia":"08","idCCAA":"09"}}},{"type":"Feature","geometry":{"type":"Point","coordinates":[2.278611,41.623556]},"properties":{"id":"es-16185","source":"ES","brand":"ESCLATOIL","address":"AVENIDA CANOVELLES, 112","municipality":"Canovelles","province":"BARCELONA","postalCode":"08420","schedule":"L-D: 24H","fuels":{"gasoline95":1.509,"diesel":1.679,"adblue":0.559},"extra":{"saleType":"P","margin":"D","reportingType":"dm","ideess":"16185","idMunicipio":"903","idProvincia":"08","idCCAA":"09"}}},{"type":"Feature","geometry":{"type":"Point","coordinates":[2.282444,41.641972]},"properties":{"id":"es-16197","source":"ES","brand":"E.SERVEIS TG","address":"CARRER ALEMANYA, 32","municipality":"Franqueses del Vallès (Les)","province":"BARCELONA","postalCode":"08520","schedule":"L-D: 24H","fuels":{"gasoline95":1.519,"diesel":1.619,"adblue":0.629},"extra":{"saleType":"P","margin":"I","reportingType":"dm","ideess":"16197","idMunicipio":"951","idProvincia":"08","idCCAA":"09"}}},{"type":"Feature","geometry":{"type":"Point","coordinates":[2.27875,41.605333]},"properties":{"id":"es-16218","source":"ES","brand":"ALIARA ENERGIA","address":"PASSEIG CONCA DE BESOS, 26","municipality":"Granollers","province":"BARCELONA","postalCode":"08400","schedule":"L-D: 24H","fuels":{"cng":1.689},"extra":{"saleType":"P","margin":"D","reportingType":"dm","ideess":"16218","idMunicipio":"961","idProvincia":"08","idCCAA":"09"}}},{"type":"Feature","geometry":{"type":"Point","coordinates":[2.773694,41.907083]},"properties":{"id":"es-16224","source":"ES","brand":"HAM","address":"AUTOPISTA AP7 KM. 70","municipality":"Aiguaviva","province":"GIRONA","postalCode":"17181","schedule":"L-D: 24H","fuels":{"lng":1.529,"bioLng":1.499},"extra":{"saleType":"P","margin":"D","reportingType":"dm","ideess":"16224","idMunicipio":"2451","idProvincia":"17","idCCAA":"09"}}},{"type":"Feature","geometry":{"type":"Point","coordinates":[2.028583,41.580278]},"properties":{"id":"es-16231","source":"ES","brand":"PLENERGY","address":"AVENIDA DEL VALLÈS, 720 B","municipality":"Terrassa","province":"BARCELONA","postalCode":"08227","schedule":"L-D: 24H","fuels":{"gasoline95":1.459,"diesel":1.589},"extra":{"saleType":"P","margin":"D","reportingType":"dm","ideess":"16231","idMunicipio":"1141","idProvincia":"08","idCCAA":"09"}}},{"type":"Feature","geometry":{"type":"Point","coordinates":[2.130167,41.336167]},"properties":{"id":"es-16239","source":"ES","brand":"ANDAMUR","address":"CARRER 29 DEL BZ, 50-62, 62","municipality":"Barcelona","province":"BARCELONA","postalCode":"08040","schedule":"L: 24H","fuels":{"dieselB":1.787},"extra":{"saleType":"P","margin":"D","reportingType":"dm","ideess":"16239","idMunicipio":"881","idProvincia":"08","idCCAA":"09"}}},{"type":"Feature","geometry":{"type":"Point","coordinates":[2.331111,41.482806]},"properties":{"id":"es-1625","source":"ES","brand":"MEROIL","address":"AVDA. DEL MARESME, S/N","municipality":"Masnou (El)","province":"BARCELONA","postalCode":"08320","schedule":"L-D: 24H","fuels":{"gasoline95":1.749,"gasoline98":1.799,"diesel":1.829,"dieselPremium":1.899},"extra":{"saleType":"P","margin":"N","reportingType":"dm","ideess":"1625","idMunicipio":"984","idProvincia":"08","idCCAA":"09"}}},{"type":"Feature","geometry":{"type":"Point","coordinates":[2.019167,41.591972]},"properties":{"id":"es-16277","source":"ES","brand":"ESCLATOIL","address":"CALLE JOSEP COLL, 1,7","municipality":"Terrassa","province":"BARCELONA","postalCode":"08225","schedule":"L-D: 24H","fuels":{"gasoline95":1.519,"diesel":1.649,"dieselPremium":1.699,"adblue":0.559},"extra":{"saleType":"P","margin":"N","reportingType":"dm","ideess":"16277","idMunicipio":"1141","idProvincia":"08","idCCAA":"09"}}},{"type":"Feature","geometry":{"type":"Point","coordinates":[2.634639,41.959111]},"properties":{"id":"es-16284","source":"ES","brand":"ESCLATOIL","address":"CARRER DEL VAPOR, 2","municipality":"Anglès","province":"GIRONA","postalCode":"17160","schedule":"L-D: 24H","fuels":{"gasoline95":1.509,"diesel":1.679,"adblue":0.559},"extra":{"saleType":"P","margin":"N","reportingType":"dm","ideess":"16284","idMunicipio":"2456","idProvincia":"17","idCCAA":"09"}}},{"type":"Feature","geometry":{"type":"Point","coordinates":[2.120167,41.757139]},"properties":{"id":"es-1630","source":"ES","brand":"PORBOL","address":"C-59 km 32","municipality":"Castellterçol","province":"BARCELONA","postalCode":"08183","schedule":"L-D: 06:00-22:00","fuels":{"gasoline95":1.789,"gasoline98":1.899,"diesel":1.969,"dieselPremium":1.999,"adblue":0.945},"extra":{"saleType":"P","margin":"D","reportingType":"dm","ideess":"1630","idMunicipio":"926","idProvincia":"08","idCCAA":"09"}}},{"type":"Feature","geometry":{"type":"Point","coordinates":[2.1425,41.371944]},"properties":{"id":"es-1631","source":"ES","brand":"E.S.MOIANES","address":"MOIANES, 34","municipality":"Barcelona","province":"BARCELONA","postalCode":"08014","schedule":"L-D: 24H","fuels":{"gasoline95":1.759,"gasoline98":1.893,"diesel":1.909,"dieselPremium":1.979},"extra":{"saleType":"P","margin":"N","reportingType":"dm","ideess":"1631","idMunicipio":"881","idProvincia":"08","idCCAA":"09"}}},{"type":"Feature","geometry":{"type":"Point","coordinates":[2.193083,41.397389]},"properties":{"id":"es-1633","source":"ES","brand":"EVOLUTION","address":"CALLE PERE IV, 79","municipality":"Barcelona","province":"BARCELONA","postalCode":"08018","schedule":"L-D: 24H","fuels":{"gasoline95":1.528,"gasoline98":1.675,"diesel":1.616,"dieselPremium":1.646},"extra":{"saleType":"P","margin":"N","reportingType":"dm","ideess":"1633","idMunicipio":"881","idProvincia":"08","idCCAA":"09"}}},{"type":"Feature","geometry":{"type":"Point","coordinates":[2.206167,41.406083]},"properties":{"id":"es-1634","source":"ES","brand":"GALP","address":"CALLE BAC DE RODA, 66","municipality":"Barcelona","province":"BARCELONA","postalCode":"08018","schedule":"L-D: 24H","fuels":{"gasoline95":1.669,"gasoline95Premium":1.719,"diesel":1.754,"dieselPremium":1.804,"adblue":0.799},"extra":{"saleType":"P","margin":"N","reportingType":"OM","ideess":"1634","idMunicipio":"881","idProvincia":"08","idCCAA":"09"}}},{"type":"Feature","geometry":{"type":"Point","coordinates":[2.704111,41.632889]},"properties":{"id":"es-1635","source":"ES","brand":"BENZINERA SANTA SUSANNA","address":"CARRETERA HORTA SANT CRIST KM. 0","municipality":"Santa Susanna","province":"BARCELONA","postalCode":"08398","schedule":"L-D: 06:00-22:00","fuels":{"gasoline95":1.549,"diesel":1.694},"extra":{"saleType":"P","margin":"N","reportingType":"OM","ideess":"1635","idMunicipio":"1126","idProvincia":"08","idCCAA":"09"}}},{"type":"Feature","geometry":{"type":"Point","coordinates":[2.128694,41.522639]},"properties":{"id":"es-16357","source":"ES","brand":"BONOIL","address":"CALLE JUAN DE LA CIERVA, 42","municipality":"Barberà del Vallès","province":"BARCELONA","postalCode":"08210","schedule":"L-D: 24H","fuels":{"gasoline95":1.539,"gasoline98E10":1.739,"diesel":1.619,"dieselPremium":1.679,"adblue":0.75},"extra":{"saleType":"P","margin":"D","reportingType":"dm","ideess":"16357","idMunicipio":"880","idProvincia":"08","idCCAA":"09"}}},{"type":"Feature","geometry":{"type":"Point","coordinates":[2.428167,41.523194]},"properties":{"id":"es-1637","source":"ES","brand":"REPSOL","address":"CARRETERA N-2 KM. 644","municipality":"Mataró","province":"BARCELONA","postalCode":"08302","schedule":"L-D: 06:00-22:00","fuels":{"gasoline95":1.786,"gasoline98":1.916,"diesel":1.95,"dieselRenewable":2.07},"extra":{"saleType":"P","margin":"I","reportingType":"OM","ideess":"1637","idMunicipio":"987","idProvincia":"08","idCCAA":"09"}}},{"type":"Feature","geometry":{"type":"Point","coordinates":[2.105306,41.514083]},"properties":{"id":"es-16382","source":"ES","brand":"SHELL","address":"CALLE C/ DE LA VALL MORANTA C/V C/ CAN BORREL,, 2","municipality":"Sabadell","province":"BARCELONA","postalCode":"08205","schedule":"L-D: 24H","fuels":{"gasoline95":1.589,"diesel":1.649,"adblue":1.25},"extra":{"saleType":"P","margin":"N","reportingType":"OM","ideess":"16382","idMunicipio":"1052","idProvincia":"08","idCCAA":"09"}}},{"type":"Feature","geometry":{"type":"Point","coordinates":[2.015861,41.312194]},"properties":{"id":"es-1639","source":"ES","brand":"GALP","address":"AVENIDA DE GAVÁ, ESQ. JOSEP TARRADELLAS, SN","municipality":"Viladecans","province":"BARCELONA","postalCode":"08840","schedule":"L-S: 05:00-22:00; D: 06:00-22:00","fuels":{"gasoline95":1.769,"gasoline95Premium":1.819,"diesel":1.919,"dieselPremium":1.969},"extra":{"saleType":"P","margin":"N","reportingType":"OM","ideess":"1639","idMunicipio":"1160","idProvincia":"08","idCCAA":"09"}}},{"type":"Feature","geometry":{"type":"Point","coordinates":[2.104222,41.535083]},"properties":{"id":"es-1640","source":"ES","brand":"GALP","address":"CALLE DOMENECH I MONTANER, 46","municipality":"Sabadell","province":"BARCELONA","postalCode":"08205","schedule":"L-D: 24H","fuels":{"gasoline95":1.749,"gasoline95Premium":1.799,"diesel":1.929,"dieselPremium":1.979,"lpg":1.069},"extra":{"saleType":"P","margin":"N","reportingType":"OM","ideess":"1640","idMunicipio":"1052","idProvincia":"08","idCCAA":"09"}}},{"type":"Feature","geometry":{"type":"Point","coordinates":[2.1395,41.501389]},"properties":{"id":"es-1641","source":"ES","brand":"GALP","address":"CARRETERA N-150 BARCELONA-SABADELL KM. 286","municipality":"Ripollet","province":"BARCELONA","postalCode":"08291","schedule":"L-D: 06:00-22:00","fuels":{"gasoline95":1.734,"gasoline95Premium":1.784,"diesel":1.879,"dieselPremium":1.929,"adblue":0.799},"extra":{"saleType":"P","margin":"N","reportingType":"OM","ideess":"1641","idMunicipio":"1046","idProvincia":"08","idCCAA":"09"}}},{"type":"Feature","geometry":{"type":"Point","coordinates":[2.135472,41.608583]},"properties":{"id":"es-16448","source":"ES","brand":"EURONOR ENERGY","address":"CALLE TORRENT D'EN BAIELL, 10","municipality":"Sentmenat","province":"BARCELONA","postalCode":"08181","schedule":"L: 24H","fuels":{"gasoline95":1.539,"diesel":1.699},"extra":{"saleType":"P","margin":"N","reportingType":"dm","ideess":"16448","idMunicipio":"1128","idProvincia":"08","idCCAA":"09"}}},{"type":"Feature","geometry":{"type":"Point","coordinates":[2.027639,41.537611]},"properties":{"id":"es-16472","source":"ES","brand":"PETROPRIX","address":"POLIGONO CARRETERA DE RUBI, 300","municipality":"Terrassa","province":"BARCELONA","postalCode":"08228","schedule":"L-D: 24H","fuels":{"gasoline95":1.479,"diesel":1.629},"extra":{"saleType":"P","margin":"D","reportingType":"dm","ideess":"16472","idMunicipio":"1141","idProvincia":"08","idCCAA":"09"}}},{"type":"Feature","geometry":{"type":"Point","coordinates":[2.252667,41.609833]},"properties":{"id":"es-16473","source":"ES","brand":"ESCLATOIL","address":"CARRETERA BV-1432 KM 2,3 KM. 2,3","municipality":"Lliçà d'Amunt","province":"BARCELONA","postalCode":"08186","schedule":"L-D: 24H","fuels":{"gasoline95":1.499,"diesel":1.649,"dieselPremium":1.699},"extra":{"saleType":"P","margin":"D","reportingType":"dm","ideess":"16473","idMunicipio":"971","idProvincia":"08","idCCAA":"09"}}},{"type":"Feature","geometry":{"type":"Point","coordinates":[2.235111,41.626333]},"properties":{"id":"es-16481","source":"ES","brand":"ESCLATOIL","address":"CARRETERA DE CALDES DE MONTBUI KM. 147","municipality":"Lliçà d'Amunt","province":"BARCELONA","postalCode":"08186","schedule":"L-D: 24H","fuels":{"gasoline95":1.499,"diesel":1.649},"extra":{"saleType":"P","margin":"D","reportingType":"dm","ideess":"16481","idMunicipio":"971","idProvincia":"08","idCCAA":"09"}}},{"type":"Feature","geometry":{"type":"Point","coordinates":[2.281972,41.694278]},"properties":{"id":"es-16482","source":"ES","brand":"ESCLATOIL","address":"CARRETERA C17 KM. 30,27","municipality":"Garriga (La)","province":"BARCELONA","postalCode":"08530","schedule":"L-D: 24H","fuels":{"gasoline95":1.499,"diesel":1.649,"dieselPremium":1.699,"adblue":0.559},"extra":{"saleType":"P","margin":"D","reportingType":"dm","ideess":"16482","idMunicipio":"954","idProvincia":"08","idCCAA":"09"}}},{"type":"Feature","geometry":{"type":"Point","coordinates":[2.184083,41.636667]},"properties":{"id":"es-16483","source":"ES","brand":"ESCLATOIL","address":"CARRETERA C1415B KM. 1,925","municipality":"Caldes de Montbui","province":"BARCELONA","postalCode":"08140","schedule":"L-D: 24H","fuels":{"gasoline95":1.499,"diesel":1.649,"dieselPremium":1.699,"adblue":0.559},"extra":{"saleType":"P","margin":"D","reportingType":"dm","ideess":"16483","idMunicipio":"895","idProvincia":"08","idCCAA":"09"}}},{"type":"Feature","geometry":{"type":"Point","coordinates":[2.080583,41.3305]},"properties":{"id":"es-1651","source":"ES","brand":"Q8","address":"CARRETERA CTRA. B-201, PK KM 3,1, KM. 3,1","municipality":"Prat de Llobregat (El)","province":"BARCELONA","postalCode":"08820","schedule":"L-V: 07:00-22:00; S: 08:00-22:00; D: 08:00-20:00","fuels":{"gasoline95":1.699,"diesel":1.749,"lpg":1.055},"extra":{"saleType":"P","margin":"D","reportingType":"dm","ideess":"1651","idMunicipio":"1035","idProvincia":"08","idCCAA":"09"}}},{"type":"Feature","geometry":{"type":"Point","coordinates":[2.093639,41.364278]},"properties":{"id":"es-1653","source":"ES","brand":"ESTACIO SERVEI CAN BUXERES","address":"CALLE MIQUEL PEIRÓ VICTORI, CANTONADA AMETLLERS, S/N","municipality":"Hospitalet de Llobregat (L')","province":"BARCELONA","postalCode":"08906","schedule":"L-D: 24H","fuels":{"gasoline95":1.494,"diesel":1.664},"extra":{"saleType":"P","margin":"D","reportingType":"dm","ideess":"1653","idMunicipio":"965","idProvincia":"08","idCCAA":"09"}}},{"type":"Feature","geometry":{"type":"Point","coordinates":[2.113778,41.366111]},"properties":{"id":"es-1654","source":"ES","brand":"Q8","address":"AVENIDA AVDA. JOSEP TARRADELLAS 76, ","municipality":"Hospitalet de Llobregat (L')","province":"BARCELONA","postalCode":"08901","schedule":"L-D: 24H","fuels":{"gasoline95":1.679,"gasoline98":1.719,"diesel":1.819,"dieselPremium":1.889},"extra":{"saleType":"P","margin":"N","reportingType":"dm","ideess":"1654","idMunicipio":"965","idProvincia":"08","idCCAA":"09"}}},{"type":"Feature","geometry":{"type":"Point","coordinates":[2.819611,41.996417]},"properties":{"id":"es-1656","source":"ES","brand":"GECKOIL SANT PONÇ","address":"AVINGUDA FRANÇA, 56","municipality":"Girona","province":"GIRONA","postalCode":"17007","schedule":"L-S: 08:00-21:00; D: 09:00-13:00","fuels":{"gasoline95":1.578,"diesel":1.648},"extra":{"saleType":"P","margin":"D","reportingType":"dm","ideess":"1656","idMunicipio":"2524","idProvincia":"17","idCCAA":"09"}}},{"type":"Feature","geometry":{"type":"Point","coordinates":[2.449306,41.545472]},"properties":{"id":"es-1658","source":"ES","brand":"Q8","address":" ALFONSO X EL SABIO, S/N, ","municipality":"Mataró","province":"BARCELONA","postalCode":"08301","schedule":"L-D: 24H","fuels":{"gasoline95":1.689,"gasoline98":1.749,"diesel":1.849},"extra":{"saleType":"P","margin":"D","reportingType":"dm","ideess":"1658","idMunicipio":"987","idProvincia":"08","idCCAA":"09"}}},{"type":"Feature","geometry":{"type":"Point","coordinates":[2.271167,41.947278]},"properties":{"id":"es-1661","source":"ES","brand":"ZONA DIESEL","address":"C/ LLEIDA, 2 P.ACTIV. ECONOMIQUES","municipality":"Vic","province":"BARCELONA","postalCode":"08500","schedule":"L-D: 24H","fuels":{"gasoline95":1.439,"diesel":1.619,"dieselPremium":1.709,"dieselB":1.389,"adblue":0.699},"extra":{"saleType":"P","margin":"N","reportingType":"dm","ideess":"1661","idMunicipio":"1158","idProvincia":"08","idCCAA":"09"}}},{"type":"Feature","geometry":{"type":"Point","coordinates":[2.310056,41.984556]},"properties":{"id":"es-1663","source":"ES","brand":"FEIXAS AULET","address":"CTRA. DE RODA, 67","municipality":"Vic","province":"BARCELONA","postalCode":"08500","schedule":"L-D: 07:00-23:00","fuels":{"gasoline95":1.499,"gasoline98":1.599,"diesel":1.679,"dieselPremium":1.769,"dieselB":1.389,"adblue":0.729},"extra":{"saleType":"P","margin":"N","reportingType":"dm","ideess":"1663","idMunicipio":"1158","idProvincia":"08","idCCAA":"09"}}},{"type":"Feature","geometry":{"type":"Point","coordinates":[2.310028,41.984528]},"properties":{"id":"es-1666","source":"ES","brand":"FEIXAS AULET","address":"CALLE BAC DE RODA, 52","municipality":"Roda de Ter","province":"BARCELONA","postalCode":"08510","schedule":"L-D: 06:00-22:00","fuels":{"gasoline95":1.449,"gasoline98":1.599,"diesel":1.599,"dieselPremium":1.689},"extra":{"saleType":"P","margin":"N","reportingType":"dm","ideess":"1666","idMunicipio":"1048","idProvincia":"08","idCCAA":"09"}}},{"type":"Feature","geometry":{"type":"Point","coordinates":[2.038167,41.520417]},"properties":{"id":"es-1673","source":"ES","brand":"PETROPRIX","address":"CARRETERA BP-1503 KM. 20,270","municipality":"Sant Quirze del Vallès","province":"BARCELONA","postalCode":"08192","schedule":"L-D: 24H","fuels":{"gasoline95":1.479,"diesel":1.629},"extra":{"saleType":"P","margin":"D","reportingType":"dm","ideess":"1673","idMunicipio":"1100","idProvincia":"08","idCCAA":"09"}}},{"type":"Feature","geometry":{"type":"Point","coordinates":[2.496778,41.555611]},"properties":{"id":"es-1676","source":"ES","brand":"MEROIL","address":"CARRETERA CARRETERA NACIONAL II KM. 651,4","municipality":"Sant Andreu de Llavaneres","province":"BARCELONA","postalCode":"08392","schedule":"L-D: 24H","fuels":{"gasoline95":1.749,"gasoline98":1.859,"diesel":1.875,"dieselPremium":1.975,"adblue":0.729},"extra":{"saleType":"P","margin":"D","reportingType":"dm","ideess":"1676","idMunicipio":"1059","idProvincia":"08","idCCAA":"09"}}},{"type":"Feature","geometry":{"type":"Point","coordinates":[2.273111,41.83475]},"properties":{"id":"es-1677","source":"ES","brand":"BLANCA","address":"CARRETERA BV-5303 KM. 8,2","municipality":"Seva","province":"BARCELONA","postalCode":"08553","schedule":"L-D: 24H","fuels":{"gasoline95":1.569,"diesel":1.699},"extra":{"saleType":"P","margin":"N","reportingType":"dm","ideess":"1677","idMunicipio":"1129","idProvincia":"08","idCCAA":"09"}}},{"type":"Feature","geometry":{"type":"Point","coordinates":[2.243583,41.882028]},"properties":{"id":"es-1679","source":"ES","brand":"ESCLATOIL","address":"HIPER ESCLAT. CTRA. C-17 km 55","municipality":"Malla","province":"BARCELONA","postalCode":"08519","schedule":"L-D: 24H","fuels":{"gasoline95":1.499,"diesel":1.669,"dieselPremium":1.719,"adblue":0.559},"extra":{"saleType":"P","margin":"N","reportingType":"dm","ideess":"1679","idMunicipio":"976","idProvincia":"08","idCCAA":"09"}}},{"type":"Feature","geometry":{"type":"Point","coordinates":[2.396361,41.758611]},"properties":{"id":"es-1682","source":"ES","brand":"BLANCA","address":"PASSEIG LA FONT, 1","municipality":"Montseny","province":"BARCELONA","postalCode":"08460","schedule":"L-D: 24H","fuels":{"gasoline95":1.613,"diesel":1.697},"extra":{"saleType":"P","margin":"N","reportingType":"dm","ideess":"1682","idMunicipio":"1002","idProvincia":"08","idCCAA":"09"}}},{"type":"Feature","geometry":{"type":"Point","coordinates":[2.063306,41.379528]},"properties":{"id":"es-1684","source":"ES","brand":"ESCLATOIL","address":"AVENIDA LLUIS COMPANYS, S/N","municipality":"Sant Just Desvern","province":"BARCELONA","postalCode":"08960","schedule":"L-D: 24H","fuels":{"gasoline95":1.549,"diesel":1.719},"extra":{"saleType":"P","margin":"N","reportingType":"dm","ideess":"1684","idMunicipio":"1083","idProvincia":"08","idCCAA":"09"}}},{"type":"Feature","geometry":{"type":"Point","coordinates":[2.253111,41.945917]},"properties":{"id":"es-1686","source":"ES","brand":"ESCLATOIL","address":"CALLE RIPOLL, 1","municipality":"Vic","province":"BARCELONA","postalCode":"08500","schedule":"L-D: 24H","fuels":{"gasoline95":1.499,"diesel":1.669,"dieselPremium":1.719,"adblue":0.559},"extra":{"saleType":"P","margin":"N","reportingType":"dm","ideess":"1686","idMunicipio":"1158","idProvincia":"08","idCCAA":"09"}}},{"type":"Feature","geometry":{"type":"Point","coordinates":[2.035,41.579944]},"properties":{"id":"es-1690","source":"ES","brand":"SUPECO","address":"CARRETERA CASTELLAR KM. S/N","municipality":"Terrassa","province":"BARCELONA","postalCode":"08224","schedule":"L-D: 24H","fuels":{"gasoline95":1.509,"gasoline98":1.569,"diesel":1.639,"dieselPremium":1.679},"extra":{"saleType":"P","margin":"N","reportingType":"dm","ideess":"1690","idMunicipio":"1141","idProvincia":"08","idCCAA":"09"}}},{"type":"Feature","geometry":{"type":"Point","coordinates":[2.277222,41.603056]},"properties":{"id":"es-1692","source":"ES","brand":"BENZINERA GRANOLLERS","address":"CALLE JORDI CAMP (ESQ. C/SABADELL), 2","municipality":"Granollers","province":"BARCELONA","postalCode":"08400","schedule":"L-D: 24H","fuels":{"gasoline95":1.499,"diesel":1.694},"extra":{"saleType":"P","margin":"N","reportingType":"OM","ideess":"1692","idMunicipio":"961","idProvincia":"08","idCCAA":"09"}}},{"type":"Feature","geometry":{"type":"Point","coordinates":[2.065917,41.367639]},"properties":{"id":"es-1693","source":"ES","brand":"REPSOL","address":"AVENIDA BARCELONA, 28","municipality":"Sant Joan Despí","province":"BARCELONA","postalCode":"08970","schedule":"L-V: 06:00-22:00","fuels":{"gasoline95":1.859,"gasoline98":1.999,"diesel":2.025,"dieselRenewable":1.959},"extra":{"saleType":"P","margin":"N","reportingType":"dm","ideess":"1693","idMunicipio":"1080","idProvincia":"08","idCCAA":"09"}}},{"type":"Feature","geometry":{"type":"Point","coordinates":[2.012556,41.308944]},"properties":{"id":"es-1694","source":"ES","brand":"CARREFOUR","address":"AVENIDA DE LA GENERALITAT, 198","municipality":"Viladecans","province":"BARCELONA","postalCode":"08840","schedule":"L-J: 08:30-21:30; V-S: 24H; D: 00:00-20:00","fuels":{"gasoline95":1.699,"gasoline98":1.909,"diesel":1.799,"dieselPremium":1.839},"extra":{"saleType":"P","margin":"N","reportingType":"dm","ideess":"1694","idMunicipio":"1160","idProvincia":"08","idCCAA":"09"}}},{"type":"Feature","geometry":{"type":"Point","coordinates":[2.266389,41.929611]},"properties":{"id":"es-1698","source":"ES","brand":"SUPECO","address":"C/Industria, esquina C/Torrelló , s/n (C.C.CHAMPION)","municipality":"Vic","province":"BARCELONA","postalCode":"08500","schedule":"L-S: 09:00-21:30","fuels":{"gasoline95":1.539,"gasoline98":1.819,"diesel":1.679,"dieselPremium":1.719},"extra":{"saleType":"P","margin":"N","reportingType":"dm","ideess":"1698","idMunicipio":"1158","idProvincia":"08","idCCAA":"09"}}},{"type":"Feature","geometry":{"type":"Point","coordinates":[2.498306,41.555694]},"properties":{"id":"es-1705","source":"ES","brand":"OILPRIX","address":"CARRETERA CARRETERA N-II KM. 651,400","municipality":"Sant Andreu de Llavaneres","province":"BARCELONA","postalCode":"08392","schedule":"L-D: 24H","fuels":{"gasoline95":1.719,"diesel":1.845,"adblue":0.729},"extra":{"saleType":"P","margin":"I","reportingType":"dm","ideess":"1705","idMunicipio":"1059","idProvincia":"08","idCCAA":"09"}}},{"type":"Feature","geometry":{"type":"Point","coordinates":[2.634361,41.958167]},"properties":{"id":"es-1707","source":"ES","brand":"SHELL","address":"CALLE ILLES1 Y 2, PLAN PARCIAL SECTOR CUC, S/N","municipality":"Anglès","province":"GIRONA","postalCode":"17160","schedule":"L-V: 09:00-13:00 y 15:00-18:00; S: 09:00-13:00","fuels":{"gasoline95":1.589,"diesel":1.709},"extra":{"saleType":"P","margin":"N","reportingType":"OM","ideess":"1707","idMunicipio":"2456","idProvincia":"17","idCCAA":"09"}}},{"type":"Feature","geometry":{"type":"Point","coordinates":[2.228556,41.427806]},"properties":{"id":"es-1715","source":"ES","brand":"ALCAMPO","address":"AVENIDA DE LA PLAYA, S/N","municipality":"Sant Adrià de Besòs","province":"BARCELONA","postalCode":"08930","schedule":"L-D: 24H","fuels":{"gasoline95":1.525,"gasoline98":1.69,"diesel":1.752,"dieselPremium":1.787},"extra":{"saleType":"P","margin":"N","reportingType":"dm","ideess":"1715","idMunicipio":"1056","idProvincia":"08","idCCAA":"09"}}},{"type":"Feature","geometry":{"type":"Point","coordinates":[2.112111,41.534167]},"properties":{"id":"es-1723","source":"ES","brand":"MEROIL","address":"CTRA.BARCELONA,405-409","municipality":"Sabadell","province":"BARCELONA","postalCode":"08203","schedule":"L-D: 06:00-22:00","fuels":{"gasoline95":1.609,"gasoline98":1.809,"diesel":1.649,"dieselPremium":1.759,"adblue":0.889},"extra":{"saleType":"P","margin":"N","reportingType":"dm","ideess":"1723","idMunicipio":"1052","idProvincia":"08","idCCAA":"09"}}},{"type":"Feature","geometry":{"type":"Point","coordinates":[2.019139,41.585333]},"properties":{"id":"es-1724","source":"ES","brand":"Q8","address":"CTRA. DE MATADEPERA km 1,750","municipality":"Terrassa","province":"BARCELONA","postalCode":"08226","schedule":"L-D: 24H","fuels":{"gasoline95":1.729,"gasoline98":1.829,"diesel":1.799,"dieselPremium":1.849,"adblue":0.99},"extra":{"saleType":"P","margin":"D","reportingType":"dm","ideess":"1724","idMunicipio":"1141","idProvincia":"08","idCCAA":"09"}}},{"type":"Feature","geometry":{"type":"Point","coordinates":[2.00475,41.405944]},"properties":{"id":"es-1727","source":"ES","brand":"PANDORA BIOENERGY SL","address":"CARRETERA N-340 KM. 1243","municipality":"Sant Vicenç dels Horts","province":"BARCELONA","postalCode":"08620","schedule":"L-D: 24H","fuels":{"gasoline95":1.539,"diesel":1.679},"extra":{"saleType":"P","margin":"N","reportingType":"dm","ideess":"1727","idMunicipio":"1108","idProvincia":"08","idCCAA":"09"}}},{"type":"Feature","geometry":{"type":"Point","coordinates":[2.284472,41.595389]},"properties":{"id":"es-1728","source":"ES","brand":"CARREFOUR","address":"Cami Ral, 74 (C.C.CHAMPION)","municipality":"Granollers","province":"BARCELONA","postalCode":"08400","schedule":"L-S: 08:30-21:30","fuels":{"gasoline95":1.719,"gasoline98":1.889,"diesel":1.849,"dieselPremium":1.889},"extra":{"saleType":"P","margin":"N","reportingType":"dm","ideess":"1728","idMunicipio":"961","idProvincia":"08","idCCAA":"09"}}},{"type":"Feature","geometry":{"type":"Point","coordinates":[2.221167,41.539028]},"properties":{"id":"es-1732","source":"ES","brand":"Q8","address":"AV.RABASSAIRES, S/N","municipality":"Mollet del Vallès","province":"BARCELONA","postalCode":"08100","schedule":"L-D: 24H","fuels":{"gasoline95":1.469,"gasoline98":1.469,"diesel":1.599,"dieselPremium":1.669},"extra":{"saleType":"P","margin":"N","reportingType":"dm","ideess":"1732","idMunicipio":"991","idProvincia":"08","idCCAA":"09"}}},{"type":"Feature","geometry":{"type":"Point","coordinates":[2.0275,41.545722]},"properties":{"id":"es-1734","source":"ES","brand":"Q8","address":" COLOM ESQUINA AV TEXTIL - POL.IND. SANTA MARGARIDA 2, ","municipality":"Terrassa","province":"BARCELONA","postalCode":"08221","schedule":"L-D: 24H","fuels":{"gasoline95":1.699,"gasoline98":1.779,"diesel":1.799,"dieselPremium":1.869,"adblue":0.799},"extra":{"saleType":"P","margin":"N","reportingType":"dm","ideess":"1734","idMunicipio":"1141","idProvincia":"08","idCCAA":"09"}}},{"type":"Feature","geometry":{"type":"Point","coordinates":[2.336639,41.483944]},"properties":{"id":"es-1738","source":"ES","brand":"Q8","address":"CARRETERA CRTA.N II, KM 635, POL.IND. VORAMAR KM. ","municipality":"Masnou (El)","province":"BARCELONA","postalCode":"08320","schedule":"L-D: 24H","fuels":{"gasoline95":1.769,"gasoline98":1.829,"diesel":1.959,"dieselPremium":2.029},"extra":{"saleType":"P","margin":"N","reportingType":"dm","ideess":"1738","idMunicipio":"984","idProvincia":"08","idCCAA":"09"}}},{"type":"Feature","geometry":{"type":"Point","coordinates":[2.302694,41.611528]},"properties":{"id":"es-1740","source":"ES","brand":"Q8","address":"CARRETERA CRTA.COMARCAL 251 KM 1'2 KM. ","municipality":"Granollers","province":"BARCELONA","postalCode":"08400","schedule":"L-D: 24H","fuels":{"gasoline95":1.599,"gasoline98":1.699,"diesel":1.799,"dieselPremium":1.869},"extra":{"saleType":"P","margin":"N","reportingType":"dm","ideess":"1740","idMunicipio":"961","idProvincia":"08","idCCAA":"09"}}},{"type":"Feature","geometry":{"type":"Point","coordinates":[2.100389,41.32975]},"properties":{"id":"es-1744","source":"ES","brand":"AUTONETOIL","address":"CALLE EL PRAT, 54","municipality":"Prat de Llobregat (El)","province":"BARCELONA","postalCode":"08820","schedule":"L-D: 24H","fuels":{"gasoline95":1.609,"diesel":1.769,"dieselPremium":1.799},"extra":{"saleType":"P","margin":"N","reportingType":"dm","ideess":"1744","idMunicipio":"1035","idProvincia":"08","idCCAA":"09"}}},{"type":"Feature","geometry":{"type":"Point","coordinates":[2.25175,41.945417]},"properties":{"id":"es-1746","source":"ES","brand":"PETROLIS INDEPENDENTS - PETRO7","address":"CENTRO COMERCIAL CAPRABO VIC","municipality":"Vic","province":"BARCELONA","postalCode":"08500","schedule":"L-D: 24H","fuels":{"gasoline95":1.475,"diesel":1.618,"dieselPremium":1.678},"extra":{"saleType":"P","margin":"N","reportingType":"dm","ideess":"1746","idMunicipio":"1158","idProvincia":"08","idCCAA":"09"}}},{"type":"Feature","geometry":{"type":"Point","coordinates":[2.045306,41.484306]},"properties":{"id":"es-1748","source":"ES","brand":"Q8","address":"CRTA. RUBI - ST.CUGAT - C.C. CAPRABO","municipality":"Sant Cugat del Vallès","province":"BARCELONA","postalCode":"08190","schedule":"L-D: 24H","fuels":{"gasoline95":1.499,"gasoline98":1.499,"diesel":1.499,"dieselPremium":1.569},"extra":{"saleType":"P","margin":"N","reportingType":"dm","ideess":"1748","idMunicipio":"1067","idProvincia":"08","idCCAA":"09"}}},{"type":"Feature","geometry":{"type":"Point","coordinates":[2.773833,41.679917]},"properties":{"id":"es-1754","source":"ES","brand":"Q8","address":"AVENIDA EUROPA, D', 46","municipality":"Blanes","province":"GIRONA","postalCode":"17300","schedule":"L-D: 24H","fuels":{"gasoline95":1.739,"gasoline98":1.839,"diesel":1.869,"dieselPremium":1.939},"extra":{"saleType":"P","margin":"N","reportingType":"dm","ideess":"1754","idMunicipio":"2470","idProvincia":"17","idCCAA":"09"}}},{"type":"Feature","geometry":{"type":"Point","coordinates":[2.831139,41.7]},"properties":{"id":"es-1758","source":"ES","brand":"Q8","address":"AVENIDA AV VILA DE BLANES 120, ","municipality":"Lloret de Mar","province":"GIRONA","postalCode":"17310","schedule":"L-D: 24H","fuels":{"gasoline95":1.679,"gasoline98":1.799,"diesel":1.819,"dieselPremium":1.889},"extra":{"saleType":"P","margin":"N","reportingType":"dm","ideess":"1758","idMunicipio":"2540","idProvincia":"17","idCCAA":"09"}}},{"type":"Feature","geometry":{"type":"Point","coordinates":[2.086139,41.483083]},"properties":{"id":"es-1776","source":"ES","brand":"BP COLL FAVA","address":"RONDA NORD, 30","municipality":"Sant Cugat del Vallès","province":"BARCELONA","postalCode":"08190","schedule":"L-D: 06:00-22:00","fuels":{"gasoline95":1.779,"gasoline98":1.919,"diesel":1.989,"dieselPremium":2.079},"extra":{"saleType":"P","margin":"N","reportingType":"OM","ideess":"1776","idMunicipio":"1067","idProvincia":"08","idCCAA":"09"}}},{"type":"Feature","geometry":{"type":"Point","coordinates":[2.133889,41.352417]},"properties":{"id":"es-1779","source":"ES","brand":"BP","address":"CALLE BOTANICA, 21","municipality":"Hospitalet de Llobregat (L')","province":"BARCELONA","postalCode":"08908","schedule":"L-V: 06:00-21:00; S: 08:00-13:00","fuels":{"gasoline95":1.779,"gasoline98":1.919,"diesel":1.939,"dieselPremium":2.029},"extra":{"saleType":"P","margin":"N","reportingType":"dm","ideess":"1779","idMunicipio":"965","idProvincia":"08","idCCAA":"09"}}},{"type":"Feature","geometry":{"type":"Point","coordinates":[2.233111,41.558833]},"properties":{"id":"es-1780","source":"ES","brand":"MOEVE","address":"AUTOVIA C-17 KM. 18","municipality":"Parets del Vallès","province":"BARCELONA","postalCode":"08150","schedule":"L-D: 06:00-22:00","fuels":{"gasoline95":1.769,"gasoline95Premium":1.879,"diesel":1.959,"dieselPremium":2.049},"extra":{"saleType":"P","margin":"D","reportingType":"OM","ideess":"1780","idMunicipio":"1025","idProvincia":"08","idCCAA":"09"}}},{"type":"Feature","geometry":{"type":"Point","coordinates":[2.210139,41.426861]},"properties":{"id":"es-1782","source":"ES","brand":"GALP","address":"CALLE GUIPUZCOA, S/N","municipality":"Sant Adrià de Besòs","province":"BARCELONA","postalCode":"08930","schedule":"L-D: 06:00-22:00","fuels":{"gasoline95":1.724,"gasoline98":1.844,"diesel":1.894,"dieselPremium":1.944,"lpg":0.809},"extra":{"saleType":"P","margin":"N","reportingType":"OM","ideess":"1782","idMunicipio":"1056","idProvincia":"08","idCCAA":"09"}}},{"type":"Feature","geometry":{"type":"Point","coordinates":[2.201306,41.405917]},"properties":{"id":"es-1783","source":"ES","brand":"BALLENOIL","address":"CALLE LOPE DE VEGA, 125/139","municipality":"Barcelona","province":"BARCELONA","postalCode":"08018","schedule":"L-D: 24H","fuels":{"gasoline95":1.579,"gasoline95Premium":1.589,"diesel":1.689,"dieselPremium":1.699},"extra":{"saleType":"P","margin":"N","reportingType":"OM","ideess":"1783","idMunicipio":"881","idProvincia":"08","idCCAA":"09"}}},{"type":"Feature","geometry":{"type":"Point","coordinates":[2.001917,41.420139]},"properties":{"id":"es-1784","source":"ES","brand":"MOEVE","address":"RONDA SANTA EULALIA, 31","municipality":"Pallejà","province":"BARCELONA","postalCode":"08780","schedule":"L-D: 06:00-22:00","fuels":{"gasoline95":1.779,"gasoline95Premium":1.909,"gasoline98":1.939,"diesel":1.959,"dieselPremium":2.059,"dieselRenewable":2.109},"extra":{"saleType":"P","margin":"N","reportingType":"OM","ideess":"1784","idMunicipio":"1022","idProvincia":"08","idCCAA":"09"}}},{"type":"Feature","geometry":{"type":"Point","coordinates":[2.102167,41.349833]},"properties":{"id":"es-1786","source":"ES","brand":"EVOLUTION","address":"CALLE FEMADES/ESQUINA TRAVESSIA INDUSTRIAL, 19,25","municipality":"Hospitalet de Llobregat (L')","province":"BARCELONA","postalCode":"08907","schedule":"L-D: 24H","fuels":{"gasoline95":1.538,"gasoline98":1.695,"diesel":1.667,"dieselPremium":1.697,"adblue":0.698},"extra":{"saleType":"P","margin":"D","reportingType":"dm","ideess":"1786","idMunicipio":"965","idProvincia":"08","idCCAA":"09"}}},{"type":"Feature","geometry":{"type":"Point","coordinates":[2.252833,41.920667]},"properties":{"id":"es-1791","source":"ES","brand":"BALLENOIL","address":"PASEO GENERALITAT, 33","municipality":"Vic","province":"BARCELONA","postalCode":"08500","schedule":"L-D: 24H","fuels":{"gasoline95":1.609,"gasoline95Premium":1.619,"diesel":1.719,"dieselPremium":1.729},"extra":{"saleType":"P","margin":"D","reportingType":"OM","ideess":"1791","idMunicipio":"1158","idProvincia":"08","idCCAA":"09"}}},{"type":"Feature","geometry":{"type":"Point","coordinates":[2.502472,41.692639]},"properties":{"id":"es-1792","source":"ES","brand":"BP MONTSENY","address":"CARRETERA C-35 KM. 57,3","municipality":"Sant Celoni","province":"BARCELONA","postalCode":"08470","schedule":"L-D: 24H","fuels":{"gasoline95":1.795,"gasoline98":1.935,"diesel":1.995,"dieselPremium":2.085,"adblue":0.925},"extra":{"saleType":"P","margin":"I","reportingType":"OM","ideess":"1792","idMunicipio":"1065","idProvincia":"08","idCCAA":"09"}}},{"type":"Feature","geometry":{"type":"Point","coordinates":[2.088528,41.595167]},"properties":{"id":"es-1797","source":"ES","brand":"REPSOL","address":"CARRETERA B-124 KM. 5,3","municipality":"Castellar del Vallès","province":"BARCELONA","postalCode":"08211","schedule":"L-D: 06:00-22:00","fuels":{"gasoline95":1.786,"gasoline95Premium":1.856,"gasoline98":1.966,"diesel":1.96,"dieselRenewable":2.08},"extra":{"saleType":"P","margin":"D","reportingType":"OM","ideess":"1797","idMunicipio":"915","idProvincia":"08","idCCAA":"09"}}},{"type":"Feature","geometry":{"type":"Point","coordinates":[2.000694,41.288472]},"properties":{"id":"es-1800","source":"ES","brand":"PETROCAT","address":"CARRETERA C-32 KM. 49,61","municipality":"Gavà","province":"BARCELONA","postalCode":"08850","schedule":"L-D: 06:00-22:00","fuels":{"gasoline95":1.746,"gasoline98":1.876,"diesel":1.956,"dieselPremium":2.026,"lpg":1.089},"extra":{"saleType":"P","margin":"D","reportingType":"OM","ideess":"1800","idMunicipio":"955","idProvincia":"08","idCCAA":"09"}}},{"type":"Feature","geometry":{"type":"Point","coordinates":[2.001778,41.287083]},"properties":{"id":"es-1801","source":"ES","brand":"PETROCAT","address":"CR C-32, 49,61","municipality":"Gavà","province":"BARCELONA","postalCode":"08850","schedule":"L-D: 00:00-23:59","fuels":{"gasoline95":1.746,"gasoline98":1.876,"diesel":1.956,"dieselPremium":2.026,"lpg":1.089},"extra":{"saleType":"P","margin":"I","reportingType":"OM","ideess":"1801","idMunicipio":"955","idProvincia":"08","idCCAA":"09"}}},{"type":"Feature","geometry":{"type":"Point","coordinates":[2.018361,41.310167]},"properties":{"id":"es-1802","source":"ES","brand":"BP VILADECANS","address":"CALLE AGRICULTURA, 19","municipality":"Viladecans","province":"BARCELONA","postalCode":"08840","schedule":"L-D: 24H","fuels":{"gasoline95":1.809,"gasoline98":1.949,"diesel":1.959,"dieselPremium":2.049},"extra":{"saleType":"P","margin":"N","reportingType":"OM","ideess":"1802","idMunicipio":"1160","idProvincia":"08","idCCAA":"09"}}},{"type":"Feature","geometry":{"type":"Point","coordinates":[2.148694,41.719972]},"properties":{"id":"es-1804","source":"ES","brand":"U.S. SANT QUIRZE SAFAJA  -GASOILS ROVIRA AUTOSERVEI-","address":"CARRETERA C-59 KM. 26,49","municipality":"Sant Quirze Safaja","province":"BARCELONA","postalCode":"08189","schedule":"L-D: 24H","fuels":{"gasoline95":1.529,"gasoline98":1.749,"diesel":1.669,"dieselPremium":1.719},"extra":{"saleType":"P","margin":"I","reportingType":"dm","ideess":"1804","idMunicipio":"1101","idProvincia":"08","idCCAA":"09"}}},{"type":"Feature","geometry":{"type":"Point","coordinates":[2.222583,41.576194]},"properties":{"id":"es-1806","source":"ES","brand":"REPSOL","address":"CARRETERA AVDA. DEL VALLES KM. 10","municipality":"Lliçà de Vall","province":"BARCELONA","postalCode":"08185","schedule":"L-D: 06:00-22:00","fuels":{"gasoline95":1.776,"gasoline98":1.936,"diesel":1.956,"dieselRenewable":2.076},"extra":{"saleType":"P","margin":"I","reportingType":"OM","ideess":"1806","idMunicipio":"972","idProvincia":"08","idCCAA":"09"}}},{"type":"Feature","geometry":{"type":"Point","coordinates":[2.361389,41.511278]},"properties":{"id":"es-1808","source":"ES","brand":"REPSOL","address":"CALLE PIO XII, S.N.","municipality":"Vilassar de Dalt","province":"BARCELONA","postalCode":"08339","schedule":"L-D: 06:00-22:00","fuels":{"gasoline95":1.78,"gasoline95Premium":1.85,"gasoline98":1.91,"diesel":1.96,"dieselRenewable":2.08},"extra":{"saleType":"P","margin":"D","reportingType":"OM","ideess":"1808","idMunicipio":"1168","idProvincia":"08","idCCAA":"09"}}},{"type":"Feature","geometry":{"type":"Point","coordinates":[2.768306,41.990167]},"properties":{"id":"es-1813","source":"ES","brand":"PETRONOR","address":"CARRETERA LES PLANES KM. 4,631","municipality":"Sant Gregori","province":"GIRONA","postalCode":"17150","schedule":"L-D: 07:00-21:00","fuels":{"gasoline95":1.85,"gasoline98":1.98,"diesel":1.926,"dieselPremium":1.996},"extra":{"saleType":"P","margin":"I","reportingType":"OM","ideess":"1813","idMunicipio":"2603","idProvincia":"17","idCCAA":"09"}}},{"type":"Feature","geometry":{"type":"Point","coordinates":[2.269667,41.664778]},"properties":{"id":"es-1815","source":"ES","brand":"PETROCAT","address":"CR C-17, 26,65","municipality":"Ametlla del Vallès (L')","province":"BARCELONA","postalCode":"08480","schedule":"L-J: 05:00-23:00; V: 05:00-23:59; S: 00:00-23:59; D: 00:00-23:00","fuels":{"gasoline95":1.766,"gasoline98":1.896,"diesel":1.966,"dieselPremium":2.036,"lpg":1.049},"extra":{"saleType":"P","margin":"D","reportingType":"OM","ideess":"1815","idMunicipio":"866","idProvincia":"08","idCCAA":"09"}}},{"type":"Feature","geometry":{"type":"Point","coordinates":[2.198611,41.399889]},"properties":{"id":"es-1817","source":"ES","brand":"CAMPSA","address":"CALLE PUJADES, 154","municipality":"Barcelona","province":"BARCELONA","postalCode":"08005","schedule":"L-D: 06:00-20:00","fuels":{"gasoline95":1.715,"gasoline98":1.835,"diesel":1.875},"extra":{"saleType":"P","margin":"D","reportingType":"dm","ideess":"1817","idMunicipio":"881","idProvincia":"08","idCCAA":"09"}}},{"type":"Feature","geometry":{"type":"Point","coordinates":[2.195083,41.44725]},"properties":{"id":"es-1819","source":"ES","brand":"REPSOL","address":"PASEO SANTA COLOMA, 71","municipality":"Barcelona","province":"BARCELONA","postalCode":"08030","schedule":"L-D: 07:00-00:00","fuels":{"gasoline95":1.78,"gasoline98":1.91,"gasolineRenewable":1.9,"diesel":1.966,"dieselRenewable":2.086,"lpg":1.049},"extra":{"saleType":"P","margin":"D","reportingType":"OM","ideess":"1819","idMunicipio":"881","idProvincia":"08","idCCAA":"09"}}},{"type":"Feature","geometry":{"type":"Point","coordinates":[2.761694,41.785639]},"properties":{"id":"es-1822","source":"ES","brand":"GALP","address":"AUTOVIA C-35 KM. 84,5","municipality":"Vidreres","province":"GIRONA","postalCode":"17411","schedule":"L-D: 06:00-22:00","fuels":{"gasoline95":1.789,"diesel":1.869,"dieselPremium":1.959},"extra":{"saleType":"P","margin":"I","reportingType":"OM","ideess":"1822","idMunicipio":"2653","idProvincia":"17","idCCAA":"09"}}},{"type":"Feature","geometry":{"type":"Point","coordinates":[2.090167,41.346972]},"properties":{"id":"es-1827","source":"ES","brand":"REPSOL","address":"POLIGONO CAMI DEL MIG, 23","municipality":"Cornellà de Llobregat","province":"BARCELONA","postalCode":"08940","schedule":"L-V: 06:00-21:00; S: 08:00-14:00","fuels":{"gasoline95":1.786,"gasoline98":1.966,"diesel":1.97,"dieselRenewable":2.09,"lpg":1.049},"extra":{"saleType":"P","margin":"D","reportingType":"OM","ideess":"1827","idMunicipio":"937","idProvincia":"08","idCCAA":"09"}}},{"type":"Feature","geometry":{"type":"Point","coordinates":[2.0365,41.392667]},"properties":{"id":"es-1830","source":"ES","brand":"REPSOL","address":"CL LAUREA MIRO, 403","municipality":"Sant Feliu de Llobregat","province":"BARCELONA","postalCode":"08980","schedule":"L-D: 06:00-23:00","fuels":{"gasoline95":1.789,"gasoline98":1.919,"diesel":1.889,"dieselPremium":1.959},"extra":{"saleType":"P","margin":"D","reportingType":"dm","ideess":"1830","idMunicipio":"1072","idProvincia":"08","idCCAA":"09"}}},{"type":"Feature","geometry":{"type":"Point","coordinates":[2.698528,41.841611]},"properties":{"id":"es-1831","source":"ES","brand":"PETROSELVA","address":"CARRETERA C-63 KM. 21","municipality":"Riudarenes","province":"GIRONA","postalCode":"17421","schedule":"L-D: 24H","fuels":{"gasoline95":1.499,"diesel":1.669},"extra":{"saleType":"P","margin":"D","reportingType":"dm","ideess":"1831","idMunicipio":"2588","idProvincia":"17","idCCAA":"09"}}},{"type":"Feature","geometry":{"type":"Point","coordinates":[2.694944,41.844361]},"properties":{"id":"es-1832","source":"ES","brand":"PETROSELVA","address":"CARRETERA C-63 KM. 21","municipality":"Riudarenes","province":"GIRONA","postalCode":"17421","schedule":"L-D: 06:00-22:00","fuels":{"gasoline95":1.499,"gasoline98":1.729,"diesel":1.669,"dieselPremium":1.759},"extra":{"saleType":"P","margin":"I","reportingType":"dm","ideess":"1832","idMunicipio":"2588","idProvincia":"17","idCCAA":"09"}}},{"type":"Feature","geometry":{"type":"Point","coordinates":[2.89925,41.815806]},"properties":{"id":"es-1833","source":"ES","brand":"REPSOL","address":"CARRETERA C-35 KM. 97","municipality":"Llagostera","province":"GIRONA","postalCode":"17240","schedule":"L-V: 06:00-22:00; D: 08:00-22:00","fuels":{"gasoline95":1.84,"gasoline98":1.97,"diesel":1.916,"dieselPremium":2.036},"extra":{"saleType":"P","margin":"I","reportingType":"OM","ideess":"1833","idMunicipio":"2534","idProvincia":"17","idCCAA":"09"}}},{"type":"Feature","geometry":{"type":"Point","coordinates":[2.716333,41.66825]},"properties":{"id":"es-1834","source":"ES","brand":"CEPSA","address":"C-32 PK 129,8","municipality":"Palafolls","province":"BARCELONA","postalCode":"08389","schedule":"L-D: 24H","fuels":{"gasoline95":1.779,"gasoline98":1.939,"diesel":1.979,"dieselPremium":2.059},"extra":{"saleType":"P","margin":"D","reportingType":"OM","ideess":"1834","idMunicipio":"1020","idProvincia":"08","idCCAA":"09"}}},{"type":"Feature","geometry":{"type":"Point","coordinates":[2.10675,41.382667]},"properties":{"id":"es-1835","source":"ES","brand":"REPSOL","address":"AVENIDA DIAGONAL, 687","municipality":"Barcelona","province":"BARCELONA","postalCode":"08028","schedule":"L-D: 24H","fuels":{"gasoline95":1.786,"gasoline95Premium":1.856,"gasoline98":1.916,"diesel":1.96,"dieselRenewable":2.08},"extra":{"saleType":"P","margin":"I","reportingType":"OM","ideess":"1835","idMunicipio":"881","idProvincia":"08","idCCAA":"09"}}},{"type":"Feature","geometry":{"type":"Point","coordinates":[2.160556,41.375278]},"properties":{"id":"es-1840","source":"ES","brand":"GALP","address":"AVINGUDA DEL PARALELO, 132","municipality":"Barcelona","province":"BARCELONA","postalCode":"08015","schedule":"L-D: 24H","fuels":{"gasoline95":1.719,"gasoline98":1.839,"diesel":1.904,"dieselPremium":1.954},"extra":{"saleType":"P","margin":"N","reportingType":"OM","ideess":"1840","idMunicipio":"881","idProvincia":"08","idCCAA":"09"}}},{"type":"Feature","geometry":{"type":"Point","coordinates":[2.661139,41.907389]},"properties":{"id":"es-1841","source":"ES","brand":"REPSOL","address":"CARRETERA C63 KM. 32,200","municipality":"Brunyola","province":"GIRONA","postalCode":"17441","schedule":"L-V: 06:00-22:00; S: 07:00-22:00; D: 08:00-22:00","fuels":{"gasoline95":1.839,"gasoline98":2.019,"diesel":1.905,"dieselPremium":2.025,"dieselB":1.722},"extra":{"saleType":"P","margin":"I","reportingType":"dm","ideess":"1841","idMunicipio":"2476","idProvincia":"17","idCCAA":"09"}}},{"type":"Feature","geometry":{"type":"Point","coordinates":[2.137083,41.615528]},"properties":{"id":"es-1842","source":"ES","brand":"REPSOL","address":"CARRETERA C-1413A KM. 32,7","municipality":"Sentmenat","province":"BARCELONA","postalCode":"08181","schedule":"L-D: 06:00-22:00","fuels":{"gasoline95":1.76,"gasoline98":1.89,"diesel":1.97,"dieselRenewable":2.09},"extra":{"saleType":"P","margin":"I","reportingType":"OM","ideess":"1842","idMunicipio":"1128","idProvincia":"08","idCCAA":"09"}}},{"type":"Feature","geometry":{"type":"Point","coordinates":[2.420278,41.531]},"properties":{"id":"es-1851","source":"ES","brand":"REPSOL","address":"RIERA ARGENTONA, 1","municipality":"Cabrera de Mar","province":"BARCELONA","postalCode":"08349","schedule":"L-D: 24H","fuels":{"gasoline95":1.78,"gasoline95Premium":1.85,"gasoline98":1.91,"diesel":1.956,"dieselRenewable":2.076},"extra":{"saleType":"P","margin":"D","reportingType":"OM","ideess":"1851","idMunicipio":"890","idProvincia":"08","idCCAA":"09"}}},{"type":"Feature","geometry":{"type":"Point","coordinates":[2.040417,41.548056]},"properties":{"id":"es-1855","source":"ES","brand":"PETROCAT","address":"AVENIDA DEL VALLÈS, 4","municipality":"Terrassa","province":"BARCELONA","postalCode":"08227","schedule":"L-S: 06:00-22:00","fuels":{"gasoline95":1.75,"gasoline98":1.93,"diesel":1.946,"dieselPremium":2.016},"extra":{"saleType":"P","margin":"D","reportingType":"OM","ideess":"1855","idMunicipio":"1141","idProvincia":"08","idCCAA":"09"}}},{"type":"Feature","geometry":{"type":"Point","coordinates":[2.298444,41.928861]},"properties":{"id":"es-1856","source":"ES","brand":"REPSOL","address":"CR N-141D, 3,3","municipality":"Calldetenes","province":"BARCELONA","postalCode":"08519","schedule":"L-D: 06:00-22:00","fuels":{"gasoline95":1.77,"gasoline95Premium":1.84,"gasoline98":1.9,"diesel":1.97,"dieselB":1.666,"dieselRenewable":2.09},"extra":{"saleType":"P","margin":"I","reportingType":"OM","ideess":"1856","idMunicipio":"898","idProvincia":"08","idCCAA":"09"}}},{"type":"Feature","geometry":{"type":"Point","coordinates":[2.201694,41.4095]},"properties":{"id":"es-1863","source":"ES","brand":"B-OIL","address":"CALLE BAC DE RODA, 130","municipality":"Barcelona","province":"BARCELONA","postalCode":"08018","schedule":"L-D: 24H","fuels":{"gasoline95":1.578,"diesel":1.688},"extra":{"saleType":"P","margin":"D","reportingType":"dm","ideess":"1863","idMunicipio":"881","idProvincia":"08","idCCAA":"09"}}},{"type":"Feature","geometry":{"type":"Point","coordinates":[2.284611,41.585917]},"properties":{"id":"es-1864","source":"ES","brand":"GALP","address":"CARRETERA MASNOU KM. 14,8","municipality":"Granollers","province":"BARCELONA","postalCode":"08400","schedule":"L-D: 06:00-22:00","fuels":{"gasoline95":1.599,"gasoline98":1.709,"diesel":1.669,"dieselPremium":1.719,"adblue":0.799},"extra":{"saleType":"P","margin":"D","reportingType":"OM","ideess":"1864","idMunicipio":"961","idProvincia":"08","idCCAA":"09"}}},{"type":"Feature","geometry":{"type":"Point","coordinates":[2.069556,41.314083]},"properties":{"id":"es-1866","source":"ES","brand":"GALP","address":"CARRETERA GARRAF KM. 21","municipality":"Prat de Llobregat (El)","province":"BARCELONA","postalCode":"08820","schedule":"L-D: 05:00-23:00","fuels":{"gasoline95":1.799,"gasoline95Premium":1.849,"diesel":1.944,"dieselPremium":1.994,"lpg":1.069,"adblue":0.799},"extra":{"saleType":"P","margin":"N","reportingType":"OM","ideess":"1866","idMunicipio":"1035","idProvincia":"08","idCCAA":"09"}}},{"type":"Feature","geometry":{"type":"Point","coordinates":[2.262694,41.748833]},"properties":{"id":"es-1867","source":"ES","brand":"PETROCAT","address":"CARRETERA C-17 KM. 37","municipality":"Tagamanent","province":"BARCELONA","postalCode":"08593","schedule":"L-D: 06:00-22:00","fuels":{"gasoline95":1.77,"gasoline98":1.93,"diesel":1.96,"dieselPremium":2.03},"extra":{"saleType":"P","margin":"D","reportingType":"OM","ideess":"1867","idMunicipio":"1135","idProvincia":"08","idCCAA":"09"}}},{"type":"Feature","geometry":{"type":"Point","coordinates":[2.451639,41.5545]},"properties":{"id":"es-1868","source":"ES","brand":"REPSOL","address":"PG MATA ROCAFONDA C/ENERGIA 2-4, S.","municipality":"Mataró","province":"BARCELONA","postalCode":"08304","schedule":"L-D: 24H","fuels":{"gasoline95":1.77,"gasoline95Premium":1.83,"gasoline98":1.9,"diesel":1.956,"dieselRenewable":2.076},"extra":{"saleType":"P","margin":"D","reportingType":"OM","ideess":"1868","idMunicipio":"987","idProvincia":"08","idCCAA":"09"}}},{"type":"Feature","geometry":{"type":"Point","coordinates":[2.155917,41.328472]},"properties":{"id":"es-1993","source":"ES","brand":"PETROMIRALLES","address":"CALLE PORT DE HAIFA, S/N","municipality":"Barcelona","province":"BARCELONA","postalCode":"08039","schedule":"L-D: 24H","fuels":{"gasoline95":1.699,"gasoline98":1.799,"diesel":1.799,"dieselB":1.669,"adblue":0.789},"extra":{"saleType":"P","margin":"N","reportingType":"dm","ideess":"1993","idMunicipio":"881","idProvincia":"08","idCCAA":"09"}}},{"type":"Feature","geometry":{"type":"Point","coordinates":[2.267833,41.557111]},"properties":{"id":"es-1996","source":"ES","brand":"EL SURTIDOR","address":"CALLE CARLES RIBA, 15","municipality":"Montornès del Vallès","province":"BARCELONA","postalCode":"08170","schedule":"L-D: 24H","fuels":{"gasoline95":1.468,"diesel":1.699,"adblue":0.899},"extra":{"saleType":"P","margin":"N","reportingType":"dm","ideess":"1996","idMunicipio":"1001","idProvincia":"08","idCCAA":"09"}}},{"type":"Feature","geometry":{"type":"Point","coordinates":[2.531722,41.810611]},"properties":{"id":"es-1997","source":"ES","brand":"BONAREA","address":"POLIGONO PONT CREMAT, 2","municipality":"Arbúcies","province":"GIRONA","postalCode":"17401","schedule":"L-D: 24H","fuels":{"gasoline95":1.436,"diesel":1.599},"extra":{"saleType":"P","margin":"N","reportingType":"dm","ideess":"1997","idMunicipio":"2457","idProvincia":"17","idCCAA":"09"}}},{"type":"Feature","geometry":{"type":"Point","coordinates":[2.027167,41.569472]},"properties":{"id":"es-2003","source":"ES","brand":"PETRO VALLES","address":"CARRETERA CASTELLAR KM. 200","municipality":"Terrassa","province":"BARCELONA","postalCode":"08226","schedule":"L-D: 24H","fuels":{"gasoline95":1.459,"diesel":1.589},"extra":{"saleType":"P","margin":"N","reportingType":"dm","ideess":"2003","idMunicipio":"1141","idProvincia":"08","idCCAA":"09"}}},{"type":"Feature","geometry":{"type":"Point","coordinates":[2.199,41.410889]},"properties":{"id":"es-2005","source":"ES","brand":"M AUTOMOCION","address":"CALLE PERU, 171","municipality":"Barcelona","province":"BARCELONA","postalCode":"08018","schedule":"L-D: 24H","fuels":{"gasoline95":1.729,"gasoline98":1.859,"diesel":1.899,"dieselPremium":1.929,"adblue":0.889},"extra":{"saleType":"P","margin":"N","reportingType":"dm","ideess":"2005","idMunicipio":"881","idProvincia":"08","idCCAA":"09"}}},{"type":"Feature","geometry":{"type":"Point","coordinates":[2.179722,41.405139]},"properties":{"id":"es-2006","source":"ES","brand":"REPSOL","address":"CALLE VALENCIA, 503","municipality":"Barcelona","province":"BARCELONA","postalCode":"08013","schedule":"L-D: 24H","fuels":{"gasoline95":1.79,"gasoline95Premium":1.86,"gasoline98":1.92,"diesel":1.966,"dieselRenewable":2.086},"extra":{"saleType":"P","margin":"I","reportingType":"OM","ideess":"2006","idMunicipio":"881","idProvincia":"08","idCCAA":"09"}}},{"type":"Feature","geometry":{"type":"Point","coordinates":[2.025417,41.404389]},"properties":{"id":"es-2023","source":"ES","brand":"MEROIL","address":"CALLE AVDA. BARCELONA, 222","municipality":"Molins de Rei","province":"BARCELONA","postalCode":"08750","schedule":"L-D: 05:00-23:00","fuels":{"gasoline95":1.593,"gasoline98":1.956,"diesel":1.787,"dieselPremium":1.995,"lpg":0.919,"adblue":0.811},"extra":{"saleType":"P","margin":"N","reportingType":"OM","ideess":"2023","idMunicipio":"990","idProvincia":"08","idCCAA":"09"}}},{"type":"Feature","geometry":{"type":"Point","coordinates":[2.229722,41.797222]},"properties":{"id":"es-2024","source":"ES","brand":"PETROLIS INDEPENDENTS","address":"AVENIDA ILDEFONS CERDA, 121","municipality":"Centelles","province":"BARCELONA","postalCode":"08540","schedule":"L-D: 24H","fuels":{"gasoline95":1.558,"diesel":1.668,"dieselPremium":1.728},"extra":{"saleType":"P","margin":"N","reportingType":"dm","ideess":"2024","idMunicipio":"929","idProvincia":"08","idCCAA":"09"}}},{"type":"Feature","geometry":{"type":"Point","coordinates":[2.404694,41.640194]},"properties":{"id":"es-2030","source":"ES","brand":"ESTACIO SERVEI LLINARS","address":"AVINGUDA MAS BAGA, 1","municipality":"Llinars del Vallès","province":"BARCELONA","postalCode":"08450","schedule":"L-D: 24H","fuels":{"gasoline95":1.719,"gasoline98":1.849,"diesel":1.859,"dieselPremium":1.939},"extra":{"saleType":"P","margin":"N","reportingType":"dm","ideess":"2030","idMunicipio":"973","idProvincia":"08","idCCAA":"09"}}},{"type":"Feature","geometry":{"type":"Point","coordinates":[2.161389,41.429722]},"properties":{"id":"es-2031","source":"ES","brand":"GALP","address":"CALLE TAJO, 28","municipality":"Barcelona","province":"BARCELONA","postalCode":"08032","schedule":"L-D: 24H","fuels":{"gasoline95":1.779,"gasoline98":1.909,"diesel":1.949},"extra":{"saleType":"P","margin":"N","reportingType":"OM","ideess":"2031","idMunicipio":"881","idProvincia":"08","idCCAA":"09"}}},{"type":"Feature","geometry":{"type":"Point","coordinates":[2.090361,41.555056]},"properties":{"id":"es-2036","source":"ES","brand":"MEROIL","address":"CALLE ARCADIA, 30","municipality":"Sabadell","province":"BARCELONA","postalCode":"08206","schedule":"L-D: 06:00-22:00","fuels":{"gasoline95":1.619,"gasoline98":1.819,"diesel":1.659,"dieselPremium":1.769,"lpg":0.819},"extra":{"saleType":"P","margin":"N","reportingType":"dm","ideess":"2036","idMunicipio":"1052","idProvincia":"08","idCCAA":"09"}}},{"type":"Feature","geometry":{"type":"Point","coordinates":[2.038111,41.505667]},"properties":{"id":"es-2038","source":"ES","brand":"JULIA-OIL (FINA)","address":"CARRETERA C-1413 KM. 12,7","municipality":"Rubí","province":"BARCELONA","postalCode":"08191","schedule":"L-D: 24H","fuels":{"gasoline95":1.589,"diesel":1.729,"adblue":0.89},"extra":{"saleType":"P","margin":"N","reportingType":"dm","ideess":"2038","idMunicipio":"1049","idProvincia":"08","idCCAA":"09"}}},{"type":"Feature","geometry":{"type":"Point","coordinates":[2.13525,41.499722]},"properties":{"id":"es-2040","source":"ES","brand":"NUROIL","address":"CALLE BOSC TANCAT, S/N","municipality":"Cerdanyola del Vallès","province":"BARCELONA","postalCode":"08290","schedule":"L-D: 24H","fuels":{"gasoline95":1.559,"gasoline98":1.729,"diesel":1.709,"dieselPremium":1.769,"lpg":0.85},"extra":{"saleType":"P","margin":"N","reportingType":"dm","ideess":"2040","idMunicipio":"931","idProvincia":"08","idCCAA":"09"}}},{"type":"Feature","geometry":{"type":"Point","coordinates":[2.124972,41.500278]},"properties":{"id":"es-2042","source":"ES","brand":"NUROIL","address":"CALLE SANTA ANNA, 133","municipality":"Cerdanyola del Vallès","province":"BARCELONA","postalCode":"08290","schedule":"L-D: 24H","fuels":{"gasoline95":1.559,"gasoline98":1.729,"diesel":1.709,"dieselPremium":1.769,"adblue":0.639},"extra":{"saleType":"P","margin":"N","reportingType":"dm","ideess":"2042","idMunicipio":"931","idProvincia":"08","idCCAA":"09"}}},{"type":"Feature","geometry":{"type":"Point","coordinates":[2.117806,41.334694]},"properties":{"id":"es-2043","source":"ES","brand":"TORTUGA","address":"CALLE MAJOR, 26","municipality":"Barcelona","province":"BARCELONA","postalCode":"08040","schedule":"L-D: 24H","fuels":{"gasoline95":1.73,"diesel":1.905,"dieselB":1.653,"lpg":1.049,"adblue":0.889},"extra":{"saleType":"P","margin":"N","reportingType":"dm","ideess":"2043","idMunicipio":"881","idProvincia":"08","idCCAA":"09"}}},{"type":"Feature","geometry":{"type":"Point","coordinates":[2.108722,41.354639]},"properties":{"id":"es-2045","source":"ES","brand":"MEROIL","address":"TRAVESIA INDUSTRIAL, 147","municipality":"Hospitalet de Llobregat (L')","province":"BARCELONA","postalCode":"08907","schedule":"L-D: 24H","fuels":{"gasoline95":1.527,"gasoline98":1.727,"diesel":1.695,"dieselPremium":1.795,"lpg":0.918},"extra":{"saleType":"P","margin":"N","reportingType":"dm","ideess":"2045","idMunicipio":"965","idProvincia":"08","idCCAA":"09"}}},{"type":"Feature","geometry":{"type":"Point","coordinates":[2.23225,41.845083]},"properties":{"id":"es-2054","source":"ES","brand":"CEPSA","address":"AUTOVIA C-17 KM. 50","municipality":"Tona","province":"BARCELONA","postalCode":"08551","schedule":"L-D: 06:00-22:00","fuels":{"gasoline95":1.779,"gasoline98":1.879,"diesel":1.979,"dieselPremium":2.039},"extra":{"saleType":"P","margin":"I","reportingType":"OM","ideess":"2054","idMunicipio":"1143","idProvincia":"08","idCCAA":"09"}}},{"type":"Feature","geometry":{"type":"Point","coordinates":[2.183972,41.535361]},"properties":{"id":"es-2056","source":"ES","brand":"BP SANTA PERPETUA","address":"AVENIDA MOSSÈN JACINT VERDAGUER, 1","municipality":"Santa Perpètua de Mogoda","province":"BARCELONA","postalCode":"08130","schedule":"L-D: 06:00-22:00","fuels":{"gasoline95":1.779,"gasoline98":1.919,"diesel":1.999,"dieselPremium":2.089},"extra":{"saleType":"P","margin":"N","reportingType":"OM","ideess":"2056","idMunicipio":"1125","idProvincia":"08","idCCAA":"09"}}},{"type":"Feature","geometry":{"type":"Point","coordinates":[2.657972,41.885306]},"properties":{"id":"es-2058","source":"ES","brand":"PETREM","address":"CARRETERA C-152 KM. 3","municipality":"Santa Coloma de Farners","province":"GIRONA","postalCode":"17430","schedule":"L-D: 24H","fuels":{"gasoline95":1.639,"diesel":1.759,"dieselB":1.599,"adblue":0.899},"extra":{"saleType":"P","margin":"I","reportingType":"dm","ideess":"2058","idMunicipio":"2620","idProvincia":"17","idCCAA":"09"}}},{"type":"Feature","geometry":{"type":"Point","coordinates":[2.238417,41.436889]},"properties":{"id":"es-2059","source":"ES","brand":"EVOLUTION","address":"CALLE INDUSTRIA, 371","municipality":"Badalona","province":"BARCELONA","postalCode":"08912","schedule":"L-D: 24H","fuels":{"gasoline95":1.528,"gasoline98":1.698,"diesel":1.657,"dieselPremium":1.687},"extra":{"saleType":"P","margin":"N","reportingType":"dm","ideess":"2059","idMunicipio":"875","idProvincia":"08","idCCAA":"09"}}},{"type":"Feature","geometry":{"type":"Point","coordinates":[2.772972,41.97]},"properties":{"id":"es-2060","source":"ES","brand":"BP SALT","address":"CALLE BESCABO, 25","municipality":"Salt","province":"GIRONA","postalCode":"17190","schedule":"L-D: 06:00-22:00","fuels":{"gasoline95":1.839,"gasoline98":1.979,"diesel":1.939,"dieselPremium":2.029,"adblue":1.195},"extra":{"saleType":"P","margin":"N","reportingType":"OM","ideess":"2060","idMunicipio":"2595","idProvincia":"17","idCCAA":"09"}}},{"type":"Feature","geometry":{"type":"Point","coordinates":[2.830861,41.713556]},"properties":{"id":"es-2061","source":"ES","brand":"ESSER","address":"AVINGUDA DE LES ALEGRIES, 89/91","municipality":"Lloret de Mar","province":"GIRONA","postalCode":"17310","schedule":"L-D: 24H","fuels":{"gasoline95":1.599,"gasoline98":1.749,"diesel":1.759,"dieselPremium":1.799},"extra":{"saleType":"P","margin":"N","reportingType":"dm","ideess":"2061","idMunicipio":"2540","idProvincia":"17","idCCAA":"09"}}},{"type":"Feature","geometry":{"type":"Point","coordinates":[2.840389,41.700722]},"properties":{"id":"es-2062","source":"ES","brand":"MOEVE","address":"AVINGUDA VILA DE BLANES, 60/62","municipality":"Lloret de Mar","province":"GIRONA","postalCode":"17310","schedule":"L-D: 06:00-22:00","fuels":{"gasoline95":1.839,"gasoline95Premium":1.899,"gasoline98":1.929,"diesel":1.919,"dieselPremium":2.019},"extra":{"saleType":"P","margin":"D","reportingType":"OM","ideess":"2062","idMunicipio":"2540","idProvincia":"17","idCCAA":"09"}}},{"type":"Feature","geometry":{"type":"Point","coordinates":[2.40975,41.538944]},"properties":{"id":"es-2063","source":"ES","brand":"PREMIRA","address":"CARRETERA B-502 KM. 4,34","municipality":"Argentona","province":"BARCELONA","postalCode":"08310","schedule":"L-D: 05:00-23:00","fuels":{"gasoline95":1.78,"gasoline98":1.96,"diesel":1.956,"dieselPremium":2.026},"extra":{"saleType":"P","margin":"D","reportingType":"OM","ideess":"2063","idMunicipio":"870","idProvincia":"08","idCCAA":"09"}}},{"type":"Feature","geometry":{"type":"Point","coordinates":[2.038222,41.5915]},"properties":{"id":"es-2064","source":"ES","brand":"PETROCAT","address":"CARRETERA C-1415A KM. 20","municipality":"Terrassa","province":"BARCELONA","postalCode":"08228","schedule":"L-D: 06:00-22:00","fuels":{"gasoline95":1.756,"gasoline98":1.936,"diesel":1.946,"dieselPremium":2.016},"extra":{"saleType":"P","margin":"D","reportingType":"OM","ideess":"2064","idMunicipio":"1141","idProvincia":"08","idCCAA":"09"}}},{"type":"Feature","geometry":{"type":"Point","coordinates":[2.076917,41.37875]},"properties":{"id":"es-2065","source":"ES","brand":"BRIGHT SERVICE","address":"CALLE CARRETERA REIAL, 62","municipality":"Sant Just Desvern","province":"BARCELONA","postalCode":"08960","schedule":"L-D: 06:00-22:00","fuels":{"gasoline95":1.729,"gasoline98":1.839,"diesel":1.869,"dieselPremium":1.929},"extra":{"saleType":"P","margin":"I","reportingType":"dm","ideess":"2065","idMunicipio":"1083","idProvincia":"08","idCCAA":"09"}}},{"type":"Feature","geometry":{"type":"Point","coordinates":[2.317722,41.619722]},"properties":{"id":"es-2066","source":"ES","brand":"GALP","address":"CARRETERA C-35 KM. 2,8","municipality":"Franqueses del Vallès (Les)","province":"BARCELONA","postalCode":"08520","schedule":"L-V: 05:00-22:00; S-D: 06:00-22:00","fuels":{"gasoline95":1.599,"gasoline98":1.729,"diesel":1.734,"dieselPremium":1.784,"adblue":0.799},"extra":{"saleType":"P","margin":"D","reportingType":"OM","ideess":"2066","idMunicipio":"951","idProvincia":"08","idCCAA":"09"}}},{"type":"Feature","geometry":{"type":"Point","coordinates":[2.853861,41.906917]},"properties":{"id":"es-2067","source":"ES","brand":"REPSOL","address":"CARRETERA C-65 KM. 22,3","municipality":"Cassà de la Selva","province":"GIRONA","postalCode":"17244","schedule":"L-D: 24H","fuels":{"gasoline95":1.84,"gasoline98":1.99,"diesel":1.92,"dieselPremium":2.04},"extra":{"saleType":"P","margin":"D","reportingType":"OM","ideess":"2067","idMunicipio":"2490","idProvincia":"17","idCCAA":"09"}}},{"type":"Feature","geometry":{"type":"Point","coordinates":[2.853139,41.906194]},"properties":{"id":"es-2068","source":"ES","brand":"REPSOL","address":"CARRETERA C-65 KM. 22,3","municipality":"Cassà de la Selva","province":"GIRONA","postalCode":"17244","schedule":"L-V: 06:00-22:00; S: 07:00-22:00; D: 08:00-22:00","fuels":{"gasoline95":1.84,"gasoline98":1.99,"diesel":1.92,"dieselPremium":2.04},"extra":{"saleType":"P","margin":"I","reportingType":"OM","ideess":"2068","idMunicipio":"2490","idProvincia":"17","idCCAA":"09"}}},{"type":"Feature","geometry":{"type":"Point","coordinates":[2.738083,41.813444]},"properties":{"id":"es-2071","source":"ES","brand":"REPSOL","address":"CARRETERA C-63 KM. 17","municipality":"Sils","province":"GIRONA","postalCode":"17410","schedule":"L-D: 06:00-22:00","fuels":{"gasoline95":1.84,"gasoline98":1.97,"diesel":1.916,"dieselPremium":2.026},"extra":{"saleType":"P","margin":"D","reportingType":"OM","ideess":"2071","idMunicipio":"2630","idProvincia":"17","idCCAA":"09"}}},{"type":"Feature","geometry":{"type":"Point","coordinates":[2.518028,41.643611]},"properties":{"id":"es-2072","source":"ES","brand":"CEPSA","address":"CARRETERA C-61 KM. 11","municipality":"Vallgorguina","province":"BARCELONA","postalCode":"08470","schedule":"L: 06:30-22:00","fuels":{"gasoline95":1.779,"gasoline98":1.939,"diesel":1.979,"dieselPremium":2.079},"extra":{"saleType":"P","margin":"D","reportingType":"dm","ideess":"2072","idMunicipio":"1154","idProvincia":"08","idCCAA":"09"}}},{"type":"Feature","geometry":{"type":"Point","coordinates":[2.227889,41.444056]},"properties":{"id":"es-2074","source":"ES","brand":"BP BADANOR","address":"PLAZA CARITG, 1","municipality":"Badalona","province":"BARCELONA","postalCode":"08914","schedule":"L-D: 24H","fuels":{"gasoline95":1.779,"gasoline98":1.919,"diesel":1.989,"dieselPremium":2.079},"extra":{"saleType":"P","margin":"N","reportingType":"OM","ideess":"2074","idMunicipio":"875","idProvincia":"08","idCCAA":"09"}}},{"type":"Feature","geometry":{"type":"Point","coordinates":[2.94775,41.826639]},"properties":{"id":"es-2075","source":"ES","brand":"REPSOL","address":"CR C-250, 24,3","municipality":"Llagostera","province":"GIRONA","postalCode":"17240","schedule":"L-D: 06:00-22:00","fuels":{"gasoline95":1.836,"gasoline98":1.976,"diesel":1.916,"dieselPremium":2.036},"extra":{"saleType":"P","margin":"D","reportingType":"OM","ideess":"2075","idMunicipio":"2534","idProvincia":"17","idCCAA":"09"}}},{"type":"Feature","geometry":{"type":"Point","coordinates":[2.946889,41.827389]},"properties":{"id":"es-2076","source":"ES","brand":"REPSOL","address":"AUTOVIA C-65 KM. 4,8","municipality":"Llagostera","province":"GIRONA","postalCode":"17240","schedule":"L-D: 24H","fuels":{"gasoline95":1.836,"gasoline98":1.976,"diesel":1.916,"dieselPremium":2.036},"extra":{"saleType":"P","margin":"I","reportingType":"OM","ideess":"2076","idMunicipio":"2534","idProvincia":"17","idCCAA":"09"}}},{"type":"Feature","geometry":{"type":"Point","coordinates":[2.7555,41.66775]},"properties":{"id":"es-2077","source":"ES","brand":"GALP","address":"CARRETERA B-682 KM. 24,36","municipality":"Palafolls","province":"BARCELONA","postalCode":"08389","schedule":"L-D: 06:00-22:00","fuels":{"gasoline95":1.539,"gasoline98":1.679,"diesel":1.629,"dieselPremium":1.679},"extra":{"saleType":"P","margin":"D","reportingType":"OM","ideess":"2077","idMunicipio":"1020","idProvincia":"08","idCCAA":"09"}}},{"type":"Feature","geometry":{"type":"Point","coordinates":[2.155556,41.494972]},"properties":{"id":"es-2078","source":"ES","brand":"GALP","address":"CALLE TARRAGONA, 15-19 ESQ.CALLE BALMES, 15","municipality":"Ripollet","province":"BARCELONA","postalCode":"08291","schedule":"L-D: 06:00-22:00","fuels":{"gasoline95":1.729,"gasoline95Premium":1.779,"diesel":1.909,"dieselPremium":1.959},"extra":{"saleType":"P","margin":"N","reportingType":"OM","ideess":"2078","idMunicipio":"1046","idProvincia":"08","idCCAA":"09"}}},{"type":"Feature","geometry":{"type":"Point","coordinates":[2.244194,41.466556]},"properties":{"id":"es-2080","source":"ES","brand":"BP MONTIGALA","address":"AVENIDA DINAMARCA ESQ. COMUNIDAD EUROPEA, S/N","municipality":"Badalona","province":"BARCELONA","postalCode":"08914","schedule":"L-D: 24H","fuels":{"gasoline95":1.779,"gasoline98":1.919,"diesel":1.989,"dieselPremium":2.079},"extra":{"saleType":"P","margin":"N","reportingType":"OM","ideess":"2080","idMunicipio":"875","idProvincia":"08","idCCAA":"09"}}},{"type":"Feature","geometry":{"type":"Point","coordinates":[2.204278,41.393111]},"properties":{"id":"es-2081","source":"ES","brand":"REPSOL","address":"AVENIDA DEL LITORAL, 49","municipality":"Barcelona","province":"BARCELONA","postalCode":"08005","schedule":"L-D: 24H","fuels":{"gasoline95":1.79,"gasoline95Premium":1.87,"gasoline98":1.92,"diesel":1.966,"dieselRenewable":2.086,"lpg":1.089},"extra":{"saleType":"P","margin":"D","reportingType":"OM","ideess":"2081","idMunicipio":"881","idProvincia":"08","idCCAA":"09"}}},{"type":"Feature","geometry":{"type":"Point","coordinates":[2.142556,41.355667]},"properties":{"id":"es-2083","source":"ES","brand":"REPSOL","address":"PASSEIG ZONA FRANCA, 82","municipality":"Barcelona","province":"BARCELONA","postalCode":"08038","schedule":"L-D: 06:00-22:00","fuels":{"gasoline95":1.786,"diesel":1.96,"dieselRenewable":2.08},"extra":{"saleType":"P","margin":"D","reportingType":"OM","ideess":"2083","idMunicipio":"881","idProvincia":"08","idCCAA":"09"}}},{"type":"Feature","geometry":{"type":"Point","coordinates":[2.2655,41.548528]},"properties":{"id":"es-2084","source":"ES","brand":"REPSOL","address":"AVENIDA MOGENT, 3","municipality":"Montornès del Vallès","province":"BARCELONA","postalCode":"08170","schedule":"L-D: 06:00-22:00","fuels":{"gasoline95":1.78,"gasoline95Premium":1.86,"gasoline98":1.91,"diesel":1.96,"dieselRenewable":2.08,"lpg":1.049},"extra":{"saleType":"P","margin":"D","reportingType":"OM","ideess":"2084","idMunicipio":"1001","idProvincia":"08","idCCAA":"09"}}},{"type":"Feature","geometry":{"type":"Point","coordinates":[2.142667,41.327806]},"properties":{"id":"es-2091","source":"ES","brand":"GALP","address":"CALLE CALLE Y PUERTO AUTONOMO, S/N","municipality":"Barcelona","province":"BARCELONA","postalCode":"08004","schedule":"L-V: 06:00-22:00","fuels":{"gasoline95":1.714,"diesel":1.869,"dieselRenewable":1.959,"adblue":0.799},"extra":{"saleType":"P","margin":"N","reportingType":"OM","ideess":"2091","idMunicipio":"881","idProvincia":"08","idCCAA":"09"}}},{"type":"Feature","geometry":{"type":"Point","coordinates":[2.227611,41.429361]},"properties":{"id":"es-2093","source":"ES","brand":"GALP","address":"C/TORRASSA, 87-95","municipality":"Sant Adrià de Besòs","province":"BARCELONA","postalCode":"08930","schedule":"L-D: 24H","fuels":{"gasoline95":1.549,"diesel":1.639},"extra":{"saleType":"P","margin":"N","reportingType":"OM","ideess":"2093","idMunicipio":"1056","idProvincia":"08","idCCAA":"09"}}},{"type":"Feature","geometry":{"type":"Point","coordinates":[2.651694,41.612722]},"properties":{"id":"es-2095","source":"ES","brand":"REPSOL","address":"CR N-2, 667","municipality":"Calella","province":"BARCELONA","postalCode":"08370","schedule":"L-D: 06:00-22:00","fuels":{"gasoline95":1.77,"gasoline95Premium":1.83,"gasoline98":1.89,"diesel":1.94,"dieselPremium":2.0},"extra":{"saleType":"P","margin":"D","reportingType":"OM","ideess":"2095","idMunicipio":"897","idProvincia":"08","idCCAA":"09"}}},{"type":"Feature","geometry":{"type":"Point","coordinates":[2.5425,41.597778]},"properties":{"id":"es-2097","source":"ES","brand":"REPSOL","address":"CARRETERA CTRA. D'ARENYS DE MAR A SANT CELONI KM. 2,200","municipality":"Arenys de Munt","province":"BARCELONA","postalCode":"08358","schedule":"L-D: 06:30-22:00","fuels":{"gasoline95":1.739,"gasoline98":1.909,"diesel":1.919,"dieselPremium":2.009},"extra":{"saleType":"P","margin":"D","reportingType":"dm","ideess":"2097","idMunicipio":"868","idProvincia":"08","idCCAA":"09"}}},{"type":"Feature","geometry":{"type":"Point","coordinates":[2.070028,41.316444]},"properties":{"id":"es-2100","source":"ES","brand":"MOEVE","address":"AUTOVIA C-31 KM. 191,8","municipality":"Prat de Llobregat (El)","province":"BARCELONA","postalCode":"08820","schedule":"L-D: 24H","fuels":{"gasoline95":1.799,"gasoline95Premium":1.939,"gasoline98":1.969,"diesel":1.989,"dieselPremium":2.059,"lpg":1.139},"extra":{"saleType":"P","margin":"D","reportingType":"OM","ideess":"2100","idMunicipio":"1035","idProvincia":"08","idCCAA":"09"}}},{"type":"Feature","geometry":{"type":"Point","coordinates":[2.421222,41.54125]},"properties":{"id":"es-2210","source":"ES","brand":"REPSOL","address":"CARRETERA C-1415 KM. 1,4","municipality":"Mataró","province":"BARCELONA","postalCode":"08301","schedule":"L-D: 06:00-22:00","fuels":{"gasoline95":1.77,"gasoline95Premium":1.83,"gasoline98":1.94,"diesel":1.95,"dieselRenewable":2.07,"lpg":1.089},"extra":{"saleType":"P","margin":"D","reportingType":"OM","ideess":"2210","idMunicipio":"987","idProvincia":"08","idCCAA":"09"}}},{"type":"Feature","geometry":{"type":"Point","coordinates":[2.450278,41.657444]},"properties":{"id":"es-2213","source":"ES","brand":"REPSOL","address":"CR C-35 , P.K. 51","municipality":"Santa Maria de Palautordera","province":"BARCELONA","postalCode":"08460","schedule":"L-D: 06:00-22:00","fuels":{"gasoline95":1.796,"gasoline95Premium":1.876,"gasoline98":1.976,"diesel":1.966,"dieselRenewable":2.086,"lpg":1.089},"extra":{"saleType":"P","margin":"I","reportingType":"OM","ideess":"2213","idMunicipio":"1123","idProvincia":"08","idCCAA":"09"}}},{"type":"Feature","geometry":{"type":"Point","coordinates":[2.167,41.415583]},"properties":{"id":"es-2214","source":"ES","brand":"REPSOL","address":"AVENIDA VIRGEN DE MONTSERRAT, 87","municipality":"Barcelona","province":"BARCELONA","postalCode":"08024","schedule":"L-D: 06:00-22:00","fuels":{"gasoline95":1.796,"gasoline95Premium":1.866,"gasoline98":1.926,"diesel":1.97,"dieselRenewable":2.09},"extra":{"saleType":"P","margin":"D","reportingType":"OM","ideess":"2214","idMunicipio":"881","idProvincia":"08","idCCAA":"09"}}},{"type":"Feature","geometry":{"type":"Point","coordinates":[2.2115,41.427056]},"properties":{"id":"es-2215","source":"ES","brand":"REPSOL","address":"CALLE GUIPUZCOA ESQ PEDRO IV, S/N","municipality":"Sant Adrià de Besòs","province":"BARCELONA","postalCode":"08930","schedule":"L-D: 06:00-22:00","fuels":{"gasoline95":1.78,"gasoline98":1.91,"diesel":1.966,"dieselRenewable":2.086},"extra":{"saleType":"P","margin":"D","reportingType":"OM","ideess":"2215","idMunicipio":"1056","idProvincia":"08","idCCAA":"09"}}},{"type":"Feature","geometry":{"type":"Point","coordinates":[2.206139,41.413444]},"properties":{"id":"es-2216","source":"ES","brand":"BP PEDRO IV","address":"CALLE PEDRO IV, 440","municipality":"Barcelona","province":"BARCELONA","postalCode":"08019","schedule":"L-D: 06:00-13:59 y 14:00-23:00","fuels":{"gasoline95":1.739,"gasoline98":1.889,"diesel":1.889,"dieselPremium":1.979},"extra":{"saleType":"P","margin":"N","reportingType":"dm","ideess":"2216","idMunicipio":"881","idProvincia":"08","idCCAA":"09"}}},{"type":"Feature","geometry":{"type":"Point","coordinates":[2.129222,41.488167]},"properties":{"id":"es-2217","source":"ES","brand":"ESCLATOIL","address":"CALLE SAN RAMON, 259","municipality":"Cerdanyola del Vallès","province":"BARCELONA","postalCode":"08290","schedule":"L-D: 24H","fuels":{"gasoline95":1.519,"diesel":1.679,"adblue":0.559},"extra":{"saleType":"P","margin":"D","reportingType":"dm","ideess":"2217","idMunicipio":"931","idProvincia":"08","idCCAA":"09"}}},{"type":"Feature","geometry":{"type":"Point","coordinates":[2.030833,41.481222]},"properties":{"id":"es-2218","source":"ES","brand":"REPSOL","address":"CARRETERA C-1413 KM. 9,8","municipality":"Rubí","province":"BARCELONA","postalCode":"08191","schedule":"L-D: 05:00-23:00","fuels":{"gasoline95":1.776,"gasoline98":1.906,"diesel":1.956,"dieselPremium":2.026},"extra":{"saleType":"P","margin":"D","reportingType":"OM","ideess":"2218","idMunicipio":"1049","idProvincia":"08","idCCAA":"09"}}},{"type":"Feature","geometry":{"type":"Point","coordinates":[2.161417,41.654472]},"properties":{"id":"es-2219","source":"ES","brand":"REPSOL","address":"CARRETERA C-59 KM. 16,59","municipality":"Caldes de Montbui","province":"BARCELONA","postalCode":"08140","schedule":"L-D: 06:00-22:00","fuels":{"gasoline95":1.76,"gasoline98":1.89,"diesel":1.966,"dieselRenewable":2.086},"extra":{"saleType":"P","margin":"I","reportingType":"OM","ideess":"2219","idMunicipio":"895","idProvincia":"08","idCCAA":"09"}}},{"type":"Feature","geometry":{"type":"Point","coordinates":[2.333944,41.491917]},"properties":{"id":"es-2223","source":"ES","brand":"REPSOL","address":"C-32 PK 88,5","municipality":"Teià","province":"BARCELONA","postalCode":"08329","schedule":"L-D: 24H","fuels":{"gasoline95":1.776,"gasoline95Premium":1.836,"gasoline98":1.906,"diesel":1.956,"dieselRenewable":2.076},"extra":{"saleType":"P","margin":"D","reportingType":"OM","ideess":"2223","idMunicipio":"1140","idProvincia":"08","idCCAA":"09"}}},{"type":"Feature","geometry":{"type":"Point","coordinates":[2.25075,41.453222]},"properties":{"id":"es-2224","source":"ES","brand":"REPSOL","address":"CALLE SAN BRUNO, 17","municipality":"Badalona","province":"BARCELONA","postalCode":"08911","schedule":"L-D: 06:00-22:00","fuels":{"gasoline95":1.776,"gasoline98":1.906,"diesel":1.966,"dieselRenewable":2.086},"extra":{"saleType":"P","margin":"D","reportingType":"OM","ideess":"2224","idMunicipio":"875","idProvincia":"08","idCCAA":"09"}}},{"type":"Feature","geometry":{"type":"Point","coordinates":[2.099472,41.538944]},"properties":{"id":"es-2226","source":"ES","brand":"MOEVE","address":"CALLE MOLINS DE REI, 135/137","municipality":"Sabadell","province":"BARCELONA","postalCode":"08205","schedule":"L-D: 07:00-23:00","fuels":{"gasoline95":1.789,"gasoline95Premium":1.879,"diesel":1.969,"dieselPremium":2.029},"extra":{"saleType":"P","margin":"I","reportingType":"OM","ideess":"2226","idMunicipio":"1052","idProvincia":"08","idCCAA":"09"}}},{"type":"Feature","geometry":{"type":"Point","coordinates":[2.106722,41.369806]},"properties":{"id":"es-2227","source":"ES","brand":"AUTONETOIL","address":"CALLE RENCLUSA, 36","municipality":"Hospitalet de Llobregat (L')","province":"BARCELONA","postalCode":"08905","schedule":"L-D: 24H","fuels":{"gasoline95":1.579,"diesel":1.649,"dieselPremium":1.679,"adblue":0.909},"extra":{"saleType":"P","margin":"N","reportingType":"dm","ideess":"2227","idMunicipio":"965","idProvincia":"08","idCCAA":"09"}}},{"type":"Feature","geometry":{"type":"Point","coordinates":[2.17,41.534167]},"properties":{"id":"es-2228","source":"ES","brand":"BALLENOIL","address":"CARRETERA B-140 KM. 5,5","municipality":"Santa Perpètua de Mogoda","province":"BARCELONA","postalCode":"08130","schedule":"L-D: 24H","fuels":{"gasoline95":1.619,"gasoline95Premium":1.629,"diesel":1.729,"dieselPremium":1.739},"extra":{"saleType":"P","margin":"I","reportingType":"OM","ideess":"2228","idMunicipio":"1125","idProvincia":"08","idCCAA":"09"}}},{"type":"Feature","geometry":{"type":"Point","coordinates":[2.017611,41.464389]},"properties":{"id":"es-2230","source":"ES","brand":"REPSOL","address":"CR C-1413, 7,7 (C-1413 km 7,75)","municipality":"Sant Cugat del Vallès","province":"BARCELONA","postalCode":"08190","schedule":"L-D: 06:00-22:00","fuels":{"gasoline95":1.789,"gasoline98":1.919,"diesel":1.969,"dieselRenewable":2.069,"adblue":0.99},"extra":{"saleType":"P","margin":"D","reportingType":"dm","ideess":"2230","idMunicipio":"1067","idProvincia":"08","idCCAA":"09"}}},{"type":"Feature","geometry":{"type":"Point","coordinates":[2.739972,41.772833]},"properties":{"id":"es-2231","source":"ES","brand":"REPSOL","address":"AU AP-7, 86","municipality":"Maçanet de la Selva","province":"GIRONA","postalCode":"17412","schedule":"L-D: 24H","fuels":{"gasoline95":1.86,"gasoline98":1.99,"diesel":1.93,"dieselB":1.726,"dieselRenewable":2.05,"lpg":1.109},"extra":{"saleType":"P","margin":"I","reportingType":"OM","ideess":"2231","idMunicipio":"2543","idProvincia":"17","idCCAA":"09"}}},{"type":"Feature","geometry":{"type":"Point","coordinates":[2.285722,41.594639]},"properties":{"id":"es-2233","source":"ES","brand":"REPSOL","address":"CARRETERA B-5002 KM. 15","municipality":"Granollers","province":"BARCELONA","postalCode":"08400","schedule":"L-D: 24H","fuels":{"gasoline95":1.79,"gasoline98":1.92,"diesel":1.976,"dieselRenewable":2.096},"extra":{"saleType":"P","margin":"I","reportingType":"OM","ideess":"2233","idMunicipio":"961","idProvincia":"08","idCCAA":"09"}}},{"type":"Feature","geometry":{"type":"Point","coordinates":[2.26875,41.462972]},"properties":{"id":"es-2234","source":"ES","brand":"BP MONTGAT","address":"CALLE RAMON Y CAJAL, S/N","municipality":"Montgat","province":"BARCELONA","postalCode":"08390","schedule":"L-D: 24H","fuels":{"gasoline95":1.698,"gasoline98":1.838,"diesel":1.899,"dieselPremium":1.999},"extra":{"saleType":"P","margin":"N","reportingType":"dm","ideess":"2234","idMunicipio":"997","idProvincia":"08","idCCAA":"09"}}},{"type":"Feature","geometry":{"type":"Point","coordinates":[2.162306,41.494028]},"properties":{"id":"es-2235","source":"ES","brand":"BP RECA","address":"CALLE INDUSTRIA, S/N","municipality":"Ripollet","province":"BARCELONA","postalCode":"08291","schedule":"L-D: 06:00-23:00","fuels":{"gasoline95":1.719,"gasoline98":1.809,"diesel":1.879,"dieselPremium":1.979,"adblue":0.94},"extra":{"saleType":"P","margin":"N","reportingType":"dm","ideess":"2235","idMunicipio":"1046","idProvincia":"08","idCCAA":"09"}}},{"type":"Feature","geometry":{"type":"Point","coordinates":[2.249361,41.459833]},"properties":{"id":"es-2237","source":"ES","brand":"REPSOL","address":"AVENIDA PRESIDENT COMPANYS, 280","municipality":"Badalona","province":"BARCELONA","postalCode":"08915","schedule":"L-D: 24H","fuels":{"gasoline95":1.776,"gasoline95Premium":1.846,"gasoline98":1.906,"diesel":1.966,"dieselRenewable":2.086,"lpg":1.049},"extra":{"saleType":"P","margin":"D","reportingType":"OM","ideess":"2237","idMunicipio":"875","idProvincia":"08","idCCAA":"09"}}},{"type":"Feature","geometry":{"type":"Point","coordinates":[2.210583,41.444583]},"properties":{"id":"es-2238","source":"ES","brand":"REPSOL","address":"CL AVENIDA GENERALITAT, 97","municipality":"Santa Coloma de Gramenet","province":"BARCELONA","postalCode":"08923","schedule":"L-D: 24H","fuels":{"gasoline95":1.776,"gasoline95Premium":1.846,"gasoline98":1.906,"diesel":1.96,"dieselRenewable":2.08},"extra":{"saleType":"P","margin":"D","reportingType":"OM","ideess":"2238","idMunicipio":"1111","idProvincia":"08","idCCAA":"09"}}},{"type":"Feature","geometry":{"type":"Point","coordinates":[2.113944,41.328028]},"properties":{"id":"es-2241","source":"ES","brand":"REPSOL","address":"CALLE 6   SECTOR  C    ZONA FRANCA, S/N","municipality":"Barcelona","province":"BARCELONA","postalCode":"08040","schedule":"L-D: 24H","fuels":{"gasoline95":1.786,"gasoline98":1.966,"diesel":1.966,"dieselB":1.672,"dieselRenewable":2.086,"lpg":1.089,"cng":1.609},"extra":{"saleType":"P","margin":"D","reportingType":"OM","ideess":"2241","idMunicipio":"881","idProvincia":"08","idCCAA":"09"}}},{"type":"Feature","geometry":{"type":"Point","coordinates":[2.007,41.575333]},"properties":{"id":"es-2246","source":"ES","brand":"BP","address":"CALLE PARDO BAZAN, 2","municipality":"Terrassa","province":"BARCELONA","postalCode":"08225","schedule":"L-D: 24H","fuels":{"gasoline95":1.699,"gasoline98":1.829,"diesel":1.879,"dieselPremium":1.959,"adblue":0.95},"extra":{"saleType":"P","margin":"N","reportingType":"dm","ideess":"2246","idMunicipio":"1141","idProvincia":"08","idCCAA":"09"}}},{"type":"Feature","geometry":{"type":"Point","coordinates":[2.14825,41.518694]},"properties":{"id":"es-2248","source":"ES","brand":"BP SANTIGA","address":"CR DE RIPOLLET A SANTIGA KM  2,4","municipality":"Barberà del Vallès","province":"BARCELONA","postalCode":"08210","schedule":"L-D: 24H","fuels":{"gasoline95":1.719,"gasoline98":1.809,"diesel":1.879,"dieselPremium":1.979,"dieselB":1.689,"adblue":0.94},"extra":{"saleType":"P","margin":"N","reportingType":"dm","ideess":"2248","idMunicipio":"880","idProvincia":"08","idCCAA":"09"}}},{"type":"Feature","geometry":{"type":"Point","coordinates":[2.761889,41.802306]},"properties":{"id":"es-2249","source":"ES","brand":"BP HOSTAL DE LA SELVA","address":"CR N-II MADRID-FRANCIA KM  695","municipality":"Sils","province":"GIRONA","postalCode":"17410","schedule":"L-D: 24H","fuels":{"gasoline95":1.839,"gasoline98":1.979,"diesel":1.939,"dieselPremium":2.029,"adblue":1.485},"extra":{"saleType":"P","margin":"N","reportingType":"OM","ideess":"2249","idMunicipio":"2630","idProvincia":"17","idCCAA":"09"}}},{"type":"Feature","geometry":{"type":"Point","coordinates":[2.106333,41.361528]},"properties":{"id":"es-2252","source":"ES","brand":"GALP","address":"PLAZA MAESTRO CLAVE, 10","municipality":"Hospitalet de Llobregat (L')","province":"BARCELONA","postalCode":"08901","schedule":"L-D: 06:00-22:00","fuels":{"gasoline95":1.584,"gasoline98":1.584,"diesel":1.704,"dieselPremium":1.704},"extra":{"saleType":"P","margin":"D","reportingType":"OM","ideess":"2252","idMunicipio":"965","idProvincia":"08","idCCAA":"09"}}},{"type":"Feature","geometry":{"type":"Point","coordinates":[2.282833,41.684389]},"properties":{"id":"es-2253","source":"ES","brand":"REPSOL","address":"CL CRTA. NUEVA, 37 (N-152 km 37,3)","municipality":"Garriga (La)","province":"BARCELONA","postalCode":"08530","schedule":"L: 06:00-22:00","fuels":{"gasoline95":1.819,"gasoline95Premium":1.839,"gasoline98":1.939,"diesel":1.969,"dieselRenewable":1.989},"extra":{"saleType":"P","margin":"D","reportingType":"dm","ideess":"2253","idMunicipio":"954","idProvincia":"08","idCCAA":"09"}}},{"type":"Feature","geometry":{"type":"Point","coordinates":[2.106639,41.35375]},"properties":{"id":"es-2255","source":"ES","brand":"REPSOL","address":"RAMBLA MARINA, 428","municipality":"Hospitalet de Llobregat (L')","province":"BARCELONA","postalCode":"08907","schedule":"L-D: 06:00-22:00","fuels":{"gasoline95":1.796,"gasoline98":1.926,"diesel":1.96,"dieselRenewable":2.08,"lpg":1.089},"extra":{"saleType":"P","margin":"D","reportingType":"OM","ideess":"2255","idMunicipio":"965","idProvincia":"08","idCCAA":"09"}}},{"type":"Feature","geometry":{"type":"Point","coordinates":[2.801,41.6885]},"properties":{"id":"es-2258","source":"ES","brand":"CARBURANTS BONOIL","address":"CARRETERA GI-682 KM. 6,965","municipality":"Blanes","province":"GIRONA","postalCode":"17300","schedule":"L-D: 24H","fuels":{"gasoline95":1.629,"diesel":1.699,"dieselPremium":1.759},"extra":{"saleType":"P","margin":"D","reportingType":"dm","ideess":"2258","idMunicipio":"2470","idProvincia":"17","idCCAA":"09"}}},{"type":"Feature","geometry":{"type":"Point","coordinates":[2.772139,41.906]},"properties":{"id":"es-2260","source":"ES","brand":"GALP","address":"AUTOPISTA AP 7 KM. 70,5","municipality":"Riudellots de la Selva","province":"GIRONA","postalCode":"17457","schedule":"L-D: 24H","fuels":{"gasoline95":1.814,"gasoline98":1.934,"diesel":1.919,"dieselPremium":2.009,"lpg":1.089,"adblue":0.799},"extra":{"saleType":"P","margin":"D","reportingType":"OM","ideess":"2260","idMunicipio":"2590","idProvincia":"17","idCCAA":"09"}}},{"type":"Feature","geometry":{"type":"Point","coordinates":[2.773556,41.906833]},"properties":{"id":"es-2261","source":"ES","brand":"GALP","address":"AUTOVIA AP - 7 KM. 70,5","municipality":"Riudellots de la Selva","province":"GIRONA","postalCode":"17457","schedule":"L-D: 24H","fuels":{"gasoline95":1.814,"gasoline98":1.934,"diesel":1.919,"dieselPremium":2.009,"adblue":0.799},"extra":{"saleType":"P","margin":"I","reportingType":"OM","ideess":"2261","idMunicipio":"2590","idProvincia":"17","idCCAA":"09"}}},{"type":"Feature","geometry":{"type":"Point","coordinates":[2.774667,41.675778]},"properties":{"id":"es-2263","source":"ES","brand":"GALP","address":"AVINGUDA EUROPA, 47","municipality":"Blanes","province":"GIRONA","postalCode":"17300","schedule":"L-D: 06:00-22:00","fuels":{"gasoline95":1.799,"gasoline98":1.939,"diesel":1.929,"dieselPremium":2.019,"lpg":1.099,"adblue":1.089},"extra":{"saleType":"P","margin":"N","reportingType":"dm","ideess":"2263","idMunicipio":"2470","idProvincia":"17","idCCAA":"09"}}},{"type":"Feature","geometry":{"type":"Point","coordinates":[2.827278,41.698111]},"properties":{"id":"es-2265","source":"ES","brand":"GALP","address":"CARRETERA GI-682 KM. 10","municipality":"Lloret de Mar","province":"GIRONA","postalCode":"17310","schedule":"L-D: 06:00-22:00","fuels":{"gasoline95":1.599,"gasoline98":1.809,"diesel":1.749,"dieselPremium":1.799},"extra":{"saleType":"P","margin":"D","reportingType":"OM","ideess":"2265","idMunicipio":"2540","idProvincia":"17","idCCAA":"09"}}},{"type":"Feature","geometry":{"type":"Point","coordinates":[2.277472,41.952222]},"properties":{"id":"es-2275","source":"ES","brand":"REPSOL","address":"POLIGONO CR C-153 PGNO. MALLOLES, 2,7","municipality":"Vic","province":"BARCELONA","postalCode":"08500","schedule":"L-V: 05:00-21:00; S-D: 06:00-21:00","fuels":{"gasoline95":1.77,"gasoline98":1.95,"diesel":1.976,"dieselPremium":2.046},"extra":{"saleType":"P","margin":"D","reportingType":"OM","ideess":"2275","idMunicipio":"1158","idProvincia":"08","idCCAA":"09"}}},{"type":"Feature","geometry":{"type":"Point","coordinates":[2.177833,41.466861]},"properties":{"id":"es-2290","source":"ES","brand":"REPSOL","address":"CARRETERA C-17 KM. 1,5","municipality":"Montcada i Reixac","province":"BARCELONA","postalCode":"08110","schedule":"L-D: 24H","fuels":{"gasoline95":1.78,"gasoline95Premium":1.86,"gasoline98":1.91,"diesel":1.966,"dieselRenewable":2.086},"extra":{"saleType":"P","margin":"I","reportingType":"OM","ideess":"2290","idMunicipio":"994","idProvincia":"08","idCCAA":"09"}}},{"type":"Feature","geometry":{"type":"Point","coordinates":[2.165778,41.470639]},"properties":{"id":"es-2295","source":"ES","brand":"BP PORTAL DEL VALLES DCHA.","address":"CR A-18 BARC.-TARR.DCHA. KM  2,8","municipality":"Montcada i Reixac","province":"BARCELONA","postalCode":"08110","schedule":"L-D: 24H","fuels":{"gasoline95":1.709,"gasoline98":1.839,"diesel":1.859,"dieselPremium":1.949,"adblue":0.989},"extra":{"saleType":"P","margin":"D","reportingType":"dm","ideess":"2295","idMunicipio":"994","idProvincia":"08","idCCAA":"09"}}},{"type":"Feature","geometry":{"type":"Point","coordinates":[2.100972,41.560972]},"properties":{"id":"es-2296","source":"ES","brand":"REPSOL","address":"CALLE PRATS LLUSANES - ESQ. C. URGEL, S/N","municipality":"Sabadell","province":"BARCELONA","postalCode":"08208","schedule":"L-D: 05:00-23:00","fuels":{"gasoline95":1.8,"gasoline95Premium":1.87,"gasoline98":1.93,"diesel":1.94,"dieselRenewable":2.06},"extra":{"saleType":"P","margin":"D","reportingType":"OM","ideess":"2296","idMunicipio":"1052","idProvincia":"08","idCCAA":"09"}}},{"type":"Feature","geometry":{"type":"Point","coordinates":[2.217333,41.454222]},"properties":{"id":"es-2297","source":"ES","brand":"BALLENOIL","address":"CALLE MOZART, 24","municipality":"Santa Coloma de Gramenet","province":"BARCELONA","postalCode":"08921","schedule":"L-D: 24H","fuels":{"gasoline95":1.629,"gasoline95Premium":1.639,"diesel":1.759,"dieselPremium":1.769},"extra":{"saleType":"P","margin":"N","reportingType":"OM","ideess":"2297","idMunicipio":"1111","idProvincia":"08","idCCAA":"09"}}},{"type":"Feature","geometry":{"type":"Point","coordinates":[2.309139,41.596694]},"properties":{"id":"es-2300","source":"ES","brand":"REPSOL","address":"CR C-1415, 17,4","municipality":"Roca del Vallès (La)","province":"BARCELONA","postalCode":"08430","schedule":"L-D: 24H","fuels":{"gasoline95":1.796,"gasoline95Premium":1.876,"gasoline98":1.926,"diesel":1.97,"dieselRenewable":2.09,"lpg":1.049},"extra":{"saleType":"P","margin":"I","reportingType":"OM","ideess":"2300","idMunicipio":"1047","idProvincia":"08","idCCAA":"09"}}},{"type":"Feature","geometry":{"type":"Point","coordinates":[2.731972,41.892056]},"properties":{"id":"es-2302","source":"ES","brand":"\"BP\"","address":"CARRETERA GIRONA SANTA COLOAM FARNERS KM. 13","municipality":"Vilobí d'Onyar","province":"GIRONA","postalCode":"17185","schedule":"L-S: 06:00-22:00; D: 07:00-22:00","fuels":{"gasoline95":1.849,"gasoline98":1.979,"diesel":1.919,"dieselPremium":1.989,"dieselB":1.749},"extra":{"saleType":"P","margin":"I","reportingType":"dm","ideess":"2302","idMunicipio":"2669","idProvincia":"17","idCCAA":"09"}}},{"type":"Feature","geometry":{"type":"Point","coordinates":[2.042083,41.484917]},"properties":{"id":"es-2303","source":"ES","brand":"JULIA-OIL","address":"CARRETERA RUBI A SANT CUGAT BP-1503 KM. 18,4","municipality":"Rubí","province":"BARCELONA","postalCode":"08191","schedule":"L-D: 24H","fuels":{"gasoline95":1.669,"gasoline98":1.799,"diesel":1.799,"dieselPremium":1.799,"adblue":0.99},"extra":{"saleType":"P","margin":"I","reportingType":"dm","ideess":"2303","idMunicipio":"1049","idProvincia":"08","idCCAA":"09"}}},{"type":"Feature","geometry":{"type":"Point","coordinates":[2.161444,41.439306]},"properties":{"id":"es-2305","source":"ES","brand":"REPSOL","address":"PASEO VALLDAURA, 106","municipality":"Barcelona","province":"BARCELONA","postalCode":"08031","schedule":"L-D: 24H","fuels":{"gasoline95":1.796,"gasoline98":1.926,"diesel":1.97,"dieselRenewable":2.09},"extra":{"saleType":"P","margin":"D","reportingType":"OM","ideess":"2305","idMunicipio":"881","idProvincia":"08","idCCAA":"09"}}},{"type":"Feature","geometry":{"type":"Point","coordinates":[2.129583,41.385972]},"properties":{"id":"es-2306","source":"ES","brand":"BP DANI","address":"CALLE JOAN GÜELL, 207","municipality":"Barcelona","province":"BARCELONA","postalCode":"08028","schedule":"L-D: 06:00-22:00","fuels":{"gasoline95":1.789,"gasoline98":1.929,"diesel":1.989,"dieselPremium":2.079,"adblue":1.375},"extra":{"saleType":"P","margin":"D","reportingType":"OM","ideess":"2306","idMunicipio":"881","idProvincia":"08","idCCAA":"09"}}},{"type":"Feature","geometry":{"type":"Point","coordinates":[2.222167,41.547861]},"properties":{"id":"es-2307","source":"ES","brand":"REPSOL","address":"CARRER DEL BOSC, 16","municipality":"Mollet del Vallès","province":"BARCELONA","postalCode":"08100","schedule":"L-D: 24H","fuels":{"gasoline95":1.77,"gasoline98":1.9,"diesel":1.966,"dieselPremium":2.036},"extra":{"saleType":"P","margin":"D","reportingType":"OM","ideess":"2307","idMunicipio":"991","idProvincia":"08","idCCAA":"09"}}},{"type":"Feature","geometry":{"type":"Point","coordinates":[2.201472,41.435833]},"properties":{"id":"es-2308","source":"ES","brand":"REPSOL","address":"CALLE SANT ADRIA, 81","municipality":"Barcelona","province":"BARCELONA","postalCode":"08030","schedule":"L-S: 06:00-22:00; D: 07:00-15:00","fuels":{"gasoline95":1.719,"gasoline95E10":1.819,"gasoline98":1.889,"diesel":1.895,"dieselRenewable":2.015},"extra":{"saleType":"P","margin":"D","reportingType":"dm","ideess":"2308","idMunicipio":"881","idProvincia":"08","idCCAA":"09"}}},{"type":"Feature","geometry":{"type":"Point","coordinates":[2.811028,41.962472]},"properties":{"id":"es-2309","source":"ES","brand":"REPSOL","address":"CALLE BARCELONA, 208","municipality":"Girona","province":"GIRONA","postalCode":"17001","schedule":"L-D: 24H","fuels":{"gasoline95":1.84,"gasoline95Premium":1.91,"gasoline98":1.96,"diesel":1.916,"dieselPremium":1.976,"lpg":1.109},"extra":{"saleType":"P","margin":"D","reportingType":"OM","ideess":"2309","idMunicipio":"2524","idProvincia":"17","idCCAA":"09"}}},{"type":"Feature","geometry":{"type":"Point","coordinates":[2.118306,41.534278]},"properties":{"id":"es-2310","source":"ES","brand":"BALLENOIL","address":" TIRSO DE MOLINA, 2-6, 2","municipality":"Sabadell","province":"BARCELONA","postalCode":"08203","schedule":"L-D: 24H","fuels":{"gasoline95":1.609,"gasoline95Premium":1.619,"diesel":1.689,"dieselPremium":1.699},"extra":{"saleType":"P","margin":"N","reportingType":"OM","ideess":"2310","idMunicipio":"1052","idProvincia":"08","idCCAA":"09"}}},{"type":"Feature","geometry":{"type":"Point","coordinates":[2.006861,41.400306]},"properties":{"id":"es-2315","source":"ES","brand":"PANDORA ENERGY","address":"CALLE BARCELONA, 298","municipality":"Sant Vicenç dels Horts","province":"BARCELONA","postalCode":"08620","schedule":"L-D: 24H","fuels":{"gasoline95":1.539,"diesel":1.679},"extra":{"saleType":"P","margin":"N","reportingType":"dm","ideess":"2315","idMunicipio":"1108","idProvincia":"08","idCCAA":"09"}}},{"type":"Feature","geometry":{"type":"Point","coordinates":[2.689944,41.629306]},"properties":{"id":"es-2317","source":"ES","brand":"E.S. PINEDA DE MAR","address":"CARRETERA N-II KM. 671","municipality":"Pineda de Mar","province":"BARCELONA","postalCode":"08397","schedule":"L-D: 24H","fuels":{"gasoline95":1.579,"gasoline98":1.729,"diesel":1.769,"dieselPremium":1.799,"adblue":0.899},"extra":{"saleType":"P","margin":"I","reportingType":"dm","ideess":"2317","idMunicipio":"1028","idProvincia":"08","idCCAA":"09"}}},{"type":"Feature","geometry":{"type":"Point","coordinates":[2.096972,41.477306]},"properties":{"id":"es-2318","source":"ES","brand":"BP CAN SOLA","address":"CARRETERA CERDANYOLA KM. 108","municipality":"Sant Cugat del Vallès","province":"BARCELONA","postalCode":"08190","schedule":"L-D: 24H","fuels":{"gasoline95":1.779,"gasoline98":1.919,"diesel":1.989,"dieselPremium":2.079},"extra":{"saleType":"P","margin":"N","reportingType":"OM","ideess":"2318","idMunicipio":"1067","idProvincia":"08","idCCAA":"09"}}},{"type":"Feature","geometry":{"type":"Point","coordinates":[2.206111,41.4325]},"properties":{"id":"es-2322","source":"ES","brand":"REPSOL","address":"CL F.JUNIP.SERRA ESQU.SANTANDER, 91","municipality":"Barcelona","province":"BARCELONA","postalCode":"08030","schedule":"L-V: 07:30-13:30 y 16:30-19:00","fuels":{"gasoline95":1.78,"gasoline98":1.96,"diesel":1.956,"dieselRenewable":2.076},"extra":{"saleType":"P","margin":"D","reportingType":"OM","ideess":"2322","idMunicipio":"881","idProvincia":"08","idCCAA":"09"}}},{"type":"Feature","geometry":{"type":"Point","coordinates":[2.185278,41.491667]},"properties":{"id":"es-2323","source":"ES","brand":"REPSOL","address":"CARRETERA N-152 KM. 11,9","municipality":"Montcada i Reixac","province":"BARCELONA","postalCode":"08110","schedule":"L-D: 06:00-22:00","fuels":{"gasoline95":1.776,"gasoline98":1.956,"diesel":1.96,"dieselRenewable":2.08,"lpg":1.055},"extra":{"saleType":"P","margin":"D","reportingType":"OM","ideess":"2323","idMunicipio":"994","idProvincia":"08","idCCAA":"09"}}},{"type":"Feature","geometry":{"type":"Point","coordinates":[2.486083,41.680667]},"properties":{"id":"es-2324","source":"ES","brand":"REPSOL","address":"CARRETERA C-35 KM. 55,100","municipality":"Sant Celoni","province":"BARCELONA","postalCode":"08470","schedule":"L-D: 05:00-23:00","fuels":{"gasoline95":1.779,"gasoline98":1.929,"diesel":1.939,"dieselRenewable":2.019},"extra":{"saleType":"P","margin":"I","reportingType":"dm","ideess":"2324","idMunicipio":"1065","idProvincia":"08","idCCAA":"09"}}},{"type":"Feature","geometry":{"type":"Point","coordinates":[2.051111,41.394056]},"properties":{"id":"es-2329","source":"ES","brand":"SERVICIOS PETROLIFEROS","address":"CARRETERA DE LA SANSON, NUMERO 78 KM. 78","municipality":"Sant Feliu de Llobregat","province":"BARCELONA","postalCode":"08980","schedule":"L-D: 24H","fuels":{"gasoline95":1.645,"diesel":1.785,"adblue":0.855},"extra":{"saleType":"P","margin":"N","reportingType":"dm","ideess":"2329","idMunicipio":"1072","idProvincia":"08","idCCAA":"09"}}},{"type":"Feature","geometry":{"type":"Point","coordinates":[2.103361,41.530222]},"properties":{"id":"es-2331","source":"ES","brand":"REPSOL","address":"CALLE DOMENECH I MONTANER, 96","municipality":"Sabadell","province":"BARCELONA","postalCode":"08205","schedule":"L-D: 06:00-22:00","fuels":{"gasoline95":1.78,"gasoline98":1.92,"diesel":1.96,"dieselRenewable":2.08},"extra":{"saleType":"P","margin":"D","reportingType":"OM","ideess":"2331","idMunicipio":"1052","idProvincia":"08","idCCAA":"09"}}},{"type":"Feature","geometry":{"type":"Point","coordinates":[2.171,41.443639]},"properties":{"id":"es-2333","source":"ES","brand":"BP VIA FAVENCIA","address":"CL VIA FAVENCIA  75 - 121","municipality":"Barcelona","province":"BARCELONA","postalCode":"08042","schedule":"L-D: 24H","fuels":{"gasoline95":1.799,"gasoline98":1.939,"diesel":1.999,"dieselPremium":2.089},"extra":{"saleType":"P","margin":"N","reportingType":"OM","ideess":"2333","idMunicipio":"881","idProvincia":"08","idCCAA":"09"}}},{"type":"Feature","geometry":{"type":"Point","coordinates":[2.228722,41.453222]},"properties":{"id":"es-2335","source":"ES","brand":"REPSOL","address":"RAMBLA SANT JOAN, 117","municipality":"Badalona","province":"BARCELONA","postalCode":"08914","schedule":"L-D: 06:00-22:00","fuels":{"gasoline95":1.78,"gasoline98":1.91,"diesel":1.966,"dieselRenewable":2.086},"extra":{"saleType":"P","margin":"D","reportingType":"OM","ideess":"2335","idMunicipio":"875","idProvincia":"08","idCCAA":"09"}}},{"type":"Feature","geometry":{"type":"Point","coordinates":[2.151028,41.500306]},"properties":{"id":"es-2337","source":"ES","brand":"REPSOL","address":"CARRETERA SANTIGA KM. 0,430","municipality":"Ripollet","province":"BARCELONA","postalCode":"08291","schedule":"L-D: 06:00-22:00","fuels":{"gasoline95":1.759,"gasoline95Premium":1.799,"gasoline98":1.899,"diesel":1.939,"dieselRenewable":2.049,"lpg":1.069},"extra":{"saleType":"P","margin":"I","reportingType":"dm","ideess":"2337","idMunicipio":"1046","idProvincia":"08","idCCAA":"09"}}},{"type":"Feature","geometry":{"type":"Point","coordinates":[2.130083,41.367639]},"properties":{"id":"es-2339","source":"ES","brand":"REPSOL","address":"CALLE SANTA EULALIA, 27","municipality":"Hospitalet de Llobregat (L')","province":"BARCELONA","postalCode":"08902","schedule":"L-D: 06:00-22:00","fuels":{"gasoline95":1.799,"gasoline98":1.929,"diesel":1.959,"dieselPremium":2.079},"extra":{"saleType":"P","margin":"D","reportingType":"dm","ideess":"2339","idMunicipio":"965","idProvincia":"08","idCCAA":"09"}}},{"type":"Feature","geometry":{"type":"Point","coordinates":[2.195889,41.458667]},"properties":{"id":"es-2343","source":"ES","brand":"VILACARBURANTS","address":"AVENIDA FRANCESC MACIA, 226","municipality":"Santa Coloma de Gramenet","province":"BARCELONA","postalCode":"08924","schedule":"L-D: 24H","fuels":{"gasoline95":1.625,"gasoline98":1.76,"diesel":1.775,"dieselPremium":1.835,"adblue":0.919},"extra":{"saleType":"P","margin":"D","reportingType":"dm","ideess":"2343","idMunicipio":"1111","idProvincia":"08","idCCAA":"09"}}},{"type":"Feature","geometry":{"type":"Point","coordinates":[2.166611,41.526417]},"properties":{"id":"es-2344","source":"ES","brand":"REPSOL","address":"CR AUTOPISTA AP-7  KM 144.1","municipality":"Santa Perpètua de Mogoda","province":"BARCELONA","postalCode":"08130","schedule":"L-D: 24H","fuels":{"gasoline95":1.77,"gasoline98":1.9,"diesel":1.966,"dieselRenewable":2.086,"lpg":1.049},"extra":{"saleType":"P","margin":"D","reportingType":"OM","ideess":"2344","idMunicipio":"1125","idProvincia":"08","idCCAA":"09"}}},{"type":"Feature","geometry":{"type":"Point","coordinates":[2.166611,41.469389]},"properties":{"id":"es-2347","source":"ES","brand":"BP PORTAL DEL VALLES IZDA.","address":"CR C-58 TARR.-BARCEL. IZ. KM  2,8","municipality":"Montcada i Reixac","province":"BARCELONA","postalCode":"08110","schedule":"L-D: 24H","fuels":{"gasoline95":1.709,"gasoline98":1.839,"diesel":1.859,"dieselPremium":1.949,"adblue":0.989},"extra":{"saleType":"P","margin":"I","reportingType":"dm","ideess":"2347","idMunicipio":"994","idProvincia":"08","idCCAA":"09"}}},{"type":"Feature","geometry":{"type":"Point","coordinates":[2.82375,41.97525]},"properties":{"id":"es-2352","source":"ES","brand":"REPSOL","address":"CALLE CRUZ, S/N","municipality":"Girona","province":"GIRONA","postalCode":"17002","schedule":"L-D: 06:00-22:00","fuels":{"gasoline95":1.846,"gasoline98":1.976,"diesel":1.906,"dieselPremium":2.026},"extra":{"saleType":"P","margin":"D","reportingType":"OM","ideess":"2352","idMunicipio":"2524","idProvincia":"17","idCCAA":"09"}}},{"type":"Feature","geometry":{"type":"Point","coordinates":[2.031806,41.324861]},"properties":{"id":"es-2354","source":"ES","brand":"BP MOLMAR","address":"CR C-245  GARRAF-BARCELONA KM  8,9 (CARRETERA km 179)","municipality":"Sant Boi de Llobregat","province":"BARCELONA","postalCode":"08830","schedule":"L-V: 06:00-22:00; S-D: 06:00-14:00","fuels":{"gasoline95":1.809,"gasoline98":1.949,"diesel":1.959,"dieselPremium":2.049},"extra":{"saleType":"P","margin":"D","reportingType":"dm","ideess":"2354","idMunicipio":"1062","idProvincia":"08","idCCAA":"09"}}},{"type":"Feature","geometry":{"type":"Point","coordinates":[2.099056,41.333306]},"properties":{"id":"es-2414","source":"ES","brand":"BP EL PRAT","address":"AVENIDA JOSEP ANSELM CLAVE, 106","municipality":"Prat de Llobregat (El)","province":"BARCELONA","postalCode":"08820","schedule":"L-D: 06:00-22:00","fuels":{"gasoline95":1.839,"gasoline98":1.98,"diesel":1.999,"dieselPremium":2.088},"extra":{"saleType":"P","margin":"N","reportingType":"dm","ideess":"2414","idMunicipio":"1035","idProvincia":"08","idCCAA":"09"}}},{"type":"Feature","geometry":{"type":"Point","coordinates":[2.192778,41.399333]},"properties":{"id":"es-2422","source":"ES","brand":"BP ALMOGAVARES","address":"CL ALMOGAVARES  159 - 161","municipality":"Barcelona","province":"BARCELONA","postalCode":"08018","schedule":"L-J: 06:00-22:00; V: 06:00-23:00; S-D: 10:00-14:30 y 15:30-21:00","fuels":{"gasoline95":1.739,"gasoline98":1.889,"diesel":1.889,"dieselPremium":1.979},"extra":{"saleType":"P","margin":"N","reportingType":"dm","ideess":"2422","idMunicipio":"881","idProvincia":"08","idCCAA":"09"}}},{"type":"Feature","geometry":{"type":"Point","coordinates":[2.232111,41.431083]},"properties":{"id":"es-2423","source":"ES","brand":"REPSOL","address":"CL INDUSTRIA, 629","municipality":"Badalona","province":"BARCELONA","postalCode":"08912","schedule":"L-D: 05:00-23:00","fuels":{"gasoline95":1.77,"gasoline98":1.9,"diesel":1.966,"dieselRenewable":2.086,"lpg":1.049},"extra":{"saleType":"P","margin":"D","reportingType":"OM","ideess":"2423","idMunicipio":"875","idProvincia":"08","idCCAA":"09"}}},{"type":"Feature","geometry":{"type":"Point","coordinates":[2.264556,41.458417]},"properties":{"id":"es-2425","source":"ES","brand":"BP BADALONA","address":"CARRETERA DE MATARO KM. 30","municipality":"Badalona","province":"BARCELONA","postalCode":"08911","schedule":"L-D: 24H","fuels":{"gasoline95":1.779,"gasoline98":1.919,"diesel":1.989,"dieselPremium":2.079},"extra":{"saleType":"P","margin":"N","reportingType":"OM","ideess":"2425","idMunicipio":"875","idProvincia":"08","idCCAA":"09"}}},{"type":"Feature","geometry":{"type":"Point","coordinates":[2.740917,41.781139]},"properties":{"id":"es-2432","source":"ES","brand":"GALP","address":" C-35  KM.82,5, ","municipality":"Maçanet de la Selva","province":"GIRONA","postalCode":"17412","schedule":"L-D: 06:00-22:00","fuels":{"gasoline95":1.829,"gasoline98":1.969,"diesel":1.919,"dieselPremium":2.019,"lpg":1.109,"cng":1.659,"adblue":1.089},"extra":{"saleType":"P","margin":"N","reportingType":"dm","ideess":"2432","idMunicipio":"2543","idProvincia":"17","idCCAA":"09"}}},{"type":"Feature","geometry":{"type":"Point","coordinates":[2.798528,41.973472]},"properties":{"id":"es-2439","source":"ES","brand":"MEROIL","address":"PASEO PAISOS CATALANS, 57","municipality":"Salt","province":"GIRONA","postalCode":"17190","schedule":"L: 06:00-22:00","fuels":{"gasoline95":1.637,"gasoline98":1.988,"diesel":1.843,"dieselPremium":1.999},"extra":{"saleType":"P","margin":"N","reportingType":"OM","ideess":"2439","idMunicipio":"2595","idProvincia":"17","idCCAA":"09"}}},{"type":"Feature","geometry":{"type":"Point","coordinates":[2.928333,41.721806]},"properties":{"id":"es-2440","source":"ES","brand":"E.S. TOSSA DE MAR","address":"AVENIDA PUERTO RICO, 1","municipality":"Tossa de Mar","province":"GIRONA","postalCode":"17320","schedule":"L-D: 07:00-22:00","fuels":{"gasoline95":1.839,"gasoline98":1.979,"diesel":1.924,"dieselPremium":2.014,"adblue":0.96},"extra":{"saleType":"P","margin":"I","reportingType":"dm","ideess":"2440","idMunicipio":"2640","idProvincia":"17","idCCAA":"09"}}},{"type":"Feature","geometry":{"type":"Point","coordinates":[2.542056,41.575167]},"properties":{"id":"es-2441","source":"ES","brand":"BP ARENYS DE MAR","address":"CR RA-2 KM  655,9","municipality":"Arenys de Mar","province":"BARCELONA","postalCode":"08350","schedule":"L-D: 24H","fuels":{"gasoline95":1.779,"gasoline98":1.919,"diesel":1.979,"dieselPremium":2.069},"extra":{"saleType":"P","margin":"N","reportingType":"OM","ideess":"2441","idMunicipio":"867","idProvincia":"08","idCCAA":"09"}}},{"type":"Feature","geometry":{"type":"Point","coordinates":[2.998861,41.811417]},"properties":{"id":"es-2446","source":"ES","brand":"RIU D'OR","address":"CL TEULERA , 15","municipality":"Santa Cristina d'Aro","province":"GIRONA","postalCode":"17246","schedule":"L-S: 7:00-22:00","fuels":{"gasoline95":1.839,"gasoline98":1.978,"diesel":1.915,"dieselPremium":1.999},"extra":{"saleType":"P","margin":"N","reportingType":"dm","ideess":"2446","idMunicipio":"2621","idProvincia":"17","idCCAA":"09"}}},{"type":"Feature","geometry":{"type":"Point","coordinates":[2.187306,41.405833]},"properties":{"id":"es-2455","source":"ES","brand":"BALLENOIL","address":"CALLE CLOT, 2","municipality":"Barcelona","province":"BARCELONA","postalCode":"08018","schedule":"L-D: 24H","fuels":{"gasoline95":1.599,"gasoline95Premium":1.609,"diesel":1.689,"dieselPremium":1.699},"extra":{"saleType":"P","margin":"N","reportingType":"OM","ideess":"2455","idMunicipio":"881","idProvincia":"08","idCCAA":"09"}}},{"type":"Feature","geometry":{"type":"Point","coordinates":[2.024278,41.558444]},"properties":{"id":"es-2456","source":"ES","brand":"REPSOL","address":"CALLE COLON, 123","municipality":"Terrassa","province":"BARCELONA","postalCode":"08222","schedule":"L: 06:00-23:59","fuels":{"gasoline95":1.789,"gasoline98":1.969,"diesel":1.969,"dieselRenewable":2.079,"lpg":1.039},"extra":{"saleType":"P","margin":"D","reportingType":"dm","ideess":"2456","idMunicipio":"1141","idProvincia":"08","idCCAA":"09"}}},{"type":"Feature","geometry":{"type":"Point","coordinates":[2.024056,41.558833]},"properties":{"id":"es-2457","source":"ES","brand":"REPSOL","address":"CALLE COLON, 125","municipality":"Terrassa","province":"BARCELONA","postalCode":"08222","schedule":"L-V: 07:00-21:00; S-D: 08:00-16:00","fuels":{"gasoline95":1.789,"gasoline98":1.969,"diesel":1.969,"dieselRenewable":2.079},"extra":{"saleType":"P","margin":"I","reportingType":"dm","ideess":"2457","idMunicipio":"1141","idProvincia":"08","idCCAA":"09"}}},{"type":"Feature","geometry":{"type":"Point","coordinates":[2.52,41.817639]},"properties":{"id":"es-2462","source":"ES","brand":"REPSOL","address":"CARRETERA CARRETERA SANT HILARI ARBÚCIES KM 16.300 KM. 16,300","municipality":"Arbúcies","province":"GIRONA","postalCode":"17401","schedule":"L-D: 06:00-22:00","fuels":{"gasoline95":1.826,"gasoline98":1.956,"diesel":1.926,"dieselPremium":2.036},"extra":{"saleType":"P","margin":"D","reportingType":"OM","ideess":"2462","idMunicipio":"2457","idProvincia":"17","idCCAA":"09"}}},{"type":"Feature","geometry":{"type":"Point","coordinates":[2.297667,41.649944]},"properties":{"id":"es-2467","source":"ES","brand":"REPSOL","address":"CR N-152, 33","municipality":"Franqueses del Vallès (Les)","province":"BARCELONA","postalCode":"08520","schedule":"L-D: 06:00-22:00","fuels":{"gasoline95":1.79,"gasoline98":1.92,"diesel":1.966,"dieselRenewable":2.086},"extra":{"saleType":"P","margin":"I","reportingType":"OM","ideess":"2467","idMunicipio":"951","idProvincia":"08","idCCAA":"09"}}},{"type":"Feature","geometry":{"type":"Point","coordinates":[2.187417,41.416944]},"properties":{"id":"es-2470","source":"ES","brand":"REPSOL","address":"AVENIDA MERIDIANA, 247","municipality":"Barcelona","province":"BARCELONA","postalCode":"08027","schedule":"L-D: 06:00-22:00","fuels":{"gasoline95":1.79,"gasoline95Premium":1.86,"gasoline98":1.92,"diesel":1.96,"dieselRenewable":2.08},"extra":{"saleType":"P","margin":"D","reportingType":"OM","ideess":"2470","idMunicipio":"881","idProvincia":"08","idCCAA":"09"}}},{"type":"Feature","geometry":{"type":"Point","coordinates":[2.167694,41.627472]},"properties":{"id":"es-2472","source":"ES","brand":"REPSOL","address":"CALLE PI Y MARGALL, 118","municipality":"Caldes de Montbui","province":"BARCELONA","postalCode":"08140","schedule":"L-D: 06:00-22:00","fuels":{"gasoline95":1.766,"gasoline98":1.896,"diesel":1.96,"dieselRenewable":2.08},"extra":{"saleType":"P","margin":"D","reportingType":"OM","ideess":"2472","idMunicipio":"895","idProvincia":"08","idCCAA":"09"}}},{"type":"Feature","geometry":{"type":"Point","coordinates":[2.896528,41.828833]},"properties":{"id":"es-2478","source":"ES","brand":"REPSOL","address":"CARRETERA C-250 KM. 19","municipality":"Llagostera","province":"GIRONA","postalCode":"17240","schedule":"L-D: 06:00-22:00","fuels":{"gasoline95":1.83,"gasoline98":2.01,"diesel":1.916,"dieselPremium":2.026},"extra":{"saleType":"P","margin":"I","reportingType":"OM","ideess":"2478","idMunicipio":"2534","idProvincia":"17","idCCAA":"09"}}},{"type":"Feature","geometry":{"type":"Point","coordinates":[2.064472,41.380083]},"properties":{"id":"es-2479","source":"ES","brand":"REPSOL","address":"CARRETERA NACIONAL 340 KM. 1249,900","municipality":"Sant Just Desvern","province":"BARCELONA","postalCode":"08960","schedule":"L-S: 06:00-22:00; D: 07:00-22:00","fuels":{"gasoline95":1.759,"gasoline98":1.999,"diesel":1.899,"dieselPremium":1.97},"extra":{"saleType":"P","margin":"I","reportingType":"dm","ideess":"2479","idMunicipio":"1083","idProvincia":"08","idCCAA":"09"}}},{"type":"Feature","geometry":{"type":"Point","coordinates":[2.216861,41.433361]},"properties":{"id":"es-2480","source":"ES","brand":"REPSOL","address":"CL AVENIDA ALFONSO XIII, 628","municipality":"Badalona","province":"BARCELONA","postalCode":"08914","schedule":"L-D: 24H","fuels":{"gasoline95":1.776,"gasoline98":1.956,"diesel":1.96,"dieselRenewable":2.08},"extra":{"saleType":"P","margin":"D","reportingType":"OM","ideess":"2480","idMunicipio":"875","idProvincia":"08","idCCAA":"09"}}},{"type":"Feature","geometry":{"type":"Point","coordinates":[2.1325,41.392444]},"properties":{"id":"es-2485","source":"ES","brand":"REPSOL","address":"AVENIDA SARRIA, 126","municipality":"Barcelona","province":"BARCELONA","postalCode":"08017","schedule":"L-D: 24H","fuels":{"gasoline95":1.786,"gasoline95Premium":1.846,"gasoline98":1.906,"diesel":1.96,"dieselRenewable":2.08,"lpg":1.089},"extra":{"saleType":"P","margin":"D","reportingType":"OM","ideess":"2485","idMunicipio":"881","idProvincia":"08","idCCAA":"09"}}},{"type":"Feature","geometry":{"type":"Point","coordinates":[2.188306,41.443778]},"properties":{"id":"es-2488","source":"ES","brand":"REPSOL","address":"CALLE GRAN DE SANT ANDREU, 513","municipality":"Barcelona","province":"BARCELONA","postalCode":"08030","schedule":"L-D: 06:00-22:00","fuels":{"gasoline95":1.78,"gasoline98":1.91,"diesel":1.966,"dieselRenewable":2.086},"extra":{"saleType":"P","margin":"D","reportingType":"OM","ideess":"2488","idMunicipio":"881","idProvincia":"08","idCCAA":"09"}}},{"type":"Feature","geometry":{"type":"Point","coordinates":[2.250167,41.553694]},"properties":{"id":"es-2490","source":"ES","brand":"CAMPSA EXPRESS","address":"CARRER VIC, 69","municipality":"Montmeló","province":"BARCELONA","postalCode":"08160","schedule":"L-D: 00:00-22:00","fuels":{"gasoline95":1.53,"gasoline98":1.67,"diesel":1.7,"dieselPremium":1.81},"extra":{"saleType":"P","margin":"D","reportingType":"OM","ideess":"2490","idMunicipio":"1000","idProvincia":"08","idCCAA":"09"}}},{"type":"Feature","geometry":{"type":"Point","coordinates":[2.435889,41.529972]},"properties":{"id":"es-2494","source":"ES","brand":"BP ESTACION SERVICIO MATARO","address":"AVENIDA MARESME, 1","municipality":"Mataró","province":"BARCELONA","postalCode":"08302","schedule":"L-D: 24H","fuels":{"gasoline95":1.779,"gasoline98":1.918,"diesel":1.958,"dieselPremium":2.049,"adblue":1.003},"extra":{"saleType":"P","margin":"I","reportingType":"dm","ideess":"2494","idMunicipio":"987","idProvincia":"08","idCCAA":"09"}}},{"type":"Feature","geometry":{"type":"Point","coordinates":[2.192528,41.480417]},"properties":{"id":"es-2497","source":"ES","brand":"REPSOL","address":"CARRETERA SANT ADRIA  ROCA KM. 7","municipality":"Montcada i Reixac","province":"BARCELONA","postalCode":"08110","schedule":"L-D: 05:00-23:00","fuels":{"gasoline95":1.776,"gasolineRenewable":1.896,"diesel":1.966,"dieselPremium":2.036},"extra":{"saleType":"P","margin":"D","reportingType":"OM","ideess":"2497","idMunicipio":"994","idProvincia":"08","idCCAA":"09"}}},{"type":"Feature","geometry":{"type":"Point","coordinates":[2.868111,41.891611]},"properties":{"id":"es-2499","source":"ES","brand":"RABELL","address":"CARRETERA CR C-250 GERONA-SAN FELIU KM. 11,800","municipality":"Cassà de la Selva","province":"GIRONA","postalCode":"17244","schedule":"L-D: 06:00-22:00","fuels":{"gasoline95":1.839,"gasoline98":1.979,"diesel":1.909,"dieselPremium":1.999,"dieselB":1.689,"adblue":0.97},"extra":{"saleType":"P","margin":"N","reportingType":"dm","ideess":"2499","idMunicipio":"2490","idProvincia":"17","idCCAA":"09"}}},{"type":"Feature","geometry":{"type":"Point","coordinates":[2.048222,41.275028]},"properties":{"id":"es-2501","source":"ES","brand":"REPSOL","address":"CR C-31, 186,58","municipality":"Viladecans","province":"BARCELONA","postalCode":"08840","schedule":"L-D: 06:00-22:00","fuels":{"gasoline95":1.796,"gasoline98":1.926,"diesel":1.94,"dieselRenewable":2.06,"lpg":1.089},"extra":{"saleType":"P","margin":"I","reportingType":"OM","ideess":"2501","idMunicipio":"1160","idProvincia":"08","idCCAA":"09"}}},{"type":"Feature","geometry":{"type":"Point","coordinates":[2.59175,41.590556]},"properties":{"id":"es-2507","source":"ES","brand":"REPSOL","address":"CR N-2, 660,7","municipality":"Canet de Mar","province":"BARCELONA","postalCode":"08360","schedule":"L-D: 06:00-22:00","fuels":{"gasoline95":1.766,"gasoline98":1.946,"diesel":1.95,"dieselRenewable":2.07},"extra":{"saleType":"P","margin":"D","reportingType":"OM","ideess":"2507","idMunicipio":"902","idProvincia":"08","idCCAA":"09"}}},{"type":"Feature","geometry":{"type":"Point","coordinates":[2.137944,41.402583]},"properties":{"id":"es-2508","source":"ES","brand":"MOEVE","address":"RONDA GENERAL MITRE, 128","municipality":"Barcelona","province":"BARCELONA","postalCode":"08021","schedule":"L-D: 06:00-22:00","fuels":{"gasoline95":1.789,"gasoline95Premium":1.879,"diesel":1.969,"dieselPremium":2.049},"extra":{"saleType":"P","margin":"D","reportingType":"OM","ideess":"2508","idMunicipio":"881","idProvincia":"08","idCCAA":"09"}}},{"type":"Feature","geometry":{"type":"Point","coordinates":[2.340139,41.634806]},"properties":{"id":"es-2509","source":"ES","brand":"REPSOL","address":"CARRETERA C-251 KM. 5,5","municipality":"Cardedeu","province":"BARCELONA","postalCode":"08440","schedule":"L-D: 06:00-22:00","fuels":{"gasoline95":1.8,"gasolineRenewable":1.92,"diesel":1.97,"dieselRenewable":2.09},"extra":{"saleType":"P","margin":"D","reportingType":"OM","ideess":"2509","idMunicipio":"908","idProvincia":"08","idCCAA":"09"}}},{"type":"Feature","geometry":{"type":"Point","coordinates":[2.339722,41.635222]},"properties":{"id":"es-2510","source":"ES","brand":"REPSOL","address":"CARRETERA C-251 KM. 5,5","municipality":"Cardedeu","province":"BARCELONA","postalCode":"08440","schedule":"L-D: 06:00-22:00","fuels":{"gasoline95":1.8,"gasoline95Premium":1.87,"gasoline98":1.93,"diesel":1.97,"dieselRenewable":2.09},"extra":{"saleType":"P","margin":"I","reportingType":"OM","ideess":"2510","idMunicipio":"908","idProvincia":"08","idCCAA":"09"}}},{"type":"Feature","geometry":{"type":"Point","coordinates":[2.84375,41.933361]},"properties":{"id":"es-2513","source":"ES","brand":"REPSOL","address":"CR C-250, 7,7","municipality":"Quart","province":"GIRONA","postalCode":"17242","schedule":"L-S: 06:00-22:00; D: 08:00-22:00","fuels":{"gasoline95":1.84,"gasoline98":1.99,"diesel":1.92,"dieselPremium":2.04,"lpg":1.109},"extra":{"saleType":"P","margin":"I","reportingType":"OM","ideess":"2513","idMunicipio":"2581","idProvincia":"17","idCCAA":"09"}}},{"type":"Feature","geometry":{"type":"Point","coordinates":[2.245583,41.928111]},"properties":{"id":"es-2515","source":"ES","brand":"REPSOL","address":"AVENIDA EIX 11 DE SETEMBRE, 12","municipality":"Vic","province":"BARCELONA","postalCode":"08500","schedule":"L-D: 24H","fuels":{"gasoline95":1.77,"gasoline98":1.91,"diesel":1.97,"dieselRenewable":2.09,"lpg":1.089},"extra":{"saleType":"P","margin":"D","reportingType":"OM","ideess":"2515","idMunicipio":"1158","idProvincia":"08","idCCAA":"09"}}},{"type":"Feature","geometry":{"type":"Point","coordinates":[2.244667,41.928167]},"properties":{"id":"es-2516","source":"ES","brand":"REPSOL","address":"AVINGUDA EIX 11 DE SETEMBRE, 12","municipality":"Vic","province":"BARCELONA","postalCode":"08500","schedule":"L-D: 06:00-22:00","fuels":{"gasoline95":1.77,"gasoline98":1.91,"diesel":1.97,"dieselPremium":2.04},"extra":{"saleType":"P","margin":"I","reportingType":"OM","ideess":"2516","idMunicipio":"1158","idProvincia":"08","idCCAA":"09"}}},{"type":"Feature","geometry":{"type":"Point","coordinates":[2.285083,41.551778]},"properties":{"id":"es-2517","source":"ES","brand":"REPSOL","address":"CARRETERA BV-5001 SANT ADRIA-LA ROCA KM. 19,9","municipality":"Vilanova del Vallès","province":"BARCELONA","postalCode":"08410","schedule":"L-D: 06:00-22:00","fuels":{"gasoline95":1.77,"gasoline98":1.9,"diesel":1.956,"dieselRenewable":2.076},"extra":{"saleType":"P","margin":"I","reportingType":"OM","ideess":"2517","idMunicipio":"1166","idProvincia":"08","idCCAA":"09"}}},{"type":"Feature","geometry":{"type":"Point","coordinates":[2.069528,41.477833]},"properties":{"id":"es-2518","source":"ES","brand":"REPSOL","address":"AVINGUDA RIUS I TAULET, 137","municipality":"Sant Cugat del Vallès","province":"BARCELONA","postalCode":"08190","schedule":"L-D: 24H","fuels":{"gasoline95":1.779,"gasoline98":1.909,"diesel":1.959,"dieselPremium":2.079},"extra":{"saleType":"P","margin":"D","reportingType":"dm","ideess":"2518","idMunicipio":"1067","idProvincia":"08","idCCAA":"09"}}},{"type":"Feature","geometry":{"type":"Point","coordinates":[2.83925,41.970028]},"properties":{"id":"es-2520","source":"ES","brand":"REPSOL","address":"CARRETERA SANT FELIU DE GUIXOLS KM. 2","municipality":"Girona","province":"GIRONA","postalCode":"17004","schedule":"L-D: 06:00-22:00","fuels":{"gasoline95":1.84,"gasoline98":2.02,"diesel":1.906,"dieselPremium":2.026},"extra":{"saleType":"P","margin":"D","reportingType":"OM","ideess":"2520","idMunicipio":"2524","idProvincia":"17","idCCAA":"09"}}},{"type":"Feature","geometry":{"type":"Point","coordinates":[2.457972,41.541694]},"properties":{"id":"es-2523","source":"ES","brand":"BALLENOIL","address":"CARRETERA CARRETERA N-2, Nº 647,9 KM. 647,9","municipality":"Mataró","province":"BARCELONA","postalCode":"08301","schedule":"L-D: 24H","fuels":{"gasoline95":1.579,"gasoline95Premium":1.589,"diesel":1.689,"dieselPremium":1.699},"extra":{"saleType":"P","margin":"N","reportingType":"OM","ideess":"2523","idMunicipio":"987","idProvincia":"08","idCCAA":"09"}}},{"type":"Feature","geometry":{"type":"Point","coordinates":[2.673861,41.857944]},"properties":{"id":"es-2524","source":"ES","brand":"BP J. LLAVARI SANTA COLOMA DE FARNERS","address":"CARRETERA SILS KM. 1","municipality":"Santa Coloma de Farners","province":"GIRONA","postalCode":"17430","schedule":"L-D: 06:30-21:30","fuels":{"gasoline95":1.799,"gasoline98":1.895,"diesel":1.899,"dieselPremium":1.975,"dieselB":1.686},"extra":{"saleType":"P","margin":"N","reportingType":"dm","ideess":"2524","idMunicipio":"2620","idProvincia":"17","idCCAA":"09"}}},{"type":"Feature","geometry":{"type":"Point","coordinates":[2.143667,41.352917]},"properties":{"id":"es-2527","source":"ES","brand":"REPSOL","address":"CL PASEO ZONA FRANCA, 35","municipality":"Barcelona","province":"BARCELONA","postalCode":"08038","schedule":"L-D: 06:00-22:00","fuels":{"gasoline95":1.786,"gasoline98":1.916,"diesel":1.96,"dieselRenewable":2.08},"extra":{"saleType":"P","margin":"D","reportingType":"OM","ideess":"2527","idMunicipio":"881","idProvincia":"08","idCCAA":"09"}}},{"type":"Feature","geometry":{"type":"Point","coordinates":[2.266944,41.738111]},"properties":{"id":"es-2531","source":"ES","brand":"REPSOL","address":"CARRETERA C-17 KM. 36,230","municipality":"Tagamanent","province":"BARCELONA","postalCode":"08593","schedule":"L-D: 06:00-22:00","fuels":{"gasoline95":1.77,"gasoline98":1.93,"diesel":1.96,"dieselRenewable":2.08,"lpg":1.049},"extra":{"saleType":"P","margin":"I","reportingType":"OM","ideess":"2531","idMunicipio":"1135","idProvincia":"08","idCCAA":"09"}}},{"type":"Feature","geometry":{"type":"Point","coordinates":[2.172444,41.434667]},"properties":{"id":"es-2535","source":"ES","brand":"REPSOL","address":"PASEO DOCTOR PI Y MOLIST, 110","municipality":"Barcelona","province":"BARCELONA","postalCode":"08016","schedule":"L-D: 24H","fuels":{"gasoline95":1.79,"gasoline98":1.92,"diesel":1.976,"dieselRenewable":2.096},"extra":{"saleType":"P","margin":"D","reportingType":"OM","ideess":"2535","idMunicipio":"881","idProvincia":"08","idCCAA":"09"}}},{"type":"Feature","geometry":{"type":"Point","coordinates":[2.175167,41.396722]},"properties":{"id":"es-2540","source":"ES","brand":"REPSOL","address":"CALLE DIPUTACION, 371","municipality":"Barcelona","province":"BARCELONA","postalCode":"08013","schedule":"L-D: 24H","fuels":{"gasoline95":1.839,"gasoline98":2.039,"diesel":1.979,"dieselRenewable":2.089},"extra":{"saleType":"P","margin":"D","reportingType":"dm","ideess":"2540","idMunicipio":"881","idProvincia":"08","idCCAA":"09"}}},{"type":"Feature","geometry":{"type":"Point","coordinates":[2.787,41.677611]},"properties":{"id":"es-2545","source":"ES","brand":"BP SANTA ANA","address":"CALLE ANSELM CLAVE, 66","municipality":"Blanes","province":"GIRONA","postalCode":"17300","schedule":"L-D: 06:00-22:00","fuels":{"gasoline95":1.809,"gasoline98":1.949,"diesel":1.959,"dieselPremium":2.049,"adblue":1.135},"extra":{"saleType":"P","margin":"N","reportingType":"OM","ideess":"2545","idMunicipio":"2470","idProvincia":"17","idCCAA":"09"}}},{"type":"Feature","geometry":{"type":"Point","coordinates":[2.62525,41.966806]},"properties":{"id":"es-2546","source":"ES","brand":"REPSOL","address":"CARRER CODINA, 1","municipality":"Cellera de Ter (La)","province":"GIRONA","postalCode":"17165","schedule":"L-S: 06:00-22:00; D: 07:00-14:00","fuels":{"gasoline95":1.849,"gasoline98":1.999,"diesel":1.949,"dieselPremium":2.049},"extra":{"saleType":"P","margin":"I","reportingType":"dm","ideess":"2546","idMunicipio":"2494","idProvincia":"17","idCCAA":"09"}}},{"type":"Feature","geometry":{"type":"Point","coordinates":[2.505806,41.878333]},"properties":{"id":"es-2547","source":"ES","brand":"\"BP\"","address":"PASEO FONT DEL CIRERER, 43","municipality":"Sant Hilari Sacalm","province":"GIRONA","postalCode":"17403","schedule":"L-S: 06:00-22:00; D: 07:00-22:00","fuels":{"gasoline95":1.849,"gasoline98":1.979,"diesel":1.919,"dieselPremium":1.989,"dieselB":1.749},"extra":{"saleType":"P","margin":"N","reportingType":"dm","ideess":"2547","idMunicipio":"2604","idProvincia":"17","idCCAA":"09"}}},{"type":"Feature","geometry":{"type":"Point","coordinates":[2.807417,41.952]},"properties":{"id":"es-2548","source":"ES","brand":"AVELLANEDA OIL 2","address":"TERRENOS AVELLANEDA, 465","municipality":"Girona","province":"GIRONA","postalCode":"17003","schedule":"L-D: 24H","fuels":{"gasoline95":1.639,"gasoline98":1.829,"diesel":1.759,"dieselPremium":1.859},"extra":{"saleType":"P","margin":"D","reportingType":"dm","ideess":"2548","idMunicipio":"2524","idProvincia":"17","idCCAA":"09"}}},{"type":"Feature","geometry":{"type":"Point","coordinates":[2.806306,41.951167]},"properties":{"id":"es-2549","source":"ES","brand":"AVELLANEDA OIL 1","address":"CALLE BARCELONA, 236","municipality":"Girona","province":"GIRONA","postalCode":"17005","schedule":"L-D: 24H","fuels":{"gasoline95":1.639,"gasoline98":1.829,"diesel":1.759,"dieselPremium":1.859},"extra":{"saleType":"P","margin":"I","reportingType":"dm","ideess":"2549","idMunicipio":"2524","idProvincia":"17","idCCAA":"09"}}},{"type":"Feature","geometry":{"type":"Point","coordinates":[2.519556,41.566139]},"properties":{"id":"es-2550","source":"ES","brand":"REPSOL","address":"CARRETERA N-2 KM. 654","municipality":"Sant Vicenç de Montalt","province":"BARCELONA","postalCode":"08394","schedule":"L-D: 06:00-22:00","fuels":{"gasoline95":1.776,"gasoline98":1.906,"diesel":1.95,"dieselRenewable":2.07},"extra":{"saleType":"P","margin":"D","reportingType":"OM","ideess":"2550","idMunicipio":"1106","idProvincia":"08","idCCAA":"09"}}},{"type":"Feature","geometry":{"type":"Point","coordinates":[2.111611,41.392889]},"properties":{"id":"es-2554","source":"ES","brand":"CEPSA","address":"AVENIDA DE ESPLUGUES, 103","municipality":"Barcelona","province":"BARCELONA","postalCode":"08034","schedule":"L-D: 24H","fuels":{"gasoline95":1.729,"gasoline98":1.869,"diesel":1.899,"dieselPremium":1.999},"extra":{"saleType":"P","margin":"N","reportingType":"dm","ideess":"2554","idMunicipio":"881","idProvincia":"08","idCCAA":"09"}}},{"type":"Feature","geometry":{"type":"Point","coordinates":[2.8085,41.978056]},"properties":{"id":"es-2557","source":"ES","brand":"REPSOL","address":"CALLE SANTA EUGENIA, 122","municipality":"Girona","province":"GIRONA","postalCode":"17006","schedule":"L-D: 06:00-22:00","fuels":{"gasoline95":1.846,"gasoline98":1.976,"diesel":1.91,"dieselPremium":2.03},"extra":{"saleType":"P","margin":"D","reportingType":"OM","ideess":"2557","idMunicipio":"2524","idProvincia":"17","idCCAA":"09"}}},{"type":"Feature","geometry":{"type":"Point","coordinates":[2.192944,41.392583]},"properties":{"id":"es-2558","source":"ES","brand":"REPSOL","address":"AVENIDA BOGATELL, 49","municipality":"Barcelona","province":"BARCELONA","postalCode":"08005","schedule":"L-V: 07:00-21:00; S: 08:00-14:00","fuels":{"gasoline95":1.79,"gasoline98":1.97,"diesel":1.96,"dieselPremium":2.03},"extra":{"saleType":"P","margin":"D","reportingType":"OM","ideess":"2558","idMunicipio":"881","idProvincia":"08","idCCAA":"09"}}},{"type":"Feature","geometry":{"type":"Point","coordinates":[2.09725,41.984917]},"properties":{"id":"es-2560","source":"ES","brand":"PETRONOR","address":"CARRETERA C-154 DE VIC A BERGA KM. 20","municipality":"Olost","province":"BARCELONA","postalCode":"08519","schedule":"L-S: 07:00-21:00","fuels":{"gasoline95":1.76,"diesel":1.976,"dieselRenewable":2.096},"extra":{"saleType":"P","margin":"I","reportingType":"OM","ideess":"2560","idMunicipio":"1013","idProvincia":"08","idCCAA":"09"}}},{"type":"Feature","geometry":{"type":"Point","coordinates":[2.123889,41.521083]},"properties":{"id":"es-2562","source":"ES","brand":"REPSOL","address":"CARRETERA N-150 KM. 8,6","municipality":"Barberà del Vallès","province":"BARCELONA","postalCode":"08210","schedule":"L-D: 07:00-00:00","fuels":{"gasoline95":1.78,"gasoline95Premium":1.86,"gasoline98":1.91,"diesel":1.966,"dieselRenewable":2.086},"extra":{"saleType":"P","margin":"I","reportingType":"OM","ideess":"2562","idMunicipio":"880","idProvincia":"08","idCCAA":"09"}}},{"type":"Feature","geometry":{"type":"Point","coordinates":[2.263333,41.608417]},"properties":{"id":"es-2757","source":"ES","brand":"MOEVE","address":"AUTOVIA C-17 KM 20,5 KM. 20,5","municipality":"Lliçà d'Amunt","province":"BARCELONA","postalCode":"08186","schedule":"L-S: 06:00-21:00","fuels":{"gasoline95":1.769,"gasoline95Premium":1.879,"diesel":1.959,"dieselPremium":2.069},"extra":{"saleType":"P","margin":"I","reportingType":"dm","ideess":"2757","idMunicipio":"971","idProvincia":"08","idCCAA":"09"}}},{"type":"Feature","geometry":{"type":"Point","coordinates":[2.179667,41.587917]},"properties":{"id":"es-2758","source":"ES","brand":"REPSOL","address":"CALLE ANSELMO CLAVE, S/N","municipality":"Palau-solità i Plegamans","province":"BARCELONA","postalCode":"08184","schedule":"L-D: 24H","fuels":{"gasoline95":1.776,"gasoline98":1.936,"diesel":1.956,"dieselPremium":2.026},"extra":{"saleType":"P","margin":"D","reportingType":"OM","ideess":"2758","idMunicipio":"1021","idProvincia":"08","idCCAA":"09"}}},{"type":"Feature","geometry":{"type":"Point","coordinates":[2.231306,41.645]},"properties":{"id":"es-2765","source":"ES","brand":"BP SANTA EULALIA DE RONÇANA","address":"CARRETERA BARCELONA KM. 10,700","municipality":"Santa Eulàlia de Ronçana","province":"BARCELONA","postalCode":"08187","schedule":"L-D: 06:00-21:00","fuels":{"gasoline95":1.769,"gasoline98":1.909,"diesel":1.989,"dieselPremium":2.079},"extra":{"saleType":"P","margin":"I","reportingType":"OM","ideess":"2765","idMunicipio":"1114","idProvincia":"08","idCCAA":"09"}}},{"type":"Feature","geometry":{"type":"Point","coordinates":[2.025,41.393611]},"properties":{"id":"es-2775","source":"ES","brand":"REPSOL","address":"AUTOPISTA AP-2 KM. 8,5","municipality":"Molins de Rei","province":"BARCELONA","postalCode":"08750","schedule":"L-D: 24H","fuels":{"gasoline95":1.8,"gasoline98":1.93,"diesel":1.956,"dieselRenewable":2.076,"lpg":1.049},"extra":{"saleType":"P","margin":"D","reportingType":"OM","ideess":"2775","idMunicipio":"990","idProvincia":"08","idCCAA":"09"}}},{"type":"Feature","geometry":{"type":"Point","coordinates":[2.791306,41.917028]},"properties":{"id":"es-2777","source":"ES","brand":"REPSOL","address":"AUTOVIA A2 KM. 708","municipality":"Aiguaviva","province":"GIRONA","postalCode":"17181","schedule":"L-S: 06:00-22:00; D: 07:00-22:00","fuels":{"gasoline95":1.849,"gasoline98":2.009,"diesel":1.999,"dieselB":1.799,"dieselRenewable":2.089,"adblue":1.399},"extra":{"saleType":"P","margin":"I","reportingType":"dm","ideess":"2777","idMunicipio":"2451","idProvincia":"17","idCCAA":"09"}}},{"type":"Feature","geometry":{"type":"Point","coordinates":[2.141861,41.355222]},"properties":{"id":"es-2779","source":"ES","brand":"GALP","address":"PASSEIG ZONA FRANCA, 81","municipality":"Barcelona","province":"BARCELONA","postalCode":"08038","schedule":"L-V: 06:00-21:00","fuels":{"gasoline95":1.549,"diesel":1.669},"extra":{"saleType":"P","margin":"N","reportingType":"OM","ideess":"2779","idMunicipio":"881","idProvincia":"08","idCCAA":"09"}}},{"type":"Feature","geometry":{"type":"Point","coordinates":[2.081917,41.348056]},"properties":{"id":"es-2780","source":"ES","brand":"GALP","address":"CALLE PROGRESO ESQUINA ALBERT EISTEIN, SN","municipality":"Cornellà de Llobregat","province":"BARCELONA","postalCode":"08940","schedule":"L-D: 06:00-22:00","fuels":{"gasoline95":1.699,"diesel":1.864,"dieselPremium":1.914,"adblue":0.799},"extra":{"saleType":"P","margin":"N","reportingType":"OM","ideess":"2780","idMunicipio":"937","idProvincia":"08","idCCAA":"09"}}},{"type":"Feature","geometry":{"type":"Point","coordinates":[2.233278,41.845]},"properties":{"id":"es-2781","source":"ES","brand":"CEPSA","address":"CARRETERA C-17 KM. 50","municipality":"Tona","province":"BARCELONA","postalCode":"08551","schedule":"L-D: 06:00-22:00","fuels":{"gasoline95":1.779,"gasoline98":1.879,"diesel":1.979,"dieselPremium":2.039},"extra":{"saleType":"P","margin":"D","reportingType":"OM","ideess":"2781","idMunicipio":"1143","idProvincia":"08","idCCAA":"09"}}},{"type":"Feature","geometry":{"type":"Point","coordinates":[2.270806,41.554444]},"properties":{"id":"es-2786","source":"ES","brand":"NUROIL","address":"AVENIDA RIU MOJENT ESQ CARLES RIBA, S/N","municipality":"Montornès del Vallès","province":"BARCELONA","postalCode":"08170","schedule":"L-D: 24H","fuels":{"gasoline95":1.589,"gasoline98":1.729,"diesel":1.749,"dieselPremium":1.809},"extra":{"saleType":"P","margin":"N","reportingType":"dm","ideess":"2786","idMunicipio":"1001","idProvincia":"08","idCCAA":"09"}}},{"type":"Feature","geometry":{"type":"Point","coordinates":[2.096333,41.536361]},"properties":{"id":"es-2787","source":"ES","brand":"E.S.  PUNT DE TROBADA    -SABADELL-","address":"RAMBLA IBERIA D', 203","municipality":"Sabadell","province":"BARCELONA","postalCode":"08201","schedule":"L-D: 06:00-22:00","fuels":{"gasoline95":1.549,"gasoline98":1.729,"diesel":1.649},"extra":{"saleType":"P","margin":"N","reportingType":"dm","ideess":"2787","idMunicipio":"1052","idProvincia":"08","idCCAA":"09"}}},{"type":"Feature","geometry":{"type":"Point","coordinates":[2.049389,41.333889]},"properties":{"id":"es-2788","source":"ES","brand":"BP SANT BOI","address":"CALLE CANTABRIA, 3","municipality":"Sant Boi de Llobregat","province":"BARCELONA","postalCode":"08830","schedule":"L-D: 24H","fuels":{"gasoline95":1.809,"gasoline98":1.949,"diesel":1.959,"dieselPremium":2.049,"adblue":1.009},"extra":{"saleType":"P","margin":"N","reportingType":"OM","ideess":"2788","idMunicipio":"1062","idProvincia":"08","idCCAA":"09"}}},{"type":"Feature","geometry":{"type":"Point","coordinates":[2.283167,41.625972]},"properties":{"id":"es-2789","source":"ES","brand":"REPSOL","address":"CALLE INDUSTRIA, 104","municipality":"Canovelles","province":"BARCELONA","postalCode":"08420","schedule":"L-S: 06:00-22:00","fuels":{"gasoline95":1.79,"gasoline98":1.92,"diesel":1.976,"dieselRenewable":2.096,"lpg":1.049},"extra":{"saleType":"P","margin":"D","reportingType":"OM","ideess":"2789","idMunicipio":"903","idProvincia":"08","idCCAA":"09"}}},{"type":"Feature","geometry":{"type":"Point","coordinates":[2.437694,41.553611]},"properties":{"id":"es-2790","source":"ES","brand":"BALLENOIL","address":"RD PAISOS CATALANS 15","municipality":"Mataró","province":"BARCELONA","postalCode":"08304","schedule":"L-D: 24H","fuels":{"gasoline95":1.579,"diesel":1.689},"extra":{"saleType":"P","margin":"N","reportingType":"OM","ideess":"2790","idMunicipio":"987","idProvincia":"08","idCCAA":"09"}}},{"type":"Feature","geometry":{"type":"Point","coordinates":[2.715556,41.669083]},"properties":{"id":"es-2791","source":"ES","brand":"CEPSA","address":"CR C-32   P.K. 129,8","municipality":"Palafolls","province":"BARCELONA","postalCode":"08389","schedule":"L-D: 24H","fuels":{"gasoline95":1.779,"gasoline98":1.939,"diesel":1.979,"dieselPremium":2.059},"extra":{"saleType":"P","margin":"I","reportingType":"OM","ideess":"2791","idMunicipio":"1020","idProvincia":"08","idCCAA":"09"}}},{"type":"Feature","geometry":{"type":"Point","coordinates":[2.057833,41.367389]},"properties":{"id":"es-2792","source":"ES","brand":"PETROCAT","address":"CR BV-2001, 2.1 (BV-2001 km 2,1)","municipality":"Sant Joan Despí","province":"BARCELONA","postalCode":"08970","schedule":"L-D: 06:00-22:00","fuels":{"gasoline95":1.83,"gasoline98":1.96,"diesel":1.976,"dieselPremium":2.046},"extra":{"saleType":"P","margin":"D","reportingType":"OM","ideess":"2792","idMunicipio":"1080","idProvincia":"08","idCCAA":"09"}}},{"type":"Feature","geometry":{"type":"Point","coordinates":[2.013639,41.296861]},"properties":{"id":"es-2793","source":"ES","brand":"REPSOL","address":"CALLE TARRAGONA, 29","municipality":"Gavà","province":"BARCELONA","postalCode":"08850","schedule":"L-S: 05:30-21:30","fuels":{"gasoline95":1.816,"diesel":1.926,"dieselRenewable":2.046,"lpg":1.079},"extra":{"saleType":"P","margin":"D","reportingType":"OM","ideess":"2793","idMunicipio":"955","idProvincia":"08","idCCAA":"09"}}},{"type":"Feature","geometry":{"type":"Point","coordinates":[2.105417,41.532611]},"properties":{"id":"es-2796","source":"ES","brand":"REPSOL","address":"CL JOAQUIN BLUME, 1","municipality":"Sabadell","province":"BARCELONA","postalCode":"08205","schedule":"L-D: 24H","fuels":{"gasoline95":1.78,"gasoline95Premium":1.84,"gasoline98":1.92,"diesel":1.96,"dieselRenewable":2.08,"lpg":1.089},"extra":{"saleType":"P","margin":"D","reportingType":"OM","ideess":"2796","idMunicipio":"1052","idProvincia":"08","idCCAA":"09"}}},{"type":"Feature","geometry":{"type":"Point","coordinates":[2.088417,41.595083]},"properties":{"id":"es-2799","source":"ES","brand":"REPSOL","address":"CARRETERA B-124 KM. 5,4","municipality":"Castellar del Vallès","province":"BARCELONA","postalCode":"08211","schedule":"L-D: 06:00-22:00","fuels":{"gasoline95":1.786,"gasoline98":1.966,"diesel":1.96,"dieselRenewable":2.08},"extra":{"saleType":"P","margin":"I","reportingType":"OM","ideess":"2799","idMunicipio":"915","idProvincia":"08","idCCAA":"09"}}},{"type":"Feature","geometry":{"type":"Point","coordinates":[2.094722,41.546111]},"properties":{"id":"es-2800","source":"ES","brand":"REPSOL","address":"CARRETERA TERRASA KM. 216","municipality":"Sabadell","province":"BARCELONA","postalCode":"08206","schedule":"L-D: 24H","fuels":{"gasoline95":1.816,"gasoline98":1.996,"gasolineRenewable":1.936,"diesel":1.93,"dieselRenewable":2.05},"extra":{"saleType":"P","margin":"D","reportingType":"OM","ideess":"2800","idMunicipio":"1052","idProvincia":"08","idCCAA":"09"}}},{"type":"Feature","geometry":{"type":"Point","coordinates":[2.005917,41.386417]},"properties":{"id":"es-2802","source":"ES","brand":"REPSOL","address":"CARRETERA TORRELLAS 68 KM. ","municipality":"Sant Vicenç dels Horts","province":"BARCELONA","postalCode":"08620","schedule":"L-D: 06:00-22:00","fuels":{"gasoline95":1.769,"gasoline98":1.889,"diesel":1.929,"dieselRenewable":2.049},"extra":{"saleType":"P","margin":"D","reportingType":"dm","ideess":"2802","idMunicipio":"1108","idProvincia":"08","idCCAA":"09"}}},{"type":"Feature","geometry":{"type":"Point","coordinates":[2.432306,41.551167]},"properties":{"id":"es-2803","source":"ES","brand":"REPSOL","address":"VÍA EUROPA, 220","municipality":"Mataró","province":"BARCELONA","postalCode":"08304","schedule":"L-D: 06:00-22:00","fuels":{"gasoline95":1.77,"gasoline98":1.9,"diesel":1.95,"dieselRenewable":2.07},"extra":{"saleType":"P","margin":"D","reportingType":"OM","ideess":"2803","idMunicipio":"987","idProvincia":"08","idCCAA":"09"}}},{"type":"Feature","geometry":{"type":"Point","coordinates":[2.126556,41.355722]},"properties":{"id":"es-2804","source":"ES","brand":"REPSOL","address":"CALLE CIENCIES, SN","municipality":"Hospitalet de Llobregat (L')","province":"BARCELONA","postalCode":"08908","schedule":"L-D: 24H","fuels":{"gasoline95":1.79,"gasoline98":1.92,"diesel":1.956,"dieselRenewable":2.076,"lpg":1.089},"extra":{"saleType":"P","margin":"D","reportingType":"OM","ideess":"2804","idMunicipio":"965","idProvincia":"08","idCCAA":"09"}}},{"type":"Feature","geometry":{"type":"Point","coordinates":[2.136472,41.41625]},"properties":{"id":"es-2805","source":"ES","brand":"REPSOL","address":"CALLE COLLSEROLA, 2","municipality":"Barcelona","province":"BARCELONA","postalCode":"08035","schedule":"L-D: 24H","fuels":{"gasoline95":1.796,"gasoline98":1.926,"gasolineRenewable":1.916,"diesel":1.966,"dieselRenewable":2.086,"lpg":1.049},"extra":{"saleType":"P","margin":"D","reportingType":"OM","ideess":"2805","idMunicipio":"881","idProvincia":"08","idCCAA":"09"}}},{"type":"Feature","geometry":{"type":"Point","coordinates":[2.014694,41.410944]},"properties":{"id":"es-2806","source":"ES","brand":"REPSOL","address":"AVENIDA CALDES, 18","municipality":"Molins de Rei","province":"BARCELONA","postalCode":"08750","schedule":"L-D: 06:00-22:00","fuels":{"gasoline95":1.766,"gasoline98":1.896,"diesel":1.95,"dieselPremium":2.02},"extra":{"saleType":"P","margin":"D","reportingType":"OM","ideess":"2806","idMunicipio":"990","idProvincia":"08","idCCAA":"09"}}},{"type":"Feature","geometry":{"type":"Point","coordinates":[2.085111,41.535694]},"properties":{"id":"es-2808","source":"ES","brand":"REPSOL","address":"RONDA ARRAONA, SN","municipality":"Sant Quirze del Vallès","province":"BARCELONA","postalCode":"08192","schedule":"L-D: 24H","fuels":{"gasoline95":1.776,"gasoline98":1.906,"diesel":1.96,"dieselRenewable":2.08},"extra":{"saleType":"P","margin":"D","reportingType":"OM","ideess":"2808","idMunicipio":"1100","idProvincia":"08","idCCAA":"09"}}},{"type":"Feature","geometry":{"type":"Point","coordinates":[2.413139,41.514889]},"properties":{"id":"es-2809","source":"ES","brand":"REPSOL","address":"CARRETERA N-2 KM. 643","municipality":"Cabrera de Mar","province":"BARCELONA","postalCode":"08349","schedule":"L-D: 06:00-22:00","fuels":{"gasoline95":1.78,"gasoline98":1.91,"diesel":1.95,"dieselRenewable":2.07},"extra":{"saleType":"P","margin":"D","reportingType":"OM","ideess":"2809","idMunicipio":"890","idProvincia":"08","idCCAA":"09"}}},{"type":"Feature","geometry":{"type":"Point","coordinates":[2.098306,41.538]},"properties":{"id":"es-2810","source":"ES","brand":"REPSOL","address":"CALLE VILADOMAT, 201","municipality":"Sabadell","province":"BARCELONA","postalCode":"08205","schedule":"L-D: 06:00-22:00","fuels":{"gasoline95":1.78,"gasoline98":1.91,"diesel":1.96,"dieselRenewable":2.08},"extra":{"saleType":"P","margin":"D","reportingType":"OM","ideess":"2810","idMunicipio":"1052","idProvincia":"08","idCCAA":"09"}}},{"type":"Feature","geometry":{"type":"Point","coordinates":[2.049278,41.498222]},"properties":{"id":"es-2811","source":"ES","brand":"REPSOL","address":"CARRETERA E-9 KM. 14,9","municipality":"Rubí","province":"BARCELONA","postalCode":"08191","schedule":"L-D: 24H","fuels":{"gasoline95":1.78,"gasoline98":1.91,"diesel":1.966,"dieselRenewable":2.086},"extra":{"saleType":"P","margin":"D","reportingType":"OM","ideess":"2811","idMunicipio":"1049","idProvincia":"08","idCCAA":"09"}}},{"type":"Feature","geometry":{"type":"Point","coordinates":[2.050833,41.482778]},"properties":{"id":"es-2812","source":"ES","brand":"REPSOL","address":"AVENIDA AUGUSTA, SN","municipality":"Sant Cugat del Vallès","province":"BARCELONA","postalCode":"08190","schedule":"L-S: 06:00-22:00; D: 07:00-22:00","fuels":{"gasoline95":1.78,"gasoline98":1.91,"diesel":1.956,"dieselRenewable":2.076,"lpg":1.089},"extra":{"saleType":"P","margin":"D","reportingType":"OM","ideess":"2812","idMunicipio":"1067","idProvincia":"08","idCCAA":"09"}}},{"type":"Feature","geometry":{"type":"Point","coordinates":[2.187111,41.539583]},"properties":{"id":"es-2814","source":"ES","brand":"REPSOL","address":"POLIGONO CIM VALLÉS, PARCELA 13, SN","municipality":"Santa Perpètua de Mogoda","province":"BARCELONA","postalCode":"08130","schedule":"L-D: 24H","fuels":{"gasoline95":1.776,"gasoline98":1.956,"diesel":1.986,"dieselB":1.692,"dieselRenewable":2.106},"extra":{"saleType":"P","margin":"D","reportingType":"OM","ideess":"2814","idMunicipio":"1125","idProvincia":"08","idCCAA":"09"}}},{"type":"Feature","geometry":{"type":"Point","coordinates":[2.193889,41.531944]},"properties":{"id":"es-2818","source":"ES","brand":"REPSOL","address":"CALLE LAS PALMAS, S/N","municipality":"Santa Perpètua de Mogoda","province":"BARCELONA","postalCode":"08130","schedule":"L-D: 24H","fuels":{"gasoline95":1.776,"gasoline98":1.906,"diesel":1.976,"dieselRenewable":2.096,"lpg":1.055},"extra":{"saleType":"P","margin":"D","reportingType":"OM","ideess":"2818","idMunicipio":"1125","idProvincia":"08","idCCAA":"09"}}},{"type":"Feature","geometry":{"type":"Point","coordinates":[2.342889,41.593472]},"properties":{"id":"es-2819","source":"ES","brand":"REPSOL","address":"CARRETERA C-60 KM. 8,7","municipality":"Roca del Vallès (La)","province":"BARCELONA","postalCode":"08430","schedule":"L-D: 06:00-22:00","fuels":{"gasoline95":1.786,"gasoline98":1.916,"diesel":1.96,"dieselRenewable":2.08},"extra":{"saleType":"P","margin":"D","reportingType":"OM","ideess":"2819","idMunicipio":"1047","idProvincia":"08","idCCAA":"09"}}},{"type":"Feature","geometry":{"type":"Point","coordinates":[2.34175,41.592139]},"properties":{"id":"es-2820","source":"ES","brand":"REPSOL","address":"CARRETERA C-60 KM. 8,7","municipality":"Roca del Vallès (La)","province":"BARCELONA","postalCode":"08430","schedule":"L-D: 06:00-22:00","fuels":{"gasoline95":1.786,"gasoline98":1.966,"diesel":1.96,"dieselRenewable":2.08},"extra":{"saleType":"P","margin":"I","reportingType":"OM","ideess":"2820","idMunicipio":"1047","idProvincia":"08","idCCAA":"09"}}},{"type":"Feature","geometry":{"type":"Point","coordinates":[2.048389,41.497083]},"properties":{"id":"es-2821","source":"ES","brand":"REPSOL","address":"CARRETERA E-9 KM. 14,7","municipality":"Rubí","province":"BARCELONA","postalCode":"08191","schedule":"L-D: 24H","fuels":{"gasoline95":1.78,"gasoline98":1.91,"diesel":1.966,"dieselRenewable":2.086},"extra":{"saleType":"P","margin":"I","reportingType":"OM","ideess":"2821","idMunicipio":"1049","idProvincia":"08","idCCAA":"09"}}},{"type":"Feature","geometry":{"type":"Point","coordinates":[2.080417,41.572389]},"properties":{"id":"es-2822","source":"ES","brand":"REPSOL","address":"AVENIDA MATADEPERA, 247","municipality":"Sabadell","province":"BARCELONA","postalCode":"08207","schedule":"L-D: 24H","fuels":{"gasoline95":1.77,"gasoline98":1.9,"diesel":1.966,"dieselRenewable":2.086,"lpg":1.085},"extra":{"saleType":"P","margin":"I","reportingType":"OM","ideess":"2822","idMunicipio":"1052","idProvincia":"08","idCCAA":"09"}}},{"type":"Feature","geometry":{"type":"Point","coordinates":[2.07825,41.4335]},"properties":{"id":"es-2824","source":"ES","brand":"REPSOL","address":"AUTOVIA E-9 KM. 6,5","municipality":"Sant Cugat del Vallès","province":"BARCELONA","postalCode":"08190","schedule":"L-D: 24H","fuels":{"gasoline95":1.786,"gasoline98":1.916,"diesel":1.966,"dieselRenewable":2.086,"lpg":1.049},"extra":{"saleType":"P","margin":"D","reportingType":"OM","ideess":"2824","idMunicipio":"1067","idProvincia":"08","idCCAA":"09"}}},{"type":"Feature","geometry":{"type":"Point","coordinates":[2.090472,41.508583]},"properties":{"id":"es-2828","source":"ES","brand":"REPSOL","address":"CALLE CAN JERONI MARTI/CTRA SABADELL, 197,5","municipality":"Cerdanyola del Vallès","province":"BARCELONA","postalCode":"08290","schedule":"L-D: 06:00-22:00","fuels":{"gasoline95":1.77,"gasoline98":1.9,"diesel":1.96,"dieselRenewable":2.08},"extra":{"saleType":"P","margin":"D","reportingType":"OM","ideess":"2828","idMunicipio":"931","idProvincia":"08","idCCAA":"09"}}},{"type":"Feature","geometry":{"type":"Point","coordinates":[2.068861,41.55325]},"properties":{"id":"es-2833","source":"ES","brand":"REPSOL","address":"CARRETERA N-150 KM. 14,2","municipality":"Sabadell","province":"BARCELONA","postalCode":"08207","schedule":"L-D: 07:00-23:59","fuels":{"gasoline95":1.77,"gasoline98":1.9,"diesel":1.96,"dieselRenewable":2.08},"extra":{"saleType":"P","margin":"D","reportingType":"OM","ideess":"2833","idMunicipio":"1052","idProvincia":"08","idCCAA":"09"}}},{"type":"Feature","geometry":{"type":"Point","coordinates":[2.035361,41.533167]},"properties":{"id":"es-2835","source":"ES","brand":"REPSOL","address":"CALLE ROMA, DE, 2","municipality":"Terrassa","province":"BARCELONA","postalCode":"08228","schedule":"L-D: 24H","fuels":{"gasoline95":1.749,"gasoline98":1.879,"diesel":1.739,"dieselPremium":1.899,"dieselB":1.739},"extra":{"saleType":"P","margin":"D","reportingType":"dm","ideess":"2835","idMunicipio":"1141","idProvincia":"08","idCCAA":"09"}}},{"type":"Feature","geometry":{"type":"Point","coordinates":[2.131139,41.485306]},"properties":{"id":"es-2836","source":"ES","brand":"MOEVE","address":"CALLE SANTA ROSA, 49","municipality":"Cerdanyola del Vallès","province":"BARCELONA","postalCode":"08290","schedule":"L-D: 06:00-22:00","fuels":{"gasoline95":1.779,"gasoline95Premium":1.879,"diesel":1.979,"dieselPremium":2.049},"extra":{"saleType":"P","margin":"I","reportingType":"OM","ideess":"2836","idMunicipio":"931","idProvincia":"08","idCCAA":"09"}}},{"type":"Feature","geometry":{"type":"Point","coordinates":[2.279306,41.676278]},"properties":{"id":"es-2838","source":"ES","brand":"REPSOL","address":"CALLE VULCA, 11","municipality":"Garriga (La)","province":"BARCELONA","postalCode":"08530","schedule":"L-D: 05:30-23:30","fuels":{"gasoline95":1.799,"gasoline98":1.969,"diesel":1.969,"dieselRenewable":2.019,"adblue":0.999},"extra":{"saleType":"P","margin":"D","reportingType":"dm","ideess":"2838","idMunicipio":"954","idProvincia":"08","idCCAA":"09"}}},{"type":"Feature","geometry":{"type":"Point","coordinates":[2.12975,41.521139]},"properties":{"id":"es-2840","source":"ES","brand":"REPSOL","address":"CL RONDA SANTA MARIA ,202-210 (ESQ.","municipality":"Barberà del Vallès","province":"BARCELONA","postalCode":"08210","schedule":"L-D: 06:00-22:00","fuels":{"gasoline95":1.78,"gasoline98":1.91,"diesel":1.97,"dieselRenewable":2.09,"lpg":1.085},"extra":{"saleType":"P","margin":"D","reportingType":"OM","ideess":"2840","idMunicipio":"880","idProvincia":"08","idCCAA":"09"}}},{"type":"Feature","geometry":{"type":"Point","coordinates":[2.673917,41.622944]},"properties":{"id":"es-2842","source":"ES","brand":"CEPSA","address":"CALLE GARBI, 123/125","municipality":"Pineda de Mar","province":"BARCELONA","postalCode":"08397","schedule":"L-D: 06:00-22:00","fuels":{"gasoline95":1.799,"gasoline95Premium":1.899,"diesel":1.899,"dieselPremium":2.079},"extra":{"saleType":"P","margin":"D","reportingType":"dm","ideess":"2842","idMunicipio":"1028","idProvincia":"08","idCCAA":"09"}}},{"type":"Feature","geometry":{"type":"Point","coordinates":[2.193306,41.933278]},"properties":{"id":"es-2843","source":"ES","brand":"MOEVE","address":"CARRETERA C-25 (MRG.DCHO.) KM. 174,6","municipality":"Gurb","province":"BARCELONA","postalCode":"08503","schedule":"L-D: 06:00-22:00","fuels":{"gasoline95":1.779,"gasoline98":1.909,"diesel":1.979,"dieselPremium":2.049},"extra":{"saleType":"P","margin":"D","reportingType":"OM","ideess":"2843","idMunicipio":"964","idProvincia":"08","idCCAA":"09"}}},{"type":"Feature","geometry":{"type":"Point","coordinates":[2.194306,41.93425]},"properties":{"id":"es-2844","source":"ES","brand":"MOEVE","address":"CARRETERA C-25 (MRG.IZDO.) KM. 174,6","municipality":"Gurb","province":"BARCELONA","postalCode":"08503","schedule":"L-D: 06:00-22:00","fuels":{"gasoline95":1.779,"gasoline98":1.909,"diesel":1.979,"dieselPremium":2.049},"extra":{"saleType":"P","margin":"I","reportingType":"OM","ideess":"2844","idMunicipio":"964","idProvincia":"08","idCCAA":"09"}}},{"type":"Feature","geometry":{"type":"Point","coordinates":[2.233111,41.439556]},"properties":{"id":"es-2846","source":"ES","brand":"TAMOIL","address":"AVINGUDA MARQUES DE MONTROIG, 125","municipality":"Badalona","province":"BARCELONA","postalCode":"08918","schedule":"L-D: 24H","fuels":{"gasoline95":1.629,"gasoline98":1.759,"diesel":1.759,"biodiesel":1.729,"adblue":0.899},"extra":{"saleType":"P","margin":"N","reportingType":"OM","ideess":"2846","idMunicipio":"875","idProvincia":"08","idCCAA":"09"}}},{"type":"Feature","geometry":{"type":"Point","coordinates":[2.132611,41.32375]},"properties":{"id":"es-2848","source":"ES","brand":"SHELL","address":"CALLE A ZONA FRANCA, 3","municipality":"Barcelona","province":"BARCELONA","postalCode":"08004","schedule":"L-S: 05:00-23:00","fuels":{"gasoline95":1.689,"gasoline98":1.829,"diesel":1.859,"dieselPremium":1.939,"dieselB":1.496,"lpg":0.999,"adblue":1.25},"extra":{"saleType":"P","margin":"N","reportingType":"OM","ideess":"2848","idMunicipio":"881","idProvincia":"08","idCCAA":"09"}}},{"type":"Feature","geometry":{"type":"Point","coordinates":[2.254028,41.471528]},"properties":{"id":"es-2849","source":"ES","brand":"SHELL","address":"C/ RIERA MONTEALEGRE, 12 km CENTRO COMERCIAL M","municipality":"Badalona","province":"BARCELONA","postalCode":"08916","schedule":"L-S: 07:00-22:00; D: 09:00-14:00","fuels":{"gasoline95":1.639,"gasoline98":1.779,"diesel":1.759,"dieselPremium":1.839},"extra":{"saleType":"P","margin":"N","reportingType":"OM","ideess":"2849","idMunicipio":"875","idProvincia":"08","idCCAA":"09"}}},{"type":"Feature","geometry":{"type":"Point","coordinates":[2.102139,41.809306]},"properties":{"id":"es-2856","source":"ES","brand":"MOEVE","address":"CARRETERA N-141-C KM. 27,3","municipality":"Moià","province":"BARCELONA","postalCode":"08180","schedule":"L-D: 05:00-23:00","fuels":{"gasoline95":1.799,"gasoline98":1.929,"diesel":1.999,"dieselPremium":2.069},"extra":{"saleType":"P","margin":"I","reportingType":"dm","ideess":"2856","idMunicipio":"989","idProvincia":"08","idCCAA":"09"}}},{"type":"Feature","geometry":{"type":"Point","coordinates":[2.087417,41.325611]},"properties":{"id":"es-2866","source":"ES","brand":"CEPSA","address":"AVENIDA DEL REMOLAR, 37,39","municipality":"Prat de Llobregat (El)","province":"BARCELONA","postalCode":"08820","schedule":"L-V: 06:00-22:00; S-D: 10:00-17:30","fuels":{"gasoline95":1.799,"gasoline95Premium":1.939,"diesel":1.989,"dieselPremium":2.079},"extra":{"saleType":"P","margin":"I","reportingType":"OM","ideess":"2866","idMunicipio":"1035","idProvincia":"08","idCCAA":"09"}}},{"type":"Feature","geometry":{"type":"Point","coordinates":[2.091972,41.357944]},"properties":{"id":"es-2867","source":"ES","brand":"QOIL","address":"CARRER CARRETERA DE HOSPITALET, 328","municipality":"Cornellà de Llobregat","province":"BARCELONA","postalCode":"08940","schedule":"L-D: 24H","fuels":{"gasoline95":1.569,"gasoline98":1.769,"diesel":1.729,"dieselPremium":1.769},"extra":{"saleType":"P","margin":"D","reportingType":"dm","ideess":"2867","idMunicipio":"937","idProvincia":"08","idCCAA":"09"}}},{"type":"Feature","geometry":{"type":"Point","coordinates":[2.096222,41.352861]},"properties":{"id":"es-2868","source":"ES","brand":"CEPSA","address":"CALLE ENERGIA, 73/83","municipality":"Cornellà de Llobregat","province":"BARCELONA","postalCode":"08940","schedule":"L-V: 06:00-22:00; S: 08:00-15:00","fuels":{"gasoline95":1.799,"gasoline95Premium":1.889,"diesel":1.979,"dieselPremium":2.039},"extra":{"saleType":"P","margin":"I","reportingType":"dm","ideess":"2868","idMunicipio":"937","idProvincia":"08","idCCAA":"09"}}},{"type":"Feature","geometry":{"type":"Point","coordinates":[2.002833,41.29825]},"properties":{"id":"es-2871","source":"ES","brand":"MOEVE","address":"CARRETERA SANTA CREU DE CALAFELL KM. 5","municipality":"Gavà","province":"BARCELONA","postalCode":"08850","schedule":"L-D: 06:00-22:00","fuels":{"gasoline95":1.779,"gasoline95Premium":1.889,"diesel":1.949,"dieselPremium":2.029},"extra":{"saleType":"P","margin":"I","reportingType":"OM","ideess":"2871","idMunicipio":"955","idProvincia":"08","idCCAA":"09"}}},{"type":"Feature","geometry":{"type":"Point","coordinates":[2.128778,41.350917]},"properties":{"id":"es-2872","source":"ES","brand":"MOEVE","address":"CALLE BOTANICA, 74","municipality":"Hospitalet de Llobregat (L')","province":"BARCELONA","postalCode":"08908","schedule":"L-V: 06:30-15:00","fuels":{"gasoline95":1.779,"gasoline98":1.909,"diesel":1.939,"dieselPremium":2.029},"extra":{"saleType":"P","margin":"D","reportingType":"dm","ideess":"2872","idMunicipio":"965","idProvincia":"08","idCCAA":"09"}}},{"type":"Feature","geometry":{"type":"Point","coordinates":[2.186944,41.4585]},"properties":{"id":"es-2873","source":"ES","brand":"NUROIL","address":"CARRETERA C-17 KM. 0,500","municipality":"Barcelona","province":"BARCELONA","postalCode":"08033","schedule":"L-D: 24H","fuels":{"gasoline95":1.579,"gasoline98":1.729,"diesel":1.759,"dieselPremium":1.819,"dieselRenewable":1.899,"lpg":0.799,"adblue":0.649},"extra":{"saleType":"P","margin":"D","reportingType":"dm","ideess":"2873","idMunicipio":"881","idProvincia":"08","idCCAA":"09"}}},{"type":"Feature","geometry":{"type":"Point","coordinates":[2.222028,41.456194]},"properties":{"id":"es-2875","source":"ES","brand":"MOEVE","address":"POLIGONO INDUSTRIAL MONTIGALA, RAMBLA DE FRANCIA, 1","municipality":"Badalona","province":"BARCELONA","postalCode":"08917","schedule":"L-D: 06:00-22:00","fuels":{"gasoline95":1.779,"gasoline98":1.899,"diesel":1.969,"dieselPremium":2.029},"extra":{"saleType":"P","margin":"D","reportingType":"OM","ideess":"2875","idMunicipio":"875","idProvincia":"08","idCCAA":"09"}}},{"type":"Feature","geometry":{"type":"Point","coordinates":[2.154472,41.37475]},"properties":{"id":"es-2876","source":"ES","brand":"MOEVE","address":"AVENIDA PARALELO, 179","municipality":"Barcelona","province":"BARCELONA","postalCode":"08004","schedule":"L-D: 06:00-22:00","fuels":{"gasoline95":1.789,"gasoline95Premium":1.879,"diesel":1.969,"dieselPremium":2.029},"extra":{"saleType":"P","margin":"I","reportingType":"OM","ideess":"2876","idMunicipio":"881","idProvincia":"08","idCCAA":"09"}}},{"type":"Feature","geometry":{"type":"Point","coordinates":[2.190528,41.414611]},"properties":{"id":"es-2877","source":"ES","brand":"MOEVE","address":"AVENIDA CLOT, 181","municipality":"Barcelona","province":"BARCELONA","postalCode":"08027","schedule":"L-D: 06:00-22:00","fuels":{"gasoline95":1.789,"gasoline95Premium":1.879,"diesel":1.969,"dieselPremium":2.049},"extra":{"saleType":"P","margin":"I","reportingType":"OM","ideess":"2877","idMunicipio":"881","idProvincia":"08","idCCAA":"09"}}},{"type":"Feature","geometry":{"type":"Point","coordinates":[2.157306,41.38625]},"properties":{"id":"es-2878","source":"ES","brand":"CEPSA","address":"CALLE CASANOVA, 89","municipality":"Barcelona","province":"BARCELONA","postalCode":"08011","schedule":"L-D: 24H","fuels":{"gasoline95":1.779,"gasoline98":1.879,"diesel":1.969,"dieselPremium":2.019},"extra":{"saleType":"P","margin":"I","reportingType":"dm","ideess":"2878","idMunicipio":"881","idProvincia":"08","idCCAA":"09"}}},{"type":"Feature","geometry":{"type":"Point","coordinates":[2.180944,41.392722]},"properties":{"id":"es-2879","source":"ES","brand":"CEPSA","address":"CALLE ROGER DE FLOR, 58","municipality":"Barcelona","province":"BARCELONA","postalCode":"08013","schedule":"L-V: 06:00-22:00","fuels":{"gasoline95":1.789,"gasoline95Premium":1.879,"gasoline98":1.909,"diesel":1.969,"dieselPremium":2.049},"extra":{"saleType":"P","margin":"D","reportingType":"OM","ideess":"2879","idMunicipio":"881","idProvincia":"08","idCCAA":"09"}}},{"type":"Feature","geometry":{"type":"Point","coordinates":[2.139861,41.412222]},"properties":{"id":"es-2881","source":"ES","brand":"BALLENOIL","address":"CALLE CRAYWINKEL, 1","municipality":"Barcelona","province":"BARCELONA","postalCode":"08022","schedule":"L-D: 24H","fuels":{"gasoline95":1.609,"gasoline95Premium":1.619,"diesel":1.699,"dieselPremium":1.719},"extra":{"saleType":"P","margin":"I","reportingType":"OM","ideess":"2881","idMunicipio":"881","idProvincia":"08","idCCAA":"09"}}},{"type":"Feature","geometry":{"type":"Point","coordinates":[2.787972,41.967333]},"properties":{"id":"es-2890","source":"ES","brand":"MEROIL","address":"PASEO MARQUES DE CAMPS, 79","municipality":"Salt","province":"GIRONA","postalCode":"17190","schedule":"L-J: 06:00-22:00; V: 06:00-23:59; S: 24H; D: 00:00-22:00","fuels":{"gasoline95":1.661,"gasoline98":1.964,"diesel":1.849,"dieselPremium":1.999,"adblue":0.859},"extra":{"saleType":"P","margin":"N","reportingType":"OM","ideess":"2890","idMunicipio":"2595","idProvincia":"17","idCCAA":"09"}}},{"type":"Feature","geometry":{"type":"Point","coordinates":[2.819028,41.991167]},"properties":{"id":"es-2893","source":"ES","brand":"CEPSA","address":"CALLE SANT PONS DE LA BARCA, 2","municipality":"Girona","province":"GIRONA","postalCode":"17007","schedule":"L-S: 07:00-21:00; D: 08:00-15:00","fuels":{"gasoline95":1.809,"gasoline95E10":1.939,"gasoline98":1.959,"diesel":1.929,"dieselPremium":2.019},"extra":{"saleType":"P","margin":"D","reportingType":"dm","ideess":"2893","idMunicipio":"2524","idProvincia":"17","idCCAA":"09"}}},{"type":"Feature","geometry":{"type":"Point","coordinates":[2.811306,41.968028]},"properties":{"id":"es-2894","source":"ES","brand":"CEPSA","address":"CARRETERA GE-533 KM. 0,3","municipality":"Girona","province":"GIRONA","postalCode":"17005","schedule":"L-V: 07:00-21:00; S-D: 07:30-15:00","fuels":{"gasoline95":1.739,"gasoline98":1.879,"diesel":1.819,"dieselPremium":1.899},"extra":{"saleType":"P","margin":"I","reportingType":"dm","ideess":"2894","idMunicipio":"2524","idProvincia":"17","idCCAA":"09"}}},{"type":"Feature","geometry":{"type":"Point","coordinates":[2.747528,41.656278]},"properties":{"id":"es-2895","source":"ES","brand":"CEPSA","address":"AVENIDA COSTA BRAVA, 163","municipality":"Malgrat de Mar","province":"BARCELONA","postalCode":"08380","schedule":"L-D: 06:00-22:00","fuels":{"gasoline95":1.799,"diesel":1.999,"dieselPremium":2.079},"extra":{"saleType":"P","margin":"D","reportingType":"dm","ideess":"2895","idMunicipio":"975","idProvincia":"08","idCCAA":"09"}}},{"type":"Feature","geometry":{"type":"Point","coordinates":[2.723667,41.693972]},"properties":{"id":"es-2931","source":"ES","brand":"CEPSA","address":"AUTOVIA A-2 KM. 680,9","municipality":"Tordera","province":"BARCELONA","postalCode":"08490","schedule":"L-D: 06:00-22:00","fuels":{"gasoline95":1.779,"gasoline98":1.939,"diesel":1.979,"dieselPremium":2.059,"dieselB":1.759},"extra":{"saleType":"P","margin":"I","reportingType":"OM","ideess":"2931","idMunicipio":"1144","idProvincia":"08","idCCAA":"09"}}},{"type":"Feature","geometry":{"type":"Point","coordinates":[2.333917,41.493028]},"properties":{"id":"es-2932","source":"ES","brand":"REPSOL","address":"AUTOPISTA C32 KM. 89","municipality":"Teià","province":"BARCELONA","postalCode":"08329","schedule":"L-D: 06:00-22:00","fuels":{"gasoline95":1.776,"gasoline98":1.906,"diesel":1.956,"dieselPremium":2.026},"extra":{"saleType":"P","margin":"I","reportingType":"OM","ideess":"2932","idMunicipio":"1140","idProvincia":"08","idCCAA":"09"}}},{"type":"Feature","geometry":{"type":"Point","coordinates":[2.725722,41.642111]},"properties":{"id":"es-2933","source":"ES","brand":"BALLENOIL","address":"CARRETERA N-II KM. 674,2","municipality":"Malgrat de Mar","province":"BARCELONA","postalCode":"08380","schedule":"L-D: 24H","fuels":{"gasoline95":1.549,"gasoline95Premium":1.569,"diesel":1.669,"dieselPremium":1.689},"extra":{"saleType":"P","margin":"D","reportingType":"OM","ideess":"2933","idMunicipio":"975","idProvincia":"08","idCCAA":"09"}}},{"type":"Feature","geometry":{"type":"Point","coordinates":[2.725528,41.642528]},"properties":{"id":"es-2934","source":"ES","brand":"BALLENOIL","address":"CARRETERA N-II KM. 674,2","municipality":"Malgrat de Mar","province":"BARCELONA","postalCode":"08380","schedule":"L-D: 24H","fuels":{"gasoline95":1.549,"gasoline95Premium":1.569,"diesel":1.669,"dieselPremium":1.689},"extra":{"saleType":"P","margin":"I","reportingType":"OM","ideess":"2934","idMunicipio":"975","idProvincia":"08","idCCAA":"09"}}},{"type":"Feature","geometry":{"type":"Point","coordinates":[2.333639,41.482556]},"properties":{"id":"es-2935","source":"ES","brand":"REPSOL","address":"CARRETERA N-II KM. 635,5","municipality":"Masnou (El)","province":"BARCELONA","postalCode":"08320","schedule":"L-D: 06:00-22:00","fuels":{"gasoline95":1.78,"gasoline98":1.91,"diesel":1.97,"dieselRenewable":2.09},"extra":{"saleType":"P","margin":"I","reportingType":"OM","ideess":"2935","idMunicipio":"984","idProvincia":"08","idCCAA":"09"}}},{"type":"Feature","geometry":{"type":"Point","coordinates":[2.600333,41.732306]},"properties":{"id":"es-2953","source":"ES","brand":"CEPSA","address":"CARRETERA C-35 KM. 66,667","municipality":"Sant Feliu de Buixalleu","province":"GIRONA","postalCode":"17451","schedule":"L-V: 07:00-19:00; S-D: 07:00-15:00","fuels":{"gasoline95":1.809,"gasoline95Premium":1.909,"gasoline98":1.959,"diesel":1.889,"dieselPremium":1.989,"dieselB":1.819},"extra":{"saleType":"P","margin":"D","reportingType":"OM","ideess":"2953","idMunicipio":"2599","idProvincia":"17","idCCAA":"09"}}},{"type":"Feature","geometry":{"type":"Point","coordinates":[2.672917,41.725667]},"properties":{"id":"es-2955","source":"ES","brand":"MOEVE","address":"CARRETERA BV-5122 KM. 5,1","municipality":"Fogars de la Selva","province":"BARCELONA","postalCode":"08495","schedule":"L-D: 06:00-22:00","fuels":{"gasoline95":1.779,"gasoline95Premium":1.909,"diesel":1.979,"dieselPremium":2.059},"extra":{"saleType":"P","margin":"I","reportingType":"OM","ideess":"2955","idMunicipio":"946","idProvincia":"08","idCCAA":"09"}}},{"type":"Feature","geometry":{"type":"Point","coordinates":[2.649083,41.95825]},"properties":{"id":"es-2957","source":"ES","brand":"CEPSA","address":"CARRETERA N-141 KM. 102","municipality":"Anglès","province":"GIRONA","postalCode":"17160","schedule":"L-D: 06:00-22:00","fuels":{"gasoline95":1.799,"gasoline98":1.944,"diesel":1.896,"dieselPremium":1.986},"extra":{"saleType":"P","margin":"I","reportingType":"dm","ideess":"2957","idMunicipio":"2456","idProvincia":"17","idCCAA":"09"}}},{"type":"Feature","geometry":{"type":"Point","coordinates":[2.77375,41.852806]},"properties":{"id":"es-2958","source":"ES","brand":"ZONA DIESEL","address":"CARRETERA N-II KM. 701","municipality":"Caldes de Malavella","province":"GIRONA","postalCode":"17455","schedule":"L-D: 24H","fuels":{"gasoline95":1.559,"diesel":1.629,"adblue":0.729},"extra":{"saleType":"P","margin":"D","reportingType":"dm","ideess":"2958","idMunicipio":"2480","idProvincia":"17","idCCAA":"09"}}},{"type":"Feature","geometry":{"type":"Point","coordinates":[2.191417,41.495222]},"properties":{"id":"es-2964","source":"ES","brand":"REPSOL","address":"AUTOPISTA C- 33 KM. 82,5","municipality":"Montcada i Reixac","province":"BARCELONA","postalCode":"08110","schedule":"L-D: 24H","fuels":{"gasoline95":1.776,"gasoline98":1.956,"gasolineRenewable":1.896,"diesel":1.96,"dieselRenewable":2.08},"extra":{"saleType":"P","margin":"N","reportingType":"OM","ideess":"2964","idMunicipio":"994","idProvincia":"08","idCCAA":"09"}}},{"type":"Feature","geometry":{"type":"Point","coordinates":[2.0265,41.551722]},"properties":{"id":"es-2968","source":"ES","brand":"REPSOL","address":"CALLE COLOM, 351","municipality":"Terrassa","province":"BARCELONA","postalCode":"08223","schedule":"L-D: 06:00-22:00","fuels":{"gasoline95":1.756,"gasoline98":1.896,"diesel":1.946,"dieselRenewable":2.066},"extra":{"saleType":"P","margin":"I","reportingType":"OM","ideess":"2968","idMunicipio":"1141","idProvincia":"08","idCCAA":"09"}}},{"type":"Feature","geometry":{"type":"Point","coordinates":[2.139417,41.506139]},"properties":{"id":"es-2969","source":"ES","brand":"PETROCAT DIRECTE","address":"CARRETERA BARCELONA KM. 6,7","municipality":"Ripollet","province":"BARCELONA","postalCode":"08291","schedule":"L-D: 24H","fuels":{"gasoline95":1.5,"diesel":1.706},"extra":{"saleType":"P","margin":"D","reportingType":"OM","ideess":"2969","idMunicipio":"1046","idProvincia":"08","idCCAA":"09"}}},{"type":"Feature","geometry":{"type":"Point","coordinates":[2.178611,41.485222]},"properties":{"id":"es-2970","source":"ES","brand":"CEPSA","address":"AVINGUDA LA FERRERIA ESQ/ TRABAJO, S/N","municipality":"Montcada i Reixac","province":"BARCELONA","postalCode":"08110","schedule":"L-V: 06:30-22:30; S: 08:00-20:00","fuels":{"gasoline95":1.719,"gasoline98":1.859,"diesel":1.895,"dieselPremium":1.97,"adblue":1.311},"extra":{"saleType":"P","margin":"D","reportingType":"dm","ideess":"2970","idMunicipio":"994","idProvincia":"08","idCCAA":"09"}}},{"type":"Feature","geometry":{"type":"Point","coordinates":[2.162944,41.482083]},"properties":{"id":"es-2971","source":"ES","brand":"CEPSA","address":"POLIGONO INDUSTRIAL HERMES, 4","municipality":"Montcada i Reixac","province":"BARCELONA","postalCode":"08110","schedule":"L-V: 06:00-21:00; S: 07:00-15:00","fuels":{"gasoline95":1.779,"gasoline95Premium":1.879,"gasoline98":1.909,"diesel":1.979,"dieselPremium":2.049},"extra":{"saleType":"P","margin":"I","reportingType":"OM","ideess":"2971","idMunicipio":"994","idProvincia":"08","idCCAA":"09"}}},{"type":"Feature","geometry":{"type":"Point","coordinates":[2.096389,41.558861]},"properties":{"id":"es-2972","source":"ES","brand":"AVIA","address":"AVENIDA CONCORDIA, 1","municipality":"Sabadell","province":"BARCELONA","postalCode":"08206","schedule":"L-D: 24H","fuels":{"gasoline95":1.689,"gasoline98":1.839,"diesel":1.789,"dieselPremium":1.889,"lpg":0.899,"adblue":0.899},"extra":{"saleType":"P","margin":"D","reportingType":"dm","ideess":"2972","idMunicipio":"1052","idProvincia":"08","idCCAA":"09"}}},{"type":"Feature","geometry":{"type":"Point","coordinates":[2.192833,41.535556]},"properties":{"id":"es-2975","source":"ES","brand":"MOEVE","address":"CARRETERA C-59 KM. 1,5","municipality":"Santa Perpètua de Mogoda","province":"BARCELONA","postalCode":"08130","schedule":"L-D: 06:00-22:00","fuels":{"gasoline95":1.769,"gasoline95Premium":1.879,"diesel":1.959,"dieselPremium":2.069},"extra":{"saleType":"P","margin":"I","reportingType":"OM","ideess":"2975","idMunicipio":"1125","idProvincia":"08","idCCAA":"09"}}},{"type":"Feature","geometry":{"type":"Point","coordinates":[2.195444,41.518833]},"properties":{"id":"es-2976","source":"ES","brand":"BALLENOIL","address":"CARRETERA N-152A KM. 15,1","municipality":"Santa Perpètua de Mogoda","province":"BARCELONA","postalCode":"08130","schedule":"L-D: 24H","fuels":{"gasoline95":1.619,"gasoline95Premium":1.629,"diesel":1.729,"dieselPremium":1.739},"extra":{"saleType":"P","margin":"D","reportingType":"OM","ideess":"2976","idMunicipio":"1125","idProvincia":"08","idCCAA":"09"}}},{"type":"Feature","geometry":{"type":"Point","coordinates":[2.099889,41.338639]},"properties":{"id":"es-2977","source":"ES","brand":"MOEVE","address":"AUTOVIA CASTELLDEFELS KM. 4,500","municipality":"Hospitalet de Llobregat (L')","province":"BARCELONA","postalCode":"08907","schedule":"L-V: 06:00-18:00","fuels":{"gasoline95":1.809,"gasoline95Premium":1.899,"diesel":1.979,"dieselPremium":2.059},"extra":{"saleType":"P","margin":"D","reportingType":"dm","ideess":"2977","idMunicipio":"965","idProvincia":"08","idCCAA":"09"}}},{"type":"Feature","geometry":{"type":"Point","coordinates":[2.425611,41.647972]},"properties":{"id":"es-2979","source":"ES","brand":"GALP","address":"AUTOPISTA AP 7 KM. 117","municipality":"Llinars del Vallès","province":"BARCELONA","postalCode":"08450","schedule":"L-D: 24H","fuels":{"gasoline95":1.839,"gasoline98":1.979,"diesel":1.939,"dieselPremium":2.029,"adblue":0.799},"extra":{"saleType":"P","margin":"I","reportingType":"OM","ideess":"2979","idMunicipio":"973","idProvincia":"08","idCCAA":"09"}}},{"type":"Feature","geometry":{"type":"Point","coordinates":[2.425667,41.646806]},"properties":{"id":"es-2980","source":"ES","brand":"GALP","address":"AUTOPISTA AP-7 KM. 117","municipality":"Llinars del Vallès","province":"BARCELONA","postalCode":"08450","schedule":"L-D: 24H","fuels":{"gasoline95":1.839,"gasoline98":1.979,"diesel":1.939,"dieselPremium":2.029,"adblue":0.799},"extra":{"saleType":"P","margin":"D","reportingType":"OM","ideess":"2980","idMunicipio":"973","idProvincia":"08","idCCAA":"09"}}},{"type":"Feature","geometry":{"type":"Point","coordinates":[2.443667,41.686028]},"properties":{"id":"es-2981","source":"ES","brand":"MOEVE","address":"CARRETERA DEL MONTSENY KM. 3","municipality":"Santa Maria de Palautordera","province":"BARCELONA","postalCode":"08460","schedule":"L-D: 06:00-22:00","fuels":{"gasoline95":1.779,"gasoline95Premium":1.909,"diesel":1.979,"dieselPremium":2.079},"extra":{"saleType":"P","margin":"I","reportingType":"OM","ideess":"2981","idMunicipio":"1123","idProvincia":"08","idCCAA":"09"}}},{"type":"Feature","geometry":{"type":"Point","coordinates":[2.017028,41.576194]},"properties":{"id":"es-2984","source":"ES","brand":"NIEVES","address":"Maestrazgo Esq.C/Matadepera,S/N","municipality":"Terrassa","province":"BARCELONA","postalCode":"08226","schedule":"L-D: 24H","fuels":{"gasoline95":1.599,"gasoline98":1.719,"diesel":1.699,"dieselPremium":1.729,"adblue":0.999},"extra":{"saleType":"P","margin":"N","reportingType":"dm","ideess":"2984","idMunicipio":"1141","idProvincia":"08","idCCAA":"09"}}},{"type":"Feature","geometry":{"type":"Point","coordinates":[2.120787,41.375833]},"properties":{"id":"es-2986","source":"ES","brand":"GALP","address":"Collblanc, 14-16","municipality":"Hospitalet de Llobregat (L')","province":"BARCELONA","postalCode":"08903","schedule":"L-D: 06:00-22:00","fuels":{"gasoline95":1.699,"gasoline98":1.809,"diesel":1.769,"dieselPremium":1.819},"extra":{"saleType":"P","margin":"N","reportingType":"OM","ideess":"2986","idMunicipio":"965","idProvincia":"08","idCCAA":"09"}}},{"type":"Feature","geometry":{"type":"Point","coordinates":[2.044806,41.376861]},"properties":{"id":"es-2988","source":"ES","brand":"EURONOR","address":"CALLE ARMENTERES, 62","municipality":"Sant Feliu de Llobregat","province":"BARCELONA","postalCode":"08980","schedule":"L-D: 24H","fuels":{"gasoline95":1.529,"diesel":1.639},"extra":{"saleType":"P","margin":"N","reportingType":"dm","ideess":"2988","idMunicipio":"1072","idProvincia":"08","idCCAA":"09"}}},{"type":"Feature","geometry":{"type":"Point","coordinates":[2.007611,41.555806]},"properties":{"id":"es-2992","source":"ES","brand":"EVOLUTION","address":"Rambla Pare Alegre, 39","municipality":"Terrassa","province":"BARCELONA","postalCode":"08224","schedule":"L-D: 24H","fuels":{"gasoline95":1.498,"diesel":1.617},"extra":{"saleType":"P","margin":"N","reportingType":"dm","ideess":"2992","idMunicipio":"1141","idProvincia":"08","idCCAA":"09"}}},{"type":"Feature","geometry":{"type":"Point","coordinates":[2.422972,41.532611]},"properties":{"id":"es-2994","source":"ES","brand":"GALP","address":"VÍA SERGIA, 100","municipality":"Mataró","province":"BARCELONA","postalCode":"08303","schedule":"L-D: 06:00-22:00","fuels":{"gasoline95":1.749,"gasoline95Premium":1.799,"diesel":1.924,"dieselPremium":1.974},"extra":{"saleType":"P","margin":"N","reportingType":"OM","ideess":"2994","idMunicipio":"987","idProvincia":"08","idCCAA":"09"}}},{"type":"Feature","geometry":{"type":"Point","coordinates":[2.186482,41.394195]},"properties":{"id":"es-2995","source":"ES","brand":"GALP","address":"Almogavares, 66","municipality":"Barcelona","province":"BARCELONA","postalCode":"08018","schedule":"L-D: 24H","fuels":{"gasoline95":1.749,"gasoline95Premium":1.799,"diesel":1.929,"dieselPremium":1.979},"extra":{"saleType":"P","margin":"N","reportingType":"OM","ideess":"2995","idMunicipio":"881","idProvincia":"08","idCCAA":"09"}}},{"type":"Feature","geometry":{"type":"Point","coordinates":[2.078611,41.367694]},"properties":{"id":"es-2997","source":"ES","brand":"REPSOL","address":"CARRETERA ESPLUGUES KM. 219","municipality":"Cornellà de Llobregat","province":"BARCELONA","postalCode":"08940","schedule":"L-D: 06:00-22:00","fuels":{"gasoline95":1.786,"gasoline98":1.966,"diesel":1.966,"dieselRenewable":2.086},"extra":{"saleType":"P","margin":"D","reportingType":"OM","ideess":"2997","idMunicipio":"937","idProvincia":"08","idCCAA":"09"}}},{"type":"Feature","geometry":{"type":"Point","coordinates":[2.430139,41.530028]},"properties":{"id":"es-2998","source":"ES","brand":"Q8","address":"CAMI DE SANT CRIST, 63","municipality":"Mataró","province":"BARCELONA","postalCode":"08302","schedule":"L-D: 24H","fuels":{"gasoline95":1.634,"diesel":1.634,"adblue":0.888},"extra":{"saleType":"P","margin":"D","reportingType":"dm","ideess":"2998","idMunicipio":"987","idProvincia":"08","idCCAA":"09"}}},{"type":"Feature","geometry":{"type":"Point","coordinates":[2.117833,41.361417]},"properties":{"id":"es-2999","source":"ES","brand":"TAMOIL","address":"CALLE JUAN RAMON JIMENEZ, 20","municipality":"Hospitalet de Llobregat (L')","province":"BARCELONA","postalCode":"08902","schedule":"L-D: 24H","fuels":{"gasoline95":1.679,"gasoline98":1.779,"diesel":1.779,"dieselRenewable":1.799,"biodiesel":1.759,"adblue":0.899},"extra":{"saleType":"P","margin":"N","reportingType":"OM","ideess":"2999","idMunicipio":"965","idProvincia":"08","idCCAA":"09"}}},{"type":"Feature","geometry":{"type":"Point","coordinates":[2.884944,41.861222]},"properties":{"id":"es-3002","source":"ES","brand":"PLENERGY","address":"CARRETERA C-65 KM. 16,12","municipality":"Cassà de la Selva","province":"GIRONA","postalCode":"17244","schedule":"L-D: 24H","fuels":{"gasoline95":1.609,"diesel":1.679},"extra":{"saleType":"P","margin":"D","reportingType":"dm","ideess":"3002","idMunicipio":"2490","idProvincia":"17","idCCAA":"09"}}},{"type":"Feature","geometry":{"type":"Point","coordinates":[2.136454,41.362972]},"properties":{"id":"es-3003","source":"ES","brand":"GALP","address":"Pº de la Zona Franca, 221-239","municipality":"Barcelona","province":"BARCELONA","postalCode":"08004","schedule":"L-D: 24H","fuels":{"gasoline95":1.734,"gasoline98":1.874,"diesel":1.909,"dieselPremium":1.959,"lpg":1.089},"extra":{"saleType":"P","margin":"N","reportingType":"OM","ideess":"3003","idMunicipio":"881","idProvincia":"08","idCCAA":"09"}}},{"type":"Feature","geometry":{"type":"Point","coordinates":[2.206861,41.432972]},"properties":{"id":"es-3005","source":"ES","brand":"REPSOL","address":"CALLE SANTANDER, 102","municipality":"Barcelona","province":"BARCELONA","postalCode":"08030","schedule":"L-D: 24H","fuels":{"gasoline95":1.665,"gasoline98":1.835,"diesel":1.799,"dieselPremium":1.919,"lpg":1.029},"extra":{"saleType":"P","margin":"D","reportingType":"dm","ideess":"3005","idMunicipio":"881","idProvincia":"08","idCCAA":"09"}}},{"type":"Feature","geometry":{"type":"Point","coordinates":[2.207028,41.406694]},"properties":{"id":"es-3006","source":"ES","brand":"TAMOIL","address":"CALLE PUJADES, 309","municipality":"Barcelona","province":"BARCELONA","postalCode":"08019","schedule":"L-D: 24H","fuels":{"gasoline95":1.629,"gasoline98":1.749,"diesel":1.749,"biodiesel":1.729,"adblue":0.899},"extra":{"saleType":"P","margin":"N","reportingType":"OM","ideess":"3006","idMunicipio":"881","idProvincia":"08","idCCAA":"09"}}},{"type":"Feature","geometry":{"type":"Point","coordinates":[2.080833,41.353806]},"properties":{"id":"es-3007","source":"ES","brand":"MEROIL","address":"AVENIDA DE LA FAMA, 2","municipality":"Cornellà de Llobregat","province":"BARCELONA","postalCode":"08940","schedule":"L-D: 24H","fuels":{"gasoline95":1.698,"gasoline98":1.878,"diesel":1.848,"dieselPremium":1.898,"lpg":0.918,"adblue":0.799},"extra":{"saleType":"P","margin":"N","reportingType":"dm","ideess":"3007","idMunicipio":"937","idProvincia":"08","idCCAA":"09"}}},{"type":"Feature","geometry":{"type":"Point","coordinates":[2.11175,41.346472]},"properties":{"id":"es-3008","source":"ES","brand":"GALP","address":"AUTOVIA CASTELLDEFELS KM. 2,7","municipality":"Hospitalet de Llobregat (L')","province":"BARCELONA","postalCode":"08246","schedule":"L-D: 24H","fuels":{"gasoline95":1.569,"diesel":1.689},"extra":{"saleType":"P","margin":"D","reportingType":"OM","ideess":"3008","idMunicipio":"965","idProvincia":"08","idCCAA":"09"}}},{"type":"Feature","geometry":{"type":"Point","coordinates":[2.109528,41.345833]},"properties":{"id":"es-3009","source":"ES","brand":"GALP","address":"AUTOVIA CASTELLDEFELS KM. 2,7","municipality":"Hospitalet de Llobregat (L')","province":"BARCELONA","postalCode":"08246","schedule":"L-D: 24H","fuels":{"gasoline95":1.744,"gasoline98":1.864,"diesel":1.924,"dieselPremium":1.974},"extra":{"saleType":"P","margin":"I","reportingType":"OM","ideess":"3009","idMunicipio":"965","idProvincia":"08","idCCAA":"09"}}},{"type":"Feature","geometry":{"type":"Point","coordinates":[2.190639,41.496611]},"properties":{"id":"es-3010","source":"ES","brand":"REPSOL","address":"AUTOVIA A-17 KM. 5,2","municipality":"Montcada i Reixac","province":"BARCELONA","postalCode":"08110","schedule":"L-D: 07:00-23:00","fuels":{"gasoline95":1.776,"gasoline98":1.906,"diesel":1.966,"dieselRenewable":2.086},"extra":{"saleType":"P","margin":"I","reportingType":"OM","ideess":"3010","idMunicipio":"994","idProvincia":"08","idCCAA":"09"}}},{"type":"Feature","geometry":{"type":"Point","coordinates":[2.054444,41.331556]},"properties":{"id":"es-3011","source":"ES","brand":"E.S. ALCAMPO SANT BOI","address":"CALLE ALBEREDES, 6,12","municipality":"Sant Boi de Llobregat","province":"BARCELONA","postalCode":"08830","schedule":"L-D: 24H","fuels":{"gasoline95":1.529,"gasoline98":1.724,"diesel":1.754,"dieselPremium":1.792},"extra":{"saleType":"P","margin":"I","reportingType":"dm","ideess":"3011","idMunicipio":"1062","idProvincia":"08","idCCAA":"09"}}},{"type":"Feature","geometry":{"type":"Point","coordinates":[2.429444,41.553278]},"properties":{"id":"es-3012","source":"ES","brand":"ALCAMPO","address":"C.C.MATARÓ PARK; CTRA.CIRERA, S/N","municipality":"Mataró","province":"BARCELONA","postalCode":"08304","schedule":"L-D: 24H","fuels":{"gasoline95":1.58,"gasoline98":1.719,"diesel":1.693,"dieselPremium":1.697},"extra":{"saleType":"P","margin":"N","reportingType":"dm","ideess":"3012","idMunicipio":"987","idProvincia":"08","idCCAA":"09"}}},{"type":"Feature","geometry":{"type":"Point","coordinates":[2.756778,41.757583]},"properties":{"id":"es-3014","source":"ES","brand":"LOW COST FUEL","address":"N-II km 689,216","municipality":"Maçanet de la Selva","province":"GIRONA","postalCode":"17412","schedule":"L-D: 24H","fuels":{"gasoline95":1.559,"diesel":1.629},"extra":{"saleType":"P","margin":"D","reportingType":"dm","ideess":"3014","idMunicipio":"2543","idProvincia":"17","idCCAA":"09"}}},{"type":"Feature","geometry":{"type":"Point","coordinates":[2.75725,41.757222]},"properties":{"id":"es-3015","source":"ES","brand":"LOW COST FUEL","address":"N-II km 689,216","municipality":"Maçanet de la Selva","province":"GIRONA","postalCode":"17412","schedule":"L-D: 24H","fuels":{"gasoline95":1.559,"diesel":1.629},"extra":{"saleType":"P","margin":"I","reportingType":"dm","ideess":"3015","idMunicipio":"2543","idProvincia":"17","idCCAA":"09"}}},{"type":"Feature","geometry":{"type":"Point","coordinates":[2.738889,41.774389]},"properties":{"id":"es-3017","source":"ES","brand":"CEPSA","address":"AUTOPISTA AP-7 KM. 86","municipality":"Maçanet de la Selva","province":"GIRONA","postalCode":"17412","schedule":"L-D: 24H","fuels":{"gasoline95":1.839,"gasoline95Premium":1.899,"gasoline98":1.949,"diesel":1.919,"dieselPremium":2.019,"dieselB":1.819},"extra":{"saleType":"P","margin":"D","reportingType":"OM","ideess":"3017","idMunicipio":"2543","idProvincia":"17","idCCAA":"09"}}},{"type":"Feature","geometry":{"type":"Point","coordinates":[2.030639,41.3215]},"properties":{"id":"es-3018","source":"ES","brand":"GALP","address":"AVENIDA PROGRESO ESQUINA CAN CALDERÓN, SN","municipality":"Viladecans","province":"BARCELONA","postalCode":"08840","schedule":"L-D: 06:00-22:00","fuels":{"gasoline95":1.769,"gasoline95Premium":1.819,"diesel":1.919,"dieselPremium":1.969,"adblue":0.799},"extra":{"saleType":"P","margin":"N","reportingType":"OM","ideess":"3018","idMunicipio":"1160","idProvincia":"08","idCCAA":"09"}}},{"type":"Feature","geometry":{"type":"Point","coordinates":[2.024121,41.391917]},"properties":{"id":"es-3019","source":"ES","brand":"GALP","address":"A-2 km 8,000","municipality":"Molins de Rei","province":"BARCELONA","postalCode":"08750","schedule":"L-D: 24H","fuels":{"gasoline95":1.739,"gasoline95Premium":1.789,"diesel":1.894,"dieselPremium":1.944,"lpg":1.029,"adblue":0.799},"extra":{"saleType":"P","margin":"N","reportingType":"OM","ideess":"3019","idMunicipio":"990","idProvincia":"08","idCCAA":"09"}}},{"type":"Feature","geometry":{"type":"Point","coordinates":[2.099,41.492944]},"properties":{"id":"es-3020","source":"ES","brand":"BP AP7 BELLATERRA (MD)","address":"AUTOPISTA AP-7 (MRG.DCHO.) KM. 151","municipality":"Cerdanyola del Vallès","province":"BARCELONA","postalCode":"08290","schedule":"L-D: 24H","fuels":{"gasoline95":1.769,"gasoline98":1.909,"diesel":1.999,"dieselPremium":2.089,"adblue":1.025},"extra":{"saleType":"P","margin":"D","reportingType":"OM","ideess":"3020","idMunicipio":"931","idProvincia":"08","idCCAA":"09"}}},{"type":"Feature","geometry":{"type":"Point","coordinates":[2.102083,41.492306]},"properties":{"id":"es-3021","source":"ES","brand":"BP AP7 BELLATERRA (MI)","address":"AUTOPISTA AP-7 (MRG.IZDO.) KM. 151","municipality":"Cerdanyola del Vallès","province":"BARCELONA","postalCode":"08290","schedule":"L-D: 24H","fuels":{"gasoline95":1.769,"gasoline98":1.909,"diesel":1.999,"dieselPremium":2.089,"adblue":1.025},"extra":{"saleType":"P","margin":"I","reportingType":"OM","ideess":"3021","idMunicipio":"931","idProvincia":"08","idCCAA":"09"}}},{"type":"Feature","geometry":{"type":"Point","coordinates":[2.810833,41.896889]},"properties":{"id":"es-3023","source":"ES","brand":"TAMOIL","address":"CARRETERA C-25 KM. 240","municipality":"Riudellots de la Selva","province":"GIRONA","postalCode":"17457","schedule":"L-D: 24H","fuels":{"gasoline95":1.699,"gasoline98":1.769,"diesel":1.769,"dieselRenewable":1.799,"biodiesel":1.739,"adblue":0.899},"extra":{"saleType":"P","margin":"N","reportingType":"OM","ideess":"3023","idMunicipio":"2590","idProvincia":"17","idCCAA":"09"}}},{"type":"Feature","geometry":{"type":"Point","coordinates":[2.281083,41.709028]},"properties":{"id":"es-3024","source":"ES","brand":"BENZINERA LA GARRIGA","address":"CARRETERA C-17 KM. 32,2","municipality":"Garriga (La)","province":"BARCELONA","postalCode":"08530","schedule":"L-D: 24H","fuels":{"gasoline95":1.549,"diesel":1.694},"extra":{"saleType":"P","margin":"N","reportingType":"OM","ideess":"3024","idMunicipio":"954","idProvincia":"08","idCCAA":"09"}}},{"type":"Feature","geometry":{"type":"Point","coordinates":[2.107944,41.358306]},"properties":{"id":"es-3026","source":"ES","brand":"TAMOIL","address":"AVENIDA FABREGADA, 55","municipality":"Hospitalet de Llobregat (L')","province":"BARCELONA","postalCode":"08901","schedule":"L-D: 24H","fuels":{"gasoline95":1.519,"gasoline98":1.699,"diesel":1.699,"biodiesel":1.619,"adblue":0.899},"extra":{"saleType":"P","margin":"N","reportingType":"OM","ideess":"3026","idMunicipio":"965","idProvincia":"08","idCCAA":"09"}}},{"type":"Feature","geometry":{"type":"Point","coordinates":[2.180232,41.415833]},"properties":{"id":"es-3027","source":"ES","brand":"GALP","address":"C/ Rambla Volart, 2 - Passeig Maragall","municipality":"Barcelona","province":"BARCELONA","postalCode":"08026","schedule":"L-D: 06:00-22:00","fuels":{"gasoline95":1.714,"gasoline95Premium":1.764,"diesel":1.944,"dieselPremium":1.994},"extra":{"saleType":"P","margin":"N","reportingType":"OM","ideess":"3027","idMunicipio":"881","idProvincia":"08","idCCAA":"09"}}},{"type":"Feature","geometry":{"type":"Point","coordinates":[2.091944,41.377444]},"properties":{"id":"es-3028","source":"ES","brand":"GALP","address":"AVINGUDA PAÏSOS CATALANS, 2","municipality":"Esplugues de Llobregat","province":"BARCELONA","postalCode":"08950","schedule":"L-D: 06:00-22:00","fuels":{"gasoline95":1.699,"gasoline95Premium":1.749,"diesel":1.859,"dieselPremium":1.909},"extra":{"saleType":"P","margin":"N","reportingType":"OM","ideess":"3028","idMunicipio":"941","idProvincia":"08","idCCAA":"09"}}},{"type":"Feature","geometry":{"type":"Point","coordinates":[2.000528,41.269694]},"properties":{"id":"es-3029","source":"ES","brand":"REPSOL","address":"CARRETERA AUTOVIA CASTELLDEFELS KM. 16,600","municipality":"Gavà","province":"BARCELONA","postalCode":"08850","schedule":"L-D: 24H","fuels":{"gasoline95":1.8,"gasoline98":1.93,"diesel":1.93,"dieselPremium":2.0},"extra":{"saleType":"P","margin":"D","reportingType":"OM","ideess":"3029","idMunicipio":"955","idProvincia":"08","idCCAA":"09"}}},{"type":"Feature","geometry":{"type":"Point","coordinates":[2.001167,41.269111]},"properties":{"id":"es-3030","source":"ES","brand":"REPSOL","address":"CARRETERA AUTOVIA DE CASTELLDEFELS KM. 16,600","municipality":"Gavà","province":"BARCELONA","postalCode":"08850","schedule":"L-D: 06:00-22:00","fuels":{"gasoline95":1.8,"gasoline98":1.93,"diesel":1.93,"dieselPremium":2.0},"extra":{"saleType":"P","margin":"I","reportingType":"OM","ideess":"3030","idMunicipio":"955","idProvincia":"08","idCCAA":"09"}}},{"type":"Feature","geometry":{"type":"Point","coordinates":[2.140083,41.419611]},"properties":{"id":"es-3031","source":"ES","brand":"GALP","address":"PASEO Pº VALLE DE HEBRÓN, 72","municipality":"Barcelona","province":"BARCELONA","postalCode":"08023","schedule":"L-D: 06:00-22:00","fuels":{"gasoline95":1.759,"gasoline98":1.909,"diesel":1.929,"dieselPremium":1.979},"extra":{"saleType":"P","margin":"N","reportingType":"OM","ideess":"3031","idMunicipio":"881","idProvincia":"08","idCCAA":"09"}}},{"type":"Feature","geometry":{"type":"Point","coordinates":[2.604917,41.607944]},"properties":{"id":"es-3032","source":"ES","brand":"GALP","address":"CALLE SANT GALDERICH, 14","municipality":"Sant Pol de Mar","province":"BARCELONA","postalCode":"08395","schedule":"L-D: 05:30-22:30","fuels":{"gasoline95":1.764,"gasoline95Premium":1.814,"diesel":1.934,"dieselPremium":1.984},"extra":{"saleType":"P","margin":"N","reportingType":"OM","ideess":"3032","idMunicipio":"1097","idProvincia":"08","idCCAA":"09"}}},{"type":"Feature","geometry":{"type":"Point","coordinates":[2.083,41.372333]},"properties":{"id":"es-3035","source":"ES","brand":"MEROIL","address":"PLAZA LA SARDANA, 3","municipality":"Esplugues de Llobregat","province":"BARCELONA","postalCode":"08950","schedule":"L-D: 24H","fuels":{"gasoline95":1.659,"gasoline98":1.819,"diesel":1.808,"dieselPremium":1.857,"lpg":0.918,"adblue":0.799},"extra":{"saleType":"P","margin":"N","reportingType":"dm","ideess":"3035","idMunicipio":"941","idProvincia":"08","idCCAA":"09"}}},{"type":"Feature","geometry":{"type":"Point","coordinates":[2.128889,41.430306]},"properties":{"id":"es-3037","source":"ES","brand":"MEROIL","address":"CARRETERA L'ARRABASSADA KM. 5","municipality":"Barcelona","province":"BARCELONA","postalCode":"08035","schedule":"L-D: 24H","fuels":{"gasoline95":1.698,"gasoline98":1.878,"diesel":1.848,"dieselPremium":1.898,"lpg":0.918,"adblue":0.799},"extra":{"saleType":"P","margin":"D","reportingType":"dm","ideess":"3037","idMunicipio":"881","idProvincia":"08","idCCAA":"09"}}},{"type":"Feature","geometry":{"type":"Point","coordinates":[2.061889,41.367639]},"properties":{"id":"es-8042","source":"ES","brand":"MEROIL","address":"AVENIDA BARCELONA, 41,43","municipality":"Sant Joan Despí","province":"BARCELONA","postalCode":"08970","schedule":"L-D: 24H","fuels":{"gasoline95":1.659,"gasoline98":1.819,"diesel":1.808,"dieselPremium":1.857,"lpg":0.918,"adblue":0.799},"extra":{"saleType":"P","margin":"N","reportingType":"dm","ideess":"8042","idMunicipio":"1080","idProvincia":"08","idCCAA":"09"}}},{"type":"Feature","geometry":{"type":"Point","coordinates":[2.007722,41.553389]},"properties":{"id":"es-8127","source":"ES","brand":"PETROCAT DIRECTE","address":"CALLE RAMBLA PARE ALEGRE, S/N","municipality":"Terrassa","province":"BARCELONA","postalCode":"08224","schedule":"L-V: 06:00-22:00; S-D: 07:00-22:00","fuels":{"gasoline95":1.756,"gasoline98":1.896,"diesel":1.946,"dieselPremium":2.016},"extra":{"saleType":"P","margin":"D","reportingType":"OM","ideess":"8127","idMunicipio":"1141","idProvincia":"08","idCCAA":"09"}}},{"type":"Feature","geometry":{"type":"Point","coordinates":[2.050611,41.543139]},"properties":{"id":"es-8129","source":"ES","brand":"PETROCAT KM 17","address":"AUTOPISTA C-58 KM. 17,2","municipality":"Terrassa","province":"BARCELONA","postalCode":"08220","schedule":"L-D: 06:00-22:00","fuels":{"gasoline95":1.756,"gasoline98":1.936,"diesel":1.95,"dieselPremium":2.02},"extra":{"saleType":"P","margin":"D","reportingType":"OM","ideess":"8129","idMunicipio":"1141","idProvincia":"08","idCCAA":"09"}}},{"type":"Feature","geometry":{"type":"Point","coordinates":[2.0505,41.541917]},"properties":{"id":"es-8130","source":"ES","brand":"PETROCAT","address":"AUTOPISTA C-58 KM. 17,2","municipality":"Terrassa","province":"BARCELONA","postalCode":"08220","schedule":"L: 06:00-22:00","fuels":{"gasoline95":1.756,"gasoline98":1.936,"diesel":1.95,"dieselPremium":2.02},"extra":{"saleType":"P","margin":"I","reportingType":"OM","ideess":"8130","idMunicipio":"1141","idProvincia":"08","idCCAA":"09"}}},{"type":"Feature","geometry":{"type":"Point","coordinates":[2.179861,41.41475]},"properties":{"id":"es-8135","source":"ES","brand":"GRATSA","address":"PASEO MARAGALL, 33","municipality":"Barcelona","province":"BARCELONA","postalCode":"08041","schedule":"L-D: 06:00-22:00","fuels":{"gasoline95":1.749,"gasoline98":1.909,"diesel":1.929},"extra":{"saleType":"P","margin":"N","reportingType":"dm","ideess":"8135","idMunicipio":"881","idProvincia":"08","idCCAA":"09"}}},{"type":"Feature","geometry":{"type":"Point","coordinates":[2.306917,41.612528]},"properties":{"id":"es-8208","source":"ES","brand":"GASUIR","address":"CALLE VALLES, 1","municipality":"Franqueses del Vallès (Les)","province":"BARCELONA","postalCode":"08520","schedule":"L-D: 05:00-23:00","fuels":{"gasoline95":1.647,"diesel":1.767,"adblue":0.857},"extra":{"saleType":"P","margin":"N","reportingType":"dm","ideess":"8208","idMunicipio":"951","idProvincia":"08","idCCAA":"09"}}},{"type":"Feature","geometry":{"type":"Point","coordinates":[2.108056,41.804056]},"properties":{"id":"es-8209","source":"ES","brand":"SERVIAUTO ECOLOGIC","address":"POLIGONO RONDE DE LES CONQUES, 17","municipality":"Moià","province":"BARCELONA","postalCode":"08180","schedule":"L-D: 24H","fuels":{"gasoline95":1.569,"gasoline98":1.769,"diesel":1.609,"dieselPremium":1.659},"extra":{"saleType":"P","margin":"N","reportingType":"dm","ideess":"8209","idMunicipio":"989","idProvincia":"08","idCCAA":"09"}}},{"type":"Feature","geometry":{"type":"Point","coordinates":[2.234861,41.85325]},"properties":{"id":"es-8213","source":"ES","brand":"SHELL","address":"AVENIDA VECINAL, S/N","municipality":"Tona","province":"BARCELONA","postalCode":"08551","schedule":"L-V: 09:00-13:00 y 15:00-18:00; S: 09:00-13:00","fuels":{"gasoline95":1.619,"diesel":1.729},"extra":{"saleType":"P","margin":"N","reportingType":"OM","ideess":"8213","idMunicipio":"1143","idProvincia":"08","idCCAA":"09"}}},{"type":"Feature","geometry":{"type":"Point","coordinates":[2.384556,41.512361]},"properties":{"id":"es-8232","source":"ES","brand":"BENZINERA  \" 38 \"","address":"POL.IND.\"ELS.GARROFERS\", 38","municipality":"Vilassar de Mar","province":"BARCELONA","postalCode":"08340","schedule":"L-D: 24H","fuels":{"gasoline95":1.499,"gasoline98":1.639,"diesel":1.649},"extra":{"saleType":"P","margin":"N","reportingType":"dm","ideess":"8232","idMunicipio":"1169","idProvincia":"08","idCCAA":"09"}}},{"type":"Feature","geometry":{"type":"Point","coordinates":[2.304528,41.481083]},"properties":{"id":"es-8329","source":"ES","brand":"BP ALELLA","address":"CARRETERA ALELLA KM. 1","municipality":"Alella","province":"BARCELONA","postalCode":"08328","schedule":"L-D: 24H","fuels":{"gasoline95":1.779,"gasoline98":1.919,"diesel":1.989,"dieselPremium":2.079},"extra":{"saleType":"P","margin":"N","reportingType":"OM","ideess":"8329","idMunicipio":"864","idProvincia":"08","idCCAA":"09"}}},{"type":"Feature","geometry":{"type":"Point","coordinates":[2.099361,41.544361]},"properties":{"id":"es-8341","source":"ES","brand":"BP SABADELL","address":"CR TERRASA 101","municipality":"Sabadell","province":"BARCELONA","postalCode":"08206","schedule":"L-D: 06:00-22:00","fuels":{"gasoline95":1.819,"gasoline98":1.959,"diesel":1.959,"dieselPremium":2.049},"extra":{"saleType":"P","margin":"N","reportingType":"OM","ideess":"8341","idMunicipio":"1052","idProvincia":"08","idCCAA":"09"}}},{"type":"Feature","geometry":{"type":"Point","coordinates":[2.092889,41.353778]},"properties":{"id":"es-8351","source":"ES","brand":"AYAFUEL","address":"AVENIDA FERROCARRILES CATALANES, 240","municipality":"Cornellà de Llobregat","province":"BARCELONA","postalCode":"08940","schedule":"L-D: 24H","fuels":{"gasoline95":1.52,"diesel":1.635},"extra":{"saleType":"P","margin":"N","reportingType":"dm","ideess":"8351","idMunicipio":"937","idProvincia":"08","idCCAA":"09"}}},{"type":"Feature","geometry":{"type":"Point","coordinates":[2.037306,41.506861]},"properties":{"id":"es-8372","source":"ES","brand":"BP","address":"CALLE PAGESIA, 2","municipality":"Rubí","province":"BARCELONA","postalCode":"08191","schedule":"L-V: 06:00-21:00; S: 09:00-14:00","fuels":{"gasoline95":1.729,"gasoline98":1.859,"diesel":1.919,"dieselPremium":2.019},"extra":{"saleType":"P","margin":"N","reportingType":"dm","ideess":"8372","idMunicipio":"1049","idProvincia":"08","idCCAA":"09"}}},{"type":"Feature","geometry":{"type":"Point","coordinates":[2.122361,41.407167]},"properties":{"id":"es-8393","source":"ES","brand":"SHELL","address":"CALLE IRADIER, S/N","municipality":"Barcelona","province":"BARCELONA","postalCode":"08017","schedule":"L-D: 24H","fuels":{"gasoline95":1.749,"gasoline98":1.889,"diesel":1.879,"dieselPremium":1.959},"extra":{"saleType":"P","margin":"N","reportingType":"OM","ideess":"8393","idMunicipio":"881","idProvincia":"08","idCCAA":"09"}}},{"type":"Feature","geometry":{"type":"Point","coordinates":[2.277278,41.609944]},"properties":{"id":"es-8394","source":"ES","brand":"SHELL","address":"CL.JOANOT MARTORELL","municipality":"Granollers","province":"BARCELONA","postalCode":"08400","schedule":"L-D: 24H","fuels":{"gasoline95":1.679,"gasoline98":1.819,"diesel":1.759,"dieselPremium":1.839,"lpg":0.999,"adblue":1.25},"extra":{"saleType":"P","margin":"N","reportingType":"OM","ideess":"8394","idMunicipio":"961","idProvincia":"08","idCCAA":"09"}}},{"type":"Feature","geometry":{"type":"Point","coordinates":[2.032917,41.397278]},"properties":{"id":"es-8395","source":"ES","brand":"SHELL","address":"CARRETERA N-340 KM. 1246","municipality":"Molins de Rei","province":"BARCELONA","postalCode":"08750","schedule":"L-D: 05:00-23:00","fuels":{"gasoline95":1.699,"gasoline98":1.839,"diesel":1.799,"dieselPremium":1.879,"adblue":1.25},"extra":{"saleType":"P","margin":"N","reportingType":"OM","ideess":"8395","idMunicipio":"990","idProvincia":"08","idCCAA":"09"}}},{"type":"Feature","geometry":{"type":"Point","coordinates":[2.228833,41.564111]},"properties":{"id":"es-8397","source":"ES","brand":"SHELL","address":"AVINGUDA CATALUNYA, 111","municipality":"Parets del Vallès","province":"BARCELONA","postalCode":"08150","schedule":"L-D: 24H","fuels":{"gasoline95":1.729,"gasoline98":1.869,"diesel":1.899,"dieselPremium":1.979,"adblue":1.25},"extra":{"saleType":"P","margin":"N","reportingType":"OM","ideess":"8397","idMunicipio":"1025","idProvincia":"08","idCCAA":"09"}}},{"type":"Feature","geometry":{"type":"Point","coordinates":[2.346306,41.614028]},"properties":{"id":"es-8398","source":"ES","brand":"SHELL","address":"POLIGONO CAN MESSEGUER, S/N","municipality":"Roca del Vallès (La)","province":"BARCELONA","postalCode":"08430","schedule":"L-D: 06:00-00:00","fuels":{"gasoline95":1.739,"gasoline98":1.879,"diesel":1.849,"dieselPremium":1.929},"extra":{"saleType":"P","margin":"N","reportingType":"OM","ideess":"8398","idMunicipio":"1047","idProvincia":"08","idCCAA":"09"}}},{"type":"Feature","geometry":{"type":"Point","coordinates":[2.100194,41.533333]},"properties":{"id":"es-8399","source":"ES","brand":"E.S. ROCBLUME  -SABADELL- GAS-OILS_ROVIRA-","address":"CALLE DE ROCAFORT, 123","municipality":"Sabadell","province":"BARCELONA","postalCode":"08205","schedule":"L-D: 24H","fuels":{"gasoline95":1.549,"gasoline98":1.729,"diesel":1.649,"dieselPremium":1.699},"extra":{"saleType":"P","margin":"N","reportingType":"dm","ideess":"8399","idMunicipio":"1052","idProvincia":"08","idCCAA":"09"}}},{"type":"Feature","geometry":{"type":"Point","coordinates":[2.077611,41.371278]},"properties":{"id":"es-8402","source":"ES","brand":"SHELL","address":"AVENIDA BAIX LLOBREGAT, S/N","municipality":"Sant Joan Despí","province":"BARCELONA","postalCode":"08970","schedule":"L-D: 24H","fuels":{"gasoline95":1.719,"gasoline98":1.859,"diesel":1.809,"dieselPremium":1.889,"lpg":0.999},"extra":{"saleType":"P","margin":"N","reportingType":"OM","ideess":"8402","idMunicipio":"1080","idProvincia":"08","idCCAA":"09"}}},{"type":"Feature","geometry":{"type":"Point","coordinates":[2.031806,41.398444]},"properties":{"id":"es-8784","source":"ES","brand":"PETROLIS DE BARCELONA","address":"CALLE RIERA CAN PAHISSA, 7,11","municipality":"Molins de Rei","province":"BARCELONA","postalCode":"08750","schedule":"L-D: 24H","fuels":{"gasoline95":1.609,"gasoline98":1.799,"diesel":1.769,"dieselPremium":1.799},"extra":{"saleType":"P","margin":"D","reportingType":"dm","ideess":"8784","idMunicipio":"990","idProvincia":"08","idCCAA":"09"}}},{"type":"Feature","geometry":{"type":"Point","coordinates":[2.161861,41.383083]},"properties":{"id":"es-9020","source":"ES","brand":"GRATSA","address":"CASANOVA 23","municipality":"Barcelona","province":"BARCELONA","postalCode":"08011","schedule":"L-D: 06:00-22:00","fuels":{"gasoline95":1.749,"diesel":1.929},"extra":{"saleType":"P","margin":"N","reportingType":"dm","ideess":"9020","idMunicipio":"881","idProvincia":"08","idCCAA":"09"}}},{"type":"Feature","geometry":{"type":"Point","coordinates":[2.038,41.551389]},"properties":{"id":"es-9130","source":"ES","brand":"COBASA","address":"AVENIDA VALLES, DEL, 149","municipality":"Terrassa","province":"BARCELONA","postalCode":"08223","schedule":"L: 24H","fuels":{"gasoline95":1.659,"diesel":1.819,"dieselPremium":1.899},"extra":{"saleType":"P","margin":"N","reportingType":"dm","ideess":"9130","idMunicipio":"1141","idProvincia":"08","idCCAA":"09"}}},{"type":"Feature","geometry":{"type":"Point","coordinates":[2.253944,41.942194]},"properties":{"id":"es-9147","source":"ES","brand":"SHELL","address":"SABADELL, 4-6","municipality":"Vic","province":"BARCELONA","postalCode":"08500","schedule":"L-D: 24H","fuels":{"gasoline95":1.639,"gasoline98":1.829,"diesel":1.779,"dieselPremium":1.899,"dieselB":1.379,"adblue":0.699},"extra":{"saleType":"P","margin":"N","reportingType":"dm","ideess":"9147","idMunicipio":"1158","idProvincia":"08","idCCAA":"09"}}},{"type":"Feature","geometry":{"type":"Point","coordinates":[2.240417,41.571861]},"properties":{"id":"es-9158","source":"ES","brand":"NIEVES PARETS LLEVANTPARK","address":"C/ TENES, 1","municipality":"Parets del Vallès","province":"BARCELONA","postalCode":"08150","schedule":"L-D: 24H","fuels":{"gasoline95":1.759,"diesel":1.899,"adblue":0.929},"extra":{"saleType":"P","margin":"N","reportingType":"dm","ideess":"9158","idMunicipio":"1025","idProvincia":"08","idCCAA":"09"}}},{"type":"Feature","geometry":{"type":"Point","coordinates":[2.050194,41.345806]},"properties":{"id":"es-9226","source":"ES","brand":"PANDORA ENERGY","address":"CARRETERA CRTA.STA.CREU CALAFELL KM 7,8 KM. 7,800","municipality":"Sant Boi de Llobregat","province":"BARCELONA","postalCode":"08830","schedule":"L-D: 24H","fuels":{"gasoline95":1.539,"diesel":1.679},"extra":{"saleType":"P","margin":"D","reportingType":"dm","ideess":"9226","idMunicipio":"1062","idProvincia":"08","idCCAA":"09"}}},{"type":"Feature","geometry":{"type":"Point","coordinates":[2.042222,41.331778]},"properties":{"id":"es-9403","source":"ES","brand":"GALP","address":"CARRETERA SANTA CREU DE CALAFELL DE KM. 10","municipality":"Sant Boi de Llobregat","province":"BARCELONA","postalCode":"08830","schedule":"L-D: 24H","fuels":{"gasoline95":1.694,"gasoline98":1.804,"diesel":1.814,"dieselPremium":1.864,"adblue":0.799},"extra":{"saleType":"P","margin":"I","reportingType":"OM","ideess":"9403","idMunicipio":"1062","idProvincia":"08","idCCAA":"09"}}},{"type":"Feature","geometry":{"type":"Point","coordinates":[2.367111,41.524944]},"properties":{"id":"es-9428","source":"ES","brand":"SHELL","address":"CARRETERA VILASAR DE MAR KM. 3,343","municipality":"Cabrils","province":"BARCELONA","postalCode":"08348","schedule":"L-D: 05:30-23:30","fuels":{"gasoline95":1.769,"gasoline98":1.899,"diesel":1.949,"dieselPremium":1.999},"extra":{"saleType":"P","margin":"D","reportingType":"dm","ideess":"9428","idMunicipio":"892","idProvincia":"08","idCCAA":"09"}}},{"type":"Feature","geometry":{"type":"Point","coordinates":[2.394694,41.514222]},"properties":{"id":"es-9471","source":"ES","brand":"REPSOL","address":"B-502 km 1","municipality":"Cabrera de Mar","province":"BARCELONA","postalCode":"08349","schedule":"L-D: 06:00-22:00","fuels":{"gasoline95":1.786,"gasoline98":1.916,"diesel":1.946,"dieselRenewable":2.066},"extra":{"saleType":"P","margin":"I","reportingType":"OM","ideess":"9471","idMunicipio":"890","idProvincia":"08","idCCAA":"09"}}},{"type":"Feature","geometry":{"type":"Point","coordinates":[2.379111,41.495722]},"properties":{"id":"es-9475","source":"ES","brand":"BP PLANAMAR","address":"CARRETERA NACIONAL II KM. 639,5","municipality":"Vilassar de Mar","province":"BARCELONA","postalCode":"08340","schedule":"L-D: 06:00-22:00","fuels":{"gasoline95":1.789,"gasoline98":1.929,"diesel":1.979,"dieselPremium":2.069},"extra":{"saleType":"P","margin":"I","reportingType":"OM","ideess":"9475","idMunicipio":"1169","idProvincia":"08","idCCAA":"09"}}},{"type":"Feature","geometry":{"type":"Point","coordinates":[2.024333,41.470806]},"properties":{"id":"es-9547","source":"ES","brand":"TAMOIL","address":"CALLE COMP WAGNER, 21","municipality":"Rubí","province":"BARCELONA","postalCode":"08191","schedule":"L-D: 24H","fuels":{"gasoline95":1.599,"diesel":1.769,"adblue":0.899},"extra":{"saleType":"P","margin":"I","reportingType":"OM","ideess":"9547","idMunicipio":"1049","idProvincia":"08","idCCAA":"09"}}},{"type":"Feature","geometry":{"type":"Point","coordinates":[2.146806,41.401861]},"properties":{"id":"es-9599","source":"ES","brand":"REPSOL","address":"CALLE BALMES, 288","municipality":"Barcelona","province":"BARCELONA","postalCode":"08006","schedule":"L-D: 24H","fuels":{"gasoline95":1.796,"gasoline98":1.906,"diesel":1.96,"dieselRenewable":2.07},"extra":{"saleType":"P","margin":"N","reportingType":"dm","ideess":"9599","idMunicipio":"881","idProvincia":"08","idCCAA":"09"}}},{"type":"Feature","geometry":{"type":"Point","coordinates":[2.778028,41.678833]},"properties":{"id":"es-9708","source":"ES","brand":"REPSOL","address":"CARRER ACCES COSTA BRAVA, 136","municipality":"Blanes","province":"GIRONA","postalCode":"17300","schedule":"L-D: 06:00-22:00","fuels":{"gasoline95":1.806,"gasoline95Premium":1.876,"gasoline98":1.936,"diesel":1.93,"dieselRenewable":2.05,"lpg":1.129},"extra":{"saleType":"P","margin":"I","reportingType":"OM","ideess":"9708","idMunicipio":"2470","idProvincia":"17","idCCAA":"09"}}},{"type":"Feature","geometry":{"type":"Point","coordinates":[2.293361,41.63575]},"properties":{"id":"es-9854","source":"ES","brand":"TOTAL","address":"CALLE ANTIC DE VIC, S","municipality":"Franqueses del Vallès (Les)","province":"BARCELONA","postalCode":"08520","schedule":"L: 06:00-23:00","fuels":{"diesel":1.539,"dieselB":1.3},"extra":{"saleType":"P","margin":"N","reportingType":"dm","ideess":"9854","idMunicipio":"951","idProvincia":"08","idCCAA":"09"}}},{"type":"Feature","geometry":{"type":"Point","coordinates":[2.546611,41.719111]},"properties":{"id":"es-9881","source":"ES","brand":"REPSOL","address":"CARRETERA COMARCAL 251 KM. 26,300","municipality":"Sant Celoni","province":"BARCELONA","postalCode":"08476","schedule":"L-D: 05:00-23:00","fuels":{"gasoline95":1.779,"gasoline98":1.929,"diesel":1.939,"dieselRenewable":2.019},"extra":{"saleType":"P","margin":"I","reportingType":"dm","ideess":"9881","idMunicipio":"1065","idProvincia":"08","idCCAA":"09"}}},{"type":"Feature","geometry":{"type":"Point","coordinates":[2.133417,41.381833]},"properties":{"id":"es-9921","source":"ES","brand":"MEROIL","address":"CALLE GALILEU, 210","municipality":"Barcelona","province":"BARCELONA","postalCode":"08028","schedule":"L-D: 24H","fuels":{"gasoline95":1.787,"gasoline98":1.949,"diesel":1.994,"dieselPremium":1.999,"adblue":0.933},"extra":{"saleType":"P","margin":"D","reportingType":"OM","ideess":"9921","idMunicipio":"881","idProvincia":"08","idCCAA":"09"}}}]}