{"type":"FeatureCollection","features":[{"type":"Feature","geometry":{"type":"Point","coordinates":[-1.501,38.038472]},"properties":{"id":"es-10050","source":"ES","brand":"FRUCIMU","address":"CTRA.CARAVACA, S/N","municipality":"Mula","province":"MURCIA","postalCode":"30170","schedule":"L-D: 24H","fuels":{"gasoline95":1.55,"diesel":1.7,"dieselB":1.36},"extra":{"saleType":"P","margin":"D","reportingType":"dm","ideess":"10050","idMunicipio":"4584","idProvincia":"30","idCCAA":"14"}}},{"type":"Feature","geometry":{"type":"Point","coordinates":[-1.32875,38.789694]},"properties":{"id":"es-10526","source":"ES","brand":"BODEGAS SANTIAGO APOSTOL","address":"CALLE CAPATAZ SANTIAGO, 91","municipality":"Montealegre del Castillo","province":"ALBACETE","postalCode":"02650","schedule":"L-D: 06:30-23:00","fuels":{"diesel":1.739,"dieselB":1.409},"extra":{"saleType":"P","margin":"D","reportingType":"dm","ideess":"10526","idMunicipio":"102","idProvincia":"02","idCCAA":"07"}}},{"type":"Feature","geometry":{"type":"Point","coordinates":[-1.596722,38.46425]},"properties":{"id":"es-10575","source":"ES","brand":"MOEVE","address":"AUTOVIA A-30 KM. 322,5","municipality":"Hellín","province":"ALBACETE","postalCode":"02400","schedule":"L-D: 06:00-23:00","fuels":{"gasoline95":1.829,"gasoline98":1.989,"diesel":1.989,"dieselPremium":2.069,"adblue":1.199},"extra":{"saleType":"P","margin":"D","reportingType":"dm","ideess":"10575","idMunicipio":"88","idProvincia":"02","idCCAA":"07"}}},{"type":"Feature","geometry":{"type":"Point","coordinates":[-1.262444,38.024861]},"properties":{"id":"es-10603","source":"ES","brand":"REPSOL","address":"AVENIDA LOS REYES CATOLICOS","municipality":"Torres de Cotillas (Las)","province":"MURCIA","postalCode":"30565","schedule":"L-D: 24H","fuels":{"gasoline95":1.799,"gasoline98":1.929,"diesel":1.939,"dieselPremium":2.059,"dieselB":1.659},"extra":{"saleType":"P","margin":"D","reportingType":"dm","ideess":"10603","idMunicipio":"4594","idProvincia":"30","idCCAA":"14"}}},{"type":"Feature","geometry":{"type":"Point","coordinates":[-1.497667,38.622944]},"properties":{"id":"es-10619","source":"ES","brand":"REPSOL","address":"CRTA.CM km KM297,5","municipality":"Ontur","province":"ALBACETE","postalCode":"02652","schedule":"L-D: 07:00-21:00","fuels":{"gasoline95":1.739,"gasoline95Premium":1.819,"diesel":1.945,"dieselB":1.719,"dieselRenewable":2.065},"extra":{"saleType":"P","margin":"I","reportingType":"OM","ideess":"10619","idMunicipio":"107","idProvincia":"02","idCCAA":"07"}}},{"type":"Feature","geometry":{"type":"Point","coordinates":[-1.21775,38.079472]},"properties":{"id":"es-10632","source":"ES","brand":"LA CAÑADA","address":"CAMINO DEL PANDERON -AUTOVIA A30 SALIDA 126","municipality":"Molina de Segura","province":"MURCIA","postalCode":"30500","schedule":"L-D: 24H","fuels":{"gasoline95":1.599,"gasoline98":1.688,"diesel":1.739,"dieselPremium":1.798,"dieselB":1.359,"adblue":0.899},"extra":{"saleType":"P","margin":"N","reportingType":"dm","ideess":"10632","idMunicipio":"4582","idProvincia":"30","idCCAA":"14"}}},{"type":"Feature","geometry":{"type":"Point","coordinates":[-1.890417,38.183639]},"properties":{"id":"es-10655","source":"ES","brand":"E.S.HNOS.BLAZQUEZ SL","address":"CARRETERA CARAVACA KM. 47","municipality":"Moratalla","province":"MURCIA","postalCode":"30440","schedule":"L-D: 24H","fuels":{"gasoline95":1.719,"gasoline98":1.859,"diesel":1.859,"dieselPremium":1.929},"extra":{"saleType":"P","margin":"D","reportingType":"dm","ideess":"10655","idMunicipio":"4583","idProvincia":"30","idCCAA":"14"}}},{"type":"Feature","geometry":{"type":"Point","coordinates":[-1.881833,38.190583]},"properties":{"id":"es-10670","source":"ES","brand":"E.S. SOMARES S.L.","address":"CARRETERA CALASPARRA (DE) KM. 14,257","municipality":"Moratalla","province":"MURCIA","postalCode":"30440","schedule":"L-D: 06:00-22:30","fuels":{"gasoline95":1.719,"gasoline98":1.869,"diesel":1.859,"dieselPremium":1.929,"adblue":0.659},"extra":{"saleType":"P","margin":"D","reportingType":"dm","ideess":"10670","idMunicipio":"4583","idProvincia":"30","idCCAA":"14"}}},{"type":"Feature","geometry":{"type":"Point","coordinates":[-1.1595,38.018806]},"properties":{"id":"es-10730","source":"ES","brand":"OMEGA ESPINARDO","address":"CARRETERA NACIONAL 301 KM. 389","municipality":"Murcia","province":"MURCIA","postalCode":"30100","schedule":"L-D: 07:00-22:00","fuels":{"gasoline95":1.685,"gasoline98":1.897,"diesel":1.77,"dieselPremium":1.81},"extra":{"saleType":"P","margin":"I","reportingType":"dm","ideess":"10730","idMunicipio":"4585","idProvincia":"30","idCCAA":"14"}}},{"type":"Feature","geometry":{"type":"Point","coordinates":[-1.8685,38.985667]},"properties":{"id":"es-10765","source":"ES","brand":"CARREFOUR","address":"AVENIDA 1º DE MAYO, S/N","municipality":"Albacete","province":"ALBACETE","postalCode":"02001","schedule":"L-S: 08:00-22:00; D: 09:00-21:00","fuels":{"gasoline95":1.779,"gasoline98":1.909,"diesel":1.929,"dieselPremium":1.969},"extra":{"saleType":"P","margin":"N","reportingType":"dm","ideess":"10765","idMunicipio":"54","idProvincia":"02","idCCAA":"07"}}},{"type":"Feature","geometry":{"type":"Point","coordinates":[-1.416528,38.032722]},"properties":{"id":"es-10824","source":"ES","brand":"REPOSTANDO","address":"AUTOVIA DEL NOROESTE KM. 17","municipality":"Mula","province":"MURCIA","postalCode":"30170","schedule":"L-D: 06:00-22:30","fuels":{"gasoline95":1.659,"diesel":1.739,"dieselPremium":1.739},"extra":{"saleType":"P","margin":"I","reportingType":"dm","ideess":"10824","idMunicipio":"4584","idProvincia":"30","idCCAA":"14"}}},{"type":"Feature","geometry":{"type":"Point","coordinates":[-1.416278,38.032944]},"properties":{"id":"es-10825","source":"ES","brand":"LOS LLANOS II","address":"AUTOVIA DEL NOROESTE KM. 17","municipality":"Mula","province":"MURCIA","postalCode":"30170","schedule":"L-D: 06:00-22:00","fuels":{"gasoline95":1.706,"diesel":1.816,"dieselB":1.506},"extra":{"saleType":"P","margin":"D","reportingType":"dm","ideess":"10825","idMunicipio":"4584","idProvincia":"30","idCCAA":"14"}}},{"type":"Feature","geometry":{"type":"Point","coordinates":[-1.223056,38.071944]},"properties":{"id":"es-10968","source":"ES","brand":"BP TORREMONTIJO","address":"CARRETERA N-344 KM. 380,90","municipality":"Molina de Segura","province":"MURCIA","postalCode":"30500","schedule":"L-V: 06:00-23:00; S-D: 07:00-23:00","fuels":{"gasoline95":1.779,"diesel":1.919,"dieselPremium":2.009,"adblue":0.9},"extra":{"saleType":"P","margin":"I","reportingType":"dm","ideess":"10968","idMunicipio":"4582","idProvincia":"30","idCCAA":"14"}}},{"type":"Feature","geometry":{"type":"Point","coordinates":[-1.919778,38.970167]},"properties":{"id":"es-11048","source":"ES","brand":"CEPSA","address":"CARRETERA N-322 KM. 349","municipality":"Albacete","province":"ALBACETE","postalCode":"02004","schedule":"L-V: 07:30-21:30; S-D: 08:00-21:00","fuels":{"gasoline95":1.805,"gasoline95Premium":1.895,"diesel":2.004,"dieselPremium":2.085},"extra":{"saleType":"P","margin":"D","reportingType":"dm","ideess":"11048","idMunicipio":"54","idProvincia":"02","idCCAA":"07"}}},{"type":"Feature","geometry":{"type":"Point","coordinates":[-1.150056,38.041278]},"properties":{"id":"es-11078","source":"ES","brand":"GPS-NUEVA CONDOMINA","address":"AUTOPISTA A7 (C.C. NUEVA CONDOMINA) KM. 730","municipality":"Murcia","province":"MURCIA","postalCode":"30110","schedule":"L-S: 08:30-22:30; D: 10:00-19:00","fuels":{"gasoline95":1.698,"gasoline95Premium":1.698,"diesel":1.798,"dieselPremium":1.798},"extra":{"saleType":"P","margin":"N","reportingType":"dm","ideess":"11078","idMunicipio":"4585","idProvincia":"30","idCCAA":"14"}}},{"type":"Feature","geometry":{"type":"Point","coordinates":[-1.705389,38.545111]},"properties":{"id":"es-11142","source":"ES","brand":"IDS","address":"POLIGONO SAN RAFAEL 3ª FASE, SN","municipality":"Hellín","province":"ALBACETE","postalCode":"02400","schedule":"L-D: 24H","fuels":{"diesel":2.021,"adblue":1.105},"extra":{"saleType":"P","margin":"N","reportingType":"dm","ideess":"11142","idMunicipio":"88","idProvincia":"02","idCCAA":"07"}}},{"type":"Feature","geometry":{"type":"Point","coordinates":[-1.636389,38.495972]},"properties":{"id":"es-11181","source":"ES","brand":"HELLIN GAS S.L.","address":"CARRETERA TORREUCHEA KM. 1","municipality":"Hellín","province":"ALBACETE","postalCode":"02400","schedule":"L-D: 24H","fuels":{"gasoline95":1.739,"gasoline98":1.909,"diesel":1.945,"dieselPremium":2.055,"lpg":1.169},"extra":{"saleType":"P","margin":"D","reportingType":"OM","ideess":"11181","idMunicipio":"88","idProvincia":"02","idCCAA":"07"}}},{"type":"Feature","geometry":{"type":"Point","coordinates":[-1.845306,38.971778]},"properties":{"id":"es-11297","source":"ES","brand":"REPSOL Nº ESTACIÓN 97179","address":"MADRID-CARTAGENA km 248,5","municipality":"Albacete","province":"ALBACETE","postalCode":"02007","schedule":"L-V: 06:00-22:00","fuels":{"gasoline95":1.795,"gasoline98":1.955,"diesel":1.969,"dieselPremium":2.079},"extra":{"saleType":"P","margin":"I","reportingType":"OM","ideess":"11297","idMunicipio":"54","idProvincia":"02","idCCAA":"07"}}},{"type":"Feature","geometry":{"type":"Point","coordinates":[-1.508333,38.609556]},"properties":{"id":"es-11340","source":"ES","brand":"ONTALBA S. COOP DE C-LM","address":"CAMINO DE HELLIN S/N","municipality":"Ontur","province":"ALBACETE","postalCode":"02652","schedule":"L-D: 24H","fuels":{"diesel":1.699,"dieselB":1.336},"extra":{"saleType":"P","margin":"D","reportingType":"dm","ideess":"11340","idMunicipio":"107","idProvincia":"02","idCCAA":"07"}}},{"type":"Feature","geometry":{"type":"Point","coordinates":[-1.685417,38.594639]},"properties":{"id":"es-11399","source":"ES","brand":"E.S. TOBARRA","address":"AVENIDA GUARDIA CIVIL, 114","municipality":"Tobarra","province":"ALBACETE","postalCode":"02500","schedule":"L-D: 07:00-22:00","fuels":{"gasoline95":1.759,"gasoline95Premium":1.859,"diesel":1.889,"dieselPremium":1.929},"extra":{"saleType":"P","margin":"D","reportingType":"dm","ideess":"11399","idMunicipio":"126","idProvincia":"02","idCCAA":"07"}}},{"type":"Feature","geometry":{"type":"Point","coordinates":[-1.288111,38.094694]},"properties":{"id":"es-11476","source":"ES","brand":"LOS TORRAOS","address":"AVENIDA ESPAÑA, 29","municipality":"Ceutí","province":"MURCIA","postalCode":"30563","schedule":"L-S: 06:00-22:30; D: 06:00-22:00","fuels":{"gasoline95":1.615,"gasoline95Premium":1.695,"diesel":1.743,"dieselPremium":1.763},"extra":{"saleType":"P","margin":"N","reportingType":"dm","ideess":"11476","idMunicipio":"4573","idProvincia":"30","idCCAA":"14"}}},{"type":"Feature","geometry":{"type":"Point","coordinates":[-1.199778,38.07375]},"properties":{"id":"es-11491","source":"ES","brand":"REPSOL","address":"CARRETERA A-5 KM. 5,000","municipality":"Molina de Segura","province":"MURCIA","postalCode":"30500","schedule":"L-D: 24H","fuels":{"gasoline95":1.839,"gasoline98":1.999,"diesel":1.989,"dieselRenewable":2.069,"adblue":0.999},"extra":{"saleType":"P","margin":"D","reportingType":"dm","ideess":"11491","idMunicipio":"4582","idProvincia":"30","idCCAA":"14"}}},{"type":"Feature","geometry":{"type":"Point","coordinates":[-1.334194,38.457]},"properties":{"id":"es-11541","source":"ES","brand":"MULTIGAS ENERTICA S.L.","address":"CARRETERA 3314 KM. 2,2","municipality":"Jumilla","province":"MURCIA","postalCode":"30520","schedule":"L-D: 24H","fuels":{"diesel":1.859},"extra":{"saleType":"P","margin":"D","reportingType":"dm","ideess":"11541","idMunicipio":"4577","idProvincia":"30","idCCAA":"14"}}},{"type":"Feature","geometry":{"type":"Point","coordinates":[-1.171028,38.027694]},"properties":{"id":"es-11552","source":"ES","brand":"V2 GASOLINERAS","address":"CARRETERA MADRID KM. 388,200","municipality":"Murcia","province":"MURCIA","postalCode":"30100","schedule":"L-D: 06:00-22:00","fuels":{"gasoline95":1.659,"diesel":1.759},"extra":{"saleType":"P","margin":"D","reportingType":"dm","ideess":"11552","idMunicipio":"4585","idProvincia":"30","idCCAA":"14"}}},{"type":"Feature","geometry":{"type":"Point","coordinates":[-1.145889,38.031]},"properties":{"id":"es-11835","source":"ES","brand":"THADER I","address":"PARQUE EMPRESARIAL THADER, 18","municipality":"Murcia","province":"MURCIA","postalCode":"30110","schedule":"L-D: 07:00-23:00","fuels":{"gasoline95":1.659,"gasoline98":1.759,"diesel":1.759,"dieselPremium":1.859},"extra":{"saleType":"P","margin":"I","reportingType":"dm","ideess":"11835","idMunicipio":"4585","idProvincia":"30","idCCAA":"14"}}},{"type":"Feature","geometry":{"type":"Point","coordinates":[-1.902694,38.054861]},"properties":{"id":"es-11864","source":"ES","brand":"TRADIC","address":"POLIGONO CAVILA FASE II, SN","municipality":"Caravaca de la Cruz","province":"MURCIA","postalCode":"30400","schedule":"L-V: 08:00-20:00; S: 09:00-14:00","fuels":{"diesel":1.71,"adblue":0.58},"extra":{"saleType":"P","margin":"N","reportingType":"dm","ideess":"11864","idMunicipio":"4570","idProvincia":"30","idCCAA":"14"}}},{"type":"Feature","geometry":{"type":"Point","coordinates":[-1.236944,38.033944]},"properties":{"id":"es-11877","source":"ES","brand":"FUENTES LOGISTICS QUALITY","address":"CARRETERA N-344 KM. 7","municipality":"Torres de Cotillas (Las)","province":"MURCIA","postalCode":"30565","schedule":"L-D: 24H","fuels":{"diesel":1.759,"dieselB":1.549,"adblue":0.879},"extra":{"saleType":"P","margin":"I","reportingType":"dm","ideess":"11877","idMunicipio":"4594","idProvincia":"30","idCCAA":"14"}}},{"type":"Feature","geometry":{"type":"Point","coordinates":[-1.038639,38.063472]},"properties":{"id":"es-11985","source":"ES","brand":"REPSOL","address":"CARRETERA N-340 SISCAR ORIHUELA KM. 676,50","municipality":"Santomera","province":"MURCIA","postalCode":"30140","schedule":"L-D: 24H","fuels":{"gasoline95":1.829,"gasoline98":1.999,"diesel":1.969,"dieselRenewable":2.079},"extra":{"saleType":"P","margin":"D","reportingType":"dm","ideess":"11985","idMunicipio":"4592","idProvincia":"30","idCCAA":"14"}}},{"type":"Feature","geometry":{"type":"Point","coordinates":[-1.436611,38.262222]},"properties":{"id":"es-11997","source":"ES","brand":"SERMUCO","address":"POLIGONO LOS PRADOS, 6","municipality":"Cieza","province":"MURCIA","postalCode":"30530","schedule":"L-D: 24H","fuels":{"gasoline95":1.579,"diesel":1.759,"dieselPremium":1.789,"dieselB":1.429},"extra":{"saleType":"P","margin":"N","reportingType":"dm","ideess":"11997","idMunicipio":"4574","idProvincia":"30","idCCAA":"14"}}},{"type":"Feature","geometry":{"type":"Point","coordinates":[-1.124111,38.150722]},"properties":{"id":"es-12029","source":"ES","brand":"E.S. PREMIER","address":"CALLE SODALES, S/N","municipality":"Fortuna","province":"MURCIA","postalCode":"30620","schedule":"L-D: 24H","fuels":{"gasoline95":1.568,"gasoline98":1.668,"diesel":1.668,"dieselPremium":1.698,"adblue":0.788},"extra":{"saleType":"P","margin":"I","reportingType":"dm","ideess":"12029","idMunicipio":"4575","idProvincia":"30","idCCAA":"14"}}},{"type":"Feature","geometry":{"type":"Point","coordinates":[-1.704583,38.207111]},"properties":{"id":"es-12033","source":"ES","brand":"E.S PETROGAZ","address":"CARRETERA CALASPARRA-VALENTIN KM. 1,5","municipality":"Calasparra","province":"MURCIA","postalCode":"30420","schedule":"L-S: 08:00-14:00 y 15:00-21:00","fuels":{"gasoline95":1.649,"diesel":1.739},"extra":{"saleType":"P","margin":"I","reportingType":"dm","ideess":"12033","idMunicipio":"4568","idProvincia":"30","idCCAA":"14"}}},{"type":"Feature","geometry":{"type":"Point","coordinates":[-1.142972,38.024083]},"properties":{"id":"es-12101","source":"ES","brand":"MOEVE","address":"AVENIDA DON JUAN DE BORBON, SN","municipality":"Murcia","province":"MURCIA","postalCode":"30110","schedule":"L-D: 24H","fuels":{"gasoline95":1.794,"gasoline95Premium":1.884,"gasoline98":1.914,"diesel":1.944,"dieselPremium":2.024,"lpg":1.129},"extra":{"saleType":"P","margin":"D","reportingType":"OM","ideess":"12101","idMunicipio":"4585","idProvincia":"30","idCCAA":"14"}}},{"type":"Feature","geometry":{"type":"Point","coordinates":[-1.178139,38.066722]},"properties":{"id":"es-12201","source":"ES","brand":"SHELL","address":"AVENIDA DEL GOLF, S/N","municipality":"Molina de Segura","province":"MURCIA","postalCode":"30500","schedule":"L-D: 06:00-00:00","fuels":{"gasoline95":1.769,"gasoline98":1.909,"diesel":1.899,"dieselPremium":1.979},"extra":{"saleType":"P","margin":"N","reportingType":"OM","ideess":"12201","idMunicipio":"4582","idProvincia":"30","idCCAA":"14"}}},{"type":"Feature","geometry":{"type":"Point","coordinates":[-1.1375,38.018528]},"properties":{"id":"es-12284","source":"ES","brand":"BP CHURRA","address":"AVENIDA DON JUAN DE BORBON, S/","municipality":"Murcia","province":"MURCIA","postalCode":"30110","schedule":"L-D: 06:00-22:00","fuels":{"gasoline95":1.789,"gasoline98":1.929,"diesel":1.919,"dieselPremium":2.009},"extra":{"saleType":"P","margin":"D","reportingType":"OM","ideess":"12284","idMunicipio":"4585","idProvincia":"30","idCCAA":"14"}}},{"type":"Feature","geometry":{"type":"Point","coordinates":[-1.769694,38.149139]},"properties":{"id":"es-12309","source":"ES","brand":"CANARAFLOR","address":"CALLE CAÑADA DE GARCIA, S/N","municipality":"Cehegín","province":"MURCIA","postalCode":"30439","schedule":"L-D: 24H","fuels":{"diesel":1.778,"dieselB":1.412},"extra":{"saleType":"P","margin":"D","reportingType":"dm","ideess":"12309","idMunicipio":"4572","idProvincia":"30","idCCAA":"14"}}},{"type":"Feature","geometry":{"type":"Point","coordinates":[-1.735028,38.205417]},"properties":{"id":"es-12354","source":"ES","brand":"EUROSOL","address":"CARRETERA C-3314 KM. 14,100","municipality":"Calasparra","province":"MURCIA","postalCode":"30420","schedule":"L-D: 06:00-22:00","fuels":{"diesel":1.749},"extra":{"saleType":"P","margin":"I","reportingType":"dm","ideess":"12354","idMunicipio":"4568","idProvincia":"30","idCCAA":"14"}}},{"type":"Feature","geometry":{"type":"Point","coordinates":[-1.231611,38.103833]},"properties":{"id":"es-12440","source":"ES","brand":"BP BASE 2000","address":"PLAZA ESPAÑA (IND.CRUCE LORQ, S/N","municipality":"Lorquí","province":"MURCIA","postalCode":"30564","schedule":"L-D: 24H","fuels":{"gasoline95":1.779,"gasoline98":1.919,"diesel":1.919,"dieselPremium":2.009,"adblue":0.9},"extra":{"saleType":"P","margin":"D","reportingType":"dm","ideess":"12440","idMunicipio":"4580","idProvincia":"30","idCCAA":"14"}}},{"type":"Feature","geometry":{"type":"Point","coordinates":[-1.719639,38.226]},"properties":{"id":"es-12463","source":"ES","brand":"GASOLEOS CALASPARRA","address":"POLIGONO INDUSTRIAL OESTE, SECTOR B PARCELA 10, 10","municipality":"Calasparra","province":"MURCIA","postalCode":"30420","schedule":"L-D: 24H","fuels":{"diesel":1.699},"extra":{"saleType":"P","margin":"N","reportingType":"dm","ideess":"12463","idMunicipio":"4568","idProvincia":"30","idCCAA":"14"}}},{"type":"Feature","geometry":{"type":"Point","coordinates":[-1.139972,38.610361]},"properties":{"id":"es-12622","source":"ES","brand":"RASPAOIL E.S. YECLA","address":"AVENIDA PAZ, 225","municipality":"Yecla","province":"MURCIA","postalCode":"30510","schedule":"L-D: 24H","fuels":{"gasoline95Premium":1.685,"dieselPremium":1.765,"lpg":0.871,"adblue":0.658},"extra":{"saleType":"P","margin":"D","reportingType":"dm","ideess":"12622","idMunicipio":"4599","idProvincia":"30","idCCAA":"14"}}},{"type":"Feature","geometry":{"type":"Point","coordinates":[-1.044944,38.109333]},"properties":{"id":"es-12634","source":"ES","brand":"GRUPO HEFAME","address":"CARRETERA SANTOMERA-ABANILLA KM. 158","municipality":"Santomera","province":"MURCIA","postalCode":"30140","schedule":"L-V: 07:00-23:00; S: 07:00-15:00","fuels":{"gasoline95":1.595,"diesel":1.705},"extra":{"saleType":"P","margin":"D","reportingType":"dm","ideess":"12634","idMunicipio":"4592","idProvincia":"30","idCCAA":"14"}}},{"type":"Feature","geometry":{"type":"Point","coordinates":[-1.136972,38.018278]},"properties":{"id":"es-12952","source":"ES","brand":"CAMPSA EXPRESS","address":"AVENIDA DON JUAN DE BORBÓN., S/N","municipality":"Murcia","province":"MURCIA","postalCode":"30008","schedule":"L-D: 24H","fuels":{"gasoline95":1.619,"diesel":1.729},"extra":{"saleType":"P","margin":"D","reportingType":"OM","ideess":"12952","idMunicipio":"4585","idProvincia":"30","idCCAA":"14"}}},{"type":"Feature","geometry":{"type":"Point","coordinates":[-1.220417,38.085694]},"properties":{"id":"es-13026","source":"ES","brand":"APELLAN","address":"CALLE SOL (LA ESTRELLA), 4","municipality":"Molina de Segura","province":"MURCIA","postalCode":"30500","schedule":"L-V: 06:00-23:00; S-D: 07:30-22:00","fuels":{"gasoline95":1.581,"diesel":1.74,"dieselPremium":1.775,"dieselB":1.436,"lpg":1.022,"adblue":0.707},"extra":{"saleType":"P","margin":"D","reportingType":"dm","ideess":"13026","idMunicipio":"4582","idProvincia":"30","idCCAA":"14"}}},{"type":"Feature","geometry":{"type":"Point","coordinates":[-1.314194,38.110778]},"properties":{"id":"es-13090","source":"ES","brand":"REPOSTANDO","address":"CARRETERA CARRETERA MU KM. 1","municipality":"Archena","province":"MURCIA","postalCode":"30600","schedule":"L-D: 24H","fuels":{"gasoline95":1.619,"diesel":1.749,"dieselPremium":1.829},"extra":{"saleType":"P","margin":"D","reportingType":"dm","ideess":"13090","idMunicipio":"4564","idProvincia":"30","idCCAA":"14"}}},{"type":"Feature","geometry":{"type":"Point","coordinates":[-1.782556,38.096583]},"properties":{"id":"es-13178","source":"ES","brand":"VEDICAR","address":"CALLE EL MULADAR, 8","municipality":"Cehegín","province":"MURCIA","postalCode":"30430","schedule":"L-V: 07:00-22:00; S: 08:00-14:00","fuels":{"diesel":1.759},"extra":{"saleType":"P","margin":"N","reportingType":"dm","ideess":"13178","idMunicipio":"4572","idProvincia":"30","idCCAA":"14"}}},{"type":"Feature","geometry":{"type":"Point","coordinates":[-1.65825,38.055972]},"properties":{"id":"es-13223","source":"ES","brand":"IBESSA","address":"POLIGONO VALLE GUADALENTIN, S/N","municipality":"Bullas","province":"MURCIA","postalCode":"30180","schedule":"L-D: 06:00-22:00","fuels":{"gasoline95":1.679,"diesel":1.819},"extra":{"saleType":"P","margin":"N","reportingType":"dm","ideess":"13223","idMunicipio":"4567","idProvincia":"30","idCCAA":"14"}}},{"type":"Feature","geometry":{"type":"Point","coordinates":[-1.694889,38.532389]},"properties":{"id":"es-13229","source":"ES","brand":"PETROGAS","address":"CARRETERA CM 412 KM. 273","municipality":"Hellín","province":"ALBACETE","postalCode":"02400","schedule":"L-D: 06:30-22:00","fuels":{"gasoline95":1.659,"diesel":1.789},"extra":{"saleType":"P","margin":"D","reportingType":"dm","ideess":"13229","idMunicipio":"88","idProvincia":"02","idCCAA":"07"}}},{"type":"Feature","geometry":{"type":"Point","coordinates":[-1.783028,38.094972]},"properties":{"id":"es-13420","source":"ES","brand":"U.S. TRANSMARAVILLAS","address":"CARRETERA DEL  CAMPILLO, POL IND EL MULADAR KM. 1,3","municipality":"Cehegín","province":"MURCIA","postalCode":"30430","schedule":"L-D: 24H","fuels":{"gasoline95":1.659,"diesel":1.819},"extra":{"saleType":"P","margin":"I","reportingType":"dm","ideess":"13420","idMunicipio":"4572","idProvincia":"30","idCCAA":"14"}}},{"type":"Feature","geometry":{"type":"Point","coordinates":[-1.897333,38.049306]},"properties":{"id":"es-13437","source":"ES","brand":"EUROLOMA","address":"CARRETERA C3211 KM. 0,300","municipality":"Caravaca de la Cruz","province":"MURCIA","postalCode":"30410","schedule":"L-V: 08:00-20:00; S: 08:00-15:00","fuels":{"diesel":1.731,"dieselB":1.379,"adblue":0.59},"extra":{"saleType":"P","margin":"I","reportingType":"dm","ideess":"13437","idMunicipio":"4570","idProvincia":"30","idCCAA":"14"}}},{"type":"Feature","geometry":{"type":"Point","coordinates":[-1.223167,38.054972]},"properties":{"id":"es-13527","source":"ES","brand":"GPS.MOLINA","address":"CARRETERA CTRA DE ALGUAZAS S/N KM. 04","municipality":"Molina de Segura","province":"MURCIA","postalCode":"30500","schedule":"L-D: 06:30-22:30","fuels":{"gasoline95":1.698,"gasoline95E10":1.698,"diesel":1.798,"dieselPremium":1.798,"lpg":1.068,"adblue":0.998},"extra":{"saleType":"P","margin":"I","reportingType":"dm","ideess":"13527","idMunicipio":"4582","idProvincia":"30","idCCAA":"14"}}},{"type":"Feature","geometry":{"type":"Point","coordinates":[-1.06975,38.055083]},"properties":{"id":"es-13627","source":"ES","brand":"GASEXPRESS","address":"AVENIDA DE LOS NARCISOS, 6","municipality":"Murcia","province":"MURCIA","postalCode":"30163","schedule":"L-D: 24H","fuels":{"gasoline95":1.599,"diesel":1.799},"extra":{"saleType":"P","margin":"D","reportingType":"dm","ideess":"13627","idMunicipio":"4585","idProvincia":"30","idCCAA":"14"}}},{"type":"Feature","geometry":{"type":"Point","coordinates":[-1.147861,38.00225]},"properties":{"id":"es-13630","source":"ES","brand":"BP PAGAN","address":"AVENIDA CICLISTA MARIANO ROJAS, ESQ. AVDA. DR. PEDRO GUILLEN, S/N","municipality":"Murcia","province":"MURCIA","postalCode":"30009","schedule":"L-D: 24H","fuels":{"gasoline95":1.789,"gasoline98":1.929,"diesel":1.919,"dieselPremium":2.009},"extra":{"saleType":"P","margin":"D","reportingType":"OM","ideess":"13630","idMunicipio":"4585","idProvincia":"30","idCCAA":"14"}}},{"type":"Feature","geometry":{"type":"Point","coordinates":[-1.086639,38.047139]},"properties":{"id":"es-13634","source":"ES","brand":"PETROPRIX","address":"AVENIDA ALICANTE, S/N","municipality":"Murcia","province":"MURCIA","postalCode":"30163","schedule":"L-D: 24H","fuels":{"gasoline95":1.599,"diesel":1.699},"extra":{"saleType":"P","margin":"N","reportingType":"dm","ideess":"13634","idMunicipio":"4585","idProvincia":"30","idCCAA":"14"}}},{"type":"Feature","geometry":{"type":"Point","coordinates":[-1.680833,38.601722]},"properties":{"id":"es-13778","source":"ES","brand":"NTRA. SRA. DE LA ENCARNACION","address":"AVENIDA GUARDIA CIVIL, 162","municipality":"Tobarra","province":"ALBACETE","postalCode":"02500","schedule":"L-D: 06:00-23:00","fuels":{"gasoline95":1.659,"diesel":1.789},"extra":{"saleType":"P","margin":"D","reportingType":"dm","ideess":"13778","idMunicipio":"126","idProvincia":"02","idCCAA":"07"}}},{"type":"Feature","geometry":{"type":"Point","coordinates":[-1.1455,38.030389]},"properties":{"id":"es-13866","source":"ES","brand":"GASEXPRESS","address":"AVENIDA VICTOR GARRIGOS  EN  CHURRA, 29","municipality":"Murcia","province":"MURCIA","postalCode":"30110","schedule":"L-D: 24H","fuels":{"gasoline95":1.659,"diesel":1.725},"extra":{"saleType":"P","margin":"N","reportingType":"dm","ideess":"13866","idMunicipio":"4585","idProvincia":"30","idCCAA":"14"}}},{"type":"Feature","geometry":{"type":"Point","coordinates":[-1.083806,38.616139]},"properties":{"id":"es-13939","source":"ES","brand":"GASEXPRESS","address":"CARRETERA C-3314 (VILLENA) KM. 2,5","municipality":"Yecla","province":"MURCIA","postalCode":"30510","schedule":"L-D: 24H","fuels":{"gasoline95":1.659,"diesel":1.727},"extra":{"saleType":"P","margin":"D","reportingType":"dm","ideess":"13939","idMunicipio":"4599","idProvincia":"30","idCCAA":"14"}}},{"type":"Feature","geometry":{"type":"Point","coordinates":[-1.037056,38.404389]},"properties":{"id":"es-13949","source":"ES","brand":"GLOBALTANK PINOSO","address":"CARRETERA DE YECLA KM. 2","municipality":"Pinoso","province":"ALICANTE","postalCode":"03650","schedule":"L-D: 24H","fuels":{"gasoline95":1.749,"diesel":1.849,"dieselPremium":1.899,"adblue":0.999},"extra":{"saleType":"P","margin":"N","reportingType":"dm","ideess":"13949","idMunicipio":"243","idProvincia":"03","idCCAA":"10"}}},{"type":"Feature","geometry":{"type":"Point","coordinates":[-1.321806,38.475028]},"properties":{"id":"es-14049","source":"ES","brand":"BALLENOIL","address":"AVENIDA LEVANTE (DE), 42","municipality":"Jumilla","province":"MURCIA","postalCode":"30520","schedule":"L-D: 24H","fuels":{"gasoline95":1.629,"diesel":1.749,"adblue":0.84},"extra":{"saleType":"P","margin":"D","reportingType":"OM","ideess":"14049","idMunicipio":"4577","idProvincia":"30","idCCAA":"14"}}},{"type":"Feature","geometry":{"type":"Point","coordinates":[-1.027694,38.850278]},"properties":{"id":"es-14129","source":"ES","brand":"GASOLINERA LOW COST PENADES","address":"CARRETERA N-430 BADAJOZ A VALENCIA KM. 594","municipality":"Almansa","province":"ALBACETE","postalCode":"02640","schedule":"L-D: 24H","fuels":{"gasoline95":1.669,"diesel":1.809,"dieselB":1.559,"adblue":0.789},"extra":{"saleType":"P","margin":"D","reportingType":"dm","ideess":"14129","idMunicipio":"60","idProvincia":"02","idCCAA":"07"}}},{"type":"Feature","geometry":{"type":"Point","coordinates":[-1.006,38.041694]},"properties":{"id":"es-14137","source":"ES","brand":"US ROSEMUR","address":"CALLE ROSEGAR, 8","municipality":"Beniel","province":"MURCIA","postalCode":"30130","schedule":"L-D: 24H","fuels":{"gasoline95":1.729,"diesel":1.879,"adblue":0.9},"extra":{"saleType":"P","margin":"D","reportingType":"dm","ideess":"14137","idMunicipio":"4565","idProvincia":"30","idCCAA":"14"}}},{"type":"Feature","geometry":{"type":"Point","coordinates":[-1.677694,38.502528]},"properties":{"id":"es-14148","source":"ES","brand":"GALERA ÁREAS DE SERVICIO","address":"CARRETERA N 301-A KM. S/N","municipality":"Hellín","province":"ALBACETE","postalCode":"02400","schedule":"L-D: 24H","fuels":{"gasoline95":1.649,"diesel":1.799},"extra":{"saleType":"P","margin":"D","reportingType":"dm","ideess":"14148","idMunicipio":"88","idProvincia":"02","idCCAA":"07"}}},{"type":"Feature","geometry":{"type":"Point","coordinates":[-1.251278,38.090111]},"properties":{"id":"es-14232","source":"ES","brand":"BP LORQUI","address":"AVENIDA PAPA ALI, 1","municipality":"Lorquí","province":"MURCIA","postalCode":"30564","schedule":"L-V: 06:00-22:00; S-D: 06:30-22:30","fuels":{"gasoline95":1.779,"gasoline98":1.919,"diesel":1.919,"dieselPremium":2.009,"adblue":0.989},"extra":{"saleType":"P","margin":"N","reportingType":"OM","ideess":"14232","idMunicipio":"4580","idProvincia":"30","idCCAA":"14"}}},{"type":"Feature","geometry":{"type":"Point","coordinates":[-1.102944,38.874556]},"properties":{"id":"es-14256","source":"ES","brand":"QUALITY ALMANSA","address":"AVENIDA INFANTE DON JUAN MANUEL, 8","municipality":"Almansa","province":"ALBACETE","postalCode":"02640","schedule":"L-D: 24H","fuels":{"gasoline95":1.639,"diesel":1.749,"adblue":0.969},"extra":{"saleType":"P","margin":"D","reportingType":"dm","ideess":"14256","idMunicipio":"60","idProvincia":"02","idCCAA":"07"}}},{"type":"Feature","geometry":{"type":"Point","coordinates":[-1.823639,38.969361]},"properties":{"id":"es-14287","source":"ES","brand":"CEPSA","address":"POLIGONO Nº 71, PARCELA 678, PARAJE HONDO DE LA MORENA S/N, S/N","municipality":"Albacete","province":"ALBACETE","postalCode":"02080","schedule":"L-D: 06:30-22:30","fuels":{"gasoline95":1.799,"gasoline98":1.919,"diesel":1.965,"dieselPremium":2.059,"adblue":0.999},"extra":{"saleType":"P","margin":"D","reportingType":"dm","ideess":"14287","idMunicipio":"54","idProvincia":"02","idCCAA":"07"}}},{"type":"Feature","geometry":{"type":"Point","coordinates":[-1.9355,38.965639]},"properties":{"id":"es-14377","source":"ES","brand":"P347","address":"CARRETERA NACIONAL 322 PTO KM 347 KM. 347","municipality":"Albacete","province":"ALBACETE","postalCode":"02006","schedule":"L-S: 07:00-22:00","fuels":{"diesel":1.819},"extra":{"saleType":"P","margin":"D","reportingType":"dm","ideess":"14377","idMunicipio":"54","idProvincia":"02","idCCAA":"07"}}},{"type":"Feature","geometry":{"type":"Point","coordinates":[-1.104917,38.008417]},"properties":{"id":"es-14383","source":"ES","brand":"REPOSTAMAX","address":"CARRETERA ALICANTE KM. 155","municipality":"Murcia","province":"MURCIA","postalCode":"30007","schedule":"L-D: 24H","fuels":{"gasoline95":1.59,"diesel":1.69},"extra":{"saleType":"P","margin":"D","reportingType":"dm","ideess":"14383","idMunicipio":"4585","idProvincia":"30","idCCAA":"14"}}},{"type":"Feature","geometry":{"type":"Point","coordinates":[-1.143556,38.005806]},"properties":{"id":"es-14396","source":"ES","brand":"LA HITA-JC1 MURCIA (SERV.ATENDIDO)","address":"AVENIDA JUAN CARLOS I, 102","municipality":"Murcia","province":"MURCIA","postalCode":"30100","schedule":"L-S: 06:00-00:00; D: 07:00-23:00","fuels":{"gasoline95":1.688,"gasoline95Premium":1.688,"diesel":1.798,"dieselPremium":1.798,"lpg":1.098,"adblue":0.998},"extra":{"saleType":"P","margin":"D","reportingType":"dm","ideess":"14396","idMunicipio":"4585","idProvincia":"30","idCCAA":"14"}}},{"type":"Feature","geometry":{"type":"Point","coordinates":[-1.990278,38.724028]},"properties":{"id":"es-14417","source":"ES","brand":"VALERO 24H ENERGIA","address":"AVENIDA GUARDIA CIVIL, S/N","municipality":"Peñas de San Pedro","province":"ALBACETE","postalCode":"02120","schedule":"L-D: 24H","fuels":{"gasoline95":1.686,"diesel":1.836},"extra":{"saleType":"P","margin":"D","reportingType":"dm","ideess":"14417","idMunicipio":"110","idProvincia":"02","idCCAA":"07"}}},{"type":"Feature","geometry":{"type":"Point","coordinates":[-1.873194,38.970778]},"properties":{"id":"es-14465","source":"ES","brand":"AREA LOS LLANOS","address":"CARRETERA DE LAS PEÑAS KM 0+238 KM. 0,238","municipality":"Albacete","province":"ALBACETE","postalCode":"02080","schedule":"L-D: 07:00-22:00","fuels":{"gasoline95":1.679,"diesel":1.789},"extra":{"saleType":"P","margin":"I","reportingType":"dm","ideess":"14465","idMunicipio":"54","idProvincia":"02","idCCAA":"07"}}},{"type":"Feature","geometry":{"type":"Point","coordinates":[-1.700417,38.517306]},"properties":{"id":"es-14611","source":"ES","brand":"PLENERGY","address":"AVENIDA LIBERTAD, 111","municipality":"Hellín","province":"ALBACETE","postalCode":"02400","schedule":"L-D: 24H","fuels":{"gasoline95":1.649,"diesel":1.799},"extra":{"saleType":"P","margin":"D","reportingType":"dm","ideess":"14611","idMunicipio":"88","idProvincia":"02","idCCAA":"07"}}},{"type":"Feature","geometry":{"type":"Point","coordinates":[-1.219583,38.087611]},"properties":{"id":"es-14630","source":"ES","brand":"NATURGY ES MOLINA DE SEGURA","address":"CALLE ALDEBARAN, 30","municipality":"Molina de Segura","province":"MURCIA","postalCode":"30500","schedule":"L-D: 24H","fuels":{"cng":1.646,"lng":1.499},"extra":{"saleType":"P","margin":"I","reportingType":"dm","ideess":"14630","idMunicipio":"4582","idProvincia":"30","idCCAA":"14"}}},{"type":"Feature","geometry":{"type":"Point","coordinates":[-1.2365,38.032583]},"properties":{"id":"es-14654","source":"ES","brand":"HAM","address":"CARRETERA N-344 KM. 7","municipality":"Torres de Cotillas (Las)","province":"MURCIA","postalCode":"30565","schedule":"L-D: 24H","fuels":{"lng":1.599,"bioLng":1.569},"extra":{"saleType":"P","margin":"D","reportingType":"dm","ideess":"14654","idMunicipio":"4594","idProvincia":"30","idCCAA":"14"}}},{"type":"Feature","geometry":{"type":"Point","coordinates":[-1.896611,38.051028]},"properties":{"id":"es-14673","source":"ES","brand":"ESTACION DE SERVICIO VENTA CAVILA","address":"CARRETERA CRT. RM-730 KM. 730","municipality":"Caravaca de la Cruz","province":"MURCIA","postalCode":"30400","schedule":"L-D: 24H","fuels":{"gasoline95":1.699,"gasoline98":1.849,"diesel":1.769,"dieselPremium":1.899,"adblue":0.799},"extra":{"saleType":"P","margin":"I","reportingType":"dm","ideess":"14673","idMunicipio":"4570","idProvincia":"30","idCCAA":"14"}}},{"type":"Feature","geometry":{"type":"Point","coordinates":[-1.821056,38.103611]},"properties":{"id":"es-14766","source":"ES","brand":"REPSOL","address":"CARRETERA PARAJE DE LA CAYETANA EMPALME DE CALAPARRA RM 714 KM. 65","municipality":"Caravaca de la Cruz","province":"MURCIA","postalCode":"30400","schedule":"L: 06:00-23:00","fuels":{"gasoline95":1.819,"diesel":1.959,"dieselPremium":2.049},"extra":{"saleType":"P","margin":"D","reportingType":"dm","ideess":"14766","idMunicipio":"4570","idProvincia":"30","idCCAA":"14"}}},{"type":"Feature","geometry":{"type":"Point","coordinates":[-1.162639,38.024222]},"properties":{"id":"es-14854","source":"ES","brand":"PLENERGY","address":"CALLE ALCAINA  EN  ERA ALTA, 22","municipality":"Murcia","province":"MURCIA","postalCode":"30100","schedule":"L-D: 24H","fuels":{"gasoline95":1.639,"diesel":1.749},"extra":{"saleType":"P","margin":"D","reportingType":"dm","ideess":"14854","idMunicipio":"4585","idProvincia":"30","idCCAA":"14"}}},{"type":"Feature","geometry":{"type":"Point","coordinates":[-1.276583,38.117444]},"properties":{"id":"es-14922","source":"ES","brand":"24H","address":"CARRETERA MU-554 POLIGONO INDUSTRIAL LA CAPELLANIA KM. 1","municipality":"Archena","province":"MURCIA","postalCode":"30600","schedule":"L-D: 24H","fuels":{"gasoline95":1.609,"gasoline95Premium":1.629,"diesel":1.759,"dieselPremium":1.789,"adblue":0.659},"extra":{"saleType":"P","margin":"D","reportingType":"dm","ideess":"14922","idMunicipio":"4564","idProvincia":"30","idCCAA":"14"}}},{"type":"Feature","geometry":{"type":"Point","coordinates":[-1.131278,38.614167]},"properties":{"id":"es-15091","source":"ES","brand":"PLENERGY","address":"AVENIDA DE LA PAZ, 187","municipality":"Yecla","province":"MURCIA","postalCode":"30510","schedule":"L-D: 24H","fuels":{"gasoline95":1.659,"diesel":1.727},"extra":{"saleType":"P","margin":"D","reportingType":"dm","ideess":"15091","idMunicipio":"4599","idProvincia":"30","idCCAA":"14"}}},{"type":"Feature","geometry":{"type":"Point","coordinates":[-1.094028,38.014556]},"properties":{"id":"es-15257","source":"ES","brand":"CASILLAS DE COMBUSTIBLES SL","address":"AVENIDA DE MURCIA, 50","municipality":"Murcia","province":"MURCIA","postalCode":"30007","schedule":"L-D: 06:00-22:00","fuels":{"gasoline95":1.699,"diesel":1.779,"adblue":0.99},"extra":{"saleType":"P","margin":"D","reportingType":"dm","ideess":"15257","idMunicipio":"4585","idProvincia":"30","idCCAA":"14"}}},{"type":"Feature","geometry":{"type":"Point","coordinates":[-1.284861,38.11625]},"properties":{"id":"es-15337","source":"ES","brand":"LA ARCHENERA","address":"AVENIDA DR. MARIO SPREAFICO, 88","municipality":"Archena","province":"MURCIA","postalCode":"30609","schedule":"L-D: 24H","fuels":{"diesel":1.768,"dieselPremium":1.768,"dieselB":1.486,"adblue":0.599},"extra":{"saleType":"P","margin":"I","reportingType":"dm","ideess":"15337","idMunicipio":"4564","idProvincia":"30","idCCAA":"14"}}},{"type":"Feature","geometry":{"type":"Point","coordinates":[-1.262056,38.06875]},"properties":{"id":"es-15389","source":"ES","brand":"ES DOSVILLAS SL","address":"CARRETERA CEUTI  EN  LAS PULLAS KM. 8,600","municipality":"Alguazas","province":"MURCIA","postalCode":"30560","schedule":"L-D: 06:00-22:00","fuels":{"gasoline95":1.759,"gasoline98E10":1.859,"diesel":1.879},"extra":{"saleType":"P","margin":"D","reportingType":"dm","ideess":"15389","idMunicipio":"4562","idProvincia":"30","idCCAA":"14"}}},{"type":"Feature","geometry":{"type":"Point","coordinates":[-1.497611,38.027778]},"properties":{"id":"es-15426","source":"ES","brand":"SOTRAMUL","address":"CARRETERA DE PLIEGO KM. 2","municipality":"Mula","province":"MURCIA","postalCode":"30170","schedule":"L: 24H","fuels":{"diesel":1.65},"extra":{"saleType":"P","margin":"I","reportingType":"dm","ideess":"15426","idMunicipio":"4584","idProvincia":"30","idCCAA":"14"}}},{"type":"Feature","geometry":{"type":"Point","coordinates":[-1.237111,38.044944]},"properties":{"id":"es-15612","source":"ES","brand":"BALLENOIL","address":"CALLE COTILLAS ANTIGUA, S/N","municipality":"Torres de Cotillas (Las)","province":"MURCIA","postalCode":"30565","schedule":"L-D: 24H","fuels":{"gasoline95":1.579,"diesel":1.769,"dieselPremium":1.779},"extra":{"saleType":"P","margin":"D","reportingType":"OM","ideess":"15612","idMunicipio":"4594","idProvincia":"30","idCCAA":"14"}}},{"type":"Feature","geometry":{"type":"Point","coordinates":[-1.09,38.025889]},"properties":{"id":"es-15636","source":"ES","brand":"E.S. MONTEAGUDO","address":"CALLE VEREDA DE LA CUEVA, 4","municipality":"Murcia","province":"MURCIA","postalCode":"30160","schedule":"L-D: 24H","fuels":{"gasoline95":1.598,"diesel":1.697},"extra":{"saleType":"P","margin":"D","reportingType":"dm","ideess":"15636","idMunicipio":"4585","idProvincia":"30","idCCAA":"14"}}},{"type":"Feature","geometry":{"type":"Point","coordinates":[-1.868306,38.090083]},"properties":{"id":"es-15745","source":"ES","brand":"PLENERGY","address":"POLIGONO PUENTE SANTA INES. POL. 84 PAR. 62, 84","municipality":"Caravaca de la Cruz","province":"MURCIA","postalCode":"30400","schedule":"L-D: 24H","fuels":{"gasoline95":1.645,"diesel":1.749},"extra":{"saleType":"P","margin":"D","reportingType":"dm","ideess":"15745","idMunicipio":"4570","idProvincia":"30","idCCAA":"14"}}},{"type":"Feature","geometry":{"type":"Point","coordinates":[-1.323111,38.4885]},"properties":{"id":"es-15777","source":"ES","brand":"URBAN OIL","address":"POLIGONO INDUSTRIAL 2, 4B, 4","municipality":"Jumilla","province":"MURCIA","postalCode":"30520","schedule":"L-D: 24H","fuels":{"gasoline95":1.629,"diesel":1.749},"extra":{"saleType":"P","margin":"D","reportingType":"dm","ideess":"15777","idMunicipio":"4577","idProvincia":"30","idCCAA":"14"}}},{"type":"Feature","geometry":{"type":"Point","coordinates":[-1.710333,38.224417]},"properties":{"id":"es-15854","source":"ES","brand":"REPOSTANDO","address":"AVENIDA JUAN RAMON JIMENEZ  EN  CALASPARRA, 155","municipality":"Calasparra","province":"MURCIA","postalCode":"30420","schedule":"L-D: 24H","fuels":{"gasoline95":1.659,"diesel":1.749},"extra":{"saleType":"P","margin":"D","reportingType":"dm","ideess":"15854","idMunicipio":"4568","idProvincia":"30","idCCAA":"14"}}},{"type":"Feature","geometry":{"type":"Point","coordinates":[-1.055389,38.070194]},"properties":{"id":"es-15940","source":"ES","brand":"BP","address":"CARRETERA ABANILLA KM. 1,250","municipality":"Santomera","province":"MURCIA","postalCode":"30140","schedule":"L: 06:00-22:00","fuels":{"gasoline95":1.794,"gasoline98":1.935,"diesel":1.938,"dieselPremium":2.029,"adblue":0.86},"extra":{"saleType":"P","margin":"D","reportingType":"dm","ideess":"15940","idMunicipio":"4592","idProvincia":"30","idCCAA":"14"}}},{"type":"Feature","geometry":{"type":"Point","coordinates":[-1.109861,38.045917]},"properties":{"id":"es-16101","source":"ES","brand":"BALLENOIL","address":"CAMINO ALMENDROS  EN  ESPARRAGAL, 2","municipality":"Murcia","province":"MURCIA","postalCode":"30163","schedule":"L-D: 24H","fuels":{"gasoline95":1.599,"diesel":1.699,"dieselPremium":1.719},"extra":{"saleType":"P","margin":"N","reportingType":"OM","ideess":"16101","idMunicipio":"4585","idProvincia":"30","idCCAA":"14"}}},{"type":"Feature","geometry":{"type":"Point","coordinates":[-1.189139,38.088056]},"properties":{"id":"es-16119","source":"ES","brand":"BALLENOIL","address":"CALLE CEZANNE PARC. Q-2 CONEJOS II, S/N","municipality":"Molina de Segura","province":"MURCIA","postalCode":"30509","schedule":"L-D: 24H","fuels":{"gasoline95":1.609,"diesel":1.729,"dieselPremium":1.739},"extra":{"saleType":"P","margin":"N","reportingType":"OM","ideess":"16119","idMunicipio":"4582","idProvincia":"30","idCCAA":"14"}}},{"type":"Feature","geometry":{"type":"Point","coordinates":[-1.100028,38.878667]},"properties":{"id":"es-16144","source":"ES","brand":"PLENERGY","address":"AVENIDA AYORA CON AVENIDA ADOLFO SUAREZ, S/N","municipality":"Almansa","province":"ALBACETE","postalCode":"02640","schedule":"L-D: 24H","fuels":{"gasoline95":1.629,"diesel":1.735},"extra":{"saleType":"P","margin":"D","reportingType":"dm","ideess":"16144","idMunicipio":"60","idProvincia":"02","idCCAA":"07"}}},{"type":"Feature","geometry":{"type":"Point","coordinates":[-1.1495,38.078667]},"properties":{"id":"es-16154","source":"ES","brand":"BALLENOIL","address":"RONDA CENTRO COMERCIAL ALCAYNA, RONDA NORTE-SUR, S/N","municipality":"Molina de Segura","province":"MURCIA","postalCode":"30500","schedule":"L-D: 24H","fuels":{"gasoline95":1.609,"diesel":1.729,"dieselPremium":1.739},"extra":{"saleType":"P","margin":"N","reportingType":"OM","ideess":"16154","idMunicipio":"4582","idProvincia":"30","idCCAA":"14"}}},{"type":"Feature","geometry":{"type":"Point","coordinates":[-1.162806,38.023694]},"properties":{"id":"es-16155","source":"ES","brand":"BALLENOIL","address":"CARRETERA MADRID - PARCELA IX-1.DE EL PUNTAL KM. 384","municipality":"Murcia","province":"MURCIA","postalCode":"30100","schedule":"L-D: 24H","fuels":{"gasoline95":1.639,"diesel":1.749,"dieselPremium":1.769},"extra":{"saleType":"P","margin":"I","reportingType":"OM","ideess":"16155","idMunicipio":"4585","idProvincia":"30","idCCAA":"14"}}},{"type":"Feature","geometry":{"type":"Point","coordinates":[-1.178972,38.09475]},"properties":{"id":"es-16156","source":"ES","brand":"RENESUR","address":"AVENIDA DE LOS OLIVOS  EN  LOS OLIVOS, 57","municipality":"Molina de Segura","province":"MURCIA","postalCode":"30509","schedule":"L-D: 24H","fuels":{"gasoline95":1.598,"gasoline98":1.668,"diesel":1.698,"dieselPremium":1.729,"adblue":0.788},"extra":{"saleType":"P","margin":"D","reportingType":"dm","ideess":"16156","idMunicipio":"4582","idProvincia":"30","idCCAA":"14"}}},{"type":"Feature","geometry":{"type":"Point","coordinates":[-1.136861,38.018]},"properties":{"id":"es-16253","source":"ES","brand":"BALLENOIL","address":"AVENIDA DON JUAN DE BORBON  EN  MURCIA, SN","municipality":"Murcia","province":"MURCIA","postalCode":"30110","schedule":"L-D: 24H","fuels":{"gasoline95":1.619,"gasoline95Premium":1.629,"diesel":1.729,"dieselPremium":1.749},"extra":{"saleType":"P","margin":"D","reportingType":"OM","ideess":"16253","idMunicipio":"4585","idProvincia":"30","idCCAA":"14"}}},{"type":"Feature","geometry":{"type":"Point","coordinates":[-1.307028,38.12]},"properties":{"id":"es-16270","source":"ES","brand":"GASEXPRESS ARCHENA","address":"AVENIDA DANIEL AYALA  EN  ARCHENA, 80","municipality":"Archena","province":"MURCIA","postalCode":"30600","schedule":"L-D: 24H","fuels":{"gasoline95":1.599,"diesel":1.739},"extra":{"saleType":"P","margin":"D","reportingType":"dm","ideess":"16270","idMunicipio":"4564","idProvincia":"30","idCCAA":"14"}}},{"type":"Feature","geometry":{"type":"Point","coordinates":[-1.095611,38.615056]},"properties":{"id":"es-16272","source":"ES","brand":"E.S. MC GAS","address":"CARRETERA VILLENA KM. 0,50","municipality":"Yecla","province":"MURCIA","postalCode":"30510","schedule":"L-D: 24H","fuels":{"gasoline95":1.659,"diesel":1.727,"adblue":0.699},"extra":{"saleType":"P","margin":"D","reportingType":"dm","ideess":"16272","idMunicipio":"4599","idProvincia":"30","idCCAA":"14"}}},{"type":"Feature","geometry":{"type":"Point","coordinates":[-1.145056,38.004556]},"properties":{"id":"es-16290","source":"ES","brand":"PLENERGY","address":"CALLE E, 2B (BARRIO DE ESPINARDO), S/N","municipality":"Murcia","province":"MURCIA","postalCode":"30009","schedule":"L-D: 24H","fuels":{"gasoline95":1.639,"diesel":1.749},"extra":{"saleType":"P","margin":"D","reportingType":"dm","ideess":"16290","idMunicipio":"4585","idProvincia":"30","idCCAA":"14"}}},{"type":"Feature","geometry":{"type":"Point","coordinates":[-1.409306,38.243889]},"properties":{"id":"es-16353","source":"ES","brand":"BP LOS OLIVOS","address":"CARRETERA CARRETERA NACIONAL 301 KM. 354","municipality":"Cieza","province":"MURCIA","postalCode":"30530","schedule":"L-D: 07:00-23:00","fuels":{"gasoline95":1.795,"gasoline98":1.935,"diesel":1.939,"dieselPremium":2.029},"extra":{"saleType":"P","margin":"N","reportingType":"OM","ideess":"16353","idMunicipio":"4574","idProvincia":"30","idCCAA":"14"}}},{"type":"Feature","geometry":{"type":"Point","coordinates":[-1.124806,38.153694]},"properties":{"id":"es-16409","source":"ES","brand":"RENESUR","address":"POLIGONO CALLE JÚPITER, 2, 2","municipality":"Fortuna","province":"MURCIA","postalCode":"30620","schedule":"L-D: 24H","fuels":{"gasoline95":1.498,"gasoline98":1.568,"diesel":1.568,"dieselPremium":1.598,"adblue":0.788},"extra":{"saleType":"P","margin":"D","reportingType":"dm","ideess":"16409","idMunicipio":"4575","idProvincia":"30","idCCAA":"14"}}},{"type":"Feature","geometry":{"type":"Point","coordinates":[-1.232417,38.083778]},"properties":{"id":"es-16436","source":"ES","brand":"MOLGAS","address":"CARRETERA MADRID-CARTAGENA KM. 373","municipality":"Molina de Segura","province":"MURCIA","postalCode":"30500","schedule":"L-D: 24H","fuels":{"lng":1.629},"extra":{"saleType":"P","margin":"D","reportingType":"dm","ideess":"16436","idMunicipio":"4582","idProvincia":"30","idCCAA":"14"}}},{"type":"Feature","geometry":{"type":"Point","coordinates":[-1.148639,38.002611]},"properties":{"id":"es-16454","source":"ES","brand":"PLENERGY","address":"SENDA DE GRANADA, 10","municipality":"Murcia","province":"MURCIA","postalCode":"30100","schedule":"L-D: 24H","fuels":{"gasoline95":1.639,"diesel":1.749},"extra":{"saleType":"P","margin":"D","reportingType":"dm","ideess":"16454","idMunicipio":"4585","idProvincia":"30","idCCAA":"14"}}},{"type":"Feature","geometry":{"type":"Point","coordinates":[-1.223139,38.07725]},"properties":{"id":"es-2105","source":"ES","brand":"FROET-GAS","address":"AV. CIUDAD DEL TRANSPORTE, S/N","municipality":"Molina de Segura","province":"MURCIA","postalCode":"30500","schedule":"L-D: 24H","fuels":{"gasoline95":1.584,"diesel":1.747,"dieselB":1.381},"extra":{"saleType":"P","margin":"N","reportingType":"dm","ideess":"2105","idMunicipio":"4582","idProvincia":"30","idCCAA":"14"}}},{"type":"Feature","geometry":{"type":"Point","coordinates":[-1.228833,38.054028]},"properties":{"id":"es-2110","source":"ES","brand":"E L   P U E N T E,  S.L.","address":"CARRETERA NACIONAL KM. 344","municipality":"Molina de Segura","province":"MURCIA","postalCode":"30500","schedule":"L-D: 05:30-22:30","fuels":{"gasoline95":1.698,"gasoline98":1.788,"diesel":1.798},"extra":{"saleType":"P","margin":"D","reportingType":"dm","ideess":"2110","idMunicipio":"4582","idProvincia":"30","idCCAA":"14"}}},{"type":"Feature","geometry":{"type":"Point","coordinates":[-1.307833,38.467389]},"properties":{"id":"es-2112","source":"ES","brand":"BP JUMILLA CENTRO","address":"AVENIDA MURCIA (DE), S/N","municipality":"Jumilla","province":"MURCIA","postalCode":"30520","schedule":"L-D: 06:00-22:00","fuels":{"gasoline95":1.789,"gasoline98":1.929,"diesel":1.899,"dieselPremium":1.989,"adblue":1.235},"extra":{"saleType":"P","margin":"D","reportingType":"OM","ideess":"2112","idMunicipio":"4577","idProvincia":"30","idCCAA":"14"}}},{"type":"Feature","geometry":{"type":"Point","coordinates":[-1.253556,38.035083]},"properties":{"id":"es-2114","source":"ES","brand":"REPSOL","address":"AVDA. INDUSTRIA 64H - POLIG. IND. SAN JORGE","municipality":"Torres de Cotillas (Las)","province":"MURCIA","postalCode":"30565","schedule":"L-D: 06:00-23:00","fuels":{"gasoline95":1.799,"diesel":1.939,"dieselPremium":2.059},"extra":{"saleType":"P","margin":"N","reportingType":"dm","ideess":"2114","idMunicipio":"4594","idProvincia":"30","idCCAA":"14"}}},{"type":"Feature","geometry":{"type":"Point","coordinates":[-1.049556,38.111417]},"properties":{"id":"es-2117","source":"ES","brand":"REPSOL","address":"CR MU-414  SANTOMERA-ABANILLA, 6","municipality":"Santomera","province":"MURCIA","postalCode":"30140","schedule":"L-V: 06:00-23:30; S: 06:30-23:30; D: 07:00-23:30","fuels":{"gasoline95":1.775,"diesel":1.925,"dieselPremium":2.005,"dieselB":1.725},"extra":{"saleType":"P","margin":"D","reportingType":"OM","ideess":"2117","idMunicipio":"4592","idProvincia":"30","idCCAA":"14"}}},{"type":"Feature","geometry":{"type":"Point","coordinates":[-1.750806,38.175139]},"properties":{"id":"es-2122","source":"ES","brand":"REPSOL","address":"CARRETERA C-3314 KM. 10,7","municipality":"Cehegín","province":"MURCIA","postalCode":"30430","schedule":"L-V: 07:00-21:30; D: 08:00-21:00","fuels":{"gasoline95":1.796,"gasoline98":1.926,"diesel":1.95,"dieselPremium":2.04,"dieselB":1.672,"adblue":1.345},"extra":{"saleType":"P","margin":"D","reportingType":"dm","ideess":"2122","idMunicipio":"4572","idProvincia":"30","idCCAA":"14"}}},{"type":"Feature","geometry":{"type":"Point","coordinates":[-1.270611,38.56]},"properties":{"id":"es-2130","source":"ES","brand":"RENESUR-EL ALTIPLANO","address":" CTRA. NAL. 344  JUMILLA - YECLA  (ALTIPLANO), ","municipality":"Jumilla","province":"MURCIA","postalCode":"30520","schedule":"L-D: 00:00-23:59","fuels":{"gasoline95":1.548,"diesel":1.589,"dieselPremium":1.599,"dieselB":1.259},"extra":{"saleType":"P","margin":"N","reportingType":"dm","ideess":"2130","idMunicipio":"4577","idProvincia":"30","idCCAA":"14"}}},{"type":"Feature","geometry":{"type":"Point","coordinates":[-1.046667,38.619028]},"properties":{"id":"es-2133","source":"ES","brand":"HIJOS DE NAVARRO ROBLES (REPSOL)","address":"CARRETERA C-3314 KM. 6,18","municipality":"Yecla","province":"MURCIA","postalCode":"30510","schedule":"L-V: 06:30-20:00; S: 07:00-15:00","fuels":{"gasoline95":1.745,"gasoline98":1.865,"diesel":1.925,"dieselRenewable":2.045},"extra":{"saleType":"P","margin":"I","reportingType":"OM","ideess":"2133","idMunicipio":"4599","idProvincia":"30","idCCAA":"14"}}},{"type":"Feature","geometry":{"type":"Point","coordinates":[-1.222556,38.0095]},"properties":{"id":"es-2140","source":"ES","brand":"PETRONOR","address":"CR N-344, 4","municipality":"Murcia","province":"MURCIA","postalCode":"30832","schedule":"L-D: 06:00-22:00","fuels":{"gasoline95":1.779,"gasoline98":1.899,"diesel":1.939,"dieselRenewable":2.059},"extra":{"saleType":"P","margin":"I","reportingType":"OM","ideess":"2140","idMunicipio":"4585","idProvincia":"30","idCCAA":"14"}}},{"type":"Feature","geometry":{"type":"Point","coordinates":[-1.237778,38.098639]},"properties":{"id":"es-2141","source":"ES","brand":"REPSOL","address":"CALLE NUEVOS ACCESOS, S/N","municipality":"Lorquí","province":"MURCIA","postalCode":"30564","schedule":"L-D: 06:00-22:00","fuels":{"gasoline95":1.779,"gasoline98":1.909,"diesel":1.919,"dieselRenewable":1.999,"adblue":0.989},"extra":{"saleType":"P","margin":"D","reportingType":"dm","ideess":"2141","idMunicipio":"4580","idProvincia":"30","idCCAA":"14"}}},{"type":"Feature","geometry":{"type":"Point","coordinates":[-1.335083,38.456139]},"properties":{"id":"es-2144","source":"ES","brand":"BP JUMILLA","address":"CARRETERA RM714 KM. 1,1","municipality":"Jumilla","province":"MURCIA","postalCode":"30520","schedule":"L-D: 06:00-22:00","fuels":{"gasoline95":1.789,"gasoline98":1.929,"diesel":1.899,"dieselPremium":1.989},"extra":{"saleType":"P","margin":"D","reportingType":"OM","ideess":"2144","idMunicipio":"4577","idProvincia":"30","idCCAA":"14"}}},{"type":"Feature","geometry":{"type":"Point","coordinates":[-1.056611,38.088556]},"properties":{"id":"es-2149","source":"ES","brand":"CLAY","address":"CARRETERA SANTOMERA-ABANILLA MU-414 KM. 3,4","municipality":"Santomera","province":"MURCIA","postalCode":"30140","schedule":"L-D: 24H","fuels":{"gasoline95":1.759,"diesel":1.899},"extra":{"saleType":"P","margin":"D","reportingType":"dm","ideess":"2149","idMunicipio":"4592","idProvincia":"30","idCCAA":"14"}}},{"type":"Feature","geometry":{"type":"Point","coordinates":[-1.130944,38.620194]},"properties":{"id":"es-2161","source":"ES","brand":"REPSOL","address":"CARRETERA FUENTE ALAMO KM. 1","municipality":"Yecla","province":"MURCIA","postalCode":"30510","schedule":"L-D: 06:00-23:00","fuels":{"gasoline95":1.745,"gasoline98":1.865,"diesel":1.925,"dieselPremium":1.985,"dieselB":1.679},"extra":{"saleType":"P","margin":"I","reportingType":"OM","ideess":"2161","idMunicipio":"4599","idProvincia":"30","idCCAA":"14"}}},{"type":"Feature","geometry":{"type":"Point","coordinates":[-1.321444,38.480111]},"properties":{"id":"es-2167","source":"ES","brand":"REPSOL","address":"AVENIDA YECLA, 46","municipality":"Jumilla","province":"MURCIA","postalCode":"30520","schedule":"L-D: 24H","fuels":{"gasoline95":1.819,"gasoline98":1.959,"diesel":1.949,"dieselPremium":2.049},"extra":{"saleType":"P","margin":"I","reportingType":"dm","ideess":"2167","idMunicipio":"4577","idProvincia":"30","idCCAA":"14"}}},{"type":"Feature","geometry":{"type":"Point","coordinates":[-1.036694,38.017417]},"properties":{"id":"es-2175","source":"ES","brand":"ALQ","address":"CALLE INOCENCIO MESEGUER MESEGUER, 8","municipality":"Murcia","province":"MURCIA","postalCode":"30580","schedule":"L-D: 06:00-22:00","fuels":{"gasoline95":1.625,"gasoline95Premium":1.675,"diesel":1.799,"dieselPremium":1.85,"adblue":0.75},"extra":{"saleType":"P","margin":"D","reportingType":"dm","ideess":"2175","idMunicipio":"4585","idProvincia":"30","idCCAA":"14"}}},{"type":"Feature","geometry":{"type":"Point","coordinates":[-1.337694,38.007389]},"properties":{"id":"es-2176","source":"ES","brand":"REPSOL","address":"AUTOVIA AUTOVIA DEL NOROESTE KM. 8","municipality":"Murcia","province":"MURCIA","postalCode":"30837","schedule":"L-D: 06:00-22:00","fuels":{"gasoline95":1.789,"gasoline98":1.929,"diesel":1.929,"dieselB":1.649,"dieselRenewable":2.029,"lpg":1.069,"adblue":0.999},"extra":{"saleType":"P","margin":"D","reportingType":"dm","ideess":"2176","idMunicipio":"4585","idProvincia":"30","idCCAA":"14"}}},{"type":"Feature","geometry":{"type":"Point","coordinates":[-1.338028,38.006639]},"properties":{"id":"es-2177","source":"ES","brand":"REPSOL","address":"AUTOVIA AUTOVIA DEL NOROESTE KM. 8","municipality":"Murcia","province":"MURCIA","postalCode":"30837","schedule":"L-D: 24H","fuels":{"gasoline95":1.789,"gasoline98":1.929,"diesel":1.929,"dieselB":1.649,"dieselRenewable":2.029,"adblue":0.999},"extra":{"saleType":"P","margin":"I","reportingType":"dm","ideess":"2177","idMunicipio":"4585","idProvincia":"30","idCCAA":"14"}}},{"type":"Feature","geometry":{"type":"Point","coordinates":[-1.165111,38.108611]},"properties":{"id":"es-2193","source":"ES","brand":"EL ROMERAL","address":"CARRETERA MOLINA FORTUNA KM. 6,5","municipality":"Molina de Segura","province":"MURCIA","postalCode":"30500","schedule":"L-D: 06:00-22:00","fuels":{"gasoline95":1.699,"diesel":1.799,"dieselPremium":1.869,"dieselB":1.299},"extra":{"saleType":"P","margin":"D","reportingType":"dm","ideess":"2193","idMunicipio":"4582","idProvincia":"30","idCCAA":"14"}}},{"type":"Feature","geometry":{"type":"Point","coordinates":[-1.107611,38.122417]},"properties":{"id":"es-2197","source":"ES","brand":"CEPSA","address":"CARRETERA C-3223 KM. 9,7","municipality":"Fortuna","province":"MURCIA","postalCode":"30620","schedule":"L-V: 07:00-21:00; S: 08:00-15:00","fuels":{"gasoline95":1.794,"gasoline98":1.934,"diesel":1.944,"dieselPremium":2.044},"extra":{"saleType":"P","margin":"D","reportingType":"OM","ideess":"2197","idMunicipio":"4575","idProvincia":"30","idCCAA":"14"}}},{"type":"Feature","geometry":{"type":"Point","coordinates":[-1.329389,38.237778]},"properties":{"id":"es-2202","source":"ES","brand":"GLOBALTANK","address":"CARRETERA N-344 KM. 37","municipality":"Abarán","province":"MURCIA","postalCode":"30550","schedule":"L-D: 24H","fuels":{"gasoline95":1.699,"diesel":1.799,"dieselPremium":1.839,"dieselB":1.469,"adblue":0.849},"extra":{"saleType":"P","margin":"D","reportingType":"dm","ideess":"2202","idMunicipio":"4556","idProvincia":"30","idCCAA":"14"}}},{"type":"Feature","geometry":{"type":"Point","coordinates":[-1.115944,38.038806]},"properties":{"id":"es-2203","source":"ES","brand":"CABEZO GAS","address":"CARRETERA MU-4 KM. 4,5","municipality":"Murcia","province":"MURCIA","postalCode":"30110","schedule":"L-V: 07:00-19:00; S: 08:00-13:00","fuels":{"gasoline95":1.899,"diesel":1.959},"extra":{"saleType":"P","margin":"D","reportingType":"dm","ideess":"2203","idMunicipio":"4585","idProvincia":"30","idCCAA":"14"}}},{"type":"Feature","geometry":{"type":"Point","coordinates":[-1.046806,38.402472]},"properties":{"id":"es-3651","source":"ES","brand":"REPSOL","address":"CARRETERA DE JUMILLA KM. 53,8","municipality":"Pinoso","province":"ALICANTE","postalCode":"03650","schedule":"L-D: 06:00-22:00","fuels":{"gasoline95":1.795,"gasoline98":1.965,"diesel":1.929,"dieselB":1.709,"dieselRenewable":2.049},"extra":{"saleType":"P","margin":"D","reportingType":"OM","ideess":"3651","idMunicipio":"243","idProvincia":"03","idCCAA":"10"}}},{"type":"Feature","geometry":{"type":"Point","coordinates":[-1.273472,38.119444]},"properties":{"id":"es-4136","source":"ES","brand":"HLH","address":"CARRETERA MURCIA 554 KM. 4,816","municipality":"Archena","province":"MURCIA","postalCode":"30600","schedule":"L-D: 24H","fuels":{"gasoline95":1.639,"diesel":1.779,"dieselPremium":1.809,"dieselB":1.459,"adblue":0.7},"extra":{"saleType":"P","margin":"D","reportingType":"dm","ideess":"4136","idMunicipio":"4564","idProvincia":"30","idCCAA":"14"}}},{"type":"Feature","geometry":{"type":"Point","coordinates":[-1.161083,38.057306]},"properties":{"id":"es-4138","source":"ES","brand":"INTERCON","address":"CTRA. ESPINARDO - ALTORREAL, S/N km 2.5","municipality":"Molina de Segura","province":"MURCIA","postalCode":"30500","schedule":"L-D: 24H","fuels":{"gasoline95":1.609,"gasoline95Premium":1.659,"diesel":1.729,"dieselPremium":1.779},"extra":{"saleType":"P","margin":"D","reportingType":"dm","ideess":"4138","idMunicipio":"4582","idProvincia":"30","idCCAA":"14"}}},{"type":"Feature","geometry":{"type":"Point","coordinates":[-1.228333,38.054694]},"properties":{"id":"es-4140","source":"ES","brand":"E L   P U E N T E,  S.L.","address":"CARRETERA NACIONAL KM. 344","municipality":"Molina de Segura","province":"MURCIA","postalCode":"30500","schedule":"L-D: 05:30-22:30","fuels":{"gasoline95":1.699,"gasoline98":1.788,"diesel":1.798,"dieselPremium":1.798,"dieselB":1.348},"extra":{"saleType":"P","margin":"I","reportingType":"dm","ideess":"4140","idMunicipio":"4582","idProvincia":"30","idCCAA":"14"}}},{"type":"Feature","geometry":{"type":"Point","coordinates":[-1.233944,38.085444]},"properties":{"id":"es-4142","source":"ES","brand":"GLOBAL TANK LA SERRETA","address":" Mª ASCENSIÓN CAMPILLO GARCÍA, ","municipality":"Molina de Segura","province":"MURCIA","postalCode":"30500","schedule":"L-D: 24H","fuels":{"gasoline95":1.629,"gasoline98":1.699,"diesel":1.749,"dieselPremium":1.779,"dieselB":1.469,"lpg":0.929,"adblue":0.849},"extra":{"saleType":"P","margin":"I","reportingType":"dm","ideess":"4142","idMunicipio":"4582","idProvincia":"30","idCCAA":"14"}}},{"type":"Feature","geometry":{"type":"Point","coordinates":[-1.390639,38.208417]},"properties":{"id":"es-4149","source":"ES","brand":"E.S. MONTEPINAR","address":"TRAVESÍA AV ESTACION 2, 1","municipality":"Abarán","province":"MURCIA","postalCode":"30550","schedule":"L-D: 24H","fuels":{"gasoline95":1.759,"gasoline98":1.789,"diesel":1.889,"dieselPremium":1.959,"adblue":1.0},"extra":{"saleType":"P","margin":"N","reportingType":"dm","ideess":"4149","idMunicipio":"4556","idProvincia":"30","idCCAA":"14"}}},{"type":"Feature","geometry":{"type":"Point","coordinates":[-1.049806,38.175778]},"properties":{"id":"es-4150","source":"ES","brand":"LOS CALZONES","address":"POLIGONO INDUSTRIAL SEMOLILLA, S/N","municipality":"Abanilla","province":"MURCIA","postalCode":"30640","schedule":"L-S: 06:00-21:30; D: 08:00-15:00","fuels":{"gasoline95":1.709,"gasoline95Premium":1.789,"diesel":1.809,"dieselPremium":1.869,"adblue":0.95},"extra":{"saleType":"P","margin":"N","reportingType":"dm","ideess":"4150","idMunicipio":"4555","idProvincia":"30","idCCAA":"14"}}},{"type":"Feature","geometry":{"type":"Point","coordinates":[-1.218889,38.063333]},"properties":{"id":"es-4152","source":"ES","brand":"GPS.MOLINA- TAPIADO","address":"CARRETERA MADRID-CARTAGENA (N-301) KM. 377","municipality":"Molina de Segura","province":"MURCIA","postalCode":"30500","schedule":"L-D: 06:30-22:30","fuels":{"gasoline95":1.688,"gasoline95Premium":1.718,"diesel":1.788,"dieselPremium":1.818,"adblue":0.998},"extra":{"saleType":"P","margin":"N","reportingType":"dm","ideess":"4152","idMunicipio":"4582","idProvincia":"30","idCCAA":"14"}}},{"type":"Feature","geometry":{"type":"Point","coordinates":[-1.143417,38.000722]},"properties":{"id":"es-4153","source":"ES","brand":"CARREFOUR","address":"AVENIDA MIGUEL ANGEL CERVANTES, 106","municipality":"Murcia","province":"MURCIA","postalCode":"30009","schedule":"L-S: 08:00-22:00; D: 09:00-21:00","fuels":{"gasoline95":1.749,"gasoline98":1.919,"diesel":1.889,"dieselPremium":1.929},"extra":{"saleType":"P","margin":"N","reportingType":"dm","ideess":"4153","idMunicipio":"4585","idProvincia":"30","idCCAA":"14"}}},{"type":"Feature","geometry":{"type":"Point","coordinates":[-1.219278,38.087639]},"properties":{"id":"es-4155","source":"ES","brand":"IDS","address":"CALLE ALDEBARAN (LA ESTRELLA, 30","municipality":"Molina de Segura","province":"MURCIA","postalCode":"30500","schedule":"L-D: 24H","fuels":{"diesel":1.927,"adblue":1.195},"extra":{"saleType":"P","margin":"N","reportingType":"dm","ideess":"4155","idMunicipio":"4582","idProvincia":"30","idCCAA":"14"}}},{"type":"Feature","geometry":{"type":"Point","coordinates":[-1.377722,38.207278]},"properties":{"id":"es-4158","source":"ES","brand":"BP LAS COLONIAS","address":"MU-413 km 2","municipality":"Abarán","province":"MURCIA","postalCode":"30550","schedule":"L-D: 06:00-23:30","fuels":{"gasoline95":1.795,"gasoline98":1.935,"diesel":1.939,"dieselPremium":2.029},"extra":{"saleType":"P","margin":"D","reportingType":"dm","ideess":"4158","idMunicipio":"4556","idProvincia":"30","idCCAA":"14"}}},{"type":"Feature","geometry":{"type":"Point","coordinates":[-1.144694,38.000306]},"properties":{"id":"es-4163","source":"ES","brand":"REPSOL","address":"AVENIDA CICLISTA MARIANO ROJAS, S.N.","municipality":"Murcia","province":"MURCIA","postalCode":"30009","schedule":"L-D: 07:00-23:00","fuels":{"gasoline95":1.779,"gasoline98":1.899,"diesel":1.919,"dieselPremium":2.039},"extra":{"saleType":"P","margin":"I","reportingType":"dm","ideess":"4163","idMunicipio":"4585","idProvincia":"30","idCCAA":"14"}}},{"type":"Feature","geometry":{"type":"Point","coordinates":[-1.434389,38.071806]},"properties":{"id":"es-4164","source":"ES","brand":"GALP","address":"CARRETERA MU-530 KM. 16,38","municipality":"Mula","province":"MURCIA","postalCode":"30193","schedule":"L-V: 06:00-21:30","fuels":{"gasoline95":1.699,"diesel":1.799,"dieselB":1.499},"extra":{"saleType":"P","margin":"N","reportingType":"dm","ideess":"4164","idMunicipio":"4584","idProvincia":"30","idCCAA":"14"}}},{"type":"Feature","geometry":{"type":"Point","coordinates":[-1.076833,38.05175]},"properties":{"id":"es-4167","source":"ES","brand":"CEPSA","address":"CARRETERA N-340A KM. 673","municipality":"Murcia","province":"MURCIA","postalCode":"30163","schedule":"L-D: 06:00-22:00","fuels":{"gasoline95":1.794,"diesel":1.944,"dieselPremium":2.024},"extra":{"saleType":"P","margin":"D","reportingType":"OM","ideess":"4167","idMunicipio":"4585","idProvincia":"30","idCCAA":"14"}}},{"type":"Feature","geometry":{"type":"Point","coordinates":[-1.409056,38.236833]},"properties":{"id":"es-4168","source":"ES","brand":"BP","address":"CALLE CAMINO DE MURCIA, 182","municipality":"Cieza","province":"MURCIA","postalCode":"30530","schedule":"L-D: 06:00-00:00","fuels":{"gasoline95":1.785,"diesel":1.929},"extra":{"saleType":"P","margin":"D","reportingType":"dm","ideess":"4168","idMunicipio":"4574","idProvincia":"30","idCCAA":"14"}}},{"type":"Feature","geometry":{"type":"Point","coordinates":[-1.431,38.257694]},"properties":{"id":"es-4170","source":"ES","brand":"BP","address":"CARRETERA NACIONAL 301 KM. 351","municipality":"Cieza","province":"MURCIA","postalCode":"30530","schedule":"L-D: 06:00-23:00","fuels":{"gasoline95":1.785,"gasoline98":1.925,"diesel":1.929,"dieselPremium":2.019},"extra":{"saleType":"P","margin":"D","reportingType":"dm","ideess":"4170","idMunicipio":"4574","idProvincia":"30","idCCAA":"14"}}},{"type":"Feature","geometry":{"type":"Point","coordinates":[-1.197278,38.061472]},"properties":{"id":"es-4171","source":"ES","brand":"SHELL","address":"AVENIDA EL CHORRICO, S/N","municipality":"Molina de Segura","province":"MURCIA","postalCode":"30500","schedule":"L-D: 24H","fuels":{"gasoline95":1.769,"gasoline98":1.909,"diesel":1.899,"dieselPremium":1.979,"adblue":1.25},"extra":{"saleType":"P","margin":"N","reportingType":"OM","ideess":"4171","idMunicipio":"4582","idProvincia":"30","idCCAA":"14"}}},{"type":"Feature","geometry":{"type":"Point","coordinates":[-1.865861,38.110694]},"properties":{"id":"es-4172","source":"ES","brand":"REPSOL","address":"CALLE RAMON Y CAJAL  en  CARAVACA, 1","municipality":"Caravaca de la Cruz","province":"MURCIA","postalCode":"30400","schedule":"L-S: 06:30-22:00","fuels":{"gasoline95":1.745,"diesel":1.909},"extra":{"saleType":"P","margin":"I","reportingType":"OM","ideess":"4172","idMunicipio":"4570","idProvincia":"30","idCCAA":"14"}}},{"type":"Feature","geometry":{"type":"Point","coordinates":[-1.275111,38.084889]},"properties":{"id":"es-4173","source":"ES","brand":"REPSOL","address":"CALLE ARCHENA, 97","municipality":"Ceutí","province":"MURCIA","postalCode":"30562","schedule":"L-S: 07:00-22:00","fuels":{"gasoline95":1.789,"gasoline98":1.909,"diesel":1.939,"dieselB":1.399},"extra":{"saleType":"P","margin":"I","reportingType":"dm","ideess":"4173","idMunicipio":"4573","idProvincia":"30","idCCAA":"14"}}},{"type":"Feature","geometry":{"type":"Point","coordinates":[-1.04225,38.203556]},"properties":{"id":"es-4176","source":"ES","brand":"FTH","address":"AVENIDA REGION DE MURCIA, 30","municipality":"Abanilla","province":"MURCIA","postalCode":"30640","schedule":"L-D: 06:00-22:00","fuels":{"gasoline95":1.749,"diesel":1.849,"dieselPremium":1.849,"adblue":0.9},"extra":{"saleType":"P","margin":"I","reportingType":"dm","ideess":"4176","idMunicipio":"4555","idProvincia":"30","idCCAA":"14"}}},{"type":"Feature","geometry":{"type":"Point","coordinates":[-1.210833,38.156056]},"properties":{"id":"es-4177","source":"ES","brand":"RENESUR GR","address":"CARRETERA CTRA MU-411 KM. 5,637","municipality":"Molina de Segura","province":"MURCIA","postalCode":"30500","schedule":"L-D: 06:00-22:00","fuels":{"gasoline95":1.628,"diesel":1.698,"dieselPremium":1.698,"dieselB":1.395},"extra":{"saleType":"P","margin":"I","reportingType":"dm","ideess":"4177","idMunicipio":"4582","idProvincia":"30","idCCAA":"14"}}},{"type":"Feature","geometry":{"type":"Point","coordinates":[-1.059139,38.009917]},"properties":{"id":"es-4181","source":"ES","brand":"PARA Y SIGUE","address":"CR F-2, 6","municipality":"Murcia","province":"MURCIA","postalCode":"30161","schedule":"L-D: 06:30-22:00","fuels":{"gasoline95":1.759,"gasoline98":1.879,"diesel":1.879,"dieselPremium":1.949,"adblue":0.799},"extra":{"saleType":"P","margin":"I","reportingType":"dm","ideess":"4181","idMunicipio":"4585","idProvincia":"30","idCCAA":"14"}}},{"type":"Feature","geometry":{"type":"Point","coordinates":[-1.092944,38.045667]},"properties":{"id":"es-4186","source":"ES","brand":"BP","address":"CARRETERA R-340 KM. 3,15","municipality":"Murcia","province":"MURCIA","postalCode":"30163","schedule":"L-D: 24H","fuels":{"gasoline95":1.794,"gasoline98":1.935,"diesel":1.938,"dieselPremium":2.029,"adblue":0.86},"extra":{"saleType":"P","margin":"N","reportingType":"dm","ideess":"4186","idMunicipio":"4585","idProvincia":"30","idCCAA":"14"}}},{"type":"Feature","geometry":{"type":"Point","coordinates":[-1.19075,38.036056]},"properties":{"id":"es-4192","source":"ES","brand":"BP ATENDIDA EL OASIS","address":"CR MADRID-CARTAGENA km 386","municipality":"Molina de Segura","province":"MURCIA","postalCode":"30500","schedule":"L-S: 06:00-22:00; D: 07:00-21:00","fuels":{"gasoline95":1.789,"gasoline98":1.969,"diesel":1.919,"dieselPremium":1.999,"adblue":1.139},"extra":{"saleType":"P","margin":"D","reportingType":"dm","ideess":"4192","idMunicipio":"4582","idProvincia":"30","idCCAA":"14"}}},{"type":"Feature","geometry":{"type":"Point","coordinates":[-1.305806,38.119472]},"properties":{"id":"es-4195","source":"ES","brand":"REPSOL","address":"CARRETERA L-522 (ARCHENA-VILLANUEVA) KM. 1","municipality":"Archena","province":"MURCIA","postalCode":"30600","schedule":"L-D: 06:00-22:00","fuels":{"gasoline95":1.789,"gasoline98":1.909,"diesel":1.929,"dieselRenewable":2.029},"extra":{"saleType":"P","margin":"D","reportingType":"dm","ideess":"4195","idMunicipio":"4564","idProvincia":"30","idCCAA":"14"}}},{"type":"Feature","geometry":{"type":"Point","coordinates":[-1.100861,38.607]},"properties":{"id":"es-4196","source":"ES","brand":"BALSILLAS I (REPSOL)","address":"CARRETERA DE PINOSO KM. 0,800","municipality":"Yecla","province":"MURCIA","postalCode":"30510","schedule":"L-S: 06:00-22:00; D: 06:30-22:00","fuels":{"gasoline95":1.749,"gasoline98":1.899,"diesel":1.949,"dieselB":1.689,"dieselRenewable":2.059,"adblue":0.99},"extra":{"saleType":"P","margin":"I","reportingType":"dm","ideess":"4196","idMunicipio":"4599","idProvincia":"30","idCCAA":"14"}}},{"type":"Feature","geometry":{"type":"Point","coordinates":[-1.499194,38.027806]},"properties":{"id":"es-4197","source":"ES","brand":"IBESSA","address":"CARRETERA DE PLIEGO, S-Nº KM. 1","municipality":"Mula","province":"MURCIA","postalCode":"30170","schedule":"L-D: 24H","fuels":{"gasoline95":1.679,"gasoline98":1.749,"diesel":1.819,"dieselPremium":1.859},"extra":{"saleType":"P","margin":"I","reportingType":"dm","ideess":"4197","idMunicipio":"4584","idProvincia":"30","idCCAA":"14"}}},{"type":"Feature","geometry":{"type":"Point","coordinates":[-1.144694,38.000333]},"properties":{"id":"es-4205","source":"ES","brand":"REPSOL","address":"CARRETERA N-301 DESVIO ESPINARDO, KM. 389","municipality":"Murcia","province":"MURCIA","postalCode":"30100","schedule":"L-V: 06:00-23:00; S-D: 07:00-23:00","fuels":{"gasoline95":1.799,"gasoline98":1.919,"diesel":1.925,"dieselRenewable":2.045},"extra":{"saleType":"P","margin":"D","reportingType":"OM","ideess":"4205","idMunicipio":"4585","idProvincia":"30","idCCAA":"14"}}},{"type":"Feature","geometry":{"type":"Point","coordinates":[-1.1445,38.005556]},"properties":{"id":"es-4206","source":"ES","brand":"REPSOL","address":"CR  N-301 DESVIO ESPINARDO , P.K. 3","municipality":"Murcia","province":"MURCIA","postalCode":"30100","schedule":"L-D: 24H","fuels":{"gasoline95":1.799,"gasoline98":1.919,"diesel":1.925,"dieselPremium":2.025},"extra":{"saleType":"P","margin":"I","reportingType":"OM","ideess":"4206","idMunicipio":"4585","idProvincia":"30","idCCAA":"14"}}},{"type":"Feature","geometry":{"type":"Point","coordinates":[-1.109361,38.617861]},"properties":{"id":"es-4211","source":"ES","brand":"REPSOL","address":"CARRETERA MU-424 KM. 31","municipality":"Yecla","province":"MURCIA","postalCode":"30510","schedule":"L-D: 06:00-22:00","fuels":{"gasoline95":1.745,"gasoline98":1.865,"diesel":1.919,"dieselRenewable":2.039},"extra":{"saleType":"P","margin":"I","reportingType":"OM","ideess":"4211","idMunicipio":"4599","idProvincia":"30","idCCAA":"14"}}},{"type":"Feature","geometry":{"type":"Point","coordinates":[-1.787333,38.08625]},"properties":{"id":"es-4217","source":"ES","brand":"CEPSA","address":"CARRETERA CRTA MURCIA KM. 146","municipality":"Cehegín","province":"MURCIA","postalCode":"30430","schedule":"L-V: 06:00-23:59; S-D: 00:00-23:59","fuels":{"gasoline95":1.799,"gasoline98":1.929,"diesel":1.949,"dieselPremium":2.049,"lpg":1.109},"extra":{"saleType":"P","margin":"N","reportingType":"dm","ideess":"4217","idMunicipio":"4572","idProvincia":"30","idCCAA":"14"}}},{"type":"Feature","geometry":{"type":"Point","coordinates":[-1.653139,38.053444]},"properties":{"id":"es-4223","source":"ES","brand":"REPSOL","address":"CARRETERA C-415 KM. 43","municipality":"Bullas","province":"MURCIA","postalCode":"30180","schedule":"L-D: 06:00-22:00","fuels":{"gasoline95":1.809,"gasoline98":1.929,"diesel":1.929,"dieselB":1.699,"dieselRenewable":2.049},"extra":{"saleType":"P","margin":"I","reportingType":"OM","ideess":"4223","idMunicipio":"4567","idProvincia":"30","idCCAA":"14"}}},{"type":"Feature","geometry":{"type":"Point","coordinates":[-1.801889,38.0935]},"properties":{"id":"es-4224","source":"ES","brand":"CEPSA","address":"CARRETERA C-415 KM. 58,2","municipality":"Cehegín","province":"MURCIA","postalCode":"30430","schedule":"L-D: 06:00-22:00","fuels":{"gasoline95":1.799,"gasoline98":1.929,"diesel":1.949,"dieselPremium":2.049},"extra":{"saleType":"P","margin":"D","reportingType":"dm","ideess":"4224","idMunicipio":"4572","idProvincia":"30","idCCAA":"14"}}},{"type":"Feature","geometry":{"type":"Point","coordinates":[-1.482417,38.319806]},"properties":{"id":"es-4227","source":"ES","brand":"REPSOL","address":"CR N-301 \"VENTA DEL OLIVO\", 342,9","municipality":"Cieza","province":"MURCIA","postalCode":"30530","schedule":"L-D: 06:00-22:00","fuels":{"gasoline95":1.809,"diesel":1.979,"dieselB":1.689,"dieselRenewable":2.059,"adblue":0.899},"extra":{"saleType":"P","margin":"I","reportingType":"dm","ideess":"4227","idMunicipio":"4574","idProvincia":"30","idCCAA":"14"}}},{"type":"Feature","geometry":{"type":"Point","coordinates":[-1.209278,38.046611]},"properties":{"id":"es-4230","source":"ES","brand":"REPSOL","address":"CR N-301, 384","municipality":"Molina de Segura","province":"MURCIA","postalCode":"30500","schedule":"L-D: 05:30-23:30","fuels":{"gasoline95":1.795,"gasoline98":1.915,"diesel":1.919,"dieselRenewable":2.039},"extra":{"saleType":"P","margin":"I","reportingType":"OM","ideess":"4230","idMunicipio":"4582","idProvincia":"30","idCCAA":"14"}}},{"type":"Feature","geometry":{"type":"Point","coordinates":[-1.481361,38.040972]},"properties":{"id":"es-4233","source":"ES","brand":"REPSOL","address":"CR C-415, 23","municipality":"Mula","province":"MURCIA","postalCode":"30170","schedule":"L-D: 06:00-22:00","fuels":{"gasoline95":1.745,"gasoline98":1.865,"diesel":1.919,"dieselRenewable":2.039},"extra":{"saleType":"P","margin":"D","reportingType":"OM","ideess":"4233","idMunicipio":"4584","idProvincia":"30","idCCAA":"14"}}},{"type":"Feature","geometry":{"type":"Point","coordinates":[-1.218778,38.061278]},"properties":{"id":"es-4234","source":"ES","brand":"CEPSA","address":"CARRETERA N-301A KM. 377,8","municipality":"Molina de Segura","province":"MURCIA","postalCode":"30500","schedule":"L-S: 06:00-22:00; D: 08:00-15:00","fuels":{"gasoline95":1.809,"diesel":1.969,"dieselPremium":2.069,"dieselB":1.809,"adblue":0.999},"extra":{"saleType":"P","margin":"D","reportingType":"dm","ideess":"4234","idMunicipio":"4582","idProvincia":"30","idCCAA":"14"}}},{"type":"Feature","geometry":{"type":"Point","coordinates":[-1.316861,38.472917]},"properties":{"id":"es-4236","source":"ES","brand":"CEPSA-MOEVE","address":"CARRETERA N-344A KM. 69,1","municipality":"Jumilla","province":"MURCIA","postalCode":"30520","schedule":"L-D: 06:00-22:00","fuels":{"gasoline95":1.779,"gasoline95Premium":1.869,"gasoline98":1.889,"diesel":1.879,"dieselPremium":1.979,"dieselB":1.799},"extra":{"saleType":"P","margin":"I","reportingType":"dm","ideess":"4236","idMunicipio":"4577","idProvincia":"30","idCCAA":"14"}}},{"type":"Feature","geometry":{"type":"Point","coordinates":[-1.042028,38.032333]},"properties":{"id":"es-4239","source":"ES","brand":"PARA Y SIGUE","address":"CR MU-303, 3.80 (MU-303 km 3,8)","municipality":"Murcia","province":"MURCIA","postalCode":"30139","schedule":"L-D: 06:30-22:00","fuels":{"gasoline95":1.759,"gasoline98":1.879,"diesel":1.879,"dieselPremium":1.949,"adblue":0.799},"extra":{"saleType":"P","margin":"I","reportingType":"dm","ideess":"4239","idMunicipio":"4585","idProvincia":"30","idCCAA":"14"}}},{"type":"Feature","geometry":{"type":"Point","coordinates":[-1.285417,38.116861]},"properties":{"id":"es-4241","source":"ES","brand":"REPSOL","address":"AVENIDA MARIO SPREAFICO, 38","municipality":"Archena","province":"MURCIA","postalCode":"30600","schedule":"L-D: 06:00-22:00","fuels":{"gasoline95":1.789,"gasoline98":1.909,"diesel":1.929,"dieselB":1.589,"dieselRenewable":2.029},"extra":{"saleType":"P","margin":"D","reportingType":"dm","ideess":"4241","idMunicipio":"4564","idProvincia":"30","idCCAA":"14"}}},{"type":"Feature","geometry":{"type":"Point","coordinates":[-1.853333,38.104778]},"properties":{"id":"es-4243","source":"ES","brand":"MOEVE","address":"CARRETERA C-415 KM. 63,5","municipality":"Caravaca de la Cruz","province":"MURCIA","postalCode":"30400","schedule":"L-D: 06:00-22:00","fuels":{"gasoline95":1.794,"gasoline95Premium":1.904,"diesel":1.934,"dieselPremium":2.034},"extra":{"saleType":"P","margin":"I","reportingType":"OM","ideess":"4243","idMunicipio":"4570","idProvincia":"30","idCCAA":"14"}}},{"type":"Feature","geometry":{"type":"Point","coordinates":[-1.973222,38.044194]},"properties":{"id":"es-4245","source":"ES","brand":"REPSOL","address":"CR C-330   CIEZA-POZO ALCON, 78,5","municipality":"Caravaca de la Cruz","province":"MURCIA","postalCode":"30412","schedule":"L-S: 06:00-22:00; D: 08:00-22:00","fuels":{"gasoline95":1.745,"gasoline98":1.865,"diesel":1.909,"dieselRenewable":2.029},"extra":{"saleType":"P","margin":"I","reportingType":"OM","ideess":"4245","idMunicipio":"4570","idProvincia":"30","idCCAA":"14"}}},{"type":"Feature","geometry":{"type":"Point","coordinates":[-1.352694,38.177917]},"properties":{"id":"es-4251","source":"ES","brand":"REPSOL","address":"CARRETERA MU-553 KM. 2,2","municipality":"Blanca","province":"MURCIA","postalCode":"30540","schedule":"L-S: 07:00-20:00","fuels":{"gasoline95":1.745,"diesel":1.919,"dieselRenewable":2.039},"extra":{"saleType":"P","margin":"I","reportingType":"OM","ideess":"4251","idMunicipio":"4566","idProvincia":"30","idCCAA":"14"}}},{"type":"Feature","geometry":{"type":"Point","coordinates":[-1.085667,38.042889]},"properties":{"id":"es-4259","source":"ES","brand":"REPSOL","address":"CARRETERA ALICANTE KM. 10","municipality":"Murcia","province":"MURCIA","postalCode":"30163","schedule":"L-V: 06:00-23:00; S: 06:30-23:00; D: 07:00-23:00","fuels":{"gasoline95":1.769,"gasoline98":1.889,"diesel":1.955,"dieselRenewable":2.075},"extra":{"saleType":"P","margin":"D","reportingType":"OM","ideess":"4259","idMunicipio":"4585","idProvincia":"30","idCCAA":"14"}}},{"type":"Feature","geometry":{"type":"Point","coordinates":[-1.160694,38.020417]},"properties":{"id":"es-4267","source":"ES","brand":"REPSOL","address":"CARRETERA N-301 KM. 388","municipality":"Murcia","province":"MURCIA","postalCode":"30100","schedule":"L-D: 24H","fuels":{"gasoline95":1.795,"gasoline98":1.915,"diesel":1.919,"dieselRenewable":2.039},"extra":{"saleType":"P","margin":"I","reportingType":"OM","ideess":"4267","idMunicipio":"4585","idProvincia":"30","idCCAA":"14"}}},{"type":"Feature","geometry":{"type":"Point","coordinates":[-1.002111,38.04575]},"properties":{"id":"es-4269","source":"ES","brand":"REPSOL","address":"AVENIDA CALVO SOTELO, 4","municipality":"Beniel","province":"MURCIA","postalCode":"30130","schedule":"L-D: 06:00-22:30","fuels":{"gasoline95":1.769,"diesel":1.919,"dieselRenewable":2.039},"extra":{"saleType":"P","margin":"D","reportingType":"OM","ideess":"4269","idMunicipio":"4565","idProvincia":"30","idCCAA":"14"}}},{"type":"Feature","geometry":{"type":"Point","coordinates":[-1.098639,38.016778]},"properties":{"id":"es-4271","source":"ES","brand":"PARA Y SIGUE","address":"CARRETERA ALICANTE KM. 6","municipality":"Murcia","province":"MURCIA","postalCode":"30160","schedule":"L-D: 24H","fuels":{"gasoline95":1.639,"gasoline98":1.849,"diesel":1.739,"dieselPremium":1.809},"extra":{"saleType":"P","margin":"D","reportingType":"dm","ideess":"4271","idMunicipio":"4585","idProvincia":"30","idCCAA":"14"}}},{"type":"Feature","geometry":{"type":"Point","coordinates":[-1.098278,38.016639]},"properties":{"id":"es-4272","source":"ES","brand":"PARA Y SIGUE","address":"CARRETERA ALICANTE KM. 6,8","municipality":"Murcia","province":"MURCIA","postalCode":"30160","schedule":"L-D: 06:30-22:00","fuels":{"gasoline95":1.759,"gasoline98":1.879,"diesel":1.879,"dieselPremium":1.949,"adblue":0.799},"extra":{"saleType":"P","margin":"I","reportingType":"dm","ideess":"4272","idMunicipio":"4585","idProvincia":"30","idCCAA":"14"}}},{"type":"Feature","geometry":{"type":"Point","coordinates":[-1.243833,38.036889]},"properties":{"id":"es-4273","source":"ES","brand":"CEPSA","address":"CARRETERA N-344A KM. 9,6","municipality":"Torres de Cotillas (Las)","province":"MURCIA","postalCode":"30565","schedule":"L-D: 06:00-22:00","fuels":{"gasoline95":1.804,"gasoline95Premium":1.904,"diesel":1.944,"dieselPremium":2.044},"extra":{"saleType":"P","margin":"D","reportingType":"dm","ideess":"4273","idMunicipio":"4594","idProvincia":"30","idCCAA":"14"}}},{"type":"Feature","geometry":{"type":"Point","coordinates":[-1.123667,38.176306]},"properties":{"id":"es-4281","source":"ES","brand":"MOEVE","address":"CARRETERA C-3223 KM. 16","municipality":"Fortuna","province":"MURCIA","postalCode":"30620","schedule":"L-S: 06:00-22:00; D: 06:30-14:30","fuels":{"gasoline95":1.774,"diesel":1.914,"dieselPremium":2.014},"extra":{"saleType":"P","margin":"D","reportingType":"dm","ideess":"4281","idMunicipio":"4575","idProvincia":"30","idCCAA":"14"}}},{"type":"Feature","geometry":{"type":"Point","coordinates":[-1.866139,38.099722]},"properties":{"id":"es-4283","source":"ES","brand":"MOEVE","address":"CARRETERA C-330 KM. 65,3","municipality":"Caravaca de la Cruz","province":"MURCIA","postalCode":"30400","schedule":"L-D: 06:00-22:00","fuels":{"gasoline95":1.804,"gasoline95Premium":1.864,"diesel":1.934,"dieselPremium":2.034},"extra":{"saleType":"P","margin":"I","reportingType":"OM","ideess":"4283","idMunicipio":"4570","idProvincia":"30","idCCAA":"14"}}},{"type":"Feature","geometry":{"type":"Point","coordinates":[-1.03575,38.101972]},"properties":{"id":"es-4289","source":"ES","brand":"REPSOL","address":"CR  A-7 , P.K. 750 M.D.","municipality":"Santomera","province":"MURCIA","postalCode":"30140","schedule":"L-D: 24H","fuels":{"gasoline95":1.795,"gasoline98":1.915,"diesel":1.909,"dieselRenewable":2.029},"extra":{"saleType":"P","margin":"D","reportingType":"OM","ideess":"4289","idMunicipio":"4592","idProvincia":"30","idCCAA":"14"}}},{"type":"Feature","geometry":{"type":"Point","coordinates":[-1.035667,38.101222]},"properties":{"id":"es-4290","source":"ES","brand":"REPSOL","address":"CR  A-7 P.K. 750 M.I.","municipality":"Santomera","province":"MURCIA","postalCode":"30140","schedule":"L-D: 24H","fuels":{"gasoline95":1.795,"gasoline98":1.915,"diesel":1.909,"dieselRenewable":2.029},"extra":{"saleType":"P","margin":"I","reportingType":"OM","ideess":"4290","idMunicipio":"4592","idProvincia":"30","idCCAA":"14"}}},{"type":"Feature","geometry":{"type":"Point","coordinates":[-1.202139,38.068472]},"properties":{"id":"es-4292","source":"ES","brand":"SHELL","address":"AVENIDA GUTIERREZ MELLADO S/N, S/N","municipality":"Molina de Segura","province":"MURCIA","postalCode":"30500","schedule":"L-D: 24H","fuels":{"gasoline95":1.769,"gasoline98":1.909,"diesel":1.899,"dieselPremium":1.979,"adblue":1.25},"extra":{"saleType":"P","margin":"D","reportingType":"OM","ideess":"4292","idMunicipio":"4582","idProvincia":"30","idCCAA":"14"}}},{"type":"Feature","geometry":{"type":"Point","coordinates":[-1.102611,38.614667]},"properties":{"id":"es-4296","source":"ES","brand":"GALP","address":"C-3314 Km. 64,9","municipality":"Yecla","province":"MURCIA","postalCode":"30510","schedule":"L-D: 06:00-22:00","fuels":{"gasoline95":1.709,"gasoline98":1.819,"diesel":1.779,"dieselPremium":1.829,"adblue":0.799},"extra":{"saleType":"P","margin":"N","reportingType":"OM","ideess":"4296","idMunicipio":"4599","idProvincia":"30","idCCAA":"14"}}},{"type":"Feature","geometry":{"type":"Point","coordinates":[-1.875944,38.963972]},"properties":{"id":"es-4372","source":"ES","brand":"LA PULGOSA","address":"CARRETERA M 3203 KM. 2,6","municipality":"Albacete","province":"ALBACETE","postalCode":"02006","schedule":"L-D: 06:00-22:00","fuels":{"gasoline95":1.672,"diesel":1.785,"dieselPremium":1.91},"extra":{"saleType":"P","margin":"D","reportingType":"dm","ideess":"4372","idMunicipio":"54","idProvincia":"02","idCCAA":"07"}}},{"type":"Feature","geometry":{"type":"Point","coordinates":[-1.17575,38.875028]},"properties":{"id":"es-4383","source":"ES","brand":"SHELL","address":"AUTOVIA A-31 KM. 140","municipality":"Almansa","province":"ALBACETE","postalCode":"02640","schedule":"L-D: 07:00-23:00","fuels":{"gasoline95":1.779,"gasoline98":1.919,"diesel":1.949,"dieselPremium":2.029},"extra":{"saleType":"P","margin":"D","reportingType":"OM","ideess":"4383","idMunicipio":"60","idProvincia":"02","idCCAA":"07"}}},{"type":"Feature","geometry":{"type":"Point","coordinates":[-1.981861,38.331361]},"properties":{"id":"es-4392","source":"ES","brand":"NAVARRO Y VALERO, S.L","address":"AVENIDA DE LA PAZ, 3","municipality":"Socovos","province":"ALBACETE","postalCode":"02435","schedule":"L-S: 06:00-22:00; D: 06:30-22:00","fuels":{"gasoline95":1.729,"gasoline98":1.869,"diesel":1.919,"dieselB":1.609},"extra":{"saleType":"P","margin":"D","reportingType":"dm","ideess":"4392","idMunicipio":"124","idProvincia":"02","idCCAA":"07"}}},{"type":"Feature","geometry":{"type":"Point","coordinates":[-1.9205,38.867556]},"properties":{"id":"es-4394","source":"ES","brand":"LOZANO","address":"CM. 3203 km 14,1","municipality":"Albacete","province":"ALBACETE","postalCode":"02140","schedule":"L-S: 07:00-14:00; D: 09:00-14:00","fuels":{"gasoline95":1.659,"diesel":1.798,"dieselPremium":1.999,"dieselB":1.4},"extra":{"saleType":"P","margin":"D","reportingType":"dm","ideess":"4394","idMunicipio":"54","idProvincia":"02","idCCAA":"07"}}},{"type":"Feature","geometry":{"type":"Point","coordinates":[-1.869889,38.998222]},"properties":{"id":"es-4415","source":"ES","brand":"INPEALSA","address":"AVDA. DE LOS TOREROS, S/N","municipality":"Albacete","province":"ALBACETE","postalCode":"02006","schedule":"L-D: 07:00-23:00","fuels":{"gasoline95":1.639,"diesel":1.799,"dieselPremium":1.849},"extra":{"saleType":"P","margin":"N","reportingType":"dm","ideess":"4415","idMunicipio":"54","idProvincia":"02","idCCAA":"07"}}},{"type":"Feature","geometry":{"type":"Point","coordinates":[-1.853306,38.982167]},"properties":{"id":"es-4416","source":"ES","brand":"INPEALSA","address":"AVDA. DE ESPAÑA (PRÓX. A C/ SAN JUAN), S/N","municipality":"Albacete","province":"ALBACETE","postalCode":"02006","schedule":"L-D: 07:00-23:00","fuels":{"gasoline95":1.639,"diesel":1.799},"extra":{"saleType":"P","margin":"N","reportingType":"dm","ideess":"4416","idMunicipio":"54","idProvincia":"02","idCCAA":"07"}}},{"type":"Feature","geometry":{"type":"Point","coordinates":[-1.433306,38.689833]},"properties":{"id":"es-4422","source":"ES","brand":"Nº 7374","address":"AVDA. DOCTOR PEREZ GIL, 25","municipality":"Fuente-Álamo","province":"ALBACETE","postalCode":"02651","schedule":"L: 07:00-21:00","fuels":{"gasoline95":1.659,"gasoline98":1.82,"diesel":1.499,"dieselB":1.099},"extra":{"saleType":"P","margin":"N","reportingType":"dm","ideess":"4422","idMunicipio":"84","idProvincia":"02","idCCAA":"07"}}},{"type":"Feature","geometry":{"type":"Point","coordinates":[-1.696972,38.511222]},"properties":{"id":"es-4423","source":"ES","brand":"MOEVE","address":"MELCHOR  DE MACANAZ, 66","municipality":"Hellín","province":"ALBACETE","postalCode":"02400","schedule":"L: 06:00-23:00","fuels":{"gasoline95":1.81,"gasoline98":1.919,"diesel":1.999,"dieselPremium":2.119},"extra":{"saleType":"P","margin":"N","reportingType":"dm","ideess":"4423","idMunicipio":"88","idProvincia":"02","idCCAA":"07"}}},{"type":"Feature","geometry":{"type":"Point","coordinates":[-1.847361,38.988972]},"properties":{"id":"es-4428","source":"ES","brand":"FAMILY ENERGY","address":"CALLE ALCALDE CONANGLA (C.C. EROSKI), S/N","municipality":"Albacete","province":"ALBACETE","postalCode":"02006","schedule":"L-S: 07:00-23:00; D: 08:00-23:00","fuels":{"gasoline95":1.549,"gasoline98":1.599,"diesel":1.709,"dieselPremium":1.759},"extra":{"saleType":"P","margin":"N","reportingType":"dm","ideess":"4428","idMunicipio":"54","idProvincia":"02","idCCAA":"07"}}},{"type":"Feature","geometry":{"type":"Point","coordinates":[-1.08475,38.859944]},"properties":{"id":"es-4788","source":"ES","brand":"MOEVE","address":"AVENIDA CIRCUNVALACION, 26","municipality":"Almansa","province":"ALBACETE","postalCode":"02640","schedule":"L-D: 06:00-22:00","fuels":{"gasoline95":1.785,"diesel":1.954,"dieselPremium":2.044,"adblue":0.999},"extra":{"saleType":"P","margin":"N","reportingType":"dm","ideess":"4788","idMunicipio":"60","idProvincia":"02","idCCAA":"07"}}},{"type":"Feature","geometry":{"type":"Point","coordinates":[-1.831611,38.998111]},"properties":{"id":"es-4790","source":"ES","brand":"INLOCOR S.L. \"CEPSA\"","address":"CARRETERA C-M 332 KM. 2,6","municipality":"Albacete","province":"ALBACETE","postalCode":"02007","schedule":"L-D: 06:00-23:30","fuels":{"gasoline95":1.809,"gasoline98":1.969,"diesel":1.969,"dieselPremium":2.079,"dieselB":1.899},"extra":{"saleType":"P","margin":"D","reportingType":"dm","ideess":"4790","idMunicipio":"54","idProvincia":"02","idCCAA":"07"}}},{"type":"Feature","geometry":{"type":"Point","coordinates":[-1.553694,38.828806]},"properties":{"id":"es-4791","source":"ES","brand":"GASOLEOS TURBULA","address":"CARRETERA FUENTEALAMO KM. 36","municipality":"Pétrola","province":"ALBACETE","postalCode":"02692","schedule":"L-D: 24H","fuels":{"gasoline95":1.709,"diesel":1.849},"extra":{"saleType":"P","margin":"I","reportingType":"dm","ideess":"4791","idMunicipio":"112","idProvincia":"02","idCCAA":"07"}}},{"type":"Feature","geometry":{"type":"Point","coordinates":[-1.978917,38.646833]},"properties":{"id":"es-4794","source":"ES","brand":"CEPSA","address":"CM-3203 km 41,9","municipality":"Alcadozo","province":"ALBACETE","postalCode":"02124","schedule":"L-D: 07:00-21:30","fuels":{"gasoline95":1.695,"diesel":1.779,"dieselPremium":1.859,"dieselB":1.689},"extra":{"saleType":"P","margin":"I","reportingType":"dm","ideess":"4794","idMunicipio":"57","idProvincia":"02","idCCAA":"07"}}},{"type":"Feature","geometry":{"type":"Point","coordinates":[-1.108,38.871556]},"properties":{"id":"es-4798","source":"ES","brand":"BALLENOIL","address":"AVENIDA MADRID, 11","municipality":"Almansa","province":"ALBACETE","postalCode":"02640","schedule":"L-D: 24H","fuels":{"gasoline95":1.629,"gasoline95Premium":1.649,"diesel":1.735,"dieselPremium":1.755},"extra":{"saleType":"P","margin":"N","reportingType":"OM","ideess":"4798","idMunicipio":"60","idProvincia":"02","idCCAA":"07"}}},{"type":"Feature","geometry":{"type":"Point","coordinates":[-1.143722,38.878278]},"properties":{"id":"es-4799","source":"ES","brand":"MOEVE","address":"AUTOVIA A-31 KM. 143,350","municipality":"Almansa","province":"ALBACETE","postalCode":"02640","schedule":"L-D: 06:00-22:00","fuels":{"gasoline95":1.785,"gasoline98":1.845,"diesel":1.955,"dieselPremium":2.045,"adblue":0.999},"extra":{"saleType":"P","margin":"I","reportingType":"dm","ideess":"4799","idMunicipio":"60","idProvincia":"02","idCCAA":"07"}}},{"type":"Feature","geometry":{"type":"Point","coordinates":[-1.502806,38.898306]},"properties":{"id":"es-4800","source":"ES","brand":"MOEVE","address":"AUTOVIA A31 KM. 111","municipality":"Chinchilla de Monte-Aragón","province":"ALBACETE","postalCode":"02695","schedule":"L-V: 06:00-22:00; S-D: 07:00-22:00","fuels":{"gasoline95":1.799,"diesel":1.969,"dieselPremium":2.069,"adblue":1.199},"extra":{"saleType":"P","margin":"N","reportingType":"dm","ideess":"4800","idMunicipio":"78","idProvincia":"02","idCCAA":"07"}}},{"type":"Feature","geometry":{"type":"Point","coordinates":[-1.714556,38.502889]},"properties":{"id":"es-4806","source":"ES","brand":"REPSOL","address":"CARRETERA JAEN KM. 47","municipality":"Hellín","province":"ALBACETE","postalCode":"02400","schedule":"L-D: 07:00-22:30","fuels":{"gasoline95":1.745,"gasoline98":1.915,"diesel":1.979,"dieselRenewable":2.099},"extra":{"saleType":"P","margin":"D","reportingType":"OM","ideess":"4806","idMunicipio":"88","idProvincia":"02","idCCAA":"07"}}},{"type":"Feature","geometry":{"type":"Point","coordinates":[-1.687833,38.506806]},"properties":{"id":"es-4831","source":"ES","brand":"PETRONOR","address":"CARRETERA MURCIA KM. 33","municipality":"Hellín","province":"ALBACETE","postalCode":"02400","schedule":"L-D: 06:00-23:00","fuels":{"gasoline95":1.739,"gasoline98":1.909,"diesel":1.985,"dieselRenewable":2.105},"extra":{"saleType":"P","margin":"I","reportingType":"OM","ideess":"4831","idMunicipio":"88","idProvincia":"02","idCCAA":"07"}}},{"type":"Feature","geometry":{"type":"Point","coordinates":[-1.583389,38.921833]},"properties":{"id":"es-4852","source":"ES","brand":"REPSOL","address":"AUTOVIA A-31 KM. 103,150","municipality":"Hoya-Gonzalo","province":"ALBACETE","postalCode":"02696","schedule":"L-D: 07:00-23:00","fuels":{"gasoline95":1.799,"diesel":1.969,"dieselPremium":2.069},"extra":{"saleType":"P","margin":"D","reportingType":"dm","ideess":"4852","idMunicipio":"91","idProvincia":"02","idCCAA":"07"}}},{"type":"Feature","geometry":{"type":"Point","coordinates":[-1.098889,38.879167]},"properties":{"id":"es-4872","source":"ES","brand":"BALLENOIL","address":"AVENIDA CIRCUNVALACION, 9","municipality":"Almansa","province":"ALBACETE","postalCode":"02640","schedule":"L-D: 24H","fuels":{"gasoline95":1.629,"gasoline95Premium":1.649,"diesel":1.735,"dieselPremium":1.755},"extra":{"saleType":"P","margin":"N","reportingType":"OM","ideess":"4872","idMunicipio":"60","idProvincia":"02","idCCAA":"07"}}},{"type":"Feature","geometry":{"type":"Point","coordinates":[-1.100528,38.874583]},"properties":{"id":"es-4877","source":"ES","brand":"REPSOL","address":"CL AVDA. DE AYORA, S.N. A","municipality":"Almansa","province":"ALBACETE","postalCode":"02640","schedule":"L-D: 06:00-22:00","fuels":{"gasoline95":1.765,"gasoline98":1.935,"diesel":1.945,"dieselPremium":2.055,"lpg":1.169},"extra":{"saleType":"P","margin":"D","reportingType":"OM","ideess":"4877","idMunicipio":"60","idProvincia":"02","idCCAA":"07"}}},{"type":"Feature","geometry":{"type":"Point","coordinates":[-1.831639,38.929389]},"properties":{"id":"es-5129","source":"ES","brand":"INPEALSA","address":"CARRETERA NACIONAL 301 KM. 256","municipality":"Albacete","province":"ALBACETE","postalCode":"02099","schedule":"L-D: 24H","fuels":{"gasoline95":1.659,"diesel":1.819,"adblue":0.95},"extra":{"saleType":"P","margin":"D","reportingType":"dm","ideess":"5129","idMunicipio":"54","idProvincia":"02","idCCAA":"07"}}},{"type":"Feature","geometry":{"type":"Point","coordinates":[-1.741111,38.491861]},"properties":{"id":"es-5163","source":"ES","brand":"REPSOL","address":"CARRETERA DE HELLIN KM. 104","municipality":"Hellín","province":"ALBACETE","postalCode":"02420","schedule":"L-D: 06:00-23:00","fuels":{"gasoline95":1.739,"gasoline98":1.909,"diesel":1.979,"dieselB":1.695,"dieselRenewable":2.099},"extra":{"saleType":"P","margin":"D","reportingType":"OM","ideess":"5163","idMunicipio":"88","idProvincia":"02","idCCAA":"07"}}},{"type":"Feature","geometry":{"type":"Point","coordinates":[-1.758,38.937583]},"properties":{"id":"es-5170","source":"ES","brand":"REPSOL","address":"AUTOVIA A-31 KM. 86","municipality":"Chinchilla de Monte-Aragón","province":"ALBACETE","postalCode":"02520","schedule":"L-D: 06:00-22:00","fuels":{"gasoline95":1.785,"gasoline98":1.955,"diesel":1.975,"dieselRenewable":2.095,"lpg":1.169},"extra":{"saleType":"P","margin":"D","reportingType":"OM","ideess":"5170","idMunicipio":"78","idProvincia":"02","idCCAA":"07"}}},{"type":"Feature","geometry":{"type":"Point","coordinates":[-1.757611,38.938611]},"properties":{"id":"es-5171","source":"ES","brand":"REPSOL","address":"AUTOVIA A-31 KM. 86","municipality":"Chinchilla de Monte-Aragón","province":"ALBACETE","postalCode":"02520","schedule":"L-D: 06:00-22:00","fuels":{"gasoline95":1.785,"diesel":1.975,"dieselPremium":2.085},"extra":{"saleType":"P","margin":"I","reportingType":"OM","ideess":"5171","idMunicipio":"78","idProvincia":"02","idCCAA":"07"}}},{"type":"Feature","geometry":{"type":"Point","coordinates":[-1.854556,38.999722]},"properties":{"id":"es-5195","source":"ES","brand":"REPSOL","address":"CL PASEO DE LA CUBA, 15","municipality":"Albacete","province":"ALBACETE","postalCode":"02005","schedule":"L-D: 06:00-22:00","fuels":{"gasoline95":1.795,"gasoline98":1.915,"diesel":1.965,"dieselRenewable":2.085,"lpg":1.185},"extra":{"saleType":"P","margin":"D","reportingType":"OM","ideess":"5195","idMunicipio":"54","idProvincia":"02","idCCAA":"07"}}},{"type":"Feature","geometry":{"type":"Point","coordinates":[-1.731861,38.803389]},"properties":{"id":"es-5196","source":"ES","brand":"REPSOL","address":"CL AVENIDA GENERALISIMO 107 (N-301 km 276)","municipality":"Chinchilla de Monte-Aragón","province":"ALBACETE","postalCode":"02510","schedule":"L-D: 06:00-22:00","fuels":{"gasoline95":1.795,"gasoline95Premium":1.865,"diesel":1.999,"dieselRenewable":2.119},"extra":{"saleType":"P","margin":"I","reportingType":"OM","ideess":"5196","idMunicipio":"78","idProvincia":"02","idCCAA":"07"}}},{"type":"Feature","geometry":{"type":"Point","coordinates":[-1.33025,38.785917]},"properties":{"id":"es-5202","source":"ES","brand":"LOS CORRALES","address":"CALLE CAPATAZ SANTIAGO, 23","municipality":"Montealegre del Castillo","province":"ALBACETE","postalCode":"02650","schedule":"L-D: 07:00-21:00","fuels":{"gasoline95":1.769,"diesel":1.949},"extra":{"saleType":"P","margin":"I","reportingType":"dm","ideess":"5202","idMunicipio":"102","idProvincia":"02","idCCAA":"07"}}},{"type":"Feature","geometry":{"type":"Point","coordinates":[-1.680917,38.602278]},"properties":{"id":"es-5219","source":"ES","brand":"REPSOL","address":"AVENIDA GUARDIA CIVIL, 233","municipality":"Tobarra","province":"ALBACETE","postalCode":"02500","schedule":"L-D: 24H","fuels":{"gasoline95":1.819,"gasoline98":1.979,"diesel":1.999,"dieselB":1.729,"dieselRenewable":2.099,"adblue":1.2},"extra":{"saleType":"P","margin":"D","reportingType":"dm","ideess":"5219","idMunicipio":"126","idProvincia":"02","idCCAA":"07"}}},{"type":"Feature","geometry":{"type":"Point","coordinates":[-1.883694,38.988111]},"properties":{"id":"es-5222","source":"ES","brand":"REPSOL","address":"CALLE CTRA. DE JAEN, 79","municipality":"Albacete","province":"ALBACETE","postalCode":"02006","schedule":"L-D: 06:00-23:00","fuels":{"gasoline95":1.809,"gasoline98":1.969,"diesel":1.969,"dieselRenewable":2.079,"adblue":1.199},"extra":{"saleType":"P","margin":"I","reportingType":"dm","ideess":"5222","idMunicipio":"54","idProvincia":"02","idCCAA":"07"}}},{"type":"Feature","geometry":{"type":"Point","coordinates":[-1.726278,38.915972]},"properties":{"id":"es-5230","source":"ES","brand":"REPSOL","address":"Ctra. AB-430 KM 530,3","municipality":"Chinchilla de Monte-Aragón","province":"ALBACETE","postalCode":"02520","schedule":"L: 06:00-22:00","fuels":{"gasoline95":1.795,"gasoline98":1.955,"diesel":1.985,"dieselPremium":2.095},"extra":{"saleType":"P","margin":"I","reportingType":"OM","ideess":"5230","idMunicipio":"78","idProvincia":"02","idCCAA":"07"}}},{"type":"Feature","geometry":{"type":"Point","coordinates":[-1.91075,38.717556]},"properties":{"id":"es-5238","source":"ES","brand":"REPSOL","address":"CR CM-313 61,7","municipality":"Pozohondo","province":"ALBACETE","postalCode":"02141","schedule":"L-D: 07:00-21:00","fuels":{"gasoline95":1.899,"diesel":1.999,"dieselB":1.789},"extra":{"saleType":"P","margin":"I","reportingType":"dm","ideess":"5238","idMunicipio":"115","idProvincia":"02","idCCAA":"07"}}},{"type":"Feature","geometry":{"type":"Point","coordinates":[-1.871722,38.994667]},"properties":{"id":"es-5245","source":"ES","brand":"REPSOL","address":"CARRETERA JAEN KM. 2","municipality":"Albacete","province":"ALBACETE","postalCode":"02006","schedule":"L-D: 24H","fuels":{"gasoline95":1.809,"gasoline95Premium":1.859,"gasoline98":1.939,"diesel":1.969,"dieselRenewable":2.079,"adblue":1.209},"extra":{"saleType":"P","margin":"D","reportingType":"dm","ideess":"5245","idMunicipio":"54","idProvincia":"02","idCCAA":"07"}}},{"type":"Feature","geometry":{"type":"Point","coordinates":[-1.3315,38.875861]},"properties":{"id":"es-5268","source":"ES","brand":"REPSOL","address":"AUTOVIA A-31 KM. 126","municipality":"Bonete","province":"ALBACETE","postalCode":"02691","schedule":"L-D: 06:00-22:00","fuels":{"gasoline95":1.785,"gasoline98":1.955,"diesel":1.969,"dieselPremium":2.069},"extra":{"saleType":"P","margin":"D","reportingType":"OM","ideess":"5268","idMunicipio":"69","idProvincia":"02","idCCAA":"07"}}},{"type":"Feature","geometry":{"type":"Point","coordinates":[-1.331611,38.876111]},"properties":{"id":"es-5269","source":"ES","brand":"REPSOL","address":"CR N-430, 566,3","municipality":"Bonete","province":"ALBACETE","postalCode":"02691","schedule":"L-D: 06:00-22:00","fuels":{"gasoline95":1.785,"gasoline98":1.955,"diesel":1.969,"dieselPremium":2.069},"extra":{"saleType":"P","margin":"I","reportingType":"OM","ideess":"5269","idMunicipio":"69","idProvincia":"02","idCCAA":"07"}}},{"type":"Feature","geometry":{"type":"Point","coordinates":[-1.994028,38.900944]},"properties":{"id":"es-5272","source":"ES","brand":"REPSOL","address":"AVENIDA PRINCIPE, 2","municipality":"Albacete","province":"ALBACETE","postalCode":"02328","schedule":"L-D: 08:00-16:00","fuels":{"gasoline95":1.739,"gasoline98":1.909,"diesel":1.945,"dieselB":1.719,"dieselRenewable":2.065},"extra":{"saleType":"P","margin":"D","reportingType":"OM","ideess":"5272","idMunicipio":"54","idProvincia":"02","idCCAA":"07"}}},{"type":"Feature","geometry":{"type":"Point","coordinates":[-1.571667,38.417306]},"properties":{"id":"es-5312","source":"ES","brand":"CEPSA","address":"CARRETERA A-30 KM. 328,2","municipality":"Hellín","province":"ALBACETE","postalCode":"02400","schedule":"L-D: 06:00-22:00","fuels":{"gasoline95":1.794,"gasoline98":1.934,"diesel":1.974,"dieselPremium":2.044},"extra":{"saleType":"P","margin":"I","reportingType":"dm","ideess":"5312","idMunicipio":"88","idProvincia":"02","idCCAA":"07"}}},{"type":"Feature","geometry":{"type":"Point","coordinates":[-1.849028,38.98925]},"properties":{"id":"es-5313","source":"ES","brand":"CEPSA","address":"CALLE HERMANOS FALCÓ, 2","municipality":"Albacete","province":"ALBACETE","postalCode":"02002","schedule":"L-D: 06:30-22:30","fuels":{"gasoline95":1.799,"gasoline98":1.919,"diesel":1.965,"dieselPremium":2.059},"extra":{"saleType":"P","margin":"D","reportingType":"dm","ideess":"5313","idMunicipio":"54","idProvincia":"02","idCCAA":"07"}}},{"type":"Feature","geometry":{"type":"Point","coordinates":[-1.866806,38.985194]},"properties":{"id":"es-5318","source":"ES","brand":"PETROCAMP","address":"AVENIDA 1º DE MAYO, S/N","municipality":"Albacete","province":"ALBACETE","postalCode":"02006","schedule":"L-D: 07:00-23:00","fuels":{"gasoline95":1.659,"diesel":1.799},"extra":{"saleType":"P","margin":"N","reportingType":"dm","ideess":"5318","idMunicipio":"54","idProvincia":"02","idCCAA":"07"}}},{"type":"Feature","geometry":{"type":"Point","coordinates":[-1.235303,38.100296]},"properties":{"id":"es-8116","source":"ES","brand":"E.S. PAPA ALI","address":"P.I. LORQUÍ, C/B-4","municipality":"Lorquí","province":"MURCIA","postalCode":"30564","schedule":"L-D: 06:00-22:00","fuels":{"gasoline95":1.569,"diesel":1.709,"adblue":0.69},"extra":{"saleType":"P","margin":"N","reportingType":"dm","ideess":"8116","idMunicipio":"4580","idProvincia":"30","idCCAA":"14"}}},{"type":"Feature","geometry":{"type":"Point","coordinates":[-1.288028,38.094889]},"properties":{"id":"es-8119","source":"ES","brand":"ES MILL SERVICES","address":"CALLE VALENCIA, 0","municipality":"Ceutí","province":"MURCIA","postalCode":"30562","schedule":"L-D: 24H","fuels":{"gasoline95":1.666,"diesel":1.799,"dieselB":1.609,"adblue":0.65},"extra":{"saleType":"P","margin":"N","reportingType":"dm","ideess":"8119","idMunicipio":"4573","idProvincia":"30","idCCAA":"14"}}},{"type":"Feature","geometry":{"type":"Point","coordinates":[-1.121472,38.002333]},"properties":{"id":"es-8482","source":"ES","brand":"BP","address":"AVENIDA DE SANTIAGO, 86","municipality":"Murcia","province":"MURCIA","postalCode":"30007","schedule":"L-D: 07:00-23:00","fuels":{"gasoline95":1.779,"gasoline98":1.919,"diesel":1.929,"dieselPremium":2.019},"extra":{"saleType":"P","margin":"D","reportingType":"dm","ideess":"8482","idMunicipio":"4585","idProvincia":"30","idCCAA":"14"}}},{"type":"Feature","geometry":{"type":"Point","coordinates":[-1.139694,38.019806]},"properties":{"id":"es-8483","source":"ES","brand":"SHELL","address":"AVENIDA DON JUAN DE BORBON, S/N","municipality":"Murcia","province":"MURCIA","postalCode":"30001","schedule":"L-V: 08:00-13:00 y 17:00-19:00; S: 08:00-13:00","fuels":{"gasoline95":1.649,"gasoline98":1.849,"diesel":1.759,"dieselPremium":1.859},"extra":{"saleType":"P","margin":"N","reportingType":"OM","ideess":"8483","idMunicipio":"4585","idProvincia":"30","idCCAA":"14"}}},{"type":"Feature","geometry":{"type":"Point","coordinates":[-1.236552,38.958875]},"properties":{"id":"es-9035","source":"ES","brand":"COOPERATIVA SANTA CRUZ DE ALPERA","address":"BONETE, S/Nº","municipality":"Alpera","province":"ALBACETE","postalCode":"02690","schedule":"L-D: 24H","fuels":{"gasoline95":1.555,"diesel":1.706,"dieselB":1.424},"extra":{"saleType":"P","margin":"N","reportingType":"dm","ideess":"9035","idMunicipio":"61","idProvincia":"02","idCCAA":"07"}}},{"type":"Feature","geometry":{"type":"Point","coordinates":[-1.869694,38.086639]},"properties":{"id":"es-9316","source":"ES","brand":"FRUTAS CARAVACA, S.C.L.","address":"CTRA. DE GRANADA, PJ.STA INES km S/N.","municipality":"Caravaca de la Cruz","province":"MURCIA","postalCode":"30400","schedule":"L-D: 08:00-22:00","fuels":{"diesel":1.749,"dieselB":1.389},"extra":{"saleType":"P","margin":"D","reportingType":"dm","ideess":"9316","idMunicipio":"4570","idProvincia":"30","idCCAA":"14"}}},{"type":"Feature","geometry":{"type":"Point","coordinates":[-1.700306,38.234972]},"properties":{"id":"es-9320","source":"ES","brand":"BP","address":"CALLE TENIENTE FLOMESTA, 86","municipality":"Calasparra","province":"MURCIA","postalCode":"30420","schedule":"L: 06:00-22:00","fuels":{"gasoline95":1.795,"gasoline98":1.935,"diesel":1.939,"dieselPremium":2.029},"extra":{"saleType":"P","margin":"D","reportingType":"dm","ideess":"9320","idMunicipio":"4568","idProvincia":"30","idCCAA":"14"}}},{"type":"Feature","geometry":{"type":"Point","coordinates":[-1.645664,38.054324]},"properties":{"id":"es-9374","source":"ES","brand":"COBUCO","address":"CR C-415 km 41.5","municipality":"Bullas","province":"MURCIA","postalCode":"30180","schedule":"L-D: 24H","fuels":{"diesel":1.705,"dieselB":1.386},"extra":{"saleType":"P","margin":"I","reportingType":"dm","ideess":"9374","idMunicipio":"4567","idProvincia":"30","idCCAA":"14"}}},{"type":"Feature","geometry":{"type":"Point","coordinates":[-1.845278,38.971722]},"properties":{"id":"es-9546","source":"ES","brand":"REPSOL. LOS ANGELES DE LA MANCHA, S.L.","address":"MADRID-CARTAGENA km 248,5","municipality":"Albacete","province":"ALBACETE","postalCode":"02007","schedule":"L-D: 06:00-22:00","fuels":{"gasoline95":1.795,"gasoline95Premium":1.865,"diesel":1.969,"dieselPremium":2.079},"extra":{"saleType":"P","margin":"D","reportingType":"OM","ideess":"9546","idMunicipio":"54","idProvincia":"02","idCCAA":"07"}}},{"type":"Feature","geometry":{"type":"Point","coordinates":[-1.042583,38.062111]},"properties":{"id":"es-9732","source":"ES","brand":"BP","address":"CARRETERA NACIONAL 340 KM. 676","municipality":"Santomera","province":"MURCIA","postalCode":"30140","schedule":"L-D: 24H","fuels":{"gasoline95":1.794,"gasoline98":1.935,"diesel":1.938,"dieselPremium":2.029,"adblue":0.86},"extra":{"saleType":"P","margin":"I","reportingType":"dm","ideess":"9732","idMunicipio":"4592","idProvincia":"30","idCCAA":"14"}}},{"type":"Feature","geometry":{"type":"Point","coordinates":[-1.362694,38.177528]},"properties":{"id":"es-9766","source":"ES","brand":"CAMPER","address":"POLIGONO SAN ROQUE, CALLE COMUNIDAD VALENCIANA, S/N","municipality":"Blanca","province":"MURCIA","postalCode":"30540","schedule":"L: 06:00-22:00","fuels":{"gasoline95":1.759,"gasoline98":1.859,"diesel":1.899,"dieselPremium":1.999},"extra":{"saleType":"P","margin":"D","reportingType":"dm","ideess":"9766","idMunicipio":"4566","idProvincia":"30","idCCAA":"14"}}},{"type":"Feature","geometry":{"type":"Point","coordinates":[-1.318139,38.506139]},"properties":{"id":"es-9790","source":"ES","brand":"REPSOL","address":"CTRA. N-344 km 73.3","municipality":"Jumilla","province":"MURCIA","postalCode":"30520","schedule":"L-V: 06:00-20:00; S: 07:00-20:00; D: 08:00-20:00","fuels":{"gasoline95":1.789,"diesel":1.899,"dieselRenewable":2.039,"adblue":1.089},"extra":{"saleType":"P","margin":"D","reportingType":"dm","ideess":"9790","idMunicipio":"4577","idProvincia":"30","idCCAA":"14"}}}]}