{"type":"FeatureCollection","features":[{"type":"Feature","geometry":{"type":"Point","coordinates":[-8.403577,41.540028]},"properties":{"id":"pt-65022","source":"PT","name":"Continente - Braga, Minho Center","brand":"GALP","address":"Av. Robert Smith","municipality":"Braga","district":"Braga","postalCode":"4710-249","fuels":{"gasoline95":1.919,"gasoline95Plus":1.969,"diesel":2.022,"dieselPremium":2.072},"lastUpdated":"2026-08-10 11:15","extra":{"stationType":"Outro"},"services":[],"hours":{"weekdays":"Aberto 24 horas","saturday":"Aberto 24 horas","sunday":"Aberto 24 horas","holiday":"Aberto 24 horas"},"paymentMethods":["Dinheiro"],"otherServices":null,"observations":null}},{"type":"Feature","geometry":{"type":"Point","coordinates":[-8.36911,41.62729]},"properties":{"id":"pt-65121","source":"PT","name":"Irmãos Barbosa Macedo, Lda.","brand":"GALP","address":"EN 205, Km 50 - Feira Nova","municipality":"Amares","district":"Braga","postalCode":"4720-000","fuels":{"gasoline95":1.929,"gasoline95Plus":1.979,"diesel":2.032,"dieselPremium":2.082,"dieselAgri":1.624},"lastUpdated":"2026-08-12 10:30","extra":{"stationType":"Outro"},"services":[],"hours":{"weekdays":"07:00-23:00","saturday":"07:00-23:00","sunday":"07:00-23:00","holiday":"07:00-23:00"},"paymentMethods":["Dinheiro"],"otherServices":null,"observations":null}},{"type":"Feature","geometry":{"type":"Point","coordinates":[-8.69155,41.53171]},"properties":{"id":"pt-65161","source":"PT","name":"PRIO - Perelhal","brand":"PRIO","address":"Rua Frei Pedro de Perelhal, 856","municipality":"Barcelos","district":"Braga","postalCode":"4750-620","fuels":{"gasoline95":1.924,"gasoline95Plus":1.829,"dieselPremium":1.954,"dieselAgri":1.509,"bioDiesel":1.924,"lpg":0.899},"lastUpdated":"2026-08-14 18:00","extra":{"stationType":"Outro"},"services":["Cafetaria","Loja de Conveniência","Multibanco","WC","WC para deficientes"],"hours":null,"paymentMethods":["Dinheiro","MbWay","Multibanco","Outros"],"otherServices":null,"observations":null}},{"type":"Feature","geometry":{"type":"Point","coordinates":[-8.568338,41.554899]},"properties":{"id":"pt-65162","source":"PT","name":"Garagem Parque de Barcelos, Lda.","brand":"GALP","address":"EN 205, Km 28,450","municipality":"Barcelos","district":"Braga","postalCode":"4750-551","fuels":{"gasoline95":1.959,"gasoline95Plus":2.009,"gasoline98Plus":2.169,"diesel":2.062,"dieselPremium":2.112,"dieselAgri":1.624},"lastUpdated":"2026-08-12 10:30","extra":{"stationType":"Outro"},"services":[],"hours":{"weekdays":"07:00-23:00","saturday":"07:00-23:00","sunday":"07:00-23:00","holiday":"07:00-23:00"},"paymentMethods":["Dinheiro"],"otherServices":null,"observations":null}},{"type":"Feature","geometry":{"type":"Point","coordinates":[-8.66915,41.50344]},"properties":{"id":"pt-65163","source":"PT","name":"Marfilauto - Auto Reparadora, Lda.","brand":"GALP","address":"Rª Dª Elvira Gomes Barroso, Nº 274\nEN 205, Km 17,7","municipality":"Barcelos","district":"Braga","postalCode":"4755-233","fuels":{"gasoline95":1.959,"gasoline95Plus":2.009,"diesel":2.062,"dieselPremium":2.112,"dieselAgri":1.624},"lastUpdated":"2026-08-09 23:30","extra":{"stationType":"Outro"},"services":[],"hours":{"weekdays":"06:00-00:00","saturday":"07:00-00:00","sunday":"07:00-23:00","holiday":"07:00-23:00"},"paymentMethods":["Dinheiro"],"otherServices":null,"observations":null}},{"type":"Feature","geometry":{"type":"Point","coordinates":[-8.593953,41.52279]},"properties":{"id":"pt-65164","source":"PT","name":"Combustíveis Galo, Barcelos-Gamil","brand":"Genérico","address":"Rua da Estrada Nova 905","municipality":"Barcelos","district":"Braga","postalCode":"4755-602","fuels":{"gasoline95":1.859,"gasoline98":1.949,"diesel":1.939,"dieselPremium":1.969,"dieselAgri":1.499},"lastUpdated":"2026-08-11 00:00","extra":{"stationType":"Outro"},"services":["Cafetaria","Multibanco","Venda de carburante de qualidade superior","Venda de gás doméstico em garrafas","Venda de gasóleo agrícola","WC","WC para deficientes"],"hours":{"weekdays":"Aberto 24 horas","saturday":"Aberto 24 horas","sunday":"Aberto 24 horas","holiday":"Aberto 24 horas"},"paymentMethods":["Dinheiro","MbWay","Multibanco","Outros"],"otherServices":null,"observations":null}},{"type":"Feature","geometry":{"type":"Point","coordinates":[-8.63251,41.41954]},"properties":{"id":"pt-65165","source":"PT","name":"Santos da Cunha 6 – Logística e Transportes","brand":"GALP","address":"Rua da Estrada Nacional 206, 1543 (Km 12,020)","municipality":"Barcelos","district":"Braga","postalCode":"4775-206","fuels":{"gasoline95":1.929,"gasoline95Plus":1.979,"gasoline98Plus":2.139,"diesel":2.032,"dieselPremium":2.082,"dieselAgri":1.624},"lastUpdated":"2026-08-12 10:30","extra":{"stationType":"Outro"},"services":[],"hours":{"weekdays":"07:00-23:00","saturday":"07:00-23:00","sunday":"07:00-23:00","holiday":"07:00-23:00"},"paymentMethods":["Dinheiro"],"otherServices":null,"observations":null}},{"type":"Feature","geometry":{"type":"Point","coordinates":[-8.61575,41.53148]},"properties":{"id":"pt-65167","source":"PT","name":"GARAGEM PARQUE DE BARCELOS LDA","brand":"GALP","address":"Av. de Sidónio Pais nº35","municipality":"Barcelos","district":"Braga","postalCode":"4750-000","fuels":{"gasoline95":1.959,"gasoline95Plus":2.009,"gasoline98Plus":2.169,"diesel":2.062,"dieselPremium":2.112},"lastUpdated":"2026-08-10 00:00","extra":{"stationType":"Outro"},"services":["Assistência auto","Lavagem","Loja de Conveniência","Venda de carburante de qualidade superior","Venda de gás doméstico em garrafas","WC","WC para deficientes"],"hours":{"weekdays":"07:00-23:00","saturday":"07:00-23:00","sunday":"07:00-23:00","holiday":"07:00-23:00"},"paymentMethods":["Dinheiro"],"otherServices":null,"observations":"LAVAGEM AUTO\r\nMECANICA LIGEIRA\r\nOLEOS\r\nACESSORIOS AUTO\r\nGAS\r\nGELO\r\nWC\r\nWC DIFICIENTES\r\nLENHA"}},{"type":"Feature","geometry":{"type":"Point","coordinates":[-8.435685,41.542685]},"properties":{"id":"pt-65182","source":"PT","name":"Santos da Cunha 6 - Logística e Transportes, Lda","brand":"GALP","address":"Largo de Madre Deus - EN 103, Km 39,95","municipality":"Braga","district":"Braga","postalCode":"4700-228","fuels":{"gasoline95":1.929,"gasoline95Plus":1.979,"diesel":2.032,"dieselPremium":2.082},"lastUpdated":"2026-08-12 10:30","extra":{"stationType":"Outro"},"services":[],"hours":{"weekdays":"07:00-23:00","saturday":"07:00-23:00","sunday":"07:00-23:00","holiday":"07:00-23:00"},"paymentMethods":["Dinheiro"],"otherServices":null,"observations":null}},{"type":"Feature","geometry":{"type":"Point","coordinates":[-8.45472,41.58406]},"properties":{"id":"pt-65183","source":"PT","name":"Santos da Cunha 6 - Logística e Transportes, Lda.","brand":"GALP","address":"EN 201 - Km 60,720 - Lugar da Estrada","municipality":"Braga","district":"Braga","postalCode":"4700-000","fuels":{"gasoline95":1.929,"gasoline95Plus":1.979,"diesel":2.032,"dieselPremium":2.082,"dieselAgri":1.624},"lastUpdated":"2026-08-12 10:30","extra":{"stationType":"Outro"},"services":[],"hours":{"weekdays":"06:00-23:00","saturday":"06:00-23:00","sunday":"06:00-23:00","holiday":"06:00-23:00"},"paymentMethods":["Dinheiro"],"otherServices":null,"observations":null}},{"type":"Feature","geometry":{"type":"Point","coordinates":[-8.40931,41.551822]},"properties":{"id":"pt-65184","source":"PT","name":"Santos da Cunha 6 -  Logística e Transportes, Lda.","brand":"GALP","address":"EN 14 - Av. João Paulo II","municipality":"Braga","district":"Braga","postalCode":"4715-034","fuels":{"gasoline95":1.929,"gasoline95Plus":1.979,"diesel":2.032,"dieselPremium":2.082,"lpg":0.934},"lastUpdated":"2026-08-12 10:30","extra":{"stationType":"Outro"},"services":[],"hours":{"weekdays":"07:00-00:00","saturday":"07:00-00:00","sunday":"07:00-00:00","holiday":"07:00-00:00"},"paymentMethods":["Dinheiro"],"otherServices":null,"observations":null}},{"type":"Feature","geometry":{"type":"Point","coordinates":[-7.99216,41.51492]},"properties":{"id":"pt-65188","source":"PT","name":"Fernando Gonc. Ferreira Herd.,Lda","brand":"GALP","address":"EN 205 Km 102,5","municipality":"Cabeceiras de Basto","district":"Braga","postalCode":"4860-000","fuels":{"gasoline95":1.919,"gasoline95Plus":1.979,"diesel":2.022,"dieselPremium":2.082,"dieselAgri":1.624},"lastUpdated":"2026-08-15 00:00","extra":{"stationType":"Outro"},"services":[],"hours":{"weekdays":"Aberto 24 horas","saturday":"Aberto 24 horas","sunday":"Aberto 24 horas","holiday":"Aberto 24 horas"},"paymentMethods":["Dinheiro"],"otherServices":null,"observations":null}},{"type":"Feature","geometry":{"type":"Point","coordinates":[-8.02935,41.45828]},"properties":{"id":"pt-65233","source":"PT","name":"Devesa e Silva Ferreira,lda","brand":"GALP","address":"EN 206 Km 69,2","municipality":"Celorico de Basto","district":"Braga","postalCode":"4890-542","fuels":{"gasoline95":1.959,"gasoline95Plus":2.009,"diesel":2.062,"dieselPremium":2.112,"dieselAgri":1.624},"lastUpdated":"2026-08-12 10:30","extra":{"stationType":"Outro"},"services":[],"hours":{"weekdays":"07:00-23:00","saturday":"07:00-23:00","sunday":"07:00-23:00","holiday":"07:00-23:00"},"paymentMethods":["Dinheiro"],"otherServices":null,"observations":null}},{"type":"Feature","geometry":{"type":"Point","coordinates":[-7.988486,41.423443]},"properties":{"id":"pt-65234","source":"PT","name":"PETROPALHARES, LDA","brand":"GALP","address":"EN 304 Km 126,4 - Fermil  de Basto","municipality":"Celorico de Basto","district":"Braga","postalCode":"4890-342","fuels":{"gasoline95":1.979,"gasoline95Plus":2.029,"diesel":2.084,"dieselPremium":2.134,"dieselAgri":1.624},"lastUpdated":"2026-08-12 15:50","extra":{"stationType":"Outro"},"services":[],"hours":{"weekdays":"07:00-22:30","saturday":"07:00-22:30","sunday":"07:00-22:30","holiday":"07:00-22:30"},"paymentMethods":["Dinheiro"],"otherServices":null,"observations":null}},{"type":"Feature","geometry":{"type":"Point","coordinates":[-8.7748,41.52204]},"properties":{"id":"pt-65262","source":"PT","name":"Teixeira & Martins, Automóveis, Lda., ","brand":"GALP","address":"EN 13 Km 43,15","municipality":"Esposende","district":"Braga","postalCode":"4740-475","fuels":{"gasoline95":1.939,"gasoline95Plus":1.999,"gasoline98Plus":2.149,"diesel":2.044,"dieselPremium":2.104,"dieselAgri":1.624,"lpg":0.959},"lastUpdated":"2026-08-14 00:00","extra":{"stationType":"Outro"},"services":[],"hours":{"weekdays":"07:00-23:00","saturday":"07:00-23:00","sunday":"07:00-23:00","holiday":"07:00-23:00"},"paymentMethods":["Dinheiro"],"otherServices":null,"observations":null}},{"type":"Feature","geometry":{"type":"Point","coordinates":[-8.16688,41.44532]},"properties":{"id":"pt-65277","source":"PT","name":"Supercar - Comércio de Automóveis e Acessórios, Ldª","brand":"GALP","address":"Estrada Circular de Fafe","municipality":"Fafe","district":"Braga","postalCode":"4820-000","fuels":{"gasoline95":1.919,"gasoline95Plus":1.969,"diesel":2.022,"dieselPremium":2.072},"lastUpdated":"2026-08-15 00:00","extra":{"stationType":"Outro"},"services":[],"hours":{"weekdays":"07:00-23:00","saturday":"07:00-23:00","sunday":"07:00-23:00","holiday":"07:00-23:00"},"paymentMethods":["Dinheiro"],"otherServices":null,"observations":null}},{"type":"Feature","geometry":{"type":"Point","coordinates":[-8.17784,41.4519]},"properties":{"id":"pt-65278","source":"PT","name":"Santos da Cunha 6 - Logística e Transportes, Lda.","brand":"GALP","address":"EN 206 (Rua dos Aliados)","municipality":"Fafe","district":"Braga","postalCode":"4820-242","fuels":{"gasoline95":1.959,"gasoline95Plus":2.009,"diesel":2.062,"dieselPremium":2.112,"dieselAgri":1.624},"lastUpdated":"2026-08-12 10:30","extra":{"stationType":"Outro"},"services":[],"hours":{"weekdays":"Aberto 24 horas","saturday":"Aberto 24 horas","sunday":"Aberto 24 horas","holiday":"Aberto 24 horas"},"paymentMethods":["Dinheiro"],"otherServices":null,"observations":null}},{"type":"Feature","geometry":{"type":"Point","coordinates":[-8.26981,41.45393]},"properties":{"id":"pt-65321","source":"PT","name":"ATI - Petróleos, Ldª","brand":"GALP","address":"Rua Cruz d'Argola, nº 288","municipality":"Guimarães","district":"Braga","postalCode":"4810-255","fuels":{"gasoline95":1.919,"gasoline95Plus":1.969,"gasoline98Plus":2.129,"diesel":2.027,"dieselPremium":2.077},"lastUpdated":"2026-08-12 10:30","extra":{"stationType":"Outro"},"services":[],"hours":{"weekdays":"Aberto 24 horas","saturday":"Aberto 24 horas","sunday":"Aberto 24 horas","holiday":"Aberto 24 horas"},"paymentMethods":["Dinheiro"],"otherServices":null,"observations":null}},{"type":"Feature","geometry":{"type":"Point","coordinates":[-8.32289,41.40181]},"properties":{"id":"pt-65322","source":"PT","name":"R.P.I. Vale e Fernandes,lda","brand":"GALP","address":"EN 105 Km 40,1","municipality":"Guimarães","district":"Braga","postalCode":"4810-761","fuels":{"gasoline95":1.919,"gasoline95Plus":1.969,"diesel":2.027,"dieselPremium":2.077},"lastUpdated":"2026-08-12 16:55","extra":{"stationType":"Outro"},"services":[],"hours":{"weekdays":"07:00-22:00","saturday":"07:00-22:00","sunday":"07:00-22:00","holiday":"07:00-22:00"},"paymentMethods":["Dinheiro"],"otherServices":null,"observations":null}},{"type":"Feature","geometry":{"type":"Point","coordinates":[-8.33163,41.46474]},"properties":{"id":"pt-65323","source":"PT","name":"GALP S.João Ponte-Guimainveste-Com. Comb. Serv. Lda","brand":"GALP","address":"Parque Industrial de Guimarães","municipality":"Guimarães","district":"Braga","postalCode":"4805-258","fuels":{"gasoline95":1.919,"gasoline95Plus":1.969,"diesel":2.027,"dieselPremium":2.077},"lastUpdated":"2026-08-12 07:10","extra":{"stationType":"Outro"},"services":["Lavagem","Loja de Conveniência","Venda de gás doméstico em garrafas","WC","WC para deficientes"],"hours":{"weekdays":"07:30-21:00","saturday":"07:30-21:00","sunday":"08:30-20:30","holiday":"08:30-20:30"},"paymentMethods":["Dinheiro"],"otherServices":null,"observations":"Lavagem em túnel.\r\nLavagem JETWASH."}},{"type":"Feature","geometry":{"type":"Point","coordinates":[-8.36105,41.49261]},"properties":{"id":"pt-65325","source":"PT","name":"PIit Lane II.,Lda","brand":"GALP","address":"Rodinho Sande","municipality":"Guimarães","district":"Braga","postalCode":"4800-000","fuels":{"gasoline95":1.919,"gasoline95Plus":1.969,"diesel":2.027,"dieselPremium":2.077,"dieselAgri":1.624},"lastUpdated":"2026-08-12 10:30","extra":{"stationType":"Outro"},"services":[],"hours":{"weekdays":"07:00-22:00","saturday":"07:00-22:00","sunday":"07:00-22:00","holiday":"07:00-22:00"},"paymentMethods":["Dinheiro"],"otherServices":null,"observations":null}},{"type":"Feature","geometry":{"type":"Point","coordinates":[-8.30196,41.432733]},"properties":{"id":"pt-65326","source":"PT","name":"Pit Lane, Ldª","brand":"GALP","address":"EN 105 Km 44,183 - N/S","municipality":"Guimarães","district":"Braga","postalCode":"4800-000","fuels":{"gasoline95":1.919,"gasoline95Plus":1.969,"gasoline98Plus":2.129,"diesel":2.027,"dieselPremium":2.077},"lastUpdated":"2026-08-12 10:30","extra":{"stationType":"Outro"},"services":[],"hours":{"weekdays":"07:00-23:00","saturday":"07:00-23:00","sunday":"07:00-23:00","holiday":"07:00-23:00"},"paymentMethods":["Dinheiro"],"otherServices":null,"observations":null}},{"type":"Feature","geometry":{"type":"Point","coordinates":[-8.30162,41.4327]},"properties":{"id":"pt-65327","source":"PT","name":"Pit Lane, Ldª","brand":"GALP","address":"EN 105, Km 44,183 - Covas","municipality":"Guimarães","district":"Braga","postalCode":"4800-000","fuels":{"gasoline95":1.919,"gasoline95Plus":1.969,"diesel":2.027,"dieselPremium":2.077},"lastUpdated":"2026-08-12 10:30","extra":{"stationType":"Outro"},"services":[],"hours":{"weekdays":"07:00-22:00","saturday":"07:00-22:00","sunday":"07:00-22:00","holiday":"07:00-22:00"},"paymentMethods":["Dinheiro"],"otherServices":null,"observations":null}},{"type":"Feature","geometry":{"type":"Point","coordinates":[-8.276455,41.580902]},"properties":{"id":"pt-65575","source":"PT","name":"BP Av. Republica Este (1)","brand":"BP","address":"Avenida da Republica","municipality":"Póvoa de Lanhoso","district":"Braga","postalCode":"4830-000","fuels":{"gasoline95":1.929,"gasoline98Plus":2.199,"diesel":2.034,"dieselPremium":2.234,"dieselAgri":1.639},"lastUpdated":"2026-08-11 10:05","extra":{"stationType":"Outro"},"services":["Calibragem de pneus"],"hours":null,"paymentMethods":["Dinheiro"],"otherServices":null,"observations":null}},{"type":"Feature","geometry":{"type":"Point","coordinates":[-8.27709,41.580809]},"properties":{"id":"pt-65576","source":"PT","name":"Repsol Avenida da República Oeste (II)","brand":"REPSOL","address":"Av. República","municipality":"Póvoa de Lanhoso","district":"Braga","postalCode":"4830-000","fuels":{"gasoline95":1.929,"gasoline98Plus":2.119,"diesel":2.034,"dieselPremium":2.094},"lastUpdated":"2026-08-10 11:30","extra":{"stationType":"Outro"},"services":[],"hours":{"weekdays":"07:30-19:30","saturday":"07:30-19:30","sunday":"07:30-19:30","holiday":"07:30-19:30"},"paymentMethods":["Dinheiro"],"otherServices":null,"observations":null}},{"type":"Feature","geometry":{"type":"Point","coordinates":[-8.30539,41.71765]},"properties":{"id":"pt-65679","source":"PT","name":"Soares, Cerqueira & Cunha, Lda.","brand":"GALP","address":"Largo Paço Moimenta","municipality":"Terras de Bouro","district":"Braga","postalCode":"4840-100","fuels":{"gasoline95":1.959,"gasoline95Plus":2.009,"diesel":2.062,"dieselPremium":2.112,"dieselAgri":1.624},"lastUpdated":"2026-08-12 10:30","extra":{"stationType":"Outro"},"services":[],"hours":{"weekdays":"07:00-22:00","saturday":"07:00-22:00","sunday":"07:00-22:00","holiday":"07:00-22:00"},"paymentMethods":["Dinheiro"],"otherServices":null,"observations":null}},{"type":"Feature","geometry":{"type":"Point","coordinates":[-8.18885,41.6354]},"properties":{"id":"pt-65718","source":"PT","name":"BP Cerdeirinhas","brand":"BP","address":"EN 103, Km 68,25","municipality":"Vieira do Minho","district":"Braga","postalCode":"4850-000","fuels":{"gasoline95":1.999,"gasoline98Plus":2.199,"diesel":2.114,"dieselPremium":2.234,"dieselAgri":1.639},"lastUpdated":"2026-08-11 10:05","extra":{"stationType":"Outro"},"services":[],"hours":{"weekdays":"06:00-23:00","saturday":"06:00-23:00","sunday":"06:00-23:00","holiday":"06:00-23:00"},"paymentMethods":["Dinheiro"],"otherServices":null,"observations":null}},{"type":"Feature","geometry":{"type":"Point","coordinates":[-8.43338,41.37135]},"properties":{"id":"pt-65735","source":"PT","name":"DURAES FERREIRA E COMPANHIA LDA","brand":"PRIO","address":"Av. Silva Pereira, nº 600","municipality":"Vila Nova de Famalicão","district":"Braga","postalCode":"4765-014","fuels":{"gasoline95":1.879,"gasoline95Plus":1.869,"diesel":1.949,"dieselPremium":1.939,"dieselAgri":1.499},"lastUpdated":"2026-08-10 16:45","extra":{"stationType":"Outro"},"services":[],"hours":{"weekdays":"07:00-23:00","saturday":"07:00-23:00","sunday":"07:00-23:00","holiday":"07:00-23:00"},"paymentMethods":["Dinheiro"],"otherServices":null,"observations":null}},{"type":"Feature","geometry":{"type":"Point","coordinates":[-8.52241,41.41505]},"properties":{"id":"pt-65738","source":"PT","name":"GALP Av 9 de Julho","brand":"GALP","address":"Av 9 de Julho nº462","municipality":"Vila Nova de Famalicão","district":"Braga","postalCode":"4760-102","fuels":{"gasoline95":1.959,"gasoline95Plus":2.009,"diesel":2.062,"dieselPremium":2.112},"lastUpdated":"2026-08-14 09:05","extra":{"stationType":"Outro"},"services":[],"hours":{"weekdays":"06:00-22:00","saturday":"06:00-22:00","sunday":"06:00-22:00","holiday":"06:00-22:00"},"paymentMethods":["Dinheiro"],"otherServices":null,"observations":null}},{"type":"Feature","geometry":{"type":"Point","coordinates":[-8.51616,41.40408]},"properties":{"id":"pt-65739","source":"PT","name":"Teixeira & Martins - Automóveis, Lda.","brand":"GALP","address":"Av. Marechal Humberto Delgado","municipality":"Vila Nova de Famalicão","district":"Braga","postalCode":"4760-901","fuels":{"gasoline95":1.959,"gasoline95Plus":2.009,"gasoline98Plus":2.169,"diesel":2.062,"dieselPremium":2.112},"lastUpdated":"2026-08-12 10:30","extra":{"stationType":"Outro"},"services":[],"hours":{"weekdays":"06:00-23:59","saturday":"06:00-23:59","sunday":"06:00-23:59","holiday":"06:00-23:59"},"paymentMethods":["Dinheiro"],"otherServices":null,"observations":null}},{"type":"Feature","geometry":{"type":"Point","coordinates":[-8.519618,41.40162]},"properties":{"id":"pt-65740","source":"PT","name":"BP Famalicão - D. Sancho I","brand":"BP","address":"RUA D.SANCHO 1 1316","municipality":"Vila Nova de Famalicão","district":"Braga","postalCode":"4760-325","fuels":{"gasoline95":1.939,"diesel":2.054},"lastUpdated":"2026-08-11 13:35","extra":{"stationType":"Outro"},"services":["Multibanco"],"hours":null,"paymentMethods":["Dinheiro"],"otherServices":null,"observations":null}},{"type":"Feature","geometry":{"type":"Point","coordinates":[-8.480149,41.389107]},"properties":{"id":"pt-65741","source":"PT","name":"GALP A.S. A7 Ceide (Famalicão/Guimarães)","brand":"GALP","address":"A 7 - Km 23,5 - Famalicão/Guimarães","municipality":"Vila Nova de Famalicão","district":"Braga","postalCode":"4770-281","fuels":{"gasoline95":1.959,"gasoline95Plus":2.019,"gasoline98Plus":2.169,"diesel":2.064,"dieselPremium":2.124},"lastUpdated":"2026-08-14 18:40","extra":{"stationType":"Auto-estrada"},"services":["Calibragem de pneus"],"hours":{"weekdays":"Aberto 24 horas","saturday":"Aberto 24 horas","sunday":"Aberto 24 horas","holiday":"Aberto 24 horas"},"paymentMethods":["Dinheiro"],"otherServices":null,"observations":null}},{"type":"Feature","geometry":{"type":"Point","coordinates":[-8.480057,41.390728]},"properties":{"id":"pt-65742","source":"PT","name":"GALP A.S. A7 Ceide (Guimarães/Famalicão)","brand":"GALP","address":"A 7 - Km 23,5 - Guimarães/Famalicão","municipality":"Vila Nova de Famalicão","district":"Braga","postalCode":"4770-281","fuels":{"gasoline95":1.959,"gasoline95Plus":2.019,"gasoline98Plus":2.169,"diesel":2.064,"dieselPremium":2.124},"lastUpdated":"2026-08-14 18:40","extra":{"stationType":"Auto-estrada"},"services":["Calibragem de pneus"],"hours":{"weekdays":"Aberto 24 horas","saturday":"Aberto 24 horas","sunday":"Aberto 24 horas","holiday":"Aberto 24 horas"},"paymentMethods":["Dinheiro"],"otherServices":null,"observations":null}},{"type":"Feature","geometry":{"type":"Point","coordinates":[-8.52491,41.67685]},"properties":{"id":"pt-65770","source":"PT","name":"BOMBAGAS COMBUSTIVEIS E LUBRIFICANTES LDA","brand":"BOMBAGÁS","address":"EN 201","municipality":"Vila Verde","district":"Braga","postalCode":"4731-000","fuels":{"gasoline95":1.894,"gasoline98":2.034,"diesel":1.982,"dieselPremium":2.047,"dieselAgri":1.545,"lpg":0.899},"lastUpdated":"2026-08-10 11:00","extra":{"stationType":"Outro"},"services":[],"hours":{"weekdays":"06:00-00:00","saturday":"06:00-00:00","sunday":"06:00-00:00","holiday":"06:00-00:00"},"paymentMethods":["Dinheiro"],"otherServices":null,"observations":null}},{"type":"Feature","geometry":{"type":"Point","coordinates":[-8.46518,41.59809]},"properties":{"id":"pt-65771","source":"PT","name":"Santos da Cunha 6 - Logística e Transportes, Lda. ","brand":"GALP","address":"EN 201, Km 58,93 - Largo do Bom Sucesso","municipality":"Vila Verde","district":"Braga","postalCode":"4730-453","fuels":{"gasoline95":1.929,"gasoline95Plus":1.979,"diesel":2.032,"dieselPremium":2.082,"dieselAgri":1.624},"lastUpdated":"2026-08-12 10:30","extra":{"stationType":"Outro"},"services":[],"hours":{"weekdays":"07:00-21:00","saturday":"07:00-21:00","sunday":"07:00-21:00","holiday":"07:00-21:00"},"paymentMethods":["Dinheiro"],"otherServices":null,"observations":null}},{"type":"Feature","geometry":{"type":"Point","coordinates":[-8.31382,41.37988]},"properties":{"id":"pt-65779","source":"PT","name":"R.P.I. Vale & Fernandes, Ldª","brand":"GALP","address":"Rua das Teixogueiras","municipality":"Vizela","district":"Braga","postalCode":"4815-000","fuels":{"gasoline95":1.919,"gasoline95Plus":1.969,"diesel":2.027,"dieselPremium":2.027,"dieselAgri":1.624},"lastUpdated":"2026-08-12 16:55","extra":{"stationType":"Outro"},"services":[],"hours":{"weekdays":"07:00-23:00","saturday":"07:00-23:00","sunday":"07:00-23:00","holiday":"07:00-23:00"},"paymentMethods":["Dinheiro"],"otherServices":null,"observations":null}},{"type":"Feature","geometry":{"type":"Point","coordinates":[-8.35223,41.48699]},"properties":{"id":"pt-65786","source":"PT","name":"Pit Lane, Lda","brand":"GALP","address":"Av. 25 de Abril, nº 5","municipality":"Guimarães","district":"Braga","postalCode":"4805-083","fuels":{"gasoline95":1.929,"gasoline95Plus":1.979,"gasoline98Plus":2.139,"diesel":2.027,"dieselPremium":2.077},"lastUpdated":"2026-08-10 21:05","extra":{"stationType":"Outro"},"services":["Cafetaria","Lavagem","Loja de Conveniência","Multibanco","Venda de carburante de qualidade superior","Venda de gás doméstico em garrafas","WC","WC para deficientes"],"hours":{"weekdays":"Aberto 24 horas","saturday":"Aberto 24 horas","sunday":"Aberto 24 horas","holiday":"Aberto 24 horas"},"paymentMethods":["Dinheiro"],"otherServices":null,"observations":"Telefone P"}},{"type":"Feature","geometry":{"type":"Point","coordinates":[-8.29937,41.44443]},"properties":{"id":"pt-65794","source":"PT","name":"Controlsuper - Com. de Combustiveis Lda 1","brand":"GALP","address":"Rua São Gonçalo - EN 105, Via Circular (Junto Estádio Guimarães)","municipality":"Guimarães","district":"Braga","postalCode":"4800-000","fuels":{"gasoline95":1.919,"gasoline95Plus":1.969,"diesel":2.027,"dieselPremium":2.077},"lastUpdated":"2026-08-12 10:30","extra":{"stationType":"Outro"},"services":[],"hours":{"weekdays":"07:00-22:00","saturday":"07:00-22:00","sunday":"07:00-22:00","holiday":"07:00-22:00"},"paymentMethods":["Dinheiro"],"otherServices":null,"observations":null}},{"type":"Feature","geometry":{"type":"Point","coordinates":[-8.65057,41.51351]},"properties":{"id":"pt-65846","source":"PT","name":"BP GILMONDE","brand":"BP","address":"EN 205 Km 19,53","municipality":"Barcelos","district":"Braga","postalCode":"4750-000","fuels":{"gasoline95":1.929,"gasoline98Plus":2.199,"diesel":2.032,"dieselPremium":2.234,"dieselAgri":1.639},"lastUpdated":"2026-08-15 00:00","extra":{"stationType":"Outro"},"services":[],"hours":{"weekdays":"07:00-23:00","saturday":"07:00-23:00","sunday":"07:00-23:00","holiday":"07:00-23:00"},"paymentMethods":["Dinheiro"],"otherServices":null,"observations":"Multibanco\r\nWC"}},{"type":"Feature","geometry":{"type":"Point","coordinates":[-8.600908,41.563145]},"properties":{"id":"pt-65847","source":"PT","name":"Manuel Joaquim Pereira & Ca. Lda.","brand":"BP","address":"Rua dos Combatentes do Ultramar, 500  Lijó","municipality":"Barcelos","district":"Braga","postalCode":"4750-047","fuels":{"gasoline95":1.959,"gasoline98Plus":2.199,"gasolineMix":2.3,"diesel":2.062,"dieselPremium":2.234,"dieselAgri":1.639},"lastUpdated":"2026-08-11 00:00","extra":{"stationType":"Outro"},"services":["Loja de Conveniência","Multibanco","Venda de carburante de qualidade superior","Venda de gás doméstico em garrafas","Venda de gasóleo agrícola","WC","WC para deficientes"],"hours":{"weekdays":"07:00-23:00","saturday":"07:00-23:00","sunday":"07:00-23:00","holiday":"07:00-23:00"},"paymentMethods":["Dinheiro","MbWay","Multibanco","Outros"],"otherServices":null,"observations":null}},{"type":"Feature","geometry":{"type":"Point","coordinates":[-8.50978,41.53333]},"properties":{"id":"pt-65848","source":"PT","name":"BP Martim","brand":"BP","address":"EN 103 Km 32,6","municipality":"Barcelos","district":"Braga","postalCode":"4755-313","fuels":{"gasoline95":1.959,"gasoline98Plus":2.219,"diesel":2.069,"dieselPremium":2.249,"dieselAgri":1.659},"lastUpdated":"2026-08-10 00:00","extra":{"stationType":"Outro"},"services":["Assistência auto","Cafetaria","Lavagem","Loja de Conveniência","Multibanco","Venda de gás doméstico em garrafas","Venda de gasóleo agrícola","WC","WC para deficientes"],"hours":{"weekdays":"06:30-23:00","saturday":"06:30-23:00","sunday":"06:30-23:00","holiday":"06:30-23:00"},"paymentMethods":["Dinheiro","MbWay","Multibanco"],"otherServices":null,"observations":"Jogos Stª "}},{"type":"Feature","geometry":{"type":"Point","coordinates":[-8.517175,41.39942]},"properties":{"id":"pt-65908","source":"PT","name":"FAMALICÃO AV. DESCOBRIMENTOS","brand":"BP","address":"Av. dos Descobrimentos antas","municipality":"Vila Nova de Famalicão","district":"Braga","postalCode":"4760-011","fuels":{"gasoline95":1.939,"gasoline98Plus":2.199,"diesel":2.054,"dieselPremium":2.234},"lastUpdated":"2026-08-11 13:35","extra":{"stationType":"Outro"},"services":["Cafetaria","Lavagem","Loja de Conveniência","Venda de carburante de qualidade superior","Venda de gás doméstico em garrafas","WC"],"hours":{"weekdays":"07:00-23:59","saturday":"07:00-23:59","sunday":"07:00-23:59","holiday":"07:00-23:59"},"paymentMethods":["Dinheiro"],"otherServices":null,"observations":null}},{"type":"Feature","geometry":{"type":"Point","coordinates":[-8.513199,41.410855]},"properties":{"id":"pt-65909","source":"PT","name":"FAMALICÃO - AV. BRASIL","brand":"BP","address":"Av. do Brasil","municipality":"Vila Nova de Famalicão","district":"Braga","postalCode":"4760-010","fuels":{"gasoline95":1.939,"gasoline98Plus":2.199,"diesel":2.049,"dieselPremium":2.229},"lastUpdated":"2026-08-10 07:20","extra":{"stationType":"Outro"},"services":["Cafetaria","Lavagem","Loja de Conveniência","Multibanco","Venda de carburante de qualidade superior","Venda de gás doméstico em garrafas","Venda de gasóleo agrícola","WC"],"hours":{"weekdays":"Aberto 24 horas","saturday":"Aberto 24 horas","sunday":"Aberto 24 horas","holiday":"Aberto 24 horas"},"paymentMethods":["Dinheiro"],"otherServices":null,"observations":null}},{"type":"Feature","geometry":{"type":"Point","coordinates":[-8.53341,41.40034]},"properties":{"id":"pt-65910","source":"PT","name":"Bp-Calendário","brand":"BP","address":"Rua Dr. Alberto Sampaio nº 1150","municipality":"Vila Nova de Famalicão","district":"Braga","postalCode":"4760-292","fuels":{"gasoline95":1.939,"gasoline98Plus":2.199,"diesel":2.054,"dieselPremium":2.234},"lastUpdated":"2026-08-12 14:50","extra":{"stationType":"Outro"},"services":[],"hours":{"weekdays":"07:00-23:00","saturday":"07:00-23:00","sunday":"07:00-23:00","holiday":"07:00-23:00"},"paymentMethods":["Dinheiro"],"otherServices":null,"observations":null}},{"type":"Feature","geometry":{"type":"Point","coordinates":[-8.35895,41.37303]},"properties":{"id":"pt-65953","source":"PT","name":"LORDELO","brand":"BP","address":"EN 105 nº 940","municipality":"Guimarães","district":"Braga","postalCode":"4815-135","fuels":{"gasoline95":1.959,"gasoline98Plus":2.199,"diesel":2.074,"dieselPremium":2.234,"dieselAgri":1.639},"lastUpdated":"2026-08-11 13:30","extra":{"stationType":"Outro"},"services":[],"hours":{"weekdays":"06:30-22:30","saturday":"06:30-22:30","sunday":"06:30-22:30","holiday":"06:30-22:30"},"paymentMethods":["Dinheiro"],"otherServices":null,"observations":"- Loja de conveniências.\r\n- Ar\r\n- Água"}},{"type":"Feature","geometry":{"type":"Point","coordinates":[-8.400159,41.445744]},"properties":{"id":"pt-66067","source":"PT","name":"BP- VERMIL","brand":"BP","address":"Rua da Portela nº1005","municipality":"Guimarães","district":"Braga","postalCode":"4805-546","fuels":{"gasoline95":1.959,"gasoline98Plus":2.199,"gasolineMix":2.319,"diesel":2.074,"dieselPremium":2.234,"dieselAgri":1.639,"lpg":1.109},"lastUpdated":"2026-08-11 11:50","extra":{"stationType":"Outro"},"services":["Calibragem de pneus"],"hours":{"weekdays":"07:00-21:00","saturday":"07:00-21:00","sunday":"07:00-21:00","holiday":"07:00-21:00"},"paymentMethods":["Dinheiro"],"otherServices":null,"observations":null}},{"type":"Feature","geometry":{"type":"Point","coordinates":[-8.636548,41.637307]},"properties":{"id":"pt-66092","source":"PT","name":"BP BARCELOS - BALUGÃES","brand":"BP","address":"EN 204 km 12,1","municipality":"Barcelos","district":"Braga","postalCode":"4905-042","fuels":{"gasoline95":1.979,"gasoline98Plus":2.199,"diesel":2.089,"dieselPremium":2.223,"dieselAgri":1.669},"lastUpdated":"2026-08-10 19:25","extra":{"stationType":"Outro"},"services":["Cafetaria","Calibragem de pneus","Lavagem","Multibanco","Venda de carburante de qualidade superior","Venda de gás doméstico em garrafas","Venda de gasóleo agrícola","Venda de gasóleo para aquecimento","WC"],"hours":{"weekdays":"07:00-22:30","saturday":"07:00-22:30","sunday":"07:00-22:30","holiday":"07:00-22:30"},"paymentMethods":["Dinheiro"],"otherServices":null,"observations":null}},{"type":"Feature","geometry":{"type":"Point","coordinates":[-8.624289,41.557063]},"properties":{"id":"pt-66093","source":"PT","name":"BP VILA BOA","brand":"BP","address":"EN 204 Km 22,1","municipality":"Barcelos","district":"Braga","postalCode":"4750-786","fuels":{"gasoline95":1.959,"gasoline98Plus":2.199,"diesel":2.062,"dieselPremium":2.234,"dieselAgri":1.639},"lastUpdated":"2026-08-11 00:05","extra":{"stationType":"Outro"},"services":["Assistência auto","Cafetaria","Lavagem","Loja de Conveniência","Multibanco","Venda de gás doméstico em garrafas","Venda de gasóleo agrícola","Venda de gasóleo para aquecimento","WC","WC para deficientes"],"hours":{"weekdays":"07:00-23:00","saturday":"07:00-23:00","sunday":"07:00-23:00","holiday":"07:00-23:00"},"paymentMethods":["Dinheiro"],"otherServices":null,"observations":null}},{"type":"Feature","geometry":{"type":"Point","coordinates":[-8.762344,41.504212]},"properties":{"id":"pt-66096","source":"PT","name":"BP FÃO","brand":"BP","address":"EN 13 Km 40,5 (Av. S. Cristóvão) ","municipality":"Esposende","district":"Braga","postalCode":"4740-321","fuels":{"gasoline95":1.889,"gasoline98Plus":2.199,"diesel":2.004,"dieselPremium":2.234,"dieselAgri":1.639,"lpg":0.999},"lastUpdated":"2026-08-15 00:05","extra":{"stationType":"Outro"},"services":["Cafetaria","Lavagem","Loja de Conveniência","Venda de gás doméstico em garrafas","Venda de gasóleo agrícola","Venda de gasóleo para aquecimento","WC"],"hours":{"weekdays":"06:00-23:59","saturday":"06:00-23:59","sunday":"06:00-23:59","holiday":"06:00-23:59"},"paymentMethods":["Dinheiro"],"otherServices":null,"observations":null}},{"type":"Feature","geometry":{"type":"Point","coordinates":[-8.5341,41.50221]},"properties":{"id":"pt-66124","source":"PT","name":"CEPSA Sequeade","brand":"CEPSA","address":"Avenida de Sequeade, 39","municipality":"Barcelos","district":"Braga","postalCode":"4755-516","fuels":{"gasoline95":1.893,"gasoline95Plus":1.943,"diesel":1.999,"dieselPremium":2.049,"dieselAgri":1.544},"lastUpdated":"2026-08-10 11:10","extra":{"stationType":"Outro"},"services":[],"hours":{"weekdays":"07:00-22:00","saturday":"07:00-22:00","sunday":"07:00-22:00","holiday":"07:00-22:00"},"paymentMethods":["Dinheiro"],"otherServices":null,"observations":null}},{"type":"Feature","geometry":{"type":"Point","coordinates":[-8.33948,41.3876]},"properties":{"id":"pt-66168","source":"PT","name":"ALFABRENT Guimarães Moreira de Cónegos","brand":"BP","address":"Rua Nossa Senhora da Ajuda nº 29","municipality":"Guimarães","district":"Braga","postalCode":"4815-364","fuels":{"gasoline95":1.939,"gasoline98":2.199,"diesel":2.054,"dieselPremium":2.234,"dieselAgri":1.639},"lastUpdated":"2026-08-15 00:00","extra":{"stationType":"Outro"},"services":["Cafetaria","Lavagem","Loja de Conveniência","Multibanco","Venda de gasóleo agrícola","Venda de gasóleo para aquecimento","WC","AUTOvoucher"],"hours":{"weekdays":"07:00-23:00","saturday":"07:00-23:00","sunday":"07:00-23:00","holiday":"07:00-23:00"},"paymentMethods":["Dinheiro","MbWay","Multibanco","Outros"],"otherServices":null,"observations":"Lavagens A"}},{"type":"Feature","geometry":{"type":"Point","coordinates":[-8.562631,41.357433]},"properties":{"id":"pt-66251","source":"PT","name":"CEPSA  RIBEIRÃO","brand":"CEPSA","address":"Rua Adelino Costa Campos, 57","municipality":"Vila Nova de Famalicão","district":"Braga","postalCode":"4760-717","fuels":{"gasoline95":1.963,"gasoline95Plus":2.013,"diesel":2.069,"dieselPremium":2.119,"dieselAgri":1.614},"lastUpdated":"2026-08-13 11:15","extra":{"stationType":"Outro"},"services":["Multibanco","WC"],"hours":{"weekdays":"07:00-23:00","saturday":"07:00-23:00","sunday":"07:00-23:00","holiday":"00:00-00:00"},"paymentMethods":["Dinheiro"],"otherServices":null,"observations":null}},{"type":"Feature","geometry":{"type":"Point","coordinates":[-8.40458,41.44105]},"properties":{"id":"pt-66254","source":"PT","name":"CEPSA LABRUGE GUI/FAM","brand":"CEPSA","address":"EN 206","municipality":"Vila Nova de Famalicão","district":"Braga","postalCode":"4770-254","fuels":{"gasoline95":1.919,"gasoline95Plus":1.969,"diesel":1.999,"dieselPremium":2.059},"lastUpdated":"2026-08-10 12:00","extra":{"stationType":"Outro"},"services":["Cafetaria","Lavagem","Multibanco","Venda de gás doméstico em garrafas","WC"],"hours":{"weekdays":"07:00-22:00","saturday":"07:00-22:00","sunday":"07:00-22:00","holiday":"07:00-22:00"},"paymentMethods":["Dinheiro","MbWay","Multibanco"],"otherServices":null,"observations":null}},{"type":"Feature","geometry":{"type":"Point","coordinates":[-8.407015,41.618904]},"properties":{"id":"pt-66275","source":"PT","name":"CEPSA - Lago","brand":"CEPSA","address":"Av. Pontezinhas, 162","municipality":"Amares","district":"Braga","postalCode":"4720-543","fuels":{"gasoline95":1.963,"gasoline98Plus":2.175,"diesel":2.069,"dieselPremium":2.119,"dieselAgri":1.614},"lastUpdated":"2026-08-10 00:00","extra":{"stationType":"Outro"},"services":["Calibragem de pneus"],"hours":{"weekdays":"06:30-23:30","saturday":"06:30-02:00","sunday":"06:30-23:30","holiday":"06:30-23:30"},"paymentMethods":["Dinheiro"],"otherServices":null,"observations":null}},{"type":"Feature","geometry":{"type":"Point","coordinates":[-8.43383,41.54841]},"properties":{"id":"pt-66290","source":"PT","name":"BRAGA - RUA DO CAIRES","brand":"CEPSA","address":"Rua do Caires","municipality":"Braga","district":"Braga","postalCode":"4700-228","fuels":{"gasoline95":1.893,"gasoline95Plus":1.943,"diesel":1.999,"dieselPremium":2.049},"lastUpdated":"2026-08-10 11:10","extra":{"stationType":"Outro"},"services":[],"hours":{"weekdays":"07:00-23:00","saturday":"07:00-23:00","sunday":"07:00-23:00","holiday":"07:00-23:00"},"paymentMethods":["Dinheiro"],"otherServices":null,"observations":null}},{"type":"Feature","geometry":{"type":"Point","coordinates":[-8.46101,41.53414]},"properties":{"id":"pt-66291","source":"PT","name":"CEPSA - SEQUEIRA","brand":"CEPSA","address":"Av. de Sequeira, Nº 20 (EN 103)","municipality":"Braga","district":"Braga","postalCode":"4705-629","fuels":{"gasoline95":1.898,"gasoline95Plus":1.998,"diesel":2.019,"dieselPremium":2.109},"lastUpdated":"2026-08-10 00:00","extra":{"stationType":"Outro"},"services":["Assistência auto","Cafetaria","Calibragem de pneus","Lavagem","Loja de Conveniência","Venda de gás doméstico em garrafas","WC","WC para deficientes","AUTOvoucher"],"hours":{"weekdays":"07:00-22:00","saturday":"07:00-22:00","sunday":"07:00-22:00","holiday":"08:00-21:00"},"paymentMethods":["Dinheiro","MbWay","Multibanco"],"otherServices":null,"observations":"Aspiração Self Service"}},{"type":"Feature","geometry":{"type":"Point","coordinates":[-8.163153,41.446447]},"properties":{"id":"pt-66314","source":"PT","name":"CEPSA Cavadas","brand":"CEPSA","address":"EN 206 (Via Circular)\r\n","municipality":"Fafe","district":"Braga","postalCode":"4820-587","fuels":{"gasoline95":1.913,"gasoline95Plus":1.963,"diesel":2.019,"dieselPremium":2.069},"lastUpdated":"2026-08-10 11:05","extra":{"stationType":"Outro"},"services":[],"hours":{"weekdays":"07:00-23:00","saturday":"07:00-23:00","sunday":"07:00-23:00","holiday":"07:00-23:00"},"paymentMethods":["Dinheiro"],"otherServices":null,"observations":null}},{"type":"Feature","geometry":{"type":"Point","coordinates":[-8.5459,41.36581]},"properties":{"id":"pt-66400","source":"PT","name":"Santos da Cunha 6 - Ribeirão","brand":"GALP","address":"Parque Comercial Lago Discount,\r\nLugar do Xisto,\r\nRibeirão\r\n                   \r\n","municipality":"Vila Nova de Famalicão","district":"Braga","postalCode":"4760-727","fuels":{"gasoline95":1.919,"diesel":2.022,"dieselPremium":2.072},"lastUpdated":"2026-08-10 11:15","extra":{"stationType":"Outro"},"services":[],"hours":{"weekdays":"Aberto 24 horas","saturday":"Aberto 24 horas","sunday":"Aberto 24 horas","holiday":"Aberto 24 horas"},"paymentMethods":["Dinheiro"],"otherServices":null,"observations":null}},{"type":"Feature","geometry":{"type":"Point","coordinates":[-8.300733,41.4512]},"properties":{"id":"pt-66404","source":"PT","name":"Controlsuper - Com. de Combustiveis Lda","brand":"GALP","address":"Circular Urbana Guimarães\r\nEN 105","municipality":"Guimarães","district":"Braga","postalCode":"4810-910","fuels":{"gasoline95":1.919,"gasoline95Plus":1.969,"diesel":2.027,"dieselPremium":2.077,"lpg":0.934},"lastUpdated":"2026-08-12 10:30","extra":{"stationType":"Outro"},"services":["Cafetaria","Lavagem","Loja de Conveniência","Venda de gás doméstico em garrafas","WC"],"hours":{"weekdays":"Aberto 24 horas","saturday":"Aberto 24 horas","sunday":"Aberto 24 horas","holiday":"Aberto 24 horas"},"paymentMethods":["Dinheiro"],"otherServices":null,"observations":null}},{"type":"Feature","geometry":{"type":"Point","coordinates":[-8.32216,41.43987]},"properties":{"id":"pt-66476","source":"PT","name":"E.S. CREIXOMIL","brand":"REPSOL","address":"EN 206 - R JOAQUIM RIBEIRO MOURA","municipality":"Guimarães","district":"Braga","postalCode":"4835-015","fuels":{"gasoline95":1.919,"gasoline98Plus":2.099,"diesel":2.024,"dieselPremium":2.084,"dieselAgri":1.604,"lpg":0.944},"lastUpdated":"2026-08-10 00:00","extra":{"stationType":"Outro"},"services":["Loja de Conveniência","Venda de carburante de qualidade superior","Venda de gás doméstico em garrafas","Venda de gasóleo agrícola","WC"],"hours":{"weekdays":"07:00-00:00","saturday":"07:00-00:00","sunday":"07:00-00:00","holiday":"07:00-00:00"},"paymentMethods":["Dinheiro"],"otherServices":null,"observations":null}},{"type":"Feature","geometry":{"type":"Point","coordinates":[-8.330047,41.470614]},"properties":{"id":"pt-66480","source":"PT","name":"E.S. S. JOAO PONTE B","brand":"REPSOL","address":"EN 101 Km 106,9","municipality":"Guimarães","district":"Braga","postalCode":"4800-000","fuels":{"gasoline95":1.919,"gasoline95Plus":1.969,"gasoline98Plus":2.099,"diesel":2.024,"dieselPremium":2.084,"dieselAgri":1.604},"lastUpdated":"2026-08-10 00:00","extra":{"stationType":"Outro"},"services":[],"hours":{"weekdays":"07:00-23:00","saturday":"07:00-23:00","sunday":"07:00-23:00","holiday":"07:00-23:00"},"paymentMethods":["Dinheiro"],"otherServices":null,"observations":null}},{"type":"Feature","geometry":{"type":"Point","coordinates":[-8.00245,41.38929]},"properties":{"id":"pt-66484","source":"PT","name":"E.S. CELORICO BASTO","brand":"REPSOL","address":"Rua Rodrigues Freitas","municipality":"Celorico de Basto","district":"Braga","postalCode":"4890-235","fuels":{"gasoline95":1.939,"gasoline98Plus":2.139,"diesel":2.044,"dieselPremium":2.114,"dieselAgri":1.634},"lastUpdated":"2026-08-15 00:00","extra":{"stationType":"Outro"},"services":["Assistência auto","Calibragem de pneus","Loja de Conveniência","Venda de carburante de qualidade superior","Venda de gás doméstico em garrafas","Venda de gasóleo agrícola","WC"],"hours":{"weekdays":"07:30-22:00","saturday":"07:30-22:00","sunday":"07:30-22:00","holiday":"07:30-22:00"},"paymentMethods":["Dinheiro"],"otherServices":null,"observations":null}},{"type":"Feature","geometry":{"type":"Point","coordinates":[-8.570217,41.416639]},"properties":{"id":"pt-66487","source":"PT","name":"E.S. CAVALOES","brand":"REPSOL","address":"EN 206 Km 17,7","municipality":"Vila Nova de Famalicão","district":"Braga","postalCode":"4760-000","fuels":{"gasoline95":1.929,"gasoline95Plus":1.989,"diesel":2.034,"dieselPremium":2.094,"dieselAgri":1.634},"lastUpdated":"2026-08-10 00:05","extra":{"stationType":"Outro"},"services":["Venda de carburante de qualidade superior","Venda de gás doméstico em garrafas","Venda de gasóleo agrícola"],"hours":{"weekdays":"07:00-23:00","saturday":"07:00-23:00","sunday":"07:00-23:00","holiday":"07:00-23:00"},"paymentMethods":["Dinheiro"],"otherServices":null,"observations":null}},{"type":"Feature","geometry":{"type":"Point","coordinates":[-8.42002,41.54357]},"properties":{"id":"pt-66488","source":"PT","name":"E.S. BRAGA","brand":"REPSOL","address":"Rua Conselheiro Lobato","municipality":"Braga","district":"Braga","postalCode":"4705-089","fuels":{"gasoline95":1.929,"gasoline95Plus":1.989,"gasoline98Plus":2.119,"diesel":2.034,"dieselPremium":2.094},"lastUpdated":"2026-08-10 00:00","extra":{"stationType":"Outro"},"services":["Lavagem","Loja de Conveniência","Venda de carburante de qualidade superior","Venda de gás doméstico em garrafas","WC"],"hours":{"weekdays":"07:00-23:00","saturday":"07:00-23:00","sunday":"07:00-23:00","holiday":"07:00-23:00"},"paymentMethods":["Dinheiro"],"otherServices":null,"observations":null}},{"type":"Feature","geometry":{"type":"Point","coordinates":[-8.45018,41.56547]},"properties":{"id":"pt-66490","source":"PT","name":"E.S. FROSSOS","brand":"REPSOL","address":"EN 201 Km 62,8","municipality":"Braga","district":"Braga","postalCode":"4700-000","fuels":{"gasoline95":1.929,"gasoline95Plus":1.989,"gasoline98Plus":2.119,"diesel":2.034,"dieselPremium":2.094,"dieselAgri":1.634,"lpg":0.944},"lastUpdated":"2026-08-10 12:05","extra":{"stationType":"Outro"},"services":["Loja de Conveniência","Venda de carburante de qualidade superior","Venda de gás doméstico em garrafas","Venda de gasóleo agrícola","WC"],"hours":{"weekdays":"07:00-22:00","saturday":"07:00-22:00","sunday":"07:00-22:00","holiday":"07:00-22:00"},"paymentMethods":["Dinheiro"],"otherServices":null,"observations":null}},{"type":"Feature","geometry":{"type":"Point","coordinates":[-8.327869,41.469369]},"properties":{"id":"pt-66491","source":"PT","name":"E.S. S. JOAO PONTE A","brand":"REPSOL","address":"EN 101 Km 107,310","municipality":"Guimarães","district":"Braga","postalCode":"4800-000","fuels":{"gasoline95":1.919,"gasoline98Plus":2.099,"diesel":2.024,"dieselPremium":2.084,"dieselAgri":1.604},"lastUpdated":"2026-08-10 10:15","extra":{"stationType":"Outro"},"services":["Lavagem","Loja de Conveniência","Venda de carburante de qualidade superior","Venda de gás doméstico em garrafas","Venda de gasóleo agrícola","WC"],"hours":{"weekdays":"Aberto 24 horas","saturday":"Aberto 24 horas","sunday":"Aberto 24 horas","holiday":"Aberto 24 horas"},"paymentMethods":["Dinheiro"],"otherServices":null,"observations":null}},{"type":"Feature","geometry":{"type":"Point","coordinates":[-8.36231,41.494]},"properties":{"id":"pt-66492","source":"PT","name":"E.S. TAIPAS","brand":"REPSOL","address":"Lugar Porta da Igrejas. Martinho de Sande","municipality":"Guimarães","district":"Braga","postalCode":"4800-826","fuels":{"gasoline95":1.919,"gasoline95Plus":1.969,"gasoline98Plus":2.099,"diesel":2.024,"dieselPremium":2.084,"dieselAgri":1.604,"lpg":0.944},"lastUpdated":"2026-08-10 09:20","extra":{"stationType":"Outro"},"services":["Loja de Conveniência","Venda de carburante de qualidade superior","Venda de gás doméstico em garrafas","Venda de gasóleo agrícola","WC"],"hours":{"weekdays":"07:00-22:00","saturday":"07:00-22:00","sunday":"07:00-22:00","holiday":"07:00-22:00"},"paymentMethods":["Dinheiro"],"otherServices":null,"observations":null}},{"type":"Feature","geometry":{"type":"Point","coordinates":[-8.48862,41.50776]},"properties":{"id":"pt-66897","source":"PT","name":"BP TADIM","brand":"BP","address":"Largo da Igreja","municipality":"Braga","district":"Braga","postalCode":"4705-671","fuels":{"gasoline95":1.969,"gasoline98Plus":2.199,"diesel":2.084,"dieselPremium":2.234,"dieselAgri":1.639},"lastUpdated":"2026-08-11 00:05","extra":{"stationType":"Outro"},"services":["Venda de gás doméstico em garrafas","Venda de gasóleo agrícola","Venda de gasóleo para aquecimento"],"hours":{"weekdays":"07:00-23:00","saturday":"07:00-23:00","sunday":"07:00-23:00","holiday":"07:00-23:00"},"paymentMethods":["Dinheiro"],"otherServices":null,"observations":"Venda de Gelo"}},{"type":"Feature","geometry":{"type":"Point","coordinates":[-8.53738,41.34856]},"properties":{"id":"pt-66918","source":"PT","name":"BP LOUSADO","brand":"BP","address":"Largo do Souto","municipality":"Vila Nova de Famalicão","district":"Braga","postalCode":"4760-602","fuels":{"gasoline95":1.969,"gasoline98Plus":2.199,"diesel":2.084,"dieselPremium":2.234},"lastUpdated":"2026-08-11 00:05","extra":{"stationType":"Outro"},"services":["Loja de Conveniência","Venda de gás doméstico em garrafas"],"hours":{"weekdays":"06:00-22:00","saturday":"06:00-22:00","sunday":"06:00-22:00","holiday":"06:00-22:00"},"paymentMethods":["Dinheiro"],"otherServices":null,"observations":null}},{"type":"Feature","geometry":{"type":"Point","coordinates":[-8.04813,41.68265]},"properties":{"id":"pt-66919","source":"PT","name":"Picao & Filhas - Posto Avia","brand":"AVIA","address":"Lugar Quintã - N 103","municipality":"Vieira do Minho","district":"Braga","postalCode":"4850-343","fuels":{"gasoline95":1.97,"diesel":2.066,"dieselAgri":1.625},"lastUpdated":"2026-08-10 07:55","extra":{"stationType":"Outro"},"services":[],"hours":{"weekdays":"06:00-23:00","saturday":"06:00-23:00","sunday":"06:00-23:00","holiday":"06:00-23:00"},"paymentMethods":["Dinheiro"],"otherServices":null,"observations":null}},{"type":"Feature","geometry":{"type":"Point","coordinates":[-8.52308,41.43837]},"properties":{"id":"pt-66921","source":"PT","name":"BP MOUQUIM","brand":"BP","address":"Largo da Igreja","municipality":"Vila Nova de Famalicão","district":"Braga","postalCode":"4770-361","fuels":{"gasoline95":1.969,"gasoline98Plus":2.199,"diesel":2.084,"dieselPremium":2.234,"dieselAgri":1.639},"lastUpdated":"2026-08-11 00:05","extra":{"stationType":"Outro"},"services":["Venda de gás doméstico em garrafas","Venda de gasóleo agrícola"],"hours":{"weekdays":"06:00-22:00","saturday":"06:00-22:00","sunday":"06:00-22:00","holiday":"06:00-22:00"},"paymentMethods":["Dinheiro"],"otherServices":null,"observations":null}},{"type":"Feature","geometry":{"type":"Point","coordinates":[-8.484898,41.56754]},"properties":{"id":"pt-66931","source":"PT","name":"Ilídio Mota - Padim Graça","brand":"CEPSA","address":"Avenida do Assento, Nº44 - Padim da Graça","municipality":"Braga","district":"Braga","postalCode":"4700-646","fuels":{"gasoline95":1.859,"gasoline98Plus":2.175,"diesel":1.962,"dieselPremium":2.119,"dieselAgri":1.525},"lastUpdated":"2026-08-15 00:00","extra":{"stationType":"Outro"},"services":["Calibragem de pneus"],"hours":{"weekdays":"07:00-22:00","saturday":"07:00-22:00","sunday":"07:00-22:00","holiday":"00:00-00:00"},"paymentMethods":["Dinheiro"],"otherServices":null,"observations":null}},{"type":"Feature","geometry":{"type":"Point","coordinates":[-8.54508,41.37815]},"properties":{"id":"pt-66933","source":"PT","name":"BP VILARINHO DAS CAMBAS","brand":"BP","address":"Rua de Meães - Terra Negra","municipality":"Vila Nova de Famalicão","district":"Braga","postalCode":"4760-762","fuels":{"gasoline95":1.969,"gasoline98Plus":2.199,"diesel":2.084,"dieselPremium":2.234,"dieselAgri":1.639},"lastUpdated":"2026-08-11 00:05","extra":{"stationType":"Outro"},"services":["Loja de Conveniência","Venda de gás doméstico em garrafas","Venda de gasóleo agrícola","Venda de gasóleo para aquecimento","WC"],"hours":{"weekdays":"06:30-22:30","saturday":"06:30-22:30","sunday":"06:30-22:30","holiday":"06:30-22:30"},"paymentMethods":["Dinheiro"],"otherServices":null,"observations":"Venda de gelo"}},{"type":"Feature","geometry":{"type":"Point","coordinates":[-7.9635839458,41.4875077012]},"properties":{"id":"pt-66937","source":"PT","name":"BP ARCO DE BAÚLHE","brand":"BP","address":"Lugar das Trojeirinhas","municipality":"Cabeceiras de Basto","district":"Braga","postalCode":"4860-083","fuels":{"gasoline95":1.999,"gasoline98Plus":2.199,"diesel":2.114,"dieselPremium":2.234,"dieselAgri":1.639},"lastUpdated":"2026-08-11 00:05","extra":{"stationType":"Outro"},"services":["Lavagem","Loja de Conveniência","Venda de gás doméstico em garrafas","Venda de gasóleo agrícola","WC"],"hours":{"weekdays":"Aberto 24 horas","saturday":"Aberto 24 horas","sunday":"Aberto 24 horas","holiday":"Aberto 24 horas"},"paymentMethods":["Dinheiro"],"otherServices":null,"observations":null}},{"type":"Feature","geometry":{"type":"Point","coordinates":[-8.405141,41.582527]},"properties":{"id":"pt-66972","source":"PT","name":"BP  Adaúfe","brand":"BP","address":"Travessa do Comércio n.º 10","municipality":"Braga","district":"Braga","postalCode":"4710-820","fuels":{"gasoline95":1.999,"gasoline98Plus":2.199,"diesel":2.114,"dieselPremium":2.234,"dieselAgri":1.639},"lastUpdated":"2026-08-11 00:00","extra":{"stationType":"Outro"},"services":["Multibanco","WC"],"hours":null,"paymentMethods":["Dinheiro"],"otherServices":null,"observations":null}},{"type":"Feature","geometry":{"type":"Point","coordinates":[-8.16837,41.44433]},"properties":{"id":"pt-67028","source":"PT","name":"Intermarché de Fafe","brand":"INTERMARCHÉ","address":"Bouça de Cavadas","municipality":"Fafe","district":"Braga","postalCode":"4820-099","fuels":{"gasoline95":1.848,"gasoline98":1.938,"diesel":1.931,"dieselPremium":1.951},"lastUpdated":"2026-08-11 08:30","extra":{"stationType":"Outro"},"services":["Multibanco","Venda de gás doméstico em garrafas"],"hours":{"weekdays":"Aberto 24 horas","saturday":"Aberto 24 horas","sunday":"Aberto 24 horas","holiday":"Aberto 24 horas"},"paymentMethods":["Dinheiro"],"otherServices":null,"observations":"No período noturno (das 21h00 até às 7h30) o pagamento é automático."}},{"type":"Feature","geometry":{"type":"Point","coordinates":[-8.381619,41.56801]},"properties":{"id":"pt-67040","source":"PT","name":"P13 - SHELL Gualtar","brand":"SHELL","address":"Lugar da Recta - Gualtar","municipality":"Braga","district":"Braga","postalCode":"4710-083","fuels":{"gasoline95":1.939,"gasoline98Plus":2.089,"diesel":2.039,"dieselPremium":2.119},"lastUpdated":"2026-08-15 00:30","extra":{"stationType":"Outro"},"services":["Cafetaria","Calibragem de pneus","Lavagem","Loja de Conveniência","WC"],"hours":{"weekdays":"06:30-22:30","saturday":"06:30-22:30","sunday":"06:30-22:30","holiday":"06:30-22:30"},"paymentMethods":["Dinheiro","MbWay","Multibanco","Outros"],"otherServices":null,"observations":null}},{"type":"Feature","geometry":{"type":"Point","coordinates":[-8.632308,41.475166]},"properties":{"id":"pt-67053","source":"PT","name":"Novais & Ferreira","brand":"ESSO","address":"EM 306","municipality":"Barcelos","district":"Braga","postalCode":"4755-247","fuels":{"gasoline95":1.92,"gasoline98":2.08,"diesel":2.016,"dieselPremium":2.036,"dieselAgri":1.565,"lpg":0.898},"lastUpdated":"2026-08-10 10:10","extra":{"stationType":"Outro"},"services":[],"hours":{"weekdays":"07:00-23:00","saturday":"07:00-23:00","sunday":"07:00-23:00","holiday":"07:00-23:00"},"paymentMethods":["Dinheiro"],"otherServices":null,"observations":null}},{"type":"Feature","geometry":{"type":"Point","coordinates":[-8.110082,41.5706]},"properties":{"id":"pt-67071","source":"PT","name":"P19 - PRIO Rossas- Ermal","brand":"PRIO","address":"Lugar da Trasleira","municipality":"Vieira do Minho","district":"Braga","postalCode":"4850-312","fuels":{"gasoline95":1.859,"dieselPremium":1.964,"dieselAgri":1.534,"bioDiesel":1.934},"lastUpdated":"2026-08-15 00:30","extra":{"stationType":"Outro"},"services":["Cafetaria","Calibragem de pneus","Loja de Conveniência","WC"],"hours":{"weekdays":"07:00-20:00","saturday":"07:00-20:00","sunday":"07:00-20:00","holiday":"07:00-20:00"},"paymentMethods":["Dinheiro","MbWay","Multibanco","Outros"],"otherServices":null,"observations":null}},{"type":"Feature","geometry":{"type":"Point","coordinates":[-8.431852,41.65563]},"properties":{"id":"pt-67077","source":"PT","name":"P15 - PRIO Vila Verde","brand":"PRIO","address":"Largo do Bom Retiro","municipality":"Vila Verde","district":"Braga","postalCode":"4730-729","fuels":{"gasoline95":1.924,"gasoline95Plus":1.844,"dieselPremium":1.944,"dieselAgri":1.474,"bioDiesel":1.914},"lastUpdated":"2026-08-15 00:30","extra":{"stationType":"Outro"},"services":["Cafetaria","Calibragem de pneus","Lavagem","Loja de Conveniência","WC"],"hours":{"weekdays":"06:30-22:30","saturday":"06:30-22:30","sunday":"06:30-22:30","holiday":"06:30-22:30"},"paymentMethods":["Dinheiro","MbWay","Multibanco","Outros"],"otherServices":null,"observations":null}},{"type":"Feature","geometry":{"type":"Point","coordinates":[-8.414753,41.72379]},"properties":{"id":"pt-67078","source":"PT","name":"P17 - PRIO Portela Vade","brand":"PRIO","address":"EM 537 - Lugar da Portela do Vade","municipality":"Vila Verde","district":"Braga","postalCode":"4730-031","fuels":{"gasoline95":1.924,"gasoline95Plus":1.844,"dieselPremium":1.944,"dieselAgri":1.544,"bioDiesel":1.914},"lastUpdated":"2026-08-15 00:30","extra":{"stationType":"Outro"},"services":["Calibragem de pneus"],"hours":{"weekdays":"06:00-22:00","saturday":"06:00-22:00","sunday":"06:00-22:00","holiday":"06:00-22:00"},"paymentMethods":["Dinheiro","MbWay","Multibanco","Outros"],"otherServices":null,"observations":null}},{"type":"Feature","geometry":{"type":"Point","coordinates":[-8.472045,41.612976]},"properties":{"id":"pt-67079","source":"PT","name":"P14 - PRIO  Fuselha - Prado","brand":"PRIO","address":"EN 201 - Lugar da Fuzelha","municipality":"Vila Verde","district":"Braga","postalCode":"4730-461","fuels":{"gasoline95":1.924,"gasoline95Plus":1.834,"dieselPremium":1.964,"dieselAgri":1.524,"bioDiesel":1.934,"lpg":0.899},"lastUpdated":"2026-08-15 00:30","extra":{"stationType":"Outro"},"services":["Calibragem de pneus"],"hours":{"weekdays":"07:00-23:00","saturday":"07:00-23:00","sunday":"07:00-23:00","holiday":"07:00-23:00"},"paymentMethods":["Dinheiro","MbWay","Multibanco","Outros"],"otherServices":null,"observations":null}},{"type":"Feature","geometry":{"type":"Point","coordinates":[-8.428371,41.596783]},"properties":{"id":"pt-67085","source":"PT","name":"Ilídio Mota - Palmeira 1","brand":"MOEVE","address":"Avenida Cávado 268 ","municipality":"Braga","district":"Braga","postalCode":"4700-690","fuels":{"gasoline95":1.859,"gasoline98Plus":2.175,"diesel":1.962,"dieselPremium":2.119,"dieselAgri":1.525},"lastUpdated":"2026-08-15 00:00","extra":{"stationType":"Outro"},"services":["Multibanco","WC"],"hours":null,"paymentMethods":["Dinheiro"],"otherServices":null,"observations":null}},{"type":"Feature","geometry":{"type":"Point","coordinates":[-8.428921,41.59746]},"properties":{"id":"pt-67086","source":"PT","name":"Ilídio Mota - Palmeira 2","brand":"MOEVE","address":"Avenida Cávado 268","municipality":"Braga","district":"Braga","postalCode":"4700-690","fuels":{"gasoline95":1.859,"gasoline98Plus":2.175,"diesel":1.962,"dieselPremium":2.119,"lpg":0.939},"lastUpdated":"2026-08-15 00:00","extra":{"stationType":"Outro"},"services":["Multibanco","WC"],"hours":{"weekdays":"06:30-22:30","saturday":"06:30-22:30","sunday":"06:30-22:30","holiday":"06:30-22:30"},"paymentMethods":["Dinheiro"],"otherServices":null,"observations":null}},{"type":"Feature","geometry":{"type":"Point","coordinates":[-8.508354,41.585957]},"properties":{"id":"pt-67087","source":"PT","name":"CEPSA Cruto -  Vila Verde","brand":"CEPSA","address":"Rua de Cruto, nº 10 - Cabanelas","municipality":"Vila Verde","district":"Braga","postalCode":"4730-093","fuels":{"gasoline95":1.859,"gasoline95Plus":2.013,"diesel":1.962,"dieselPremium":2.119,"dieselAgri":1.525},"lastUpdated":"2026-08-15 00:00","extra":{"stationType":"Outro"},"services":["Multibanco","WC"],"hours":null,"paymentMethods":["Dinheiro"],"otherServices":null,"observations":null}},{"type":"Feature","geometry":{"type":"Point","coordinates":[-8.435425,41.64058]},"properties":{"id":"pt-67088","source":"PT","name":"Ilídio Mota - Vila Verde","brand":"CEPSA","address":"Avenida António Sergio, EN 101 Km 79,700 D","municipality":"Vila Verde","district":"Braga","postalCode":"4730-710","fuels":{"gasoline95":1.859,"gasoline98Plus":2.175,"diesel":1.962,"dieselPremium":2.119,"dieselAgri":1.525},"lastUpdated":"2026-08-15 00:00","extra":{"stationType":"Outro"},"services":["Multibanco","WC"],"hours":null,"paymentMethods":["Dinheiro"],"otherServices":null,"observations":null}},{"type":"Feature","geometry":{"type":"Point","coordinates":[-8.347564,41.62954]},"properties":{"id":"pt-67089","source":"PT","name":"Ilídio Mota - Amares","brand":"CEPSA","address":"Rua Adolfo Vilela, EN 308","municipality":"Amares","district":"Braga","postalCode":"4720-019","fuels":{"gasoline95":1.859,"gasoline95Plus":2.013,"diesel":1.962,"dieselPremium":2.119,"dieselAgri":1.525},"lastUpdated":"2026-08-15 00:00","extra":{"stationType":"Outro"},"services":["Multibanco","WC"],"hours":null,"paymentMethods":["Dinheiro"],"otherServices":null,"observations":null}},{"type":"Feature","geometry":{"type":"Point","coordinates":[-8.3902,41.39481]},"properties":{"id":"pt-67095","source":"PT","name":"JOÃO MOURA DUARTE - COMBUSTIVEIS, LDA","brand":"ALVES BANDEIRA","address":"Av. Cidade Abreu e Lima, 2","municipality":"Vila Nova de Famalicão","district":"Braga","postalCode":"4765-181","fuels":{"gasoline95":1.949,"gasoline98":2.099,"diesel":2.042,"dieselPremium":2.062},"lastUpdated":"2026-08-10 11:00","extra":{"stationType":"Outro"},"services":["Cafetaria","Calibragem de pneus","Descanso de pesados","Lavagem","Loja de Conveniência","Venda de gás doméstico em garrafas","WC"],"hours":{"weekdays":"07:00-22:00","saturday":"07:00-22:00","sunday":"07:00-22:00","holiday":"07:00-22:00"},"paymentMethods":["Dinheiro"],"otherServices":null,"observations":null}},{"type":"Feature","geometry":{"type":"Point","coordinates":[-8.26229,41.57333]},"properties":{"id":"pt-67122","source":"PT","name":"INTERMARCHE PÓVOA DE LANHOSO","brand":"INTERMARCHÉ","address":"Lugar de Ponte Pereiros","municipality":"Póvoa de Lanhoso","district":"Braga","postalCode":"4830-508","fuels":{"gasoline95":1.838,"gasoline98":1.923,"diesel":1.938,"dieselPremium":1.968},"lastUpdated":"2026-08-10 08:15","extra":{"stationType":"Outro"},"services":[],"hours":{"weekdays":"07:30-20:30","saturday":"07:30-20:30","sunday":"07:30-20:30","holiday":"07:30-20:30"},"paymentMethods":["Dinheiro"],"otherServices":null,"observations":null}},{"type":"Feature","geometry":{"type":"Point","coordinates":[-8.159643,41.46119]},"properties":{"id":"pt-67154","source":"PT","name":"BP CUMIEIRA","brand":"BP","address":"Rua da Cumieira - Apartado 166","municipality":"Fafe","district":"Braga","postalCode":"4820-179","fuels":{"gasoline95":1.959,"gasoline98":2.199,"gasoline98Plus":2.199,"diesel":2.074,"dieselPremium":2.234,"dieselAgri":1.639},"lastUpdated":"2026-08-10 18:15","extra":{"stationType":"Outro"},"services":["Calibragem de pneus"],"hours":null,"paymentMethods":["Dinheiro"],"otherServices":null,"observations":null}},{"type":"Feature","geometry":{"type":"Point","coordinates":[-8.30262,41.36401]},"properties":{"id":"pt-67207","source":"PT","name":"INTERMARCHÉ - VIZELA","brand":"INTERMARCHÉ","address":"SOUTO DOS MILAGRES, 74","municipality":"Vizela","district":"Braga","postalCode":"4620-574","fuels":{"gasoline95":1.819,"diesel":1.932,"dieselPremium":1.962},"lastUpdated":"2026-08-11 09:05","extra":{"stationType":"Outro"},"services":["Multibanco","Venda de gás doméstico em garrafas","WC","WC para deficientes"],"hours":{"weekdays":"07:00-21:00","saturday":"07:00-21:00","sunday":"07:00-21:00","holiday":"07:00-21:00"},"paymentMethods":["Dinheiro","Multibanco"],"otherServices":null,"observations":null}},{"type":"Feature","geometry":{"type":"Point","coordinates":[-8.4305,41.53522]},"properties":{"id":"pt-67245","source":"PT","name":"INTERMARCHÉ  DE BRAGA","brand":"INTERMARCHÉ","address":"Rua da Mouta","municipality":"Braga","district":"Braga","postalCode":"4705-180","fuels":{"gasoline95":1.779,"gasoline98":1.959,"diesel":1.879,"dieselPremium":1.899},"lastUpdated":"2026-08-10 07:50","extra":{"stationType":"Outro"},"services":["Cafetaria","Multibanco","Venda de gás doméstico em garrafas","WC","WC para deficientes"],"hours":{"weekdays":"Aberto 24 horas","saturday":"Aberto 24 horas","sunday":"Aberto 24 horas","holiday":"Aberto 24 horas"},"paymentMethods":["Dinheiro"],"otherServices":null,"observations":"take away"}},{"type":"Feature","geometry":{"type":"Point","coordinates":[-8.191063,41.487274]},"properties":{"id":"pt-67278","source":"PT","name":"BP TRAVASSÓS","brand":"BP","address":"Avenida da Liberdade, 166 - Travassós - Apartado 166","municipality":"Fafe","district":"Braga","postalCode":"4820-775","fuels":{"gasoline95":2.059,"gasoline98Plus":2.229,"diesel":2.074,"dieselPremium":2.234,"dieselAgri":1.639},"lastUpdated":"2026-08-10 18:15","extra":{"stationType":"Outro"},"services":["Calibragem de pneus"],"hours":{"weekdays":"07:00-19:00","saturday":"07:00-19:00","sunday":"07:00-19:00","holiday":"00:00-00:00"},"paymentMethods":["Dinheiro"],"otherServices":null,"observations":null}},{"type":"Feature","geometry":{"type":"Point","coordinates":[-8.360552,41.625835]},"properties":{"id":"pt-67403","source":"PT","name":"Intermarché Amares","brand":"INTERMARCHÉ","address":"Rua da Cintura","municipality":"Amares","district":"Braga","postalCode":"4720-333","fuels":{"gasoline95":1.799,"gasoline98":1.869,"diesel":1.899,"dieselPremium":1.929},"lastUpdated":"2026-08-11 07:20","extra":{"stationType":"Outro"},"services":["Multibanco"],"hours":{"weekdays":"07:30-20:30","saturday":"07:30-20:30","sunday":"07:30-20:30","holiday":"07:30-20:30"},"paymentMethods":["Dinheiro"],"otherServices":null,"observations":"Serviço 24h"}},{"type":"Feature","geometry":{"type":"Point","coordinates":[-8.76338735483,41.5049527348]},"properties":{"id":"pt-67505","source":"PT","name":"PRIO Fão","brand":"PRIO","address":"EN 13 Km 40,6 Fão","municipality":"Esposende","district":"Braga","postalCode":"4740-325","fuels":{"gasoline95":1.924,"gasoline95Plus":1.829,"dieselPremium":1.954,"bioDiesel":1.924},"lastUpdated":"2026-08-15 00:30","extra":{"stationType":"Outro"},"services":["Cafetaria","Loja de Conveniência","Venda de gás doméstico em garrafas","WC","WC para deficientes"],"hours":{"weekdays":"07:00-23:00","saturday":"07:00-23:00","sunday":"07:00-23:00","holiday":"07:00-23:00"},"paymentMethods":["Dinheiro"],"otherServices":null,"observations":null}},{"type":"Feature","geometry":{"type":"Point","coordinates":[-8.44069,41.5571]},"properties":{"id":"pt-67514","source":"PT","name":"PRIO Braga - Real","brand":"PRIO","address":"Estrada da Variante de Real (EN 201)","municipality":"Braga","district":"Braga","postalCode":"4700-284","fuels":{"gasoline95":1.924,"gasoline95Plus":1.839,"dieselPremium":1.969,"bioDiesel":1.939},"lastUpdated":"2026-08-15 00:25","extra":{"stationType":"Outro"},"services":["Cafetaria","Calibragem de pneus","Loja de Conveniência","Venda de carburante de qualidade superior","Venda de gás doméstico em garrafas","WC"],"hours":{"weekdays":"07:00-23:00","saturday":"07:00-23:00","sunday":"07:00-23:00","holiday":"07:00-23:00"},"paymentMethods":["Dinheiro","MbWay","Multibanco","Outros"],"otherServices":null,"observations":null}},{"type":"Feature","geometry":{"type":"Point","coordinates":[-8.71718,41.48271]},"properties":{"id":"pt-67526","source":"PT","name":"PRIO Barqueiros","brand":"PRIO","address":"EN 205 Km 12,5 Barqueiros","municipality":"Barcelos","district":"Braga","postalCode":"4740-674","fuels":{"gasoline95":1.829,"dieselPremium":1.954,"dieselAgri":1.509,"bioDiesel":1.924},"lastUpdated":"2026-08-15 00:25","extra":{"stationType":"Outro"},"services":["Cafetaria","Loja de Conveniência","Venda de gás doméstico em garrafas","WC","WC para deficientes"],"hours":{"weekdays":"07:00-23:00","saturday":"07:00-23:00","sunday":"07:00-23:00","holiday":"07:00-23:00"},"paymentMethods":["Dinheiro","MbWay","Multibanco","Outros"],"otherServices":null,"observations":null}},{"type":"Feature","geometry":{"type":"Point","coordinates":[-8.27512,41.45493]},"properties":{"id":"pt-67619","source":"PT","name":"intermarché Mesão Frio","brand":"INTERMARCHÉ","address":"Rua da Eira nº 85","municipality":"Guimarães","district":"Braga","postalCode":"4810-007","fuels":{"gasoline95":1.849,"gasoline95Plus":1.819,"diesel":1.919,"dieselPremium":1.939},"lastUpdated":"2026-08-10 10:10","extra":{"stationType":"Outro"},"services":["Calibragem de pneus","Multibanco"],"hours":{"weekdays":"Aberto 24 horas","saturday":"Aberto 24 horas","sunday":"Aberto 24 horas","holiday":"Aberto 24 horas"},"paymentMethods":["Dinheiro"],"otherServices":null,"observations":null}},{"type":"Feature","geometry":{"type":"Point","coordinates":[-8.41266,41.38311]},"properties":{"id":"pt-67675","source":"PT","name":"ANTONIO SOUSA MARQUES, LDA.","brand":"GALP","address":"Av. da Portela , 29","municipality":"Vila Nova de Famalicão","district":"Braga","postalCode":"4765-650","fuels":{"gasoline95":1.959,"gasoline95Plus":2.009,"diesel":2.062,"dieselPremium":2.112},"lastUpdated":"2026-08-10 00:00","extra":{"stationType":"Outro"},"services":["Loja de Conveniência","Venda de carburante de qualidade superior","Venda de gás doméstico em garrafas","WC"],"hours":{"weekdays":"07:00-22:00","saturday":"07:00-22:00","sunday":"07:00-20:00","holiday":"07:00-20:00"},"paymentMethods":["Dinheiro"],"otherServices":null,"observations":null}},{"type":"Feature","geometry":{"type":"Point","coordinates":[-8.42381,41.57374]},"properties":{"id":"pt-67740","source":"PT","name":"PA BP Palmeira (Braga)","brand":"BP","address":"Avenida do Cávado ","municipality":"Braga","district":"Braga","postalCode":"4700-690","fuels":{"gasoline95":1.919,"gasoline98Plus":2.199,"diesel":2.034,"dieselPremium":2.234},"lastUpdated":"2026-08-15 00:00","extra":{"stationType":"Outro"},"services":["Cafetaria","Loja de Conveniência","Multibanco"],"hours":null,"paymentMethods":["Dinheiro"],"otherServices":null,"observations":null}},{"type":"Feature","geometry":{"type":"Point","coordinates":[-8.4129,41.54598]},"properties":{"id":"pt-67768","source":"PT","name":"BP Av. 31 de Janeiro","brand":"BP","address":"Av. 31 de Janeiro","municipality":"Braga","district":"Braga","postalCode":"4715-117","fuels":{"gasoline95":1.999,"gasoline98Plus":2.199,"diesel":2.114,"dieselPremium":2.234},"lastUpdated":"2026-08-11 00:00","extra":{"stationType":"Outro"},"services":[],"hours":{"weekdays":"Aberto 24 horas","saturday":"Aberto 24 horas","sunday":"Aberto 24 horas","holiday":"Aberto 24 horas"},"paymentMethods":["Dinheiro"],"otherServices":null,"observations":"lavagens, minimercado e gas"}},{"type":"Feature","geometry":{"type":"Point","coordinates":[-8.63094,41.53029]},"properties":{"id":"pt-67806","source":"PT","name":"BP BARCELOS - FRESCAINHA","brand":"BP","address":"EN 103-1 Km 0,950 (Rua Filipa Borges)\r\n","municipality":"Barcelos","district":"Braga","postalCode":"4754-909","fuels":{"gasoline95":1.959,"gasoline98Plus":2.199,"diesel":2.062,"dieselPremium":2.234,"dieselAgri":1.639},"lastUpdated":"2026-08-11 00:00","extra":{"stationType":"Outro"},"services":["Cafetaria","Lavagem","Loja de Conveniência","Venda de carburante de qualidade superior","Venda de gás doméstico em garrafas","Venda de gasóleo agrícola","WC","WC para deficientes"],"hours":{"weekdays":"07:00-23:00","saturday":"07:00-23:00","sunday":"07:00-23:00","holiday":"07:00-23:00"},"paymentMethods":["Dinheiro"],"otherServices":null,"observations":"CAFÉ\r\nJET WASH\r\nTABACO\r\nGÁS\r\nLUBRIFICANTES\r\nREVISTAS\r\nJORNAIS\r\nLENHA\r\nGELO\r\nWC\r\nWC DIFICIENTES"}},{"type":"Feature","geometry":{"type":"Point","coordinates":[-8.429883,41.48778]},"properties":{"id":"pt-67884","source":"PT","name":"TFGEST São Vicente Penso","brand":"FREITAS","address":"Avenida do Redondelo, 51 (EN 309 - km 29,970 D)","municipality":"Braga","district":"Braga","postalCode":"4705-628","fuels":{"gasoline95":1.909,"gasoline98Plus":2.07,"diesel":2.006,"dieselPremium":2.036,"dieselAgri":1.625,"lpg":0.934},"lastUpdated":"2026-08-10 22:00","extra":{"stationType":"Outro"},"services":["WC"],"hours":null,"paymentMethods":["Dinheiro"],"otherServices":null,"observations":null}},{"type":"Feature","geometry":{"type":"Point","coordinates":[-8.41017,41.55101]},"properties":{"id":"pt-67894","source":"PT","name":"BP Rodovia","brand":"BP","address":"Av. João Paulo II","municipality":"Braga","district":"Braga","postalCode":"4700-034","fuels":{"gasoline95":1.999,"gasoline98Plus":2.199,"diesel":2.114,"dieselPremium":2.234},"lastUpdated":"2026-08-11 10:10","extra":{"stationType":"Outro"},"services":["Assistência auto","Cafetaria","Calibragem de pneus","Lavagem","Loja de Conveniência","Multibanco","Venda de gás doméstico em garrafas","Venda de gasóleo para aquecimento","WC"],"hours":{"weekdays":"Aberto 24 horas","saturday":"Aberto 24 horas","sunday":"Aberto 24 horas","holiday":"Aberto 24 horas"},"paymentMethods":["Dinheiro","Multibanco"],"otherServices":null,"observations":null}},{"type":"Feature","geometry":{"type":"Point","coordinates":[-8.18658,41.45328]},"properties":{"id":"pt-67945","source":"PT","name":"Posto BP Fafe","brand":"BP","address":"Rua Cidade de Guimaraes","municipality":"Fafe","district":"Braga","postalCode":"4820-178","fuels":{"gasoline95":1.959,"gasoline98Plus":2.199,"diesel":2.074,"dieselPremium":2.234,"dieselAgri":1.639},"lastUpdated":"2026-08-11 00:00","extra":{"stationType":"Outro"},"services":["Calibragem de pneus"],"hours":null,"paymentMethods":["Dinheiro"],"otherServices":null,"observations":null}},{"type":"Feature","geometry":{"type":"Point","coordinates":[-8.42554,41.57717]},"properties":{"id":"pt-68060","source":"PT","name":"GALP -Ramôa","brand":"GALP","address":"Av. do Cávado nº114 ","municipality":"Braga","district":"Braga","postalCode":"4700-690","fuels":{"gasoline95":1.929,"gasoline95Plus":1.979,"gasoline98Plus":2.139,"diesel":2.032,"dieselPremium":2.082},"lastUpdated":"2026-08-12 09:35","extra":{"stationType":"Outro"},"services":["Cafetaria","Lavagem","Loja de Conveniência","Multibanco","Venda de carburante de qualidade superior","Venda de gás doméstico em garrafas","WC","WC para deficientes"],"hours":{"weekdays":"07:00-23:00","saturday":"07:00-00:00","sunday":"07:00-23:00","holiday":"07:00-23:00"},"paymentMethods":["Dinheiro","MbWay","Multibanco","Outros"],"otherServices":null,"observations":null}},{"type":"Feature","geometry":{"type":"Point","coordinates":[-8.317921,41.372684]},"properties":{"id":"pt-68064","source":"PT","name":"Ilídio Mota - Vizela","brand":"CEPSA","address":"Rua Comendador João Pereira Magalhães nº910","municipality":"Vizela","district":"Braga","postalCode":"4815-400","fuels":{"gasoline95":1.859,"gasoline95Plus":2.013,"diesel":1.962,"dieselPremium":2.119,"dieselAgri":1.525},"lastUpdated":"2026-08-15 00:00","extra":{"stationType":"Outro"},"services":["Loja de Conveniência","Multibanco","WC"],"hours":null,"paymentMethods":["Dinheiro"],"otherServices":null,"observations":null}},{"type":"Feature","geometry":{"type":"Point","coordinates":[-8.34941,41.4862]},"properties":{"id":"pt-68133","source":"PT","name":"Bp-Taipas","brand":"BP","address":"Largo António Gonçalves","municipality":"Guimarães","district":"Braga","postalCode":"4801-080","fuels":{"gasoline95":1.949,"gasoline98Plus":2.199,"diesel":2.064,"dieselPremium":2.234,"dieselAgri":1.639},"lastUpdated":"2026-08-11 13:30","extra":{"stationType":"Outro"},"services":["Cafetaria","Calibragem de pneus","Loja de Conveniência","Venda de carburante de qualidade superior","Venda de gás doméstico em garrafas","Venda de gasóleo agrícola","WC"],"hours":{"weekdays":"Aberto 24 horas","saturday":"Aberto 24 horas","sunday":"Aberto 24 horas","holiday":"Aberto 24 horas"},"paymentMethods":["Dinheiro"],"otherServices":null,"observations":null}},{"type":"Feature","geometry":{"type":"Point","coordinates":[-8.78885,41.56863]},"properties":{"id":"pt-68254","source":"PT","name":"E.S. MARINHAS B","brand":"REPSOL","address":"EN 13 Km 48.65 - Lg.Rio de Moinho","municipality":"Esposende","district":"Braga","postalCode":"4740-313","fuels":{"gasoline95":1.939,"gasoline98Plus":2.139,"diesel":2.044,"dieselPremium":2.114,"dieselAgri":1.624},"lastUpdated":"2026-08-15 00:00","extra":{"stationType":"Outro"},"services":[],"hours":{"weekdays":"06:00-22:00","saturday":"06:00-22:00","sunday":"06:00-22:00","holiday":"06:00-22:00"},"paymentMethods":["Dinheiro"],"otherServices":null,"observations":null}},{"type":"Feature","geometry":{"type":"Point","coordinates":[-8.434849,41.651154]},"properties":{"id":"pt-68447","source":"PT","name":"BP (Vila Verde)","brand":"BP","address":"Largo . Campo Da Feira","municipality":"Vila Verde","district":"Braga","postalCode":"4730-000","fuels":{"gasoline95":1.959,"gasoline98Plus":2.199,"diesel":2.074,"dieselPremium":2.234},"lastUpdated":"2026-08-11 13:30","extra":{"stationType":"Outro"},"services":["Multibanco","WC"],"hours":null,"paymentMethods":["Dinheiro"],"otherServices":null,"observations":null}},{"type":"Feature","geometry":{"type":"Point","coordinates":[-8.524435,41.676675]},"properties":{"id":"pt-68560","source":"PT","name":"Bombagás - Combustíveis e Lubrificantes, Lda","brand":"BOMBAGÁS","address":"EN 201 - Km47,540","municipality":"Vila Verde","district":"Braga","postalCode":"4730-282","fuels":{"gasoline95":1.894,"gasoline98":2.034,"diesel":1.982,"dieselPremium":2.047},"lastUpdated":"2026-08-10 11:00","extra":{"stationType":"Outro"},"services":["Multibanco"],"hours":{"weekdays":"06:00-23:00","saturday":"06:00-23:00","sunday":"06:00-23:00","holiday":"06:00-23:00"},"paymentMethods":["Dinheiro"],"otherServices":null,"observations":null}},{"type":"Feature","geometry":{"type":"Point","coordinates":[-8.29483,41.45848]},"properties":{"id":"pt-68718","source":"PT","name":"P02 - PRIO Azurém","brand":"PRIO","address":"Rua Moura Machado","municipality":"Guimarães","district":"Braga","postalCode":"4800-056","fuels":{"gasoline95":1.924,"gasoline95Plus":1.824,"dieselPremium":1.924,"bioDiesel":1.894},"lastUpdated":"2026-08-15 00:30","extra":{"stationType":"Outro"},"services":["Calibragem de pneus","Loja de Conveniência"],"hours":{"weekdays":"06:30-22:30","saturday":"06:30-22:30","sunday":"06:30-22:30","holiday":"06:30-22:30"},"paymentMethods":["Dinheiro","MbWay","Multibanco","Outros"],"otherServices":null,"observations":null}},{"type":"Feature","geometry":{"type":"Point","coordinates":[-8.496163,41.468636]},"properties":{"id":"pt-68761","source":"PT","name":"FREITAS Arnoso (RS Combustiveis)","brand":"FREITAS","address":"AVENIDA NOSSA SENHORA DA CONCEIÇÃO, Nº128","municipality":"Vila Nova de Famalicão","district":"Braga","postalCode":"4770-528","fuels":{"gasoline95":1.869,"gasoline98":1.986,"diesel":1.966,"dieselHeating":1.917,"dieselAgri":1.545},"lastUpdated":"2026-08-10 22:40","extra":{"stationType":"Outro"},"services":["Calibragem de pneus"],"hours":{"weekdays":"07:00-23:00","saturday":"07:00-23:00","sunday":"07:00-23:00","holiday":"00:00-00:00"},"paymentMethods":["Dinheiro"],"otherServices":null,"observations":null}},{"type":"Feature","geometry":{"type":"Point","coordinates":[-8.268977,41.475805]},"properties":{"id":"pt-68786","source":"PT","name":"TFGEST Guimarães","brand":"FREITAS","address":"Rua Cidade de Guimarães, nº 2088","municipality":"Guimarães","district":"Braga","postalCode":"4800-858","fuels":{"gasoline95":1.889,"gasoline95Plus":1.919,"diesel":1.989,"dieselPremium":2.019,"dieselHeating":2.017,"dieselAgri":1.629},"lastUpdated":"2026-08-11 07:00","extra":{"stationType":"Outro"},"services":["Lavagem","Loja de Conveniência","Multibanco","Venda de gás doméstico em garrafas","Venda de gasóleo agrícola","Venda de gasóleo para aquecimento","WC"],"hours":{"weekdays":"07:00-22:00","saturday":"07:00-22:00","sunday":"07:00-22:00","holiday":"07:00-22:00"},"paymentMethods":["Dinheiro","MbWay","Multibanco"],"otherServices":null,"observations":null}},{"type":"Feature","geometry":{"type":"Point","coordinates":[-8.22226,41.56111]},"properties":{"id":"pt-68820","source":"PT","name":"Cidade N' Aldeia","brand":"CIDADE N'ALDEIA","address":"Rua de Porto d'Ave","municipality":"Póvoa de Lanhoso","district":"Braga","postalCode":"4830-755","fuels":{"gasoline95":1.955,"gasoline98":2.035,"diesel":2.035,"dieselPremium":2.055,"dieselAgri":1.52},"lastUpdated":"2026-08-10 23:00","extra":{"stationType":"Outro"},"services":["Loja de Conveniência","Venda de gás doméstico em garrafas","Venda de gasóleo agrícola","Venda de gasóleo para aquecimento","WC"],"hours":{"weekdays":"07:00-23:00","saturday":"07:00-23:00","sunday":"07:00-23:00","holiday":"07:00-23:00"},"paymentMethods":["Dinheiro","Multibanco"],"otherServices":null,"observations":null}},{"type":"Feature","geometry":{"type":"Point","coordinates":[-8.440024,41.543404]},"properties":{"id":"pt-68871","source":"PT","name":"CEPSA ÓRFÃOS -  I (Poente)","brand":"MOEVE","address":"Av. Cónego Jorge Peixoto Coutinho- variante 14","municipality":"Braga","district":"Braga","postalCode":"4700-000","fuels":{"gasoline95":1.859,"gasoline98Plus":2.175,"diesel":1.962,"dieselPremium":2.119,"lpg":0.939},"lastUpdated":"2026-08-15 00:00","extra":{"stationType":"Outro"},"services":["Loja de Conveniência","Multibanco","WC"],"hours":{"weekdays":"Aberto 24 horas","saturday":"Aberto 24 horas","sunday":"Aberto 24 horas","holiday":"Aberto 24 horas"},"paymentMethods":["Dinheiro"],"otherServices":null,"observations":null}},{"type":"Feature","geometry":{"type":"Point","coordinates":[-8.439816,41.542747]},"properties":{"id":"pt-68876","source":"PT","name":"Cepsa Orfãos- II- (Nascente)","brand":"MOEVE","address":"Av. Cónego Jorge Peixoto Coutinho- variante 14","municipality":"Braga","district":"Braga","postalCode":"4700-000","fuels":{"gasoline95":1.859,"gasoline98Plus":2.175,"diesel":1.962,"dieselPremium":2.119},"lastUpdated":"2026-08-15 00:00","extra":{"stationType":"Outro"},"services":["Loja de Conveniência","Multibanco","WC"],"hours":null,"paymentMethods":["Dinheiro"],"otherServices":null,"observations":null}},{"type":"Feature","geometry":{"type":"Point","coordinates":[-8.276314,41.45297]},"properties":{"id":"pt-68944","source":"PT","name":"ANTONIO LEITE OLIVEIRA & FILHAS, LDA.","brand":"BP","address":"Rua Nª Srª da Penha nº 780","municipality":"Guimarães","district":"Braga","postalCode":"4810-233","fuels":{"gasoline95":1.939,"gasoline98Plus":2.199,"diesel":2.049,"dieselPremium":2.229},"lastUpdated":"2026-08-10 07:10","extra":{"stationType":"Outro"},"services":["Lavagem","Loja de Conveniência","WC","WC para deficientes"],"hours":{"weekdays":"Aberto 24 horas","saturday":"Aberto 24 horas","sunday":"Aberto 24 horas","holiday":"Aberto 24 horas"},"paymentMethods":["Dinheiro"],"otherServices":null,"observations":null}},{"type":"Feature","geometry":{"type":"Point","coordinates":[-8.722155,41.533787]},"properties":{"id":"pt-69007","source":"PT","name":"TF GEST - VILA COVA  (Esposende- Barcelos)","brand":"FREITAS","address":"Av. do Banho- EN 103-1 Km 9.175","municipality":"Barcelos","district":"Braga","postalCode":"4750-792","fuels":{"gasoline95":1.899,"gasoline98Plus":2.159,"diesel":1.989,"dieselPremium":2.009,"dieselAgri":1.569},"lastUpdated":"2026-08-14 06:00","extra":{"stationType":"Outro"},"services":["Calibragem de pneus"],"hours":null,"paymentMethods":["Dinheiro"],"otherServices":null,"observations":null}},{"type":"Feature","geometry":{"type":"Point","coordinates":[-8.550144,41.603848]},"properties":{"id":"pt-69067","source":"PT","name":"CEPSA - A3 Barcelos (POR/VAL)","brand":"CEPSA","address":"A3 AUTO EST. PORTO/VALENÇA, SUB LANÇO BRAGA/EN201, (APARTADO 600, CP 4751)","municipality":"Barcelos","district":"Braga","postalCode":"4750-058","fuels":{"gasoline95":1.994,"gasoline98Plus":2.206,"diesel":2.089,"dieselPremium":2.139,"lpg":0.976},"lastUpdated":"2026-08-11 00:00","extra":{"stationType":"Auto-estrada"},"services":["Cafetaria","Loja de Conveniência","Multibanco","WC"],"hours":null,"paymentMethods":["Dinheiro"],"otherServices":null,"observations":null}},{"type":"Feature","geometry":{"type":"Point","coordinates":[-8.550696,41.60596]},"properties":{"id":"pt-69068","source":"PT","name":"CEPSA - A3 Barcelos (VAL/POR)","brand":"CEPSA","address":"A3 AUTO EST. PORTO/VALENÇA, SUB LANÇO BRAGA/EN201, (APARTADO 600, CP 4751)","municipality":"Barcelos","district":"Braga","postalCode":"4750-058","fuels":{"gasoline95":1.994,"gasoline98Plus":2.206,"diesel":2.089,"dieselPremium":2.139,"lpg":0.976},"lastUpdated":"2026-08-10 00:00","extra":{"stationType":"Auto-estrada"},"services":["Cafetaria","Loja de Conveniência","Multibanco","Restaurante","WC"],"hours":null,"paymentMethods":["Dinheiro"],"otherServices":null,"observations":null}},{"type":"Feature","geometry":{"type":"Point","coordinates":[-8.421791,41.432363]},"properties":{"id":"pt-69126","source":"PT","name":"JOANE","brand":"CEPSA","address":"Av Dr. Mario Soares, 2234","municipality":"Vila Nova de Famalicão","district":"Braga","postalCode":"4770-260","fuels":{"gasoline95":1.919,"gasoline95Plus":1.969,"diesel":1.999,"dieselPremium":2.059},"lastUpdated":"2026-08-10 12:00","extra":{"stationType":"Outro"},"services":["Cafetaria","Lavagem","Multibanco","Venda de gás doméstico em garrafas","WC"],"hours":{"weekdays":"07:00-22:00","saturday":"07:00-22:00","sunday":"07:00-22:00","holiday":"07:00-22:00"},"paymentMethods":["Dinheiro","MbWay","Multibanco"],"otherServices":null,"observations":"Tem Servilço de Lavagem - Pórtico\r\n"}},{"type":"Feature","geometry":{"type":"Point","coordinates":[-8.31279,41.43717]},"properties":{"id":"pt-69175","source":"PT","name":"CREIXOAUTO GUIMARAES","brand":"BP","address":"Rua Miradouro de Baixo","municipality":"Guimarães","district":"Braga","postalCode":"4835-079","fuels":{"gasoline95":1.999,"gasoline98Plus":2.199,"diesel":2.109,"dieselPremium":2.229,"dieselAgri":1.639,"lpg":1.059},"lastUpdated":"2026-08-11 07:00","extra":{"stationType":"Outro"},"services":["Cafetaria","Lavagem","Loja de Conveniência","Multibanco","Venda de gás doméstico em garrafas","Venda de gasóleo agrícola","Venda de gasóleo para aquecimento","WC"],"hours":{"weekdays":"07:00-00:00","saturday":"07:00-00:00","sunday":"07:00-00:00","holiday":"07:00-00:00"},"paymentMethods":["Dinheiro","MbWay","Multibanco"],"otherServices":null,"observations":null}},{"type":"Feature","geometry":{"type":"Point","coordinates":[-8.345817,41.43292]},"properties":{"id":"pt-69248","source":"PT","name":"P06 - PRIO Pevidém","brand":"PRIO","address":"Rua da Circunvalação, 2431","municipality":"Guimarães","district":"Braga","postalCode":"4835-315","fuels":{"gasoline95":1.829,"dieselPremium":1.959,"bioDiesel":1.929},"lastUpdated":"2026-08-15 00:30","extra":{"stationType":"Outro"},"services":["Calibragem de pneus"],"hours":{"weekdays":"06:00-22:00","saturday":"06:00-22:00","sunday":"06:00-22:00","holiday":"06:00-22:00"},"paymentMethods":["Dinheiro","MbWay","Multibanco","Outros"],"otherServices":null,"observations":null}},{"type":"Feature","geometry":{"type":"Point","coordinates":[-8.300799,41.524834]},"properties":{"id":"pt-69258","source":"PT","name":"P05 - PRIO Donim","brand":"PRIO","address":"EN 310, Km 7.500 D (Rua de Vessadas) - Rua D. Afonso Henriques","municipality":"Guimarães","district":"Braga","postalCode":"4805-178","fuels":{"gasoline95":1.924,"gasoline95Plus":1.839,"dieselPremium":1.939,"dieselAgri":1.509,"bioDiesel":1.909},"lastUpdated":"2026-08-15 00:30","extra":{"stationType":"Outro"},"services":["Calibragem de pneus","Loja de Conveniência"],"hours":{"weekdays":"06:00-22:00","saturday":"06:00-22:00","sunday":"06:00-22:00","holiday":"06:00-22:00"},"paymentMethods":["Dinheiro","MbWay","Multibanco","Outros"],"otherServices":null,"observations":null}},{"type":"Feature","geometry":{"type":"Point","coordinates":[-8.585564,41.590607]},"properties":{"id":"pt-69261","source":"PT","name":"P07 - PRIO Roriz","brand":"PRIO","address":"Lugar de Pateirão","municipality":"Barcelos","district":"Braga","postalCode":"4750-658","fuels":{"gasoline95":1.869,"dieselPremium":1.969,"dieselAgri":1.559,"bioDiesel":1.939},"lastUpdated":"2026-08-15 00:30","extra":{"stationType":"Outro"},"services":["Calibragem de pneus"],"hours":{"weekdays":"06:00-22:00","saturday":"06:00-22:00","sunday":"06:00-22:00","holiday":"06:00-22:00"},"paymentMethods":["Dinheiro","MbWay","Multibanco","Outros"],"otherServices":null,"observations":null}},{"type":"Feature","geometry":{"type":"Point","coordinates":[-8.31958,41.39664]},"properties":{"id":"pt-69278","source":"PT","name":"BP Vizela Norte","brand":"BP","address":"EN 106, 925","municipality":"Vizela","district":"Braga","postalCode":"4815-093","fuels":{"gasoline95":1.959,"gasoline98Plus":2.199,"diesel":2.069,"dieselPremium":2.229},"lastUpdated":"2026-08-10 11:00","extra":{"stationType":"Outro"},"services":["Cafetaria","Lavagem","Loja de Conveniência"],"hours":{"weekdays":"07:00-22:00","saturday":"07:00-22:00","sunday":"07:00-22:00","holiday":"07:00-22:00"},"paymentMethods":["Dinheiro"],"otherServices":null,"observations":null}},{"type":"Feature","geometry":{"type":"Point","coordinates":[-8.721993,41.534122]},"properties":{"id":"pt-69320","source":"PT","name":"TF GEST - VILA COVA (Barcelos-Esposende)","brand":"FREITAS","address":"Av. do Banho (EN 103-1  km 9,175","municipality":"Barcelos","district":"Braga","postalCode":"4750-792","fuels":{"gasoline95":1.919,"diesel":1.989,"dieselPremium":2.009},"lastUpdated":"2026-08-14 06:00","extra":{"stationType":"Outro"},"services":["Calibragem de pneus"],"hours":{"weekdays":"Aberto 24 horas","saturday":"Aberto 24 horas","sunday":null,"holiday":"Aberto 24 horas"},"paymentMethods":["Dinheiro"],"otherServices":null,"observations":null}},{"type":"Feature","geometry":{"type":"Point","coordinates":[-8.60016,41.37457]},"properties":{"id":"pt-69323","source":"PT","name":"TF GEST FRADELOS","brand":"FREITAS","address":"Rua D. Sancho I, 2436","municipality":"Vila Nova de Famalicão","district":"Braga","postalCode":"4760-485","fuels":{"gasoline95":1.909,"diesel":2.009,"dieselPremium":2.039,"dieselHeating":2.047,"dieselAgri":1.549},"lastUpdated":"2026-08-11 07:00","extra":{"stationType":"Outro"},"services":["Cafetaria","Lavagem","Venda de gás doméstico em garrafas","Venda de gasóleo agrícola","Venda de gasóleo para aquecimento","WC"],"hours":{"weekdays":"07:00-22:00","saturday":"07:00-22:00","sunday":"08:00-22:00","holiday":"08:00-22:00"},"paymentMethods":["Dinheiro","MbWay","Multibanco"],"otherServices":null,"observations":null}},{"type":"Feature","geometry":{"type":"Point","coordinates":[-8.504931,41.68995]},"properties":{"id":"pt-69392","source":"PT","name":"FREITAS Ribeira do Neiva","brand":"FREITAS","address":"Lugar do Borral","municipality":"Vila Verde","district":"Braga","postalCode":"4730-423","fuels":{"gasoline95":1.9,"gasoline98Plus":2.09,"gasolineMix":2.159,"diesel":1.999,"dieselPremium":2.029,"dieselHeating":1.96,"dieselAgri":1.579},"lastUpdated":"2026-08-10 09:15","extra":{"stationType":"Outro"},"services":["Assistência auto","Cafetaria","Calibragem de pneus","Lavagem","Venda de gás doméstico em garrafas","Venda de gasóleo agrícola","Venda de gasóleo para aquecimento","WC"],"hours":{"weekdays":"07:00-23:00","saturday":"07:00-23:00","sunday":"07:00-23:00","holiday":"07:00-23:00"},"paymentMethods":["Dinheiro","MbWay","Multibanco"],"otherServices":null,"observations":null}},{"type":"Feature","geometry":{"type":"Point","coordinates":[-8.267545,41.566048]},"properties":{"id":"pt-69529","source":"PT","name":"BP Mirão","brand":"BP","address":"Lugar de Mirão","municipality":"Póvoa de Lanhoso","district":"Braga","postalCode":"4830-000","fuels":{"gasoline95":1.929,"gasoline98Plus":2.199,"diesel":2.034,"dieselPremium":2.234},"lastUpdated":"2026-08-11 10:05","extra":{"stationType":"Outro"},"services":["Lavagem","Loja de Conveniência","Venda de gás doméstico em garrafas","WC"],"hours":{"weekdays":"07:00-20:00","saturday":"07:00-20:00","sunday":"07:00-20:00","holiday":"07:00-20:00"},"paymentMethods":["Dinheiro"],"otherServices":null,"observations":null}},{"type":"Feature","geometry":{"type":"Point","coordinates":[-8.297851,41.58835]},"properties":{"id":"pt-69538","source":"PT","name":"Repsol Pinheiro Sul","brand":"REPSOL","address":"Lugar do Pinheiro","municipality":"Póvoa de Lanhoso","district":"Braga","postalCode":"4830-000","fuels":{"gasoline95":1.929,"gasoline98Plus":2.119,"diesel":2.034,"dieselPremium":2.094},"lastUpdated":"2026-08-10 11:30","extra":{"stationType":"Outro"},"services":["Calibragem de pneus"],"hours":null,"paymentMethods":["Dinheiro"],"otherServices":null,"observations":null}},{"type":"Feature","geometry":{"type":"Point","coordinates":[-8.34659,41.55424]},"properties":{"id":"pt-69573","source":"PT","name":"BP Sobreposta","brand":"BP","address":"Rua Nossa Senhora da Conceição","municipality":"Braga","district":"Braga","postalCode":"4715-554","fuels":{"gasoline95":1.959,"gasoline98Plus":2.199,"diesel":2.074,"dieselPremium":2.234,"dieselAgri":1.639},"lastUpdated":"2026-08-11 10:10","extra":{"stationType":"Outro"},"services":["Loja de Conveniência","Venda de gás doméstico em garrafas","Venda de gasóleo agrícola","WC"],"hours":{"weekdays":"07:00-23:00","saturday":"07:00-23:00","sunday":"07:00-23:00","holiday":"07:00-23:00"},"paymentMethods":["Dinheiro"],"otherServices":null,"observations":null}},{"type":"Feature","geometry":{"type":"Point","coordinates":[-8.297942,41.588764]},"properties":{"id":"pt-69579","source":"PT","name":"BP Pinheiro Norte","brand":"BP","address":"Lugar do Pinheiro","municipality":"Póvoa de Lanhoso","district":"Braga","postalCode":"4830-000","fuels":{"gasoline95":1.929,"gasoline98Plus":2.199,"diesel":2.034,"dieselPremium":2.234,"dieselAgri":1.639},"lastUpdated":"2026-08-11 10:05","extra":{"stationType":"Outro"},"services":["Calibragem de pneus"],"hours":null,"paymentMethods":["Dinheiro"],"otherServices":null,"observations":null}},{"type":"Feature","geometry":{"type":"Point","coordinates":[-8.35169,41.42508]},"properties":{"id":"pt-69614","source":"PT","name":"BP Pevidém","brand":"BP","address":"Rua João Pereira Fernandes","municipality":"Guimarães","district":"Braga","postalCode":"4835-324","fuels":{"gasoline95":1.939,"gasoline98Plus":2.199,"diesel":2.054,"dieselPremium":2.234},"lastUpdated":"2026-08-11 15:40","extra":{"stationType":"Outro"},"services":["Cafetaria","Multibanco","WC"],"hours":{"weekdays":"07:00-00:00","saturday":"07:00-00:00","sunday":"07:00-00:00","holiday":"07:00-00:00"},"paymentMethods":["Dinheiro"],"otherServices":null,"observations":null}},{"type":"Feature","geometry":{"type":"Point","coordinates":[-8.30662,41.61699]},"properties":{"id":"pt-69627","source":"PT","name":"Posto Lopes","brand":"FREITAS","address":"EN 205","municipality":"Póvoa de Lanhoso","district":"Braga","postalCode":"4830-400","fuels":{"gasoline95":1.979,"gasoline95Plus":1.999,"diesel":2.069,"dieselPremium":2.089,"dieselAgri":1.629},"lastUpdated":"2026-08-11 06:30","extra":{"stationType":"Outro"},"services":["Loja de Conveniência","Venda de gás doméstico em garrafas","Venda de gasóleo agrícola"],"hours":{"weekdays":"06:30-22:00","saturday":"06:30-22:00","sunday":"06:30-22:00","holiday":"06:30-22:00"},"paymentMethods":["Dinheiro","MbWay","Multibanco"],"otherServices":null,"observations":null}},{"type":"Feature","geometry":{"type":"Point","coordinates":[-7.98348,41.49412]},"properties":{"id":"pt-69660","source":"PT","name":"Petro Baulhe, Combustiveis, Lda","brand":"FREITAS","address":"Parque Industrial de Lameiros","municipality":"Cabeceiras de Basto","district":"Braga","postalCode":"4860-106","fuels":{"gasoline95":1.95,"gasoline98":2.11,"diesel":2.036,"dieselPremium":2.056,"dieselAgri":1.615},"lastUpdated":"2026-08-12 15:55","extra":{"stationType":"Outro"},"services":["Lavagem","Loja de Conveniência","Venda de gás doméstico em garrafas","Venda de gasóleo agrícola","WC"],"hours":{"weekdays":"07:00-23:00","saturday":"07:00-23:00","sunday":"07:00-23:00","holiday":"07:00-23:00"},"paymentMethods":["Dinheiro","MbWay","Multibanco"],"otherServices":null,"observations":null}},{"type":"Feature","geometry":{"type":"Point","coordinates":[-8.59047,41.54473]},"properties":{"id":"pt-69840","source":"PT","name":"ALVES BANDEIRA Tamel","brand":"ALVES BANDEIRA","address":"Av. Joaquim Augusto Falcão 214 (EN 205 Km 26,1)","municipality":"Barcelos","district":"Braga","postalCode":"4750-748","fuels":{"gasoline95":1.949,"gasoline98":2.099,"diesel":2.042,"dieselPremium":2.062,"dieselAgri":1.599},"lastUpdated":"2026-08-10 11:40","extra":{"stationType":"Outro"},"services":["Cafetaria","Loja de Conveniência","Multibanco","Venda de gás doméstico em garrafas","Venda de gasóleo agrícola","WC","WC para deficientes"],"hours":{"weekdays":"07:00-22:00","saturday":"07:00-22:00","sunday":"07:00-22:00","holiday":"07:00-22:00"},"paymentMethods":["Dinheiro","MbWay","Multibanco","Outros"],"otherServices":null,"observations":null}},{"type":"Feature","geometry":{"type":"Point","coordinates":[-8.63285,41.43568]},"properties":{"id":"pt-69904","source":"PT","name":"Curvão Combustíveis","brand":"PRIO","address":"Avenida Central, 436","municipality":"Barcelos","district":"Braga","postalCode":"4755-272","fuels":{"gasoline95":1.924,"gasoline95Plus":1.829,"dieselPremium":1.954,"dieselAgri":1.509,"bioDiesel":1.924},"lastUpdated":"2026-08-10 13:00","extra":{"stationType":"Outro"},"services":["Lavagem","Loja de Conveniência","Venda de gás doméstico em garrafas","Venda de gasóleo agrícola","Venda de gasóleo para aquecimento","WC","WC com fraldário","WC para deficientes"],"hours":{"weekdays":"07:00-22:00","saturday":"07:00-22:00","sunday":"07:30-22:00","holiday":"07:30-22:00"},"paymentMethods":["Dinheiro"],"otherServices":null,"observations":null}},{"type":"Feature","geometry":{"type":"Point","coordinates":[-8.4415,41.42127]},"properties":{"id":"pt-70150","source":"PT","name":"G. M. I - VERMOIM- V. N. DE FAMALICÃO","brand":"Genérico","address":"Av. João XXI","municipality":"Vila Nova de Famalicão","district":"Braga","postalCode":"4770-754","fuels":{"gasoline95":1.789,"gasoline98":1.899,"diesel":1.899,"dieselPremium":1.919,"dieselHeating":1.849,"dieselAgri":1.424,"lpg":0.879},"lastUpdated":"2026-08-11 00:05","extra":{"stationType":"Outro"},"services":["Lavagem","Loja de Conveniência","Multibanco","WC"],"hours":{"weekdays":"Aberto 24 horas","saturday":"Aberto 24 horas","sunday":"Aberto 24 horas","holiday":"Aberto 24 horas"},"paymentMethods":["Dinheiro"],"otherServices":null,"observations":null}},{"type":"Feature","geometry":{"type":"Point","coordinates":[-8.308034,41.375607]},"properties":{"id":"pt-70239","source":"PT","name":"GPR Pneus, Lda.","brand":"Genérico","address":"Rua Ferreira Caldas, nº 146","municipality":"Vizela","district":"Braga","postalCode":"4815-431","fuels":{"gasoline95":1.92,"diesel":2.016,"dieselPremium":2.036},"lastUpdated":"2026-08-10 07:00","extra":{"stationType":"Outro"},"services":["Assistência auto","Calibragem de pneus","Lavagem"],"hours":{"weekdays":"07:00-22:00","saturday":"07:00-22:00","sunday":"07:00-22:00","holiday":"07:00-22:00"},"paymentMethods":["Dinheiro","Multibanco"],"otherServices":null,"observations":null}},{"type":"Feature","geometry":{"type":"Point","coordinates":[-8.246686,41.61155]},"properties":{"id":"pt-70270","source":"PT","name":"P48 - SHELL Frades","brand":"SHELL","address":"Avenida das Cruzes, n.º 1535 (EN 103 Km 61.500) - União das Freguesias de Frades e Calvos","municipality":"Póvoa de Lanhoso","district":"Braga","postalCode":"4830-213","fuels":{"gasoline95":1.939,"gasoline95Plus":2.019,"gasoline98Plus":2.089,"diesel":2.039,"dieselPremium":2.119,"dieselAgri":1.604},"lastUpdated":"2026-08-15 00:30","extra":{"stationType":"Outro"},"services":["Calibragem de pneus","Lavagem","Loja de Conveniência","WC"],"hours":{"weekdays":"06:30-22:30","saturday":"06:30-22:30","sunday":"06:30-22:30","holiday":"06:30-22:30"},"paymentMethods":["Dinheiro","MbWay","Multibanco","Outros"],"otherServices":null,"observations":null}},{"type":"Feature","geometry":{"type":"Point","coordinates":[-8.5289,41.63623]},"properties":{"id":"pt-70308","source":"PT","name":"E.S. ESCARIZ","brand":"REPSOL","address":"Lugar da Igreja","municipality":"Vila Verde","district":"Braga","postalCode":"4730-500","fuels":{"gasoline95":1.919,"gasoline98Plus":2.119,"diesel":2.024,"dieselPremium":2.094},"lastUpdated":"2026-08-10 00:05","extra":{"stationType":"Outro"},"services":["Lavagem","Venda de carburante de qualidade superior","Venda de gás doméstico em garrafas","WC","WC para deficientes"],"hours":{"weekdays":"07:00-23:00","saturday":"07:00-23:00","sunday":"07:00-23:00","holiday":"07:00-23:00"},"paymentMethods":["Dinheiro"],"otherServices":null,"observations":null}},{"type":"Feature","geometry":{"type":"Point","coordinates":[-8.601057,41.535347]},"properties":{"id":"pt-70533","source":"PT","name":"CASP - ÁREA DE SERVIÇO PORTAS DO CÁVADO, LDA.","brand":"FREITAS","address":"Av. das Pontes 153, Tamel S. Veríssimo (EN 205 Km 600) ","municipality":"Barcelos","district":"Braga","postalCode":"4750-754","fuels":{"gasoline95":1.859,"gasoline98":1.949,"diesel":1.939,"dieselPremium":1.969,"dieselHeating":1.929,"dieselAgri":1.499,"lpg":0.993},"lastUpdated":"2026-08-11 00:00","extra":{"stationType":"Outro"},"services":["Cafetaria","Lavagem","Loja de Conveniência","Multibanco","Venda de gás doméstico em garrafas","Venda de gasóleo agrícola","Venda de gasóleo para aquecimento","WC","WC para deficientes"],"hours":{"weekdays":"Aberto 24 horas","saturday":"Aberto 24 horas","sunday":"Aberto 24 horas","holiday":"Aberto 24 horas"},"paymentMethods":["Dinheiro","MbWay","Multibanco"],"otherServices":null,"observations":null}},{"type":"Feature","geometry":{"type":"Point","coordinates":[-8.423763,41.54517]},"properties":{"id":"pt-70541","source":"PT","name":"PA BP Braga - Imaculada Conceição","brand":"BP","address":"Av. Imaculada Conceição","municipality":"Braga","district":"Braga","postalCode":"4700-034","fuels":{"gasoline95":1.919,"gasoline98Plus":2.199,"diesel":2.034,"dieselPremium":2.234},"lastUpdated":"2026-08-15 00:00","extra":{"stationType":"Outro"},"services":["Loja de Conveniência","Multibanco","WC"],"hours":null,"paymentMethods":["Dinheiro"],"otherServices":null,"observations":null}},{"type":"Feature","geometry":{"type":"Point","coordinates":[-8.421299,41.532079]},"properties":{"id":"pt-70636","source":"PT","name":"RECHEIO BRAGA","brand":"RECHEIO","address":"Rua do Parque Comercial","municipality":"Braga","district":"Braga","postalCode":"4711-911","fuels":{"diesel":1.889},"lastUpdated":"2026-08-11 06:00","extra":{"stationType":"Outro"},"services":[],"hours":{"weekdays":"07:00-19:00","saturday":"07:00-19:00","sunday":"Fechado","holiday":"Fechado"},"paymentMethods":["Dinheiro"],"otherServices":null,"observations":null}},{"type":"Feature","geometry":{"type":"Point","coordinates":[-8.378942,41.442947]},"properties":{"id":"pt-70929","source":"PT","name":"Pit Lane Ronfe","brand":"GALP","address":"EN 206","municipality":"Guimarães","district":"Braga","postalCode":"4805-000","fuels":{"gasoline95":1.929,"gasoline95Plus":1.984,"diesel":2.032,"dieselPremium":2.087},"lastUpdated":"2026-08-12 10:30","extra":{"stationType":"Outro"},"services":["Cafetaria","Lavagem","Multibanco","Venda de gás doméstico em garrafas","WC"],"hours":{"weekdays":"07:00-22:00","saturday":"07:00-22:00","sunday":"07:00-22:00","holiday":"07:00-22:00"},"paymentMethods":["Dinheiro"],"otherServices":null,"observations":null}},{"type":"Feature","geometry":{"type":"Point","coordinates":[-8.76023,41.48498]},"properties":{"id":"pt-71046","source":"PT","name":"Posto Abastecimento Apulia","brand":"BP","address":"Av. da Praia","municipality":"Esposende","district":"Braga","postalCode":"4740-033","fuels":{"gasoline95":1.935,"gasoline98":1.97,"diesel":1.92,"dieselPremium":2.05},"lastUpdated":"2026-08-10 18:55","extra":{"stationType":"Outro"},"services":["Assistência auto","Cafetaria","Calibragem de pneus","Lavagem","Loja de Conveniência","Multibanco","Venda de carburante de qualidade superior","Venda de gás doméstico em garrafas","Venda de gasóleo agrícola","WC","WC para deficientes"],"hours":{"weekdays":"05:00-00:00","saturday":"05:00-00:00","sunday":"05:00-00:00","holiday":"05:00-00:00"},"paymentMethods":["Dinheiro","MbWay","Multibanco"],"otherServices":null,"observations":null}},{"type":"Feature","geometry":{"type":"Point","coordinates":[-8.531881,41.47773]},"properties":{"id":"pt-71215","source":"PT","name":"ILÍDIO MOTA - Posto do Couto de Cambeses","brand":"CEPSA","address":"Rua Senhora da Cruz, nº 52","municipality":"Barcelos","district":"Braga","postalCode":"4775-024","fuels":{"gasoline95":1.859,"gasoline95Plus":2.013,"diesel":1.962,"dieselPremium":2.119,"dieselAgri":1.525},"lastUpdated":"2026-08-15 00:00","extra":{"stationType":"Outro"},"services":["Multibanco","WC"],"hours":null,"paymentMethods":["Dinheiro"],"otherServices":null,"observations":null}},{"type":"Feature","geometry":{"type":"Point","coordinates":[-8.274253,41.65997]},"properties":{"id":"pt-71275","source":"PT","name":"P49 - SHELL Bouro St.ª Maria","brand":"SHELL","address":"Rua Santa Maria, 130","municipality":"Amares","district":"Braga","postalCode":"4720-633","fuels":{"gasoline95":1.939,"gasoline95Plus":2.019,"gasoline98Plus":2.089,"diesel":2.039,"dieselPremium":2.119,"dieselAgri":1.604},"lastUpdated":"2026-08-15 00:30","extra":{"stationType":"Outro"},"services":["Cafetaria","Calibragem de pneus","Loja de Conveniência","WC"],"hours":{"weekdays":"06:30-22:30","saturday":"06:30-22:30","sunday":"06:30-22:30","holiday":"06:30-22:30"},"paymentMethods":["Dinheiro","MbWay","Multibanco","Outros"],"otherServices":null,"observations":null}},{"type":"Feature","geometry":{"type":"Point","coordinates":[-8.48371,41.51089]},"properties":{"id":"pt-71997","source":"PT","name":"TF GEST TADIM","brand":"FREITAS","address":"Rua General Humberto Delgado","municipality":"Braga","district":"Braga","postalCode":"4700-000","fuels":{"gasoline95":1.869,"gasoline98":2.049,"diesel":1.966,"dieselPremium":1.986,"dieselAgri":1.545},"lastUpdated":"2026-08-10 22:40","extra":{"stationType":"Outro"},"services":["Cafetaria","Lavagem","Venda de gás doméstico em garrafas","WC"],"hours":{"weekdays":"07:00-23:00","saturday":"07:00-23:00","sunday":"07:00-23:00","holiday":"07:00-23:00"},"paymentMethods":["Dinheiro"],"otherServices":null,"observations":null}},{"type":"Feature","geometry":{"type":"Point","coordinates":[-8.60469,41.41969]},"properties":{"id":"pt-72081","source":"PT","name":"GONDIFELOS","brand":"REPSOL","address":"Av. de São Felix, 1853","municipality":"Vila Nova de Famalicão","district":"Braga","postalCode":"4760-503","fuels":{"gasoline95":1.929,"gasoline95Plus":1.989,"gasoline98Plus":2.119,"diesel":2.034,"dieselPremium":2.094,"dieselAgri":1.634},"lastUpdated":"2026-08-10 00:05","extra":{"stationType":"Outro"},"services":["Lavagem","Loja de Conveniência","Venda de carburante de qualidade superior","Venda de gás doméstico em garrafas","Venda de gasóleo agrícola","WC","WC para deficientes"],"hours":{"weekdays":"07:00-23:00","saturday":"07:00-23:00","sunday":"07:00-23:00","holiday":"07:00-23:00"},"paymentMethods":["Dinheiro"],"otherServices":null,"observations":null}},{"type":"Feature","geometry":{"type":"Point","coordinates":[-8.5663,41.48656]},"properties":{"id":"pt-72346","source":"PT","name":"PETROCARREIRA","brand":"Genérico","address":"EN 204 (Rua de Pigeiros n.º 660)","municipality":"Barcelos","district":"Braga","postalCode":"4775-064","fuels":{"gasoline95":1.803,"gasoline98":1.959,"diesel":1.904,"dieselPremium":1.953,"dieselAgri":1.612},"lastUpdated":"2026-08-14 21:40","extra":{"stationType":"Outro"},"services":[],"hours":{"weekdays":"Aberto 24 horas","saturday":"Aberto 24 horas","sunday":"Aberto 24 horas","holiday":"Aberto 24 horas"},"paymentMethods":["Dinheiro"],"otherServices":null,"observations":null}},{"type":"Feature","geometry":{"type":"Point","coordinates":[-8.39843,41.41959]},"properties":{"id":"pt-72557","source":"PT","name":"E.S. MOGEGE","brand":"REPSOL","address":"Margem Nascente da VIM","municipality":"Vila Nova de Famalicão","district":"Braga","postalCode":"4765-167","fuels":{"gasoline95":1.939,"gasoline95Plus":1.989,"diesel":2.044,"dieselPremium":2.094,"dieselAgri":1.634},"lastUpdated":"2026-08-10 06:50","extra":{"stationType":"Outro"},"services":["Loja de Conveniência","Venda de carburante de qualidade superior","Venda de gás doméstico em garrafas","Venda de gasóleo agrícola","WC","WC para deficientes"],"hours":{"weekdays":"07:00-22:00","saturday":"07:00-22:00","sunday":"07:00-22:00","holiday":"07:00-22:00"},"paymentMethods":["Dinheiro"],"otherServices":null,"observations":null}},{"type":"Feature","geometry":{"type":"Point","coordinates":[-8.723468,41.470827]},"properties":{"id":"pt-73223","source":"PT","name":"ALVES BANDEIRA Barqueiros","brand":"ALVES BANDEIRA","address":"EN 205, Lugar das Cruzinhas","municipality":"Barcelos","district":"Braga","postalCode":"4740-684","fuels":{"gasoline95":1.949,"gasoline98":2.099,"diesel":2.042,"dieselPremium":2.062,"dieselAgri":1.599},"lastUpdated":"2026-08-10 11:10","extra":{"stationType":"Outro"},"services":["Cafetaria","Loja de Conveniência","Multibanco","Venda de gás doméstico em garrafas","Venda de gasóleo agrícola","WC","WC para deficientes"],"hours":{"weekdays":"06:00-21:00","saturday":"06:00-21:00","sunday":"07:00-21:00","holiday":"07:00-21:00"},"paymentMethods":["Dinheiro","MbWay","Multibanco","Outros"],"otherServices":null,"observations":null}},{"type":"Feature","geometry":{"type":"Point","coordinates":[-8.31226,41.37069]},"properties":{"id":"pt-73576","source":"PT","name":"BP vizela Rotunda","brand":"BP","address":"Rua Guilherme Caldas Peixoto","municipality":"Vizela","district":"Braga","postalCode":"4815-435","fuels":{"gasoline95":1.959,"gasoline98Plus":2.099,"diesel":2.069,"dieselPremium":2.229,"lpg":1.039},"lastUpdated":"2026-08-10 11:05","extra":{"stationType":"Outro"},"services":["Loja de Conveniência","Venda de gás doméstico em garrafas","WC","WC para deficientes"],"hours":{"weekdays":"07:00-22:00","saturday":"07:00-22:00","sunday":"07:00-22:00","holiday":"07:00-22:00"},"paymentMethods":["Dinheiro","Multibanco"],"otherServices":null,"observations":null}},{"type":"Feature","geometry":{"type":"Point","coordinates":[-8.511274,41.533585]},"properties":{"id":"pt-73870","source":"PT","name":"TFGEST - MARTIM","brand":"FREITAS","address":"Avenida de Martim, 1166","municipality":"Barcelos","district":"Braga","postalCode":"4755-313","fuels":{"gasoline95":1.909,"gasoline98Plus":2.099,"diesel":2.009,"dieselPremium":2.039},"lastUpdated":"2026-08-11 23:00","extra":{"stationType":"Outro"},"services":["Calibragem de pneus"],"hours":null,"paymentMethods":["Dinheiro"],"otherServices":null,"observations":null}},{"type":"Feature","geometry":{"type":"Point","coordinates":[-8.43295,41.64359]},"properties":{"id":"pt-73901","source":"PT","name":"PD VILA VERDE","brand":"PINGO DOCE","address":"Av. Mesquita Gavião, 206","municipality":"Vila Verde","district":"Braga","postalCode":"4730-010","fuels":{"gasoline95":1.846,"gasoline98Plus":2.199,"diesel":1.931,"dieselPremium":2.229},"lastUpdated":"2026-08-11 00:00","extra":{"stationType":"Outro"},"services":[],"hours":{"weekdays":"Aberto 24 horas","saturday":"Aberto 24 horas","sunday":"Aberto 24 horas","holiday":"Aberto 24 horas"},"paymentMethods":["Dinheiro"],"otherServices":null,"observations":null}},{"type":"Feature","geometry":{"type":"Point","coordinates":[-8.341431,41.44742]},"properties":{"id":"pt-74503","source":"PT","name":"AUCHAN Guimarães","brand":"AUCHAN","address":"Rua 25 de Abril, 999 Silvares","municipality":"Guimarães","district":"Braga","postalCode":"4835-400","fuels":{"gasoline95":1.819,"diesel":1.899,"dieselPremium":1.929,"lpg":0.879},"lastUpdated":"2026-08-13 00:00","extra":{"stationType":"Outro"},"services":["Calibragem de pneus"],"hours":{"weekdays":"Aberto 24 horas","saturday":"Aberto 24 horas","sunday":"Aberto 24 horas","holiday":"Aberto 24 horas"},"paymentMethods":["Dinheiro"],"otherServices":null,"observations":null}},{"type":"Feature","geometry":{"type":"Point","coordinates":[-8.456421,41.505315]},"properties":{"id":"pt-74840","source":"PT","name":"ALVES BANDEIRA Mercado Abastecedor Braga","brand":"ALVES BANDEIRA","address":"Av. De Trezeste - Celeirós","municipality":"Braga","district":"Braga","postalCode":"4709-001","fuels":{"diesel":2.032},"lastUpdated":"2026-08-10 11:35","extra":{"stationType":"Outro"},"services":["WC"],"hours":{"weekdays":"12:00-20:00","saturday":"Fechado","sunday":"Fechado","holiday":"Fechado"},"paymentMethods":["Dinheiro","MbWay","Multibanco","Outros"],"otherServices":null,"observations":null}},{"type":"Feature","geometry":{"type":"Point","coordinates":[-8.54617,41.37565]},"properties":{"id":"pt-74841","source":"PT","name":"ALVES BANDEIRA Mercado Abastecedor Famalicão","brand":"PETROIBÉRICA","address":"Rua do Comércio","municipality":"Vila Nova de Famalicão","district":"Braga","postalCode":"4760-739","fuels":{"diesel":1.982},"lastUpdated":"2026-08-10 11:40","extra":{"stationType":"Outro"},"services":["Calibragem de pneus"],"hours":{"weekdays":"08:00-15:00","saturday":null,"sunday":null,"holiday":null},"paymentMethods":["Dinheiro"],"otherServices":null,"observations":null}},{"type":"Feature","geometry":{"type":"Point","coordinates":[-8.377919,41.56576]},"properties":{"id":"pt-75118","source":"PT","name":"PRIO Braga - Fojo S","brand":"PRIO","address":"Variante do Fojo - Este (São Pedro) - Avenida General Carrilho Pinto","municipality":"Braga","district":"Braga","postalCode":"4715-570","fuels":{"gasoline95":1.924,"gasoline95Plus":1.839,"dieselPremium":1.969,"bioDiesel":1.939},"lastUpdated":"2026-08-15 00:30","extra":{"stationType":"Outro"},"services":["Assistência auto","Cafetaria","Calibragem de pneus","Loja de Conveniência","Venda de gás doméstico em garrafas","WC","WC para deficientes"],"hours":{"weekdays":"07:00-23:00","saturday":"07:00-23:00","sunday":"07:00-23:00","holiday":"07:00-23:00"},"paymentMethods":["Dinheiro","MbWay","Multibanco","Outros"],"otherServices":null,"observations":null}},{"type":"Feature","geometry":{"type":"Point","coordinates":[-8.353163,41.423401]},"properties":{"id":"pt-75212","source":"PT","name":"Santos da Cunha 6 - Logistica & Transportes, Lda","brand":"GALP","address":"Rua Albano Martins Coelho Lima","municipality":"Guimarães","district":"Braga","postalCode":"4810-000","fuels":{"gasoline95":1.919,"gasoline95Plus":1.969,"diesel":2.027,"dieselPremium":2.077},"lastUpdated":"2026-08-12 10:30","extra":{"stationType":"Outro"},"services":[],"hours":{"weekdays":"07:00-23:00","saturday":"07:00-23:00","sunday":"07:00-23:00","holiday":"07:00-23:00"},"paymentMethods":["Dinheiro"],"otherServices":null,"observations":null}},{"type":"Feature","geometry":{"type":"Point","coordinates":[-8.710185,41.470036]},"properties":{"id":"pt-75848","source":"PT","name":"Petrolagoinha Comércio de Combustíveis e Lubrificantes, Lda.","brand":"Genérico","address":"Rua de Ferreiros, n.º867","municipality":"Barcelos","district":"Braga","postalCode":"4755-181","fuels":{"gasoline95":1.884,"gasoline98":1.999,"gasolineMix":2.2,"diesel":1.974,"dieselPremium":1.994,"dieselHeating":1.864,"dieselAgri":1.514},"lastUpdated":"2026-08-10 22:00","extra":{"stationType":"Outro"},"services":["Assistência auto","Cafetaria","Calibragem de pneus","Lavagem","Loja de Conveniência","Venda de carburante de qualidade superior","Venda de gás doméstico em garrafas","Venda de gasóleo agrícola","Venda de gasóleo para aquecimento","WC","WC para deficientes"],"hours":{"weekdays":"06:30-22:00","saturday":"06:30-22:00","sunday":"07:00-22:00","holiday":"07:00-22:00"},"paymentMethods":["Dinheiro","Multibanco"],"otherServices":null,"observations":null}},{"type":"Feature","geometry":{"type":"Point","coordinates":[-8.24357,41.57648]},"properties":{"id":"pt-76141","source":"PT","name":"Carlos Rufino Combustíveis, Lda.","brand":"CREIXOAUTO","address":"Rua do Cais nº 21Fontarcada","municipality":"Póvoa de Lanhoso","district":"Braga","postalCode":"4830-345","fuels":{"gasoline95":1.929,"gasoline98":2.019,"diesel":2.029,"dieselPremium":2.079,"dieselAgri":1.569},"lastUpdated":"2026-08-10 18:30","extra":{"stationType":"Outro"},"services":[],"hours":{"weekdays":"06:00-00:00","saturday":"06:00-00:00","sunday":"06:00-00:00","holiday":"06:00-00:00"},"paymentMethods":["Dinheiro","Multibanco"],"otherServices":null,"observations":null}},{"type":"Feature","geometry":{"type":"Point","coordinates":[-8.471395,41.489304]},"properties":{"id":"pt-76162","source":"PT","name":"FREITAS - Priscos - Braga","brand":"FREITAS","address":"Av. Padre Manuel Joaquim Rebelo (EN 14)","municipality":"Braga","district":"Braga","postalCode":"4705-578","fuels":{"gasoline95":1.929,"gasoline98Plus":2.149,"diesel":2.019,"dieselPremium":2.039},"lastUpdated":"2026-08-10 22:00","extra":{"stationType":"Outro"},"services":["Calibragem de pneus"],"hours":null,"paymentMethods":["Dinheiro"],"otherServices":null,"observations":null}},{"type":"Feature","geometry":{"type":"Point","coordinates":[-8.392031,41.561295]},"properties":{"id":"pt-76298","source":"PT","name":"TF GEST GUALTAR_BRAGA","brand":"FREITAS","address":"Rua da Estrada Nova, nº 43","municipality":"Braga","district":"Braga","postalCode":"4715-418","fuels":{"gasoline95":1.909,"gasoline95Plus":1.919,"diesel":1.999,"dieselPremium":2.009},"lastUpdated":"2026-08-10 23:30","extra":{"stationType":"Outro"},"services":["Calibragem de pneus"],"hours":null,"paymentMethods":["Dinheiro"],"otherServices":null,"observations":null}},{"type":"Feature","geometry":{"type":"Point","coordinates":[-8.29936,41.42455]},"properties":{"id":"pt-76388","source":"PT","name":"INTERMARCHE DE URGEZES","brand":"INTERMARCHÉ","address":"Rua Pinheiro Manso nº 443 / lote 10","municipality":"Guimarães","district":"Braga","postalCode":"4810-107","fuels":{"gasoline95":1.818,"gasoline98":1.918,"diesel":1.898,"dieselPremium":1.918},"lastUpdated":"2026-08-10 08:15","extra":{"stationType":"Outro"},"services":["Multibanco","Venda de gás doméstico em garrafas"],"hours":{"weekdays":"Aberto 24 horas","saturday":"Aberto 24 horas","sunday":"Aberto 24 horas","holiday":"Aberto 24 horas"},"paymentMethods":["Dinheiro","Multibanco"],"otherServices":null,"observations":null}},{"type":"Feature","geometry":{"type":"Point","coordinates":[-8.351243,41.48632]},"properties":{"id":"pt-76396","source":"PT","name":"INTERMARCHÉ CALDAS das TAIPAS","brand":"INTERMARCHÉ","address":"Rua Comandante Carvalho Crato (EN 101)","municipality":"Guimarães","district":"Braga","postalCode":"4805-104","fuels":{"gasoline95":1.848,"gasoline95Plus":1.878,"diesel":1.948,"dieselPremium":1.978},"lastUpdated":"2026-08-10 13:05","extra":{"stationType":"Área comercial (Hipermercados)"},"services":["Cafetaria","Loja de Conveniência","Multibanco","Venda de gás doméstico em garrafas","WC","WC para deficientes"],"hours":{"weekdays":"Aberto 24 horas","saturday":"Aberto 24 horas","sunday":"Aberto 24 horas","holiday":"Aberto 24 horas"},"paymentMethods":["Dinheiro","MbWay","Multibanco"],"otherServices":null,"observations":null}},{"type":"Feature","geometry":{"type":"Point","coordinates":[-8.182113,41.430267]},"properties":{"id":"pt-76446","source":"PT","name":"Rodáreas Fafe Norte","brand":"OZ Energia","address":"FAFE NORTE - A7 Sentido Alvão-Guimarães","municipality":"Fafe","district":"Braga","postalCode":"4820-005","fuels":{"gasoline95":2.077,"gasoline95Plus":1.985,"diesel":2.164,"dieselPremium":2.064},"lastUpdated":"2026-08-11 17:35","extra":{"stationType":"Auto-estrada"},"services":["Cafetaria","Loja de Conveniência","Multibanco","WC"],"hours":null,"paymentMethods":["Dinheiro"],"otherServices":null,"observations":null}},{"type":"Feature","geometry":{"type":"Point","coordinates":[-8.164413,41.444955]},"properties":{"id":"pt-76718","source":"PT","name":"PD FAFE","brand":"PINGO DOCE","address":"Lugar de Cavadas ","municipality":"Fafe","district":"Braga","postalCode":"4820-587","fuels":{"gasoline95":1.846,"gasoline98Plus":2.199,"diesel":1.931,"dieselPremium":2.229},"lastUpdated":"2026-08-11 00:00","extra":{"stationType":"Outro"},"services":[],"hours":{"weekdays":"09:00-21:00","saturday":"09:00-22:00","sunday":"09:00-21:00","holiday":"09:00-21:00"},"paymentMethods":["Dinheiro"],"otherServices":null,"observations":null}},{"type":"Feature","geometry":{"type":"Point","coordinates":[-8.512639,41.411793]},"properties":{"id":"pt-77592","source":"PT","name":"AUCHAN Famalicão","brand":"AUCHAN","address":" EN 206 Av.do Brasil lote, nº2 ","municipality":"Vila Nova de Famalicão","district":"Braga","postalCode":"4760-010","fuels":{"gasoline95":1.799,"diesel":1.899,"dieselPremium":1.919,"lpg":0.869},"lastUpdated":"2026-08-13 00:00","extra":{"stationType":"Outro"},"services":["Calibragem de pneus"],"hours":{"weekdays":"Aberto 24 horas","saturday":"Aberto 24 horas","sunday":"Aberto 24 horas","holiday":"Aberto 24 horas"},"paymentMethods":["Dinheiro"],"otherServices":null,"observations":null}},{"type":"Feature","geometry":{"type":"Point","coordinates":[-8.35003,41.62473]},"properties":{"id":"pt-77912","source":"PT","name":"PRIO  Amares","brand":"PRIO","address":"Rua da Cintura nº 72","municipality":"Amares","district":"Braga","postalCode":"4720-000","fuels":{"gasoline95":1.924,"gasoline95Plus":1.829,"dieselPremium":1.959,"dieselAgri":1.509,"bioDiesel":1.929},"lastUpdated":"2026-08-15 00:30","extra":{"stationType":"Outro"},"services":["Cafetaria","Loja de Conveniência","Venda de carburante de qualidade superior","Venda de gás doméstico em garrafas","WC"],"hours":{"weekdays":"07:00-23:00","saturday":"07:00-23:00","sunday":"07:00-23:00","holiday":"07:00-23:00"},"paymentMethods":["Dinheiro","MbWay","Multibanco","Outros"],"otherServices":null,"observations":null}},{"type":"Feature","geometry":{"type":"Point","coordinates":[-8.277106,41.54851]},"properties":{"id":"pt-78113","source":"PT","name":"ALVES BANDEIRA Vilela","brand":"ALVES BANDEIRA","address":"EN 310 - Av. de Beche, 516","municipality":"Póvoa de Lanhoso","district":"Braga","postalCode":"4830-811","fuels":{"gasoline95":1.949,"gasoline98":2.099,"diesel":2.042,"dieselPremium":2.062,"dieselAgri":1.599},"lastUpdated":"2026-08-10 11:35","extra":{"stationType":"Outro"},"services":["Calibragem de pneus"],"hours":null,"paymentMethods":["Dinheiro","MbWay","Multibanco","Outros"],"otherServices":null,"observations":null}},{"type":"Feature","geometry":{"type":"Point","coordinates":[-8.511417,41.392723]},"properties":{"id":"pt-78885","source":"PT","name":"TFGEST ANTAS","brand":"FREITAS","address":"Rua José Freitas Dias, 2093","municipality":"Vila Nova de Famalicão","district":"Braga","postalCode":"4760-022","fuels":{"gasoline95":1.919,"gasoline98Plus":2.149,"diesel":2.019,"dieselPremium":2.039},"lastUpdated":"2026-08-11 06:00","extra":{"stationType":"Outro"},"services":["Calibragem de pneus"],"hours":null,"paymentMethods":["Dinheiro"],"otherServices":null,"observations":null}},{"type":"Feature","geometry":{"type":"Point","coordinates":[-8.58199,41.34998]},"properties":{"id":"pt-79557","source":"PT","name":"ALVES BANDEIRA Ribeirão","brand":"ALVES BANDEIRA","address":"Av. Indústria, 539","municipality":"Vila Nova de Famalicão","district":"Braga","postalCode":"4760-725","fuels":{"gasoline95":1.944,"diesel":2.037,"dieselAgri":1.594},"lastUpdated":"2026-08-10 11:45","extra":{"stationType":"Outro"},"services":["Cafetaria","Loja de Conveniência","Multibanco","Venda de gás doméstico em garrafas","Venda de gasóleo agrícola","WC"],"hours":{"weekdays":"06:00-21:00","saturday":"06:00-21:00","sunday":"06:00-21:00","holiday":"06:00-21:00"},"paymentMethods":["Dinheiro","MbWay","Multibanco","Outros"],"otherServices":null,"observations":null}},{"type":"Feature","geometry":{"type":"Point","coordinates":[-8.451441,41.379173]},"properties":{"id":"pt-79586","source":"PT","name":"ALVES BANDEIRA Landim","brand":"ALVES BANDEIRA","address":"Rua da Est Nacional 204/5, Nº 2035","municipality":"Vila Nova de Famalicão","district":"Braga","postalCode":"4770-309","fuels":{"gasoline95":1.949,"gasoline98":2.099,"diesel":2.042,"dieselHeating":2.049,"dieselAgri":1.599,"lpg":0.884},"lastUpdated":"2026-08-10 11:35","extra":{"stationType":"Outro"},"services":["Calibragem de pneus"],"hours":null,"paymentMethods":["Dinheiro","MbWay","Multibanco","Outros"],"otherServices":null,"observations":null}},{"type":"Feature","geometry":{"type":"Point","coordinates":[-8.48149,41.59613]},"properties":{"id":"pt-79651","source":"PT","name":"IRMAOS GOUVEIA- COMBUSTIVEIS LDA","brand":"FREITAS","address":"E. N. 205, Rua 1 km 38,300","municipality":"Vila Verde","district":"Braga","postalCode":"4730-097","fuels":{"gasoline95":1.9,"gasoline98":2.06,"diesel":1.996},"lastUpdated":"2026-08-10 10:00","extra":{"stationType":"Outro"},"services":[],"hours":{"weekdays":"07:00-23:00","saturday":"07:00-23:00","sunday":"07:00-23:00","holiday":"07:00-23:00"},"paymentMethods":["Dinheiro"],"otherServices":null,"observations":null}},{"type":"Feature","geometry":{"type":"Point","coordinates":[-8.43849,41.539]},"properties":{"id":"pt-80028","source":"PT","name":"AGL Energias Renováveis, Lda - REDE ENERGIA BRAGA","brand":"REDE ENERGIA","address":"Rua Padre Cruz, Nº 236","municipality":"Braga","district":"Braga","postalCode":"4700-236","fuels":{"gasoline95":1.778,"gasoline95Plus":1.788,"diesel":1.878,"dieselPremium":1.898},"lastUpdated":"2026-08-10 09:30","extra":{"stationType":"Outro"},"services":["Assistência auto","Cafetaria","Lavagem","Loja de Conveniência","Multibanco","Venda de carburante de qualidade superior","Venda de gás doméstico em garrafas","WC"],"hours":{"weekdays":"07:00-23:00","saturday":"07:00-23:00","sunday":"07:00-23:00","holiday":"07:00-23:00"},"paymentMethods":["Dinheiro"],"otherServices":null,"observations":null}},{"type":"Feature","geometry":{"type":"Point","coordinates":[-8.76303,41.530255]},"properties":{"id":"pt-80419","source":"PT","name":"E.S. ESPOSENDE","brand":"REPSOL","address":"R. Comendador Rodrigo Leite","municipality":"Esposende","district":"Braga","postalCode":"4740-473","fuels":{"gasoline95":1.939,"gasoline95Plus":2.009,"gasoline98Plus":2.139,"diesel":2.044,"dieselPremium":2.114,"lpg":0.964},"lastUpdated":"2026-08-15 00:00","extra":{"stationType":"Outro"},"services":["Cafetaria","Loja de Conveniência","Venda de carburante de qualidade superior","Venda de gás doméstico em garrafas","Venda de gasóleo agrícola","WC","WC para deficientes"],"hours":{"weekdays":"Aberto 24 horas","saturday":"Aberto 24 horas","sunday":"Aberto 24 horas","holiday":"Aberto 24 horas"},"paymentMethods":["Dinheiro"],"otherServices":null,"observations":null}},{"type":"Feature","geometry":{"type":"Point","coordinates":[-8.63784,41.62274]},"properties":{"id":"pt-81307","source":"PT","name":"E.S. ABORIM","brand":"REPSOL","address":"RUA NOSSA SENHORA DA LAPA, 1529","municipality":"Barcelos","district":"Braga","postalCode":"4750-026","fuels":{"gasoline95":1.959,"gasoline98Plus":2.159,"diesel":2.064,"dieselPremium":2.134,"dieselAgri":1.684},"lastUpdated":"2026-08-10 00:00","extra":{"stationType":"Outro"},"services":["Lavagem","Multibanco","Venda de carburante de qualidade superior","Venda de gás doméstico em garrafas","Venda de gasóleo agrícola","WC","WC para deficientes"],"hours":{"weekdays":"07:00-22:00","saturday":"07:00-22:00","sunday":"07:00-22:00","holiday":"07:00-22:00"},"paymentMethods":["Dinheiro","Multibanco"],"otherServices":null,"observations":null}},{"type":"Feature","geometry":{"type":"Point","coordinates":[-8.28951,41.44041]},"properties":{"id":"pt-81564","source":"PT","name":"PRIO  Guimarães","brand":"PRIO","address":"Largo de São Gualter;União de Freguesias de Oliveira, São Paio e São Sebastião","municipality":"Guimarães","district":"Braga","postalCode":"4810-438","fuels":{"gasoline95":1.924,"gasoline95Plus":1.824,"dieselPremium":1.924,"bioDiesel":1.894},"lastUpdated":"2026-08-15 00:30","extra":{"stationType":"Outro"},"services":["Cafetaria","Loja de Conveniência","Multibanco","Venda de gás doméstico em garrafas","WC","WC para deficientes"],"hours":{"weekdays":"07:00-23:00","saturday":"07:00-23:00","sunday":"07:00-23:00","holiday":"07:00-23:00"},"paymentMethods":["Dinheiro","MbWay","Multibanco","Outros"],"otherServices":null,"observations":null}},{"type":"Feature","geometry":{"type":"Point","coordinates":[-8.16035,41.4041]},"properties":{"id":"pt-83466","source":"PT","name":"POLISVARIANTE Comercio de Combustiveis Unip lda","brand":"Genérico","address":"Rua de Varzea","municipality":"Fafe","district":"Braga","postalCode":"4820-715","fuels":{"gasoline95":1.939,"gasoline98":2.119,"diesel":2.037,"dieselPremium":2.087,"dieselAgri":1.624},"lastUpdated":"2026-08-13 20:35","extra":{"stationType":"Outro"},"services":["Calibragem de pneus"],"hours":null,"paymentMethods":["Dinheiro"],"otherServices":null,"observations":null}},{"type":"Feature","geometry":{"type":"Point","coordinates":[-8.52512,41.40016]},"properties":{"id":"pt-83564","source":"PT","name":"INTERCALENDARIO,SUPERMERCADOS LDA","brand":"INTERMARCHÉ","address":"Rua S. Julião, n.º 831","municipality":"Vila Nova de Famalicão","district":"Braga","postalCode":"4760-384","fuels":{"gasoline95":1.797,"gasoline95Plus":1.837,"diesel":1.907,"dieselPremium":1.937},"lastUpdated":"2026-08-14 09:20","extra":{"stationType":"Outro"},"services":[],"hours":{"weekdays":"Aberto 24 horas","saturday":"Aberto 24 horas","sunday":"Aberto 24 horas","holiday":"Aberto 24 horas"},"paymentMethods":["Dinheiro"],"otherServices":null,"observations":null}},{"type":"Feature","geometry":{"type":"Point","coordinates":[-8.59804,41.37373]},"properties":{"id":"pt-83705","source":"PT","name":"Nova Fradelos VNF","brand":"NOVA","address":"Rua Santa Leocádia","municipality":"Vila Nova de Famalicão","district":"Braga","postalCode":"4760-485","fuels":{"gasoline95":1.879,"gasoline98":2.079,"diesel":1.969,"dieselPremium":1.999,"dieselAgri":1.519},"lastUpdated":"2026-08-10 20:20","extra":{"stationType":"Outro"},"services":["Loja de Conveniência","Multibanco","Venda de gás doméstico em garrafas","Venda de gasóleo agrícola"],"hours":{"weekdays":"07:00-22:00","saturday":"07:00-22:00","sunday":"08:00-22:00","holiday":"00:00-00:00"},"paymentMethods":["Dinheiro","MbWay","Multibanco"],"otherServices":null,"observations":null}},{"type":"Feature","geometry":{"type":"Point","coordinates":[-7.92151,41.49706]},"properties":{"id":"pt-84864","source":"PT","name":"Prova de Poder - Comércio de Combustíveis Lda","brand":"FREITAS","address":"Rua do Ribeiro do Arco","municipality":"Cabeceiras de Basto","district":"Braga","postalCode":"4860-176","fuels":{"gasoline95":1.97,"gasoline98Plus":2.15,"diesel":2.036,"dieselAgri":1.645},"lastUpdated":"2026-08-11 00:00","extra":{"stationType":"Outro"},"services":[],"hours":{"weekdays":"06:30-22:30","saturday":"06:30-22:30","sunday":"06:30-22:30","holiday":"06:30-22:30"},"paymentMethods":["Dinheiro"],"otherServices":null,"observations":null}},{"type":"Feature","geometry":{"type":"Point","coordinates":[-8.08961,41.37316]},"properties":{"id":"pt-86388","source":"PT","name":"Auto-Lá, Lda","brand":"PETRIN","address":"Mondrões","municipality":"Celorico de Basto","district":"Braga","postalCode":"4890-108","fuels":{"gasoline95":2.034,"gasoline98Plus":2.134,"diesel":2.119,"dieselPremium":2.234,"dieselAgri":1.684},"lastUpdated":"2026-08-10 06:00","extra":{"stationType":"Outro"},"services":["Multibanco","Venda de gasóleo agrícola","WC"],"hours":{"weekdays":"07:00-22:00","saturday":"07:00-22:00","sunday":"07:00-22:00","holiday":"07:00-22:00"},"paymentMethods":["Dinheiro"],"otherServices":null,"observations":null}},{"type":"Feature","geometry":{"type":"Point","coordinates":[-8.296109,41.409595]},"properties":{"id":"pt-87353","source":"PT","name":"Combustíveis Polvoreira, Lda","brand":"Genérico","address":"Rua Comandante João de Paiva Faria Leite Brandão n.º 3014","municipality":"Guimarães","district":"Braga","postalCode":"4835-175","fuels":{"gasoline95":1.959,"gasoline98":2.13,"gasolineMix":2.3,"diesel":2.062,"dieselHeating":2.017,"dieselAgri":1.625},"lastUpdated":"2026-08-10 21:30","extra":{"stationType":"Outro"},"services":["Lavagem","Multibanco","Venda de gás doméstico em garrafas","Venda de gasóleo agrícola","Venda de gasóleo para aquecimento"],"hours":{"weekdays":"06:45-23:00","saturday":"06:45-23:00","sunday":"06:45-23:00","holiday":"06:45-23:00"},"paymentMethods":["Dinheiro","MbWay","Multibanco"],"otherServices":null,"observations":null}},{"type":"Feature","geometry":{"type":"Point","coordinates":[-8.467021,41.605434]},"properties":{"id":"pt-88005","source":"PT","name":"INTERMARCHÉ Vila do Prado","brand":"INTERMARCHÉ","address":"Lugar de Estrada ou Outeiro","municipality":"Vila Verde","district":"Braga","postalCode":"4730-466","fuels":{"gasoline95":1.799,"gasoline98":1.869,"diesel":1.899,"dieselPremium":1.929},"lastUpdated":"2026-08-10 12:00","extra":{"stationType":"Outro"},"services":["Multibanco"],"hours":{"weekdays":"Aberto 24 horas","saturday":"Aberto 24 horas","sunday":"Aberto 24 horas","holiday":"Aberto 24 horas"},"paymentMethods":["Dinheiro","Multibanco"],"otherServices":null,"observations":null}},{"type":"Feature","geometry":{"type":"Point","coordinates":[-8.61615,41.43241]},"properties":{"id":"pt-88761","source":"PT","name":"NOVAIS ","brand":"ESSO","address":"R. Santa Eulália, 1579","municipality":"Barcelos","district":"Braga","postalCode":"4775-193","fuels":{"gasoline95":1.92,"gasoline98":2.08,"diesel":2.016,"dieselPremium":2.036,"dieselAgri":1.565,"lpg":0.898},"lastUpdated":"2026-08-10 10:15","extra":{"stationType":"Outro"},"services":["Loja de Conveniência"],"hours":{"weekdays":"07:00-22:00","saturday":"07:00-22:00","sunday":"07:00-22:00","holiday":"07:00-22:00"},"paymentMethods":["Dinheiro"],"otherServices":null,"observations":null}},{"type":"Feature","geometry":{"type":"Point","coordinates":[-8.438093,41.534244]},"properties":{"id":"pt-89558","source":"PT","name":"Bxpress Braga","brand":"BXPRESS","address":"Avenida Cidade do Porto, EN 14","municipality":"Braga","district":"Braga","postalCode":"4705-084","fuels":{"gasoline95":1.779,"diesel":1.879},"lastUpdated":"2026-08-14 10:25","extra":{"stationType":"Outro"},"services":["Calibragem de pneus"],"hours":{"weekdays":"Aberto 24 horas","saturday":"Aberto 24 horas","sunday":"Aberto 24 horas","holiday":"Aberto 24 horas"},"paymentMethods":["Multibanco"],"otherServices":null,"observations":null}},{"type":"Feature","geometry":{"type":"Point","coordinates":[-7.992959,41.39718]},"properties":{"id":"pt-91296","source":"PT","name":"P25 - PRIO Celorico","brand":"PRIO","address":"Crespos- Britelo","municipality":"Celorico de Basto","district":"Braga","postalCode":"4890-264","fuels":{"gasoline95":1.924,"gasoline95Plus":1.894,"dieselPremium":1.974,"dieselAgri":1.564,"bioDiesel":1.944},"lastUpdated":"2026-08-15 00:30","extra":{"stationType":"Outro"},"services":["Calibragem de pneus"],"hours":{"weekdays":"06:00-22:00","saturday":"06:00-22:00","sunday":"06:00-22:00","holiday":"06:00-22:00"},"paymentMethods":["Dinheiro","MbWay","Multibanco","Outros"],"otherServices":null,"observations":null}},{"type":"Feature","geometry":{"type":"Point","coordinates":[-8.14958,41.63525]},"properties":{"id":"pt-91553","source":"PT","name":"P26 - PRIO Vieira do Minho","brand":"PRIO","address":"RUA DA LAMEIRA, Nº 123","municipality":"Vieira do Minho","district":"Braga","postalCode":"4850-158","fuels":{"gasoline95":1.924,"gasoline95Plus":1.859,"dieselPremium":1.964,"dieselAgri":1.534,"bioDiesel":1.934},"lastUpdated":"2026-08-15 00:30","extra":{"stationType":"Outro"},"services":["Calibragem de pneus"],"hours":{"weekdays":"07:00-23:00","saturday":"07:00-23:00","sunday":"07:00-23:00","holiday":"07:00-23:00"},"paymentMethods":["Dinheiro","MbWay","Multibanco","Outros"],"otherServices":null,"observations":null}},{"type":"Feature","geometry":{"type":"Point","coordinates":[-8.572459,41.52053]},"properties":{"id":"pt-91842","source":"PT","name":"PRIO - Várzea","brand":"PRIO","address":"Rua da Gandra, N103 139","municipality":"Barcelos","district":"Braga","postalCode":"4755-522","fuels":{"gasoline95":1.924,"gasoline95Plus":1.829,"dieselPremium":1.954,"bioDiesel":1.924},"lastUpdated":"2026-08-10 13:00","extra":{"stationType":"Outro"},"services":["Cafetaria","Loja de Conveniência","Multibanco","Venda de gás doméstico em garrafas","WC"],"hours":{"weekdays":"07:00-21:30","saturday":"07:00-21:30","sunday":"07:00-21:30","holiday":"07:00-21:30"},"paymentMethods":["Dinheiro","MbWay","Multibanco","Outros"],"otherServices":null,"observations":null}},{"type":"Feature","geometry":{"type":"Point","coordinates":[-8.623167,41.548195]},"properties":{"id":"pt-91858","source":"PT","name":"INTERMARCHÉ Barcelos","brand":"INTERMARCHÉ","address":"Avenida Paulo Felisberto, Lugar de Jordão, Vila Boa","municipality":"Barcelos","district":"Braga","postalCode":"4750-698","fuels":{"gasoline95":1.799,"gasoline95Plus":1.819,"gasoline98":1.869,"diesel":1.899,"dieselPremium":1.929},"lastUpdated":"2026-08-10 12:00","extra":{"stationType":"Outro"},"services":["Cafetaria","Loja de Conveniência","Multibanco","WC"],"hours":{"weekdays":"Aberto 24 horas","saturday":"Aberto 24 horas","sunday":"Aberto 24 horas","holiday":"Aberto 24 horas"},"paymentMethods":["Dinheiro","Multibanco"],"otherServices":null,"observations":null}},{"type":"Feature","geometry":{"type":"Point","coordinates":[-8.185973,41.451916]},"properties":{"id":"pt-91983","source":"PT","name":"PETRO BASTO ENERGIA - Fafe","brand":"PETRO BASTO","address":"Via Circular, Santo Ovídio","municipality":"Fafe","district":"Braga","postalCode":"4820-384","fuels":{"gasoline95":1.957,"gasoline98":2.059,"diesel":2.053,"dieselPremium":2.093,"dieselHeating":1.97,"dieselAgri":1.619},"lastUpdated":"2026-08-10 16:05","extra":{"stationType":"Outro"},"services":["Cafetaria","Lavagem","Loja de Conveniência","Venda de carburante de qualidade superior","Venda de gás doméstico em garrafas","Venda de gasóleo agrícola","Venda de gasóleo para aquecimento","WC"],"hours":null,"paymentMethods":["Dinheiro","MbWay","Multibanco"],"otherServices":null,"observations":null}},{"type":"Feature","geometry":{"type":"Point","coordinates":[-8.35589,41.42188]},"properties":{"id":"pt-92049","source":"PT","name":"SUPERPRIMAVERA","brand":"Genérico","address":"Lugar do Lameirinho - Selho - S. Jorge","municipality":"Guimarães","district":"Braga","postalCode":"4835-326","fuels":{"gasoline95":1.809,"diesel":1.899,"dieselPremium":1.929},"lastUpdated":"2026-08-11 00:05","extra":{"stationType":"Outro"},"services":["Calibragem de pneus"],"hours":null,"paymentMethods":["Dinheiro"],"otherServices":null,"observations":null}},{"type":"Feature","geometry":{"type":"Point","coordinates":[-8.478652,41.63654]},"properties":{"id":"pt-92155","source":"PT","name":"P30 - SHELL Moure - Vila Verde","brand":"SHELL","address":"EN 201, Km54,34, lugar de Aguela","municipality":"Vila Verde","district":"Braga","postalCode":"4730-300","fuels":{"gasoline95":1.939,"gasoline98Plus":2.089,"diesel":2.039,"dieselPremium":2.119,"dieselAgri":1.604},"lastUpdated":"2026-08-15 00:30","extra":{"stationType":"Outro"},"services":["Calibragem de pneus"],"hours":{"weekdays":"07:00-22:00","saturday":"07:00-22:00","sunday":"07:00-22:00","holiday":"07:00-22:00"},"paymentMethods":["Dinheiro","MbWay","Multibanco","Outros"],"otherServices":null,"observations":null}},{"type":"Feature","geometry":{"type":"Point","coordinates":[-8.333676,41.442571]},"properties":{"id":"pt-92494","source":"PT","name":"ALFABRENT Guimarães Silvares","brand":"BP","address":"R. 25 Abril - Lugar de Carvalhais","municipality":"Guimarães","district":"Braga","postalCode":"4835-400","fuels":{"gasoline95":1.939,"gasoline98Plus":2.099,"diesel":2.054,"dieselPremium":2.234},"lastUpdated":"2026-08-11 00:00","extra":{"stationType":"Outro"},"services":["Cafetaria","Calibragem de pneus","Loja de Conveniência","Multibanco","WC","WC para deficientes","AUTOvoucher"],"hours":{"weekdays":"07:00-23:00","saturday":"07:00-23:00","sunday":"07:00-23:00","holiday":"07:00-23:00"},"paymentMethods":["Dinheiro","MbWay","Multibanco","Outros"],"otherServices":null,"observations":null}},{"type":"Feature","geometry":{"type":"Point","coordinates":[-8.304528,41.44995]},"properties":{"id":"pt-93040","source":"PT","name":"CEPSA GUIMARAES","brand":"MOEVE","address":"RUA NOSSA SENHORA DA CONCEIÇAO","municipality":"Guimarães","district":"Braga","postalCode":"4800-100","fuels":{"gasoline95":1.863,"gasoline95Plus":1.913,"diesel":1.969,"dieselPremium":2.069},"lastUpdated":"2026-08-10 00:00","extra":{"stationType":"Outro"},"services":["Cafetaria","Loja de Conveniência","Multibanco","WC"],"hours":{"weekdays":"07:00-23:00","saturday":"07:00-23:00","sunday":"07:00-23:00","holiday":"07:00-23:00"},"paymentMethods":["Dinheiro"],"otherServices":null,"observations":null}},{"type":"Feature","geometry":{"type":"Point","coordinates":[-8.31796,41.39069]},"properties":{"id":"pt-93047","source":"PT","name":"BP Infias","brand":"BP","address":"EN 106 nº236","municipality":"Vizela","district":"Braga","postalCode":"4815-071","fuels":{"gasoline95":1.959,"gasoline98Plus":2.199,"diesel":2.069,"dieselPremium":2.229},"lastUpdated":"2026-08-10 11:05","extra":{"stationType":"Outro"},"services":["Cafetaria","Lavagem","Loja de Conveniência","Multibanco","Venda de gás doméstico em garrafas","WC","WC para deficientes","AUTOvoucher"],"hours":{"weekdays":"Aberto 24 horas","saturday":"Aberto 24 horas","sunday":"Aberto 24 horas","holiday":"Aberto 24 horas"},"paymentMethods":["Dinheiro","Multibanco"],"otherServices":null,"observations":null}},{"type":"Feature","geometry":{"type":"Point","coordinates":[-8.443049,41.365585]},"properties":{"id":"pt-93051","source":"PT","name":"P53 - SHELL Carreira","brand":"SHELL","address":"Avenida Vila Nunes, n.º 1 - Lugar Monte de Fojo     ","municipality":"Vila Nova de Famalicão","district":"Braga","postalCode":"4765-072","fuels":{"gasoline95":1.959,"gasoline98Plus":2.109,"diesel":2.064,"dieselPremium":2.144},"lastUpdated":"2026-08-15 00:30","extra":{"stationType":"Outro"},"services":["Lavagem","Loja de Conveniência","Multibanco","WC"],"hours":{"weekdays":"07:00-20:00","saturday":"07:00-21:00","sunday":"Fechado","holiday":"Fechado"},"paymentMethods":["Dinheiro","MbWay","Multibanco","Outros"],"otherServices":null,"observations":null}},{"type":"Feature","geometry":{"type":"Point","coordinates":[-8.77605,41.5321]},"properties":{"id":"pt-93112","source":"PT","name":"ESPOSENDE","brand":"BP","address":"EN 13 Km 87,400","municipality":"Esposende","district":"Braga","postalCode":"4740-000","fuels":{"gasoline95":2.099,"gasoline98":2.299,"diesel":2.199,"dieselPremium":2.319,"dieselAgri":1.744},"lastUpdated":"2026-08-06 00:00","extra":{"stationType":"Outro"},"services":["Assistência auto","Cafetaria","Calibragem de pneus","Loja de Conveniência","Venda de gás doméstico em garrafas","Venda de gasóleo agrícola","WC"],"hours":{"weekdays":"06:30-22:30","saturday":"06:30-22:30","sunday":"06:30-22:30","holiday":"06:30-22:30"},"paymentMethods":["Dinheiro","MbWay","Multibanco","Outros"],"otherServices":null,"observations":null}},{"type":"Feature","geometry":{"type":"Point","coordinates":[-8.53979,41.43536]},"properties":{"id":"pt-93120","source":"PT","name":"CEPSA LOURO","brand":"CEPSA","address":"Rua Padre Domingos J.Pereira, 1150","municipality":"Vila Nova de Famalicão","district":"Braga","postalCode":"4760-563","fuels":{"gasoline95":1.943,"gasoline95Plus":1.993,"diesel":2.049,"dieselPremium":2.099,"dieselAgri":1.664},"lastUpdated":"2026-08-10 00:00","extra":{"stationType":"Outro"},"services":["Assistência auto","Cafetaria","Lavagem","Loja de Conveniência","Multibanco","Venda de gás doméstico em garrafas","Venda de gasóleo agrícola","WC"],"hours":{"weekdays":"07:00-22:00","saturday":"07:00-22:00","sunday":"07:00-22:00","holiday":"07:00-22:00"},"paymentMethods":["Dinheiro"],"otherServices":null,"observations":"Lavagens a"}},{"type":"Feature","geometry":{"type":"Point","coordinates":[-8.74393,41.49459]},"properties":{"id":"pt-93152","source":"PT","name":"BP - FONTE BOA ","brand":"BP","address":"Rua da Cruz nº 1","municipality":"Esposende","district":"Braga","postalCode":"4740-418","fuels":{"gasoline95":1.889,"gasoline98Plus":2.199,"diesel":2.004,"dieselPremium":2.234,"dieselAgri":1.639},"lastUpdated":"2026-08-15 00:05","extra":{"stationType":"Outro"},"services":["Assistência auto","Cafetaria","Calibragem de pneus","Lavagem","Multibanco","Venda de gás doméstico em garrafas","Venda de gasóleo agrícola","Venda de gasóleo para aquecimento","WC"],"hours":{"weekdays":"07:00-00:00","saturday":"07:00-00:00","sunday":"07:00-00:00","holiday":"07:00-00:00"},"paymentMethods":["Dinheiro"],"otherServices":null,"observations":null}},{"type":"Feature","geometry":{"type":"Point","coordinates":[-8.464051,41.41369]},"properties":{"id":"pt-93161","source":"PT","name":"PA CEPSA Portela - Requião","brand":"CEPSA","address":"AV. São Silvestre de Requião, Nº2561 – Famalicão","municipality":"Vila Nova de Famalicão","district":"Braga","postalCode":"4770-460","fuels":{"gasoline95":1.903,"gasoline98Plus":2.115,"diesel":1.999,"dieselPremium":2.059,"dieselAgri":1.554},"lastUpdated":"2026-08-15 00:00","extra":{"stationType":"Outro"},"services":["Cafetaria","Loja de Conveniência","Multibanco","WC"],"hours":{"weekdays":"07:00-22:30","saturday":"07:00-22:30","sunday":"07:00-22:30","holiday":"00:00-00:00"},"paymentMethods":["Dinheiro"],"otherServices":null,"observations":null}},{"type":"Feature","geometry":{"type":"Point","coordinates":[-7.994753,41.50852]},"properties":{"id":"pt-93177","source":"PT","name":"PETRO BASTO ENERGIA -  Cabeceira de Basto","brand":"PETRO BASTO","address":"Rua Monsenhor Dr. António Tanque - PINHEIRO","municipality":"Cabeceiras de Basto","district":"Braga","postalCode":"4860-401","fuels":{"gasoline95":1.957,"gasoline98":2.059,"diesel":2.053,"dieselPremium":2.093,"dieselHeating":1.97,"dieselAgri":1.619,"lpg":0.999},"lastUpdated":"2026-08-11 08:50","extra":{"stationType":"Outro"},"services":["Loja de Conveniência","Multibanco","Venda de carburante de qualidade superior","Venda de gás doméstico em garrafas","Venda de gasóleo agrícola","Venda de gasóleo para aquecimento","WC","WC com fraldário","WC para deficientes"],"hours":null,"paymentMethods":["Dinheiro","MbWay","Multibanco","Outros"],"otherServices":null,"observations":null}},{"type":"Feature","geometry":{"type":"Point","coordinates":[-8.528221,41.38718]},"properties":{"id":"pt-93227","source":"PT","name":"PRIO Famalicão","brand":"PRIO","address":"Rua Alfredo Correia nº 1440","municipality":"Vila Nova de Famalicão","district":"Braga","postalCode":"4760-188","fuels":{"gasoline95":1.924,"gasoline95Plus":1.859,"dieselPremium":1.964,"bioDiesel":1.934},"lastUpdated":"2026-08-15 00:30","extra":{"stationType":"Outro"},"services":["Cafetaria","Calibragem de pneus","Loja de Conveniência","Venda de carburante de qualidade superior","Venda de gás doméstico em garrafas","WC","WC com fraldário","WC para deficientes"],"hours":{"weekdays":"07:00-23:00","saturday":"07:00-23:00","sunday":"07:00-23:00","holiday":"07:00-23:00"},"paymentMethods":["Dinheiro","MbWay","Multibanco","Outros"],"otherServices":null,"observations":null}},{"type":"Feature","geometry":{"type":"Point","coordinates":[-8.432424,41.54071]},"properties":{"id":"pt-93232","source":"PT","name":"SHELL Braga - Maximinos E (Nascente)","brand":"SHELL","address":"EN 14 - Maximinos","municipality":"Braga","district":"Braga","postalCode":"4700-086","fuels":{"gasoline95":1.939,"gasoline98Plus":2.089,"diesel":2.039,"dieselPremium":2.119},"lastUpdated":"2026-08-15 00:30","extra":{"stationType":"Outro"},"services":["Cafetaria","Loja de Conveniência","Venda de gás doméstico em garrafas","WC","WC para deficientes"],"hours":{"weekdays":"07:00-23:00","saturday":"07:00-23:00","sunday":"07:00-23:00","holiday":"07:00-23:00"},"paymentMethods":["Dinheiro","MbWay","Multibanco","Outros"],"otherServices":null,"observations":null}},{"type":"Feature","geometry":{"type":"Point","coordinates":[-8.43282,41.54086]},"properties":{"id":"pt-93234","source":"PT","name":"SHELL Braga Maximinus Entrada","brand":"SHELL","address":"EN 14","municipality":"Braga","district":"Braga","postalCode":"4700-592","fuels":{"gasoline95":1.939,"gasoline98Plus":2.089,"diesel":2.039,"dieselPremium":2.119},"lastUpdated":"2026-08-15 00:30","extra":{"stationType":"Outro"},"services":[],"hours":{"weekdays":"07:00-22:00","saturday":"07:00-22:00","sunday":"07:00-22:00","holiday":"07:00-22:00"},"paymentMethods":["Dinheiro"],"otherServices":null,"observations":null}},{"type":"Feature","geometry":{"type":"Point","coordinates":[-8.307962,41.439056]},"properties":{"id":"pt-93238","source":"PT","name":"SHELL Creixomil  (Guimarães)","brand":"SHELL","address":"Rua de São Miguel, Localidade de São Miguel de Baixo","municipality":"Guimarães","district":"Braga","postalCode":"4835-106","fuels":{"gasoline95":1.924,"gasoline95Plus":2.004,"gasoline98Plus":2.074,"diesel":2.024,"dieselPremium":2.104},"lastUpdated":"2026-08-15 00:30","extra":{"stationType":"Outro"},"services":["Cafetaria","Calibragem de pneus","Loja de Conveniência","Venda de carburante de qualidade superior","Venda de gás doméstico em garrafas","WC"],"hours":{"weekdays":"07:00-23:00","saturday":"07:00-23:00","sunday":"07:00-23:00","holiday":"07:00-23:00"},"paymentMethods":["Dinheiro","MbWay","Multibanco","Outros"],"otherServices":null,"observations":null}},{"type":"Feature","geometry":{"type":"Point","coordinates":[-8.054557,41.36136]},"properties":{"id":"pt-93282","source":"PT","name":"Petrodoismil","brand":"Genérico","address":"Rua de Sta Maria nº 3419 - Lugar de Sequeiros","municipality":"Celorico de Basto","district":"Braga","postalCode":"4890-455","fuels":{"gasoline95":1.854,"gasoline98":1.909,"diesel":1.952,"dieselPremium":2.042,"dieselAgri":1.579},"lastUpdated":"2026-08-10 00:20","extra":{"stationType":"Outro"},"services":["Calibragem de pneus","Multibanco","Venda de gás doméstico em garrafas","Venda de gasóleo agrícola","WC"],"hours":{"weekdays":"06:00-22:00","saturday":"06:00-22:00","sunday":"06:00-22:00","holiday":"06:00-22:00"},"paymentMethods":["Dinheiro","MbWay","Multibanco"],"otherServices":null,"observations":null}},{"type":"Feature","geometry":{"type":"Point","coordinates":[-7.989193,41.50758]},"properties":{"id":"pt-93290","source":"PT","name":"INTERCABECEIRAS - SUPERMERCADOS, LDA","brand":"INTERMARCHÉ","address":"AVENIDA REI DOM MANUEL I","municipality":"Cabeceiras de Basto","district":"Braga","postalCode":"4860-370","fuels":{"gasoline95":1.929,"gasoline95Plus":1.959,"gasoline98":2.029,"diesel":1.929,"dieselPremium":1.969},"lastUpdated":"2026-08-13 11:00","extra":{"stationType":"Outro"},"services":["Calibragem de pneus","Multibanco","Venda de gás doméstico em garrafas"],"hours":{"weekdays":"Aberto 24 horas","saturday":"Aberto 24 horas","sunday":"Aberto 24 horas","holiday":"Aberto 24 horas"},"paymentMethods":["Dinheiro","Multibanco"],"otherServices":null,"observations":"Posto de A"}},{"type":"Feature","geometry":{"type":"Point","coordinates":[-8.44522,41.397]},"properties":{"id":"pt-93339","source":"PT","name":"TFGest Gestão e Comercio de Produtos Petrolíferos, Lda","brand":"GALP","address":"Rua Ruivães","municipality":"Vila Nova de Famalicão","district":"Braga","postalCode":"4760-000","fuels":{"gasoline95":1.959,"gasoline95Plus":2.009,"diesel":2.062,"dieselPremium":2.112,"dieselAgri":1.624},"lastUpdated":"2026-08-12 10:30","extra":{"stationType":"Outro"},"services":[],"hours":{"weekdays":"07:00-22:00","saturday":"07:00-22:00","sunday":"07:00-22:00","holiday":"07:00-22:00"},"paymentMethods":["Dinheiro"],"otherServices":null,"observations":"Loja\r\nCafe"}},{"type":"Feature","geometry":{"type":"Point","coordinates":[-8.419017,41.531124]},"properties":{"id":"pt-93362","source":"PT","name":"BP Nogueira Oeste (2)","brand":"BP","address":"Avenida Barros e Soares - EN 101, Km 93,225","municipality":"Braga","district":"Braga","postalCode":"4715-214","fuels":{"gasoline95":1.929,"gasoline98Plus":2.199,"diesel":2.034,"dieselPremium":2.234},"lastUpdated":"2026-08-11 10:05","extra":{"stationType":"Outro"},"services":["Calibragem de pneus"],"hours":{"weekdays":"07:00-23:00","saturday":"07:00-23:00","sunday":"07:00-23:00","holiday":"07:00-23:00"},"paymentMethods":["Dinheiro"],"otherServices":null,"observations":null}},{"type":"Feature","geometry":{"type":"Point","coordinates":[-8.418591,41.53102]},"properties":{"id":"pt-93363","source":"PT","name":"Repsol Nogueira Este (1)","brand":"REPSOL","address":"Rua Barros e Soares ","municipality":"Braga","district":"Braga","postalCode":"4715-000","fuels":{"gasoline95":1.93,"diesel":2.034,"dieselPremium":2.094},"lastUpdated":"2026-08-10 11:30","extra":{"stationType":"Outro"},"services":["Calibragem de pneus"],"hours":{"weekdays":"07:30-19:30","saturday":"07:30-19:30","sunday":"07:30-19:30","holiday":"07:30-19:30"},"paymentMethods":["Dinheiro"],"otherServices":null,"observations":null}},{"type":"Feature","geometry":{"type":"Point","coordinates":[-8.518858,41.416539]},"properties":{"id":"pt-93380","source":"PT","name":"E.LECLERC V. N. FAMALICÃO","brand":"LECLERC","address":"Rua de Talvai","municipality":"Vila Nova de Famalicão","district":"Braga","postalCode":"4764-503","fuels":{"gasoline95":1.817,"gasoline95Plus":1.859,"diesel":1.917,"dieselPremium":1.948},"lastUpdated":"2026-08-10 09:00","extra":{"stationType":"Outro"},"services":["Assistência auto","Calibragem de pneus","Lavagem","Multibanco"],"hours":{"weekdays":"Aberto 24 horas","saturday":"Aberto 24 horas","sunday":"Aberto 24 horas","holiday":"Aberto 24 horas"},"paymentMethods":["Dinheiro","Multibanco"],"otherServices":null,"observations":"Lavagem Se"}},{"type":"Feature","geometry":{"type":"Point","coordinates":[-8.36873,41.3682]},"properties":{"id":"pt-93385","source":"PT","name":"E.LECLERC LORDELO GMR","brand":"LECLERC","address":"Rua de Mide","municipality":"Guimarães","district":"Braga","postalCode":"4815-169","fuels":{"gasoline95":1.807,"gasoline98":1.891,"diesel":1.948,"dieselPremium":1.96},"lastUpdated":"2026-08-10 07:00","extra":{"stationType":"Outro"},"services":["Venda de gás doméstico em garrafas"],"hours":{"weekdays":"Aberto 24 horas","saturday":"Aberto 24 horas","sunday":"Aberto 24 horas","holiday":"Aberto 24 horas"},"paymentMethods":["Dinheiro"],"otherServices":null,"observations":"Serviço de"}},{"type":"Feature","geometry":{"type":"Point","coordinates":[-8.60856,41.5211]},"properties":{"id":"pt-93388","source":"PT","name":"E. LECLERC BARCELOS","brand":"LECLERC","address":"Rua Irmão Martinho Corral Alcalde, nº 175 Barcelinhos","municipality":"Barcelos","district":"Braga","postalCode":"4755-054","fuels":{"gasoline95":1.792,"diesel":1.892,"dieselPremium":1.922},"lastUpdated":"2026-08-10 16:15","extra":{"stationType":"Outro"},"services":["Multibanco","Venda de gás doméstico em garrafas"],"hours":{"weekdays":"07:30-21:00","saturday":"07:30-21:00","sunday":"07:30-21:00","holiday":"07:30-21:00"},"paymentMethods":["Dinheiro","Multibanco"],"otherServices":null,"observations":null}},{"type":"Feature","geometry":{"type":"Point","coordinates":[-8.189715,41.453073]},"properties":{"id":"pt-93390","source":"PT","name":"E.LECLERC FAFE","brand":"LECLERC","address":"Rua Cidade de Guimarães","municipality":"Fafe","district":"Braga","postalCode":"4820-178","fuels":{"gasoline95":1.849,"gasoline98":1.939,"diesel":1.949,"dieselPremium":1.969,"lpg":0.999},"lastUpdated":"2026-08-10 20:40","extra":{"stationType":"Área comercial (Hipermercados)"},"services":[],"hours":{"weekdays":"Aberto 24 horas","saturday":"Aberto 24 horas","sunday":"Aberto 24 horas","holiday":"Aberto 24 horas"},"paymentMethods":["Dinheiro","MbWay","Multibanco"],"otherServices":null,"observations":"Lavagem Ma"}},{"type":"Feature","geometry":{"type":"Point","coordinates":[-8.447248,41.534834]},"properties":{"id":"pt-93394","source":"PT","name":"E. LECLERC BRAGA","brand":"LECLERC","address":"Rua Frei José Vilaça, 297","municipality":"Braga","district":"Braga","postalCode":"4705-265","fuels":{"gasoline95":1.779,"gasoline95Plus":1.789,"diesel":1.879,"dieselPremium":1.899},"lastUpdated":"2026-08-10 06:00","extra":{"stationType":"Outro"},"services":["Assistência auto","Cafetaria","Calibragem de pneus","Lavagem","Multibanco","Restaurante","Venda de gás doméstico em garrafas","WC","WC com fraldário","WC para deficientes"],"hours":{"weekdays":"Aberto 24 horas","saturday":"Aberto 24 horas","sunday":"Aberto 24 horas","holiday":"Aberto 24 horas"},"paymentMethods":["Dinheiro"],"otherServices":null,"observations":"Lavagem au"}},{"type":"Feature","geometry":{"type":"Point","coordinates":[-8.090336,41.682404]},"properties":{"id":"pt-93399","source":"PT","name":"PAC VALCARCE Salamonde","brand":"Genérico","address":"RUA CENTRAL DE SALAMONDE, Nº 1896","municipality":"Vieira do Minho","district":"Braga","postalCode":"4850-369","fuels":{"gasoline95":1.948,"gasoline95Plus":1.976,"diesel":1.998,"dieselPremium":2.045,"dieselHeating":1.926,"dieselAgri":1.605},"lastUpdated":"2026-08-11 00:00","extra":{"stationType":"Outro"},"services":["Loja de Conveniência","Multibanco","Venda de carburante de qualidade superior","Venda de gás doméstico em garrafas","Venda de gasóleo agrícola","Venda de gasóleo para aquecimento","WC"],"hours":{"weekdays":"07:00-21:00","saturday":"07:00-21:00","sunday":"07:00-21:00","holiday":"07:00-21:00"},"paymentMethods":["Dinheiro","MbWay","Multibanco","Outros"],"otherServices":"Atendimento personalizado","observations":null}},{"type":"Feature","geometry":{"type":"Point","coordinates":[-8.50538,41.38069]},"properties":{"id":"pt-93450","source":"PT","name":"Posto Esmeriz","brand":"VIA","address":"Rua Senhora dos Aparecidos, 1081","municipality":"Vila Nova de Famalicão","district":"Braga","postalCode":"4760-480","fuels":{"gasoline95":1.87,"diesel":1.966,"dieselPremium":1.986},"lastUpdated":"2026-08-10 17:20","extra":{"stationType":"Outro"},"services":["Cafetaria","Loja de Conveniência","Venda de gás doméstico em garrafas","WC"],"hours":null,"paymentMethods":["Dinheiro","Multibanco"],"otherServices":null,"observations":null}},{"type":"Feature","geometry":{"type":"Point","coordinates":[-8.71975,41.45777]},"properties":{"id":"pt-93475","source":"PT","name":"OZ ENERGIA  - BARQUEIROS","brand":"OZ Energia","address":"Estrada Nacional 205 - km 9","municipality":"Barcelos","district":"Braga","postalCode":"4740-694","fuels":{"gasoline95":1.979,"gasoline95Plus":2.019,"diesel":2.019,"dieselPremium":2.149,"dieselAgri":1.564,"lpg":0.929},"lastUpdated":"2026-08-09 23:50","extra":{"stationType":"Outro"},"services":["WC"],"hours":null,"paymentMethods":["Dinheiro"],"otherServices":null,"observations":null}},{"type":"Feature","geometry":{"type":"Point","coordinates":[-8.430862,41.5543]},"properties":{"id":"pt-93488","source":"PT","name":"BRAGA - DUME","brand":"BP","address":"Rua de São Martinho, Posto BP","municipality":"Braga","district":"Braga","postalCode":"4700-442","fuels":{"gasoline95":1.919,"gasoline98Plus":2.199,"diesel":2.034,"dieselPremium":2.234},"lastUpdated":"2026-08-15 00:00","extra":{"stationType":"Outro"},"services":["Cafetaria","Lavagem","Loja de Conveniência","Multibanco","Venda de carburante de qualidade superior","Venda de gás doméstico em garrafas","WC","WC para deficientes"],"hours":{"weekdays":"Aberto 24 horas","saturday":"Aberto 24 horas","sunday":"Aberto 24 horas","holiday":"Aberto 24 horas"},"paymentMethods":["Dinheiro","MbWay","Multibanco"],"otherServices":null,"observations":null}},{"type":"Feature","geometry":{"type":"Point","coordinates":[-8.431526,41.658179]},"properties":{"id":"pt-93501","source":"PT","name":"INTERMARCHÉ DE VILA VERDE","brand":"INTERMARCHÉ","address":"EN 101","municipality":"Vila Verde","district":"Braga","postalCode":"4730-180","fuels":{"gasoline95":1.799,"gasoline95Plus":1.829,"diesel":1.899,"dieselPremium":1.929},"lastUpdated":"2026-08-11 14:15","extra":{"stationType":"Outro"},"services":["Cafetaria","Calibragem de pneus","Loja de Conveniência","Venda de gás doméstico em garrafas","WC"],"hours":{"weekdays":"Aberto 24 horas","saturday":"Aberto 24 horas","sunday":"Aberto 24 horas","holiday":"Aberto 24 horas"},"paymentMethods":["Dinheiro","MbWay","Multibanco","Outros"],"otherServices":null,"observations":null}},{"type":"Feature","geometry":{"type":"Point","coordinates":[-8.425741,41.541302]},"properties":{"id":"pt-93507","source":"PT","name":"CARBUIBERIA - Braga","brand":"G-ENERGY","address":"PONTE DOS PLAMES, LUGAR DO COUTEIRO","municipality":"Braga","district":"Braga","postalCode":"4700-000","fuels":{"gasoline95":1.797,"diesel":1.858,"dieselPremium":1.883},"lastUpdated":"2026-08-10 09:30","extra":{"stationType":"Outro"},"services":["Lavagem","Loja de Conveniência","Venda de gás doméstico em garrafas","WC"],"hours":{"weekdays":"07:00-23:00","saturday":"07:00-23:00","sunday":"07:00-23:00","holiday":"07:00-23:00"},"paymentMethods":["Dinheiro","Multibanco"],"otherServices":null,"observations":null}},{"type":"Feature","geometry":{"type":"Point","coordinates":[-8.55367,41.35363]},"properties":{"id":"pt-93514","source":"PT","name":"P32 - PRIO Ribeirão","brand":"PRIO","address":"Lugar da Corga, Ribeirão, Vila Nova de Famalicão","municipality":"Vila Nova de Famalicão","district":"Braga","postalCode":"4760-706","fuels":{"gasoline95":1.924,"gasoline95Plus":1.859,"dieselPremium":1.964,"bioDiesel":1.934},"lastUpdated":"2026-08-15 00:30","extra":{"stationType":"Outro"},"services":["Assistência auto","Loja de Conveniência","Venda de gás doméstico em garrafas","WC"],"hours":{"weekdays":"06:30-22:30","saturday":"06:30-22:30","sunday":"06:30-22:30","holiday":"06:30-22:30"},"paymentMethods":["Dinheiro","Multibanco","Outros"],"otherServices":null,"observations":null}},{"type":"Feature","geometry":{"type":"Point","coordinates":[-8.621448,41.5387]},"properties":{"id":"pt-93523","source":"PT","name":"GALP A.S. BARCELOS","brand":"GALP","address":" Lugar da Devesinha - Circular de Barcelos - Retail Park Barcelos ","municipality":"Barcelos","district":"Braga","postalCode":"4750-000","fuels":{"gasoline95":1.959,"gasoline95Plus":2.009,"gasoline98Plus":2.169,"diesel":2.062,"dieselPremium":2.112},"lastUpdated":"2026-08-14 18:30","extra":{"stationType":"Outro"},"services":["Calibragem de pneus","Loja de Conveniência","Multibanco","Venda de gás doméstico em garrafas","WC","WC para deficientes"],"hours":{"weekdays":"07:00-00:00","saturday":"07:00-00:00","sunday":"07:00-00:00","holiday":"07:00-00:00"},"paymentMethods":["Dinheiro","MbWay","Multibanco","Outros"],"otherServices":null,"observations":null}},{"type":"Feature","geometry":{"type":"Point","coordinates":[-8.555279,41.446487]},"properties":{"id":"pt-93567","source":"PT","name":"INTERMARCHÉ Interviatodos","brand":"INTERMARCHÉ","address":"Rua Santa Maria de Viatodos - Edifício Intermarché","municipality":"Barcelos","district":"Braga","postalCode":"4775-250","fuels":{"gasoline95":1.799,"gasoline95Plus":1.849,"gasoline98":1.919,"diesel":1.899,"dieselPremium":1.919},"lastUpdated":"2026-08-13 20:30","extra":{"stationType":"Outro"},"services":["Calibragem de pneus"],"hours":{"weekdays":"Aberto 24 horas","saturday":"Aberto 24 horas","sunday":"Aberto 24 horas","holiday":"Aberto 24 horas"},"paymentMethods":["Dinheiro"],"otherServices":null,"observations":null}},{"type":"Feature","geometry":{"type":"Point","coordinates":[-7.966994,41.486267]},"properties":{"id":"pt-93696","source":"PT","name":"AB Arco de Baulhe","brand":"ALVES BANDEIRA","address":"Rua Alambique","municipality":"Cabeceiras de Basto","district":"Braga","postalCode":"4860-064","fuels":{"gasoline95":1.989,"diesel":2.082,"dieselPremium":2.102,"dieselAgri":1.639},"lastUpdated":"2026-08-11 02:25","extra":{"stationType":"Outro"},"services":["Calibragem de pneus"],"hours":{"weekdays":"08:00-23:00","saturday":"08:00-23:00","sunday":"08:00-23:00","holiday":null},"paymentMethods":["Dinheiro"],"otherServices":null,"observations":null}},{"type":"Feature","geometry":{"type":"Point","coordinates":[-8.773096,41.531788]},"properties":{"id":"pt-93765","source":"PT","name":"Cooperativa Agrícola de Esposende CRL","brand":"Genérico","address":"Avenida Comendador Francisco Alves Quintas, 1478","municipality":"Esposende","district":"Braga","postalCode":"4740-289","fuels":{"gasoline95":1.899,"diesel":2.029,"dieselPremium":2.059,"dieselAgri":1.569},"lastUpdated":"2026-08-10 08:30","extra":{"stationType":"Outro"},"services":["Calibragem de pneus"],"hours":{"weekdays":"08:30-18:00","saturday":"08:30-12:30","sunday":"Fechado","holiday":"Fechado"},"paymentMethods":["Dinheiro"],"otherServices":null,"observations":null}},{"type":"Feature","geometry":{"type":"Point","coordinates":[-8.793569,41.588642]},"properties":{"id":"pt-93766","source":"PT","name":"Cooperativa Agricola Esposende CRL - Secção Horticola","brand":"Genérico","address":"Rua da Cooperativa","municipality":"Esposende","district":"Braga","postalCode":"4740-165","fuels":{"diesel":2.059,"dieselAgri":1.569},"lastUpdated":"2026-08-10 08:30","extra":{"stationType":"Outro"},"services":["Calibragem de pneus"],"hours":{"weekdays":"08:30-18:00","saturday":"Fechado","sunday":"Fechado","holiday":"Fechado"},"paymentMethods":["Dinheiro"],"otherServices":null,"observations":null}},{"type":"Feature","geometry":{"type":"Point","coordinates":[-8.454824,41.453075]},"properties":{"id":"pt-93809","source":"PT","name":"PA Telhado VNF (PETROTELHADO)","brand":"Genérico","address":"AVENIDA PRINCIPAL,467","municipality":"Vila Nova de Famalicão","district":"Braga","postalCode":"4770-709","fuels":{"gasoline95":1.879,"gasoline98":2.058,"diesel":1.939,"dieselAgri":1.569},"lastUpdated":"2026-08-11 08:30","extra":{"stationType":"Outro"},"services":["Calibragem de pneus"],"hours":{"weekdays":"07:00-21:00","saturday":"08:00-19:00","sunday":"08:00-13:00","holiday":null},"paymentMethods":["Dinheiro"],"otherServices":null,"observations":null}},{"type":"Feature","geometry":{"type":"Point","coordinates":[-8.487272,41.47191]},"properties":{"id":"pt-93838","source":"PT","name":"Combustiveis Carvalho, Lda","brand":"Genérico","address":"Av Conde Arnoso, 1902","municipality":"Vila Nova de Famalicão","district":"Braga","postalCode":"4770-526","fuels":{"gasoline95":1.869,"diesel":1.949,"lpg":0.879},"lastUpdated":"2026-08-11 11:35","extra":{"stationType":"Outro"},"services":["Loja de Conveniência","Multibanco","WC"],"hours":{"weekdays":"07:00-23:00","saturday":"07:00-23:00","sunday":"07:00-23:00","holiday":null},"paymentMethods":["Dinheiro"],"otherServices":null,"observations":null}},{"type":"Feature","geometry":{"type":"Point","coordinates":[-8.785084,41.599396]},"properties":{"id":"pt-94136","source":"PT","name":"PA GESTROIL Belinho","brand":"Genérico","address":"Avenida de Belinho, nº64 - E.N. 13 - KM 52","municipality":"Esposende","district":"Braga","postalCode":"4740-161","fuels":{"gasoline95":1.853,"gasoline98":1.914,"diesel":1.958,"dieselPremium":1.983,"dieselAgri":1.508,"lpg":0.908},"lastUpdated":"2026-08-10 09:45","extra":{"stationType":"Outro"},"services":["WC"],"hours":{"weekdays":"06:00-22:00","saturday":"06:00-22:00","sunday":"06:00-22:00","holiday":"06:00-22:00"},"paymentMethods":["Dinheiro"],"otherServices":null,"observations":null}},{"type":"Feature","geometry":{"type":"Point","coordinates":[-8.545514,41.45479]},"properties":{"id":"pt-94137","source":"PT","name":"Q8 Nine VNFamalicão","brand":"Q8","address":"Largo da Estação Nº 27.","municipality":"Vila Nova de Famalicão","district":"Braga","postalCode":"4775-446","fuels":{"gasoline95":1.854,"gasoline98":1.974,"diesel":1.919,"dieselPremium":1.944,"dieselAgri":1.509},"lastUpdated":"2026-08-10 10:00","extra":{"stationType":"Outro"},"services":["Calibragem de pneus"],"hours":{"weekdays":"07:00-23:00","saturday":"07:00-23:00","sunday":"07:00-23:00","holiday":"07:00-23:00"},"paymentMethods":["Dinheiro","Multibanco"],"otherServices":null,"observations":null}},{"type":"Feature","geometry":{"type":"Point","coordinates":[-8.374963,41.39386]},"properties":{"id":"pt-94191","source":"PT","name":"TFGEST - Guardizela","brand":"FREITAS","address":"Rua 25 de Abril","municipality":"Guimarães","district":"Braga","postalCode":"4765-487","fuels":{"gasoline95":1.909,"gasoline98Plus":2.09,"diesel":2.009,"dieselPremium":2.029,"dieselAgri":1.579},"lastUpdated":"2026-08-13 10:25","extra":{"stationType":"Outro"},"services":["Cafetaria","Venda de gás doméstico em garrafas","Venda de gasóleo agrícola","WC"],"hours":{"weekdays":"07:00-23:00","saturday":"07:00-23:00","sunday":"07:00-23:00","holiday":"07:00-23:00"},"paymentMethods":["Dinheiro","MbWay","Multibanco"],"otherServices":null,"observations":null}},{"type":"Feature","geometry":{"type":"Point","coordinates":[-8.451928,41.512196]},"properties":{"id":"pt-94339","source":"PT","name":"Galp- Celeirós","brand":"GALP","address":"Av. Covedelo N01","municipality":"Braga","district":"Braga","postalCode":"4705-401","fuels":{"gasoline95":1.939,"gasoline95Plus":1.989,"diesel":2.037,"dieselPremium":2.087,"dieselAgri":1.624},"lastUpdated":"2026-08-10 09:20","extra":{"stationType":"Outro"},"services":["Lavagem","Loja de Conveniência"],"hours":null,"paymentMethods":["Dinheiro","MbWay","Multibanco","Outros"],"otherServices":null,"observations":null}},{"type":"Feature","geometry":{"type":"Point","coordinates":[-8.658889,41.50222]},"properties":{"id":"pt-94346","source":"PT","name":"BP A11 Barcelos Norte (Barcelos/Esposende)","brand":"OZ Energia","address":"Sub-lanço A11 - Nó da EN 205 - Nó de Barcelos","municipality":"Barcelos","district":"Braga","postalCode":"4755-071","fuels":{"gasoline95":2.077,"gasoline95Plus":1.985,"diesel":2.164,"dieselPremium":2.064},"lastUpdated":"2026-08-11 17:25","extra":{"stationType":"Auto-estrada"},"services":["Calibragem de pneus"],"hours":{"weekdays":"Aberto 24 horas","saturday":"Aberto 24 horas","sunday":"Aberto 24 horas","holiday":"Aberto 24 horas"},"paymentMethods":["Dinheiro"],"otherServices":null,"observations":null}},{"type":"Feature","geometry":{"type":"Point","coordinates":[-8.659317,41.500847]},"properties":{"id":"pt-94347","source":"PT","name":"BP A11 Barcelos Sul (Esposende/Barcelos)","brand":"OZ Energia","address":"Área de Serviço Barcelos, Sub-lanço A11 - Nó da EN 205 - Nó de Barcelos","municipality":"Barcelos","district":"Braga","postalCode":"4755-230","fuels":{"gasoline95":2.077,"gasoline95Plus":1.985,"diesel":2.164,"dieselPremium":2.064},"lastUpdated":"2026-08-11 17:25","extra":{"stationType":"Auto-estrada"},"services":["Calibragem de pneus"],"hours":{"weekdays":"Aberto 24 horas","saturday":"Aberto 24 horas","sunday":"Aberto 24 horas","holiday":"Aberto 24 horas"},"paymentMethods":["Dinheiro"],"otherServices":null,"observations":null}},{"type":"Feature","geometry":{"type":"Point","coordinates":[-8.43019,41.42762]},"properties":{"id":"pt-94406","source":"PT","name":"PRIO Pousada de Saramagos","brand":"PRIO","address":"Av. Riopele 815","municipality":"Vila Nova de Famalicão","district":"Braga","postalCode":"4770-405","fuels":{"gasoline95":1.924,"gasoline95Plus":1.859,"gasoline98":2.024,"dieselPremium":1.954,"dieselHeating":1.91,"dieselAgri":1.599,"bioDiesel":1.924,"lpg":0.899},"lastUpdated":"2026-08-11 16:55","extra":{"stationType":"Outro"},"services":["Cafetaria","Lavagem","Loja de Conveniência","Restaurante","Venda de gás doméstico em garrafas","Venda de gasóleo agrícola","Venda de gasóleo para aquecimento","WC para deficientes"],"hours":{"weekdays":"Aberto 24 horas","saturday":"Aberto 24 horas","sunday":"Aberto 24 horas","holiday":"Aberto 24 horas"},"paymentMethods":["Dinheiro","MbWay","Multibanco"],"otherServices":null,"observations":null}},{"type":"Feature","geometry":{"type":"Point","coordinates":[-8.367333,41.45286]},"properties":{"id":"pt-94419","source":"PT","name":"TFGEST - Brito","brand":"FREITAS","address":"Rua São João Baptista, Nº 915","municipality":"Guimarães","district":"Braga","postalCode":"4805-030","fuels":{"gasoline95":1.889,"gasoline95Plus":1.919,"diesel":1.989,"dieselPremium":2.019,"dieselAgri":1.629},"lastUpdated":"2026-08-11 00:00","extra":{"stationType":"Outro"},"services":["Calibragem de pneus"],"hours":{"weekdays":"07:00-22:00","saturday":"07:00-22:00","sunday":"07:00-20:00","holiday":"07:00-20:00"},"paymentMethods":["Dinheiro"],"otherServices":null,"observations":null}},{"type":"Feature","geometry":{"type":"Point","coordinates":[-8.405636,41.40331]},"properties":{"id":"pt-94455","source":"PT","name":"PA Famalicão - Santa Maria Oliveira","brand":"Genérico","address":"Av. 25 de Abril, 1020","municipality":"Vila Nova de Famalicão","district":"Braga","postalCode":"4765-801","fuels":{"gasoline95":1.84,"gasoline98":1.98,"diesel":1.92,"dieselPremium":1.94,"dieselAgri":1.493},"lastUpdated":"2026-08-10 14:50","extra":{"stationType":"Outro"},"services":["Cafetaria","Loja de Conveniência","Multibanco","Venda de gás doméstico em garrafas","WC"],"hours":{"weekdays":"07:00-22:00","saturday":"07:00-10:00","sunday":"07:00-10:00","holiday":"07:00-22:00"},"paymentMethods":["Dinheiro","Multibanco"],"otherServices":"Lubrificantes e AdBlue","observations":null}},{"type":"Feature","geometry":{"type":"Point","coordinates":[-8.436118,41.644604]},"properties":{"id":"pt-94472","source":"PT","name":"REPSOL Vila Verde","brand":"REPSOL","address":"Av. António Sérgio, S/N","municipality":"Vila Verde","district":"Braga","postalCode":"4730-709","fuels":{"gasoline95":1.929,"gasoline95Plus":1.989,"gasoline98":2.119,"diesel":2.034,"dieselPremium":2.094,"lpg":0.974},"lastUpdated":"2026-08-10 11:35","extra":{"stationType":"Outro"},"services":["Calibragem de pneus"],"hours":{"weekdays":"06:30-22:30","saturday":"06:30-22:30","sunday":"06:30-22:30","holiday":"06:30-22:30"},"paymentMethods":["Dinheiro"],"otherServices":null,"observations":null}},{"type":"Feature","geometry":{"type":"Point","coordinates":[-8.523811,41.57254]},"properties":{"id":"pt-94483","source":"PT","name":"BP Barcelos - Ucha (Carbuiberia)","brand":"BP","address":"EN 205, km 33,300 - Lugar de Crasto  - Ucha de São Romão","municipality":"Barcelos","district":"Braga","postalCode":"4750-767","fuels":{"gasoline95":1.781,"gasoline98":1.914,"diesel":1.875,"dieselPremium":1.9,"dieselAgri":1.468,"lpg":0.905},"lastUpdated":"2026-08-10 09:35","extra":{"stationType":"Outro"},"services":["WC"],"hours":{"weekdays":"07:00-22:00","saturday":"07:00-22:00","sunday":"07:00-22:00","holiday":"07:00-22:00"},"paymentMethods":["Dinheiro"],"otherServices":null,"observations":null}},{"type":"Feature","geometry":{"type":"Point","coordinates":[-7.993081,41.39661]},"properties":{"id":"pt-94517","source":"PT","name":"BP Celorico de Basto","brand":"BP","address":"E.N. 210 - Km 1.100","municipality":"Celorico de Basto","district":"Braga","postalCode":"4890-264","fuels":{"gasoline95":1.999,"gasoline98Plus":2.199,"diesel":2.109,"dieselPremium":2.229,"dieselAgri":1.639},"lastUpdated":"2026-08-10 09:40","extra":{"stationType":"Outro"},"services":["Cafetaria","WC"],"hours":{"weekdays":"06:30-23:00","saturday":"06:30-00:00","sunday":"06:30-23:00","holiday":"06:30-23:00"},"paymentMethods":["Dinheiro","MbWay","Multibanco","Outros"],"otherServices":null,"observations":null}},{"type":"Feature","geometry":{"type":"Point","coordinates":[-8.421331,41.56599]},"properties":{"id":"pt-94617","source":"PT","name":"GALP Dume - Petro Celeirós","brand":"GALP","address":"EN 101 - Km 88,530 - Lugar de Cabanas - Dume","municipality":"Braga","district":"Braga","postalCode":"4700-048","fuels":{"gasoline95":1.939,"gasoline95Plus":1.989,"diesel":2.037,"dieselPremium":2.087},"lastUpdated":"2026-08-10 09:20","extra":{"stationType":"Outro"},"services":["Loja de Conveniência"],"hours":null,"paymentMethods":["Dinheiro","MbWay","Multibanco","Outros"],"otherServices":null,"observations":null}},{"type":"Feature","geometry":{"type":"Point","coordinates":[-8.550841,41.356785]},"properties":{"id":"pt-94663","source":"PT","name":"PETROPRIX Famalicão 1 - Ribeirão","brand":"PETROPRIX ","address":"EN 14 AO KM 21,535 LD","municipality":"Vila Nova de Famalicão","district":"Braga","postalCode":"4760-706","fuels":{"gasoline95":1.789,"diesel":1.879},"lastUpdated":"2026-08-10 14:10","extra":{"stationType":"Outro"},"services":["Multibanco"],"hours":{"weekdays":"Aberto 24 horas","saturday":"Aberto 24 horas","sunday":"Aberto 24 horas","holiday":"Aberto 24 horas"},"paymentMethods":["Dinheiro","Multibanco"],"otherServices":null,"observations":null}},{"type":"Feature","geometry":{"type":"Point","coordinates":[-8.53853,41.38188]},"properties":{"id":"pt-94763","source":"PT","name":"REPSOL Famalicao Sul","brand":"REPSOL","address":"Av D Afonso Henriques EN 14 km 24500 LE","municipality":"Vila Nova de Famalicão","district":"Braga","postalCode":"4760-281","fuels":{"gasoline95":1.919,"gasoline95Plus":1.989,"diesel":2.084,"dieselPremium":2.154,"lpg":0.974},"lastUpdated":"2026-08-14 22:05","extra":{"stationType":"Outro"},"services":["Cafetaria","Multibanco","WC","WC para deficientes"],"hours":{"weekdays":"07:00-23:00","saturday":"07:00-23:00","sunday":"07:00-22:00","holiday":"07:00-23:00"},"paymentMethods":["Dinheiro","Multibanco"],"otherServices":null,"observations":null}},{"type":"Feature","geometry":{"type":"Point","coordinates":[-8.637946,41.622704]},"properties":{"id":"pt-94765","source":"PT","name":"REPSOL  Aborim (Barcelos)","brand":"REPSOL","address":"RUA NOSSA SENHORA DA LAPA 1529","municipality":"Barcelos","district":"Braga","postalCode":"4750-026","fuels":{"gasoline95":1.959,"gasoline98Plus":2.159,"diesel":2.064,"dieselPremium":2.134,"dieselAgri":1.684},"lastUpdated":"2026-08-10 00:00","extra":{"stationType":"Outro"},"services":["Venda de gasóleo agrícola","WC"],"hours":{"weekdays":"07:00-21:00","saturday":"07:00-21:00","sunday":"07:00-21:00","holiday":"07:00-21:00"},"paymentMethods":["Dinheiro","Multibanco"],"otherServices":null,"observations":null}},{"type":"Feature","geometry":{"type":"Point","coordinates":[-8.36358,41.45786]},"properties":{"id":"pt-94872","source":"PT","name":"PETROBRITO 1","brand":"Genérico","address":"Rua São João Batista, nº1700","municipality":"Guimarães","district":"Braga","postalCode":"4805-036","fuels":{"gasoline95":1.899,"gasoline98":2.099,"diesel":1.969,"dieselPremium":1.999,"dieselHeating":1.88},"lastUpdated":"2026-08-14 17:45","extra":{"stationType":"Outro"},"services":["Cafetaria","Loja de Conveniência","Multibanco","Venda de gás doméstico em garrafas","Venda de gasóleo para aquecimento","WC","WC para deficientes"],"hours":{"weekdays":"07:00-20:30","saturday":"07:00-20:30","sunday":"07:00-20:30","holiday":"07:00-20:30"},"paymentMethods":["Dinheiro","MbWay","Multibanco","Outros"],"otherServices":"Bomba de A","observations":null}},{"type":"Feature","geometry":{"type":"Point","coordinates":[-8.449879,41.51878]},"properties":{"id":"pt-94922","source":"PT","name":"PLENERGY - BRAGA I ","brand":"PLENERGY","address":"Travessa da União","municipality":"Braga","district":"Braga","postalCode":"4705-462","fuels":{"gasoline95":1.779,"gasoline95Plus":1.789,"diesel":1.879,"dieselPremium":1.889},"lastUpdated":"2026-08-12 14:00","extra":{"stationType":"Outro"},"services":["Calibragem de pneus"],"hours":{"weekdays":"Aberto 24 horas","saturday":"Aberto 24 horas","sunday":"Aberto 24 horas","holiday":"Aberto 24 horas"},"paymentMethods":["Dinheiro","Multibanco"],"otherServices":null,"observations":null}},{"type":"Feature","geometry":{"type":"Point","coordinates":[-8.61426,41.53778]},"properties":{"id":"pt-94927","source":"PT","name":"Posto Abastecimento REPSOL-BARCELOS","brand":"REPSOL","address":"Av. João Duarte - Arcozelo","municipality":"Barcelos","district":"Braga","postalCode":"4750-175","fuels":{"gasoline95":1.939,"gasoline95Plus":1.999,"gasoline98Plus":2.159,"diesel":2.044,"dieselPremium":2.104},"lastUpdated":"2026-08-10 09:20","extra":{"stationType":"Outro"},"services":["Loja de Conveniência","Multibanco","WC"],"hours":null,"paymentMethods":["Dinheiro"],"otherServices":null,"observations":null}},{"type":"Feature","geometry":{"type":"Point","coordinates":[-8.516664,41.420563]},"properties":{"id":"pt-94929","source":"PT","name":"Posto Abastecimento REPSOL-FAMALICÃO","brand":"REPSOL","address":"Av. Engº. Pinheiro Braga, 1392","municipality":"Vila Nova de Famalicão","district":"Braga","postalCode":"4760-089","fuels":{"gasoline95":1.939,"gasoline95Plus":1.999,"gasoline98Plus":2.149,"diesel":2.044,"dieselPremium":2.104},"lastUpdated":"2026-08-10 09:20","extra":{"stationType":"Outro"},"services":["Loja de Conveniência","Multibanco","WC"],"hours":null,"paymentMethods":["Dinheiro"],"otherServices":null,"observations":null}},{"type":"Feature","geometry":{"type":"Point","coordinates":[-8.63303,41.5199]},"properties":{"id":"pt-94930","source":"PT","name":"Posto Abastecimento REPSOL-BARCELINHOS","brand":"REPSOL","address":"Lugar de Mereces-Barcelinhos","municipality":"Barcelos","district":"Braga","postalCode":"4755-064","fuels":{"gasoline95":1.979,"gasoline95Plus":2.049,"gasoline98Plus":2.179,"diesel":2.084,"dieselPremium":2.154},"lastUpdated":"2026-08-15 00:00","extra":{"stationType":"Outro"},"services":["Multibanco","WC"],"hours":null,"paymentMethods":["Dinheiro"],"otherServices":null,"observations":null}},{"type":"Feature","geometry":{"type":"Point","coordinates":[-8.261781,41.389393]},"properties":{"id":"pt-95193","source":"PT","name":"FTGEST - S. Paio Vizela","brand":"FREITAS","address":"Rua 26 de Junho","municipality":"Vizela","district":"Braga","postalCode":"4815-587","fuels":{"gasoline95":1.909,"gasoline95Plus":1.929,"gasoline98Plus":2.089,"diesel":2.009,"dieselPremium":2.029,"dieselAgri":1.579},"lastUpdated":"2026-08-14 12:45","extra":{"stationType":"Outro"},"services":["Cafetaria","Venda de gás doméstico em garrafas","Venda de gasóleo agrícola","WC"],"hours":{"weekdays":"07:00-23:00","saturday":"07:00-23:00","sunday":"07:00-23:00","holiday":"07:00-23:00"},"paymentMethods":["Dinheiro","MbWay","Multibanco"],"otherServices":null,"observations":null}},{"type":"Feature","geometry":{"type":"Point","coordinates":[-8.43579,41.53681]},"properties":{"id":"pt-95233","source":"PT","name":"Posto Ferreiros- ESO305","brand":"REPSOL","address":"Rua Cidade do Porto","municipality":"Braga","district":"Braga","postalCode":"4705-084","fuels":{"gasoline95":1.929,"gasoline95Plus":1.989,"gasoline98Plus":2.119,"diesel":2.034,"dieselPremium":2.094,"dieselAgri":1.634},"lastUpdated":"2026-08-10 00:00","extra":{"stationType":"Outro"},"services":["Calibragem de pneus"],"hours":null,"paymentMethods":["Dinheiro"],"otherServices":null,"observations":null}},{"type":"Feature","geometry":{"type":"Point","coordinates":[-8.31094,41.41484]},"properties":{"id":"pt-95234","source":"PT","name":"REPSOL - POLVOREIRA A - ES0372","brand":"REPSOL","address":"E.N. 105,  km 42 +230 LE - Lugar da Valinha","municipality":"Guimarães","district":"Braga","postalCode":"4835-164","fuels":{"gasoline95":1.919,"gasoline95Plus":1.969,"gasoline98Plus":2.099,"diesel":2.024,"dieselPremium":2.084},"lastUpdated":"2026-08-10 00:00","extra":{"stationType":"Outro"},"services":["Cafetaria","Loja de Conveniência"],"hours":null,"paymentMethods":["Dinheiro"],"otherServices":null,"observations":null}},{"type":"Feature","geometry":{"type":"Point","coordinates":[-8.31154,41.41484]},"properties":{"id":"pt-95235","source":"PT","name":"REPSOL - POLVOREIRA B - ES0373","brand":"REPSOL","address":"E.N. 105,  km 42 +200 LD - Sentido Norte/Sul  - Lugar das Pocinhas","municipality":"Guimarães","district":"Braga","postalCode":"4835-164","fuels":{"gasoline95":2.099,"gasoline95Plus":1.969,"gasoline98Plus":1.919,"diesel":2.024,"dieselPremium":2.084,"dieselAgri":1.604},"lastUpdated":"2026-08-10 00:00","extra":{"stationType":"Outro"},"services":["Cafetaria","Loja de Conveniência"],"hours":null,"paymentMethods":["Dinheiro"],"otherServices":null,"observations":null}},{"type":"Feature","geometry":{"type":"Point","coordinates":[-8.405958,41.55135]},"properties":{"id":"pt-95236","source":"PT","name":"REPSOL - BRAGA - PISCINAS II","brand":"REPSOL","address":"Av. Frei Bartolomeu dos Mártires (Circular)","municipality":"Braga","district":"Braga","postalCode":"4715-213","fuels":{"gasoline95":1.939,"gasoline95Plus":1.999,"gasoline98Plus":2.129,"diesel":2.044,"dieselPremium":2.104,"lpg":0.944},"lastUpdated":"2026-08-10 00:00","extra":{"stationType":"Outro"},"services":["Calibragem de pneus"],"hours":null,"paymentMethods":["Dinheiro"],"otherServices":null,"observations":null}},{"type":"Feature","geometry":{"type":"Point","coordinates":[-8.406349,41.55073]},"properties":{"id":"pt-95237","source":"PT","name":"REPSOL - BRAGA - PISCINAS I","brand":"REPSOL","address":"Av. Frei Bartolomeu dos Mártires (Circular)","municipality":"Braga","district":"Braga","postalCode":"4715-213","fuels":{"gasoline95":1.939,"gasoline95Plus":1.999,"gasoline98Plus":2.129,"diesel":2.044,"dieselPremium":2.104},"lastUpdated":"2026-08-10 00:00","extra":{"stationType":"Outro"},"services":["Calibragem de pneus"],"hours":null,"paymentMethods":["Dinheiro"],"otherServices":null,"observations":null}},{"type":"Feature","geometry":{"type":"Point","coordinates":[-8.416811,41.54802]},"properties":{"id":"pt-95254","source":"PT","name":"PA BP João XXI","brand":"BP","address":"Avenida João XXI","municipality":"Braga","district":"Braga","postalCode":"4715-035","fuels":{"gasoline95":1.919,"gasoline98Plus":2.199,"diesel":2.034,"dieselPremium":2.234},"lastUpdated":"2026-08-15 00:00","extra":{"stationType":"Outro"},"services":["Calibragem de pneus"],"hours":{"weekdays":"07:00-22:00","saturday":"07:00-22:00","sunday":"07:00-22:00","holiday":"07:00-22:00"},"paymentMethods":["Dinheiro"],"otherServices":null,"observations":null}},{"type":"Feature","geometry":{"type":"Point","coordinates":[-8.43549,41.49914]},"properties":{"id":"pt-95264","source":"PT","name":"FLUA Lamas","brand":"FLUA","address":"AVENIDA DA ESTRADA Nº13/15 ","municipality":"Braga","district":"Braga","postalCode":"4705-480","fuels":{"gasoline95":1.789,"gasoline98":1.959,"diesel":1.899,"dieselPremium":1.929,"dieselAgri":1.559},"lastUpdated":"2026-08-10 08:00","extra":{"stationType":"Outro"},"services":["Calibragem de pneus"],"hours":{"weekdays":"07:00-23:00","saturday":"07:00-23:00","sunday":"07:00-23:00","holiday":"07:00-23:00"},"paymentMethods":["Dinheiro","Multibanco"],"otherServices":null,"observations":null}},{"type":"Feature","geometry":{"type":"Point","coordinates":[-8.288071,41.446697]},"properties":{"id":"pt-95270","source":"PT","name":"Cepsa Castelo","brand":"MOEVE","address":"Rua Constança de Noronha","municipality":"Guimarães","district":"Braga","postalCode":"4810-245","fuels":{"gasoline95":1.863,"gasoline95Plus":1.913,"diesel":1.969,"dieselPremium":2.019},"lastUpdated":"2026-08-10 10:00","extra":{"stationType":"Outro"},"services":["Calibragem de pneus"],"hours":{"weekdays":"07:00-23:00","saturday":"07:00-23:00","sunday":"07:00-23:00","holiday":"07:00-23:00"},"paymentMethods":["Dinheiro"],"otherServices":null,"observations":null}}]}