{"type":"FeatureCollection","features":[{"type":"Feature","geometry":{"type":"Point","coordinates":[-8.487462,40.513419]},"properties":{"id":"pt-64985","source":"PT","name":"Intermarche - oliveira do Bairro","brand":"INTERMARCHÉ","address":"Rua da Murta - Zona Industrial","municipality":"Oliveira do Bairro","district":"Aveiro","postalCode":"3770-222","fuels":{"gasoline95":1.909,"gasoline98":2.099,"diesel":1.979,"dieselPremium":2.029},"lastUpdated":"2026-08-04 07:30","extra":{"stationType":"Outro"},"services":["Multibanco","Venda de carburante de qualidade superior","Venda de gás doméstico em garrafas"],"hours":{"weekdays":"Aberto 24 horas","saturday":"Aberto 24 horas","sunday":"Aberto 24 horas","holiday":"Aberto 24 horas"},"paymentMethods":["Dinheiro","Multibanco"],"otherServices":null,"observations":null}},{"type":"Feature","geometry":{"type":"Point","coordinates":[-8.46488,40.61212]},"properties":{"id":"pt-64999","source":"PT","name":"Mendes & Loureiro - Comb. e Lubs., Lda (2)","brand":"GALP","address":"EN 1 Km 237,1","municipality":"Águeda","district":"Aveiro","postalCode":"3744-909","fuels":{"gasoline95":2.049,"diesel":2.144,"dieselPremium":2.194},"lastUpdated":"2026-08-03 17:35","extra":{"stationType":"Outro"},"services":[],"hours":{"weekdays":"06:00-22:00","saturday":"06:00-22:00","sunday":"06:00-22:00","holiday":"06:00-22:00"},"paymentMethods":["Dinheiro"],"otherServices":null,"observations":null}},{"type":"Feature","geometry":{"type":"Point","coordinates":[-8.46523,40.61217]},"properties":{"id":"pt-65000","source":"PT","name":"Mendes & Loureiro - Comb. e Lubs., Lda (1)","brand":"GALP","address":"EN 1 Km 237,1","municipality":"Águeda","district":"Aveiro","postalCode":"3744-909","fuels":{"gasoline95":2.049,"gasoline95Plus":2.099,"gasoline98Plus":2.259,"diesel":2.144,"dieselPremium":2.194,"dieselAgri":1.724},"lastUpdated":"2026-08-03 17:35","extra":{"stationType":"Outro"},"services":[],"hours":{"weekdays":"06:00-22:00","saturday":"06:00-22:00","sunday":"06:00-22:00","holiday":"06:00-22:00"},"paymentMethods":["Dinheiro"],"otherServices":null,"observations":null}},{"type":"Feature","geometry":{"type":"Point","coordinates":[-8.615373,40.648373]},"properties":{"id":"pt-65021","source":"PT","name":"Galp Aveiro","brand":"GALP","address":"Quinta do Simão SulEstrada da Taboeira","municipality":"Aveiro","district":"Aveiro","postalCode":"3800-901","fuels":{"gasoline95":2.009,"diesel":2.104,"dieselPremium":2.154},"lastUpdated":"2026-08-03 00:00","extra":{"stationType":"Outro"},"services":["Venda de gás doméstico em garrafas","WC","WC para deficientes"],"hours":{"weekdays":"Aberto 24 horas","saturday":"Aberto 24 horas","sunday":"Aberto 24 horas","holiday":"Aberto 24 horas"},"paymentMethods":["Dinheiro","MbWay","Multibanco"],"otherServices":null,"observations":null}},{"type":"Feature","geometry":{"type":"Point","coordinates":[-8.45153,40.44767]},"properties":{"id":"pt-65122","source":"PT","name":"Mendes & Loureiro, Lda","brand":"GALP","address":"EN 1 Km 217","municipality":"Anadia","district":"Aveiro","postalCode":"3780-294","fuels":{"gasoline95":2.159,"gasoline95Plus":2.119,"gasoline98Plus":2.269,"diesel":2.154,"dieselPremium":2.214},"lastUpdated":"2026-08-03 17:40","extra":{"stationType":"Outro"},"services":["Venda de carburante de qualidade superior","Venda de gás doméstico em garrafas"],"hours":{"weekdays":"06:00-00:00","saturday":"06:00-00:00","sunday":"06:00-00:00","holiday":"06:00-00:00"},"paymentMethods":["Dinheiro"],"otherServices":null,"observations":null}},{"type":"Feature","geometry":{"type":"Point","coordinates":[-8.46909,40.48576]},"properties":{"id":"pt-65123","source":"PT","name":"BXPRESS SANGALHOS","brand":"BXPRESS","address":"EN 235 Km 23,9","municipality":"Anadia","district":"Aveiro","postalCode":"3780-124","fuels":{"gasoline95":1.909,"diesel":1.969},"lastUpdated":"2026-08-03 11:20","extra":{"stationType":"Outro"},"services":["Calibragem de pneus"],"hours":{"weekdays":"Aberto 24 horas","saturday":"Aberto 24 horas","sunday":"Aberto 24 horas","holiday":"Aberto 24 horas"},"paymentMethods":["Multibanco"],"otherServices":null,"observations":null}},{"type":"Feature","geometry":{"type":"Point","coordinates":[-8.57509,40.4212]},"properties":{"id":"pt-65124","source":"PT","name":"Faustino & Faustino- Poutena","brand":"Genérico","address":"EN 334 Km 21,5","municipality":"Anadia","district":"Aveiro","postalCode":"3780-594","fuels":{"gasoline95":2.024,"gasoline98":2.214,"diesel":2.066,"dieselPremium":2.099,"dieselAgri":1.634},"lastUpdated":"2026-08-08 13:40","extra":{"stationType":"Outro"},"services":[],"hours":{"weekdays":"07:00-22:00","saturday":"07:00-22:00","sunday":"07:00-22:00","holiday":"07:00-22:00"},"paymentMethods":["Dinheiro"],"otherServices":null,"observations":null}},{"type":"Feature","geometry":{"type":"Point","coordinates":[-8.612758,40.661472]},"properties":{"id":"pt-65148","source":"PT","name":"BXPRESS ESGUEIRA","brand":"BXPRESS","address":"EN 16 KM 3","municipality":"Aveiro","district":"Aveiro","postalCode":"3800-101","fuels":{"gasoline95":1.899,"diesel":1.989,"dieselPremium":2.019},"lastUpdated":"2026-08-03 11:20","extra":{"stationType":"Outro"},"services":["Calibragem de pneus"],"hours":{"weekdays":"Aberto 24 horas","saturday":"Aberto 24 horas","sunday":"Aberto 24 horas","holiday":"Aberto 24 horas"},"paymentMethods":["Multibanco"],"otherServices":null,"observations":null}},{"type":"Feature","geometry":{"type":"Point","coordinates":[-8.591281,40.65997]},"properties":{"id":"pt-65152","source":"PT","name":"GALP A25  Aveiro - Estádio (AVEIRO/VISEU)","brand":"GALP","address":"Auto Estrada A25 / Itinerário Principal IP5, ao km 15.200, Sublanço Nó do Estádio","municipality":"Aveiro","district":"Aveiro","postalCode":"3800-911","fuels":{"gasoline95":2.049,"gasoline95Plus":2.109,"gasoline98Plus":2.259,"diesel":2.144,"dieselPremium":2.204,"lpg":0.969},"lastUpdated":"2026-08-09 04:20","extra":{"stationType":"Auto-estrada"},"services":["Cafetaria","Descanso de pesados","Loja de Conveniência","Multibanco","Restaurante","Venda de carburante de qualidade superior","WC","WC com fraldário","WC para deficientes"],"hours":{"weekdays":"Aberto 24 horas","saturday":"Aberto 24 horas","sunday":"Aberto 24 horas","holiday":"Aberto 24 horas"},"paymentMethods":["Dinheiro","MbWay","Multibanco"],"otherServices":null,"observations":null}},{"type":"Feature","geometry":{"type":"Point","coordinates":[-8.592444,40.662167]},"properties":{"id":"pt-65153","source":"PT","name":"GALP A25 A.S. Aveiro - Estádio (V/AV)","brand":"GALP","address":"Auto Estrada A25 / Itinerário Principal IP5, ao km 15.200, Sublanço Nó do Estádio","municipality":"Aveiro","district":"Aveiro","postalCode":"3800-911","fuels":{"gasoline95":2.049,"gasoline95Plus":2.109,"gasoline98Plus":2.259,"diesel":2.144,"dieselPremium":2.204,"lpg":0.969},"lastUpdated":"2026-08-09 04:20","extra":{"stationType":"Auto-estrada"},"services":["Calibragem de pneus"],"hours":{"weekdays":"Aberto 24 horas","saturday":"Aberto 24 horas","sunday":"Aberto 24 horas","holiday":"Aberto 24 horas"},"paymentMethods":["Dinheiro","MbWay","Multibanco"],"otherServices":null,"observations":null}},{"type":"Feature","geometry":{"type":"Point","coordinates":[-8.638294,41.001938]},"properties":{"id":"pt-65260","source":"PT","name":"Torres e Vaz, Lda.","brand":"GALP","address":"Av. 24, nº 1314","municipality":"Espinho","district":"Aveiro","postalCode":"4500-000","fuels":{"gasoline95":2.049,"gasoline95Plus":2.109,"gasoline98Plus":2.259,"diesel":2.144,"dieselPremium":2.204},"lastUpdated":"2026-08-03 12:00","extra":{"stationType":"Outro"},"services":["Cafetaria","Loja de Conveniência","Multibanco","Venda de carburante de qualidade superior","Venda de gás doméstico em garrafas","WC"],"hours":{"weekdays":"06:30-23:30","saturday":"06:30-23:30","sunday":"06:30-23:30","holiday":"06:30-23:30"},"paymentMethods":["Dinheiro"],"otherServices":null,"observations":null}},{"type":"Feature","geometry":{"type":"Point","coordinates":[-8.56912,40.75123]},"properties":{"id":"pt-65265","source":"PT","name":"Gachumbo -Combustiveis, Lda","brand":"GALP","address":"Av. 25 de Abril","municipality":"Estarreja","district":"Aveiro","postalCode":"3860-000","fuels":{"gasoline95":2.049,"gasoline95Plus":2.099,"diesel":2.144,"dieselPremium":2.194,"dieselAgri":1.724},"lastUpdated":"2026-08-07 11:10","extra":{"stationType":"Outro"},"services":[],"hours":{"weekdays":"07:00-00:00","saturday":"07:00-00:00","sunday":"07:00-00:00","holiday":"07:00-00:00"},"paymentMethods":["Dinheiro"],"otherServices":null,"observations":null}},{"type":"Feature","geometry":{"type":"Point","coordinates":[-8.691465,40.634082]},"properties":{"id":"pt-65330","source":"PT","name":"PRIO Gafanha da Nazaré - Av Bacalhoeiros","brand":"PRIO","address":"Av. dos Bacalhoeiros","municipality":"Ílhavo","district":"Aveiro","postalCode":"3800-000","fuels":{"gasoline95":1.944,"dieselPremium":2.064,"bioDiesel":2.034,"lpg":0.899},"lastUpdated":"2026-08-09 01:15","extra":{"stationType":"Outro"},"services":["Cafetaria","Calibragem de pneus","Loja de Conveniência","Multibanco","Venda de carburante de qualidade superior","Venda de gás doméstico em garrafas","WC"],"hours":{"weekdays":"07:00-23:00","saturday":"07:00-23:00","sunday":"07:00-23:00","holiday":"07:00-23:00"},"paymentMethods":["Dinheiro","MbWay","Multibanco","Outros"],"otherServices":null,"observations":null}},{"type":"Feature","geometry":{"type":"Point","coordinates":[-8.449137,40.307697]},"properties":{"id":"pt-65432","source":"PT","name":"PETROGIR  SANTA LUZIA N/S","brand":"GALP","address":"EN 1 Km 201,1","municipality":"Mealhada","district":"Aveiro","postalCode":"3050-106","fuels":{"gasoline95":2.009,"gasoline95Plus":2.059,"diesel":2.104,"dieselPremium":2.154,"dieselAgri":1.724},"lastUpdated":"2026-08-06 20:30","extra":{"stationType":"Outro"},"services":[],"hours":{"weekdays":"07:00-23:00","saturday":"07:00-23:00","sunday":"05:00-02:00","holiday":"05:00-02:00"},"paymentMethods":["Dinheiro"],"otherServices":null,"observations":null}},{"type":"Feature","geometry":{"type":"Point","coordinates":[-8.475742,40.891973]},"properties":{"id":"pt-65494","source":"PT","name":"AS São João Madeira II","brand":"GALP","address":"Av. da Liberdade, Lado nascente","municipality":"Oliveira de Azeméis","district":"Aveiro","postalCode":"3700-000","fuels":{"gasoline95":2.029,"gasoline95Plus":2.079,"gasoline98Plus":2.239,"diesel":2.119,"dieselPremium":2.169},"lastUpdated":"2026-08-09 03:50","extra":{"stationType":"Outro"},"services":["Cafetaria","Loja de Conveniência","Multibanco","WC"],"hours":{"weekdays":"07:00-23:00","saturday":"07:00-23:00","sunday":"07:00-23:00","holiday":"07:00-23:00"},"paymentMethods":["Dinheiro","MbWay","Multibanco","Outros"],"otherServices":null,"observations":null}},{"type":"Feature","geometry":{"type":"Point","coordinates":[-8.48064,40.79559]},"properties":{"id":"pt-65498","source":"PT","name":"Torres & Vaz, Lda(2)","brand":"GALP","address":"EN 1 Km 259","municipality":"Oliveira de Azeméis","district":"Aveiro","postalCode":"3720-000","fuels":{"gasoline95":2.024,"gasoline95Plus":2.074,"diesel":2.114,"dieselPremium":2.164},"lastUpdated":"2026-08-03 00:05","extra":{"stationType":"Outro"},"services":[],"hours":{"weekdays":"06:00-21:00","saturday":"06:00-21:00","sunday":"06:00-21:00","holiday":"06:00-21:00"},"paymentMethods":["Dinheiro"],"otherServices":null,"observations":null}},{"type":"Feature","geometry":{"type":"Point","coordinates":[-8.544376,40.551279]},"properties":{"id":"pt-65504","source":"PT","name":"COMBUSTIVEIS BAIRRADA LDA(1)","brand":"GALP","address":"EN 235 (E-O) Km 13,4 - S/N","municipality":"Oliveira do Bairro","district":"Aveiro","postalCode":"3770-059","fuels":{"gasoline95":2.049,"gasoline95Plus":2.099,"gasoline98Plus":2.259,"diesel":2.144,"dieselPremium":2.194},"lastUpdated":"2026-08-03 00:05","extra":{"stationType":"Outro"},"services":[],"hours":{"weekdays":"07:00-21:00","saturday":"07:00-21:00","sunday":"07:00-21:00","holiday":"07:00-21:00"},"paymentMethods":["Dinheiro"],"otherServices":null,"observations":null}},{"type":"Feature","geometry":{"type":"Point","coordinates":[-8.544742,40.55081]},"properties":{"id":"pt-65505","source":"PT","name":"COMBUSTIVEIS BAIRRADA LDA(2)","brand":"GALP","address":"EN 235 (O-E) Km 13,400","municipality":"Oliveira do Bairro","district":"Aveiro","postalCode":"3770-059","fuels":{"gasoline95":2.049,"gasoline95Plus":2.099,"diesel":2.144,"dieselPremium":2.194,"lpg":0.954},"lastUpdated":"2026-08-03 00:05","extra":{"stationType":"Outro"},"services":[],"hours":{"weekdays":"07:00-21:00","saturday":"07:00-21:00","sunday":"07:00-21:00","holiday":"07:00-21:00"},"paymentMethods":["Dinheiro"],"otherServices":null,"observations":null}},{"type":"Feature","geometry":{"type":"Point","coordinates":[-8.619325,40.865385]},"properties":{"id":"pt-65517","source":"PT","name":"Caravela Lusa - Combustiveis, Ldª","brand":"GALP","address":"Av. Dr. Francisco Sá Carneiro","municipality":"Ovar","district":"Aveiro","postalCode":"3880-000","fuels":{"gasoline95":2.053,"gasoline95Plus":2.103,"diesel":2.149,"dieselPremium":2.199},"lastUpdated":"2026-08-03 00:05","extra":{"stationType":"Outro"},"services":[],"hours":{"weekdays":"Aberto 24 horas","saturday":"Aberto 24 horas","sunday":"Aberto 24 horas","holiday":"Aberto 24 horas"},"paymentMethods":["Dinheiro"],"otherServices":null,"observations":null}},{"type":"Feature","geometry":{"type":"Point","coordinates":[-8.58451,40.83553]},"properties":{"id":"pt-65518","source":"PT","name":"Caravela Lusa - Comb. Lda","brand":"GALP","address":"EN 109, Km 38,3 - N/S","municipality":"Ovar","district":"Aveiro","postalCode":"3880-000","fuels":{"gasoline95":2.014,"gasoline95Plus":2.064,"diesel":2.104,"dieselPremium":2.154,"dieselAgri":1.674},"lastUpdated":"2026-08-03 00:05","extra":{"stationType":"Outro"},"services":[],"hours":{"weekdays":"06:00-00:00","saturday":"06:00-00:00","sunday":"06:00-00:00","holiday":"06:00-00:00"},"paymentMethods":["Dinheiro"],"otherServices":null,"observations":null}},{"type":"Feature","geometry":{"type":"Point","coordinates":[-8.584265,40.835594]},"properties":{"id":"pt-65519","source":"PT","name":"Caravela Lusa, Lda(1)","brand":"GALP","address":"EN 109 Km 38,3","municipality":"Ovar","district":"Aveiro","postalCode":"3880-000","fuels":{"gasoline95":2.014,"diesel":2.104},"lastUpdated":"2026-08-03 00:05","extra":{"stationType":"Outro"},"services":[],"hours":{"weekdays":"06:00-00:00","saturday":"06:00-00:00","sunday":"06:00-00:00","holiday":"06:00-00:00"},"paymentMethods":["Dinheiro"],"otherServices":null,"observations":null}},{"type":"Feature","geometry":{"type":"Point","coordinates":[-8.52227,40.98788]},"properties":{"id":"pt-65595","source":"PT","name":"ERNESTO F COELHO SUCESSORES LDA","brand":"GALP","address":"Largo Ernesto Francisco Coelho","municipality":"Santa Maria da Feira","district":"Aveiro","postalCode":"4535-000","fuels":{"gasoline95":2.009,"gasoline95Plus":2.059,"gasoline98Plus":2.219,"diesel":2.104,"dieselPremium":2.154},"lastUpdated":"2026-08-07 10:30","extra":{"stationType":"Outro"},"services":["Venda de carburante de qualidade superior","Venda de gás doméstico em garrafas","WC","WC para deficientes"],"hours":{"weekdays":"07:00-23:00","saturday":"07:00-23:00","sunday":"07:00-23:00","holiday":"07:00-23:00"},"paymentMethods":["Dinheiro"],"otherServices":null,"observations":null}},{"type":"Feature","geometry":{"type":"Point","coordinates":[-8.482514,40.893751]},"properties":{"id":"pt-65612","source":"PT","name":"GALP São João Madeira I","brand":"GALP","address":"Av. da Liberdade - Travessas","municipality":"São João da Madeira","district":"Aveiro","postalCode":"3700-000","fuels":{"gasoline95":2.029,"gasoline95Plus":2.079,"diesel":2.119,"dieselPremium":2.169},"lastUpdated":"2026-08-09 04:40","extra":{"stationType":"Outro"},"services":["Cafetaria","Venda de gás doméstico em garrafas","Venda de gasóleo para aquecimento","WC"],"hours":{"weekdays":"07:00-23:00","saturday":"07:00-23:00","sunday":"07:00-23:00","holiday":"07:00-23:00"},"paymentMethods":["Dinheiro","MbWay","Multibanco","Outros"],"otherServices":null,"observations":null}},{"type":"Feature","geometry":{"type":"Point","coordinates":[-8.35728,40.70874]},"properties":{"id":"pt-65640","source":"PT","name":"NELSON LOUREIRO LDA","brand":"GALP","address":"EN 16 Km 34,425","municipality":"Sever do Vouga","district":"Aveiro","postalCode":"3740-000","fuels":{"gasoline95":2.049,"gasoline95Plus":2.109,"diesel":2.144,"dieselPremium":2.204,"dieselAgri":1.724},"lastUpdated":"2026-08-03 17:35","extra":{"stationType":"Outro"},"services":[],"hours":{"weekdays":"07:00-21:00","saturday":"07:00-21:00","sunday":"07:00-21:00","holiday":"07:00-21:00"},"paymentMethods":["Dinheiro"],"otherServices":null,"observations":null}},{"type":"Feature","geometry":{"type":"Point","coordinates":[-8.36717,40.73135]},"properties":{"id":"pt-65641","source":"PT","name":"Lotiarm - Comércio de Veículos, S.A.","brand":"GALP","address":"EN 328 Km 18,85","municipality":"Sever do Vouga","district":"Aveiro","postalCode":"3740-000","fuels":{"gasoline95":2.049,"gasoline95Plus":2.109,"gasoline98Plus":2.259,"diesel":2.144,"dieselPremium":2.204},"lastUpdated":"2026-08-07 08:30","extra":{"stationType":"Outro"},"services":[],"hours":{"weekdays":"07:00-22:00","saturday":"07:00-22:00","sunday":"07:00-22:00","holiday":"07:00-22:00"},"paymentMethods":["Dinheiro"],"otherServices":null,"observations":null}},{"type":"Feature","geometry":{"type":"Point","coordinates":[-8.37521,40.73672]},"properties":{"id":"pt-65642","source":"PT","name":"Mendes & Loureiro - Comb. e Lubs., Lda","brand":"GALP","address":"EN 328 Km 17,3","municipality":"Sever do Vouga","district":"Aveiro","postalCode":"3740-000","fuels":{"gasoline95":2.049,"gasoline95Plus":2.109,"diesel":2.144,"dieselPremium":2.204,"dieselAgri":1.724},"lastUpdated":"2026-08-03 17:35","extra":{"stationType":"Outro"},"services":[],"hours":{"weekdays":"07:00-23:00","saturday":"07:00-23:00","sunday":"07:00-23:00","holiday":"07:00-23:00"},"paymentMethods":["Dinheiro"],"otherServices":null,"observations":null}},{"type":"Feature","geometry":{"type":"Point","coordinates":[-8.450924,40.39489]},"properties":{"id":"pt-65804","source":"PT","name":"Lita & Azenhas - Combistiveis, Ldª","brand":"GALP","address":"EN 1- Km 221,25","municipality":"Mealhada","district":"Aveiro","postalCode":"3050-362","fuels":{"gasoline95":2.077,"gasoline95Plus":2.127,"diesel":2.165,"dieselPremium":2.215,"dieselAgri":1.724},"lastUpdated":"2026-08-03 00:05","extra":{"stationType":"Outro"},"services":[],"hours":{"weekdays":"06:00-23:00","saturday":"06:00-23:00","sunday":"06:00-23:00","holiday":"06:00-23:00"},"paymentMethods":["Dinheiro"],"otherServices":null,"observations":null}},{"type":"Feature","geometry":{"type":"Point","coordinates":[-8.640731,40.631542]},"properties":{"id":"pt-65842","source":"PT","name":"AVEIRO (ESTE)","brand":"BP","address":"EN 109 Km 57,8","municipality":"Aveiro","district":"Aveiro","postalCode":"3810-000","fuels":{"gasoline95":2.029,"gasoline98Plus":2.299,"diesel":2.129,"dieselPremium":2.319,"dieselAgri":1.744},"lastUpdated":"2026-08-03 00:00","extra":{"stationType":"Outro"},"services":["Loja de Conveniência","Multibanco","Venda de carburante de qualidade superior","Venda de gás doméstico em garrafas","Venda de gasóleo agrícola","WC"],"hours":{"weekdays":"Aberto 24 horas","saturday":"Aberto 24 horas","sunday":"Aberto 24 horas","holiday":"Aberto 24 horas"},"paymentMethods":["Dinheiro"],"otherServices":null,"observations":null}},{"type":"Feature","geometry":{"type":"Point","coordinates":[-8.64133,40.63187]},"properties":{"id":"pt-65843","source":"PT","name":"AVEIRO (OESTE)","brand":"BP","address":"EN 109 Km 57,8","municipality":"Aveiro","district":"Aveiro","postalCode":"3810-000","fuels":{"gasoline95":2.029,"gasoline98Plus":2.299,"diesel":2.129,"dieselPremium":2.319,"lpg":0.969},"lastUpdated":"2026-08-03 00:00","extra":{"stationType":"Outro"},"services":["Loja de Conveniência","Venda de carburante de qualidade superior","Venda de gás doméstico em garrafas","WC"],"hours":{"weekdays":"07:00-23:59","saturday":"07:00-23:59","sunday":"07:00-23:59","holiday":"07:00-23:59"},"paymentMethods":["Dinheiro"],"otherServices":null,"observations":null}},{"type":"Feature","geometry":{"type":"Point","coordinates":[-8.58838,40.50067]},"properties":{"id":"pt-65863","source":"PT","name":"BP Bustos (Oliveira do Bairro)","brand":"BP","address":"Rua do Sobreiro","municipality":"Oliveira do Bairro","district":"Aveiro","postalCode":"3770-018","fuels":{"gasoline95":2.059,"gasoline98Plus":2.299,"diesel":2.159,"dieselPremium":2.319,"dieselAgri":1.744},"lastUpdated":"2026-08-03 00:00","extra":{"stationType":"Outro"},"services":["Multibanco","WC"],"hours":null,"paymentMethods":["Dinheiro"],"otherServices":null,"observations":null}},{"type":"Feature","geometry":{"type":"Point","coordinates":[-8.626369,40.956112]},"properties":{"id":"pt-65898","source":"PT","name":"PA BP Esmoriz","brand":"BP","address":"AV 29 DE MARÇO Nº667","municipality":"Ovar","district":"Aveiro","postalCode":"3885-517","fuels":{"gasoline95":2.069,"gasoline98Plus":2.299,"diesel":2.159,"dieselPremium":2.319},"lastUpdated":"2026-08-03 09:45","extra":{"stationType":"Outro"},"services":["Multibanco","WC"],"hours":{"weekdays":"07:00-23:00","saturday":"07:00-23:00","sunday":"07:00-22:00","holiday":"00:00-00:00"},"paymentMethods":["Dinheiro"],"otherServices":null,"observations":null}},{"type":"Feature","geometry":{"type":"Point","coordinates":[-8.453481,40.454716]},"properties":{"id":"pt-65964","source":"PT","name":"BP  Malaposta (Este)","brand":"BP","address":"IC 2 , n. 193 MALAPOSTA  3780-294 ANADIA","municipality":"Anadia","district":"Aveiro","postalCode":"3780-294","fuels":{"gasoline95":2.049,"gasoline98Plus":2.299,"diesel":2.149,"dieselPremium":2.319,"dieselAgri":1.744},"lastUpdated":"2026-08-08 12:45","extra":{"stationType":"Outro"},"services":["Loja de Conveniência","Multibanco","Venda de gás doméstico em garrafas","WC","WC para deficientes"],"hours":{"weekdays":"06:00-00:00","saturday":"06:00-00:00","sunday":"06:00-00:00","holiday":"06:00-00:00"},"paymentMethods":["Dinheiro"],"otherServices":null,"observations":null}},{"type":"Feature","geometry":{"type":"Point","coordinates":[-8.454113,40.45508]},"properties":{"id":"pt-65965","source":"PT","name":"BP Malaposta (Oeste)","brand":"BP","address":"IC2 n. 193  Malaposta 2780-294 ANADIA","municipality":"Anadia","district":"Aveiro","postalCode":"3780-294","fuels":{"gasoline95":2.049,"gasoline98Plus":2.299,"diesel":2.149,"dieselPremium":2.319},"lastUpdated":"2026-08-08 12:45","extra":{"stationType":"Outro"},"services":["Loja de Conveniência","WC"],"hours":{"weekdays":"08:00-20:00","saturday":"08:00-20:00","sunday":"10:00-20:00","holiday":"10:00-20:00"},"paymentMethods":["Dinheiro","MbWay","Multibanco"],"otherServices":null,"observations":null}},{"type":"Feature","geometry":{"type":"Point","coordinates":[-8.461331,40.368841]},"properties":{"id":"pt-65972","source":"PT","name":"BP MEALHADA - COMBA","brand":"BP","address":"EN 234, Km 28,35","municipality":"Mealhada","district":"Aveiro","postalCode":"3050-166","fuels":{"gasoline95":2.049,"gasoline98Plus":2.299,"diesel":2.149,"dieselPremium":2.319,"dieselAgri":1.744},"lastUpdated":"2026-08-08 00:00","extra":{"stationType":"Outro"},"services":["Loja de Conveniência","Venda de gás doméstico em garrafas","Venda de gasóleo agrícola","WC"],"hours":{"weekdays":"07:00-23:00","saturday":"07:00-23:00","sunday":"07:00-23:00","holiday":"07:00-23:00"},"paymentMethods":["Dinheiro","MbWay","Multibanco"],"otherServices":null,"observations":null}},{"type":"Feature","geometry":{"type":"Point","coordinates":[-8.477401,40.83543]},"properties":{"id":"pt-65988","source":"PT","name":"OLIVEIRA AZEMÉIS - A. PARQUE","brand":"BP","address":"Rua António José de Almeida","municipality":"Oliveira de Azeméis","district":"Aveiro","postalCode":"3720-239","fuels":{"gasoline95":2.059,"gasoline98Plus":2.299,"diesel":2.159,"dieselPremium":2.319},"lastUpdated":"2026-08-03 00:00","extra":{"stationType":"Outro"},"services":[],"hours":{"weekdays":"06:00-23:59","saturday":"06:00-01:00","sunday":"07:00-23:59","holiday":"07:00-23:59"},"paymentMethods":["Dinheiro"],"otherServices":null,"observations":null}},{"type":"Feature","geometry":{"type":"Point","coordinates":[-8.619103,40.867912]},"properties":{"id":"pt-65990","source":"PT","name":"BP Ovar","brand":"BP","address":"Avenida DR. Francisco Sá Carneiro","municipality":"Ovar","district":"Aveiro","postalCode":"3880-112","fuels":{"gasoline95":2.099,"gasoline98Plus":2.299,"diesel":2.199,"dieselPremium":2.319},"lastUpdated":"2026-08-03 08:15","extra":{"stationType":"Outro"},"services":["Loja de Conveniência","Multibanco","WC"],"hours":{"weekdays":"07:00-23:59","saturday":"07:00-23:59","sunday":"07:00-23:59","holiday":"07:00-23:59"},"paymentMethods":["Dinheiro"],"otherServices":null,"observations":null}},{"type":"Feature","geometry":{"type":"Point","coordinates":[-8.581494,40.974328]},"properties":{"id":"pt-65993","source":"PT","name":"BP de Paços de Brandão","brand":"BP","address":"Av. Monte de Cima nº 255","municipality":"Santa Maria da Feira","district":"Aveiro","postalCode":"4535-268","fuels":{"gasoline95":2.069,"gasoline98Plus":2.299,"diesel":2.169,"dieselPremium":2.319},"lastUpdated":"2026-08-03 10:00","extra":{"stationType":"Outro"},"services":["Lavagem","Venda de gás doméstico em garrafas","AUTOvoucher"],"hours":{"weekdays":"07:30-21:00","saturday":"07:30-21:00","sunday":"08:00-13:00","holiday":"08:00-13:00"},"paymentMethods":["Dinheiro","Multibanco"],"otherServices":null,"observations":null}},{"type":"Feature","geometry":{"type":"Point","coordinates":[-8.489913,40.893464]},"properties":{"id":"pt-66035","source":"PT","name":"S. JOÃO DA MADEIRA","brand":"BP","address":"Rua do Visconde nº 1841","municipality":"São João da Madeira","district":"Aveiro","postalCode":"3700-265","fuels":{"gasoline95":2.029,"gasoline98Plus":2.299,"diesel":2.129,"dieselPremium":2.319},"lastUpdated":"2026-08-08 01:00","extra":{"stationType":"Outro"},"services":["Lavagem","Loja de Conveniência","Venda de carburante de qualidade superior","Venda de gás doméstico em garrafas","WC","WC para deficientes"],"hours":{"weekdays":"07:00-23:00","saturday":"07:00-23:00","sunday":"07:00-23:00","holiday":"07:00-23:00"},"paymentMethods":["Dinheiro","MbWay","Multibanco","Outros"],"otherServices":null,"observations":null}},{"type":"Feature","geometry":{"type":"Point","coordinates":[-8.542289,40.92895]},"properties":{"id":"pt-66037","source":"PT","name":"BP S. MARIA DA FEIRA","brand":"BP","address":"Avenida 25 de Abril","municipality":"Santa Maria da Feira","district":"Aveiro","postalCode":"4520-161","fuels":{"gasoline95":2.099,"gasoline98Plus":2.299,"diesel":2.199,"dieselPremium":2.319},"lastUpdated":"2026-08-08 00:00","extra":{"stationType":"Outro"},"services":["Calibragem de pneus"],"hours":null,"paymentMethods":["Dinheiro"],"otherServices":null,"observations":null}},{"type":"Feature","geometry":{"type":"Point","coordinates":[-8.396744,40.84927]},"properties":{"id":"pt-66064","source":"PT","name":"BP Vale de Cambra","brand":"BP","address":"Av.Infante D.Henrique, Nº6","municipality":"Vale de Cambra","district":"Aveiro","postalCode":"3730-241","fuels":{"gasoline95":2.069,"gasoline98Plus":2.299,"diesel":2.169,"dieselPremium":2.319,"dieselAgri":1.744},"lastUpdated":"2026-08-03 06:30","extra":{"stationType":"Outro"},"services":["Assistência auto","Lavagem","Venda de carburante de qualidade superior","Venda de gás doméstico em garrafas"],"hours":{"weekdays":"06:00-00:00","saturday":"06:00-00:00","sunday":"06:00-00:00","holiday":"06:00-00:00"},"paymentMethods":["Dinheiro"],"otherServices":null,"observations":"Inverno (1 de outubro a 31 de maio):\nDomingo a 5ºfeira: 06h00 - 22h00\nSexta e sábado:06h00 - 00h00\nHorário de Verão (1 de junho a 30 de setembro):\nTodos os dias das 06h00 às 00h00.\nLubrificações\nMecânica Geral e Especializada RENAULT\nChaparia e Pintura\nPeças RENAULT\nLubrificantes BP-ELF e outras marcas\n"}},{"type":"Feature","geometry":{"type":"Point","coordinates":[-8.603556,40.904545]},"properties":{"id":"pt-66088","source":"PT","name":"BP - A29 Ovar (Este) 3020","brand":"BP","address":"Lanço IC1 Angreja (IP5)/Maceda - Sublanço Ovar/Maceda - KM 13.400/13.800","municipality":"Ovar","district":"Aveiro","postalCode":"3885-100","fuels":{"gasoline95":2.059,"gasoline98Plus":2.259,"diesel":2.149,"dieselPremium":2.269},"lastUpdated":"2026-08-09 00:00","extra":{"stationType":"Auto-estrada"},"services":["Calibragem de pneus"],"hours":null,"paymentMethods":["Dinheiro"],"otherServices":null,"observations":null}},{"type":"Feature","geometry":{"type":"Point","coordinates":[-8.605461,40.90531]},"properties":{"id":"pt-66089","source":"PT","name":"BP - A29 Ovar (Oeste) 3010","brand":"BP","address":"Lanço IC1 Angreja (IP5)/Sublanço Ovar/Maceda - KM 13.400/13.800","municipality":"Ovar","district":"Aveiro","postalCode":"3885-100","fuels":{"gasoline95":2.059,"gasoline98Plus":2.259,"diesel":2.149,"dieselPremium":2.269},"lastUpdated":"2026-08-09 00:00","extra":{"stationType":"Auto-estrada"},"services":["Calibragem de pneus"],"hours":null,"paymentMethods":["Dinheiro"],"otherServices":null,"observations":null}},{"type":"Feature","geometry":{"type":"Point","coordinates":[-8.498242,40.594254]},"properties":{"id":"pt-66108","source":"PT","name":"PA MOEVE ÁGUEDA","brand":"MOEVE","address":"Rua João Batista","municipality":"Águeda","district":"Aveiro","postalCode":"3750-755","fuels":{"gasoline95":2.003,"gasoline95Plus":2.053,"diesel":2.099,"dieselPremium":2.149,"dieselHeating":2.04,"dieselAgri":1.714},"lastUpdated":"2026-08-03 00:00","extra":{"stationType":"Outro"},"services":["Lavagem","Loja de Conveniência","Venda de gás doméstico em garrafas","Venda de gasóleo agrícola","Venda de gasóleo para aquecimento","WC"],"hours":null,"paymentMethods":["Dinheiro","MbWay","Multibanco"],"otherServices":null,"observations":null}},{"type":"Feature","geometry":{"type":"Point","coordinates":[-8.514765,40.887832]},"properties":{"id":"pt-66198","source":"PT","name":"CUCUJÃES","brand":"CEPSA","address":"Lugar de Fermil","municipality":"Oliveira de Azeméis","district":"Aveiro","postalCode":"3720-659","fuels":{"gasoline95":1.973,"gasoline98Plus":2.185,"diesel":2.069,"dieselPremium":2.119},"lastUpdated":"2026-08-03 00:00","extra":{"stationType":"Outro"},"services":[],"hours":{"weekdays":"07:00-22:00","saturday":"07:00-22:00","sunday":"07:00-22:00","holiday":"07:00-22:00"},"paymentMethods":["Dinheiro"],"otherServices":null,"observations":null}},{"type":"Feature","geometry":{"type":"Point","coordinates":[-8.542831,40.936756]},"properties":{"id":"pt-66223","source":"PT","name":"CEPSA Santa Maria da Feira","brand":"CEPSA","address":"Avª. 5 de Outubro, 69","municipality":"Santa Maria da Feira","district":"Aveiro","postalCode":"4520-162","fuels":{"gasoline95":2.043,"diesel":2.119,"dieselPremium":2.169},"lastUpdated":"2026-08-03 00:00","extra":{"stationType":"Outro"},"services":["Calibragem de pneus"],"hours":null,"paymentMethods":["Dinheiro"],"otherServices":null,"observations":null}},{"type":"Feature","geometry":{"type":"Point","coordinates":[-8.537931,40.988884]},"properties":{"id":"pt-66224","source":"PT","name":"MOEVE - LOUROSA (Antiga Cepsa)","brand":"MOEVE","address":"Avenida Principal - E.N.1 Nº1900 453","municipality":"Santa Maria da Feira","district":"Aveiro","postalCode":"4535-013","fuels":{"gasoline95":2.003,"gasoline98Plus":2.215,"diesel":2.099,"dieselPremium":2.149},"lastUpdated":"2026-08-03 00:00","extra":{"stationType":"Outro"},"services":["Cafetaria","Calibragem de pneus","Lavagem","Loja de Conveniência","Multibanco","Venda de carburante de qualidade superior","Venda de gás doméstico em garrafas","WC","WC para deficientes"],"hours":{"weekdays":"07:00-22:59","saturday":"07:00-22:59","sunday":"07:00-22:59","holiday":"07:00-22:59"},"paymentMethods":["Dinheiro","Multibanco","Outros"],"otherServices":null,"observations":null}},{"type":"Feature","geometry":{"type":"Point","coordinates":[-8.535826,40.98179]},"properties":{"id":"pt-66225","source":"PT","name":"TFGEST - Lourosa","brand":"FREITAS","address":"Avenida Principal, Nº 3291","municipality":"Santa Maria da Feira","district":"Aveiro","postalCode":"4535-014","fuels":{"gasoline95":1.989,"gasoline98Plus":2.159,"diesel":2.059,"dieselPremium":2.089},"lastUpdated":"2026-08-03 23:00","extra":{"stationType":"Outro"},"services":["Loja de Conveniência"],"hours":null,"paymentMethods":["Dinheiro"],"otherServices":null,"observations":null}},{"type":"Feature","geometry":{"type":"Point","coordinates":[-8.622512,40.945473]},"properties":{"id":"pt-66307","source":"PT","name":"CEPSA Cortegaça - Ovar","brand":"CEPSA","address":"Rua 13 de Maio, 1142-1146","municipality":"Ovar","district":"Aveiro","postalCode":"3885-229","fuels":{"gasoline95":2.003,"gasoline98Plus":2.215,"diesel":2.099,"dieselPremium":2.149},"lastUpdated":"2026-08-08 00:00","extra":{"stationType":"Outro"},"services":["Calibragem de pneus"],"hours":null,"paymentMethods":["Dinheiro"],"otherServices":null,"observations":null}},{"type":"Feature","geometry":{"type":"Point","coordinates":[-8.754131,40.559708]},"properties":{"id":"pt-66319","source":"PT","name":"Nova - Vagueira (Gafanha da Boa Hora)","brand":"NOVA","address":"Rua Ponte da Vagueira ","municipality":"Vagos","district":"Aveiro","postalCode":"3840-239","fuels":{"gasoline95":2.029,"gasoline98":2.169,"diesel":1.999,"dieselPremium":2.019,"dieselAgri":1.659},"lastUpdated":"2026-08-03 19:15","extra":{"stationType":"Outro"},"services":["Loja de Conveniência","Multibanco","WC"],"hours":null,"paymentMethods":["Dinheiro"],"otherServices":null,"observations":null}},{"type":"Feature","geometry":{"type":"Point","coordinates":[-8.458392,40.98014]},"properties":{"id":"pt-66333","source":"PT","name":"CEPSA LOUREDO - SANTA MARIA DA FEIRA","brand":"CEPSA","address":"ESTRADA NACIONAL 326, KM 16,600","municipality":"Santa Maria da Feira","district":"Aveiro","postalCode":"4525-353","fuels":{"gasoline95":2.043,"gasoline98":2.248,"gasolineMix":2.099,"diesel":2.124,"dieselPremium":2.174,"dieselAgri":1.673},"lastUpdated":"2026-08-03 00:00","extra":{"stationType":"Outro"},"services":["Loja de Conveniência"],"hours":null,"paymentMethods":["Dinheiro"],"otherServices":null,"observations":null}},{"type":"Feature","geometry":{"type":"Point","coordinates":[-8.455806,40.940461]},"properties":{"id":"pt-66361","source":"PT","name":"ROMARIZ-FEIRA","brand":"CEPSA","address":"Rua daVariante nº 181","municipality":"Santa Maria da Feira","district":"Aveiro","postalCode":"3700-904","fuels":{"gasoline95":2.043,"gasoline98Plus":2.255,"diesel":2.119,"dieselPremium":2.169,"dieselAgri":1.714},"lastUpdated":"2026-08-03 00:00","extra":{"stationType":"Outro"},"services":[],"hours":{"weekdays":"07:00-22:00","saturday":"07:00-22:00","sunday":"07:00-22:00","holiday":"07:00-22:00"},"paymentMethods":["Dinheiro"],"otherServices":null,"observations":null}},{"type":"Feature","geometry":{"type":"Point","coordinates":[-8.399028,40.830406]},"properties":{"id":"pt-66395","source":"PT","name":"CEPSA VALE DE CAMBRA","brand":"CEPSA","address":"Rua Dom Tomáz Gomes de Almeida","municipality":"Vale de Cambra","district":"Aveiro","postalCode":"3730-069","fuels":{"gasoline95":2.073,"gasoline98Plus":2.285,"gasolineMix":2.75,"diesel":2.169,"dieselPremium":2.219,"dieselAgri":1.714},"lastUpdated":"2026-08-04 14:50","extra":{"stationType":"Outro"},"services":["Cafetaria","Loja de Conveniência","Venda de gás doméstico em garrafas","Venda de gasóleo agrícola","WC"],"hours":{"weekdays":"07:00-22:00","saturday":"07:00-22:00","sunday":"07:30-22:00","holiday":"00:00-00:00"},"paymentMethods":["Dinheiro","MbWay","Multibanco"],"otherServices":null,"observations":null}},{"type":"Feature","geometry":{"type":"Point","coordinates":[-8.465531,40.595331]},"properties":{"id":"pt-66441","source":"PT","name":"E.S. ÁGUEDA","brand":"REPSOL","address":"Lugar da Barrosinha","municipality":"Águeda","district":"Aveiro","postalCode":"3754-901","fuels":{"gasoline95":2.029,"gasoline95Plus":2.089,"diesel":2.119,"dieselPremium":2.179},"lastUpdated":"2026-08-03 11:30","extra":{"stationType":"Outro"},"services":["Lavagem","Loja de Conveniência","Venda de carburante de qualidade superior","Venda de gás doméstico em garrafas","WC"],"hours":{"weekdays":"07:00-22:00","saturday":"07:00-22:00","sunday":"07:00-22:00","holiday":"07:00-22:00"},"paymentMethods":["Dinheiro"],"otherServices":null,"observations":null}},{"type":"Feature","geometry":{"type":"Point","coordinates":[-8.648978,40.640414]},"properties":{"id":"pt-66442","source":"PT","name":"BXPRESS AVEIRO","brand":"BXPRESS","address":"Av. 5 de Outubro nº 18","municipality":"Aveiro","district":"Aveiro","postalCode":"3810-367","fuels":{"gasoline95":1.899,"diesel":1.999},"lastUpdated":"2026-08-03 11:20","extra":{"stationType":"Outro"},"services":["Calibragem de pneus"],"hours":{"weekdays":"Aberto 24 horas","saturday":"Aberto 24 horas","sunday":"Aberto 24 horas","holiday":"Aberto 24 horas"},"paymentMethods":["Multibanco"],"otherServices":null,"observations":null}},{"type":"Feature","geometry":{"type":"Point","coordinates":[-8.60939,40.6401]},"properties":{"id":"pt-66443","source":"PT","name":"E.S. AVEIRO - Z. INDUSTRIAL","brand":"REPSOL","address":"Rua República nº 101 (EN 230 Km 2,18) ","municipality":"Aveiro","district":"Aveiro","postalCode":"3810-158","fuels":{"gasoline95":2.029,"gasoline95Plus":2.089,"diesel":2.119,"dieselPremium":2.179},"lastUpdated":"2026-08-03 12:10","extra":{"stationType":"Outro"},"services":["Venda de carburante de qualidade superior","Venda de gás doméstico em garrafas","Venda de gasóleo agrícola","WC"],"hours":{"weekdays":"06:00-22:00","saturday":"06:00-22:00","sunday":"06:00-22:00","holiday":"06:00-22:00"},"paymentMethods":["Dinheiro"],"otherServices":null,"observations":null}},{"type":"Feature","geometry":{"type":"Point","coordinates":[-8.63026,40.99221]},"properties":{"id":"pt-66444","source":"PT","name":"E.S. SILVADE","brand":"REPSOL","address":"EN 109 Km 19,5 (Saída Sul de Espinho)","municipality":"Espinho","district":"Aveiro","postalCode":"4500-647","fuels":{"gasoline95":2.049,"gasoline95Plus":2.099,"diesel":2.139,"dieselPremium":2.189},"lastUpdated":"2026-08-03 00:00","extra":{"stationType":"Outro"},"services":["Lavagem","Loja de Conveniência","Venda de carburante de qualidade superior","Venda de gás doméstico em garrafas","WC"],"hours":{"weekdays":"07:00-23:00","saturday":"07:00-23:00","sunday":"07:00-23:00","holiday":"07:00-23:00"},"paymentMethods":["Dinheiro"],"otherServices":null,"observations":null}},{"type":"Feature","geometry":{"type":"Point","coordinates":[-8.628101,40.961959]},"properties":{"id":"pt-66445","source":"PT","name":"E.S. ESMORIZ","brand":"REPSOL","address":"Av. 29 de Março, 667","municipality":"Ovar","district":"Aveiro","postalCode":"3885-518","fuels":{"gasoline95":2.029,"gasoline95Plus":2.089,"gasoline98Plus":2.219,"diesel":2.119,"dieselPremium":2.179},"lastUpdated":"2026-08-03 00:00","extra":{"stationType":"Outro"},"services":["Lavagem","Loja de Conveniência","Venda de carburante de qualidade superior","Venda de gás doméstico em garrafas","WC"],"hours":{"weekdays":"07:00-23:00","saturday":"07:00-23:00","sunday":"07:00-23:00","holiday":"07:00-23:00"},"paymentMethods":["Dinheiro"],"otherServices":null,"observations":null}},{"type":"Feature","geometry":{"type":"Point","coordinates":[-8.39561,41.03449]},"properties":{"id":"pt-66447","source":"PT","name":"E.S. PEDORIDO","brand":"REPSOL","address":"Zona Industrial das Lavagueiras","municipality":"Castelo de Paiva","district":"Aveiro","postalCode":"4550-336","fuels":{"gasoline95":2.039,"gasoline98Plus":2.239,"diesel":2.129,"dieselPremium":2.199,"dieselAgri":1.724},"lastUpdated":"2026-08-08 00:00","extra":{"stationType":"Outro"},"services":["Assistência auto","Lavagem","Loja de Conveniência","Venda de carburante de qualidade superior","Venda de gás doméstico em garrafas","Venda de gasóleo agrícola","WC"],"hours":{"weekdays":"06:30-21:00","saturday":"06:30-21:00","sunday":"06:30-21:00","holiday":"06:30-21:00"},"paymentMethods":["Dinheiro"],"otherServices":null,"observations":null}},{"type":"Feature","geometry":{"type":"Point","coordinates":[-8.57965,40.82543]},"properties":{"id":"pt-66448","source":"PT","name":"E.S. VALEGA A","brand":"REPSOL","address":"EN 109 Km 39,5","municipality":"Ovar","district":"Aveiro","postalCode":"3880-000","fuels":{"gasoline95":2.019,"gasoline95Plus":2.089,"diesel":2.109,"dieselPremium":2.179},"lastUpdated":"2026-08-03 09:55","extra":{"stationType":"Outro"},"services":["Loja de Conveniência","Restaurante","Venda de carburante de qualidade superior","Venda de gás doméstico em garrafas","Venda de gasóleo agrícola","WC"],"hours":{"weekdays":"06:00-22:00","saturday":"06:00-22:00","sunday":"07:00-22:00","holiday":"07:00-22:00"},"paymentMethods":["Dinheiro"],"otherServices":null,"observations":null}},{"type":"Feature","geometry":{"type":"Point","coordinates":[-8.57979,40.82515]},"properties":{"id":"pt-66449","source":"PT","name":"E.S. VALEGA B","brand":"REPSOL","address":"EN 109 Km 39,5","municipality":"Ovar","district":"Aveiro","postalCode":"3880-000","fuels":{"gasoline95":2.019,"diesel":2.109},"lastUpdated":"2026-08-03 09:50","extra":{"stationType":"Outro"},"services":["Loja de Conveniência","Venda de carburante de qualidade superior","Venda de gás doméstico em garrafas","WC"],"hours":{"weekdays":"06:00-20:00","saturday":"06:00-20:00","sunday":"07:00-20:00","holiday":"07:00-20:00"},"paymentMethods":["Dinheiro"],"otherServices":null,"observations":null}},{"type":"Feature","geometry":{"type":"Point","coordinates":[-8.453945,40.364032]},"properties":{"id":"pt-66450","source":"PT","name":"E.S. MEALHADA A","brand":"REPSOL","address":"EN 1 Km 217,2","municipality":"Mealhada","district":"Aveiro","postalCode":"3050-000","fuels":{"gasoline95":2.039,"gasoline95Plus":2.109,"diesel":2.129,"dieselPremium":2.199,"lpg":0.984},"lastUpdated":"2026-08-08 00:00","extra":{"stationType":"Outro"},"services":["Loja de Conveniência","Venda de carburante de qualidade superior","Venda de gás doméstico em garrafas","WC"],"hours":{"weekdays":"07:00-23:00","saturday":"07:00-23:00","sunday":"07:00-23:00","holiday":"07:00-23:00"},"paymentMethods":["Dinheiro"],"otherServices":null,"observations":null}},{"type":"Feature","geometry":{"type":"Point","coordinates":[-8.453511,40.363593]},"properties":{"id":"pt-66451","source":"PT","name":"E.S. MEALHADA B","brand":"REPSOL","address":"EN 1 Km 217,2","municipality":"Mealhada","district":"Aveiro","postalCode":"3050-000","fuels":{"gasoline95":2.039,"gasoline98Plus":2.239,"diesel":2.129,"dieselPremium":2.199,"dieselAgri":1.724},"lastUpdated":"2026-08-08 00:00","extra":{"stationType":"Outro"},"services":["Venda de carburante de qualidade superior","Venda de gasóleo agrícola"],"hours":{"weekdays":"08:00-20:00","saturday":"08:00-20:00","sunday":"Fechado","holiday":"Fechado"},"paymentMethods":["Dinheiro"],"otherServices":null,"observations":null}},{"type":"Feature","geometry":{"type":"Point","coordinates":[-8.479,40.89818]},"properties":{"id":"pt-66452","source":"PT","name":"E.S. S. JOAO MADEIRA Z.IND.","brand":"REPSOL","address":"Rua Domingos José Oliveira, s/n","municipality":"São João da Madeira","district":"Aveiro","postalCode":"3700-317","fuels":{"gasoline95":2.029,"gasoline98Plus":2.219,"diesel":2.119,"dieselPremium":2.179,"lpg":0.954},"lastUpdated":"2026-08-03 09:35","extra":{"stationType":"Outro"},"services":["Lavagem","Loja de Conveniência","Venda de carburante de qualidade superior","Venda de gás doméstico em garrafas","WC","WC para deficientes"],"hours":{"weekdays":"07:00-21:00","saturday":"07:00-21:00","sunday":"07:00-21:00","holiday":"07:00-21:00"},"paymentMethods":["Dinheiro"],"otherServices":null,"observations":null}},{"type":"Feature","geometry":{"type":"Point","coordinates":[-8.45158,40.8838]},"properties":{"id":"pt-66453","source":"PT","name":"E.S. NOGUEIRA DO CRAVO","brand":"REPSOL","address":"Av. dos Descobrimentos, 1234","municipality":"Oliveira de Azeméis","district":"Aveiro","postalCode":"3700-766","fuels":{"gasoline95":2.029,"gasoline98Plus":2.219,"diesel":2.119,"dieselPremium":2.179},"lastUpdated":"2026-08-03 11:40","extra":{"stationType":"Outro"},"services":["Lavagem","Loja de Conveniência","Venda de carburante de qualidade superior","Venda de gás doméstico em garrafas","WC"],"hours":{"weekdays":"07:00-23:00","saturday":"07:00-23:00","sunday":"08:00-13:30","holiday":"08:00-13:30"},"paymentMethods":["Dinheiro"],"otherServices":null,"observations":null}},{"type":"Feature","geometry":{"type":"Point","coordinates":[-8.53771,40.96628]},"properties":{"id":"pt-66454","source":"PT","name":"E.S. LOUROSA","brand":"REPSOL","address":"EN 1","municipality":"Santa Maria da Feira","district":"Aveiro","postalCode":"4536-909","fuels":{"gasoline95":2.029,"gasoline95Plus":2.089,"gasoline98Plus":2.219,"diesel":2.119,"dieselPremium":2.179},"lastUpdated":"2026-08-03 09:50","extra":{"stationType":"Outro"},"services":["Assistência auto","Cafetaria","Lavagem","Loja de Conveniência","Venda de carburante de qualidade superior","Venda de gás doméstico em garrafas","WC"],"hours":{"weekdays":"07:00-23:00","saturday":"07:00-23:00","sunday":"08:00-23:00","holiday":"08:00-23:00"},"paymentMethods":["Dinheiro"],"otherServices":null,"observations":null}},{"type":"Feature","geometry":{"type":"Point","coordinates":[-8.60898,40.6516]},"properties":{"id":"pt-66457","source":"PT","name":"Estação de Serviço de Aveiro Rotunda","brand":"REPSOL","address":"Zona Industrial da Taboeira Qta Simão Sul  Sector II","municipality":"Aveiro","district":"Aveiro","postalCode":"3800-055","fuels":{"gasoline95":2.029,"gasoline95Plus":2.089,"gasoline98Plus":2.219,"diesel":2.119,"dieselPremium":2.179,"lpg":0.969},"lastUpdated":"2026-08-08 08:15","extra":{"stationType":"Outro"},"services":["Calibragem de pneus"],"hours":null,"paymentMethods":["Dinheiro"],"otherServices":null,"observations":null}},{"type":"Feature","geometry":{"type":"Point","coordinates":[-8.449411,40.576367]},"properties":{"id":"pt-66458","source":"PT","name":"E.S. AGUEDA CENTRO","brand":"REPSOL","address":"Rua Dr. António Breda","municipality":"Águeda","district":"Aveiro","postalCode":"3750-000","fuels":{"gasoline95":2.029,"gasoline98Plus":2.219,"diesel":2.119,"dieselPremium":2.179},"lastUpdated":"2026-08-03 15:30","extra":{"stationType":"Outro"},"services":["Lavagem","Loja de Conveniência","Venda de carburante de qualidade superior","Venda de gás doméstico em garrafas","WC"],"hours":{"weekdays":"07:00-21:00","saturday":"07:00-21:00","sunday":"07:00-21:00","holiday":"07:00-21:00"},"paymentMethods":["Dinheiro"],"otherServices":null,"observations":null}},{"type":"Feature","geometry":{"type":"Point","coordinates":[-8.537286,40.75632]},"properties":{"id":"pt-66459","source":"PT","name":"AS ANTUÃ B - Gespost - Gestão e Administração de Postos de Abastecimento Unipessoal LDA","brand":"REPSOL","address":"A1.  Ao Km. 255 - Antua ","municipality":"Estarreja","district":"Aveiro","postalCode":"3850-909","fuels":{"gasoline95":2.124,"gasoline95Plus":2.204,"gasoline98Plus":2.324,"diesel":2.219,"dieselPremium":2.304,"lpg":1.014},"lastUpdated":"2026-08-08 08:15","extra":{"stationType":"Auto-estrada"},"services":["Calibragem de pneus"],"hours":null,"paymentMethods":["Dinheiro"],"otherServices":null,"observations":null}},{"type":"Feature","geometry":{"type":"Point","coordinates":[-8.534985,40.754807]},"properties":{"id":"pt-66460","source":"PT","name":"AS ANTUÃ A - Gespost - Gestão e Administração de Postos de Abastecimento Unipessoal LDA","brand":"REPSOL","address":"A1.  Ao Km. 254 - Antua ","municipality":"Estarreja","district":"Aveiro","postalCode":"3850-909","fuels":{"gasoline95":2.124,"gasoline95Plus":2.204,"gasoline98Plus":2.324,"diesel":2.219,"dieselPremium":2.304,"lpg":1.014},"lastUpdated":"2026-08-08 08:15","extra":{"stationType":"Auto-estrada"},"services":["Calibragem de pneus"],"hours":null,"paymentMethods":["Dinheiro"],"otherServices":null,"observations":null}},{"type":"Feature","geometry":{"type":"Point","coordinates":[-8.49362,40.89171]},"properties":{"id":"pt-66461","source":"PT","name":"E.S. S. JOAO MADEIRA II","brand":"REPSOL","address":"Av. Dr. Renato Araújo","municipality":"São João da Madeira","district":"Aveiro","postalCode":"3700-000","fuels":{"gasoline95":2.029,"gasoline95Plus":2.089,"gasoline98Plus":2.219,"diesel":2.119,"dieselPremium":2.179,"lpg":0.954},"lastUpdated":"2026-08-03 15:30","extra":{"stationType":"Outro"},"services":["Lavagem","Loja de Conveniência","Venda de carburante de qualidade superior","Venda de gás doméstico em garrafas","WC"],"hours":{"weekdays":"07:00-23:00","saturday":"07:00-23:00","sunday":"07:00-23:00","holiday":"07:00-23:00"},"paymentMethods":["Dinheiro"],"otherServices":null,"observations":null}},{"type":"Feature","geometry":{"type":"Point","coordinates":[-8.51552,40.99634]},"properties":{"id":"pt-66462","source":"PT","name":"PRIO Fiães","brand":"PRIO","address":"Rua Principal do Grandal","municipality":"Santa Maria da Feira","district":"Aveiro","postalCode":"4535-371","fuels":{"gasoline95":2.009,"gasoline95Plus":1.964,"dieselPremium":2.064,"bioDiesel":2.034},"lastUpdated":"2026-08-09 01:15","extra":{"stationType":"Outro"},"services":["Cafetaria","Calibragem de pneus","Lavagem","Loja de Conveniência","Venda de carburante de qualidade superior","Venda de gás doméstico em garrafas","Venda de gasóleo agrícola","WC"],"hours":{"weekdays":"07:00-23:00","saturday":"07:00-23:00","sunday":"07:00-23:00","holiday":"07:00-23:00"},"paymentMethods":["Dinheiro","MbWay","Multibanco","Outros"],"otherServices":null,"observations":null}},{"type":"Feature","geometry":{"type":"Point","coordinates":[-8.67998,40.55118]},"properties":{"id":"pt-66465","source":"PT","name":"E.S. VAGOS","brand":"REPSOL","address":"Rua Dr. Mendes Correia (Pai), nº 38","municipality":"Vagos","district":"Aveiro","postalCode":"3840-443","fuels":{"gasoline95":2.029,"gasoline95Plus":2.089,"gasoline98Plus":2.219,"diesel":2.119,"dieselPremium":2.179,"dieselAgri":1.734},"lastUpdated":"2026-08-03 09:45","extra":{"stationType":"Outro"},"services":["Venda de carburante de qualidade superior","Venda de gás doméstico em garrafas","Venda de gasóleo agrícola","WC","WC para deficientes"],"hours":{"weekdays":"07:00-21:00","saturday":"07:00-21:00","sunday":"07:00-21:00","holiday":"07:00-21:00"},"paymentMethods":["Dinheiro"],"otherServices":null,"observations":null}},{"type":"Feature","geometry":{"type":"Point","coordinates":[-8.495301,40.904331]},"properties":{"id":"pt-66467","source":"PT","name":"E.S. S. JOAO MADEIRA I","brand":"REPSOL","address":"Rua Dr. Oliveira Júnior nº 630","municipality":"São João da Madeira","district":"Aveiro","postalCode":"3700-242","fuels":{"gasoline95":2.029,"gasoline98Plus":2.219,"diesel":2.119,"dieselPremium":2.179},"lastUpdated":"2026-08-03 15:30","extra":{"stationType":"Outro"},"services":["Venda de carburante de qualidade superior","Venda de gás doméstico em garrafas"],"hours":{"weekdays":"07:00-21:00","saturday":"07:00-21:00","sunday":"07:00-21:00","holiday":"07:00-21:00"},"paymentMethods":["Dinheiro"],"otherServices":null,"observations":null}},{"type":"Feature","geometry":{"type":"Point","coordinates":[-8.63813,41.0108]},"properties":{"id":"pt-66468","source":"PT","name":"E.S. ESPINHO CENTRO","brand":"REPSOL","address":"Av. 24 nº 316","municipality":"Espinho","district":"Aveiro","postalCode":"4500-203","fuels":{"gasoline95":2.049,"gasoline95Plus":2.099,"gasoline98Plus":2.229,"diesel":2.139,"dieselPremium":2.189},"lastUpdated":"2026-08-03 09:35","extra":{"stationType":"Outro"},"services":["Lavagem","Loja de Conveniência","Multibanco","Venda de carburante de qualidade superior","Venda de gás doméstico em garrafas","WC","WC para deficientes"],"hours":{"weekdays":"07:00-23:00","saturday":"07:00-23:00","sunday":"07:00-23:00","holiday":"07:00-23:00"},"paymentMethods":["Dinheiro"],"otherServices":null,"observations":null}},{"type":"Feature","geometry":{"type":"Point","coordinates":[-8.56898,40.75404]},"properties":{"id":"pt-66469","source":"PT","name":"E.S. ESTARREJA","brand":"REPSOL","address":"R DR SOUTO ALVES-134","municipality":"Estarreja","district":"Aveiro","postalCode":"3860-376","fuels":{"gasoline95":2.019,"gasoline98Plus":2.219,"diesel":2.109,"dieselPremium":2.179,"dieselAgri":1.724},"lastUpdated":"2026-08-03 00:00","extra":{"stationType":"Outro"},"services":["Assistência auto","Loja de Conveniência","Venda de carburante de qualidade superior","Venda de gás doméstico em garrafas","Venda de gasóleo agrícola","WC"],"hours":{"weekdays":"07:00-23:00","saturday":"07:00-23:00","sunday":"07:00-23:00","holiday":"07:00-23:00"},"paymentMethods":["Dinheiro"],"otherServices":null,"observations":null}},{"type":"Feature","geometry":{"type":"Point","coordinates":[-8.395429,40.842354]},"properties":{"id":"pt-66847","source":"PT","name":"PRIO Vale de Cambra","brand":"PRIO","address":"Av. Do Caima, nº 750 São Pedro de Castelões  - Vale de Cambra","municipality":"Vale de Cambra","district":"Aveiro","postalCode":"3730-202","fuels":{"gasoline95":2.009,"gasoline95Plus":1.944,"dieselPremium":2.044,"bioDiesel":2.014,"lpg":0.909},"lastUpdated":"2026-08-09 01:15","extra":{"stationType":"Outro"},"services":["Cafetaria","Calibragem de pneus","Lavagem","Loja de Conveniência","Venda de carburante de qualidade superior","Venda de gás doméstico em garrafas","WC"],"hours":{"weekdays":"06:00-22:00","saturday":"06:00-22:00","sunday":"06:00-22:00","holiday":"06:00-22:00"},"paymentMethods":["Dinheiro","MbWay","Multibanco","Outros"],"otherServices":null,"observations":null}},{"type":"Feature","geometry":{"type":"Point","coordinates":[-8.62083,40.6516]},"properties":{"id":"pt-66867","source":"PT","name":"PD AVEIRO","brand":"PINGO DOCE","address":"Estrada Nacional 109","municipality":"Aveiro","district":"Aveiro","postalCode":"3800-042","fuels":{"gasoline95":1.943,"gasoline98Plus":2.299,"diesel":2.001,"dieselPremium":2.319},"lastUpdated":"2026-08-04 00:00","extra":{"stationType":"Outro"},"services":[],"hours":{"weekdays":"Aberto 24 horas","saturday":"Aberto 24 horas","sunday":"Aberto 24 horas","holiday":"Aberto 24 horas"},"paymentMethods":["Dinheiro"],"otherServices":null,"observations":null}},{"type":"Feature","geometry":{"type":"Point","coordinates":[-8.51093900804,40.6968629928]},"properties":{"id":"pt-66941","source":"PT","name":"BP - Albergaria","brand":"BP","address":"EN 16 - Variante ao Sobreiro Km 13,4","municipality":"Albergaria-a-Velha","district":"Aveiro","postalCode":"3850-147","fuels":{"gasoline95":2.069,"gasoline98Plus":2.299,"diesel":2.169,"dieselPremium":2.319,"dieselAgri":1.744},"lastUpdated":"2026-08-03 07:40","extra":{"stationType":"Outro"},"services":["Cafetaria","Descanso de pesados","Lavagem","Loja de Conveniência","Multibanco","Venda de gás doméstico em garrafas","Venda de gasóleo agrícola","WC"],"hours":{"weekdays":"05:30-22:00","saturday":"05:30-22:00","sunday":"05:30-22:00","holiday":"05:30-22:00"},"paymentMethods":["Dinheiro","MbWay","Multibanco"],"otherServices":null,"observations":null}},{"type":"Feature","geometry":{"type":"Point","coordinates":[-8.44495,40.60208]},"properties":{"id":"pt-66951","source":"PT","name":"BP Águeda","brand":"BP","address":"EN 573 - Lugar do Covão","municipality":"Águeda","district":"Aveiro","postalCode":"3750-836","fuels":{"gasoline95":2.099,"gasoline98Plus":2.299,"gasolineMix":2.8,"diesel":2.199,"dieselPremium":2.319,"dieselAgri":1.744},"lastUpdated":"2026-08-03 07:40","extra":{"stationType":"Outro"},"services":["Loja de Conveniência","Venda de gás doméstico em garrafas","Venda de gasóleo agrícola","WC"],"hours":{"weekdays":"06:30-22:30","saturday":"06:30-22:30","sunday":"06:30-22:30","holiday":"06:30-22:30"},"paymentMethods":["Dinheiro","MbWay","Multibanco"],"otherServices":null,"observations":null}},{"type":"Feature","geometry":{"type":"Point","coordinates":[-8.612761,40.904896]},"properties":{"id":"pt-66970","source":"PT","name":"BP Arada - Ovar","brand":"BP","address":"EN 109 – KM 29,90 – Olho Marinho","municipality":"Ovar","district":"Aveiro","postalCode":"3885-113","fuels":{"gasoline95":2.069,"gasoline98Plus":2.299,"gasolineMix":2.8,"diesel":2.169,"dieselPremium":2.319,"dieselAgri":1.744},"lastUpdated":"2026-08-07 20:45","extra":{"stationType":"Outro"},"services":["Loja de Conveniência","Venda de gás doméstico em garrafas","Venda de gasóleo agrícola"],"hours":{"weekdays":"06:00-22:00","saturday":"06:00-22:00","sunday":"06:00-22:00","holiday":"06:00-22:00"},"paymentMethods":["Dinheiro","MbWay","Multibanco"],"otherServices":null,"observations":null}},{"type":"Feature","geometry":{"type":"Point","coordinates":[-8.668739,40.508488]},"properties":{"id":"pt-67020","source":"PT","name":"AS A17 VAGOS A - Gespost - Gestão e Administração de Postos de Abastecimento Unipessoal LDA","brand":"REPSOL","address":"A 17 Nó de Ponte de Vagos - Poente ","municipality":"Vagos","district":"Aveiro","postalCode":"3840-553","fuels":{"gasoline95":2.099,"gasoline95Plus":2.179,"gasoline98Plus":2.299,"diesel":2.194,"dieselPremium":2.279},"lastUpdated":"2026-08-08 08:15","extra":{"stationType":"Auto-estrada"},"services":["Calibragem de pneus"],"hours":null,"paymentMethods":["Dinheiro"],"otherServices":null,"observations":null}},{"type":"Feature","geometry":{"type":"Point","coordinates":[-8.667495,40.507212]},"properties":{"id":"pt-67021","source":"PT","name":"A.S. VAGOS B","brand":"REPSOL","address":"A 17 Nó de Ponte de Vagos - Nascente ","municipality":"Vagos","district":"Aveiro","postalCode":"3840-553","fuels":{"gasoline95":2.099,"gasoline95Plus":2.179,"gasoline98Plus":2.299,"diesel":2.194,"dieselPremium":2.279},"lastUpdated":"2026-08-08 08:20","extra":{"stationType":"Auto-estrada"},"services":["Loja de Conveniência","Venda de carburante de qualidade superior","Venda de gás doméstico em garrafas","WC","WC com fraldário"],"hours":{"weekdays":"Aberto 24 horas","saturday":"Aberto 24 horas","sunday":"Aberto 24 horas","holiday":"Aberto 24 horas"},"paymentMethods":["Dinheiro"],"otherServices":null,"observations":null}},{"type":"Feature","geometry":{"type":"Point","coordinates":[-8.571486,40.759869]},"properties":{"id":"pt-67098","source":"PT","name":"Interestarreja Supermercados, Lda","brand":"INTERMARCHÉ","address":"Estrada Nacional, 109","municipality":"Estarreja","district":"Aveiro","postalCode":"3860-363","fuels":{"gasoline95":1.831,"gasoline98":1.941,"diesel":1.969,"dieselPremium":2.073},"lastUpdated":"2026-08-03 20:00","extra":{"stationType":"Outro"},"services":["Multibanco"],"hours":{"weekdays":"Aberto 24 horas","saturday":"Aberto 24 horas","sunday":"Aberto 24 horas","holiday":"Aberto 24 horas"},"paymentMethods":["Dinheiro"],"otherServices":null,"observations":null}},{"type":"Feature","geometry":{"type":"Point","coordinates":[-8.646487,40.627163]},"properties":{"id":"pt-67265","source":"PT","name":"AUCHAN Aveiro","brand":"AUCHAN","address":"E.N. 109 - Centro Comercial Glicinias -  Aradas","municipality":"Aveiro","district":"Aveiro","postalCode":"3810-902","fuels":{"gasoline95":1.929,"diesel":2.029,"dieselPremium":2.059},"lastUpdated":"2026-08-04 08:55","extra":{"stationType":"Outro"},"services":["Calibragem de pneus"],"hours":null,"paymentMethods":["Dinheiro"],"otherServices":null,"observations":null}},{"type":"Feature","geometry":{"type":"Point","coordinates":[-8.532194,40.42235]},"properties":{"id":"pt-67281","source":"PT","name":"ALVES BANDEIRA Vilarinho do Bairro","brand":"ALVES BANDEIRA","address":"Rua da Ascenção Nº 2","municipality":"Anadia","district":"Aveiro","postalCode":"3780-599","fuels":{"gasoline95":2.044,"gasoline98":2.194,"diesel":2.129,"dieselPremium":2.149,"dieselHeating":2.164,"dieselAgri":1.704},"lastUpdated":"2026-08-03 11:20","extra":{"stationType":"Outro"},"services":["Cafetaria","Loja de Conveniência","Venda de gás doméstico em garrafas","Venda de gasóleo agrícola","Venda de gasóleo para aquecimento","WC"],"hours":{"weekdays":"07:00-21:00","saturday":"07:00-21:00","sunday":"07:00-21:00","holiday":"07:00-21:00"},"paymentMethods":["Dinheiro","MbWay","Multibanco","Outros"],"otherServices":null,"observations":null}},{"type":"Feature","geometry":{"type":"Point","coordinates":[-8.43973,40.90267]},"properties":{"id":"pt-67307","source":"PT","name":"Dpp Cesar","brand":"DPP","address":"Rua Villa Cesari","municipality":"Oliveira de Azeméis","district":"Aveiro","postalCode":"3700-729","fuels":{"gasoline95":1.892,"diesel":1.979,"dieselPremium":2.019},"lastUpdated":"2026-08-04 10:30","extra":{"stationType":"Outro"},"services":["Cafetaria","Lavagem","Restaurante","Venda de gás doméstico em garrafas","WC","AUTOvoucher"],"hours":{"weekdays":"Aberto 24 horas","saturday":"Aberto 24 horas","sunday":"Aberto 24 horas","holiday":"Aberto 24 horas"},"paymentMethods":["Dinheiro","MbWay","Multibanco","Outros"],"otherServices":null,"observations":null}},{"type":"Feature","geometry":{"type":"Point","coordinates":[-8.64037,40.95695]},"properties":{"id":"pt-67364","source":"PT","name":"Cepsa - Esmoriz","brand":"CEPSA","address":"Av Raimundo Rodrigues","municipality":"Ovar","district":"Aveiro","postalCode":"3885-000","fuels":{"gasoline95":2.023,"gasoline98Plus":2.235,"diesel":2.099,"dieselPremium":2.149},"lastUpdated":"2026-08-03 00:00","extra":{"stationType":"Outro"},"services":["Cafetaria","Lavagem","Loja de Conveniência","Venda de gás doméstico em garrafas"],"hours":{"weekdays":"07:00-22:00","saturday":"07:00-22:00","sunday":"07:00-22:00","holiday":"07:00-22:00"},"paymentMethods":["Dinheiro"],"otherServices":null,"observations":null}},{"type":"Feature","geometry":{"type":"Point","coordinates":[-8.61008,40.96193]},"properties":{"id":"pt-67418","source":"PT","name":"INTERMARCHÉ ESMORIZ","brand":"INTERMARCHÉ","address":"Rua dos Castanheiros Nº 46","municipality":"Ovar","district":"Aveiro","postalCode":"3885-504","fuels":{"gasoline95":1.934,"gasoline95Plus":1.954,"diesel":1.994,"dieselPremium":2.014},"lastUpdated":"2026-08-03 20:30","extra":{"stationType":"Outro"},"services":["Multibanco","Venda de gás doméstico em garrafas"],"hours":{"weekdays":"07:00-21:00","saturday":"07:00-21:00","sunday":"07:00-21:00","holiday":"07:00-21:00"},"paymentMethods":["Dinheiro"],"otherServices":null,"observations":null}},{"type":"Feature","geometry":{"type":"Point","coordinates":[-8.53068,40.95643]},"properties":{"id":"pt-67528","source":"PT","name":"PRIO Terra Negra (N/S) Este","brand":"PRIO","address":"EN 1 Km 281,500","municipality":"Santa Maria da Feira","district":"Aveiro","postalCode":"4520-000","fuels":{"gasoline95":2.009,"gasoline95Plus":1.944,"dieselPremium":2.049,"bioDiesel":2.019},"lastUpdated":"2026-08-09 01:15","extra":{"stationType":"Outro"},"services":["Multibanco","WC","WC para deficientes"],"hours":{"weekdays":"07:00-23:00","saturday":"07:00-23:00","sunday":"07:00-23:00","holiday":"07:00-23:00"},"paymentMethods":["Dinheiro","MbWay","Multibanco","Outros"],"otherServices":null,"observations":null}},{"type":"Feature","geometry":{"type":"Point","coordinates":[-8.48341,40.70844]},"properties":{"id":"pt-67536","source":"PT","name":"PRIO Albergaria-a-Velha - (N/S)","brand":"PRIO","address":"EN 1 Km 249,200","municipality":"Albergaria-a-Velha","district":"Aveiro","postalCode":"3850-200","fuels":{"gasoline95":2.009,"gasoline95Plus":1.944,"dieselPremium":2.044,"bioDiesel":2.014},"lastUpdated":"2026-08-09 01:15","extra":{"stationType":"Outro"},"services":["Cafetaria","Loja de Conveniência","Venda de gás doméstico em garrafas","WC","WC para deficientes"],"hours":{"weekdays":"07:00-23:59","saturday":"07:00-23:59","sunday":"07:00-23:59","holiday":"07:00-23:59"},"paymentMethods":["Dinheiro","MbWay","Multibanco","Outros"],"otherServices":null,"observations":null}},{"type":"Feature","geometry":{"type":"Point","coordinates":[-8.53100781456,40.9561638007]},"properties":{"id":"pt-67555","source":"PT","name":"PRIO Terra Negra (S/N) Oeste ","brand":"PRIO","address":"EN 1 Km 281,500","municipality":"Santa Maria da Feira","district":"Aveiro","postalCode":"4520-000","fuels":{"gasoline95":2.009,"gasoline95Plus":1.944,"dieselPremium":2.049,"bioDiesel":2.019},"lastUpdated":"2026-08-09 01:15","extra":{"stationType":"Outro"},"services":["Calibragem de pneus"],"hours":{"weekdays":"07:00-23:00","saturday":"07:00-23:00","sunday":"07:00-23:00","holiday":"07:00-23:00"},"paymentMethods":["Dinheiro"],"otherServices":null,"observations":null}},{"type":"Feature","geometry":{"type":"Point","coordinates":[-8.45087,40.33377]},"properties":{"id":"pt-67560","source":"PT","name":"PRIO Malaposta do Carqueijo (N/S) - Mealhada E","brand":"PRIO","address":"EN 1 Km 204,050","municipality":"Mealhada","district":"Aveiro","postalCode":"3050-131","fuels":{"gasoline95":2.009,"gasoline95Plus":1.944,"dieselPremium":2.049,"bioDiesel":2.019},"lastUpdated":"2026-08-09 01:15","extra":{"stationType":"Outro"},"services":["Calibragem de pneus","Venda de carburante de qualidade superior","Venda de gás doméstico em garrafas","WC","WC para deficientes"],"hours":{"weekdays":"07:00-23:00","saturday":"07:00-23:00","sunday":"07:00-23:00","holiday":"07:00-23:00"},"paymentMethods":["Dinheiro","MbWay","Multibanco","Outros"],"otherServices":null,"observations":null}},{"type":"Feature","geometry":{"type":"Point","coordinates":[-8.45058,40.33375]},"properties":{"id":"pt-67565","source":"PT","name":"PRIO Malaposta do Carqueijo (S/N) - Mealhada O","brand":"PRIO","address":"EN 1 Km 204,050","municipality":"Mealhada","district":"Aveiro","postalCode":"3050-131","fuels":{"gasoline95":2.009,"gasoline95Plus":1.944,"dieselPremium":2.049,"bioDiesel":2.019},"lastUpdated":"2026-08-09 01:15","extra":{"stationType":"Outro"},"services":["Cafetaria","Calibragem de pneus","Venda de carburante de qualidade superior","Venda de gás doméstico em garrafas","WC","WC para deficientes"],"hours":{"weekdays":"07:00-23:00","saturday":"07:00-23:00","sunday":"07:00-23:00","holiday":"07:00-23:00"},"paymentMethods":["Dinheiro","MbWay","Multibanco","Outros"],"otherServices":null,"observations":null}},{"type":"Feature","geometry":{"type":"Point","coordinates":[-8.483,40.70847]},"properties":{"id":"pt-67568","source":"PT","name":"PRIO Albergaria-a-Velha (S/N)","brand":"PRIO","address":"EN 1 Km 249,200","municipality":"Albergaria-a-Velha","district":"Aveiro","postalCode":"3850-000","fuels":{"gasoline95":2.009,"gasoline95Plus":1.944,"dieselPremium":2.044,"bioDiesel":2.014},"lastUpdated":"2026-08-09 01:15","extra":{"stationType":"Outro"},"services":["Cafetaria","Calibragem de pneus","Loja de Conveniência"],"hours":{"weekdays":"Fechado","saturday":"Fechado","sunday":"Fechado","holiday":"Fechado"},"paymentMethods":["Dinheiro","MbWay","Multibanco","Outros"],"otherServices":null,"observations":null}},{"type":"Feature","geometry":{"type":"Point","coordinates":[-8.63703,40.76189]},"properties":{"id":"pt-67713","source":"PT","name":"GASPE Murtosa","brand":"GASPE","address":"Rua António José Freitas Guimarães","municipality":"Murtosa","district":"Aveiro","postalCode":"3870-208","fuels":{"gasoline95":2.06,"gasoline98Plus":2.24,"diesel":2.148,"dieselPremium":2.168,"dieselAgri":1.745},"lastUpdated":"2026-08-03 13:00","extra":{"stationType":"Outro"},"services":[],"hours":{"weekdays":"07:00-22:00","saturday":"07:00-22:00","sunday":"07:00-22:00","holiday":"07:00-22:00"},"paymentMethods":["Dinheiro"],"otherServices":null,"observations":null}},{"type":"Feature","geometry":{"type":"Point","coordinates":[-8.15625,40.96928]},"properties":{"id":"pt-67721","source":"PT","name":"GALP DE ALVARENGA","brand":"GALP","address":"EN 225 Km 30,9","municipality":"Arouca","district":"Aveiro","postalCode":"4540-035","fuels":{"gasoline95":2.019,"diesel":2.119,"dieselPremium":2.169,"dieselAgri":1.694},"lastUpdated":"2026-08-03 00:00","extra":{"stationType":"Outro"},"services":["Lavagem","Venda de gás doméstico em garrafas","Venda de gasóleo agrícola","WC","WC para deficientes"],"hours":{"weekdays":"07:00-22:00","saturday":"07:00-22:00","sunday":"07:00-22:00","holiday":"07:00-22:00"},"paymentMethods":["Dinheiro","Multibanco"],"otherServices":null,"observations":null}},{"type":"Feature","geometry":{"type":"Point","coordinates":[-8.47716,40.83487]},"properties":{"id":"pt-67750","source":"PT","name":"Mário Jorge Peixôto Beleza, Herds., Lda.","brand":"BP","address":"Rua António Bernardo, 130","municipality":"Oliveira de Azeméis","district":"Aveiro","postalCode":"3720-301","fuels":{"gasoline95":2.059,"gasoline98Plus":2.299,"diesel":2.159,"dieselPremium":2.319,"dieselAgri":1.744},"lastUpdated":"2026-08-03 00:00","extra":{"stationType":"Outro"},"services":["Venda de gás doméstico em garrafas","Venda de gasóleo agrícola","WC"],"hours":{"weekdays":"06:00-00:00","saturday":"06:00-00:00","sunday":"06:00-00:00","holiday":"06:00-00:00"},"paymentMethods":["Dinheiro"],"otherServices":null,"observations":null}},{"type":"Feature","geometry":{"type":"Point","coordinates":[-8.44838,40.52822]},"properties":{"id":"pt-67801","source":"PT","name":"BP Aguada de Baixo Este","brand":"BP","address":"Vale do Grou","municipality":"Águeda","district":"Aveiro","postalCode":"3750-002","fuels":{"gasoline95":2.069,"gasoline98Plus":2.299,"diesel":2.169,"dieselPremium":2.319,"dieselAgri":1.744},"lastUpdated":"2026-08-03 07:40","extra":{"stationType":"Outro"},"services":["Loja de Conveniência","Venda de gás doméstico em garrafas","Venda de gasóleo agrícola","WC"],"hours":{"weekdays":"Aberto 24 horas","saturday":"Aberto 24 horas","sunday":"Aberto 24 horas","holiday":"Aberto 24 horas"},"paymentMethods":["Dinheiro","MbWay","Multibanco"],"otherServices":null,"observations":null}},{"type":"Feature","geometry":{"type":"Point","coordinates":[-8.44873,40.52827]},"properties":{"id":"pt-67810","source":"PT","name":"BP Aguada de Baixo Oeste","brand":"BP","address":"Vale do Grou","municipality":"Águeda","district":"Aveiro","postalCode":"3750-002","fuels":{"gasoline95":2.069,"gasoline98Plus":2.299,"diesel":2.169,"dieselPremium":2.319,"dieselAgri":1.744},"lastUpdated":"2026-08-03 07:40","extra":{"stationType":"Outro"},"services":["Loja de Conveniência","Venda de gás doméstico em garrafas","Venda de gasóleo agrícola","WC"],"hours":{"weekdays":"06:00-22:00","saturday":"06:00-22:00","sunday":"06:00-22:00","holiday":"06:00-22:00"},"paymentMethods":["Dinheiro","MbWay","Multibanco"],"otherServices":null,"observations":null}},{"type":"Feature","geometry":{"type":"Point","coordinates":[-8.49898,40.91849]},"properties":{"id":"pt-67811","source":"PT","name":"PA BP Arrifana","brand":"BP","address":"Rua Terras Santa Maria","municipality":"Oliveira de Azeméis","district":"Aveiro","postalCode":"3700-370","fuels":{"gasoline95":2.029,"gasoline98Plus":2.299,"diesel":2.129,"dieselPremium":2.319},"lastUpdated":"2026-08-08 00:00","extra":{"stationType":"Outro"},"services":["Cafetaria","Loja de Conveniência","Multibanco","WC"],"hours":null,"paymentMethods":["Dinheiro"],"otherServices":null,"observations":null}},{"type":"Feature","geometry":{"type":"Point","coordinates":[-8.616342,40.929297]},"properties":{"id":"pt-67825","source":"PT","name":"ALVES BANDEIRA Maceda","brand":"ALVES BANDEIRA","address":"RUA DE S.PEDRO - LUGAR DE ESTRADA","municipality":"Ovar","district":"Aveiro","postalCode":"3885-769","fuels":{"gasoline95":2.039,"gasoline98":2.189,"diesel":2.124,"dieselPremium":2.144,"dieselAgri":1.699},"lastUpdated":"2026-08-03 11:25","extra":{"stationType":"Outro"},"services":["Cafetaria","Loja de Conveniência","Venda de gás doméstico em garrafas","Venda de gasóleo agrícola","WC"],"hours":{"weekdays":"07:00-22:00","saturday":"07:00-22:00","sunday":"07:00-22:00","holiday":"07:00-22:00"},"paymentMethods":["Dinheiro","MbWay","Multibanco","Outros"],"otherServices":null,"observations":null}},{"type":"Feature","geometry":{"type":"Point","coordinates":[-8.57279,40.8091]},"properties":{"id":"pt-67977","source":"PT","name":"PRIO Avanca","brand":"PRIO","address":"E.N. 109 KM 41,6 - Valada - Avanca","municipality":"Estarreja","district":"Aveiro","postalCode":"3860-000","fuels":{"gasoline95":2.009,"gasoline95Plus":1.934,"dieselPremium":2.044,"dieselAgri":1.594,"bioDiesel":2.014,"lpg":0.919},"lastUpdated":"2026-08-09 01:15","extra":{"stationType":"Outro"},"services":["Cafetaria","Calibragem de pneus","Loja de Conveniência","Multibanco","Venda de carburante de qualidade superior","Venda de gás doméstico em garrafas","WC"],"hours":{"weekdays":"07:00-23:00","saturday":"07:00-23:00","sunday":"07:00-23:00","holiday":"07:00-23:00"},"paymentMethods":["Dinheiro","MbWay","Multibanco","Outros"],"otherServices":null,"observations":null}},{"type":"Feature","geometry":{"type":"Point","coordinates":[-8.571486,40.751663]},"properties":{"id":"pt-67983","source":"PT","name":"PRIO  Estarreja","brand":"PRIO","address":"Rua Visconde Valdemouro","municipality":"Estarreja","district":"Aveiro","postalCode":"3860-389","fuels":{"gasoline95":2.009,"gasoline95Plus":1.934,"dieselPremium":2.044,"dieselAgri":1.594,"bioDiesel":2.014},"lastUpdated":"2026-08-09 01:15","extra":{"stationType":"Outro"},"services":["Cafetaria","Calibragem de pneus","Lavagem","Loja de Conveniência","Multibanco","Venda de gás doméstico em garrafas","Venda de gasóleo agrícola","WC"],"hours":{"weekdays":"07:00-23:00","saturday":"07:00-23:00","sunday":"07:00-23:00","holiday":"07:00-23:00"},"paymentMethods":["Dinheiro","MbWay","Multibanco","Outros"],"otherServices":null,"observations":null}},{"type":"Feature","geometry":{"type":"Point","coordinates":[-8.56923,40.92342]},"properties":{"id":"pt-68046","source":"PT","name":"Posto Rainha da Feira, Lda","brand":"GALP","address":"Zona Industrial do Roligo","municipality":"Santa Maria da Feira","district":"Aveiro","postalCode":"4520-112","fuels":{"gasoline95":2.014,"gasoline95Plus":2.064,"diesel":2.104,"dieselPremium":2.154,"lpg":0.969},"lastUpdated":"2026-08-02 22:35","extra":{"stationType":"Outro"},"services":["Cafetaria","Lavagem","Loja de Conveniência","Venda de gás doméstico em garrafas","WC"],"hours":{"weekdays":"Aberto 24 horas","saturday":"Aberto 24 horas","sunday":"Aberto 24 horas","holiday":"Aberto 24 horas"},"paymentMethods":["Dinheiro"],"otherServices":null,"observations":null}},{"type":"Feature","geometry":{"type":"Point","coordinates":[-8.47454,40.69066]},"properties":{"id":"pt-68250","source":"PT","name":"BP Albergaria-a-Velha Centro","brand":"BP","address":"Rua Dr. Nogueira e Melo","municipality":"Albergaria-a-Velha","district":"Aveiro","postalCode":"3850-103","fuels":{"gasoline95":2.069,"gasoline98Plus":2.299,"diesel":2.169,"dieselPremium":2.319},"lastUpdated":"2026-08-03 07:40","extra":{"stationType":"Outro"},"services":["Loja de Conveniência","Venda de gás doméstico em garrafas","WC"],"hours":{"weekdays":"07:00-23:00","saturday":"07:00-23:00","sunday":"07:00-23:00","holiday":"07:00-23:00"},"paymentMethods":["Dinheiro","MbWay","Multibanco"],"otherServices":null,"observations":null}},{"type":"Feature","geometry":{"type":"Point","coordinates":[-8.540978,40.998318]},"properties":{"id":"pt-68373","source":"PT","name":"ALVES BANDEIRA Lourosa A (Sul-Norte)","brand":"ALVES BANDEIRA","address":"E.N. 1 - AV. PRINCIPAL, Nº 110","municipality":"Santa Maria da Feira","district":"Aveiro","postalCode":"4535-090","fuels":{"gasoline95":2.034,"diesel":2.119,"dieselPremium":2.139},"lastUpdated":"2026-08-03 11:25","extra":{"stationType":"Outro"},"services":["Calibragem de pneus"],"hours":null,"paymentMethods":["Dinheiro","MbWay","Multibanco","Outros"],"otherServices":null,"observations":null}},{"type":"Feature","geometry":{"type":"Point","coordinates":[-8.540699,40.99839]},"properties":{"id":"pt-68397","source":"PT","name":"ALVES BANDEIRA Lourosa B (Norte-Sul)","brand":"ALVES BANDEIRA","address":"E.N. 1 - AV. PRINCIPAL, Nº 110","municipality":"Santa Maria da Feira","district":"Aveiro","postalCode":"4535-090","fuels":{"gasoline95":2.034,"gasoline98":2.184,"diesel":2.119,"lpg":0.924},"lastUpdated":"2026-08-03 11:25","extra":{"stationType":"Outro"},"services":["Calibragem de pneus"],"hours":null,"paymentMethods":["Dinheiro","MbWay","Multibanco","Outros"],"otherServices":null,"observations":null}},{"type":"Feature","geometry":{"type":"Point","coordinates":[-8.493548,40.51526]},"properties":{"id":"pt-68408","source":"PT","name":"BP Oliveira do Bairro ","brand":"BP","address":"Rua do Foral nº 36","municipality":"Oliveira do Bairro","district":"Aveiro","postalCode":"3770-215","fuels":{"gasoline95":2.099,"gasoline98Plus":2.299,"gasolineMix":2.8,"diesel":2.199,"dieselPremium":2.319,"dieselAgri":1.744},"lastUpdated":"2026-08-03 07:40","extra":{"stationType":"Outro"},"services":["Loja de Conveniência","Venda de gás doméstico em garrafas","Venda de gasóleo agrícola","WC"],"hours":{"weekdays":"06:30-22:30","saturday":"06:30-22:30","sunday":"06:30-22:30","holiday":"06:30-22:30"},"paymentMethods":["Dinheiro","MbWay","Multibanco"],"otherServices":null,"observations":null}},{"type":"Feature","geometry":{"type":"Point","coordinates":[-8.48164,40.9781]},"properties":{"id":"pt-68422","source":"PT","name":"BP - GUISANDE, S.M. FEIRA","brand":"BP","address":"Rua de Fornos nº370","municipality":"Santa Maria da Feira","district":"Aveiro","postalCode":"4525-323","fuels":{"gasoline95":2.049,"gasoline98Plus":2.299,"diesel":2.149,"dieselPremium":2.319,"dieselAgri":1.744},"lastUpdated":"2026-08-09 00:00","extra":{"stationType":"Outro"},"services":["Assistência auto","Cafetaria","Calibragem de pneus","Lavagem","Loja de Conveniência","Multibanco","Venda de gás doméstico em garrafas","Venda de gasóleo agrícola","Venda de gasóleo para aquecimento","WC","WC para deficientes"],"hours":{"weekdays":"07:00-00:00","saturday":"07:00-00:00","sunday":"07:00-00:00","holiday":"07:00-00:00"},"paymentMethods":["Dinheiro"],"otherServices":null,"observations":"PRÉ-INSPECÇÃO AUTOMÓVEL; SERVIÇO DE COLISÃO / OFICINA AUTORIZADA AUTOCREW, BOSCH; MEDIADOR JOGOS SANTA CASA."}},{"type":"Feature","geometry":{"type":"Point","coordinates":[-8.342441,40.89012]},"properties":{"id":"pt-68484","source":"PT","name":"GALP CHÃO DE AVE","brand":"GALP","address":"EN 224 Km 43,30","municipality":"Arouca","district":"Aveiro","postalCode":"4540-263","fuels":{"gasoline95":2.049,"gasoline95Plus":2.109,"gasoline98Plus":2.259,"diesel":2.144,"dieselPremium":2.204,"dieselAgri":1.724},"lastUpdated":"2026-08-03 00:05","extra":{"stationType":"Outro"},"services":["Calibragem de pneus"],"hours":null,"paymentMethods":["Dinheiro"],"otherServices":null,"observations":null}},{"type":"Feature","geometry":{"type":"Point","coordinates":[-8.72217,40.63803]},"properties":{"id":"pt-68599","source":"PT","name":"PRIO Gafanha da Nazaré (Av. Central)","brand":"PRIO","address":"Av. José Estevão, LUgar de Cambeia, n.º 658","municipality":"Ílhavo","district":"Aveiro","postalCode":"3830-556","fuels":{"gasoline95":1.944,"dieselPremium":2.064,"bioDiesel":2.034},"lastUpdated":"2026-08-03 00:00","extra":{"stationType":"Outro"},"services":[],"hours":{"weekdays":"Aberto 24 horas","saturday":"Aberto 24 horas","sunday":"Aberto 24 horas","holiday":"Aberto 24 horas"},"paymentMethods":["Dinheiro","Multibanco"],"otherServices":null,"observations":"Apenas se encontra disponível o pagamento automático. "}},{"type":"Feature","geometry":{"type":"Point","coordinates":[-8.611011,40.60474]},"properties":{"id":"pt-68655","source":"PT","name":"ALVES BANDEIRA São Bernardo","brand":"ALVES BANDEIRA","address":"Rua Cega","municipality":"Aveiro","district":"Aveiro","postalCode":"3810-232","fuels":{"gasoline95":2.029,"gasoline98":2.179,"gasolineMix":2.21,"diesel":2.114,"dieselPremium":2.134,"dieselAgri":1.689},"lastUpdated":"2026-08-03 11:30","extra":{"stationType":"Outro"},"services":["Calibragem de pneus"],"hours":{"weekdays":"07:00-22:00","saturday":"07:00-22:00","sunday":"07:00-22:00","holiday":"07:00-22:00"},"paymentMethods":["Dinheiro","MbWay","Multibanco","Outros"],"otherServices":null,"observations":null}},{"type":"Feature","geometry":{"type":"Point","coordinates":[-8.427795,40.330099]},"properties":{"id":"pt-68669","source":"PT","name":"ALVES BANDEIRA Pampilhosa","brand":"ALVES BANDEIRA","address":"Rua Santo António","municipality":"Mealhada","district":"Aveiro","postalCode":"3050-456","fuels":{"gasoline95":2.048,"gasoline98":2.229,"diesel":2.143,"dieselPremium":2.184,"dieselAgri":1.739},"lastUpdated":"2026-08-03 11:40","extra":{"stationType":"Outro"},"services":["Cafetaria","Loja de Conveniência","Multibanco","Restaurante","Venda de gás doméstico em garrafas","Venda de gasóleo agrícola","WC","WC para deficientes"],"hours":{"weekdays":"07:00-22:00","saturday":"07:00-22:00","sunday":"07:00-22:00","holiday":"07:00-22:00"},"paymentMethods":["Dinheiro","MbWay","Multibanco","Outros"],"otherServices":null,"observations":null}},{"type":"Feature","geometry":{"type":"Point","coordinates":[-8.526739,40.509633]},"properties":{"id":"pt-68672","source":"PT","name":"ALVES BANDEIRA Oliveira do Bairro","brand":"ALVES BANDEIRA","address":"Estrada Municipal 596","municipality":"Oliveira do Bairro","district":"Aveiro","postalCode":"3770-305","fuels":{"gasoline95":2.029,"gasoline98":2.179,"diesel":2.114,"dieselPremium":2.134,"dieselAgri":1.689},"lastUpdated":"2026-08-03 11:35","extra":{"stationType":"Outro"},"services":["Cafetaria","Loja de Conveniência","Venda de gás doméstico em garrafas","Venda de gasóleo agrícola","WC","WC para deficientes"],"hours":{"weekdays":"07:00-22:00","saturday":"07:00-22:00","sunday":"07:00-22:00","holiday":"07:00-22:00"},"paymentMethods":["Dinheiro","MbWay","Multibanco","Outros"],"otherServices":null,"observations":null}},{"type":"Feature","geometry":{"type":"Point","coordinates":[-8.442171,40.436054]},"properties":{"id":"pt-68674","source":"PT","name":"ALVES BANDEIRA Anadia","brand":"ALVES BANDEIRA","address":"Rua Dr. Rodrigues Lapa","municipality":"Anadia","district":"Aveiro","postalCode":"3780-203","fuels":{"gasoline95":2.044,"gasoline98":2.184,"diesel":2.144,"dieselPremium":2.184,"dieselAgri":1.724},"lastUpdated":"2026-08-03 10:55","extra":{"stationType":"Outro"},"services":["Calibragem de pneus"],"hours":null,"paymentMethods":["Dinheiro","MbWay","Multibanco","Outros"],"otherServices":null,"observations":null}},{"type":"Feature","geometry":{"type":"Point","coordinates":[-8.59986,40.527253]},"properties":{"id":"pt-68675","source":"PT","name":"ALVES BANDEIRA Palhaça","brand":"ALVES BANDEIRA","address":"Rua do Roque nº 2","municipality":"Oliveira do Bairro","district":"Aveiro","postalCode":"3770-355","fuels":{"gasoline95":2.039,"gasoline98":2.189,"diesel":2.124,"dieselPremium":2.144,"dieselAgri":1.699},"lastUpdated":"2026-08-03 11:40","extra":{"stationType":"Outro"},"services":["Cafetaria","Loja de Conveniência","Multibanco","Venda de gás doméstico em garrafas","Venda de gasóleo agrícola","WC","WC para deficientes"],"hours":{"weekdays":"07:00-22:00","saturday":"07:00-22:00","sunday":"07:00-22:00","holiday":"07:00-22:00"},"paymentMethods":["Dinheiro","MbWay","Multibanco","Outros"],"otherServices":null,"observations":null}},{"type":"Feature","geometry":{"type":"Point","coordinates":[-8.49232,40.59492]},"properties":{"id":"pt-68682","source":"PT","name":"ALVES BANDEIRA Travassô","brand":"ALVES BANDEIRA","address":"Travassô de Cima (EN230) ","municipality":"Águeda","district":"Aveiro","postalCode":"3750-755","fuels":{"gasoline95":2.034,"gasoline98":2.184,"gasolineMix":2.215,"diesel":2.119,"dieselPremium":2.139,"dieselAgri":1.694},"lastUpdated":"2026-08-03 11:25","extra":{"stationType":"Outro"},"services":["Calibragem de pneus"],"hours":{"weekdays":"07:00-22:00","saturday":"07:00-22:00","sunday":"07:00-22:00","holiday":"07:00-22:00"},"paymentMethods":["Dinheiro","MbWay","Multibanco","Outros"],"otherServices":null,"observations":null}},{"type":"Feature","geometry":{"type":"Point","coordinates":[-8.611732,40.640496]},"properties":{"id":"pt-68684","source":"PT","name":"ALVES BANDEIRA Santa Joana","brand":"ALVES BANDEIRA","address":"Av. da República - ST Joana (EN230)","municipality":"Aveiro","district":"Aveiro","postalCode":"3810-156","fuels":{"gasoline95":2.029,"gasoline98":2.179,"diesel":2.114,"dieselPremium":2.134,"dieselAgri":1.689},"lastUpdated":"2026-08-03 11:35","extra":{"stationType":"Outro"},"services":["Cafetaria","Loja de Conveniência","Multibanco","Venda de gás doméstico em garrafas","Venda de gasóleo agrícola","WC","WC para deficientes"],"hours":{"weekdays":"07:00-22:00","saturday":"07:00-22:00","sunday":"07:00-22:00","holiday":"07:00-22:00"},"paymentMethods":["Dinheiro","MbWay","Multibanco","Outros"],"otherServices":null,"observations":null}},{"type":"Feature","geometry":{"type":"Point","coordinates":[-8.530867,40.474735]},"properties":{"id":"pt-68687","source":"PT","name":"ALVES BANDEIRA Amoreira da Gândara","brand":"ALVES BANDEIRA","address":"Rua António Joaquim Rodrigues, n.76","municipality":"Anadia","district":"Aveiro","postalCode":"3780-011","fuels":{"gasoline95":2.079,"diesel":2.164,"dieselPremium":2.184,"dieselAgri":1.739},"lastUpdated":"2026-08-03 10:55","extra":{"stationType":"Outro"},"services":["Calibragem de pneus"],"hours":null,"paymentMethods":["Dinheiro","MbWay","Multibanco","Outros"],"otherServices":null,"observations":null}},{"type":"Feature","geometry":{"type":"Point","coordinates":[-8.47305,40.88126]},"properties":{"id":"pt-68901","source":"PT","name":"BP S. Roque","brand":"BP","address":"Rua D. Gonçalo","municipality":"Oliveira de Azeméis","district":"Aveiro","postalCode":"3720-628","fuels":{"gasoline95":2.069,"gasoline98Plus":2.299,"diesel":2.169,"dieselPremium":2.319},"lastUpdated":"2026-08-03 12:05","extra":{"stationType":"Outro"},"services":["Assistência auto","Lavagem","Loja de Conveniência","Multibanco","Venda de gás doméstico em garrafas","Venda de gasóleo agrícola","WC"],"hours":{"weekdays":"07:00-22:00","saturday":"07:00-22:00","sunday":"07:00-22:00","holiday":"07:00-22:00"},"paymentMethods":["Dinheiro","Multibanco"],"otherServices":null,"observations":null}},{"type":"Feature","geometry":{"type":"Point","coordinates":[-8.521238,40.68503]},"properties":{"id":"pt-68908","source":"PT","name":"Q8 Albergaria-a-Velha","brand":"Q8","address":"Rua Dr. Quina Ferreira, 74 (EN 16 ao km 11.9)","municipality":"Albergaria-a-Velha","district":"Aveiro","postalCode":"3850-273","fuels":{"gasoline95":1.934,"diesel":1.999,"dieselPremium":2.024,"dieselAgri":1.599,"lpg":0.889},"lastUpdated":"2026-08-03 09:40","extra":{"stationType":"Outro"},"services":["Cafetaria","Loja de Conveniência","Multibanco","Venda de carburante de qualidade superior","Venda de gás doméstico em garrafas","Venda de gasóleo agrícola","Venda de gasóleo para aquecimento","WC","WC para deficientes","AUTOvoucher"],"hours":null,"paymentMethods":["Dinheiro","Multibanco"],"otherServices":null,"observations":null}},{"type":"Feature","geometry":{"type":"Point","coordinates":[-8.632158,40.650433]},"properties":{"id":"pt-69111","source":"PT","name":"AVEIRO - ESGUEIRA","brand":"MOEVE","address":"AV. MANUEL MARIA DA ROCHA COLMIEIRO","municipality":"Aveiro","district":"Aveiro","postalCode":"3800-305","fuels":{"gasoline95":2.023,"gasoline95Plus":2.073,"diesel":2.119,"dieselPremium":2.169},"lastUpdated":"2026-08-03 00:00","extra":{"stationType":"Outro"},"services":["Cafetaria","Loja de Conveniência","Multibanco","WC"],"hours":null,"paymentMethods":["Dinheiro"],"otherServices":null,"observations":null}},{"type":"Feature","geometry":{"type":"Point","coordinates":[-8.571344,40.764812]},"properties":{"id":"pt-69113","source":"PT","name":"BXPRESS ESTARREJA","brand":"BXPRESS","address":"Rua Dr. Manuel Ferreira da SilvaEN 109 - Arrotinha","municipality":"Estarreja","district":"Aveiro","postalCode":"3860-210","fuels":{"gasoline95":1.849,"diesel":1.959},"lastUpdated":"2026-08-03 11:20","extra":{"stationType":"Outro"},"services":["Calibragem de pneus"],"hours":{"weekdays":"Aberto 24 horas","saturday":"Aberto 24 horas","sunday":"Aberto 24 horas","holiday":"Aberto 24 horas"},"paymentMethods":["Multibanco"],"otherServices":null,"observations":null}},{"type":"Feature","geometry":{"type":"Point","coordinates":[-8.623281,40.86021]},"properties":{"id":"pt-69160","source":"PT","name":"CEPSA Ovar I","brand":"CEPSA","address":"Rua Aquilino Ribeiro s/nº. ","municipality":"Ovar","district":"Aveiro","postalCode":"3880-151","fuels":{"gasoline95":2.043,"gasoline98Plus":2.255,"diesel":2.119,"dieselPremium":2.169},"lastUpdated":"2026-08-03 00:00","extra":{"stationType":"Outro"},"services":["Calibragem de pneus"],"hours":null,"paymentMethods":["Dinheiro"],"otherServices":null,"observations":null}},{"type":"Feature","geometry":{"type":"Point","coordinates":[-8.39694,40.84081]},"properties":{"id":"pt-69253","source":"PT","name":"BXPRESS - VALE DE CAMBRA","brand":"BXPRESS","address":"EN227 - km 1,150 - Av. Vale do Caima","municipality":"Vale de Cambra","district":"Aveiro","postalCode":"3730-200","fuels":{"gasoline95":1.899,"diesel":1.999,"dieselPremium":2.019},"lastUpdated":"2026-08-03 11:20","extra":{"stationType":"Outro"},"services":["Calibragem de pneus"],"hours":{"weekdays":"Aberto 24 horas","saturday":"Aberto 24 horas","sunday":"Aberto 24 horas","holiday":"Aberto 24 horas"},"paymentMethods":["Multibanco"],"otherServices":null,"observations":null}},{"type":"Feature","geometry":{"type":"Point","coordinates":[-8.51034,40.97518]},"properties":{"id":"pt-69359","source":"PT","name":"Petro Lopes de Isidro Sa Lopes Lda","brand":"Genérico","address":"Rua das Areias nº 187","municipality":"Santa Maria da Feira","district":"Aveiro","postalCode":"4505-686","fuels":{"gasoline95":2.049,"diesel":2.144,"dieselPremium":2.194,"dieselHeating":1.97},"lastUpdated":"2026-08-03 06:40","extra":{"stationType":"Outro"},"services":["Cafetaria","Lavagem","Loja de Conveniência","Venda de gás doméstico em garrafas","Venda de gasóleo para aquecimento","WC","WC para deficientes"],"hours":{"weekdays":"07:00-21:00","saturday":"07:00-21:00","sunday":"07:00-21:00","holiday":"07:00-21:00"},"paymentMethods":["Dinheiro","MbWay","Multibanco"],"otherServices":null,"observations":null}},{"type":"Feature","geometry":{"type":"Point","coordinates":[-8.49089,40.74133]},"properties":{"id":"pt-69501","source":"PT","name":"E.S. ALBERGARIA-A-NOVA","brand":"REPSOL","address":"EN 1, nº 127","municipality":"Albergaria-a-Velha","district":"Aveiro","postalCode":"3850-501","fuels":{"gasoline95":2.029,"gasoline98Plus":2.219,"diesel":2.119,"dieselPremium":2.179,"dieselAgri":1.734},"lastUpdated":"2026-08-03 00:00","extra":{"stationType":"Outro"},"services":["Loja de Conveniência","Venda de carburante de qualidade superior","Venda de gás doméstico em garrafas","Venda de gasóleo agrícola","WC"],"hours":{"weekdays":"06:30-21:30","saturday":"06:30-21:30","sunday":"06:30-21:30","holiday":"06:30-21:30"},"paymentMethods":["Dinheiro"],"otherServices":null,"observations":null}},{"type":"Feature","geometry":{"type":"Point","coordinates":[-8.50631,40.89677]},"properties":{"id":"pt-69541","source":"PT","name":"BP - AFONSO HENRIQUES - ARRIFANA","brand":"BP","address":"E.N. 327 - Km 14,576 - R. Dom Afonso Henriques","municipality":"Santa Maria da Feira","district":"Aveiro","postalCode":"3700-312","fuels":{"gasoline95":2.079,"gasoline98Plus":2.299,"diesel":2.169,"dieselPremium":2.319},"lastUpdated":"2026-08-03 11:55","extra":{"stationType":"Outro"},"services":["Cafetaria","Calibragem de pneus","Loja de Conveniência","Multibanco","Venda de gás doméstico em garrafas","WC","WC para deficientes"],"hours":{"weekdays":"07:00-22:00","saturday":"07:00-22:00","sunday":"08:00-22:00","holiday":"08:00-22:00"},"paymentMethods":["Dinheiro"],"otherServices":null,"observations":null}},{"type":"Feature","geometry":{"type":"Point","coordinates":[-8.55171,40.86781]},"properties":{"id":"pt-69613","source":"PT","name":"Petrovaz - S. Vicente","brand":"PETROVAZ","address":"Rua Adelaide Sophia Santos, 196","municipality":"Ovar","district":"Aveiro","postalCode":"3880-810","fuels":{"gasoline95":1.924,"gasoline98":2.019,"diesel":1.994,"dieselHeating":1.9,"dieselAgri":1.584},"lastUpdated":"2026-08-03 11:10","extra":{"stationType":"Outro"},"services":["Calibragem de pneus"],"hours":null,"paymentMethods":["Dinheiro"],"otherServices":null,"observations":null}},{"type":"Feature","geometry":{"type":"Point","coordinates":[-8.56826,40.97654]},"properties":{"id":"pt-69826","source":"PT","name":"SANTA MARIA DE LAMAS","brand":"REPSOL","address":"Rua da Ribeirinha","municipality":"Santa Maria da Feira","district":"Aveiro","postalCode":"4535-366","fuels":{"gasoline95":2.019,"gasoline95Plus":2.089,"diesel":2.109,"dieselPremium":2.179},"lastUpdated":"2026-08-03 12:15","extra":{"stationType":"Outro"},"services":["Lavagem","Loja de Conveniência","Venda de carburante de qualidade superior","Venda de gás doméstico em garrafas","WC"],"hours":{"weekdays":"07:00-23:00","saturday":"07:00-23:00","sunday":"07:00-23:00","holiday":"07:00-23:00"},"paymentMethods":["Dinheiro"],"otherServices":null,"observations":null}},{"type":"Feature","geometry":{"type":"Point","coordinates":[-8.54071,40.56099]},"properties":{"id":"pt-70107","source":"PT","name":"BP Fermentelos","brand":"BP","address":"Rua do Viera (EM 600-1)","municipality":"Águeda","district":"Aveiro","postalCode":"3750-466","fuels":{"gasoline95":2.099,"gasoline98Plus":2.299,"diesel":2.199,"dieselPremium":2.319,"dieselAgri":1.744},"lastUpdated":"2026-08-03 07:40","extra":{"stationType":"Outro"},"services":["Loja de Conveniência","Venda de gás doméstico em garrafas","Venda de gasóleo agrícola","WC"],"hours":{"weekdays":"06:30-22:30","saturday":"06:30-22:30","sunday":"06:30-22:30","holiday":"06:30-22:30"},"paymentMethods":["Dinheiro","MbWay","Multibanco"],"otherServices":null,"observations":null}},{"type":"Feature","geometry":{"type":"Point","coordinates":[-8.55662,41.01944]},"properties":{"id":"pt-70271","source":"PT","name":"PA ARGONCILHE","brand":"PRIO","address":"RUA PROFESSOR FERREIRA DA SILVA, 689","municipality":"Santa Maria da Feira","district":"Aveiro","postalCode":"4505-105","fuels":{"gasoline95":2.018,"gasoline95Plus":2.018,"dieselPremium":2.109,"bioDiesel":2.107},"lastUpdated":"2026-08-07 09:50","extra":{"stationType":"Outro"},"services":["Venda de gás doméstico em garrafas"],"hours":{"weekdays":"06:00-22:00","saturday":"06:00-22:00","sunday":"06:00-22:00","holiday":"06:00-22:00"},"paymentMethods":["Dinheiro"],"otherServices":null,"observations":null}},{"type":"Feature","geometry":{"type":"Point","coordinates":[-8.248731,40.925747]},"properties":{"id":"pt-70499","source":"PT","name":"PETROVARIANTE Arouca","brand":"Genérico","address":"RUA DA BOAVISTA","municipality":"Arouca","district":"Aveiro","postalCode":"4540-122","fuels":{"gasoline95":1.939,"gasoline98":2.039,"diesel":1.999,"dieselPremium":2.039,"dieselAgri":1.559},"lastUpdated":"2026-08-03 10:35","extra":{"stationType":"Outro"},"services":["Cafetaria","Loja de Conveniência","Multibanco","WC"],"hours":{"weekdays":"06:30-22:30","saturday":"06:30-22:30","sunday":"06:30-22:30","holiday":"00:00-00:00"},"paymentMethods":["Dinheiro"],"otherServices":null,"observations":null}},{"type":"Feature","geometry":{"type":"Point","coordinates":[-8.637413,40.462242]},"properties":{"id":"pt-70831","source":"PT","name":"PA Martins & Filhos","brand":"Genérico","address":"RUA PRINCIPAL Nº 245 ANDAL - SANTA CATARINA","municipality":"Vagos","district":"Aveiro","postalCode":"3840-572","fuels":{"gasoline95":2.049,"gasoline98":2.229,"diesel":2.134,"dieselPremium":2.154,"dieselHeating":2.164,"dieselAgri":1.739},"lastUpdated":"2026-08-05 11:55","extra":{"stationType":"Outro"},"services":["Cafetaria","Multibanco","Venda de gás doméstico em garrafas","Venda de gasóleo agrícola","Venda de gasóleo para aquecimento","WC"],"hours":{"weekdays":"07:00-22:00","saturday":"07:00-22:00","sunday":"07:00-22:00","holiday":"07:00-22:00"},"paymentMethods":["Dinheiro","MbWay","Multibanco"],"otherServices":null,"observations":null}},{"type":"Feature","geometry":{"type":"Point","coordinates":[-8.62239,40.79308]},"properties":{"id":"pt-70832","source":"PT","name":"GAPOR - Pardilhó","brand":"GAPOR","address":"Rua António Maria da Silva Pinho, nº30","municipality":"Estarreja","district":"Aveiro","postalCode":"3860-431","fuels":{"gasoline95":1.991,"gasoline98":2.159,"diesel":2.074,"dieselAgri":1.664},"lastUpdated":"2026-08-03 15:10","extra":{"stationType":"Outro"},"services":[],"hours":{"weekdays":"07:00-22:00","saturday":"07:00-22:00","sunday":"07:00-22:00","holiday":"07:00-22:00"},"paymentMethods":["Dinheiro"],"otherServices":null,"observations":null}},{"type":"Feature","geometry":{"type":"Point","coordinates":[-8.515641,41.008484]},"properties":{"id":"pt-70857","source":"PT","name":"MANUEL JOSÉ BATISTA CORREIA - PA AB Sanguedo","brand":"ALVES BANDEIRA","address":"Rua Principal n.º 1448","municipality":"Santa Maria da Feira","district":"Aveiro","postalCode":"4505-645","fuels":{"gasoline95":1.999,"gasoline98":2.179,"gasolineMix":2.2,"diesel":2.089,"dieselPremium":2.109,"dieselAgri":1.669},"lastUpdated":"2026-08-03 14:30","extra":{"stationType":"Outro"},"services":["Venda de gás doméstico em garrafas","Venda de gasóleo agrícola","Venda de gasóleo para aquecimento","WC para deficientes"],"hours":{"weekdays":"07:00-23:00","saturday":"07:00-23:00","sunday":"07:00-23:00","holiday":"07:00-23:00"},"paymentMethods":["Dinheiro"],"otherServices":null,"observations":null}},{"type":"Feature","geometry":{"type":"Point","coordinates":[-8.609353,40.972843]},"properties":{"id":"pt-71132","source":"PT","name":"GALP Esmoriz - Gondesende","brand":"GALP","address":"Rua de Gondesende, 1565","municipality":"Ovar","district":"Aveiro","postalCode":"3885-500","fuels":{"gasoline95":2.009,"gasoline95Plus":2.059,"gasoline98Plus":2.219,"diesel":2.104,"dieselPremium":2.154},"lastUpdated":"2026-08-08 00:00","extra":{"stationType":"Outro"},"services":["Cafetaria","Loja de Conveniência","Multibanco","WC"],"hours":{"weekdays":"06:00-00:30","saturday":"06:00-00:30","sunday":"06:00-00:30","holiday":"06:00-00:30"},"paymentMethods":["Dinheiro","MbWay","Multibanco"],"otherServices":null,"observations":null}},{"type":"Feature","geometry":{"type":"Point","coordinates":[-8.675394,40.552475]},"properties":{"id":"pt-71147","source":"PT","name":"PRIO Vagos","brand":"PRIO","address":"EN 333, Avenida Lúcio Vidal, nº157, Ladeira do Mano","municipality":"Vagos","district":"Aveiro","postalCode":"3840-001","fuels":{"gasoline95":2.009,"gasoline95Plus":1.924,"dieselPremium":2.029,"bioDiesel":1.999},"lastUpdated":"2026-08-09 01:15","extra":{"stationType":"Outro"},"services":["Cafetaria","Lavagem","Loja de Conveniência","Multibanco","Venda de gás doméstico em garrafas","WC","WC para deficientes"],"hours":{"weekdays":"07:00-23:00","saturday":"07:00-23:00","sunday":"07:00-23:00","holiday":"07:00-23:00"},"paymentMethods":["Dinheiro","MbWay","Multibanco","Outros"],"otherServices":null,"observations":null}},{"type":"Feature","geometry":{"type":"Point","coordinates":[-8.332094,40.731186]},"properties":{"id":"pt-71665","source":"PT","name":"FERREIRA &FERREIRA COMBUSTIVEIS LDA - ALVES BANDEIRA","brand":"ALVES BANDEIRA","address":"EN 16 (Rua de Vale de Água), nº 3546","municipality":"Sever do Vouga","district":"Aveiro","postalCode":"3740-015","fuels":{"gasoline95":2.069,"gasoline98Plus":2.239,"diesel":2.089,"dieselPremium":2.119,"dieselAgri":1.689},"lastUpdated":"2026-08-03 10:20","extra":{"stationType":"Outro"},"services":["Cafetaria","Loja de Conveniência","Multibanco","Venda de gás doméstico em garrafas","Venda de gasóleo agrícola","WC"],"hours":{"weekdays":"07:00-21:00","saturday":"07:00-21:00","sunday":"07:00-21:00","holiday":"07:00-21:00"},"paymentMethods":["Dinheiro","Multibanco"],"otherServices":null,"observations":null}},{"type":"Feature","geometry":{"type":"Point","coordinates":[-8.37639,40.75491]},"properties":{"id":"pt-72792","source":"PT","name":"BASTOS & BASTOS COBUSTIVEIS LDA","brand":"BP","address":"CASTELÕES - SILVA ESCURA - SEVER DO VOUGA","municipality":"Sever do Vouga","district":"Aveiro","postalCode":"3740-316","fuels":{"gasoline95":2.039,"gasoline98Plus":2.299,"diesel":2.139,"dieselPremium":2.319,"dieselAgri":1.744},"lastUpdated":"2026-08-08 07:00","extra":{"stationType":"Outro"},"services":["Multibanco","Venda de gás doméstico em garrafas","Venda de gasóleo agrícola","WC","WC para deficientes"],"hours":{"weekdays":"07:00-22:00","saturday":"07:00-22:00","sunday":"07:00-22:00","holiday":"07:00-22:00"},"paymentMethods":["Dinheiro","Multibanco"],"otherServices":null,"observations":null}},{"type":"Feature","geometry":{"type":"Point","coordinates":[-8.70414,40.55495]},"properties":{"id":"pt-72913","source":"PT","name":"Malhadauto- Combustiveis, Lda","brand":"REDIL","address":"Estrada da Vagueira\r\n","municipality":"Vagos","district":"Aveiro","postalCode":"3840-417","fuels":{"gasoline95":2.035,"gasoline98":2.22,"diesel":2.119,"dieselPremium":2.188,"dieselHeating":2.132,"dieselAgri":1.725},"lastUpdated":"2026-08-03 11:15","extra":{"stationType":"Outro"},"services":[],"hours":{"weekdays":"07:00-21:00","saturday":"07:00-21:00","sunday":"07:00-21:00","holiday":"07:00-21:00"},"paymentMethods":["Dinheiro"],"otherServices":null,"observations":null}},{"type":"Feature","geometry":{"type":"Point","coordinates":[-8.391024,40.966522]},"properties":{"id":"pt-73032","source":"PT","name":"Posto da Portelada - ALMEIDA & PINHO","brand":"Genérico","address":"Estrada Municipal 504, nº 6655","municipality":"Arouca","district":"Aveiro","postalCode":"4540-573","fuels":{"gasoline95":1.909,"gasoline98":2.009,"diesel":1.979,"dieselPremium":2.029,"dieselAgri":1.6},"lastUpdated":"2026-08-03 18:00","extra":{"stationType":"Outro"},"services":["Cafetaria","Loja de Conveniência","Venda de carburante de qualidade superior","Venda de gás doméstico em garrafas","Venda de gasóleo agrícola","Venda de gasóleo para aquecimento","WC","WC para deficientes"],"hours":{"weekdays":"06:30-22:30","saturday":"06:30-22:30","sunday":"07:00-22:30","holiday":"07:00-22:30"},"paymentMethods":["Dinheiro","MbWay","Multibanco"],"otherServices":null,"observations":null}},{"type":"Feature","geometry":{"type":"Point","coordinates":[-8.67128,40.47856]},"properties":{"id":"pt-73250","source":"PT","name":"Posto de Abastecimento Ponte de Vagos","brand":"Genérico","address":"Rua Principal","municipality":"Vagos","district":"Aveiro","postalCode":"3840-326","fuels":{"gasoline95":2.077,"gasoline98":2.204,"diesel":2.135,"dieselPremium":2.185,"dieselAgri":1.707},"lastUpdated":"2026-08-04 10:05","extra":{"stationType":"Outro"},"services":["Cafetaria","Lavagem","Loja de Conveniência","Venda de gás doméstico em garrafas","Venda de gasóleo agrícola","Venda de gasóleo para aquecimento","WC"],"hours":{"weekdays":"07:00-23:00","saturday":"07:00-23:00","sunday":"07:00-23:00","holiday":"07:00-23:00"},"paymentMethods":["Dinheiro"],"otherServices":null,"observations":"Lavagem manual"}},{"type":"Feature","geometry":{"type":"Point","coordinates":[-8.68458,40.61489]},"properties":{"id":"pt-73796","source":"PT","name":"ENERGETICA  II - ILHAVO","brand":"Genérico","address":"Rua do Norte","municipality":"Ílhavo","district":"Aveiro","postalCode":"3830-167","fuels":{"gasoline95":1.918,"gasoline98":2.028,"diesel":1.888,"dieselPremium":1.899},"lastUpdated":"2026-08-09 05:00","extra":{"stationType":"Outro"},"services":["Cafetaria","Loja de Conveniência","Venda de gasóleo agrícola","WC"],"hours":{"weekdays":"06:30-22:00","saturday":"06:30-22:00","sunday":"06:30-22:00","holiday":"06:30-22:00"},"paymentMethods":["Dinheiro"],"otherServices":null,"observations":null}},{"type":"Feature","geometry":{"type":"Point","coordinates":[-8.64768,40.52158]},"properties":{"id":"pt-73816","source":"PT","name":"E.S. OUCA","brand":"REPSOL","address":"Rua da Estrada, nº14","municipality":"Vagos","district":"Aveiro","postalCode":"3840-302","fuels":{"gasoline95":2.029,"gasoline95Plus":2.089,"diesel":2.119,"dieselPremium":2.179,"dieselAgri":1.704},"lastUpdated":"2026-08-03 10:25","extra":{"stationType":"Outro"},"services":["Cafetaria","Loja de Conveniência","Venda de carburante de qualidade superior","Venda de gás doméstico em garrafas","Venda de gasóleo agrícola","WC","WC para deficientes"],"hours":{"weekdays":"07:00-22:00","saturday":"07:00-22:00","sunday":"08:00-13:00","holiday":"08:00-13:00"},"paymentMethods":["Dinheiro"],"otherServices":null,"observations":null}},{"type":"Feature","geometry":{"type":"Point","coordinates":[-8.41113,40.94135]},"properties":{"id":"pt-74168","source":"PT","name":"BP Escariz","brand":"BP","address":"EN 326 Km 23,75","municipality":"Arouca","district":"Aveiro","postalCode":"4540-302","fuels":{"gasoline95":2.099,"gasoline98Plus":2.299,"diesel":2.199,"dieselPremium":2.319},"lastUpdated":"2026-08-03 12:00","extra":{"stationType":"Outro"},"services":["Cafetaria","Lavagem","Loja de Conveniência","Multibanco","Venda de gás doméstico em garrafas","Venda de gasóleo agrícola","WC","WC para deficientes"],"hours":{"weekdays":"07:00-22:00","saturday":"07:00-22:00","sunday":"07:00-22:00","holiday":"07:00-22:00"},"paymentMethods":["Dinheiro","Multibanco"],"otherServices":null,"observations":null}},{"type":"Feature","geometry":{"type":"Point","coordinates":[-8.528302,40.81305]},"properties":{"id":"pt-74973","source":"PT","name":"TFGest - Loureiro","brand":"FREITAS","address":"Rua do Barão, 1433","municipality":"Oliveira de Azeméis","district":"Aveiro","postalCode":"3720-051","fuels":{"gasoline95":2.009,"gasoline98Plus":2.209,"diesel":2.089,"dieselPremium":2.109,"dieselHeating":2.13,"dieselAgri":1.669},"lastUpdated":"2026-08-03 23:00","extra":{"stationType":"Outro"},"services":["Calibragem de pneus"],"hours":null,"paymentMethods":["Dinheiro"],"otherServices":null,"observations":null}},{"type":"Feature","geometry":{"type":"Point","coordinates":[-8.49672,40.91904]},"properties":{"id":"pt-75020","source":"PT","name":"PD ARRIFANA","brand":"PINGO DOCE","address":"Rua Pedro Alvares Cabral","municipality":"Santa Maria da Feira","district":"Aveiro","postalCode":"3700-530","fuels":{"gasoline95":1.943,"gasoline98Plus":2.299,"diesel":2.001,"dieselPremium":2.319},"lastUpdated":"2026-08-04 00:00","extra":{"stationType":"Outro"},"services":[],"hours":{"weekdays":"Aberto 24 horas","saturday":"Aberto 24 horas","sunday":"Aberto 24 horas","holiday":"Aberto 24 horas"},"paymentMethods":["Dinheiro"],"otherServices":null,"observations":null}},{"type":"Feature","geometry":{"type":"Point","coordinates":[-8.56964,40.988379]},"properties":{"id":"pt-75625","source":"PT","name":"Q8  Mozelos","brand":"Q8","address":"AV. ALBERTINA FERREIRA DE AMORIM, 642","municipality":"Santa Maria da Feira","district":"Aveiro","postalCode":"4535-202","fuels":{"gasoline95":1.939,"gasoline98":2.029,"diesel":1.999},"lastUpdated":"2026-08-03 09:40","extra":{"stationType":"Outro"},"services":["Assistência auto","Cafetaria","Loja de Conveniência","Multibanco","Venda de gás doméstico em garrafas","Venda de gasóleo para aquecimento","WC","WC para deficientes","AUTOvoucher"],"hours":{"weekdays":"07:00-22:00","saturday":"07:00-22:00","sunday":"07:00-22:00","holiday":"07:00-22:00"},"paymentMethods":["Dinheiro","Multibanco"],"otherServices":null,"observations":null}},{"type":"Feature","geometry":{"type":"Point","coordinates":[-8.536716,40.93968]},"properties":{"id":"pt-76589","source":"PT","name":"CFSJMGE-CRL_SEDE1","brand":"Genérico","address":"Rua Moinho das Campainhas, 1","municipality":"Santa Maria da Feira","district":"Aveiro","postalCode":"4520-240","fuels":{"gasoline95":1.979,"gasoline98":2.119,"diesel":2.089,"dieselAgri":1.619},"lastUpdated":"2026-08-03 11:50","extra":{"stationType":"Outro"},"services":["Calibragem de pneus"],"hours":{"weekdays":"07:00-21:00","saturday":"07:00-21:00","sunday":"07:00-21:00","holiday":"07:00-21:00"},"paymentMethods":["Dinheiro"],"otherServices":null,"observations":null}},{"type":"Feature","geometry":{"type":"Point","coordinates":[-8.60527,41.00042]},"properties":{"id":"pt-77274","source":"PT","name":"Anta - Espinho \"TOTAL\"","brand":"CEPSA","address":"Rua de Esmojães","municipality":"Espinho","district":"Aveiro","postalCode":"4500-063","fuels":{"gasoline95":2.043,"gasoline98Plus":2.255,"diesel":2.119,"dieselPremium":2.169,"lpg":0.996},"lastUpdated":"2026-08-03 00:00","extra":{"stationType":"Outro"},"services":["Cafetaria","Lavagem","Loja de Conveniência","Multibanco","Venda de gás doméstico em garrafas","WC","WC para deficientes"],"hours":{"weekdays":"07:00-23:00","saturday":"07:00-23:00","sunday":"07:00-23:00","holiday":"07:00-23:00"},"paymentMethods":["Dinheiro"],"otherServices":null,"observations":null}},{"type":"Feature","geometry":{"type":"Point","coordinates":[-8.57014,40.76239]},"properties":{"id":"pt-77740","source":"PT","name":"PD ESTARREJA","brand":"PINGO DOCE","address":"Rua Dr. Tavares da Silva","municipality":"Estarreja","district":"Aveiro","postalCode":"3860-078","fuels":{"gasoline95":1.943,"gasoline98Plus":2.299,"diesel":2.001,"dieselPremium":2.319},"lastUpdated":"2026-08-04 00:00","extra":{"stationType":"Outro"},"services":[],"hours":{"weekdays":"Aberto 24 horas","saturday":"Aberto 24 horas","sunday":"Aberto 24 horas","holiday":"Aberto 24 horas"},"paymentMethods":["Dinheiro"],"otherServices":null,"observations":null}},{"type":"Feature","geometry":{"type":"Point","coordinates":[-8.48229,40.82735]},"properties":{"id":"pt-77779","source":"PT","name":"Intermarché Oliveira Azeméis","brand":"INTERMARCHÉ","address":"Av. Dona Maria I","municipality":"Oliveira de Azeméis","district":"Aveiro","postalCode":"3720-300","fuels":{"gasoline95":1.879,"gasoline95Plus":1.929,"diesel":1.979,"dieselPremium":2.029},"lastUpdated":"2026-08-04 08:00","extra":{"stationType":"Outro"},"services":["Multibanco"],"hours":{"weekdays":"Aberto 24 horas","saturday":"Aberto 24 horas","sunday":"Aberto 24 horas","holiday":"Aberto 24 horas"},"paymentMethods":["Dinheiro"],"otherServices":null,"observations":null}},{"type":"Feature","geometry":{"type":"Point","coordinates":[-8.53776,40.9701]},"properties":{"id":"pt-77807","source":"PT","name":"PD LOUROSA TRAVANCA","brand":"PINGO DOCE","address":"Lugar da Aldeira Nova","municipality":"Santa Maria da Feira","district":"Aveiro","postalCode":"4520-802","fuels":{"gasoline95":1.943,"gasoline98Plus":2.299,"diesel":2.001,"dieselPremium":2.319},"lastUpdated":"2026-08-04 00:00","extra":{"stationType":"Outro"},"services":[],"hours":{"weekdays":"Aberto 24 horas","saturday":"Aberto 24 horas","sunday":"Aberto 24 horas","holiday":"Aberto 24 horas"},"paymentMethods":["Dinheiro"],"otherServices":null,"observations":null}},{"type":"Feature","geometry":{"type":"Point","coordinates":[-8.67896,40.58678]},"properties":{"id":"pt-78278","source":"PT","name":"Intermarche de Ílhavo","brand":"INTERMARCHÉ","address":"Estrada da Ponte","municipality":"Ílhavo","district":"Aveiro","postalCode":"3830-309","fuels":{"gasoline95":1.849,"gasoline98":1.999,"diesel":1.964,"dieselPremium":1.965},"lastUpdated":"2026-08-03 13:45","extra":{"stationType":"Outro"},"services":[],"hours":{"weekdays":"Aberto 24 horas","saturday":"Aberto 24 horas","sunday":"Aberto 24 horas","holiday":"Aberto 24 horas"},"paymentMethods":["Dinheiro"],"otherServices":null,"observations":null}},{"type":"Feature","geometry":{"type":"Point","coordinates":[-8.42309,40.88133]},"properties":{"id":"pt-78410","source":"PT","name":"PETROINSUA","brand":"Genérico","address":"Av. da República - Fontanheira","municipality":"Oliveira de Azeméis","district":"Aveiro","postalCode":"3720-024","fuels":{"gasoline95":1.939,"gasoline98":2.039,"diesel":1.999,"dieselPremium":2.039,"dieselAgri":1.559},"lastUpdated":"2026-08-03 10:55","extra":{"stationType":"Outro"},"services":["Cafetaria","Calibragem de pneus","Lavagem","Loja de Conveniência","Venda de gasóleo agrícola","Venda de gasóleo para aquecimento","WC","WC para deficientes","AUTOvoucher"],"hours":{"weekdays":"06:30-22:30","saturday":"06:30-22:30","sunday":"06:30-22:30","holiday":"06:30-22:30"},"paymentMethods":["Dinheiro","MbWay","Multibanco"],"otherServices":null,"observations":"LOJA CONVE"}},{"type":"Feature","geometry":{"type":"Point","coordinates":[-8.49257,40.91203]},"properties":{"id":"pt-79517","source":"PT","name":"INTERMARCHE DE ARRIFANA","brand":"INTERMARCHÉ","address":"Rua Aliança Futebol Clube","municipality":"Santa Maria da Feira","district":"Aveiro","postalCode":"3700-414","fuels":{"gasoline95":1.899,"gasoline95Plus":1.959,"diesel":1.939,"dieselPremium":1.969},"lastUpdated":"2026-08-03 12:15","extra":{"stationType":"Outro"},"services":["Multibanco"],"hours":{"weekdays":"Aberto 24 horas","saturday":"Aberto 24 horas","sunday":"Aberto 24 horas","holiday":"Aberto 24 horas"},"paymentMethods":["Dinheiro","MbWay","Multibanco"],"otherServices":null,"observations":null}},{"type":"Feature","geometry":{"type":"Point","coordinates":[-8.483442,40.370058]},"properties":{"id":"pt-79564","source":"PT","name":"ALVES BANDEIRA Mealhada","brand":"ALVES BANDEIRA","address":"Zona Industrial da Pedrulha, Lote 10","municipality":"Mealhada","district":"Aveiro","postalCode":"3050-183","fuels":{"gasoline95":2.039,"diesel":2.124,"dieselPremium":2.144,"dieselHeating":2.164,"dieselAgri":1.699},"lastUpdated":"2026-08-03 11:30","extra":{"stationType":"Outro"},"services":["Cafetaria","Loja de Conveniência","Multibanco","Restaurante","Venda de gás doméstico em garrafas","Venda de gasóleo agrícola","WC","WC para deficientes"],"hours":{"weekdays":"07:00-22:00","saturday":"07:00-21:00","sunday":"09:00-17:00","holiday":"09:00-17:00"},"paymentMethods":["Dinheiro","MbWay","Multibanco","Outros"],"otherServices":null,"observations":null}},{"type":"Feature","geometry":{"type":"Point","coordinates":[-8.36181,41.04179]},"properties":{"id":"pt-79603","source":"PT","name":"POSTO DA RAIVA","brand":"ALVES BANDEIRA","address":"Lugar da Estação","municipality":"Castelo de Paiva","district":"Aveiro","postalCode":"4550-596","fuels":{"gasoline95":2.079,"gasoline98":2.229,"diesel":2.164,"dieselPremium":2.184,"dieselAgri":1.739},"lastUpdated":"2026-08-03 14:30","extra":{"stationType":"Outro"},"services":["Assistência auto","Calibragem de pneus","Lavagem","Multibanco","Venda de gás doméstico em garrafas","Venda de gasóleo agrícola","Venda de gasóleo para aquecimento","WC","WC para deficientes"],"hours":{"weekdays":"06:30-22:30","saturday":"06:30-22:30","sunday":"06:30-22:30","holiday":"06:30-22:30"},"paymentMethods":["Dinheiro","Multibanco"],"otherServices":null,"observations":"Serviços A"}},{"type":"Feature","geometry":{"type":"Point","coordinates":[-8.575613,40.992317]},"properties":{"id":"pt-80402","source":"PT","name":"GALP Mozelos - Franclim Prata","brand":"GALP","address":"Rua de Meladas, 915","municipality":"Santa Maria da Feira","district":"Aveiro","postalCode":"4535-186","fuels":{"gasoline95":2.009,"gasoline95Plus":2.059,"diesel":2.104,"dieselPremium":2.154},"lastUpdated":"2026-08-08 00:00","extra":{"stationType":"Outro"},"services":["Cafetaria","Loja de Conveniência","Venda de gás doméstico em garrafas","WC","WC para deficientes"],"hours":{"weekdays":"07:00-23:00","saturday":"07:00-23:00","sunday":"07:00-23:00","holiday":"07:00-23:00"},"paymentMethods":["Dinheiro","MbWay","Multibanco"],"otherServices":null,"observations":null}},{"type":"Feature","geometry":{"type":"Point","coordinates":[-8.48574,40.50806]},"properties":{"id":"pt-81117","source":"PT","name":"PD OLIVEIRA DO BAIRRO","brand":"PINGO DOCE","address":"R. de S. Sebastião, EN235","municipality":"Oliveira do Bairro","district":"Aveiro","postalCode":"3770-221","fuels":{"gasoline95":1.943,"gasoline98Plus":2.299,"diesel":2.001,"dieselPremium":2.319},"lastUpdated":"2026-08-04 00:00","extra":{"stationType":"Outro"},"services":["Multibanco"],"hours":{"weekdays":"09:00-21:00","saturday":"09:00-21:00","sunday":"09:00-21:00","holiday":"09:00-21:00"},"paymentMethods":["Dinheiro"],"otherServices":null,"observations":null}},{"type":"Feature","geometry":{"type":"Point","coordinates":[-8.37964,40.73628]},"properties":{"id":"pt-83296","source":"PT","name":"Ferreira, Silva e Espirito Lda","brand":"Genérico","address":"Zona Industrial dos Padrões n.º 587","municipality":"Sever do Vouga","district":"Aveiro","postalCode":"3740-295","fuels":{"gasoline95":1.955,"gasoline98":2.035,"diesel":2.019,"dieselPremium":2.059,"lpg":1.159},"lastUpdated":"2026-08-06 07:00","extra":{"stationType":"Outro"},"services":["Calibragem de pneus","Multibanco","Venda de gás doméstico em garrafas","Venda de gasóleo para aquecimento","WC"],"hours":{"weekdays":"07:00-20:00","saturday":"07:00-20:00","sunday":"08:00-14:00","holiday":"08:00-14:00"},"paymentMethods":["Dinheiro","MbWay","Multibanco"],"otherServices":null,"observations":"Venda de gasóleo para aquecimento ao domicilio"}},{"type":"Feature","geometry":{"type":"Point","coordinates":[-8.33056,40.66011]},"properties":{"id":"pt-83310","source":"PT","name":"Rede Nova Talhadas","brand":"NOVA","address":"Rua Senhora da Graça nº 3","municipality":"Sever do Vouga","district":"Aveiro","postalCode":"3740-412","fuels":{"gasoline95":1.989,"gasoline95Plus":2.089,"diesel":2.019,"dieselPremium":2.049,"dieselAgri":1.569},"lastUpdated":"2026-08-03 21:50","extra":{"stationType":"Outro"},"services":["Calibragem de pneus"],"hours":{"weekdays":"06:30-21:30","saturday":"06:30-21:30","sunday":"06:30-21:30","holiday":"06:30-21:30"},"paymentMethods":["Dinheiro"],"otherServices":null,"observations":null}},{"type":"Feature","geometry":{"type":"Point","coordinates":[-8.42595511,40.91811965]},"properties":{"id":"pt-83801","source":"PT","name":"GASPE - Fajões","brand":"GASPE","address":"R. dos Bombeiros Voluntários, 208 ","municipality":"Oliveira de Azeméis","district":"Aveiro","postalCode":"3700-660","fuels":{"gasoline95":1.892,"gasoline95Plus":1.932,"diesel":1.979,"dieselPremium":2.019,"dieselAgri":1.725},"lastUpdated":"2026-08-04 09:55","extra":{"stationType":"Outro"},"services":[],"hours":{"weekdays":"07:00-21:00","saturday":"07:00-21:00","sunday":"07:00-21:00","holiday":"07:00-21:00"},"paymentMethods":["Dinheiro","Multibanco"],"otherServices":null,"observations":null}},{"type":"Feature","geometry":{"type":"Point","coordinates":[-8.48844,40.68259]},"properties":{"id":"pt-84281","source":"PT","name":"Intermarché de Albergaria-a-velha","brand":"INTERMARCHÉ","address":"Rua D. Dinis, Assilhó","municipality":"Albergaria-a-Velha","district":"Aveiro","postalCode":"3850-226","fuels":{"gasoline95":1.939,"gasoline98":2.029,"diesel":2.019,"dieselPremium":2.039},"lastUpdated":"2026-08-04 00:05","extra":{"stationType":"Outro"},"services":["Venda de gás doméstico em garrafas"],"hours":{"weekdays":"Aberto 24 horas","saturday":"Aberto 24 horas","sunday":"Aberto 24 horas","holiday":"Aberto 24 horas"},"paymentMethods":["Dinheiro"],"otherServices":null,"observations":null}},{"type":"Feature","geometry":{"type":"Point","coordinates":[-8.44424,40.5517]},"properties":{"id":"pt-84384","source":"PT","name":"INTERMARCHE AGUEDA","brand":"INTERMARCHÉ","address":"Rua do Alteiralto 81","municipality":"Águeda","district":"Aveiro","postalCode":"3750-855","fuels":{"gasoline95":1.859,"gasoline95Plus":1.899,"diesel":1.919,"dieselPremium":1.969},"lastUpdated":"2026-08-08 07:00","extra":{"stationType":"Outro"},"services":[],"hours":{"weekdays":"Aberto 24 horas","saturday":"Aberto 24 horas","sunday":"Aberto 24 horas","holiday":"Aberto 24 horas"},"paymentMethods":["Dinheiro"],"otherServices":null,"observations":null}},{"type":"Feature","geometry":{"type":"Point","coordinates":[-8.50246,40.92133]},"properties":{"id":"pt-84635","source":"PT","name":"PETROVAZ - ARRIFANA","brand":"PETROVAZ","address":"R. Terras Santa Maria","municipality":"Santa Maria da Feira","district":"Aveiro","postalCode":"3700-393","fuels":{"gasoline95":1.904,"gasoline98":1.989,"diesel":1.944,"dieselPremium":1.974},"lastUpdated":"2026-08-03 11:10","extra":{"stationType":"Outro"},"services":["Cafetaria","Lavagem","Loja de Conveniência","Multibanco","Venda de carburante de qualidade superior","Venda de gás doméstico em garrafas","WC","WC para deficientes","AUTOvoucher"],"hours":{"weekdays":"07:00-23:00","saturday":"07:00-23:00","sunday":"07:00-23:00","holiday":"07:00-23:00"},"paymentMethods":["Dinheiro","MbWay","Multibanco"],"otherServices":null,"observations":null}},{"type":"Feature","geometry":{"type":"Point","coordinates":[-8.554556,41.008106]},"properties":{"id":"pt-84735","source":"PT","name":"Posto GNV Dourogás - Gaia Sul Picoto","brand":"DOUROGAS NATURAL","address":"EN 1 – Mozelos Rotunda Argoncilhe 4505-007 Mozelos – Santa Maria da Feira","municipality":"Santa Maria da Feira","district":"Aveiro","postalCode":"4505-007","fuels":{"cngm3":3.016,"lng":3.279},"lastUpdated":"2026-08-07 12:00","extra":{"stationType":"Outro"},"services":["Calibragem de pneus"],"hours":null,"paymentMethods":["Dinheiro"],"otherServices":null,"observations":null}},{"type":"Feature","geometry":{"type":"Point","coordinates":[-8.45217,40.37173]},"properties":{"id":"pt-84823","source":"PT","name":"INTERMARCHÉ MEALHADA","brand":"INTERMARCHÉ","address":"Lugar das Pedrinhas\nEdifício Intermarché","municipality":"Mealhada","district":"Aveiro","postalCode":"3050-343","fuels":{"gasoline95":1.887,"gasoline95Plus":1.917,"diesel":1.967,"dieselPremium":1.997},"lastUpdated":"2026-08-04 20:30","extra":{"stationType":"Outro"},"services":["Cafetaria","Multibanco","Venda de gás doméstico em garrafas","Venda de gasóleo para aquecimento","WC"],"hours":{"weekdays":"Aberto 24 horas","saturday":"Aberto 24 horas","sunday":"Aberto 24 horas","holiday":"Aberto 24 horas"},"paymentMethods":["Dinheiro"],"otherServices":null,"observations":null}},{"type":"Feature","geometry":{"type":"Point","coordinates":[-8.51387,40.81559]},"properties":{"id":"pt-85363","source":"PT","name":"Comércio Combustíveis Rosinha, Unipessoal, Lda.","brand":"Genérico","address":"R. do Barão, 171","municipality":"Oliveira de Azeméis","district":"Aveiro","postalCode":"3720-069","fuels":{"gasoline95":2.029,"gasoline98":2.129,"diesel":2.089,"dieselPremium":2.089,"dieselAgri":1.719},"lastUpdated":"2026-08-05 07:00","extra":{"stationType":"Outro"},"services":["Cafetaria","Venda de gás doméstico em garrafas","Venda de gasóleo agrícola","Venda de gasóleo para aquecimento","WC","WC para deficientes"],"hours":{"weekdays":"07:00-23:00","saturday":"07:00-23:00","sunday":"07:00-23:00","holiday":"07:00-23:00"},"paymentMethods":["Dinheiro"],"otherServices":null,"observations":null}},{"type":"Feature","geometry":{"type":"Point","coordinates":[-8.61599,40.60948]},"properties":{"id":"pt-86856","source":"PT","name":"PRIO SÃO BERNARDO","brand":"PRIO","address":"Rua da Cega, 204","municipality":"Aveiro","district":"Aveiro","postalCode":"3810-232","fuels":{"gasoline95":1.999,"gasoline95Plus":1.989,"diesel":2.094,"dieselPremium":2.084,"dieselAgri":1.669},"lastUpdated":"2026-08-03 00:05","extra":{"stationType":"Outro"},"services":["Cafetaria","Loja de Conveniência","Multibanco","Venda de gás doméstico em garrafas","Venda de gasóleo agrícola","WC","WC para deficientes"],"hours":{"weekdays":"Aberto 24 horas","saturday":"Aberto 24 horas","sunday":"Aberto 24 horas","holiday":"Aberto 24 horas"},"paymentMethods":["Dinheiro"],"otherServices":null,"observations":"Pagamentos e carregamentos PAGAQUI"}},{"type":"Feature","geometry":{"type":"Point","coordinates":[-8.46624,41.0057]},"properties":{"id":"pt-87345","source":"PT","name":"INTERMARCHE CANEDO","brand":"INTERMARCHÉ","address":"R. Principal Lugar do Mosteiro","municipality":"Santa Maria da Feira","district":"Aveiro","postalCode":"4525-189","fuels":{"gasoline95":1.892,"gasoline95Plus":1.932,"diesel":1.979,"dieselPremium":2.019},"lastUpdated":"2026-08-04 07:30","extra":{"stationType":"Outro"},"services":[],"hours":{"weekdays":"Aberto 24 horas","saturday":"Aberto 24 horas","sunday":"Aberto 24 horas","holiday":"Aberto 24 horas"},"paymentMethods":["Dinheiro"],"otherServices":null,"observations":null}},{"type":"Feature","geometry":{"type":"Point","coordinates":[-8.265675,41.043894]},"properties":{"id":"pt-87586","source":"PT","name":"Intermarché Castelo de Paiva","brand":"INTERMARCHÉ","address":"Rua Jean Tyssen, nº 100 - Sobrado","municipality":"Castelo de Paiva","district":"Aveiro","postalCode":"4550-131","fuels":{"gasoline95":1.899,"gasoline95Plus":1.939,"diesel":1.999,"dieselPremium":2.039},"lastUpdated":"2026-08-03 00:00","extra":{"stationType":"Outro"},"services":["Calibragem de pneus","Multibanco"],"hours":{"weekdays":"Aberto 24 horas","saturday":"Aberto 24 horas","sunday":"Aberto 24 horas","holiday":"Aberto 24 horas"},"paymentMethods":["Dinheiro","MbWay","Multibanco"],"otherServices":null,"observations":null}},{"type":"Feature","geometry":{"type":"Point","coordinates":[-8.482547,40.712616]},"properties":{"id":"pt-87619","source":"PT","name":"BXPRESS ALBERGARIA","brand":"BXPRESS","address":"Areeiro - Feira NovA","municipality":"Albergaria-a-Velha","district":"Aveiro","postalCode":"3850-200","fuels":{"gasoline95":1.959,"diesel":1.999},"lastUpdated":"2026-08-03 11:20","extra":{"stationType":"Outro"},"services":["Calibragem de pneus"],"hours":{"weekdays":"Aberto 24 horas","saturday":"Aberto 24 horas","sunday":"Aberto 24 horas","holiday":"Aberto 24 horas"},"paymentMethods":["Multibanco"],"otherServices":null,"observations":null}},{"type":"Feature","geometry":{"type":"Point","coordinates":[-8.536321,40.50667]},"properties":{"id":"pt-88747","source":"PT","name":"Cepsa Oliveira do Bairro","brand":"CEPSA","address":"Est. Vila Verde","municipality":"Oliveira do Bairro","district":"Aveiro","postalCode":"3770-305","fuels":{"gasoline95":1.965,"diesel":2.061,"dieselPremium":2.11,"dieselAgri":1.606,"lpg":0.943},"lastUpdated":"2026-08-03 16:15","extra":{"stationType":"Outro"},"services":[],"hours":{"weekdays":"07:00-22:00","saturday":"07:00-22:00","sunday":"07:00-22:00","holiday":"07:00-22:00"},"paymentMethods":["Dinheiro","MbWay","Multibanco"],"otherServices":null,"observations":null}},{"type":"Feature","geometry":{"type":"Point","coordinates":[-8.53602,40.54418]},"properties":{"id":"pt-88827","source":"PT","name":"NOVA Oiã","brand":"NOVA","address":"Rua 30 de Junho","municipality":"Oliveira do Bairro","district":"Aveiro","postalCode":"3770-059","fuels":{"gasoline95":1.989,"gasoline98":2.065,"gasolineMix":2.4,"diesel":2.068,"dieselPremium":2.098,"dieselAgri":1.615},"lastUpdated":"2026-08-03 13:10","extra":{"stationType":"Outro"},"services":["Cafetaria"],"hours":{"weekdays":"07:00-21:00","saturday":"07:00-21:00","sunday":"07:00-21:00","holiday":"07:00-21:00"},"paymentMethods":["Dinheiro"],"otherServices":null,"observations":null}},{"type":"Feature","geometry":{"type":"Point","coordinates":[-8.70677,40.628323]},"properties":{"id":"pt-89418","source":"PT","name":"PRIO A25 Aveiro - Praias","brand":"PRIO","address":"A25 – Km 4, Aveiro/Barra (Gafanha da Nazaré)","municipality":"Ílhavo","district":"Aveiro","postalCode":"3830-751","fuels":{"gasoline95":2.009,"gasoline95Plus":1.944,"dieselPremium":2.044,"bioDiesel":2.014},"lastUpdated":"2026-08-09 01:15","extra":{"stationType":"Auto-estrada"},"services":["Cafetaria","Calibragem de pneus","Descanso de pesados","Venda de gás doméstico em garrafas","WC","WC para deficientes"],"hours":{"weekdays":"Aberto 24 horas","saturday":"Aberto 24 horas","sunday":"Aberto 24 horas","holiday":"Aberto 24 horas"},"paymentMethods":["Dinheiro","MbWay","Multibanco","Outros"],"otherServices":null,"observations":null}},{"type":"Feature","geometry":{"type":"Point","coordinates":[-8.705771,40.62786]},"properties":{"id":"pt-89437","source":"PT","name":"PRIO A25 Praias - Aveiro","brand":"PRIO","address":"A25 – Km 4, Barra/Aveiro","municipality":"Ílhavo","district":"Aveiro","postalCode":"3830-751","fuels":{"gasoline95":2.009,"gasoline95Plus":1.944,"dieselPremium":2.044,"dieselAgri":1.604,"bioDiesel":2.014},"lastUpdated":"2026-08-09 01:15","extra":{"stationType":"Auto-estrada"},"services":["Cafetaria","Calibragem de pneus","Descanso de pesados","Loja de Conveniência","Multibanco","Venda de carburante de qualidade superior","Venda de gás doméstico em garrafas","Venda de gasóleo agrícola","WC","WC para deficientes"],"hours":{"weekdays":"Aberto 24 horas","saturday":"Aberto 24 horas","sunday":"Aberto 24 horas","holiday":"Aberto 24 horas"},"paymentMethods":["Dinheiro","MbWay","Multibanco","Outros"],"otherServices":null,"observations":null}},{"type":"Feature","geometry":{"type":"Point","coordinates":[-8.627844,41.008244]},"properties":{"id":"pt-89665","source":"PT","name":"PA BP Espinho","brand":"BP","address":"Rua 19, 1538 Anta","municipality":"Espinho","district":"Aveiro","postalCode":"4500-251","fuels":{"gasoline95":2.059,"gasoline98Plus":2.299,"diesel":2.159,"dieselPremium":2.319},"lastUpdated":"2026-08-08 00:00","extra":{"stationType":"Outro"},"services":["Cafetaria","Loja de Conveniência","Multibanco","WC"],"hours":null,"paymentMethods":["Dinheiro"],"otherServices":null,"observations":null}},{"type":"Feature","geometry":{"type":"Point","coordinates":[-8.722008,40.627495]},"properties":{"id":"pt-90242","source":"PT","name":"INTERMARCHE GAFANHA DA NAZARE","brand":"INTERMARCHÉ","address":"R. Maria da Luz Rocha","municipality":"Ílhavo","district":"Aveiro","postalCode":"3830-793","fuels":{"gasoline95":1.849,"gasoline95Plus":1.879,"diesel":1.964,"dieselPremium":1.965},"lastUpdated":"2026-08-03 13:50","extra":{"stationType":"Outro"},"services":[],"hours":{"weekdays":"Aberto 24 horas","saturday":"Aberto 24 horas","sunday":"Aberto 24 horas","holiday":"Aberto 24 horas"},"paymentMethods":["Dinheiro"],"otherServices":null,"observations":null}},{"type":"Feature","geometry":{"type":"Point","coordinates":[-8.424232,40.91826]},"properties":{"id":"pt-90496","source":"PT","name":"Intermarché Fajões","brand":"INTERMARCHÉ","address":"Lugar do Cruzeiro","municipality":"Oliveira de Azeméis","district":"Aveiro","postalCode":"3700-672","fuels":{"gasoline95":1.892,"gasoline95Plus":1.932,"diesel":1.979,"dieselPremium":2.019},"lastUpdated":"2026-08-04 07:05","extra":{"stationType":"Outro"},"services":[],"hours":{"weekdays":"Aberto 24 horas","saturday":"Aberto 24 horas","sunday":"Aberto 24 horas","holiday":"Aberto 24 horas"},"paymentMethods":["Dinheiro"],"otherServices":null,"observations":null}},{"type":"Feature","geometry":{"type":"Point","coordinates":[-8.65511,40.61869]},"properties":{"id":"pt-90681","source":"PT","name":"PRIO Verdemilho","brand":"PRIO","address":"Rua Conselheiro QueirózNacional 109","municipality":"Aveiro","district":"Aveiro","postalCode":"3810-414","fuels":{"gasoline95":2.009,"gasoline95Plus":1.964,"dieselPremium":2.084,"bioDiesel":2.054,"lpg":0.909},"lastUpdated":"2026-08-09 01:15","extra":{"stationType":"Outro"},"services":["Cafetaria","Calibragem de pneus","Loja de Conveniência","Multibanco","Restaurante","Venda de carburante de qualidade superior","Venda de gás doméstico em garrafas","WC","WC com fraldário","WC para deficientes"],"hours":{"weekdays":"07:00-23:00","saturday":"07:00-23:00","sunday":"07:00-23:00","holiday":"07:00-23:00"},"paymentMethods":["Dinheiro","MbWay","Multibanco","Outros"],"otherServices":null,"observations":null}},{"type":"Feature","geometry":{"type":"Point","coordinates":[-8.662867,40.605769]},"properties":{"id":"pt-91852","source":"PT","name":"PA BP ILHAVO","brand":"BP","address":"R. Dr Dinis Gomes","municipality":"Ílhavo","district":"Aveiro","postalCode":"3830-188","fuels":{"gasoline95":2.049,"gasoline98Plus":2.299,"diesel":2.149,"dieselPremium":2.319},"lastUpdated":"2026-08-03 00:00","extra":{"stationType":"Outro"},"services":["Cafetaria","Loja de Conveniência","Multibanco","Venda de gás doméstico em garrafas","Venda de gasóleo agrícola","WC","WC para deficientes"],"hours":{"weekdays":"07:00-00:00","saturday":"07:00-00:00","sunday":"07:00-00:00","holiday":"07:00-00:00"},"paymentMethods":["Dinheiro"],"otherServices":null,"observations":null}},{"type":"Feature","geometry":{"type":"Point","coordinates":[-8.639779,40.637491]},"properties":{"id":"pt-91972","source":"PT","name":"Posto BP Aveiro Forca","brand":"BP","address":"Av. Francisco Sá Carneiro Forca","municipality":"Aveiro","district":"Aveiro","postalCode":"3810-265","fuels":{"gasoline95":2.029,"gasoline98Plus":2.299,"diesel":2.129,"dieselPremium":2.319,"lpg":0.969},"lastUpdated":"2026-08-03 09:15","extra":{"stationType":"Outro"},"services":["Cafetaria","Lavagem","Loja de Conveniência","Multibanco","Venda de gás doméstico em garrafas","WC","WC para deficientes"],"hours":{"weekdays":"Aberto 24 horas","saturday":"Aberto 24 horas","sunday":"Aberto 24 horas","holiday":"Aberto 24 horas"},"paymentMethods":["Dinheiro","MbWay","Multibanco"],"otherServices":null,"observations":null}},{"type":"Feature","geometry":{"type":"Point","coordinates":[-8.460683,40.86472]},"properties":{"id":"pt-92151","source":"PT","name":"P09 – PRIO Bustelo - Oliveira Azeméis","brand":"PRIO","address":"Rua do Centro Vidreiro, 1285","municipality":"Oliveira de Azeméis","district":"Aveiro","postalCode":"3720-626","fuels":{"gasoline95":2.009,"gasoline95Plus":1.939,"dieselPremium":2.034,"bioDiesel":2.004},"lastUpdated":"2026-08-09 01:15","extra":{"stationType":"Outro"},"services":["Calibragem de pneus"],"hours":{"weekdays":"07:00-22:00","saturday":"07:00-22:00","sunday":"07:00-22:00","holiday":"07:00-22:00"},"paymentMethods":["Dinheiro","MbWay","Multibanco","Outros"],"otherServices":null,"observations":null}},{"type":"Feature","geometry":{"type":"Point","coordinates":[-8.46309,41.01033]},"properties":{"id":"pt-92264","source":"PT","name":"Canedo","brand":"PRIO","address":"R. Principal de Canedo","municipality":"Santa Maria da Feira","district":"Aveiro","postalCode":"4525-189","fuels":{"gasoline95":1.964,"gasoline95Plus":1.934,"dieselPremium":2.034,"bioDiesel":2.004},"lastUpdated":"2026-08-03 10:50","extra":{"stationType":"Outro"},"services":["Cafetaria","Loja de Conveniência","Venda de gás doméstico em garrafas","WC","WC para deficientes"],"hours":{"weekdays":"Aberto 24 horas","saturday":"Aberto 24 horas","sunday":"Aberto 24 horas","holiday":"Aberto 24 horas"},"paymentMethods":["Dinheiro","Multibanco"],"otherServices":null,"observations":"Ar e Agua"}},{"type":"Feature","geometry":{"type":"Point","coordinates":[-8.598876,40.848694]},"properties":{"id":"pt-92984","source":"PT","name":"P44 - PRIO Ovar (Sul)","brand":"PRIO","address":"Av. Dona Maria, 172","municipality":"Ovar","district":"Aveiro","postalCode":"3880-647","fuels":{"gasoline95":2.009,"dieselPremium":2.049,"dieselAgri":1.574,"bioDiesel":2.019},"lastUpdated":"2026-08-09 01:15","extra":{"stationType":"Outro"},"services":["Calibragem de pneus","Venda de gás doméstico em garrafas","Venda de gasóleo agrícola","WC"],"hours":{"weekdays":"06:00-22:00","saturday":"06:00-22:00","sunday":"06:00-22:00","holiday":"06:00-22:00"},"paymentMethods":["Dinheiro","MbWay","Multibanco","Outros"],"otherServices":null,"observations":null}},{"type":"Feature","geometry":{"type":"Point","coordinates":[-8.599071,40.84895]},"properties":{"id":"pt-92985","source":"PT","name":"P43 - PRIO Ovar (Norte)","brand":"PRIO","address":"Av. Dona Maria II, 171","municipality":"Ovar","district":"Aveiro","postalCode":"3880-647","fuels":{"gasoline95":2.009,"gasoline95Plus":1.949,"dieselPremium":2.049,"bioDiesel":2.019},"lastUpdated":"2026-08-09 01:15","extra":{"stationType":"Outro"},"services":["Cafetaria","Calibragem de pneus","Loja de Conveniência","Venda de gás doméstico em garrafas","WC"],"hours":{"weekdays":"07:00-23:00","saturday":"07:00-23:00","sunday":"07:00-23:00","holiday":"07:00-23:00"},"paymentMethods":["Dinheiro","MbWay","Multibanco","Outros"],"otherServices":null,"observations":null}},{"type":"Feature","geometry":{"type":"Point","coordinates":[-8.47126,40.55803]},"properties":{"id":"pt-93013","source":"PT","name":"Dpp Recardães","brand":"DPP","address":"EN 333, Km 21.1D","municipality":"Águeda","district":"Aveiro","postalCode":"3750-722","fuels":{"gasoline95":1.899,"gasoline95Plus":1.948,"gasoline98":2.159,"diesel":1.968,"dieselPremium":1.968},"lastUpdated":"2026-08-06 10:15","extra":{"stationType":"Outro"},"services":["Cafetaria","Loja de Conveniência","Venda de gás doméstico em garrafas","WC","AUTOvoucher"],"hours":{"weekdays":"Aberto 24 horas","saturday":"Aberto 24 horas","sunday":"Aberto 24 horas","holiday":"Aberto 24 horas"},"paymentMethods":["Dinheiro","MbWay","Multibanco","Outros"],"otherServices":null,"observations":null}},{"type":"Feature","geometry":{"type":"Point","coordinates":[-8.471354,40.677814]},"properties":{"id":"pt-93060","source":"PT","name":"MOEVE  Albergaria-a-Velha  (LIS/POR)","brand":"MOEVE","address":"EN 1 (IC2), km 245,500","municipality":"Albergaria-a-Velha","district":"Aveiro","postalCode":"3850-165","fuels":{"gasoline95":2.043,"gasoline95Plus":2.093,"diesel":2.119,"dieselPremium":2.169},"lastUpdated":"2026-08-03 00:00","extra":{"stationType":"Outro"},"services":["Calibragem de pneus"],"hours":{"weekdays":"06:00-22:00","saturday":"06:00-22:00","sunday":"06:00-22:00","holiday":"06:00-22:00"},"paymentMethods":["Dinheiro"],"otherServices":null,"observations":null}},{"type":"Feature","geometry":{"type":"Point","coordinates":[-8.471925,40.678246]},"properties":{"id":"pt-93061","source":"PT","name":"MOEVE Albergaria-a-Velha (POR/LIS)","brand":"MOEVE","address":"EN 1 (IC2), km 245,500 - CAVADA NOVA","municipality":"Albergaria-a-Velha","district":"Aveiro","postalCode":"3850-165","fuels":{"gasoline95":2.043,"gasoline95Plus":2.093,"diesel":2.119,"dieselPremium":2.169},"lastUpdated":"2026-08-03 00:00","extra":{"stationType":"Outro"},"services":["Calibragem de pneus"],"hours":{"weekdays":"Aberto 24 horas","saturday":"Aberto 24 horas","sunday":"Aberto 24 horas","holiday":"Aberto 24 horas"},"paymentMethods":["Dinheiro"],"otherServices":null,"observations":null}},{"type":"Feature","geometry":{"type":"Point","coordinates":[-8.482127,40.70629]},"properties":{"id":"pt-93121","source":"PT","name":"ALVES BANDEIRA Albergaria-a-Velha (Urgeiras)","brand":"ALVES BANDEIRA","address":"Zona Industrial de Urgueiras - Lugar de Coito","municipality":"Albergaria-a-Velha","district":"Aveiro","postalCode":"3850-280","fuels":{"gasoline95":2.019,"gasoline98":2.169,"diesel":2.104,"dieselPremium":2.124,"dieselAgri":1.679,"lpg":0.864},"lastUpdated":"2026-08-03 10:45","extra":{"stationType":"Outro"},"services":["Calibragem de pneus"],"hours":null,"paymentMethods":["Dinheiro","MbWay","Multibanco","Outros"],"otherServices":null,"observations":null}},{"type":"Feature","geometry":{"type":"Point","coordinates":[-8.417112,40.580919]},"properties":{"id":"pt-93209","source":"PT","name":"ALVES BANDEIRA Assequins","brand":"ALVES BANDEIRA","address":"E. N. 333 - km 23.700 D - Lugar de Assequins","municipality":"Águeda","district":"Aveiro","postalCode":"3750-304","fuels":{"gasoline95":2.039,"gasoline98":2.189,"diesel":2.124,"dieselPremium":2.144,"dieselAgri":1.699},"lastUpdated":"2026-08-03 10:55","extra":{"stationType":"Outro"},"services":["Cafetaria","Lavagem","Loja de Conveniência","Venda de gás doméstico em garrafas","Venda de gasóleo agrícola","WC","WC para deficientes"],"hours":{"weekdays":"07:00-21:00","saturday":"07:00-21:00","sunday":"07:00-21:00","holiday":"07:00-21:00"},"paymentMethods":["Dinheiro","MbWay","Multibanco","Outros"],"otherServices":null,"observations":null}},{"type":"Feature","geometry":{"type":"Point","coordinates":[-8.51739,40.93044]},"properties":{"id":"pt-93218","source":"PT","name":"Petrovariante ","brand":"PETROVARIANTE","address":"Travessa do Monte (Rua dos descobrimentos)","municipality":"Santa Maria da Feira","district":"Aveiro","postalCode":"4520-551","fuels":{"gasoline95":1.909,"gasoline95Plus":1.949,"diesel":1.949,"dieselPremium":1.989,"dieselAgri":1.549},"lastUpdated":"2026-08-03 00:05","extra":{"stationType":"Outro"},"services":["Cafetaria","Lavagem","Loja de Conveniência","Venda de gás doméstico em garrafas","WC","WC para deficientes"],"hours":{"weekdays":"07:00-23:00","saturday":"07:00-23:00","sunday":"07:00-23:00","holiday":"07:00-23:00"},"paymentMethods":["Dinheiro","Multibanco","Outros"],"otherServices":null,"observations":null}},{"type":"Feature","geometry":{"type":"Point","coordinates":[-8.495992,40.915386]},"properties":{"id":"pt-93220","source":"PT","name":"P24 - PRIO Arrifana","brand":"PRIO","address":"Rua Afonso Lopes Vieira Arrifana,    ","municipality":"Santa Maria da Feira","district":"Aveiro","postalCode":"3700-411","fuels":{"gasoline95":2.009,"gasoline95Plus":1.934,"dieselPremium":1.999,"bioDiesel":1.969},"lastUpdated":"2026-08-09 01:15","extra":{"stationType":"Outro"},"services":["Cafetaria","Calibragem de pneus","Loja de Conveniência","WC"],"hours":{"weekdays":"07:00-23:00","saturday":"07:00-23:00","sunday":"07:00-23:00","holiday":"07:00-23:00"},"paymentMethods":["Dinheiro","MbWay","Multibanco","Outros"],"otherServices":null,"observations":null}},{"type":"Feature","geometry":{"type":"Point","coordinates":[-8.449652,40.51019]},"properties":{"id":"pt-93228","source":"PT","name":"SHELL Aguada de Baixo (N/S) - Poente","brand":"SHELL","address":"EN 1- IC2 - Km 224, 8 - Aguada de Baixo","municipality":"Águeda","district":"Aveiro","postalCode":"3750-031","fuels":{"gasoline95":2.024,"diesel":2.114,"dieselPremium":2.194,"dieselAgri":1.639},"lastUpdated":"2026-08-05 16:15","extra":{"stationType":"Outro"},"services":["Cafetaria","Calibragem de pneus","Loja de Conveniência","Venda de carburante de qualidade superior","Venda de gás doméstico em garrafas","WC"],"hours":{"weekdays":"06:00-22:00","saturday":"06:00-22:00","sunday":"06:00-22:00","holiday":"06:00-22:00"},"paymentMethods":["Dinheiro","MbWay","Multibanco","Outros"],"otherServices":null,"observations":null}},{"type":"Feature","geometry":{"type":"Point","coordinates":[-8.449402,40.51048]},"properties":{"id":"pt-93229","source":"PT","name":"SHELL Aguada de Baixo (S/N) - Nascente","brand":"SHELL","address":"EN 1- IC2 - Km 224, 8 - Aguada de Baixo","municipality":"Águeda","district":"Aveiro","postalCode":"3750-031","fuels":{"gasoline95":2.024,"diesel":2.114,"dieselPremium":2.194},"lastUpdated":"2026-08-05 16:15","extra":{"stationType":"Outro"},"services":["Cafetaria","Calibragem de pneus","Loja de Conveniência","Venda de gás doméstico em garrafas","WC","WC para deficientes"],"hours":{"weekdays":"06:00-22:00","saturday":"06:00-22:00","sunday":"06:00-22:00","holiday":"06:00-22:00"},"paymentMethods":["Dinheiro","MbWay","Multibanco","Outros"],"otherServices":null,"observations":null}},{"type":"Feature","geometry":{"type":"Point","coordinates":[-8.57906,40.48851]},"properties":{"id":"pt-93243","source":"PT","name":"Dpp Mamarrosa","brand":"DPP","address":"R. da Lagoinha,17","municipality":"Oliveira do Bairro","district":"Aveiro","postalCode":"3770-033","fuels":{"gasoline95":1.908,"gasoline95Plus":1.958,"diesel":1.978,"dieselPremium":1.978,"dieselAgri":1.599},"lastUpdated":"2026-08-06 10:15","extra":{"stationType":"Outro"},"services":["Loja de Conveniência","Venda de gás doméstico em garrafas","Venda de gasóleo agrícola","WC","WC para deficientes","AUTOvoucher"],"hours":{"weekdays":"Aberto 24 horas","saturday":"Aberto 24 horas","sunday":"Aberto 24 horas","holiday":"Aberto 24 horas"},"paymentMethods":["Dinheiro","MbWay","Multibanco","Outros"],"otherServices":null,"observations":null}},{"type":"Feature","geometry":{"type":"Point","coordinates":[-8.647064,40.747456]},"properties":{"id":"pt-93354","source":"PT","name":"INTERMARCHÉ Murtosa","brand":"INTERMARCHÉ","address":"Avenida do Emigrante","municipality":"Murtosa","district":"Aveiro","postalCode":"3870-153","fuels":{"gasoline95":1.919,"gasoline95Plus":1.949,"gasoline98":1.989,"diesel":1.989,"dieselPremium":2.029},"lastUpdated":"2026-08-03 21:00","extra":{"stationType":"Outro"},"services":["Calibragem de pneus","Multibanco","Venda de gás doméstico em garrafas"],"hours":{"weekdays":"Aberto 24 horas","saturday":"Aberto 24 horas","sunday":"Aberto 24 horas","holiday":"Aberto 24 horas"},"paymentMethods":["Dinheiro","Multibanco"],"otherServices":null,"observations":null}},{"type":"Feature","geometry":{"type":"Point","coordinates":[-8.54072,40.9387]},"properties":{"id":"pt-93382","source":"PT","name":"E. LECLERC FEIRA","brand":"LECLERC","address":"Rua 5 de Outubro -Zona Industrial do Cavaco","municipality":"Santa Maria da Feira","district":"Aveiro","postalCode":"4520-162","fuels":{"gasoline95":1.898,"gasoline95Plus":1.938,"diesel":1.938,"dieselPremium":1.968},"lastUpdated":"2026-08-07 18:00","extra":{"stationType":"Outro"},"services":["Assistência auto","Cafetaria","Calibragem de pneus","Lavagem","Multibanco","Restaurante","Venda de gás doméstico em garrafas","WC","WC com fraldário","WC para deficientes"],"hours":{"weekdays":"Aberto 24 horas","saturday":"Aberto 24 horas","sunday":"Aberto 24 horas","holiday":"Aberto 24 horas"},"paymentMethods":["Dinheiro"],"otherServices":null,"observations":null}},{"type":"Feature","geometry":{"type":"Point","coordinates":[-8.557138,41.01642]},"properties":{"id":"pt-93398","source":"PT","name":"SHELL Argoncilhe","brand":"SHELL","address":"Rua da Estrada Nacional Nº1 ","municipality":"Santa Maria da Feira","district":"Aveiro","postalCode":"4505-007","fuels":{"gasoline95":2.014,"gasoline95Plus":2.094,"gasoline98Plus":2.164,"diesel":2.104,"dieselPremium":2.184,"bioDiesel":2.114,"lpg":0.979},"lastUpdated":"2026-08-05 16:15","extra":{"stationType":"Outro"},"services":["Cafetaria","Calibragem de pneus","Loja de Conveniência","Venda de carburante de qualidade superior","Venda de gás doméstico em garrafas","WC","WC com fraldário","WC para deficientes"],"hours":{"weekdays":"06:00-22:00","saturday":"06:00-22:00","sunday":"06:00-22:00","holiday":"06:00-22:00"},"paymentMethods":["Dinheiro","MbWay","Multibanco","Outros"],"otherServices":null,"observations":null}},{"type":"Feature","geometry":{"type":"Point","coordinates":[-8.491492,40.7847]},"properties":{"id":"pt-93448","source":"PT","name":"CEPSA  Pinheiro da Bemposta","brand":"CEPSA","address":"Rua de São Paio, 564","municipality":"Oliveira de Azeméis","district":"Aveiro","postalCode":"3720-463","fuels":{"gasoline95":2.043,"diesel":2.119,"dieselPremium":2.169,"dieselAgri":1.714,"lpg":0.996},"lastUpdated":"2026-08-03 00:00","extra":{"stationType":"Outro"},"services":["Cafetaria","Loja de Conveniência","WC"],"hours":null,"paymentMethods":["Dinheiro"],"otherServices":null,"observations":null}},{"type":"Feature","geometry":{"type":"Point","coordinates":[-8.46623,41.0073]},"properties":{"id":"pt-93451","source":"PT","name":"PA  Canedo","brand":"VIA","address":"Av. Eleito Local, 106","municipality":"Santa Maria da Feira","district":"Aveiro","postalCode":"4525-013","fuels":{"gasoline95":1.94,"gasoline98":2.1,"diesel":1.988,"dieselPremium":2.028},"lastUpdated":"2026-08-03 07:10","extra":{"stationType":"Outro"},"services":["Loja de Conveniência","WC"],"hours":null,"paymentMethods":["Dinheiro","Multibanco"],"otherServices":null,"observations":null}},{"type":"Feature","geometry":{"type":"Point","coordinates":[-8.45468,40.5924]},"properties":{"id":"pt-93495","source":"PT","name":"BP Águeda (EN1)","brand":"BP","address":"EN 1","municipality":"Águeda","district":"Aveiro","postalCode":"3750-301","fuels":{"gasoline95":2.099,"gasoline98Plus":2.299,"diesel":2.199,"dieselPremium":2.319},"lastUpdated":"2026-08-03 10:05","extra":{"stationType":"Outro"},"services":["Lavagem","Loja de Conveniência","Multibanco","Venda de gás doméstico em garrafas","WC","WC para deficientes"],"hours":{"weekdays":"07:00-23:00","saturday":"07:00-23:00","sunday":"07:00-23:00","holiday":"07:00-23:00"},"paymentMethods":["Dinheiro"],"otherServices":null,"observations":null}},{"type":"Feature","geometry":{"type":"Point","coordinates":[-8.458228,40.59461]},"properties":{"id":"pt-93506","source":"PT","name":"PETROPRIX Águeda","brand":"PETROPRIX ","address":"Rua de Aveiro, nº 138 (Lote 1) - Barrosinhas ZI EN1 - Norte","municipality":"Águeda","district":"Aveiro","postalCode":"3750-301","fuels":{"gasoline95":1.859,"diesel":1.919},"lastUpdated":"2026-08-08 09:00","extra":{"stationType":"Outro"},"services":["Multibanco"],"hours":{"weekdays":"Aberto 24 horas","saturday":"Aberto 24 horas","sunday":"Aberto 24 horas","holiday":"Aberto 24 horas"},"paymentMethods":["Dinheiro"],"otherServices":null,"observations":null}},{"type":"Feature","geometry":{"type":"Point","coordinates":[-8.488361,40.841255]},"properties":{"id":"pt-93520","source":"PT","name":"GALP Oliveira de Azeméis","brand":"GALP","address":"Avenida Comendador Álvaro Figueiredo, 167","municipality":"Oliveira de Azeméis","district":"Aveiro","postalCode":"3720-579","fuels":{"gasoline95":2.024,"gasoline95Plus":2.074,"diesel":2.114,"dieselPremium":2.164,"dieselAgri":1.724},"lastUpdated":"2026-08-03 09:30","extra":{"stationType":"Outro"},"services":["Calibragem de pneus"],"hours":null,"paymentMethods":["Dinheiro"],"otherServices":null,"observations":null}},{"type":"Feature","geometry":{"type":"Point","coordinates":[-8.160082,40.964558]},"properties":{"id":"pt-93521","source":"PT","name":"PA  Alvarenga","brand":"GASPE","address":"Lugar da Lamosa/ Estrada Nacional 326-1, Km 19,822","municipality":"Arouca","district":"Aveiro","postalCode":"4540-045","fuels":{"gasoline95":2.0,"diesel":2.108,"dieselPremium":2.128,"dieselAgri":1.674},"lastUpdated":"2026-08-03 09:35","extra":{"stationType":"Outro"},"services":["Calibragem de pneus"],"hours":null,"paymentMethods":["Dinheiro"],"otherServices":null,"observations":null}},{"type":"Feature","geometry":{"type":"Point","coordinates":[-8.43752022638244,40.5783243914685]},"properties":{"id":"pt-93538","source":"PT","name":"BXPRESS - Águeda","brand":"BXPRESS","address":"Avenida do Emigrante S/N","municipality":"Águeda","district":"Aveiro","postalCode":"3750-171","fuels":{"gasoline95":1.899,"diesel":1.989,"dieselPremium":2.019},"lastUpdated":"2026-08-03 11:20","extra":{"stationType":"Outro"},"services":["Calibragem de pneus"],"hours":{"weekdays":"Aberto 24 horas","saturday":"Aberto 24 horas","sunday":"Aberto 24 horas","holiday":"Aberto 24 horas"},"paymentMethods":["Multibanco"],"otherServices":null,"observations":"Posto de Abastecimento Automático"}},{"type":"Feature","geometry":{"type":"Point","coordinates":[-8.480149,40.99777]},"properties":{"id":"pt-93557","source":"PT","name":"BP S. Maria da Feira  - Gião","brand":"BP","address":"Av. da Liberdade, 540 - Lugar do Casal - Gião","municipality":"Santa Maria da Feira","district":"Aveiro","postalCode":"4525-305","fuels":{"gasoline95":2.099,"gasoline98Plus":2.299,"diesel":2.199,"dieselPremium":2.319},"lastUpdated":"2026-08-06 11:50","extra":{"stationType":"Outro"},"services":["Calibragem de pneus"],"hours":null,"paymentMethods":["Dinheiro"],"otherServices":null,"observations":null}},{"type":"Feature","geometry":{"type":"Point","coordinates":[-8.651978,40.757984]},"properties":{"id":"pt-93575","source":"PT","name":"OZ ENERGIA - MURTOSA","brand":"OZ Energia","address":"Lugar de Levegada de Sedouros - Estrada de Sedouros ","municipality":"Murtosa","district":"Aveiro","postalCode":"3870-011","fuels":{"gasoline95":1.949,"gasoline95Plus":1.989,"gasoline98":2.169,"diesel":2.039,"dieselAgri":1.659},"lastUpdated":"2026-08-03 01:00","extra":{"stationType":"Outro"},"services":["Cafetaria","Lavagem","Venda de gás doméstico em garrafas","Venda de gasóleo agrícola","WC"],"hours":{"weekdays":"Aberto 24 horas","saturday":"Aberto 24 horas","sunday":"Aberto 24 horas","holiday":"Aberto 24 horas"},"paymentMethods":["Dinheiro","Multibanco","Outros"],"otherServices":null,"observations":null}},{"type":"Feature","geometry":{"type":"Point","coordinates":[-8.334881,40.761612]},"properties":{"id":"pt-93786","source":"PT","name":"PA Repsol Sanfins","brand":"REPSOL","address":"Rua Cap. Bernardo Barbosa de Quadros, 1703","municipality":"Sever do Vouga","district":"Aveiro","postalCode":"3740-183","fuels":{"gasoline95":2.039,"diesel":2.139,"dieselAgri":1.763},"lastUpdated":"2026-08-03 00:00","extra":{"stationType":"Outro"},"services":["Calibragem de pneus"],"hours":{"weekdays":"07:30-19:30","saturday":"08:00-18:00","sunday":"Fechado","holiday":"Fechado"},"paymentMethods":["Dinheiro"],"otherServices":null,"observations":null}},{"type":"Feature","geometry":{"type":"Point","coordinates":[-8.303129,40.763508]},"properties":{"id":"pt-93788","source":"PT","name":"GALP-Cooperativa Agrícola Vale Vouga","brand":"GALP","address":"Rua da Cooperativa-Couto de Cima","municipality":"Sever do Vouga","district":"Aveiro","postalCode":"3740-037","fuels":{"diesel":2.14,"dieselAgri":1.74},"lastUpdated":"2026-08-05 08:10","extra":{"stationType":"Outro"},"services":["Calibragem de pneus"],"hours":{"weekdays":"08:00-18:00","saturday":"08:30-17:30","sunday":"Fechado","holiday":"Fechado"},"paymentMethods":["Dinheiro"],"otherServices":null,"observations":null}},{"type":"Feature","geometry":{"type":"Point","coordinates":[-8.602738,40.97962]},"properties":{"id":"pt-93789","source":"PT","name":"PRIO- São Paio de Oleiros","brand":"PRIO","address":"Rua Comendador Sá Couto n. 838","municipality":"Santa Maria da Feira","district":"Aveiro","postalCode":"4535-455","fuels":{"gasoline95":2.009,"gasoline95Plus":1.979,"diesel":2.104,"dieselPremium":2.074,"dieselAgri":1.619},"lastUpdated":"2026-08-03 10:20","extra":{"stationType":"Outro"},"services":["Cafetaria","Loja de Conveniência","Multibanco","WC"],"hours":{"weekdays":"07:00-23:00","saturday":"07:00-23:00","sunday":"07:00-23:00","holiday":null},"paymentMethods":["Dinheiro"],"otherServices":null,"observations":null}},{"type":"Feature","geometry":{"type":"Point","coordinates":[-8.455747,40.59162]},"properties":{"id":"pt-93808","source":"PT","name":"Cooperativa Agricola dos Lavradores de Águeda","brand":"PRIO","address":"Rua 5 nº. 234 - Alagoa","municipality":"Águeda","district":"Aveiro","postalCode":"3750-169","fuels":{"diesel":2.07,"dieselAgri":1.599},"lastUpdated":"2026-07-31 16:30","extra":{"stationType":"Outro"},"services":["Calibragem de pneus"],"hours":{"weekdays":"09:00-18:30","saturday":"09:00-12:00","sunday":"Fechado","holiday":"Fechado"},"paymentMethods":["Dinheiro"],"otherServices":null,"observations":null}},{"type":"Feature","geometry":{"type":"Point","coordinates":[-8.435722,40.614994]},"properties":{"id":"pt-94211","source":"PT","name":"PRIO Aldeia Valongo do Vouga","brand":"PRIO","address":"Rua António Pereira Vidal, nº 9","municipality":"Águeda","district":"Aveiro","postalCode":"3750-836","fuels":{"gasoline95":2.009,"gasoline95Plus":1.944,"dieselPremium":2.029,"dieselAgri":1.569,"bioDiesel":1.999},"lastUpdated":"2026-08-09 01:10","extra":{"stationType":"Outro"},"services":["Calibragem de pneus"],"hours":{"weekdays":"07:00-22:00","saturday":"Fechado","sunday":"Fechado","holiday":"Fechado"},"paymentMethods":["Dinheiro","MbWay","Multibanco","Outros"],"otherServices":null,"observations":null}},{"type":"Feature","geometry":{"type":"Point","coordinates":[-8.485052,40.75756]},"properties":{"id":"pt-94365","source":"PT","name":"Posição 12429 GALP - BRANCA","brand":"GALP","address":"AV CENTRAL, 268 - EN 1/IC2 KM 254.83","municipality":"Albergaria-a-Velha","district":"Aveiro","postalCode":"3850-570","fuels":{"gasoline95":2.024,"gasoline95Plus":2.074,"gasoline98Plus":2.234,"diesel":2.114,"dieselPremium":2.164},"lastUpdated":"2026-08-03 12:50","extra":{"stationType":"Outro"},"services":["Cafetaria","Loja de Conveniência","Multibanco","WC"],"hours":{"weekdays":"06:00-22:00","saturday":"06:00-22:00","sunday":"06:00-22:00","holiday":"06:00-22:00"},"paymentMethods":["Dinheiro","Multibanco"],"otherServices":null,"observations":null}},{"type":"Feature","geometry":{"type":"Point","coordinates":[-8.609513,40.665974]},"properties":{"id":"pt-94367","source":"PT","name":"Posição 16769 GALP - CACIA","brand":"GALP","address":"AV EUROPA, 393","municipality":"Aveiro","district":"Aveiro","postalCode":"3800-533","fuels":{"gasoline95":2.019,"gasoline95Plus":2.074,"diesel":2.114,"dieselPremium":2.169},"lastUpdated":"2026-08-03 13:25","extra":{"stationType":"Outro"},"services":["Calibragem de pneus"],"hours":{"weekdays":"07:00-00:00","saturday":"07:00-00:00","sunday":"07:00-00:00","holiday":"00:00-00:00"},"paymentMethods":["Dinheiro"],"otherServices":null,"observations":null}},{"type":"Feature","geometry":{"type":"Point","coordinates":[-8.677521,40.789845]},"properties":{"id":"pt-94368","source":"PT","name":"Posição 19531 GALP - TORREIRA (1)","brand":"GALP","address":"QUINTAS DO NORTE-EN 327, Km 39,360 ","municipality":"Murtosa","district":"Aveiro","postalCode":"3870-303","fuels":{"gasoline95":2.049,"gasoline95Plus":2.099,"diesel":2.144,"dieselPremium":2.194,"dieselAgri":1.724},"lastUpdated":"2026-08-03 13:25","extra":{"stationType":"Outro"},"services":["Cafetaria","Multibanco","WC"],"hours":null,"paymentMethods":["Dinheiro"],"otherServices":null,"observations":null}},{"type":"Feature","geometry":{"type":"Point","coordinates":[-8.695474,40.476048]},"properties":{"id":"pt-94369","source":"PT","name":"Posição 16015 GALP - CALVÃO","brand":"GALP","address":"E.N.109 Km 77,280","municipality":"Vagos","district":"Aveiro","postalCode":"3840-041","fuels":{"gasoline95":2.049,"gasoline95Plus":2.099,"gasoline98Plus":2.259,"diesel":2.144,"dieselPremium":2.194,"dieselAgri":1.724},"lastUpdated":"2026-08-03 12:55","extra":{"stationType":"Outro"},"services":["Cafetaria","Loja de Conveniência","Multibanco","WC"],"hours":{"weekdays":"07:00-22:00","saturday":"07:00-22:00","sunday":"07:00-22:00","holiday":"07:00-22:00"},"paymentMethods":["Dinheiro","Multibanco"],"otherServices":null,"observations":null}},{"type":"Feature","geometry":{"type":"Point","coordinates":[-8.610926,40.664658]},"properties":{"id":"pt-94370","source":"PT","name":"Posição 16022 GALP - CACIA","brand":"GALP","address":"EN 109 - VARIANTE DE CACIA","municipality":"Aveiro","district":"Aveiro","postalCode":"3800-533","fuels":{"gasoline95":2.014,"gasoline95Plus":2.074,"gasoline98Plus":2.229,"diesel":2.119,"dieselPremium":2.169,"dieselAgri":1.724},"lastUpdated":"2026-08-03 12:50","extra":{"stationType":"Outro"},"services":["Cafetaria","Loja de Conveniência","Multibanco","WC"],"hours":{"weekdays":"06:00-22:00","saturday":"06:00-22:00","sunday":"06:00-22:00","holiday":"06:00-22:00"},"paymentMethods":["Dinheiro"],"otherServices":null,"observations":null}},{"type":"Feature","geometry":{"type":"Point","coordinates":[-8.619071,40.58352]},"properties":{"id":"pt-94371","source":"PT","name":"Posição 19508 GALP - QUINTÃS","brand":"GALP","address":"E.N.335-Km 5,550 - Rua Direita, 123","municipality":"Aveiro","district":"Aveiro","postalCode":"3810-839","fuels":{"gasoline95":2.049,"gasoline95Plus":2.099,"diesel":2.144,"dieselPremium":2.194},"lastUpdated":"2026-08-03 13:25","extra":{"stationType":"Outro"},"services":["Calibragem de pneus"],"hours":{"weekdays":"07:00-22:00","saturday":"07:00-22:00","sunday":"07:00-22:00","holiday":"07:00-22:00"},"paymentMethods":["Dinheiro"],"otherServices":null,"observations":null}},{"type":"Feature","geometry":{"type":"Point","coordinates":[-8.678711,40.51943]},"properties":{"id":"pt-94372","source":"PT","name":"Posição 16038 GALP - VAGOS","brand":"GALP","address":"E.N.109 Km 72,100 - Quintã Lado Poente","municipality":"Vagos","district":"Aveiro","postalCode":"3840-507","fuels":{"gasoline95":2.049,"gasoline95Plus":2.099,"diesel":2.144,"dieselPremium":2.194},"lastUpdated":"2026-08-03 12:50","extra":{"stationType":"Outro"},"services":["Cafetaria","Multibanco","WC"],"hours":{"weekdays":"07:00-22:00","saturday":"07:00-22:00","sunday":"07:00-22:00","holiday":"07:00-22:00"},"paymentMethods":["Dinheiro","Multibanco"],"otherServices":null,"observations":null}},{"type":"Feature","geometry":{"type":"Point","coordinates":[-8.679125,40.51982]},"properties":{"id":"pt-94373","source":"PT","name":"Posição 16039 GALP - VAGOS","brand":"GALP","address":"Quintã-E.N.109-Km 72,1 - Lado Nascente","municipality":"Vagos","district":"Aveiro","postalCode":"3840-507","fuels":{"gasoline95":2.049,"gasoline95Plus":2.099,"diesel":2.144,"dieselPremium":2.194},"lastUpdated":"2026-08-03 12:55","extra":{"stationType":"Outro"},"services":["Multibanco","Restaurante","WC"],"hours":{"weekdays":"06:00-21:00","saturday":"06:00-21:00","sunday":"06:00-21:00","holiday":"00:00-00:00"},"paymentMethods":["Dinheiro","Multibanco"],"otherServices":null,"observations":null}},{"type":"Feature","geometry":{"type":"Point","coordinates":[-8.494293,40.867565]},"properties":{"id":"pt-94374","source":"PT","name":"Posição 16021 GALP - CUCUJÃES","brand":"GALP","address":"Rua do Mosteiro, 838 - Igreja","municipality":"Oliveira de Azeméis","district":"Aveiro","postalCode":"3720-350","fuels":{"gasoline95":2.024,"gasoline95Plus":2.074,"diesel":2.114,"dieselPremium":2.164,"dieselAgri":1.724},"lastUpdated":"2026-08-03 12:55","extra":{"stationType":"Outro"},"services":["Loja de Conveniência","Multibanco","WC"],"hours":{"weekdays":"07:00-22:00","saturday":"07:00-22:00","sunday":"07:00-22:00","holiday":"07:00-07:00"},"paymentMethods":["Dinheiro"],"otherServices":null,"observations":null}},{"type":"Feature","geometry":{"type":"Point","coordinates":[-8.535794,40.81424]},"properties":{"id":"pt-94390","source":"PT","name":"PA Loureiro","brand":"Genérico","address":"Zona Industrial da Alumieira","municipality":"Oliveira de Azeméis","district":"Aveiro","postalCode":"3720-075","fuels":{"gasoline95":1.96,"gasoline98":2.12,"diesel":2.048,"dieselPremium":2.068,"dieselAgri":1.625},"lastUpdated":"2026-08-04 00:00","extra":{"stationType":"Outro"},"services":["Multibanco"],"hours":{"weekdays":"07:00-22:00","saturday":"07:00-22:00","sunday":"07:00-22:00","holiday":"07:00-22:00"},"paymentMethods":["Dinheiro","MbWay","Multibanco"],"otherServices":null,"observations":null}},{"type":"Feature","geometry":{"type":"Point","coordinates":[-8.53862,40.969728]},"properties":{"id":"pt-94411","source":"PT","name":"PLENERGY - SANTA MARIA DA FEIRA","brand":"PLENERGY","address":"Rua dos Castanheiros, 343, São João de Ver","municipality":"Santa Maria da Feira","district":"Aveiro","postalCode":"4535-013","fuels":{"gasoline95":1.909,"gasoline95Plus":1.939,"diesel":1.969,"dieselPremium":1.999},"lastUpdated":"2026-08-04 08:30","extra":{"stationType":"Outro"},"services":["Lavagem"],"hours":{"weekdays":"Aberto 24 horas","saturday":"Aberto 24 horas","sunday":"Aberto 24 horas","holiday":"Aberto 24 horas"},"paymentMethods":["Dinheiro","Multibanco"],"otherServices":null,"observations":null}},{"type":"Feature","geometry":{"type":"Point","coordinates":[-8.390672,40.797375]},"properties":{"id":"pt-94436","source":"PT","name":"REPSOL Dornelas do Vouga - Sever do Vouga","brand":"REPSOL","address":"EN 328 km 8,3 D. Dornelas","municipality":"Sever do Vouga","district":"Aveiro","postalCode":"3740-419","fuels":{"gasoline95":2.029,"diesel":2.119,"dieselPremium":2.179,"dieselAgri":1.724},"lastUpdated":"2026-08-03 18:00","extra":{"stationType":"Outro"},"services":["Calibragem de pneus"],"hours":null,"paymentMethods":["Dinheiro"],"otherServices":null,"observations":null}},{"type":"Feature","geometry":{"type":"Point","coordinates":[-8.277171,40.928314]},"properties":{"id":"pt-94445","source":"PT","name":"Repsol Santa Eulália -  Arouca","brand":"REPSOL","address":"Lugar do Areeiro - EN 224 ao km 32,360 E - Lado Esquerdo","municipality":"Arouca","district":"Aveiro","postalCode":"4540-751","fuels":{"gasoline95":2.029,"gasoline95Plus":2.089,"diesel":2.119,"dieselPremium":2.179,"dieselAgri":1.724},"lastUpdated":"2026-08-03 18:00","extra":{"stationType":"Outro"},"services":["Calibragem de pneus"],"hours":null,"paymentMethods":["Dinheiro"],"otherServices":null,"observations":null}},{"type":"Feature","geometry":{"type":"Point","coordinates":[-8.436901,40.442287]},"properties":{"id":"pt-94446","source":"PT","name":"REPSOL  Anadia","brand":"REPSOL","address":"Praça do municipio","municipality":"Anadia","district":"Aveiro","postalCode":"3780-215","fuels":{"gasoline95":2.059,"gasoline95Plus":2.119,"gasoline98Plus":2.249,"diesel":2.149,"dieselPremium":2.209,"dieselAgri":1.784},"lastUpdated":"2026-08-03 18:00","extra":{"stationType":"Outro"},"services":["Calibragem de pneus"],"hours":null,"paymentMethods":["Dinheiro"],"otherServices":null,"observations":null}},{"type":"Feature","geometry":{"type":"Point","coordinates":[-8.652549,40.626743]},"properties":{"id":"pt-94447","source":"PT","name":"REPSOL Aveiro - Nó Sul A","brand":"REPSOL","address":"AVENIDA DA UNIVERSIDADE","municipality":"Aveiro","district":"Aveiro","postalCode":"3810-489","fuels":{"gasoline95":2.029,"gasoline95Plus":2.089,"diesel":2.119,"dieselPremium":2.179,"lpg":0.954},"lastUpdated":"2026-08-03 00:00","extra":{"stationType":"Outro"},"services":["Calibragem de pneus"],"hours":null,"paymentMethods":["Dinheiro"],"otherServices":null,"observations":null}},{"type":"Feature","geometry":{"type":"Point","coordinates":[-8.652382,40.628117]},"properties":{"id":"pt-94448","source":"PT","name":"REPSOL Aveiro - Nó Sul B","brand":"REPSOL","address":"AVENIDA DA UNIVERSIDADE","municipality":"Aveiro","district":"Aveiro","postalCode":"3800-429","fuels":{"gasoline95":2.029,"gasoline95Plus":2.089,"gasoline98Plus":2.219,"diesel":2.119,"dieselPremium":2.179},"lastUpdated":"2026-08-03 00:00","extra":{"stationType":"Outro"},"services":["Calibragem de pneus"],"hours":null,"paymentMethods":["Dinheiro"],"otherServices":null,"observations":null}},{"type":"Feature","geometry":{"type":"Point","coordinates":[-8.484799,40.512783]},"properties":{"id":"pt-94473","source":"PT","name":"REPSOL Oliveira do Bairro","brand":"REPSOL","address":"Rua Principal da Murta, 128","municipality":"Oliveira do Bairro","district":"Aveiro","postalCode":"3770-215","fuels":{"gasoline95":2.029,"gasoline95Plus":2.089,"gasoline98Plus":2.219,"diesel":2.119,"dieselPremium":2.179,"dieselAgri":1.734},"lastUpdated":"2026-08-03 18:05","extra":{"stationType":"Outro"},"services":["Calibragem de pneus"],"hours":null,"paymentMethods":["Dinheiro"],"otherServices":null,"observations":null}},{"type":"Feature","geometry":{"type":"Point","coordinates":[-8.627257,40.645794]},"properties":{"id":"pt-94485","source":"PT","name":"REPSOL Esgueira  B","brand":"REPSOL","address":"ESTRADA NACIONAL 109","municipality":"Aveiro","district":"Aveiro","postalCode":"3810-173","fuels":{"gasoline95":2.029,"gasoline95Plus":2.089,"gasoline98Plus":2.219,"diesel":2.119,"dieselPremium":2.179},"lastUpdated":"2026-08-03 00:00","extra":{"stationType":"Outro"},"services":["Calibragem de pneus"],"hours":null,"paymentMethods":["Dinheiro"],"otherServices":null,"observations":null}},{"type":"Feature","geometry":{"type":"Point","coordinates":[-8.556391,41.019787]},"properties":{"id":"pt-94488","source":"PT","name":"REPSOL Argoncilhe (R0157 - ANTOREP)","brand":"REPSOL","address":"EN 1 (Av. São Salvador, 505) ","municipality":"Santa Maria da Feira","district":"Aveiro","postalCode":"4505-007","fuels":{"gasoline95":2.019,"gasoline95Plus":2.089,"diesel":2.109,"dieselPremium":2.179},"lastUpdated":"2026-08-03 00:00","extra":{"stationType":"Outro"},"services":["Calibragem de pneus"],"hours":null,"paymentMethods":["Dinheiro"],"otherServices":null,"observations":null}},{"type":"Feature","geometry":{"type":"Point","coordinates":[-8.480233,40.7946]},"properties":{"id":"pt-94490","source":"PT","name":"16035 - GALP - PINHEIRO DA BEMPOSTA (S/N)","brand":"GALP","address":"EN 1, Km 259","municipality":"Oliveira de Azeméis","district":"Aveiro","postalCode":"3720-463","fuels":{"gasoline95":2.029,"gasoline95Plus":2.079,"diesel":2.119,"dieselPremium":2.169,"dieselAgri":1.724},"lastUpdated":"2026-08-06 17:10","extra":{"stationType":"Outro"},"services":["Calibragem de pneus"],"hours":null,"paymentMethods":["Dinheiro"],"otherServices":null,"observations":null}},{"type":"Feature","geometry":{"type":"Point","coordinates":[-8.485983,40.872227]},"properties":{"id":"pt-94491","source":"PT","name":"A.T. Moreira Pinto & Cia. Lda. - PA Galp Cucujães","brand":"GALP","address":"Rua José Maria Castro Lopes Junior: 1009","municipality":"Oliveira de Azeméis","district":"Aveiro","postalCode":"3720-351","fuels":{"gasoline95":2.025,"gasoline95Plus":2.074,"gasoline98Plus":2.234,"diesel":2.114,"dieselPremium":2.164},"lastUpdated":"2026-08-03 00:05","extra":{"stationType":"Outro"},"services":["Calibragem de pneus"],"hours":null,"paymentMethods":["Dinheiro"],"otherServices":null,"observations":null}},{"type":"Feature","geometry":{"type":"Point","coordinates":[-8.626972,40.645477]},"properties":{"id":"pt-94519","source":"PT","name":"REPSOL Esgueira A","brand":"REPSOL","address":"ESTRADA NACIONAL 109","municipality":"Aveiro","district":"Aveiro","postalCode":"3810-193","fuels":{"gasoline95":2.029,"gasoline95Plus":2.089,"gasoline98Plus":2.219,"diesel":2.119,"dieselPremium":2.179},"lastUpdated":"2026-08-03 00:00","extra":{"stationType":"Outro"},"services":["Calibragem de pneus"],"hours":null,"paymentMethods":["Dinheiro"],"otherServices":null,"observations":null}},{"type":"Feature","geometry":{"type":"Point","coordinates":[-8.270331,40.928017]},"properties":{"id":"pt-94522","source":"PT","name":"Galp - Santo António","brand":"GALP","address":"P.Galp-Sto Antº.-E.N.326-Km 37,100","municipality":"Arouca","district":"Aveiro","postalCode":"4540-551","fuels":{"gasoline95":2.049,"gasoline95Plus":2.109,"gasoline98Plus":2.259,"diesel":2.144,"dieselPremium":2.204,"dieselAgri":1.724},"lastUpdated":"2026-08-09 00:00","extra":{"stationType":"Outro"},"services":["Calibragem de pneus"],"hours":null,"paymentMethods":["Dinheiro"],"otherServices":null,"observations":null}},{"type":"Feature","geometry":{"type":"Point","coordinates":[-8.551363,40.885334]},"properties":{"id":"pt-94525","source":"PT","name":"Galp - Souto da Feira","brand":"GALP","address":"Padrão-E.N.327-Km 21,200-Souto-Feira","municipality":"Santa Maria da Feira","district":"Aveiro","postalCode":"4520-709","fuels":{"gasoline95":2.024,"gasoline95Plus":2.074,"gasoline98Plus":2.234,"diesel":2.114,"dieselPremium":2.164,"dieselAgri":1.724},"lastUpdated":"2026-08-03 09:30","extra":{"stationType":"Outro"},"services":["Calibragem de pneus"],"hours":null,"paymentMethods":["Dinheiro"],"otherServices":null,"observations":null}},{"type":"Feature","geometry":{"type":"Point","coordinates":[-8.569939,40.769615]},"properties":{"id":"pt-94527","source":"PT","name":"PETROPRIX Estarreja","brand":"PETROPRIX ","address":"Tv. da Arrotinha 109","municipality":"Estarreja","district":"Aveiro","postalCode":"3860-210","fuels":{"gasoline95":1.839,"diesel":1.949},"lastUpdated":"2026-08-04 07:15","extra":{"stationType":"Outro"},"services":["Multibanco"],"hours":{"weekdays":"Aberto 24 horas","saturday":"Aberto 24 horas","sunday":"Aberto 24 horas","holiday":"Aberto 24 horas"},"paymentMethods":["Dinheiro","Multibanco"],"otherServices":null,"observations":null}},{"type":"Feature","geometry":{"type":"Point","coordinates":[-8.566339,40.78546]},"properties":{"id":"pt-94583","source":"PT","name":"BP Avanca (N-S)","brand":"BP","address":"RUA DO FALCÃO - EN109 - 44.3KM","municipality":"Estarreja","district":"Aveiro","postalCode":"3860-060","fuels":{"gasoline95":2.099,"gasoline98Plus":2.299,"diesel":2.199,"dieselPremium":2.319},"lastUpdated":"2026-08-03 09:35","extra":{"stationType":"Outro"},"services":["Multibanco","WC"],"hours":{"weekdays":"06:00-22:00","saturday":"06:00-22:00","sunday":"06:00-22:00","holiday":"06:00-22:00"},"paymentMethods":["Dinheiro"],"otherServices":null,"observations":null}},{"type":"Feature","geometry":{"type":"Point","coordinates":[-8.566024,40.785388]},"properties":{"id":"pt-94588","source":"PT","name":"BP Avanca (S-N)","brand":"BP","address":"R. do Falcão, E.N. 109 - Km 44.3","municipality":"Estarreja","district":"Aveiro","postalCode":"3860-060","fuels":{"gasoline95":2.099,"gasoline98Plus":2.299,"diesel":2.199,"dieselPremium":2.319,"dieselAgri":1.744,"lpg":0.999},"lastUpdated":"2026-08-03 09:40","extra":{"stationType":"Outro"},"services":["Loja de Conveniência","Venda de gás doméstico em garrafas","Venda de gasóleo agrícola","Venda de gasóleo para aquecimento","WC"],"hours":{"weekdays":"06:00-22:00","saturday":"06:00-22:00","sunday":"06:00-22:00","holiday":"06:00-22:00"},"paymentMethods":["Dinheiro"],"otherServices":null,"observations":null}},{"type":"Feature","geometry":{"type":"Point","coordinates":[-8.615114,40.892628]},"properties":{"id":"pt-94606","source":"PT","name":"CEPSA  Maceda 1 (Ovr/Mcd)","brand":"CEPSA","address":"Estrada Nacional nº. 109 - Lugar da Pardala","municipality":"Ovar","district":"Aveiro","postalCode":"3880-100","fuels":{"gasoline95":2.023,"gasoline98Plus":2.235,"diesel":2.119,"dieselPremium":2.169},"lastUpdated":"2026-08-03 10:20","extra":{"stationType":"Outro"},"services":["Cafetaria","Loja de Conveniência","Multibanco","WC"],"hours":{"weekdays":"Aberto 24 horas","saturday":"Aberto 24 horas","sunday":"Aberto 24 horas","holiday":"Aberto 24 horas"},"paymentMethods":["Dinheiro","Multibanco"],"otherServices":null,"observations":null}},{"type":"Feature","geometry":{"type":"Point","coordinates":[-8.61118,40.65145]},"properties":{"id":"pt-94612","source":"PT","name":"CEPSA Aveiro  ZI","brand":"CEPSA","address":"Rua João Francisco do Casal, 122","municipality":"Aveiro","district":"Aveiro","postalCode":"3800-264","fuels":{"gasoline95":1.973,"diesel":2.069,"dieselPremium":2.119,"lpg":0.916},"lastUpdated":"2026-08-03 00:00","extra":{"stationType":"Outro"},"services":["Multibanco","Venda de gás doméstico em garrafas"],"hours":null,"paymentMethods":["Dinheiro","MbWay","Multibanco"],"otherServices":null,"observations":"das 07H ás 23H"}},{"type":"Feature","geometry":{"type":"Point","coordinates":[-8.439242,40.442833]},"properties":{"id":"pt-94658","source":"PT","name":"INTERMARCHÉ  Anadia","brand":"INTERMARCHÉ","address":"Avenida Monte Crasto, nº.2","municipality":"Anadia","district":"Aveiro","postalCode":"3780-305","fuels":{"gasoline95":1.887,"gasoline95Plus":1.917,"gasoline98":2.057,"diesel":1.967,"dieselPremium":1.997},"lastUpdated":"2026-08-05 09:50","extra":{"stationType":"Área comercial (Hipermercados)"},"services":["Cafetaria","Calibragem de pneus","Multibanco","Restaurante","WC","WC com fraldário","WC para deficientes"],"hours":{"weekdays":"08:00-20:00","saturday":"08:00-20:00","sunday":"08:00-20:00","holiday":"08:00-20:00"},"paymentMethods":["Dinheiro","Multibanco","Outros"],"otherServices":"Supermerca","observations":null}},{"type":"Feature","geometry":{"type":"Point","coordinates":[-8.615372,40.893642]},"properties":{"id":"pt-94681","source":"PT","name":"CEPSA Maceda (Mcd/Ovr)","brand":"Genérico","address":"EN 109 - Km 39,800 - Lugar da Pardala","municipality":"Ovar","district":"Aveiro","postalCode":"3880-908","fuels":{"gasoline95":1.948,"gasoline98":2.014,"diesel":1.975,"dieselPremium":2.0},"lastUpdated":"2026-08-03 11:40","extra":{"stationType":"Outro"},"services":["Loja de Conveniência","WC"],"hours":{"weekdays":"06:00-22:00","saturday":"06:00-22:00","sunday":"06:00-22:00","holiday":"06:00-22:00"},"paymentMethods":["Dinheiro"],"otherServices":null,"observations":null}},{"type":"Feature","geometry":{"type":"Point","coordinates":[-8.295538,41.030857]},"properties":{"id":"pt-94682","source":"PT","name":"Q8 Castelo de Paiva","brand":"Q8","address":"Rua da Cruz da Carreira","municipality":"Castelo de Paiva","district":"Aveiro","postalCode":"4550-740","fuels":{"gasoline95":1.949,"gasoline95Plus":1.969,"diesel":1.999,"dieselPremium":2.024,"dieselAgri":1.599},"lastUpdated":"2026-08-03 09:40","extra":{"stationType":"Outro"},"services":["Calibragem de pneus"],"hours":{"weekdays":"06:30-22:00","saturday":"06:30-22:00","sunday":"06:30-22:00","holiday":"06:30-22:00"},"paymentMethods":["Dinheiro"],"otherServices":null,"observations":null}},{"type":"Feature","geometry":{"type":"Point","coordinates":[-8.593444,40.983985]},"properties":{"id":"pt-94715","source":"PT","name":"BP SÃO PAIO DE OLEIROS","brand":"BP","address":"RUA COMENDADOR SA COUTO","municipality":"Santa Maria da Feira","district":"Aveiro","postalCode":"4535-439","fuels":{"gasoline95":2.069,"gasoline98":2.299,"diesel":2.169,"dieselPremium":2.319},"lastUpdated":"2026-08-03 10:00","extra":{"stationType":"Outro"},"services":["Cafetaria","Lavagem","Loja de Conveniência","Multibanco","Venda de gás doméstico em garrafas","WC","WC com fraldário","WC para deficientes"],"hours":{"weekdays":"07:00-23:00","saturday":"07:00-23:00","sunday":"07:00-23:00","holiday":"07:00-23:00"},"paymentMethods":["Dinheiro","Multibanco"],"otherServices":null,"observations":null}},{"type":"Feature","geometry":{"type":"Point","coordinates":[-8.483898,40.76126]},"properties":{"id":"pt-94783","source":"PT","name":"Posição 16013 GALP - BRANCA","brand":"GALP","address":"AV CENTRAL, 357 - IC2 / EN1 - Escusa, Km 255,200","municipality":"Albergaria-a-Velha","district":"Aveiro","postalCode":"3850-570","fuels":{"gasoline95":2.024,"gasoline95Plus":2.074,"gasoline98Plus":2.234,"diesel":2.114,"dieselPremium":2.164},"lastUpdated":"2026-08-03 12:55","extra":{"stationType":"Outro"},"services":["Cafetaria","Loja de Conveniência","Multibanco","Venda de gás doméstico em garrafas","WC","WC para deficientes"],"hours":{"weekdays":"06:00-22:00","saturday":"06:00-22:00","sunday":"06:00-22:00","holiday":"06:00-22:00"},"paymentMethods":["Dinheiro","Multibanco"],"otherServices":null,"observations":null}},{"type":"Feature","geometry":{"type":"Point","coordinates":[-8.27033,41.0422]},"properties":{"id":"pt-94792","source":"PT","name":"CEPSA Castelo de Paiva","brand":"CEPSA","address":"RUA DA BOAVISTA, 77","municipality":"Castelo de Paiva","district":"Aveiro","postalCode":"4550-117","fuels":{"gasoline95":2.028,"gasoline98Plus":2.24,"diesel":2.119,"dieselPremium":2.169,"dieselAgri":1.694},"lastUpdated":"2026-08-03 00:00","extra":{"stationType":"Outro"},"services":["Calibragem de pneus"],"hours":{"weekdays":"06:00-22:00","saturday":"06:00-22:00","sunday":"07:00-22:00","holiday":"07:00-22:00"},"paymentMethods":["Dinheiro"],"otherServices":null,"observations":null}},{"type":"Feature","geometry":{"type":"Point","coordinates":[-8.56964,40.77141]},"properties":{"id":"pt-94888","source":"PT","name":"BP Estarreja","brand":"BP","address":"R. Dr. Manuel Ferreira da Silva, nº 1 F","municipality":"Estarreja","district":"Aveiro","postalCode":"3860-210","fuels":{"gasoline95":2.099,"gasoline98Plus":2.299,"diesel":2.199,"dieselPremium":2.319},"lastUpdated":"2026-08-03 08:50","extra":{"stationType":"Outro"},"services":["Cafetaria","Lavagem","Loja de Conveniência","Venda de gás doméstico em garrafas","WC","WC para deficientes"],"hours":{"weekdays":"06:30-22:30","saturday":"06:30-22:30","sunday":"06:30-22:30","holiday":"06:30-22:30"},"paymentMethods":["Dinheiro","MbWay","Multibanco","Outros"],"otherServices":null,"observations":null}},{"type":"Feature","geometry":{"type":"Point","coordinates":[-8.48692,40.50758]},"properties":{"id":"pt-95166","source":"PT","name":"PRIO Oliveira do Bairro","brand":"PRIO","address":"Rua dos Colégios, nº 108","municipality":"Oliveira do Bairro","district":"Aveiro","postalCode":"3770-222","fuels":{"gasoline95":1.959,"gasoline95Plus":1.929,"dieselPremium":2.034,"bioDiesel":2.004},"lastUpdated":"2026-08-03 00:00","extra":{"stationType":"Outro"},"services":["Calibragem de pneus","Loja de Conveniência","Multibanco","Venda de carburante de qualidade superior","Venda de gás doméstico em garrafas","WC"],"hours":{"weekdays":"Aberto 24 horas","saturday":"Aberto 24 horas","sunday":"Aberto 24 horas","holiday":"Aberto 24 horas"},"paymentMethods":["Dinheiro","MbWay","Multibanco","Outros"],"otherServices":null,"observations":"24 horas em Terminal de Pagamento Automatico"}},{"type":"Feature","geometry":{"type":"Point","coordinates":[-8.43183,40.91172]},"properties":{"id":"pt-95169","source":"PT","name":"GALP Gândara - Cesar","brand":"GALP","address":"Praça da Liberdade, 95","municipality":"Oliveira de Azeméis","district":"Aveiro","postalCode":"3700-611","fuels":{"gasoline95":2.049,"gasoline95Plus":2.099,"gasoline98Plus":2.259,"diesel":2.144,"dieselPremium":2.194,"dieselAgri":1.724},"lastUpdated":"2026-08-04 09:55","extra":{"stationType":"Outro"},"services":["Calibragem de pneus"],"hours":null,"paymentMethods":["Dinheiro"],"otherServices":null,"observations":null}},{"type":"Feature","geometry":{"type":"Point","coordinates":[-8.4687,40.84614]},"properties":{"id":"pt-95201","source":"PT","name":"CEPSA  Oliveira de Azeméis","brand":"CEPSA","address":"Av. Francisco Tavares, nº 11","municipality":"Oliveira de Azeméis","district":"Aveiro","postalCode":"3720-268","fuels":{"gasoline95":2.003,"diesel":2.099,"lpg":0.916},"lastUpdated":"2026-08-03 00:00","extra":{"stationType":"Outro"},"services":["Calibragem de pneus","Venda de gás doméstico em garrafas","WC"],"hours":{"weekdays":"07:00-21:00","saturday":"07:00-21:00","sunday":"07:00-21:00","holiday":"07:00-21:00"},"paymentMethods":["Dinheiro","MbWay","Multibanco"],"otherServices":null,"observations":null}},{"type":"Feature","geometry":{"type":"Point","coordinates":[-8.47475,40.890083]},"properties":{"id":"pt-95202","source":"PT","name":"PRIO Samil","brand":"PRIO","address":"Gaveto da Rua de Samil com a Rua da Devesa Velha - Lugar das Devesas","municipality":"Oliveira de Azeméis","district":"Aveiro","postalCode":"3720-716","fuels":{"gasoline95":2.009,"gasoline95Plus":1.934,"dieselPremium":1.999,"bioDiesel":1.969,"lpg":0.889},"lastUpdated":"2026-08-09 01:15","extra":{"stationType":"Outro"},"services":["Calibragem de pneus"],"hours":{"weekdays":"07:00-23:00","saturday":"07:00-23:00","sunday":"07:00-23:00","holiday":"07:00-23:00"},"paymentMethods":["Dinheiro"],"otherServices":null,"observations":null}},{"type":"Feature","geometry":{"type":"Point","coordinates":[-8.49423,40.91196]},"properties":{"id":"pt-95210","source":"PT","name":"GALP Arrifana","brand":"GALP","address":"Rua Terras de Santa Maria, 1531","municipality":"Santa Maria da Feira","district":"Aveiro","postalCode":"3700-398","fuels":{"gasoline95":2.024,"gasoline95Plus":2.074,"diesel":2.114,"dieselPremium":2.164},"lastUpdated":"2026-08-04 10:00","extra":{"stationType":"Outro"},"services":["Calibragem de pneus"],"hours":null,"paymentMethods":["Dinheiro"],"otherServices":null,"observations":null}},{"type":"Feature","geometry":{"type":"Point","coordinates":[-8.47882,40.85292]},"properties":{"id":"pt-95216","source":"PT","name":"REPSOL Oliveira de Azeméis","brand":"REPSOL","address":"Rua Tomás Figueiredo Araújo Costa","municipality":"Oliveira de Azeméis","district":"Aveiro","postalCode":"3720-502","fuels":{"gasoline95":2.029,"gasoline95Plus":2.089,"gasoline98Plus":2.219,"diesel":2.119,"dieselPremium":2.179},"lastUpdated":"2026-08-03 00:05","extra":{"stationType":"Outro"},"services":["Calibragem de pneus"],"hours":null,"paymentMethods":["Dinheiro"],"otherServices":null,"observations":null}},{"type":"Feature","geometry":{"type":"Point","coordinates":[-8.5633,40.92149]},"properties":{"id":"pt-95225","source":"PT","name":"ES Repsol - Santa Maria da Feira","brand":"REPSOL","address":"Rua Dr. Crespim Borges Castro","municipality":"Santa Maria da Feira","district":"Aveiro","postalCode":"4520-195","fuels":{"gasoline95":2.019,"gasoline98Plus":2.199,"diesel":2.109,"dieselPremium":2.159,"lpg":0.964},"lastUpdated":"2026-08-03 12:10","extra":{"stationType":"Outro"},"services":["Calibragem de pneus"],"hours":null,"paymentMethods":["Dinheiro"],"otherServices":null,"observations":null}},{"type":"Feature","geometry":{"type":"Point","coordinates":[-8.45097,40.53712]},"properties":{"id":"pt-95226","source":"PT","name":"ES REPSOL Barrô","brand":"REPSOL","address":"ZONA IND.BARRO","municipality":"Águeda","district":"Aveiro","postalCode":"3750-351","fuels":{"gasoline95":2.029,"gasoline95Plus":2.089,"gasoline98Plus":2.219,"diesel":2.119,"dieselPremium":2.179,"dieselAgri":1.759,"lpg":0.954},"lastUpdated":"2026-08-03 12:15","extra":{"stationType":"Outro"},"services":["Cafetaria","Loja de Conveniência","WC"],"hours":null,"paymentMethods":["Dinheiro"],"otherServices":null,"observations":null}},{"type":"Feature","geometry":{"type":"Point","coordinates":[-8.726525,40.613533]},"properties":{"id":"pt-95260","source":"PT","name":"POSTO DPP GAFANHA","brand":"DPP","address":"Rua de Ílhavo","municipality":"Ílhavo","district":"Aveiro","postalCode":"3830-488","fuels":{"gasoline95":1.839,"gasoline95Plus":1.869,"diesel":1.949,"dieselPremium":1.959},"lastUpdated":"2026-08-05 15:10","extra":{"stationType":"Outro"},"services":["Calibragem de pneus"],"hours":{"weekdays":"07:00-21:00","saturday":"07:00-21:00","sunday":"07:00-21:00","holiday":"07:00-21:00"},"paymentMethods":["Dinheiro","Multibanco","Outros"],"otherServices":null,"observations":null}}]}