{"type":"FeatureCollection","features":[{"type":"Feature","geometry":{"type":"Point","coordinates":[-8.75441,40.31181]},"properties":{"id":"pt-65199","source":"PT","name":"JULIO OLIVEIRA & FOSDA (2)","brand":"GALP","address":"EN 109","municipality":"Cantanhede","district":"Coimbra","postalCode":"3065-000","fuels":{"gasoline95":1.999,"gasoline95Plus":2.049,"diesel":2.098,"dieselPremium":2.148,"dieselAgri":1.714},"lastUpdated":"2026-08-18 11:00","extra":{"stationType":"Outro"},"services":[],"hours":{"weekdays":"06:00-00:00","saturday":"06:00-00:00","sunday":"06:00-00:00","holiday":"06:00-00:00"},"paymentMethods":["Dinheiro"],"otherServices":null,"observations":null}},{"type":"Feature","geometry":{"type":"Point","coordinates":[-8.754109,40.311693]},"properties":{"id":"pt-65201","source":"PT","name":"JULIO OLIVEIRA & FOSDA (1)","brand":"GALP","address":"EN 109 Km 97,46","municipality":"Cantanhede","district":"Coimbra","postalCode":"3065-000","fuels":{"gasoline95":1.999,"gasoline95Plus":2.049,"gasoline98Plus":2.209,"diesel":2.098,"dieselPremium":2.148},"lastUpdated":"2026-08-18 11:00","extra":{"stationType":"Outro"},"services":[],"hours":{"weekdays":"06:00-00:00","saturday":"06:00-00:00","sunday":"06:00-00:00","holiday":"06:00-00:00"},"paymentMethods":["Dinheiro"],"otherServices":null,"observations":null}},{"type":"Feature","geometry":{"type":"Point","coordinates":[-8.425216,40.203365]},"properties":{"id":"pt-65242","source":"PT","name":"PRIO Coimbra - Parque Verde","brand":"PRIO","address":"Avenida Lousã 98","municipality":"Coimbra","district":"Coimbra","postalCode":"3000-214","fuels":{"gasoline95":1.999,"gasoline95Plus":1.934,"dieselPremium":2.034,"bioDiesel":2.004},"lastUpdated":"2026-08-19 00:30","extra":{"stationType":"Outro"},"services":["Cafetaria","Calibragem de pneus","Loja de Conveniência","Multibanco","Venda de carburante de qualidade superior","Venda de gás doméstico em garrafas","WC"],"hours":{"weekdays":"07:00-23:00","saturday":"07:00-23:00","sunday":"07:00-23:00","holiday":"07:00-23:00"},"paymentMethods":["Dinheiro","MbWay","Multibanco","Outros"],"otherServices":null,"observations":null}},{"type":"Feature","geometry":{"type":"Point","coordinates":[-8.408669,40.194987]},"properties":{"id":"pt-65243","source":"PT","name":"Aníbal Antunes Bandeira, Lda.","brand":"GALP","address":"Av. Vale das Flores","municipality":"Coimbra","district":"Coimbra","postalCode":"3000-000","fuels":{"gasoline95":2.039,"gasoline95Plus":2.089,"diesel":2.133,"dieselPremium":2.183},"lastUpdated":"2026-08-18 11:00","extra":{"stationType":"Outro"},"services":[],"hours":{"weekdays":"Aberto 24 horas","saturday":"Aberto 24 horas","sunday":"Aberto 24 horas","holiday":"Aberto 24 horas"},"paymentMethods":["Dinheiro"],"otherServices":null,"observations":null}},{"type":"Feature","geometry":{"type":"Point","coordinates":[-8.438688,40.228726]},"properties":{"id":"pt-65245","source":"PT","name":"Estação das Colinas, Unipessoal, Lda.","brand":"GALP","address":"Rua Dr. Manuel Almeida e Sousa","municipality":"Coimbra","district":"Coimbra","postalCode":"3000-000","fuels":{"gasoline95":2.039,"gasoline95Plus":2.089,"gasoline98Plus":2.249,"diesel":2.133,"dieselPremium":2.183},"lastUpdated":"2026-08-18 11:00","extra":{"stationType":"Outro"},"services":[],"hours":{"weekdays":"07:00-23:00","saturday":"07:00-23:00","sunday":"07:00-23:00","holiday":"07:00-23:00"},"paymentMethods":["Dinheiro"],"otherServices":null,"observations":null}},{"type":"Feature","geometry":{"type":"Point","coordinates":[-8.456432,40.167801]},"properties":{"id":"pt-65247","source":"PT","name":"Paralelo Alternativo - Comércio de Combustíveis, Ldª","brand":"GALP","address":"IC 2 Km 183,4","municipality":"Coimbra","district":"Coimbra","postalCode":"3000-032","fuels":{"gasoline95":2.039,"gasoline95Plus":2.089,"diesel":2.133,"dieselPremium":2.183,"lpg":0.944},"lastUpdated":"2026-08-18 11:00","extra":{"stationType":"Outro"},"services":[],"hours":{"weekdays":"06:00-22:00","saturday":"06:00-22:00","sunday":"06:00-22:00","holiday":"06:00-22:00"},"paymentMethods":["Dinheiro"],"otherServices":null,"observations":null}},{"type":"Feature","geometry":{"type":"Point","coordinates":[-8.45585,40.16781]},"properties":{"id":"pt-65248","source":"PT","name":"Paralelo Alternativo - Comércio de Combustíveis, Ldª","brand":"GALP","address":"IC 2 Km 183,4","municipality":"Coimbra","district":"Coimbra","postalCode":"3000-000","fuels":{"gasoline95":2.039,"gasoline95Plus":2.089,"diesel":2.133,"dieselPremium":2.183},"lastUpdated":"2026-08-18 11:00","extra":{"stationType":"Outro"},"services":[],"hours":{"weekdays":"06:00-22:00","saturday":"06:00-22:00","sunday":"06:00-22:00","holiday":"06:00-22:00"},"paymentMethods":["Dinheiro"],"otherServices":null,"observations":null}},{"type":"Feature","geometry":{"type":"Point","coordinates":[-8.442072,40.250965]},"properties":{"id":"pt-65251","source":"PT","name":"GALP A.S. Adémia","brand":"GALP","address":"EN 1 IC 2 (Ponte das Eiras Adémia)","municipality":"Coimbra","district":"Coimbra","postalCode":"3020-324","fuels":{"gasoline95":2.039,"gasoline95Plus":2.089,"diesel":2.133,"dieselPremium":2.183},"lastUpdated":"2026-08-19 03:55","extra":{"stationType":"Outro"},"services":["Calibragem de pneus"],"hours":{"weekdays":"Aberto 24 horas","saturday":"Aberto 24 horas","sunday":"Aberto 24 horas","holiday":"Aberto 24 horas"},"paymentMethods":["Dinheiro","MbWay","Multibanco","Outros"],"otherServices":null,"observations":null}},{"type":"Feature","geometry":{"type":"Point","coordinates":[-8.828362,40.179343]},"properties":{"id":"pt-65289","source":"PT","name":"CALDEIRA & CALDEIRA, LDA (1)","brand":"GALP","address":"EN 109 - Estrada de Aveiro-Ferrugenta","municipality":"Figueira da Foz","district":"Coimbra","postalCode":"3080-000","fuels":{"gasoline95":2.019,"gasoline95Plus":2.069,"gasoline98Plus":2.229,"diesel":2.113,"dieselPremium":2.163},"lastUpdated":"2026-08-18 11:00","extra":{"stationType":"Outro"},"services":[],"hours":{"weekdays":"08:00-23:00","saturday":"08:00-23:00","sunday":"08:00-23:00","holiday":"08:00-23:00"},"paymentMethods":["Dinheiro"],"otherServices":null,"observations":null}},{"type":"Feature","geometry":{"type":"Point","coordinates":[-8.828932,40.179479]},"properties":{"id":"pt-65292","source":"PT","name":"CALDEIRA & CALDEIRA, LDA (2)","brand":"GALP","address":"EN 109 Km 114,15","municipality":"Figueira da Foz","district":"Coimbra","postalCode":"3080-000","fuels":{"gasoline95":2.019,"gasoline95Plus":2.069,"diesel":2.113,"dieselPremium":2.163},"lastUpdated":"2026-08-18 11:00","extra":{"stationType":"Outro"},"services":[],"hours":{"weekdays":"07:00-23:00","saturday":"07:00-23:00","sunday":"07:00-23:00","holiday":"07:00-23:00"},"paymentMethods":["Dinheiro"],"otherServices":null,"observations":null}},{"type":"Feature","geometry":{"type":"Point","coordinates":[-8.24877,40.11942]},"properties":{"id":"pt-65391","source":"PT","name":"ANIBAL ANTUNES BANDEIRA LDA","brand":"GALP","address":"Rua de Coimbra","municipality":"Lousã","district":"Coimbra","postalCode":"3200-000","fuels":{"gasoline95":2.039,"gasoline95Plus":2.089,"diesel":2.133,"dieselPremium":2.183},"lastUpdated":"2026-08-18 11:00","extra":{"stationType":"Outro"},"services":[],"hours":{"weekdays":"07:00-23:00","saturday":"07:00-23:00","sunday":"07:00-23:00","holiday":"07:00-23:00"},"paymentMethods":["Dinheiro"],"otherServices":null,"observations":null}},{"type":"Feature","geometry":{"type":"Point","coordinates":[-8.44874,40.30734]},"properties":{"id":"pt-65431","source":"PT","name":"PETROGIR SANTA LUZIA S/N","brand":"GALP","address":"EN 1-Km 201,1 - S","municipality":"Coimbra","district":"Coimbra","postalCode":"3050-106","fuels":{"gasoline95":2.039,"gasoline95Plus":2.089,"diesel":2.133,"dieselPremium":2.183},"lastUpdated":"2026-08-18 11:00","extra":{"stationType":"Outro"},"services":[],"hours":{"weekdays":"07:00-23:00","saturday":"07:00-23:00","sunday":"07:00-23:00","holiday":"07:00-23:00"},"paymentMethods":["Dinheiro"],"otherServices":null,"observations":null}},{"type":"Feature","geometry":{"type":"Point","coordinates":[-8.73477,40.406527]},"properties":{"id":"pt-65437","source":"PT","name":"Fresco & Gomes Lda.","brand":"GALP","address":"EN 109 Km 86,74","municipality":"Mira","district":"Coimbra","postalCode":"3070-000","fuels":{"gasoline95":1.999,"diesel":2.098,"dieselPremium":2.148},"lastUpdated":"2026-08-18 11:00","extra":{"stationType":"Outro"},"services":[],"hours":{"weekdays":"Aberto 24 horas","saturday":"Aberto 24 horas","sunday":"Aberto 24 horas","holiday":"Aberto 24 horas"},"paymentMethods":["Dinheiro"],"otherServices":null,"observations":null}},{"type":"Feature","geometry":{"type":"Point","coordinates":[-8.73517,40.40658]},"properties":{"id":"pt-65438","source":"PT","name":"FRESCO & GOMES LDA","brand":"GALP","address":"EN 109 Km 86,74","municipality":"Mira","district":"Coimbra","postalCode":"3070-000","fuels":{"gasoline95":1.999,"gasoline95Plus":2.049,"diesel":2.098,"dieselPremium":2.148,"dieselAgri":1.714},"lastUpdated":"2026-08-18 11:00","extra":{"stationType":"Outro"},"services":[],"hours":{"weekdays":"Aberto 24 horas","saturday":"Aberto 24 horas","sunday":"Aberto 24 horas","holiday":"Aberto 24 horas"},"paymentMethods":["Dinheiro"],"otherServices":null,"observations":null}},{"type":"Feature","geometry":{"type":"Point","coordinates":[-8.80012,40.45561]},"properties":{"id":"pt-65439","source":"PT","name":"Viuva Borralho ","brand":"GALP","address":"EN 334 Km 0,25","municipality":"Mira","district":"Coimbra","postalCode":"3070-000","fuels":{"gasoline95":1.999,"gasoline95Plus":2.049,"diesel":2.098},"lastUpdated":"2026-08-18 11:00","extra":{"stationType":"Outro"},"services":[],"hours":{"weekdays":"08:00-00:00","saturday":"08:00-00:00","sunday":"08:00-00:00","holiday":"08:00-00:00"},"paymentMethods":["Dinheiro"],"otherServices":null,"observations":null}},{"type":"Feature","geometry":{"type":"Point","coordinates":[-8.73657,40.42645]},"properties":{"id":"pt-65440","source":"PT","name":"Viuva Borralho & Fos. Lda.","brand":"GALP","address":"EN 109 (Rua Afonso Costa)","municipality":"Mira","district":"Coimbra","postalCode":"3070-000","fuels":{"gasoline95":1.999,"gasoline95Plus":2.049,"diesel":2.098,"dieselPremium":2.148,"dieselAgri":1.714},"lastUpdated":"2026-08-18 11:00","extra":{"stationType":"Outro"},"services":[],"hours":{"weekdays":"07:00-23:00","saturday":"07:00-23:00","sunday":"07:00-23:00","holiday":"07:00-23:00"},"paymentMethods":["Dinheiro"],"otherServices":null,"observations":null}},{"type":"Feature","geometry":{"type":"Point","coordinates":[-8.64871,40.20385]},"properties":{"id":"pt-65459","source":"PT","name":"LUBRICENTRO DOIS CCA LDA","brand":"GALP","address":"Largo do Alhastro","municipality":"Montemor-o-Velho","district":"Coimbra","postalCode":"3140-000","fuels":{"gasoline95":2.039,"gasoline95Plus":2.089,"gasoline98Plus":2.249,"diesel":2.133,"dieselPremium":2.183,"dieselAgri":1.684},"lastUpdated":"2026-08-18 11:00","extra":{"stationType":"Outro"},"services":[],"hours":{"weekdays":"07:00-23:00","saturday":"07:00-23:00","sunday":"07:00-23:00","holiday":"07:00-23:00"},"paymentMethods":["Dinheiro"],"otherServices":null,"observations":null}},{"type":"Feature","geometry":{"type":"Point","coordinates":[-7.88569,40.42341]},"properties":{"id":"pt-65509","source":"PT","name":"MANUEL SILVA BRAZ","brand":"GALP","address":"Av. Nova nº 24","municipality":"Oliveira do Hospital","district":"Coimbra","postalCode":"3405-033","fuels":{"gasoline95":2.049,"gasoline95Plus":2.099,"diesel":2.143,"dieselPremium":2.193,"dieselAgri":1.714},"lastUpdated":"2026-08-18 11:00","extra":{"stationType":"Outro"},"services":["Calibragem de pneus","Multibanco","Venda de carburante de qualidade superior","Venda de gás doméstico em garrafas","Venda de gasóleo agrícola","Venda de gasóleo para aquecimento","WC"],"hours":{"weekdays":"07:00-23:00","saturday":"07:00-23:00","sunday":"07:00-23:00","holiday":"07:00-23:00"},"paymentMethods":["Dinheiro"],"otherServices":null,"observations":null}},{"type":"Feature","geometry":{"type":"Point","coordinates":[-7.89973,40.31536]},"properties":{"id":"pt-65510","source":"PT","name":"TIBERIO CABRAL HERDEIROS LDA","brand":"GALP","address":"EN 17","municipality":"Oliveira do Hospital","district":"Coimbra","postalCode":"3400-454","fuels":{"gasoline95":2.059,"gasoline95Plus":2.109,"diesel":2.155,"dieselPremium":2.205,"dieselAgri":1.714},"lastUpdated":"2026-08-18 11:00","extra":{"stationType":"Outro"},"services":[],"hours":{"weekdays":"06:00-23:00","saturday":"06:00-23:00","sunday":"06:00-23:00","holiday":"06:00-23:00"},"paymentMethods":["Dinheiro"],"otherServices":null,"observations":null}},{"type":"Feature","geometry":{"type":"Point","coordinates":[-8.394101,40.027922]},"properties":{"id":"pt-65538","source":"PT","name":"Lubricentro Dois-C.Comb.Aut., Lda.","brand":"GALP","address":"EN 110 / IC 3","municipality":"Penela","district":"Coimbra","postalCode":"3230-000","fuels":{"gasoline95":2.039,"gasoline95Plus":2.089,"diesel":2.133,"dieselPremium":2.183,"dieselAgri":1.714},"lastUpdated":"2026-08-18 11:00","extra":{"stationType":"Outro"},"services":[],"hours":{"weekdays":"07:00-23:00","saturday":"07:00-23:00","sunday":"07:00-23:00","holiday":"07:00-23:00"},"paymentMethods":["Dinheiro"],"otherServices":null,"observations":null}},{"type":"Feature","geometry":{"type":"Point","coordinates":[-8.05773,40.28895]},"properties":{"id":"pt-65672","source":"PT","name":"PETROGIR TABUA 2","brand":"GALP","address":"EN 17 Km 54,75","municipality":"Tábua","district":"Coimbra","postalCode":"3420-164","fuels":{"gasoline95":2.009,"gasoline95Plus":2.059,"diesel":2.103,"dieselPremium":2.153,"dieselAgri":1.714},"lastUpdated":"2026-08-18 11:00","extra":{"stationType":"Outro"},"services":[],"hours":{"weekdays":"07:00-23:00","saturday":"07:00-23:00","sunday":"07:00-23:00","holiday":"07:00-23:00"},"paymentMethods":["Dinheiro"],"otherServices":null,"observations":null}},{"type":"Feature","geometry":{"type":"Point","coordinates":[-8.248116,40.205629]},"properties":{"id":"pt-65756","source":"PT","name":"PGL Sabores, Lda.","brand":"GALP","address":"Av. Manuel Carvalho Coelho","municipality":"Vila Nova de Poiares","district":"Coimbra","postalCode":"3350-000","fuels":{"gasoline95":2.039,"gasoline98Plus":2.249,"diesel":2.133,"dieselPremium":2.183,"dieselAgri":1.714},"lastUpdated":"2026-08-18 12:15","extra":{"stationType":"Outro"},"services":[],"hours":{"weekdays":"07:00-00:00","saturday":"07:00-00:00","sunday":"07:00-00:00","holiday":"07:00-00:00"},"paymentMethods":["Dinheiro"],"otherServices":null,"observations":null}},{"type":"Feature","geometry":{"type":"Point","coordinates":[-8.46112,40.19881]},"properties":{"id":"pt-65796","source":"PT","name":"Petrogir - Combustiveis e Lubrificantes, Lda.","brand":"GALP","address":"Rua da Bayer","municipality":"Coimbra","district":"Coimbra","postalCode":"3045-016","fuels":{"gasoline95":2.039,"gasoline95Plus":2.089,"gasoline98Plus":2.249,"diesel":2.133,"dieselPremium":2.183},"lastUpdated":"2026-08-17 00:00","extra":{"stationType":"Outro"},"services":["Cafetaria","Lavagem","Loja de Conveniência","Venda de carburante de qualidade superior","Venda de gás doméstico em garrafas","WC","WC com fraldário","WC para deficientes"],"hours":{"weekdays":"07:00-00:00","saturday":"07:00-00:00","sunday":"07:00-00:00","holiday":"07:00-00:00"},"paymentMethods":["Dinheiro","MbWay","Multibanco"],"otherServices":null,"observations":null}},{"type":"Feature","geometry":{"type":"Point","coordinates":[-8.492696,40.333233]},"properties":{"id":"pt-65811","source":"PT","name":"BP A1 Mealhada (Este)","brand":"BP","address":"A1 - Km 204 - Enxofães - Murtede","municipality":"Cantanhede","district":"Coimbra","postalCode":"3060-000","fuels":{"gasoline95":2.114,"gasoline98Plus":2.134,"diesel":2.209,"dieselPremium":2.319,"lpg":0.999},"lastUpdated":"2026-08-18 00:00","extra":{"stationType":"Auto-estrada"},"services":["Cafetaria","Loja de Conveniência","Restaurante","WC"],"hours":null,"paymentMethods":["Dinheiro"],"otherServices":null,"observations":null}},{"type":"Feature","geometry":{"type":"Point","coordinates":[-8.495814,40.334175]},"properties":{"id":"pt-65812","source":"PT","name":"BP A1 Mealhada (Oeste)","brand":"BP","address":"A1 - Km 204 - Enxofães - Murtede","municipality":"Cantanhede","district":"Coimbra","postalCode":"3060-000","fuels":{"gasoline95":2.114,"gasoline98Plus":2.314,"diesel":2.209,"dieselPremium":2.319,"lpg":0.999},"lastUpdated":"2026-08-18 00:00","extra":{"stationType":"Auto-estrada"},"services":["Cafetaria","Loja de Conveniência","Restaurante","WC"],"hours":null,"paymentMethods":["Dinheiro"],"otherServices":null,"observations":null}},{"type":"Feature","geometry":{"type":"Point","coordinates":[-8.58496,40.34788]},"properties":{"id":"pt-65872","source":"PT","name":"BP Cantanhede","brand":"BP","address":"Rotunda da EN 234/EN 234-1 Km 1,6","municipality":"Cantanhede","district":"Coimbra","postalCode":"3060-124","fuels":{"gasoline95":2.034,"gasoline98Plus":2.284,"diesel":2.134,"dieselPremium":2.299,"dieselAgri":1.729,"lpg":0.939},"lastUpdated":"2026-08-18 08:10","extra":{"stationType":"Outro"},"services":["Cafetaria","Loja de Conveniência","Venda de gás doméstico em garrafas","Venda de gasóleo agrícola","WC"],"hours":{"weekdays":"06:00-22:00","saturday":"Aberto 24 horas","sunday":"Aberto 24 horas","holiday":"06:00-22:00"},"paymentMethods":["Dinheiro","MbWay","Multibanco"],"otherServices":null,"observations":"aberto 24h de quarta a domingo"}},{"type":"Feature","geometry":{"type":"Point","coordinates":[-8.43772,40.238182]},"properties":{"id":"pt-65887","source":"PT","name":"COIMBRA - PEDRULHA","brand":"BP","address":"Rotunda da Pedrulha","municipality":"Coimbra","district":"Coimbra","postalCode":"3020-000","fuels":{"gasoline95":2.064,"gasoline98Plus":2.284,"diesel":2.164,"dieselPremium":2.299,"lpg":0.999},"lastUpdated":"2026-08-18 00:00","extra":{"stationType":"Outro"},"services":["Loja de Conveniência","Multibanco","WC"],"hours":{"weekdays":"Aberto 24 horas","saturday":"Aberto 24 horas","sunday":"Aberto 24 horas","holiday":"Aberto 24 horas"},"paymentMethods":["Dinheiro"],"otherServices":null,"observations":null}},{"type":"Feature","geometry":{"type":"Point","coordinates":[-8.43085,40.200815]},"properties":{"id":"pt-65889","source":"PT","name":"COIMBRA (OESTE)","brand":"BP","address":"Av. Inês de Castro","municipality":"Coimbra","district":"Coimbra","postalCode":"3040-255","fuels":{"gasoline95":2.064,"gasoline98Plus":2.284,"diesel":2.164,"dieselPremium":2.299},"lastUpdated":"2026-08-18 00:00","extra":{"stationType":"Outro"},"services":["Cafetaria","Calibragem de pneus","Loja de Conveniência","Multibanco","Restaurante","Venda de carburante de qualidade superior","Venda de gás doméstico em garrafas","WC","WC com fraldário","WC para deficientes"],"hours":{"weekdays":"Aberto 24 horas","saturday":"Aberto 24 horas","sunday":"Aberto 24 horas","holiday":"Aberto 24 horas"},"paymentMethods":["Dinheiro","MbWay","Multibanco"],"otherServices":null,"observations":null}},{"type":"Feature","geometry":{"type":"Point","coordinates":[-8.85024,40.14816]},"properties":{"id":"pt-65918","source":"PT","name":"BP Figueira da Foz","brand":"BP","address":"Av. Saraiva de Carvalho, 16","municipality":"Figueira da Foz","district":"Coimbra","postalCode":"3080-050","fuels":{"gasoline95":2.019,"gasoline98Plus":2.284,"diesel":2.114,"dieselPremium":2.299},"lastUpdated":"2026-08-19 00:00","extra":{"stationType":"Outro"},"services":["Loja de Conveniência","Multibanco","Venda de carburante de qualidade superior","Venda de gás doméstico em garrafas","WC"],"hours":{"weekdays":"Aberto 24 horas","saturday":"Aberto 24 horas","sunday":"Aberto 24 horas","holiday":"Aberto 24 horas"},"paymentMethods":["Dinheiro"],"otherServices":null,"observations":null}},{"type":"Feature","geometry":{"type":"Point","coordinates":[-8.063549,40.232445]},"properties":{"id":"pt-66278","source":"PT","name":"CEPSA Arganil I (ARG/CBR) - GOMAPE de António Mário Dias Marques","brand":"CEPSA","address":"Estrada Nacional 342-4, km 1.5","municipality":"Arganil","district":"Coimbra","postalCode":"3300-118","fuels":{"gasoline95":2.008,"gasoline98Plus":2.22,"diesel":2.119,"dieselPremium":2.169},"lastUpdated":"2026-08-17 10:50","extra":{"stationType":"Outro"},"services":["Cafetaria","Loja de Conveniência","Multibanco","WC"],"hours":{"weekdays":"07:00-22:00","saturday":"07:00-22:00","sunday":"07:00-22:00","holiday":"07:00-22:00"},"paymentMethods":["Dinheiro"],"otherServices":null,"observations":null}},{"type":"Feature","geometry":{"type":"Point","coordinates":[-8.063031,40.23154]},"properties":{"id":"pt-66279","source":"PT","name":"MOEVE Arganil II (CBR/ARG) - GOMAPE de António Mário Dias Marques","brand":"MOEVE","address":"Estrada Nacional 342-4, km 1.5","municipality":"Arganil","district":"Coimbra","postalCode":"3300-118","fuels":{"gasoline95":2.008,"gasoline98Plus":2.22,"diesel":2.119,"dieselPremium":2.169,"dieselHeating":2.082,"dieselAgri":1.694},"lastUpdated":"2026-08-17 10:55","extra":{"stationType":"Outro"},"services":["Assistência auto","Cafetaria","Loja de Conveniência","Multibanco","WC"],"hours":{"weekdays":"07:00-22:00","saturday":"07:00-23:00","sunday":"07:00-22:00","holiday":"07:00-22:00"},"paymentMethods":["Dinheiro","MbWay","Multibanco","Outros"],"otherServices":null,"observations":null}},{"type":"Feature","geometry":{"type":"Point","coordinates":[-8.643492,40.39665]},"properties":{"id":"pt-66317","source":"PT","name":"PRIO FEBRES","brand":"PRIO","address":"Rua Fernando Serra Oliveira, nº111","municipality":"Cantanhede","district":"Coimbra","postalCode":"3060-318","fuels":{"gasoline95":1.959,"gasoline95Plus":1.939,"diesel":2.054,"dieselPremium":2.034,"dieselHeating":1.999,"dieselAgri":1.579},"lastUpdated":"2026-08-17 10:30","extra":{"stationType":"Outro"},"services":["Cafetaria","Lavagem","Loja de Conveniência","Venda de gás doméstico em garrafas","Venda de gasóleo agrícola","Venda de gasóleo para aquecimento","WC"],"hours":{"weekdays":"Aberto 24 horas","saturday":"Aberto 24 horas","sunday":"Aberto 24 horas","holiday":"Aberto 24 horas"},"paymentMethods":["Dinheiro","MbWay","Multibanco","Outros"],"otherServices":null,"observations":null}},{"type":"Feature","geometry":{"type":"Point","coordinates":[-8.418473,40.296436]},"properties":{"id":"pt-66372","source":"PT","name":"Cepsa Souselas","brand":"CEPSA","address":"Rua dos Troviscais (EN 336) - Souselas","municipality":"Coimbra","district":"Coimbra","postalCode":"3020-886","fuels":{"gasoline95":2.023,"gasoline98Plus":2.235,"diesel":2.104,"dieselPremium":2.154,"dieselAgri":1.694},"lastUpdated":"2026-08-17 00:00","extra":{"stationType":"Outro"},"services":["Cafetaria","Multibanco","WC"],"hours":null,"paymentMethods":["Dinheiro"],"otherServices":null,"observations":null}},{"type":"Feature","geometry":{"type":"Point","coordinates":[-8.75867,40.303283]},"properties":{"id":"pt-66509","source":"PT","name":"E.S. TOCHA A","brand":"REPSOL","address":"EN 109","municipality":"Cantanhede","district":"Coimbra","postalCode":"3060-000","fuels":{"gasoline95":1.999,"gasoline95Plus":2.069,"gasoline98Plus":2.199,"diesel":2.094,"dieselPremium":2.164},"lastUpdated":"2026-08-18 09:00","extra":{"stationType":"Outro"},"services":["Cafetaria","Lavagem","Venda de carburante de qualidade superior","Venda de gás doméstico em garrafas","WC"],"hours":{"weekdays":"06:00-23:00","saturday":"06:00-23:00","sunday":"06:00-23:00","holiday":"06:00-23:00"},"paymentMethods":["Dinheiro"],"otherServices":null,"observations":null}},{"type":"Feature","geometry":{"type":"Point","coordinates":[-8.75902,40.30343]},"properties":{"id":"pt-66510","source":"PT","name":"E.S. TOCHA B","brand":"REPSOL","address":"EN 109 KM 98,5 LUGAR DE INÁCIOS","municipality":"Cantanhede","district":"Coimbra","postalCode":"3060-701","fuels":{"gasoline95":1.999,"gasoline95Plus":2.069,"gasoline98Plus":2.199,"diesel":2.094,"dieselPremium":2.164,"dieselAgri":1.694},"lastUpdated":"2026-08-18 09:05","extra":{"stationType":"Outro"},"services":["Lavagem","Venda de carburante de qualidade superior","Venda de gás doméstico em garrafas","Venda de gasóleo agrícola","WC"],"hours":{"weekdays":"06:00-23:00","saturday":"06:00-23:00","sunday":"06:00-23:00","holiday":"06:00-23:00"},"paymentMethods":["Dinheiro"],"otherServices":null,"observations":null}},{"type":"Feature","geometry":{"type":"Point","coordinates":[-7.84552,40.3451]},"properties":{"id":"pt-66511","source":"PT","name":"E.S. OLIVEIRA DO HOSPITAL","brand":"REPSOL","address":"Lugar de Catraia de São Paio","municipality":"Oliveira do Hospital","district":"Coimbra","postalCode":"3400-909","fuels":{"gasoline95":2.059,"gasoline98Plus":2.259,"diesel":2.154,"dieselPremium":2.224,"dieselAgri":1.774},"lastUpdated":"2026-08-18 09:45","extra":{"stationType":"Outro"},"services":["Cafetaria","Venda de carburante de qualidade superior","Venda de gás doméstico em garrafas","Venda de gasóleo agrícola"],"hours":{"weekdays":"00:00-00:00","saturday":"00:00-00:00","sunday":"00:00-00:00","holiday":"00:00-00:00"},"paymentMethods":["Dinheiro"],"otherServices":null,"observations":null}},{"type":"Feature","geometry":{"type":"Point","coordinates":[-8.8342,40.03005]},"properties":{"id":"pt-66512","source":"PT","name":"E.S. MARINHA ONDAS A","brand":"REPSOL","address":"Variante da EN 109","municipality":"Figueira da Foz","district":"Coimbra","postalCode":"3080-000","fuels":{"gasoline95":2.059,"gasoline98Plus":2.259,"diesel":2.154,"dieselAgri":1.774},"lastUpdated":"2026-08-18 00:00","extra":{"stationType":"Outro"},"services":["Loja de Conveniência","Venda de carburante de qualidade superior","Venda de gás doméstico em garrafas","Venda de gasóleo agrícola","WC"],"hours":{"weekdays":"06:00-22:00","saturday":"06:00-22:00","sunday":"06:00-22:00","holiday":"06:00-22:00"},"paymentMethods":["Dinheiro"],"otherServices":null,"observations":null}},{"type":"Feature","geometry":{"type":"Point","coordinates":[-8.83434,40.02982]},"properties":{"id":"pt-66513","source":"PT","name":"E.S. MARINHA ONDAS B","brand":"REPSOL","address":"Variante da EN 109","municipality":"Figueira da Foz","district":"Coimbra","postalCode":"3080-000","fuels":{"gasoline95":2.059,"gasoline95Plus":2.129,"diesel":2.154,"dieselPremium":2.224},"lastUpdated":"2026-08-18 00:00","extra":{"stationType":"Outro"},"services":["Venda de carburante de qualidade superior","Venda de gás doméstico em garrafas","WC"],"hours":{"weekdays":"06:00-22:00","saturday":"06:00-22:00","sunday":"06:00-22:00","holiday":"06:00-22:00"},"paymentMethods":["Dinheiro"],"otherServices":null,"observations":null}},{"type":"Feature","geometry":{"type":"Point","coordinates":[-8.84704,40.14918]},"properties":{"id":"pt-66514","source":"PT","name":"E.S. FIGUEIRA FOZ","brand":"REPSOL","address":"Bairro da Estação","municipality":"Figueira da Foz","district":"Coimbra","postalCode":"3080-000","fuels":{"gasoline95":2.019,"gasoline95Plus":2.079,"gasoline98Plus":2.209,"diesel":2.114,"dieselPremium":2.174},"lastUpdated":"2026-08-18 00:00","extra":{"stationType":"Outro"},"services":["Lavagem","Loja de Conveniência","Venda de carburante de qualidade superior","Venda de gás doméstico em garrafas","WC"],"hours":{"weekdays":"07:00-22:00","saturday":"07:00-22:00","sunday":"07:00-23:00","holiday":"07:00-23:00"},"paymentMethods":["Dinheiro"],"otherServices":null,"observations":null}},{"type":"Feature","geometry":{"type":"Point","coordinates":[-8.5086,40.26845]},"properties":{"id":"pt-66515","source":"PT","name":"E.S. ANÇÃ-CANTANHEDE","brand":"REPSOL","address":"EN 243 Km 12,190","municipality":"Cantanhede","district":"Coimbra","postalCode":"3060-000","fuels":{"gasoline95":2.029,"gasoline98Plus":2.209,"diesel":2.124,"dieselPremium":2.184,"dieselAgri":1.724},"lastUpdated":"2026-08-18 00:00","extra":{"stationType":"Outro"},"services":["Loja de Conveniência","Venda de carburante de qualidade superior","Venda de gás doméstico em garrafas","Venda de gasóleo agrícola","WC"],"hours":{"weekdays":"07:00-22:00","saturday":"07:00-22:00","sunday":"07:00-22:00","holiday":"07:00-22:00"},"paymentMethods":["Dinheiro"],"otherServices":null,"observations":null}},{"type":"Feature","geometry":{"type":"Point","coordinates":[-8.48953,40.1259]},"properties":{"id":"pt-66519","source":"PT","name":"E.S. CONDEIXA A","brand":"REPSOL","address":"EN 1","municipality":"Coimbra","district":"Coimbra","postalCode":"3150-000","fuels":{"gasoline95":2.009,"gasoline95Plus":2.069,"gasoline98Plus":2.199,"diesel":2.104,"dieselPremium":2.164,"lpg":0.944},"lastUpdated":"2026-08-18 00:00","extra":{"stationType":"Outro"},"services":["Restaurante","Venda de carburante de qualidade superior","Venda de gás doméstico em garrafas","WC"],"hours":{"weekdays":"07:00-23:00","saturday":"07:00-23:00","sunday":"07:00-23:00","holiday":"07:00-23:00"},"paymentMethods":["Dinheiro"],"otherServices":null,"observations":null}},{"type":"Feature","geometry":{"type":"Point","coordinates":[-8.48868,40.12586]},"properties":{"id":"pt-66520","source":"PT","name":"E.S. CONDEIXA B","brand":"REPSOL","address":"EN 1","municipality":"Coimbra","district":"Coimbra","postalCode":"3150-000","fuels":{"gasoline95":2.009,"gasoline95Plus":2.069,"gasoline98Plus":2.199,"diesel":2.104,"dieselPremium":2.164,"dieselAgri":1.714},"lastUpdated":"2026-08-18 00:00","extra":{"stationType":"Outro"},"services":["Venda de carburante de qualidade superior","Venda de gás doméstico em garrafas","Venda de gasóleo agrícola","WC"],"hours":{"weekdays":"07:00-23:00","saturday":"07:00-23:00","sunday":"07:00-23:00","holiday":"07:00-23:00"},"paymentMethods":["Dinheiro"],"otherServices":null,"observations":null}},{"type":"Feature","geometry":{"type":"Point","coordinates":[-8.581877,40.344141]},"properties":{"id":"pt-66521","source":"PT","name":"E.S. CANTANHEDE","brand":"REPSOL","address":"EN 234 (Av. de Portugal)","municipality":"Cantanhede","district":"Coimbra","postalCode":"3060-000","fuels":{"gasoline95":2.029,"gasoline98Plus":2.209,"diesel":2.124,"dieselPremium":2.184},"lastUpdated":"2026-08-18 00:00","extra":{"stationType":"Outro"},"services":["Assistência auto","Lavagem","Loja de Conveniência","Multibanco","Venda de carburante de qualidade superior","Venda de gás doméstico em garrafas","WC"],"hours":{"weekdays":"08:00-22:30","saturday":"08:00-22:30","sunday":"08:00-13:00","holiday":"08:00-13:00"},"paymentMethods":["Dinheiro"],"otherServices":null,"observations":null}},{"type":"Feature","geometry":{"type":"Point","coordinates":[-8.446369,40.227688]},"properties":{"id":"pt-66522","source":"PT","name":"ES  COIMBRA - Gespost - Gestão e Administração de Postos de Abastecimento Unipessoal LDA","brand":"REPSOL","address":"E N 111,1 - Stª Cruz (Junto à Academia do Choupal)  ","municipality":"Coimbra","district":"Coimbra","postalCode":"3000-477","fuels":{"gasoline95":2.029,"gasoline95Plus":2.089,"gasoline98Plus":2.199,"diesel":2.124,"dieselPremium":2.184,"lpg":0.944},"lastUpdated":"2026-08-18 08:05","extra":{"stationType":"Outro"},"services":["Calibragem de pneus"],"hours":null,"paymentMethods":["Dinheiro"],"otherServices":null,"observations":null}},{"type":"Feature","geometry":{"type":"Point","coordinates":[-8.3315,40.09558]},"properties":{"id":"pt-66523","source":"PT","name":"E.S. MIRANDA DO CORVO","brand":"REPSOL","address":"Av. Arménio da Costa Simões, 78","municipality":"Miranda do Corvo","district":"Coimbra","postalCode":"3220-186","fuels":{"gasoline95":2.029,"gasoline95Plus":2.069,"diesel":2.114,"dieselPremium":2.174,"dieselAgri":1.724},"lastUpdated":"2026-08-18 12:15","extra":{"stationType":"Outro"},"services":["Venda de carburante de qualidade superior","Venda de gás doméstico em garrafas","Venda de gasóleo agrícola","WC"],"hours":{"weekdays":"07:00-23:00","saturday":"07:00-23:00","sunday":"07:00-23:00","holiday":"07:00-23:00"},"paymentMethods":["Dinheiro"],"otherServices":null,"observations":null}},{"type":"Feature","geometry":{"type":"Point","coordinates":[-8.713302,40.420692]},"properties":{"id":"pt-66953","source":"PT","name":"Fernando Oliveira Inocencio, Unipessoal Lda.","brand":"Genérico","address":"EN 234 km 2,1 , Via do Infante D. Pedro","municipality":"Mira","district":"Coimbra","postalCode":"3070-212","fuels":{"gasoline95":1.97,"gasoline98":2.05,"diesel":2.07,"dieselPremium":2.11,"dieselHeating":1.9,"dieselAgri":1.68,"lpg":0.92},"lastUpdated":"2026-08-17 09:30","extra":{"stationType":"Outro"},"services":["Venda de carburante de qualidade superior","Venda de gás doméstico em garrafas","Venda de gasóleo agrícola","Venda de gasóleo para aquecimento","WC para deficientes","AUTOvoucher"],"hours":{"weekdays":"Aberto 24 horas","saturday":"Aberto 24 horas","sunday":"Aberto 24 horas","holiday":"Aberto 24 horas"},"paymentMethods":["Dinheiro","MbWay","Multibanco","Outros"],"otherServices":null,"observations":null}},{"type":"Feature","geometry":{"type":"Point","coordinates":[-8.52622900767,40.3587679927]},"properties":{"id":"pt-66977","source":"PT","name":"BP - Murtede","brand":"BP","address":"EN 234 Km 22","municipality":"Cantanhede","district":"Coimbra","postalCode":"3060-371","fuels":{"gasoline95":2.034,"gasoline98Plus":2.284,"diesel":2.134,"dieselPremium":2.299,"dieselAgri":1.729},"lastUpdated":"2026-08-18 08:25","extra":{"stationType":"Outro"},"services":["Loja de Conveniência","Venda de gás doméstico em garrafas","Venda de gasóleo agrícola","WC"],"hours":{"weekdays":"07:00-22:00","saturday":"07:00-22:00","sunday":"07:00-22:00","holiday":"07:00-22:00"},"paymentMethods":["Dinheiro","MbWay","Multibanco"],"otherServices":null,"observations":null}},{"type":"Feature","geometry":{"type":"Point","coordinates":[-8.672047,40.184727]},"properties":{"id":"pt-67422","source":"PT","name":"INTERMARCHÉ Montemor-O-Velho - MONTESODI LDA","brand":"INTERMARCHÉ","address":"URBANIZAÇÃO VINHA DA PARREIRA,LOTE Nº3","municipality":"Montemor-o-Velho","district":"Coimbra","postalCode":"3140-249","fuels":{"gasoline95":1.885,"gasoline98":1.945,"diesel":1.975,"dieselPremium":1.995},"lastUpdated":"2026-08-17 20:35","extra":{"stationType":"Outro"},"services":["Calibragem de pneus"],"hours":{"weekdays":"Aberto 24 horas","saturday":"Aberto 24 horas","sunday":"Aberto 24 horas","holiday":"Aberto 24 horas"},"paymentMethods":["Dinheiro","Multibanco"],"otherServices":null,"observations":null}},{"type":"Feature","geometry":{"type":"Point","coordinates":[-8.58628,40.35034]},"properties":{"id":"pt-67429","source":"PT","name":"INTERMARCHÉ CANTANHEDE","brand":"INTERMARCHÉ","address":"Lugar do Freixial","municipality":"Cantanhede","district":"Coimbra","postalCode":"3060-228","fuels":{"gasoline95":1.875,"gasoline95Plus":1.915,"diesel":1.958,"dieselPremium":1.958},"lastUpdated":"2026-08-17 21:00","extra":{"stationType":"Outro"},"services":["Cafetaria","Loja de Conveniência","Multibanco","Venda de carburante de qualidade superior","Venda de gás doméstico em garrafas","Venda de gasóleo para aquecimento","WC","WC para deficientes"],"hours":{"weekdays":"Aberto 24 horas","saturday":"Aberto 24 horas","sunday":"Aberto 24 horas","holiday":"Aberto 24 horas"},"paymentMethods":["Dinheiro","MbWay","Multibanco"],"otherServices":"Venda GÁS doméstico OZ Energia\r\nVenda AD BLEU Quiosque\r\nVenda Tabaco e Jornais\r\n","observations":"TERMINAL PAGAMENTO NOTURNO (24H)"}},{"type":"Feature","geometry":{"type":"Point","coordinates":[-8.63387,40.15677]},"properties":{"id":"pt-67544","source":"PT","name":"P.A.C. VALE MONDEGO, LDA","brand":"Genérico","address":"Estrada Larga","municipality":"Soure","district":"Coimbra","postalCode":"3130-080","fuels":{"gasoline95":1.95,"gasoline98":2.04,"gasolineMix":2.5,"diesel":2.008,"dieselPremium":2.07,"dieselAgri":1.58,"lpg":0.958},"lastUpdated":"2026-08-18 07:00","extra":{"stationType":"Outro"},"services":[],"hours":{"weekdays":"07:00-22:30","saturday":"07:00-22:30","sunday":"08:00-22:00","holiday":"08:00-22:00"},"paymentMethods":["Dinheiro"],"otherServices":null,"observations":null}},{"type":"Feature","geometry":{"type":"Point","coordinates":[-7.979367,40.268345]},"properties":{"id":"pt-68103","source":"PT","name":"ALVES BANDEIRA Coja","brand":"ALVES BANDEIRA","address":"R.FRANCISCO ALMEIDA FILIPE","municipality":"Arganil","district":"Coimbra","postalCode":"3305-145","fuels":{"gasoline95":2.069,"gasoline98":2.219,"gasolineMix":2.25,"diesel":2.154,"dieselPremium":2.174,"dieselAgri":1.729},"lastUpdated":"2026-08-17 12:25","extra":{"stationType":"Outro"},"services":["Calibragem de pneus"],"hours":{"weekdays":"07:00-22:00","saturday":"07:00-22:00","sunday":"07:00-22:00","holiday":"07:00-22:00"},"paymentMethods":["Dinheiro","MbWay","Multibanco","Outros"],"otherServices":null,"observations":null}},{"type":"Feature","geometry":{"type":"Point","coordinates":[-8.49046,40.10623]},"properties":{"id":"pt-68284","source":"PT","name":"BP Coop.Condeixa","brand":"BP","address":"Quinta Nova","municipality":"Condeixa-a-Nova","district":"Coimbra","postalCode":"3150-225","fuels":{"gasoline95":2.029,"diesel":2.019,"dieselAgri":1.714},"lastUpdated":"2026-08-18 12:15","extra":{"stationType":"Outro"},"services":[],"hours":{"weekdays":"07:30-18:00","saturday":"09:00-12:30","sunday":"Fechado","holiday":"Fechado"},"paymentMethods":["Dinheiro"],"otherServices":null,"observations":null}},{"type":"Feature","geometry":{"type":"Point","coordinates":[-8.28732,40.11746]},"properties":{"id":"pt-68371","source":"PT","name":"Posto GALP Lousã EN342  - Anibal Antunes Bandeira, Lda ","brand":"GALP","address":"EN 342 ao Km 8,75 (Variante Lousã-Miranda do Corvo)","municipality":"Lousã","district":"Coimbra","postalCode":"3200-133","fuels":{"gasoline95":2.039,"gasoline95Plus":2.089,"gasoline98Plus":2.249,"diesel":2.133,"dieselPremium":2.183,"dieselAgri":1.714,"lpg":0.969},"lastUpdated":"2026-08-17 00:05","extra":{"stationType":"Outro"},"services":["Calibragem de pneus"],"hours":null,"paymentMethods":["Dinheiro"],"otherServices":null,"observations":null}},{"type":"Feature","geometry":{"type":"Point","coordinates":[-8.385561,40.174225]},"properties":{"id":"pt-68428","source":"PT","name":"ALVES BANDEIRA Ceira A","brand":"ALVES BANDEIRA","address":"ESTRADA DA BEIRA","municipality":"Coimbra","district":"Coimbra","postalCode":"3030-853","fuels":{"gasoline95":2.039,"diesel":2.124,"dieselPremium":2.174},"lastUpdated":"2026-08-17 12:25","extra":{"stationType":"Outro"},"services":["Calibragem de pneus"],"hours":null,"paymentMethods":["Dinheiro","MbWay","Multibanco","Outros"],"otherServices":null,"observations":null}},{"type":"Feature","geometry":{"type":"Point","coordinates":[-8.75116,40.31897]},"properties":{"id":"pt-68493","source":"PT","name":"Coop.Agríc.Tocha","brand":"Genérico","address":"Rua Manuel Rodrigues Batata","municipality":"Cantanhede","district":"Coimbra","postalCode":"3064-908","fuels":{"gasoline95":1.964,"gasoline98":2.056,"diesel":2.021,"dieselPremium":2.042,"dieselAgri":1.654,"lpg":0.892},"lastUpdated":"2026-08-18 16:35","extra":{"stationType":"Outro"},"services":["Lavagem","Venda de gás doméstico em garrafas"],"hours":{"weekdays":"Aberto 24 horas","saturday":"Aberto 24 horas","sunday":"Aberto 24 horas","holiday":"Aberto 24 horas"},"paymentMethods":["Dinheiro"],"otherServices":null,"observations":"Venda de Petroleo para motores."}},{"type":"Feature","geometry":{"type":"Point","coordinates":[-8.25922,40.18497]},"properties":{"id":"pt-68533","source":"PT","name":"ALVES BANDEIRA Vale de Vaz","brand":"ALVES BANDEIRA","address":"EN17 - Vale de Vaz","municipality":"Vila Nova de Poiares","district":"Coimbra","postalCode":"3350-110","fuels":{"gasoline95":2.038,"gasoline98":2.219,"diesel":2.133,"dieselPremium":2.174,"dieselAgri":1.729},"lastUpdated":"2026-08-17 13:55","extra":{"stationType":"Outro"},"services":["Cafetaria","Descanso de pesados","Loja de Conveniência","Multibanco","Venda de gás doméstico em garrafas","Venda de gasóleo agrícola","WC","WC para deficientes"],"hours":{"weekdays":"06:00-22:00","saturday":"06:00-22:00","sunday":"06:00-22:00","holiday":"06:00-22:00"},"paymentMethods":["Dinheiro","MbWay","Multibanco","Outros"],"otherServices":null,"observations":null}},{"type":"Feature","geometry":{"type":"Point","coordinates":[-8.11415,40.15536]},"properties":{"id":"pt-68534","source":"PT","name":"ALVES BANDEIRA Góis","brand":"ALVES BANDEIRA","address":"Estrada da Beira - Bairro S. Paulo","municipality":"Góis","district":"Coimbra","postalCode":"3330-304","fuels":{"gasoline95":2.069,"diesel":2.154,"dieselAgri":1.729},"lastUpdated":"2026-08-17 12:30","extra":{"stationType":"Outro"},"services":["Venda de gás doméstico em garrafas","Venda de gasóleo agrícola","WC"],"hours":{"weekdays":"07:00-21:00","saturday":"08:00-20:00","sunday":"08:00-20:00","holiday":"08:00-20:00"},"paymentMethods":["Dinheiro","MbWay","Multibanco","Outros"],"otherServices":null,"observations":null}},{"type":"Feature","geometry":{"type":"Point","coordinates":[-7.86059,40.3619]},"properties":{"id":"pt-68609","source":"PT","name":"IG Combustíveis","brand":"PRIO","address":"Av. Dr. Carlos Campos, n.º 3","municipality":"Oliveira do Hospital","district":"Coimbra","postalCode":"3400-058","fuels":{"gasoline95":1.949,"gasoline98":2.069,"dieselPremium":2.029,"dieselAgri":1.61,"bioDiesel":1.999,"lpg":0.999},"lastUpdated":"2026-08-18 00:00","extra":{"stationType":"Outro"},"services":["Cafetaria","Lavagem","Multibanco","Venda de gás doméstico em garrafas","Venda de gasóleo agrícola","Venda de gasóleo para aquecimento","WC","WC para deficientes"],"hours":{"weekdays":"Aberto 24 horas","saturday":"Aberto 24 horas","sunday":"Aberto 24 horas","holiday":"Aberto 24 horas"},"paymentMethods":["Dinheiro","MbWay","Multibanco","Outros"],"otherServices":null,"observations":"Pagamento "}},{"type":"Feature","geometry":{"type":"Point","coordinates":[-8.59735,40.21795]},"properties":{"id":"pt-68654","source":"PT","name":"ALVES BANDEIRA Tentúgal","brand":"ALVES BANDEIRA","address":"EN111","municipality":"Montemor-o-Velho","district":"Coimbra","postalCode":"3140-563","fuels":{"gasoline95":2.038,"diesel":2.133,"dieselPremium":2.174,"dieselAgri":1.729},"lastUpdated":"2026-08-17 13:50","extra":{"stationType":"Outro"},"services":["Cafetaria","Loja de Conveniência","Multibanco","Venda de gás doméstico em garrafas","Venda de gasóleo agrícola","WC"],"hours":{"weekdays":"07:00-21:00","saturday":"07:00-21:00","sunday":"07:00-21:00","holiday":"07:00-21:00"},"paymentMethods":["Dinheiro","MbWay","Multibanco","Outros"],"otherServices":null,"observations":null}},{"type":"Feature","geometry":{"type":"Point","coordinates":[-8.618255,40.173036]},"properties":{"id":"pt-68656","source":"PT","name":"ALVES BANDEIRA Formoselha","brand":"ALVES BANDEIRA","address":"EN341, N.16","municipality":"Montemor-o-Velho","district":"Coimbra","postalCode":"3140-390","fuels":{"gasoline95":2.029,"gasoline98":2.179,"diesel":2.114,"dieselPremium":2.134,"dieselAgri":1.689},"lastUpdated":"2026-08-17 12:30","extra":{"stationType":"Outro"},"services":["Cafetaria","Loja de Conveniência","Venda de gasóleo agrícola","WC"],"hours":{"weekdays":"07:00-21:00","saturday":"07:00-21:00","sunday":"07:00-21:00","holiday":"07:00-21:00"},"paymentMethods":["Dinheiro","MbWay","Multibanco","Outros"],"otherServices":null,"observations":null}},{"type":"Feature","geometry":{"type":"Point","coordinates":[-8.012436,40.364313]},"properties":{"id":"pt-68657","source":"PT","name":"ALVES BANDEIRA Tábua","brand":"ALVES BANDEIRA","address":"R. da Indústria - Zona Industrial de Tábua","municipality":"Tábua","district":"Coimbra","postalCode":"3420-316","fuels":{"gasoline95":2.018,"gasoline98":2.179,"diesel":2.108,"dieselPremium":2.134,"dieselAgri":1.689},"lastUpdated":"2026-08-17 13:50","extra":{"stationType":"Outro"},"services":["Cafetaria","Loja de Conveniência","Multibanco","Venda de gás doméstico em garrafas","Venda de gasóleo agrícola","WC","WC para deficientes"],"hours":{"weekdays":"07:00-22:00","saturday":"07:00-22:00","sunday":"07:00-22:00","holiday":"07:00-22:00"},"paymentMethods":["Dinheiro","MbWay","Multibanco","Outros"],"otherServices":null,"observations":null}},{"type":"Feature","geometry":{"type":"Point","coordinates":[-8.65274,40.28086]},"properties":{"id":"pt-68659","source":"PT","name":"ALVES BANDEIRA Arazede","brand":"ALVES BANDEIRA","address":"R. da Academia - Arazede","municipality":"Montemor-o-Velho","district":"Coimbra","postalCode":"3140-022","fuels":{"gasoline95":2.038,"gasoline98":2.219,"diesel":2.133,"dieselPremium":2.174,"dieselAgri":1.729},"lastUpdated":"2026-08-17 12:20","extra":{"stationType":"Outro"},"services":["Cafetaria","Loja de Conveniência","Venda de gás doméstico em garrafas","Venda de gasóleo agrícola","WC"],"hours":{"weekdays":"07:00-22:00","saturday":"07:00-22:00","sunday":"07:00-22:00","holiday":"07:00-22:00"},"paymentMethods":["Dinheiro","MbWay","Multibanco","Outros"],"otherServices":null,"observations":null}},{"type":"Feature","geometry":{"type":"Point","coordinates":[-8.676221,40.181236]},"properties":{"id":"pt-68660","source":"PT","name":"ALVES BANDEIRA Montemor-o-Velho A","brand":"ALVES BANDEIRA","address":"EN111 - Montemor-o-Velho","municipality":"Montemor-o-Velho","district":"Coimbra","postalCode":"3140-274","fuels":{"gasoline95":2.029,"gasoline98":2.179,"diesel":2.114,"dieselPremium":2.134},"lastUpdated":"2026-08-17 13:30","extra":{"stationType":"Outro"},"services":["Calibragem de pneus"],"hours":null,"paymentMethods":["Dinheiro","MbWay","Multibanco","Outros"],"otherServices":null,"observations":null}},{"type":"Feature","geometry":{"type":"Point","coordinates":[-8.24982,40.20674]},"properties":{"id":"pt-68663","source":"PT","name":"ALVES BANDEIRA Avenida","brand":"ALVES BANDEIRA","address":"Av. Manuel Carvalho Coelho","municipality":"Vila Nova de Poiares","district":"Coimbra","postalCode":"3350-154","fuels":{"gasoline95":2.038,"gasoline98":2.219,"diesel":2.133,"dieselPremium":2.174},"lastUpdated":"2026-08-17 12:20","extra":{"stationType":"Outro"},"services":["Cafetaria","Loja de Conveniência","Venda de gás doméstico em garrafas","WC","WC para deficientes"],"hours":{"weekdays":"07:00-23:00","saturday":"07:00-23:00","sunday":"07:00-23:00","holiday":"07:00-23:00"},"paymentMethods":["Dinheiro","MbWay","Multibanco","Outros"],"otherServices":null,"observations":null}},{"type":"Feature","geometry":{"type":"Point","coordinates":[-7.82528,40.35358]},"properties":{"id":"pt-68667","source":"PT","name":"ALVES BANDEIRA Oliveira de Hospital","brand":"ALVES BANDEIRA","address":"Zona Industrial  Oliveira de Hospital","municipality":"Oliveira do Hospital","district":"Coimbra","postalCode":"3400-060","fuels":{"gasoline95":2.019,"gasoline98":2.169,"diesel":2.104,"dieselPremium":2.124,"dieselAgri":1.679},"lastUpdated":"2026-08-17 13:35","extra":{"stationType":"Outro"},"services":["Cafetaria","Loja de Conveniência","Multibanco","Venda de gás doméstico em garrafas","Venda de gasóleo agrícola","WC"],"hours":{"weekdays":"07:00-21:00","saturday":"07:00-21:00","sunday":"07:00-21:00","holiday":"07:00-21:00"},"paymentMethods":["Dinheiro","MbWay","Multibanco","Outros"],"otherServices":null,"observations":null}},{"type":"Feature","geometry":{"type":"Point","coordinates":[-8.546525,40.30646]},"properties":{"id":"pt-68670","source":"PT","name":"ALVES BANDEIRA Pena","brand":"ALVES BANDEIRA","address":"EN234-1 - Pena","municipality":"Cantanhede","district":"Coimbra","postalCode":"3060-522","fuels":{"gasoline95":2.038,"gasoline98":2.219,"diesel":2.133,"dieselPremium":2.174,"dieselAgri":1.729},"lastUpdated":"2026-08-17 13:35","extra":{"stationType":"Outro"},"services":["Calibragem de pneus"],"hours":null,"paymentMethods":["Dinheiro","MbWay","Multibanco","Outros"],"otherServices":null,"observations":null}},{"type":"Feature","geometry":{"type":"Point","coordinates":[-8.81931,40.07293]},"properties":{"id":"pt-68671","source":"PT","name":"ALVES BANDEIRA Carvalhais","brand":"ALVES BANDEIRA","address":"R. de Santa Bárbara","municipality":"Figueira da Foz","district":"Coimbra","postalCode":"3090-455","fuels":{"gasoline95":2.069,"gasoline98":2.219,"gasolineMix":2.25,"diesel":2.154,"dieselPremium":2.174,"dieselAgri":1.729},"lastUpdated":"2026-08-17 12:25","extra":{"stationType":"Outro"},"services":["Calibragem de pneus"],"hours":{"weekdays":"07:00-22:00","saturday":"07:00-22:00","sunday":"07:00-22:00","holiday":"07:00-22:00"},"paymentMethods":["Dinheiro","MbWay","Multibanco","Outros"],"otherServices":null,"observations":null}},{"type":"Feature","geometry":{"type":"Point","coordinates":[-8.32906,40.2884]},"properties":{"id":"pt-68676","source":"PT","name":"ALVES BANDEIRA Gavinhos","brand":"ALVES BANDEIRA","address":"R. da Portela da Fonte","municipality":"Penacova","district":"Coimbra","postalCode":"3360-054","fuels":{"gasoline95":2.069,"diesel":2.154,"dieselPremium":2.174,"dieselAgri":1.729},"lastUpdated":"2026-08-17 12:30","extra":{"stationType":"Outro"},"services":["Multibanco","Venda de gás doméstico em garrafas","Venda de gasóleo agrícola","WC"],"hours":{"weekdays":"07:00-21:00","saturday":"07:00-21:00","sunday":"07:00-21:00","holiday":"07:00-21:00"},"paymentMethods":["Dinheiro","MbWay","Multibanco","Outros"],"otherServices":null,"observations":null}},{"type":"Feature","geometry":{"type":"Point","coordinates":[-8.84241,40.20889]},"properties":{"id":"pt-68685","source":"PT","name":"ALVES BANDEIRA Quiaios","brand":"ALVES BANDEIRA","address":"R. da Figueira da Foz, 23","municipality":"Figueira da Foz","district":"Coimbra","postalCode":"3080-544","fuels":{"gasoline95":2.069,"gasoline98":2.219,"diesel":2.154,"dieselPremium":2.174,"dieselAgri":1.729},"lastUpdated":"2026-08-17 13:40","extra":{"stationType":"Outro"},"services":["Cafetaria","Lavagem","Loja de Conveniência","Venda de carburante de qualidade superior","Venda de gás doméstico em garrafas","WC"],"hours":{"weekdays":"07:00-22:00","saturday":"07:00-22:00","sunday":"07:00-22:00","holiday":"07:00-22:00"},"paymentMethods":["Dinheiro","MbWay","Multibanco","Outros"],"otherServices":null,"observations":null}},{"type":"Feature","geometry":{"type":"Point","coordinates":[-8.385671,40.173695]},"properties":{"id":"pt-68693","source":"PT","name":"ALVES BANDEIRA Ceira B","brand":"ALVES BANDEIRA","address":" Estrada da Beira - EN17","municipality":"Coimbra","district":"Coimbra","postalCode":"3030-853","fuels":{"gasoline95":2.039,"diesel":2.124,"dieselPremium":2.174},"lastUpdated":"2026-08-17 12:25","extra":{"stationType":"Outro"},"services":["Calibragem de pneus"],"hours":null,"paymentMethods":["Dinheiro","MbWay","Multibanco","Outros"],"otherServices":null,"observations":null}},{"type":"Feature","geometry":{"type":"Point","coordinates":[-8.676041,40.180878]},"properties":{"id":"pt-68694","source":"PT","name":"ALVES BANDEIRA Montemor-o-Velho B","brand":"ALVES BANDEIRA","address":"ESTRADA NACIONAL 111","municipality":"Montemor-o-Velho","district":"Coimbra","postalCode":"3140-274","fuels":{"gasoline95":2.029,"gasoline98":2.179,"diesel":2.114,"dieselPremium":2.134},"lastUpdated":"2026-08-17 13:30","extra":{"stationType":"Outro"},"services":["Calibragem de pneus"],"hours":null,"paymentMethods":["Dinheiro","MbWay","Multibanco","Outros"],"otherServices":null,"observations":null}},{"type":"Feature","geometry":{"type":"Point","coordinates":[-8.65837,40.41613]},"properties":{"id":"pt-68892","source":"PT","name":"Adelino Rocha & Rocha","brand":"Genérico","address":"Rua Dr. João de Matos, nº 36","municipality":"Cantanhede","district":"Coimbra","postalCode":"3060-780","fuels":{"gasoline95":1.987,"gasoline98":2.171,"diesel":2.094,"dieselPremium":2.114,"dieselAgri":1.644},"lastUpdated":"2026-08-19 00:00","extra":{"stationType":"Outro"},"services":["Loja de Conveniência","Multibanco","Venda de gás doméstico em garrafas","Venda de gasóleo agrícola","WC","WC para deficientes"],"hours":{"weekdays":"08:00-20:00","saturday":"08:00-20:00","sunday":"08:00-13:00","holiday":"08:00-13:00"},"paymentMethods":["Dinheiro","MbWay","Multibanco"],"otherServices":"Agente Payshop","observations":null}},{"type":"Feature","geometry":{"type":"Point","coordinates":[-8.401936,40.205124]},"properties":{"id":"pt-69104","source":"PT","name":"COIMBRA - SÓLUM","brand":"MOEVE","address":"AV. GENERAL HUMBERTO DELGADO","municipality":"Coimbra","district":"Coimbra","postalCode":"3030-327","fuels":{"gasoline95":1.998,"gasoline95Plus":2.048,"diesel":2.099,"dieselPremium":2.149},"lastUpdated":"2026-08-18 00:00","extra":{"stationType":"Outro"},"services":["Cafetaria","Loja de Conveniência","Multibanco","WC"],"hours":null,"paymentMethods":["Dinheiro"],"otherServices":null,"observations":null}},{"type":"Feature","geometry":{"type":"Point","coordinates":[-8.439548,40.21039]},"properties":{"id":"pt-69105","source":"PT","name":"COIMBRA I","brand":"MOEVE","address":"AV. GUARDA INGLESA","municipality":"Coimbra","district":"Coimbra","postalCode":"3040-193","fuels":{"gasoline95":1.998,"gasoline95Plus":2.048,"diesel":2.099,"dieselPremium":2.149},"lastUpdated":"2026-08-18 10:50","extra":{"stationType":"Outro"},"services":["Lavagem","Loja de Conveniência","Multibanco","WC"],"hours":null,"paymentMethods":["Dinheiro"],"otherServices":null,"observations":null}},{"type":"Feature","geometry":{"type":"Point","coordinates":[-8.50294,40.11466]},"properties":{"id":"pt-69107","source":"PT","name":"CONDEIXA-A-NOVA  (LIS/POR)","brand":"CEPSA","address":"IC2 KM 175.5, TRAVAZ","municipality":"Condeixa-a-Nova","district":"Coimbra","postalCode":"3150-193","fuels":{"gasoline95":1.998,"gasoline95Plus":2.048,"diesel":2.099,"dieselPremium":2.149},"lastUpdated":"2026-08-18 00:00","extra":{"stationType":"Outro"},"services":["Loja de Conveniência","Multibanco","Restaurante","WC"],"hours":{"weekdays":"07:00-23:00","saturday":"07:00-23:00","sunday":"07:00-23:00","holiday":"07:00-23:00"},"paymentMethods":["Dinheiro"],"otherServices":null,"observations":null}},{"type":"Feature","geometry":{"type":"Point","coordinates":[-8.50334,40.11471]},"properties":{"id":"pt-69108","source":"PT","name":"CONDEIXA-A-NOVA II (N/S)","brand":"CEPSA","address":"EN1 / IC2 Km 185,6","municipality":"Condeixa-a-Nova","district":"Coimbra","postalCode":"3041-901","fuels":{"gasoline95":1.998,"gasoline95Plus":2.048,"diesel":2.099,"dieselPremium":2.149},"lastUpdated":"2026-08-18 00:00","extra":{"stationType":"Outro"},"services":[],"hours":{"weekdays":"Aberto 24 horas","saturday":"Aberto 24 horas","sunday":"Aberto 24 horas","holiday":"Aberto 24 horas"},"paymentMethods":["Dinheiro"],"otherServices":null,"observations":null}},{"type":"Feature","geometry":{"type":"Point","coordinates":[-7.84929,40.39781]},"properties":{"id":"pt-69212","source":"PT","name":"Amadeu Gonçalves Cura ","brand":"ALVES BANDEIRA","address":"Variante de Lagares da Beira","municipality":"Oliveira do Hospital","district":"Coimbra","postalCode":"3405-155","fuels":{"gasoline95":2.037,"gasoline98":2.188,"diesel":2.116,"dieselPremium":2.136,"dieselAgri":1.715},"lastUpdated":"2026-08-18 08:30","extra":{"stationType":"Outro"},"services":["Cafetaria","Lavagem","Loja de Conveniência","Multibanco","Venda de gás doméstico em garrafas","Venda de gasóleo agrícola","WC"],"hours":{"weekdays":"Aberto 24 horas","saturday":"Aberto 24 horas","sunday":"Aberto 24 horas","holiday":"Aberto 24 horas"},"paymentMethods":["Dinheiro","Multibanco"],"otherServices":null,"observations":"Loja (Prod"}},{"type":"Feature","geometry":{"type":"Point","coordinates":[-7.947893,40.04459]},"properties":{"id":"pt-69279","source":"PT","name":"PAC Pampilhosa - Conforlux","brand":"Genérico","address":"Alameda Dra. Helena Fernandes Barateiro","municipality":"Pampilhosa da Serra","district":"Coimbra","postalCode":"3320-244","fuels":{"gasoline95":2.014,"gasoline98":2.089,"diesel":2.094,"dieselPremium":2.114,"dieselAgri":1.644},"lastUpdated":"2026-08-17 18:05","extra":{"stationType":"Outro"},"services":["Loja de Conveniência","Multibanco"],"hours":null,"paymentMethods":["Dinheiro","Multibanco"],"otherServices":null,"observations":null}},{"type":"Feature","geometry":{"type":"Point","coordinates":[-8.43117,40.22189]},"properties":{"id":"pt-69410","source":"PT","name":"PETROPOSTOS COMERCIO DE COMBUSTIVEIS LDA","brand":"GALP","address":"Circular Externa de Coimbra","municipality":"Coimbra","district":"Coimbra","postalCode":"3000-125","fuels":{"gasoline95":2.039,"gasoline95Plus":2.089,"gasoline98Plus":2.249,"diesel":2.133,"dieselPremium":2.183,"lpg":0.934},"lastUpdated":"2026-08-17 00:05","extra":{"stationType":"Outro"},"services":["Assistência auto","Cafetaria","Lavagem","Loja de Conveniência","Multibanco","Venda de carburante de qualidade superior","Venda de gás doméstico em garrafas","Via verde","WC","WC com fraldário","WC para deficientes"],"hours":{"weekdays":"Aberto 24 horas","saturday":"Aberto 24 horas","sunday":"Aberto 24 horas","holiday":"Aberto 24 horas"},"paymentMethods":["Dinheiro"],"otherServices":null,"observations":"OFICINA MIDAS"}},{"type":"Feature","geometry":{"type":"Point","coordinates":[-8.318,40.083]},"properties":{"id":"pt-69908","source":"PT","name":"Gasodueça - PA Genérico Meãs","brand":"Genérico","address":"Rua Trás das Casas 29","municipality":"Miranda do Corvo","district":"Coimbra","postalCode":"3220-115","fuels":{"gasoline95":1.944,"gasoline98":2.049,"diesel":2.019,"dieselPremium":2.049,"dieselHeating":1.95,"dieselAgri":1.61,"lpg":0.874},"lastUpdated":"2026-08-17 22:05","extra":{"stationType":"Outro"},"services":["Cafetaria","Calibragem de pneus","Loja de Conveniência","Multibanco","Venda de gás doméstico em garrafas","Venda de gasóleo agrícola","Venda de gasóleo para aquecimento","AUTOvoucher"],"hours":{"weekdays":"07:00-22:00","saturday":"07:00-22:00","sunday":"07:00-22:00","holiday":"07:00-22:00"},"paymentMethods":["Dinheiro","Multibanco","Outros"],"otherServices":null,"observations":null}},{"type":"Feature","geometry":{"type":"Point","coordinates":[-8.716431,40.09435]},"properties":{"id":"pt-70453","source":"PT","name":"ALVES BANDEIRA Serroventoso","brand":"ALVES BANDEIRA","address":"Rua Padre Curado nº4 - Samuel","municipality":"Soure","district":"Coimbra","postalCode":"3130-212","fuels":{"gasoline95":2.069,"gasoline98":2.219,"diesel":2.154,"dieselPremium":2.174,"dieselAgri":1.729},"lastUpdated":"2026-08-17 13:50","extra":{"stationType":"Outro"},"services":["Calibragem de pneus"],"hours":null,"paymentMethods":["Dinheiro","MbWay","Multibanco","Outros"],"otherServices":null,"observations":null}},{"type":"Feature","geometry":{"type":"Point","coordinates":[-8.192012,40.30859]},"properties":{"id":"pt-70485","source":"PT","name":"PA Silveirinho","brand":"Genérico","address":"EN 2-3, km 3,400 - Silveirinho","municipality":"Penacova","district":"Coimbra","postalCode":"3360-259","fuels":{"gasoline95":1.995,"gasoline98":2.215,"gasolineMix":2.35,"diesel":2.08,"dieselPremium":2.13,"dieselAgri":1.64,"lpg":1.01},"lastUpdated":"2026-08-18 07:00","extra":{"stationType":"Outro"},"services":["Assistência auto","Cafetaria","Calibragem de pneus","Lavagem","Loja de Conveniência","Multibanco","Venda de gás doméstico em garrafas","Venda de gasóleo agrícola","WC","WC com fraldário","WC para deficientes"],"hours":{"weekdays":"Aberto 24 horas","saturday":"Aberto 24 horas","sunday":"Aberto 24 horas","holiday":"Aberto 24 horas"},"paymentMethods":["Dinheiro","MbWay","Outros"],"otherServices":null,"observations":null}},{"type":"Feature","geometry":{"type":"Point","coordinates":[-7.88247,40.41958]},"properties":{"id":"pt-70667","source":"PT","name":"ANTONIO & LUIS MATIAS, LDA","brand":"GALP","address":"Av. D. Manuel I nº 75","municipality":"Oliveira do Hospital","district":"Coimbra","postalCode":"3405-032","fuels":{"gasoline95":2.049,"gasoline95Plus":2.049,"diesel":2.143,"dieselPremium":2.143,"dieselHeating":2.079,"dieselAgri":1.714},"lastUpdated":"2026-08-18 01:00","extra":{"stationType":"Outro"},"services":["Cafetaria","Loja de Conveniência","Venda de gás doméstico em garrafas","Venda de gasóleo agrícola","Venda de gasóleo para aquecimento","WC","WC para deficientes"],"hours":{"weekdays":"07:00-23:00","saturday":"07:00-23:00","sunday":"07:00-23:00","holiday":"07:00-23:00"},"paymentMethods":["Dinheiro"],"otherServices":null,"observations":null}},{"type":"Feature","geometry":{"type":"Point","coordinates":[-8.33002,40.09596]},"properties":{"id":"pt-70674","source":"PT","name":"E.S. MIRANDA DO CORVO II","brand":"REPSOL","address":"Rua Casa do GaiatoEN 342 - Km 54,8","municipality":"Miranda do Corvo","district":"Coimbra","postalCode":"3220-186","fuels":{"gasoline95":2.029,"gasoline98Plus":2.199,"diesel":2.114,"dieselPremium":2.174},"lastUpdated":"2026-08-18 12:10","extra":{"stationType":"Outro"},"services":["Venda de carburante de qualidade superior"],"hours":{"weekdays":"08:00-20:00","saturday":"08:00-20:00","sunday":"08:00-20:00","holiday":"08:00-20:00"},"paymentMethods":["Dinheiro"],"otherServices":null,"observations":null}},{"type":"Feature","geometry":{"type":"Point","coordinates":[-8.50265,40.12305]},"properties":{"id":"pt-70714","source":"PT","name":"Intermarché Condeixa-a-Nova","brand":"INTERMARCHÉ","address":"Barreira","municipality":"Condeixa-a-Nova","district":"Coimbra","postalCode":"3150-110","fuels":{"gasoline95":1.875,"gasoline95Plus":1.915,"diesel":1.949,"dieselPremium":1.989},"lastUpdated":"2026-08-18 20:30","extra":{"stationType":"Outro"},"services":[],"hours":{"weekdays":"Aberto 24 horas","saturday":"Aberto 24 horas","sunday":"Aberto 24 horas","holiday":"Aberto 24 horas"},"paymentMethods":["Dinheiro"],"otherServices":null,"observations":"dispomos de lavagens auto\r\ndas 21:00 as 8:30 sistema de abastecimento por mb automatico"}},{"type":"Feature","geometry":{"type":"Point","coordinates":[-8.598031,40.217327]},"properties":{"id":"pt-70745","source":"PT","name":"CL-AUTOGÁS.","brand":"OZ Energia","address":"Est. Nacional 111","municipality":"Montemor-o-Velho","district":"Coimbra","postalCode":"3140-563","fuels":{"lpg":0.849},"lastUpdated":"2026-08-15 00:00","extra":{"stationType":"Outro"},"services":["Assistência auto","Multibanco","WC para deficientes"],"hours":{"weekdays":"08:30-20:00","saturday":"08:30-20:00","sunday":"Fechado","holiday":"Fechado"},"paymentMethods":["MbWay","Multibanco"],"otherServices":null,"observations":null}},{"type":"Feature","geometry":{"type":"Point","coordinates":[-8.786795,40.1928]},"properties":{"id":"pt-70877","source":"PT","name":"ALVES BANDEIRA Alhadas","brand":"ALVES BANDEIRA","address":"Rua do Ateneu nº38","municipality":"Figueira da Foz","district":"Coimbra","postalCode":"3090-401","fuels":{"gasoline95":2.069,"gasoline98":2.219,"diesel":2.154,"dieselPremium":2.174,"dieselHeating":2.154,"dieselAgri":1.729},"lastUpdated":"2026-08-17 12:15","extra":{"stationType":"Outro"},"services":["Calibragem de pneus"],"hours":null,"paymentMethods":["Dinheiro","MbWay","Multibanco","Outros"],"otherServices":null,"observations":null}},{"type":"Feature","geometry":{"type":"Point","coordinates":[-8.751183,40.223127]},"properties":{"id":"pt-71191","source":"PT","name":"ALVES BANDEIRA Santana","brand":"ALVES BANDEIRA","address":"Rua das Cavadas, nº55","municipality":"Figueira da Foz","district":"Coimbra","postalCode":"3090-797","fuels":{"gasoline95":2.069,"diesel":2.154,"dieselPremium":2.174,"dieselAgri":1.729},"lastUpdated":"2026-08-17 13:45","extra":{"stationType":"Outro"},"services":["Cafetaria","Loja de Conveniência","Multibanco","Venda de gás doméstico em garrafas","Venda de gasóleo agrícola","WC"],"hours":{"weekdays":"07:00-21:00","saturday":"07:00-21:00","sunday":"07:00-21:00","holiday":"07:00-21:00"},"paymentMethods":["Dinheiro","MbWay","Multibanco","Outros"],"otherServices":null,"observations":null}},{"type":"Feature","geometry":{"type":"Point","coordinates":[-8.811096,40.213478]},"properties":{"id":"pt-71490","source":"PT","name":"AS FIGUEIRA DA FOZ A - Gespost - Gestão e Administração de Postos de Abastecimento Unipessoal LDA","brand":"REPSOL","address":"A 17,  Sublanço Quiaios / A 14, Km 62  ","municipality":"Figueira da Foz","district":"Coimbra","postalCode":"3080-513","fuels":{"gasoline95":2.079,"gasoline95Plus":2.159,"diesel":2.179,"dieselPremium":2.264},"lastUpdated":"2026-08-18 08:10","extra":{"stationType":"Auto-estrada"},"services":["Calibragem de pneus"],"hours":null,"paymentMethods":["Dinheiro"],"otherServices":null,"observations":null}},{"type":"Feature","geometry":{"type":"Point","coordinates":[-8.810508,40.211784]},"properties":{"id":"pt-71491","source":"PT","name":"AS FIGUEIRA DA FOZ B - Gespost - Gestão e Administração de Postos de Abastecimento Unipessoal LDA","brand":"REPSOL","address":"A 17,  Sublanço Quiaios / A 14, Km 62  ","municipality":"Figueira da Foz","district":"Coimbra","postalCode":"3080-513","fuels":{"gasoline95":2.079,"gasoline95Plus":2.159,"diesel":2.179,"dieselPremium":2.264},"lastUpdated":"2026-08-18 08:05","extra":{"stationType":"Auto-estrada"},"services":["Calibragem de pneus"],"hours":null,"paymentMethods":["Dinheiro"],"otherServices":null,"observations":null}},{"type":"Feature","geometry":{"type":"Point","coordinates":[-8.677436,40.3232]},"properties":{"id":"pt-71933","source":"PT","name":"Irmãos Teixeira, Lda. (Cadima) - PA Alves Bandeira Cadima","brand":"ALVES BANDEIRA","address":"E.R. 335 - 1, KM 4,60","municipality":"Cantanhede","district":"Coimbra","postalCode":"3060-803","fuels":{"gasoline95":2.069,"gasoline98":2.219,"gasolineMix":2.5,"diesel":2.154,"dieselPremium":2.174,"dieselHeating":2.15,"dieselAgri":1.729},"lastUpdated":"2026-08-17 15:00","extra":{"stationType":"Outro"},"services":["Cafetaria","Venda de gás doméstico em garrafas","Venda de gasóleo agrícola","Venda de gasóleo para aquecimento","WC"],"hours":{"weekdays":"08:00-21:00","saturday":"09:00-21:00","sunday":"09:00-21:00","holiday":"09:00-21:00"},"paymentMethods":["Dinheiro","MbWay","Multibanco"],"otherServices":null,"observations":null}},{"type":"Feature","geometry":{"type":"Point","coordinates":[-8.77887,40.26399]},"properties":{"id":"pt-72153","source":"PT","name":"FERNANDO AZENHA","brand":"ALVES BANDEIRA","address":"Rua da Antena nº 32","municipality":"Figueira da Foz","district":"Coimbra","postalCode":"3080-756","fuels":{"gasoline95":2.069,"gasoline98":2.219,"diesel":2.154,"dieselPremium":2.174,"dieselHeating":2.154,"dieselAgri":1.729},"lastUpdated":"2026-08-18 00:00","extra":{"stationType":"Outro"},"services":[],"hours":{"weekdays":"07:00-21:00","saturday":"07:00-21:00","sunday":"07:00-14:00","holiday":"07:00-14:00"},"paymentMethods":["Dinheiro"],"otherServices":null,"observations":null}},{"type":"Feature","geometry":{"type":"Point","coordinates":[-8.61887,40.06335]},"properties":{"id":"pt-72844","source":"PT","name":"Intermarché de Soure (espadinha)","brand":"INTERMARCHÉ","address":"Rua Dr. João Esteves Simões","municipality":"Soure","district":"Coimbra","postalCode":"3130-200","fuels":{"gasoline95":1.795,"gasoline98":1.895,"diesel":1.879,"dieselPremium":1.919},"lastUpdated":"2026-08-11 08:35","extra":{"stationType":"Outro"},"services":["Cafetaria","Loja de Conveniência","Multibanco","Venda de gás doméstico em garrafas","WC"],"hours":{"weekdays":"Aberto 24 horas","saturday":"Aberto 24 horas","sunday":"Aberto 24 horas","holiday":"Aberto 24 horas"},"paymentMethods":["Dinheiro"],"otherServices":null,"observations":"Loja de ap"}},{"type":"Feature","geometry":{"type":"Point","coordinates":[-8.401005,40.189957]},"properties":{"id":"pt-73601","source":"PT","name":"AUCHAN Coimbra","brand":"AUCHAN","address":"Rua Ferrer Correia (Estrada das Beiras)","municipality":"Coimbra","district":"Coimbra","postalCode":"3030-329","fuels":{"gasoline95":1.929,"diesel":2.009,"dieselPremium":2.039,"lpg":0.869},"lastUpdated":"2026-08-17 09:25","extra":{"stationType":"Outro"},"services":["Calibragem de pneus"],"hours":{"weekdays":"Aberto 24 horas","saturday":"Aberto 24 horas","sunday":"Aberto 24 horas","holiday":"Aberto 24 horas"},"paymentMethods":["Dinheiro"],"otherServices":null,"observations":null}},{"type":"Feature","geometry":{"type":"Point","coordinates":[-8.508243,40.19243]},"properties":{"id":"pt-73760","source":"PT","name":"PRIO Taveiro - Coimbra","brand":"PRIO","address":"Lugar de Vale ou Presa e Telhões (ao lado do Retail Park de Taveiro)","municipality":"Coimbra","district":"Coimbra","postalCode":"3040-881","fuels":{"gasoline95":1.999,"gasoline95Plus":1.954,"dieselPremium":2.054,"bioDiesel":2.024,"lpg":0.899},"lastUpdated":"2026-08-19 00:30","extra":{"stationType":"Outro"},"services":["Cafetaria","Lavagem","Loja de Conveniência","Venda de gás doméstico em garrafas","WC","WC para deficientes"],"hours":{"weekdays":"Aberto 24 horas","saturday":"Aberto 24 horas","sunday":"Aberto 24 horas","holiday":"Aberto 24 horas"},"paymentMethods":["Dinheiro","MbWay","Multibanco","Outros"],"otherServices":null,"observations":null}},{"type":"Feature","geometry":{"type":"Point","coordinates":[-8.521859,40.193051]},"properties":{"id":"pt-74727","source":"PT","name":"ES-AMEAL","brand":"REPSOL","address":"EN 341 Km 41,5","municipality":"Coimbra","district":"Coimbra","postalCode":"3045-315","fuels":{"gasoline95":1.999,"gasoline98Plus":2.199,"diesel":2.094,"dieselPremium":2.164,"dieselAgri":1.714},"lastUpdated":"2026-08-18 00:00","extra":{"stationType":"Outro"},"services":["Cafetaria","Lavagem","Loja de Conveniência","Multibanco","Venda de carburante de qualidade superior","Venda de gás doméstico em garrafas","Venda de gasóleo agrícola","WC","WC para deficientes"],"hours":{"weekdays":"07:00-22:00","saturday":"07:00-22:00","sunday":"07:00-22:00","holiday":"07:00-22:00"},"paymentMethods":["Dinheiro"],"otherServices":null,"observations":null}},{"type":"Feature","geometry":{"type":"Point","coordinates":[-7.817406,40.35692]},"properties":{"id":"pt-74833","source":"PT","name":"C.A CONSTRUTORA DO ALVA","brand":"FREITAS","address":"EN 17 Nº.18 - Chamusca da Beira","municipality":"Oliveira do Hospital","district":"Coimbra","postalCode":"3405-251","fuels":{"gasoline95":2.025,"gasoline98":2.205,"diesel":2.112,"dieselPremium":2.132},"lastUpdated":"2026-08-17 11:35","extra":{"stationType":"Outro"},"services":["Calibragem de pneus"],"hours":{"weekdays":"07:00-23:00","saturday":"07:00-23:00","sunday":"07:00-23:00","holiday":"07:00-23:00"},"paymentMethods":["Dinheiro"],"otherServices":null,"observations":null}},{"type":"Feature","geometry":{"type":"Point","coordinates":[-8.122733,40.124055]},"properties":{"id":"pt-78132","source":"PT","name":"ALVES BANDEIRA Esporão","brand":"ALVES BANDEIRA","address":"Esporão","municipality":"Góis","district":"Coimbra","postalCode":"3330-240","fuels":{"gasoline95":2.069,"gasoline98":2.219,"diesel":2.154,"dieselPremium":2.174,"dieselAgri":1.729},"lastUpdated":"2026-08-17 12:30","extra":{"stationType":"Outro"},"services":["Loja de Conveniência","Venda de gás doméstico em garrafas","Venda de gasóleo agrícola","WC"],"hours":{"weekdays":"07:00-21:00","saturday":"07:00-21:00","sunday":"07:00-21:00","holiday":"07:00-21:00"},"paymentMethods":["Dinheiro","MbWay","Multibanco","Outros"],"otherServices":null,"observations":null}},{"type":"Feature","geometry":{"type":"Point","coordinates":[-8.73057,40.42665]},"properties":{"id":"pt-78770","source":"PT","name":"Intermarché de Mira","brand":"INTERMARCHÉ","address":"Rua Fernandes Costa","municipality":"Mira","district":"Coimbra","postalCode":"3070-323","fuels":{"gasoline95":1.875,"gasoline98":1.999,"diesel":1.958,"dieselPremium":1.978},"lastUpdated":"2026-08-18 10:45","extra":{"stationType":"Outro"},"services":[],"hours":{"weekdays":"Aberto 24 horas","saturday":"Aberto 24 horas","sunday":"Aberto 24 horas","holiday":"Aberto 24 horas"},"paymentMethods":["Dinheiro"],"otherServices":null,"observations":null}},{"type":"Feature","geometry":{"type":"Point","coordinates":[-7.88857,40.04343]},"properties":{"id":"pt-79060","source":"PT","name":"Marcelima-Energy,Lda","brand":"FREITAS","address":"EN 112","municipality":"Pampilhosa da Serra","district":"Coimbra","postalCode":"3320-000","fuels":{"gasoline95":2.05,"gasoline98":2.23,"diesel":2.137,"dieselPremium":2.157},"lastUpdated":"2026-08-17 09:05","extra":{"stationType":"Outro"},"services":[],"hours":{"weekdays":"07:00-22:00","saturday":"07:00-22:00","sunday":"07:00-22:00","holiday":"07:00-22:00"},"paymentMethods":["Dinheiro"],"otherServices":null,"observations":null}},{"type":"Feature","geometry":{"type":"Point","coordinates":[-8.825225,40.084465]},"properties":{"id":"pt-79109","source":"PT","name":"DISTRILAVOS - PA Intermarché Lavos","brand":"INTERMARCHÉ","address":"Rua das Flores","municipality":"Figueira da Foz","district":"Coimbra","postalCode":"3090-452","fuels":{"gasoline95":1.878,"gasoline98":1.938,"diesel":1.968,"dieselPremium":1.998},"lastUpdated":"2026-08-17 10:45","extra":{"stationType":"Outro"},"services":["Multibanco"],"hours":{"weekdays":"Aberto 24 horas","saturday":"Aberto 24 horas","sunday":"Aberto 24 horas","holiday":"Aberto 24 horas"},"paymentMethods":["Dinheiro"],"otherServices":null,"observations":null}},{"type":"Feature","geometry":{"type":"Point","coordinates":[-8.33427,40.15738]},"properties":{"id":"pt-79572","source":"PT","name":"ALVES BANDEIRA Semide","brand":"ALVES BANDEIRA","address":"Rua de S. João","municipality":"Miranda do Corvo","district":"Coimbra","postalCode":"3220-423","fuels":{"gasoline95":2.049,"gasoline98":2.199,"diesel":2.134,"dieselPremium":2.174,"dieselAgri":1.709},"lastUpdated":"2026-08-17 13:50","extra":{"stationType":"Outro"},"services":["Cafetaria","Loja de Conveniência","Multibanco","Venda de gás doméstico em garrafas","Venda de gasóleo agrícola","WC"],"hours":{"weekdays":"07:00-22:00","saturday":"07:00-22:00","sunday":"07:00-22:00","holiday":"07:00-22:00"},"paymentMethods":["Dinheiro","MbWay","Multibanco","Outros"],"otherServices":null,"observations":null}},{"type":"Feature","geometry":{"type":"Point","coordinates":[-8.429237,40.25461]},"properties":{"id":"pt-80016","source":"PT","name":"AUCHAN Eiras","brand":"AUCHAN","address":"Ribeira de Eiras","municipality":"Coimbra","district":"Coimbra","postalCode":"3020-322","fuels":{"gasoline95":1.929,"diesel":2.009,"dieselPremium":2.039,"lpg":0.869},"lastUpdated":"2026-08-17 09:25","extra":{"stationType":"Outro"},"services":["Calibragem de pneus"],"hours":{"weekdays":"Aberto 24 horas","saturday":"Aberto 24 horas","sunday":"Aberto 24 horas","holiday":"Aberto 24 horas"},"paymentMethods":["Dinheiro"],"otherServices":null,"observations":null}},{"type":"Feature","geometry":{"type":"Point","coordinates":[-8.841515,40.163612]},"properties":{"id":"pt-80467","source":"PT","name":"AUCHAN Figueira da Foz","brand":"AUCHAN","address":"Av. Dr. Francisco de Sá Carneiro, Vila Robim","municipality":"Figueira da Foz","district":"Coimbra","postalCode":"3080-853","fuels":{"gasoline95":1.889,"diesel":1.969,"lpg":0.899},"lastUpdated":"2026-08-17 09:25","extra":{"stationType":"Outro"},"services":["Calibragem de pneus"],"hours":{"weekdays":"Aberto 24 horas","saturday":"Aberto 24 horas","sunday":"Aberto 24 horas","holiday":"Aberto 24 horas"},"paymentMethods":["Dinheiro"],"otherServices":null,"observations":null}},{"type":"Feature","geometry":{"type":"Point","coordinates":[-8.349717,40.261974]},"properties":{"id":"pt-80559","source":"PT","name":"Hélder & Céu Oliveira, Lda - PA Lorvão","brand":"Genérico","address":"Rua Principal nº1","municipality":"Penacova","district":"Coimbra","postalCode":"3360-101","fuels":{"gasoline95":2.044,"diesel":2.144,"dieselPremium":2.189,"dieselAgri":1.764},"lastUpdated":"2026-08-17 00:00","extra":{"stationType":"Outro"},"services":["Calibragem de pneus","Venda de carburante de qualidade superior","Venda de gás doméstico em garrafas","Venda de gasóleo agrícola","Venda de gasóleo para aquecimento","AUTOvoucher"],"hours":{"weekdays":"07:30-21:00","saturday":"08:00-21:00","sunday":"08:00-21:00","holiday":"08:00-21:00"},"paymentMethods":["Dinheiro","MbWay","Multibanco"],"otherServices":null,"observations":null}},{"type":"Feature","geometry":{"type":"Point","coordinates":[-7.80061,40.12435]},"properties":{"id":"pt-86906","source":"PT","name":"Vendavall - Comércio, Lda.","brand":"FREITAS","address":"Portela de Unhais","municipality":"Pampilhosa da Serra","district":"Coimbra","postalCode":"3320-365","fuels":{"gasoline95":2.05,"diesel":2.137,"dieselPremium":2.157,"dieselAgri":1.715},"lastUpdated":"2026-08-17 09:10","extra":{"stationType":"Outro"},"services":[],"hours":{"weekdays":"07:00-22:00","saturday":"07:00-22:00","sunday":"07:00-22:00","holiday":"07:00-22:00"},"paymentMethods":["Dinheiro"],"otherServices":null,"observations":null}},{"type":"Feature","geometry":{"type":"Point","coordinates":[-8.152372,40.181637]},"properties":{"id":"pt-87136","source":"PT","name":"Cooperativa de Vila Nova do Ceira","brand":"GALP","address":"Largo do Adro da Igreja, nº 22","municipality":"Góis","district":"Coimbra","postalCode":"3330-460","fuels":{"gasoline95":2.02,"diesel":2.107,"dieselAgri":1.715},"lastUpdated":"2026-08-18 08:50","extra":{"stationType":"Outro"},"services":["Calibragem de pneus"],"hours":null,"paymentMethods":["Dinheiro"],"otherServices":null,"observations":null}},{"type":"Feature","geometry":{"type":"Point","coordinates":[-8.44575,40.19675]},"properties":{"id":"pt-87319","source":"PT","name":"Intermarché Santa Clara","brand":"INTERMARCHÉ","address":"R. Central da Mesura, nº35","municipality":"Coimbra","district":"Coimbra","postalCode":"3040-197","fuels":{"gasoline95":1.875,"gasoline98":1.975,"diesel":1.949,"dieselPremium":1.989},"lastUpdated":"2026-08-18 09:00","extra":{"stationType":"Outro"},"services":["Calibragem de pneus"],"hours":{"weekdays":"Aberto 24 horas","saturday":"Aberto 24 horas","sunday":"Aberto 24 horas","holiday":"Aberto 24 horas"},"paymentMethods":["Dinheiro","Multibanco","Outros"],"otherServices":null,"observations":null}},{"type":"Feature","geometry":{"type":"Point","coordinates":[-8.62371,40.40116]},"properties":{"id":"pt-87665","source":"PT","name":"Febres_cantanhede","brand":"Genérico","address":"R. Doutor Américo de Oliveira","municipality":"Cantanhede","district":"Coimbra","postalCode":"3060-354","fuels":{"gasoline95":1.939,"gasoline98":1.998,"diesel":2.036,"dieselPremium":2.046,"dieselAgri":1.611},"lastUpdated":"2026-08-17 18:05","extra":{"stationType":"Outro"},"services":[],"hours":{"weekdays":"08:00-20:00","saturday":"08:00-20:00","sunday":"08:00-20:00","holiday":"08:00-20:00"},"paymentMethods":["Dinheiro"],"otherServices":null,"observations":null}},{"type":"Feature","geometry":{"type":"Point","coordinates":[-8.370878,40.01569]},"properties":{"id":"pt-87979","source":"PT","name":"CEPSA PENELA","brand":"CEPSA","address":"Zona Industrial de Penela","municipality":"Penela","district":"Coimbra","postalCode":"3230-347","fuels":{"gasoline95":1.978,"gasoline98Plus":2.19,"diesel":2.079,"dieselPremium":2.129,"dieselAgri":1.624,"lpg":0.946},"lastUpdated":"2026-08-17 17:55","extra":{"stationType":"Outro"},"services":["Calibragem de pneus"],"hours":{"weekdays":"07:00-23:00","saturday":"07:00-23:00","sunday":"07:00-23:00","holiday":"00:00-00:00"},"paymentMethods":["Dinheiro"],"otherServices":null,"observations":null}},{"type":"Feature","geometry":{"type":"Point","coordinates":[-8.283875,40.274047]},"properties":{"id":"pt-88739","source":"PT","name":"ALVES BANDEIRA Penacova","brand":"ALVES BANDEIRA","address":"Largo Dona Amélia","municipality":"Penacova","district":"Coimbra","postalCode":"3360-321","fuels":{"gasoline95":2.038,"diesel":2.133,"dieselPremium":2.174,"dieselAgri":1.729},"lastUpdated":"2026-08-17 13:35","extra":{"stationType":"Outro"},"services":["Cafetaria","Loja de Conveniência","Multibanco","Venda de gás doméstico em garrafas","Venda de gasóleo agrícola","WC","WC para deficientes"],"hours":{"weekdays":"07:00-22:00","saturday":"07:00-22:00","sunday":"07:00-22:00","holiday":"07:00-22:00"},"paymentMethods":["Dinheiro","MbWay","Multibanco","Outros"],"otherServices":null,"observations":null}},{"type":"Feature","geometry":{"type":"Point","coordinates":[-8.738884,40.237877]},"properties":{"id":"pt-88802","source":"PT","name":"Bombas Cooperativa Agricola dos Lavradores do Vale do Mondego, CRL","brand":"GALP","address":"Rua de Santa Eulália, n.º 1","municipality":"Figueira da Foz","district":"Coimbra","postalCode":"3090-446","fuels":{"gasoline95":2.0,"gasoline98":2.18,"gasolineMix":2.3,"diesel":2.087,"dieselPremium":2.107,"dieselAgri":1.675},"lastUpdated":"2026-08-17 09:30","extra":{"stationType":"Outro"},"services":["Calibragem de pneus","Multibanco","Venda de gasóleo agrícola","WC"],"hours":{"weekdays":"07:00-21:00","saturday":"07:00-21:00","sunday":"07:00-21:00","holiday":"07:00-21:00"},"paymentMethods":["Dinheiro","Multibanco"],"otherServices":null,"observations":null}},{"type":"Feature","geometry":{"type":"Point","coordinates":[-8.83749,40.16683]},"properties":{"id":"pt-88999","source":"PT","name":"INTERMARCHE FIGUEIRA DA FOZ","brand":"INTERMARCHÉ","address":"EN 109, Châ Tavarede","municipality":"Figueira da Foz","district":"Coimbra","postalCode":"3080-847","fuels":{"gasoline95":1.878,"gasoline98":1.938,"diesel":1.968,"dieselPremium":1.998},"lastUpdated":"2026-08-17 10:15","extra":{"stationType":"Outro"},"services":[],"hours":{"weekdays":"Aberto 24 horas","saturday":"Aberto 24 horas","sunday":"Aberto 24 horas","holiday":"Aberto 24 horas"},"paymentMethods":["Dinheiro"],"otherServices":null,"observations":null}},{"type":"Feature","geometry":{"type":"Point","coordinates":[-8.67857,40.17213]},"properties":{"id":"pt-89569","source":"PT","name":"Cooperativa Agrícola de Montemor-o-Velho CRL","brand":"GALP","address":"R. São Sebastião, 63","municipality":"Montemor-o-Velho","district":"Coimbra","postalCode":"3140-217","fuels":{"gasoline95":1.885,"diesel":1.885,"dieselAgri":1.499},"lastUpdated":"2026-08-18 09:50","extra":{"stationType":"Outro"},"services":["Venda de gás doméstico em garrafas","Venda de gasóleo agrícola","WC","AUTOvoucher"],"hours":{"weekdays":"08:30-19:00","saturday":"08:30-12:30","sunday":"Fechado","holiday":"Fechado"},"paymentMethods":["Dinheiro","Multibanco"],"otherServices":null,"observations":null}},{"type":"Feature","geometry":{"type":"Point","coordinates":[-8.061898,40.220066]},"properties":{"id":"pt-90720","source":"PT","name":"Intermarché Arganil","brand":"INTERMARCHÉ","address":"Lugar da BarrocaEM 523","municipality":"Arganil","district":"Coimbra","postalCode":"3300-109","fuels":{"gasoline95":1.929,"gasoline98":2.139,"diesel":2.039,"dieselPremium":2.089},"lastUpdated":"2026-08-17 07:55","extra":{"stationType":"Outro"},"services":["Lavagem","Loja de Conveniência","Venda de carburante de qualidade superior","Venda de gás doméstico em garrafas","WC","WC para deficientes","AUTOvoucher"],"hours":{"weekdays":"Aberto 24 horas","saturday":"Aberto 24 horas","sunday":"Aberto 24 horas","holiday":"Aberto 24 horas"},"paymentMethods":["Dinheiro","Multibanco"],"otherServices":null,"observations":null}},{"type":"Feature","geometry":{"type":"Point","coordinates":[-8.153984,40.307453]},"properties":{"id":"pt-91279","source":"PT","name":"BEQ Relvão","brand":"BEQ","address":"EM 530 - Lugar do Relvão","municipality":"Penacova","district":"Coimbra","postalCode":"3360-256","fuels":{"gasoline95":1.995,"gasoline98":2.215,"diesel":2.08,"dieselPremium":2.13,"dieselAgri":1.64},"lastUpdated":"2026-08-18 07:00","extra":{"stationType":"Outro"},"services":["Calibragem de pneus"],"hours":{"weekdays":"07:00-22:00","saturday":"07:00-22:00","sunday":"07:00-22:00","holiday":"07:00-22:00"},"paymentMethods":["Dinheiro"],"otherServices":null,"observations":null}},{"type":"Feature","geometry":{"type":"Point","coordinates":[-7.993033,40.274547]},"properties":{"id":"pt-92343","source":"PT","name":"Cepsa Coja","brand":"CEPSA","address":"Lugar da Coutada, EN 344","municipality":"Arganil","district":"Coimbra","postalCode":"3305-144","fuels":{"gasoline95":2.033,"gasoline98Plus":2.245,"diesel":2.119,"dieselPremium":2.169,"dieselHeating":2.02,"dieselAgri":1.694},"lastUpdated":"2026-08-17 17:40","extra":{"stationType":"Outro"},"services":["Cafetaria","Loja de Conveniência","Multibanco","Venda de carburante de qualidade superior","Venda de gás doméstico em garrafas","Venda de gasóleo para aquecimento","WC","WC para deficientes"],"hours":{"weekdays":"07:00-22:00","saturday":"07:00-22:00","sunday":"07:00-22:00","holiday":"07:00-22:00"},"paymentMethods":["Dinheiro","MbWay","Multibanco"],"otherServices":null,"observations":null}},{"type":"Feature","geometry":{"type":"Point","coordinates":[-8.848058,40.162286]},"properties":{"id":"pt-92974","source":"PT","name":"BP Tavarede","brand":"BP","address":"Av. Dom João Alves","municipality":"Figueira da Foz","district":"Coimbra","postalCode":"3080-604","fuels":{"gasoline95":2.019,"gasoline98Plus":2.284,"diesel":2.114,"dieselPremium":2.299,"dieselAgri":1.729},"lastUpdated":"2026-08-19 00:00","extra":{"stationType":"Outro"},"services":["Cafetaria","Lavagem","Loja de Conveniência","Venda de carburante de qualidade superior","Venda de gás doméstico em garrafas","Venda de gasóleo agrícola","WC","WC para deficientes"],"hours":{"weekdays":"07:00-23:00","saturday":"07:00-23:00","sunday":"07:00-23:00","holiday":"07:00-23:00"},"paymentMethods":["Dinheiro","Multibanco"],"otherServices":null,"observations":null}},{"type":"Feature","geometry":{"type":"Point","coordinates":[-8.37316,40.01876]},"properties":{"id":"pt-92977","source":"PT","name":"PRIO PENELA","brand":"PRIO","address":"Zona industrial de Penela, lote 1","municipality":"Penela","district":"Coimbra","postalCode":"3230-292","fuels":{"gasoline95":1.959,"diesel":2.049,"dieselPremium":2.048,"dieselAgri":1.599,"lpg":0.929},"lastUpdated":"2026-08-17 10:30","extra":{"stationType":"Outro"},"services":["Cafetaria","Lavagem","Loja de Conveniência","Multibanco","Restaurante","Venda de gás doméstico em garrafas","Venda de gasóleo agrícola","WC","WC para deficientes"],"hours":{"weekdays":"07:30-20:30","saturday":"07:30-20:30","sunday":"07:30-20:30","holiday":"07:30-20:30"},"paymentMethods":["Dinheiro","MbWay","Multibanco"],"otherServices":null,"observations":null}},{"type":"Feature","geometry":{"type":"Point","coordinates":[-8.586275,40.421738]},"properties":{"id":"pt-93133","source":"PT","name":"P41 - PRIO Cantanhede - Campanas","brand":"PRIO","address":"EN 335, km 225, 115 Campanas","municipality":"Cantanhede","district":"Coimbra","postalCode":"3060-302","fuels":{"gasoline95":1.999,"gasoline95Plus":1.969,"dieselPremium":2.064,"dieselAgri":1.624,"bioDiesel":2.034},"lastUpdated":"2026-08-19 00:30","extra":{"stationType":"Outro"},"services":["Cafetaria","Calibragem de pneus","Loja de Conveniência","Venda de gás doméstico em garrafas","Venda de gasóleo agrícola","WC"],"hours":{"weekdays":"06:30-22:30","saturday":"06:30-22:30","sunday":"06:30-22:30","holiday":"06:30-22:30"},"paymentMethods":["Dinheiro","MbWay","Multibanco","Outros"],"otherServices":null,"observations":null}},{"type":"Feature","geometry":{"type":"Point","coordinates":[-8.640268,40.384474]},"properties":{"id":"pt-93144","source":"PT","name":"PRIO N234","brand":"PRIO","address":"Estrada Nacional nº234, Km 9,5 Fontinha","municipality":"Cantanhede","district":"Coimbra","postalCode":"3060-323","fuels":{"gasoline95":1.979,"gasoline95Plus":1.959,"gasoline98":2.169,"diesel":2.074,"dieselPremium":2.054,"dieselAgri":1.599},"lastUpdated":"2026-08-17 10:30","extra":{"stationType":"Outro"},"services":["Cafetaria","Descanso de pesados","Loja de Conveniência","Venda de gás doméstico em garrafas","Venda de gasóleo agrícola","WC"],"hours":{"weekdays":"Aberto 24 horas","saturday":"Aberto 24 horas","sunday":"Aberto 24 horas","holiday":"Aberto 24 horas"},"paymentMethods":["Dinheiro","Multibanco"],"otherServices":null,"observations":null}},{"type":"Feature","geometry":{"type":"Point","coordinates":[-8.32,40.08]},"properties":{"id":"pt-93261","source":"PT","name":"Inter Miranda Corvo","brand":"INTERMARCHÉ","address":"Quinta de S. Pedro - Meâs","municipality":"Miranda do Corvo","district":"Coimbra","postalCode":"3220-115","fuels":{"gasoline95":1.875,"gasoline98":1.975,"diesel":1.949,"dieselPremium":1.989},"lastUpdated":"2026-08-18 20:30","extra":{"stationType":"Área comercial (Hipermercados)"},"services":[],"hours":{"weekdays":"Aberto 24 horas","saturday":"Aberto 24 horas","sunday":"Aberto 24 horas","holiday":"Aberto 24 horas"},"paymentMethods":["Dinheiro"],"otherServices":null,"observations":"LAVAGEM AU"}},{"type":"Feature","geometry":{"type":"Point","coordinates":[-8.25017,40.12998]},"properties":{"id":"pt-93262","source":"PT","name":"Intermarché Lousã","brand":"INTERMARCHÉ","address":"Rua Cidade de Coimbra  (Casa Velha)","municipality":"Lousã","district":"Coimbra","postalCode":"3200-261","fuels":{"gasoline95":1.875,"gasoline95Plus":1.915,"diesel":1.949,"dieselPremium":1.989},"lastUpdated":"2026-08-18 20:30","extra":{"stationType":"Área comercial (Hipermercados)"},"services":[],"hours":{"weekdays":"Aberto 24 horas","saturday":"Aberto 24 horas","sunday":"Aberto 24 horas","holiday":"Aberto 24 horas"},"paymentMethods":["Dinheiro","Multibanco"],"otherServices":null,"observations":null}},{"type":"Feature","geometry":{"type":"Point","coordinates":[-8.51169,40.107243]},"properties":{"id":"pt-93272","source":"PT","name":"BP Condeixa a Nova","brand":"BP","address":"EN 342 - Palha Cana","municipality":"Condeixa-a-Nova","district":"Coimbra","postalCode":"3150-259","fuels":{"gasoline95":2.054,"gasoline98Plus":2.284,"diesel":2.154,"dieselPremium":2.299},"lastUpdated":"2026-08-18 00:00","extra":{"stationType":"Outro"},"services":["Cafetaria","Calibragem de pneus","Lavagem","Loja de Conveniência","Venda de carburante de qualidade superior","Venda de gás doméstico em garrafas","WC","WC para deficientes"],"hours":{"weekdays":"06:30-22:30","saturday":"06:30-22:30","sunday":"06:30-22:30","holiday":"06:30-06:30"},"paymentMethods":["Dinheiro","MbWay","Multibanco"],"otherServices":null,"observations":null}},{"type":"Feature","geometry":{"type":"Point","coordinates":[-8.272324,40.269733]},"properties":{"id":"pt-93298","source":"PT","name":"Posto Lampião - Azenha do Rio","brand":"FREITAS","address":"Estrada Nacional nº 2","municipality":"Penacova","district":"Coimbra","postalCode":"3360-172","fuels":{"gasoline95":2.05,"gasolineMix":2.3,"diesel":2.137,"dieselPremium":2.157},"lastUpdated":"2026-08-19 00:00","extra":{"stationType":"Outro"},"services":["Calibragem de pneus","Loja de Conveniência","Multibanco","Venda de carburante de qualidade superior","Venda de gás doméstico em garrafas","WC"],"hours":{"weekdays":"07:00-21:00","saturday":"07:00-21:00","sunday":"07:00-21:00","holiday":"07:00-21:00"},"paymentMethods":["Dinheiro","MbWay","Multibanco","Outros"],"otherServices":"Alojamento Local com 7 quartos para ocupação turística","observations":null}},{"type":"Feature","geometry":{"type":"Point","coordinates":[-8.85278,40.12184]},"properties":{"id":"pt-93306","source":"PT","name":"BP S- Pedro","brand":"BP","address":"Rua das Olaias, 27","municipality":"Figueira da Foz","district":"Coimbra","postalCode":"3090-380","fuels":{"gasoline95":2.014,"gasoline98Plus":2.284,"diesel":2.104,"dieselPremium":2.299},"lastUpdated":"2026-08-18 00:00","extra":{"stationType":"Outro"},"services":["Loja de Conveniência","Venda de carburante de qualidade superior","Venda de gás doméstico em garrafas","WC","WC para deficientes"],"hours":{"weekdays":"07:00-21:30","saturday":"07:00-21:30","sunday":"07:00-21:30","holiday":"07:00-21:30"},"paymentMethods":["Dinheiro","MbWay","Multibanco","Outros"],"otherServices":null,"observations":null}},{"type":"Feature","geometry":{"type":"Point","coordinates":[-7.945226,40.38647]},"properties":{"id":"pt-93319","source":"PT","name":"Galp- Midões -Estrada de S.Miguel","brand":"FREITAS","address":"Estrada de S. Miguel n.º 28","municipality":"Tábua","district":"Coimbra","postalCode":"3420-136","fuels":{"gasoline95":2.04,"gasoline98":2.22,"diesel":2.127,"dieselPremium":2.147},"lastUpdated":"2026-08-19 00:00","extra":{"stationType":"Outro"},"services":["Multibanco","Venda de gás doméstico em garrafas","WC"],"hours":{"weekdays":"07:00-21:00","saturday":"07:00-21:00","sunday":"07:00-21:00","holiday":"07:00-21:00"},"paymentMethods":["Dinheiro","MbWay","Multibanco","Outros"],"otherServices":null,"observations":null}},{"type":"Feature","geometry":{"type":"Point","coordinates":[-8.40888,40.19554]},"properties":{"id":"pt-93364","source":"PT","name":"Anibal Antunes Bandeira,LDA","brand":"GALP","address":"Av.ª Vale das Flores","municipality":"Coimbra","district":"Coimbra","postalCode":"3030-486","fuels":{"gasoline95":2.039,"gasoline95Plus":2.089,"diesel":2.133,"dieselPremium":2.183},"lastUpdated":"2026-08-18 11:00","extra":{"stationType":"Outro"},"services":["Loja de Conveniência","Multibanco","Venda de gás doméstico em garrafas","WC"],"hours":{"weekdays":"07:00-23:00","saturday":"07:00-23:00","sunday":"07:00-23:00","holiday":"07:00-23:00"},"paymentMethods":["Dinheiro"],"otherServices":null,"observations":null}},{"type":"Feature","geometry":{"type":"Point","coordinates":[-8.851725,40.164868]},"properties":{"id":"pt-93393","source":"PT","name":"E.LECLERC FIGUEIRA DA FOZ","brand":"LECLERC","address":"Lugar dos Quatro Caminhos","municipality":"Figueira da Foz","district":"Coimbra","postalCode":"3080-510","fuels":{"gasoline95":1.879,"gasoline95Plus":1.919,"diesel":1.969,"dieselPremium":1.969},"lastUpdated":"2026-08-17 07:00","extra":{"stationType":"Outro"},"services":["Venda de gás doméstico em garrafas"],"hours":{"weekdays":"Aberto 24 horas","saturday":"Aberto 24 horas","sunday":"Aberto 24 horas","holiday":"Aberto 24 horas"},"paymentMethods":["Dinheiro"],"otherServices":null,"observations":"Ar/Água"}},{"type":"Feature","geometry":{"type":"Point","coordinates":[-8.715679,40.45344]},"properties":{"id":"pt-93423","source":"PT","name":"Posto de Abastecimento Seixo -  Mira ","brand":"Genérico","address":"Rua do Cemitério, 207","municipality":"Mira","district":"Coimbra","postalCode":"3070-533","fuels":{"gasoline95":1.959,"gasolineMix":2.5,"diesel":1.979,"dieselPremium":1.999,"dieselAgri":1.599},"lastUpdated":"2026-08-17 23:30","extra":{"stationType":"Outro"},"services":["Cafetaria","Lavagem","Loja de Conveniência","Venda de carburante de qualidade superior","Venda de gás doméstico em garrafas","Venda de gasóleo agrícola","WC","WC para deficientes"],"hours":{"weekdays":"07:30-20:30","saturday":"07:30-20:30","sunday":"08:30-13:30","holiday":"08:30-13:30"},"paymentMethods":["Dinheiro","MbWay","Multibanco","Outros"],"otherServices":null,"observations":null}},{"type":"Feature","geometry":{"type":"Point","coordinates":[-8.444831,40.209553]},"properties":{"id":"pt-93486","source":"PT","name":"J. M. Cordeiro, Lda. - Forum Coimbra","brand":"GALP","address":"Av. José Bonifácio de Andrade e Silva","municipality":"Coimbra","district":"Coimbra","postalCode":"3040-193","fuels":{"gasoline95":1.999,"diesel":2.093,"dieselPremium":2.143},"lastUpdated":"2026-08-18 11:00","extra":{"stationType":"Outro"},"services":["Multibanco","Venda de gás doméstico em garrafas"],"hours":{"weekdays":"Aberto 24 horas","saturday":"Aberto 24 horas","sunday":"Aberto 24 horas","holiday":"Aberto 24 horas"},"paymentMethods":["Dinheiro"],"otherServices":null,"observations":null}},{"type":"Feature","geometry":{"type":"Point","coordinates":[-8.847939,40.13671]},"properties":{"id":"pt-93560","source":"PT","name":"PA CHAMAGÁS Gala (Morraceira)","brand":"CHAMAGÁS","address":"Rua Major Humberto Cruz - Morraceira","municipality":"Figueira da Foz","district":"Coimbra","postalCode":"3090-707","fuels":{"gasoline95":1.929,"diesel":2.009,"dieselPremium":2.049,"lpg":0.899},"lastUpdated":"2026-08-17 15:00","extra":{"stationType":"Outro"},"services":["Calibragem de pneus"],"hours":{"weekdays":"07:00-22:00","saturday":"07:00-22:00","sunday":"07:00-22:00","holiday":"00:00-00:00"},"paymentMethods":["Dinheiro","Multibanco"],"otherServices":null,"observations":null}},{"type":"Feature","geometry":{"type":"Point","coordinates":[-8.800427,40.2296]},"properties":{"id":"pt-93566","source":"PT","name":"ALVES BANDEIRA Casal Novo","brand":"ALVES BANDEIRA","address":"Estrada Nacional 109, Km 107.900 E","municipality":"Figueira da Foz","district":"Coimbra","postalCode":"3080-511","fuels":{"gasoline95":2.029,"gasoline98":2.179,"diesel":2.114,"dieselPremium":2.134,"dieselAgri":1.689},"lastUpdated":"2026-08-17 12:25","extra":{"stationType":"Outro"},"services":["Calibragem de pneus"],"hours":null,"paymentMethods":["Dinheiro","MbWay","Multibanco","Outros"],"otherServices":null,"observations":null}},{"type":"Feature","geometry":{"type":"Point","coordinates":[-8.096597,40.178173]},"properties":{"id":"pt-93677","source":"PT","name":"PA de Bordeiro","brand":"ALVES BANDEIRA","address":"Bordeiro","municipality":"Góis","district":"Coimbra","postalCode":"3330-221","fuels":{"gasoline95":2.069,"gasoline98":2.219,"diesel":2.154,"dieselAgri":1.729},"lastUpdated":"2026-08-17 15:00","extra":{"stationType":"Outro"},"services":["Cafetaria","Multibanco","WC"],"hours":{"weekdays":"07:00-20:00","saturday":"07:00-20:00","sunday":"07:00-20:00","holiday":null},"paymentMethods":["Dinheiro"],"otherServices":null,"observations":null}},{"type":"Feature","geometry":{"type":"Point","coordinates":[-8.771996,40.094643]},"properties":{"id":"pt-93798","source":"PT","name":"Agro Mondego Representações Agrícolas, Lda - PA Alqueidão","brand":"Genérico","address":"Rua da Filarmónica, 24","municipality":"Figueira da Foz","district":"Coimbra","postalCode":"3090-431","fuels":{"gasoline95":2.05,"gasoline98":2.23,"diesel":2.137,"dieselAgri":1.735},"lastUpdated":"2026-08-17 09:45","extra":{"stationType":"Outro"},"services":["Calibragem de pneus"],"hours":{"weekdays":"08:00-20:00","saturday":"08:00-17:00","sunday":"Fechado","holiday":"Fechado"},"paymentMethods":["Dinheiro"],"otherServices":null,"observations":null}},{"type":"Feature","geometry":{"type":"Point","coordinates":[-8.667011,40.42824]},"properties":{"id":"pt-93821","source":"PT","name":"PA Corticeiro de Cima - Apolinário & Filho","brand":"Genérico","address":"Rua dos Emigrantes 36 ","municipality":"Cantanhede","district":"Coimbra","postalCode":"3060-752","fuels":{"gasoline95":2.009,"gasoline98":2.087,"diesel":2.083,"dieselPremium":2.103,"dieselHeating":1.97,"dieselAgri":1.637},"lastUpdated":"2026-08-17 21:10","extra":{"stationType":"Outro"},"services":["Calibragem de pneus"],"hours":{"weekdays":"07:00-21:00","saturday":"07:00-21:00","sunday":"07:00-21:00","holiday":"00:00-00:00"},"paymentMethods":["Dinheiro"],"otherServices":null,"observations":null}},{"type":"Feature","geometry":{"type":"Point","coordinates":[-8.849168,40.15732]},"properties":{"id":"pt-94252","source":"PT","name":"PRIO Figueira da Foz","brand":"PRIO","address":"Rua Várzea s/n","municipality":"Figueira da Foz","district":"Coimbra","postalCode":"3080-642","fuels":{"gasoline95":1.999,"gasoline95Plus":1.914,"dieselPremium":2.014,"bioDiesel":1.984},"lastUpdated":"2026-08-19 00:30","extra":{"stationType":"Outro"},"services":["Cafetaria","Calibragem de pneus","WC","WC com fraldário"],"hours":{"weekdays":"07:00-23:00","saturday":"07:00-23:00","sunday":"07:00-23:00","holiday":"07:00-23:00"},"paymentMethods":["Dinheiro","MbWay","Multibanco","Outros"],"otherServices":null,"observations":null}},{"type":"Feature","geometry":{"type":"Point","coordinates":[-8.024461,40.364235]},"properties":{"id":"pt-94255","source":"PT","name":"INTERMARCHÉ Tábua","brand":"INTERMARCHÉ","address":"Cova do Barro ","municipality":"Tábua","district":"Coimbra","postalCode":"3420-427","fuels":{"gasoline95":1.929,"gasoline98":2.139,"diesel":2.039,"dieselPremium":2.089},"lastUpdated":"2026-08-17 07:55","extra":{"stationType":"Outro"},"services":["Venda de gás doméstico em garrafas"],"hours":{"weekdays":"Aberto 24 horas","saturday":"Aberto 24 horas","sunday":"Aberto 24 horas","holiday":"Aberto 24 horas"},"paymentMethods":["Dinheiro","Multibanco"],"otherServices":null,"observations":null}},{"type":"Feature","geometry":{"type":"Point","coordinates":[-8.029334,40.35999]},"properties":{"id":"pt-94314","source":"PT","name":"PA GALP TÁBUA","brand":"GALP","address":"Rua Dr. Francisco Beirão, 17","municipality":"Tábua","district":"Coimbra","postalCode":"3420-325","fuels":{"gasoline95":2.009,"gasoline95Plus":2.059,"diesel":2.103,"dieselPremium":2.153,"dieselAgri":1.714},"lastUpdated":"2026-08-17 09:25","extra":{"stationType":"Outro"},"services":["Multibanco"],"hours":null,"paymentMethods":["Dinheiro"],"otherServices":null,"observations":null}},{"type":"Feature","geometry":{"type":"Point","coordinates":[-8.843305,40.1559]},"properties":{"id":"pt-94508","source":"PT","name":"GALP Estrada de Mira - POSIÇÃO 11821","brand":"GALP","address":"EN 109, Km 117,250 - Estrada de Mira - Casal da Robala","municipality":"Figueira da Foz","district":"Coimbra","postalCode":"3080-026","fuels":{"gasoline95":2.019,"gasoline95Plus":2.069,"diesel":2.113,"dieselPremium":2.163},"lastUpdated":"2026-08-17 09:15","extra":{"stationType":"Outro"},"services":["Multibanco","WC"],"hours":null,"paymentMethods":["Dinheiro"],"otherServices":null,"observations":null}},{"type":"Feature","geometry":{"type":"Point","coordinates":[-8.813965,40.018032]},"properties":{"id":"pt-94523","source":"PT","name":"GALP Marinha das Ondas (N/S) - POSIÇÃO 11674","brand":"GALP","address":"EN 109 - nº 176","municipality":"Figueira da Foz","district":"Coimbra","postalCode":"3090-485","fuels":{"gasoline95":2.059,"gasoline95Plus":2.109,"diesel":2.155,"dieselPremium":2.205,"dieselAgri":1.714,"lpg":0.954},"lastUpdated":"2026-08-17 09:20","extra":{"stationType":"Outro"},"services":["WC"],"hours":{"weekdays":"07:00-22:00","saturday":"07:00-22:00","sunday":"07:00-22:00","holiday":"00:00-00:00"},"paymentMethods":["Dinheiro"],"otherServices":null,"observations":null}},{"type":"Feature","geometry":{"type":"Point","coordinates":[-8.630816,40.20639]},"properties":{"id":"pt-94540","source":"PT","name":"PRIO Meãs do Campo - Montemor-o-Velho","brand":"PRIO","address":"Rua Principal da Coutada, nº484","municipality":"Montemor-o-Velho","district":"Coimbra","postalCode":"3140-166","fuels":{"gasoline95":1.899,"gasoline95Plus":1.899,"dieselPremium":2.024,"dieselAgri":1.539,"bioDiesel":1.994},"lastUpdated":"2026-08-17 09:25","extra":{"stationType":"Área comercial (Hipermercados)"},"services":["Cafetaria","Loja de Conveniência","Multibanco","Venda de gás doméstico em garrafas","Venda de gasóleo agrícola","WC","WC para deficientes"],"hours":{"weekdays":"09:00-19:00","saturday":"09:00-19:00","sunday":"10:00-19:00","holiday":"10:00-19:00"},"paymentMethods":["Dinheiro","MbWay","Multibanco"],"otherServices":null,"observations":null}},{"type":"Feature","geometry":{"type":"Point","coordinates":[-8.321902,40.304897]},"properties":{"id":"pt-94610","source":"PT","name":"GALP Sazes de Lorvão -Espinheira","brand":"GALP","address":"Lugar de Espinheira","municipality":"Penacova","district":"Coimbra","postalCode":"3360-287","fuels":{"gasoline95":2.015,"gasoline95Plus":2.015,"diesel":2.102,"dieselPremium":2.102,"dieselAgri":1.595},"lastUpdated":"2026-08-17 00:15","extra":{"stationType":"Outro"},"services":["Venda de gás doméstico em garrafas","WC","WC para deficientes"],"hours":{"weekdays":"Aberto 24 horas","saturday":"Aberto 24 horas","sunday":"Aberto 24 horas","holiday":"Aberto 24 horas"},"paymentMethods":["Dinheiro","MbWay","Multibanco"],"otherServices":null,"observations":"A loja diariamente abre ás 07:00 e encerra ás 21:00.\nO abastecimento de combustivel está disponível 24 horas"}},{"type":"Feature","geometry":{"type":"Point","coordinates":[-8.618356,40.064014]},"properties":{"id":"pt-94619","source":"PT","name":"REPSOL SOURE I","brand":"REPSOL","address":"Cruz-Nova","municipality":"Soure","district":"Coimbra","postalCode":"3130-200","fuels":{"gasoline95":1.999,"gasoline95Plus":2.049,"diesel":2.094,"dieselPremium":2.144,"dieselAgri":1.694,"lpg":0.944},"lastUpdated":"2026-08-18 12:10","extra":{"stationType":"Outro"},"services":["Calibragem de pneus"],"hours":null,"paymentMethods":["Dinheiro"],"otherServices":null,"observations":null}},{"type":"Feature","geometry":{"type":"Point","coordinates":[-8.624198,40.053387]},"properties":{"id":"pt-94620","source":"PT","name":"REPSOL SOURE II","brand":"REPSOL","address":"QUINTA DA COUTADA","municipality":"Soure","district":"Coimbra","postalCode":"3130-581","fuels":{"gasoline95":1.999,"gasoline98Plus":2.179,"diesel":2.094,"dieselPremium":2.144,"dieselAgri":1.694},"lastUpdated":"2026-08-18 12:10","extra":{"stationType":"Outro"},"services":["Calibragem de pneus"],"hours":null,"paymentMethods":["Dinheiro"],"otherServices":null,"observations":null}},{"type":"Feature","geometry":{"type":"Point","coordinates":[-8.431588,40.202553]},"properties":{"id":"pt-94838","source":"PT","name":"MOEVE Santa Clara - Inês de Castro","brand":"MOEVE","address":"AVENIDA INÊS DE CASTRO, SANTA CLARA","municipality":"Coimbra","district":"Coimbra","postalCode":"3040-255","fuels":{"gasoline95":1.948,"gasoline98Plus":2.16,"diesel":2.049,"dieselPremium":2.099},"lastUpdated":"2026-08-17 11:20","extra":{"stationType":"Outro"},"services":["Descanso de pesados","Loja de Conveniência","Multibanco","Venda de gás doméstico em garrafas","WC"],"hours":null,"paymentMethods":["Dinheiro","MbWay","Multibanco","Outros"],"otherServices":null,"observations":null}},{"type":"Feature","geometry":{"type":"Point","coordinates":[-8.24455,40.11385]},"properties":{"id":"pt-95144","source":"PT","name":"E.S. LOUSÃ - Anibal Antunes Bandeira, Lda - Lousã","brand":"REPSOL","address":"Av. Dr. João Maria Cardoso","municipality":"Lousã","district":"Coimbra","postalCode":"3200-222","fuels":{"gasoline95":2.044,"gasoline95Plus":2.114,"gasoline98Plus":2.259,"diesel":2.139,"dieselPremium":2.209},"lastUpdated":"2026-08-18 00:05","extra":{"stationType":"Outro"},"services":["Calibragem de pneus"],"hours":{"weekdays":"07:00-22:00","saturday":"07:00-22:00","sunday":"07:00-22:00","holiday":"00:00-00:00"},"paymentMethods":["Dinheiro"],"otherServices":null,"observations":null}},{"type":"Feature","geometry":{"type":"Point","coordinates":[-8.03134,40.36283]},"properties":{"id":"pt-95204","source":"PT","name":"Repsol Tábua (COMBSANTOS)","brand":"REPSOL","address":"Rua da Cerâmica (Mini Preço) - Quinta do Campo","municipality":"Tábua","district":"Coimbra","postalCode":"3420-430","fuels":{"gasoline95":2.004,"gasoline98Plus":2.194,"diesel":2.094,"dieselPremium":2.154,"dieselAgri":1.764},"lastUpdated":"2026-08-17 08:20","extra":{"stationType":"Outro"},"services":["Calibragem de pneus"],"hours":null,"paymentMethods":["Dinheiro"],"otherServices":null,"observations":null}},{"type":"Feature","geometry":{"type":"Point","coordinates":[-8.5794,40.35054]},"properties":{"id":"pt-95223","source":"PT","name":"GALP Cantanhede - Estação das Colinas","brand":"GALP","address":"Av. Prof Aníbal de Oliveira","municipality":"Cantanhede","district":"Coimbra","postalCode":"3060-851","fuels":{"gasoline95":1.919,"gasoline95Plus":1.969,"gasoline98Plus":2.129,"diesel":2.022,"dieselPremium":2.072,"lpg":0.939},"lastUpdated":"2026-08-16 00:00","extra":{"stationType":"Outro"},"services":["Calibragem de pneus"],"hours":null,"paymentMethods":["Dinheiro"],"otherServices":null,"observations":null}},{"type":"Feature","geometry":{"type":"Point","coordinates":[-8.755424,40.30857]},"properties":{"id":"pt-95252","source":"PT","name":"INTERMARCHÉ DA TOCHA","brand":"INTERMARCHÉ","address":"AVENIDA DOM JOÃO GARCIA BACELAR, Nº1296, EDIFÍCIO INTERMARCHÉ","municipality":"Cantanhede","district":"Coimbra","postalCode":"3060-704","fuels":{"gasoline95":1.875,"gasoline95Plus":1.915,"gasoline98":1.988,"diesel":1.958,"dieselPremium":1.978},"lastUpdated":"2026-08-18 10:50","extra":{"stationType":"Área comercial (Hipermercados)"},"services":["Calibragem de pneus"],"hours":null,"paymentMethods":["Dinheiro"],"otherServices":null,"observations":null}}]}