{"type":"FeatureCollection","features":[{"type":"Feature","geometry":{"type":"Point","coordinates":[-8.19017,41.356644]},"properties":{"id":"pt-64977","source":"PT","name":"Intermarché de Felgueiras","brand":"INTERMARCHÉ","address":"Lugar da Rabela","municipality":"Felgueiras","district":"Porto","postalCode":"4610-821","fuels":{"gasoline95":1.954,"gasoline98":2.054,"diesel":1.954,"dieselPremium":1.98},"lastUpdated":"2026-09-04 07:40","extra":{"stationType":"Outro"},"services":["Venda de gás doméstico em garrafas"],"hours":{"weekdays":"08:00-21:00","saturday":"08:00-21:00","sunday":"08:00-21:00","holiday":"08:00-21:00"},"paymentMethods":["Dinheiro"],"otherServices":null,"observations":null}},{"type":"Feature","geometry":{"type":"Point","coordinates":[-8.642268,41.137589]},"properties":{"id":"pt-65026","source":"PT","name":"Galp Arrábida","brand":"GALP","address":"Rua da Encosta do Sol","municipality":"Vila Nova de Gaia","district":"Porto","postalCode":"4400-438","fuels":{"gasoline95":2.064,"gasoline95Plus":2.114,"diesel":2.077,"dieselPremium":2.127},"lastUpdated":"2026-08-31 07:15","extra":{"stationType":"Outro"},"services":["Multibanco"],"hours":{"weekdays":"Aberto 24 horas","saturday":"Aberto 24 horas","sunday":"Aberto 24 horas","holiday":"Aberto 24 horas"},"paymentMethods":["Dinheiro"],"otherServices":null,"observations":null}},{"type":"Feature","geometry":{"type":"Point","coordinates":[-8.361048,41.285538]},"properties":{"id":"pt-65028","source":"PT","name":"GALP Carvalhosa (Ferrara Plaza-Av. 9 de Dezembro)","brand":"GALP","address":"Av. 9 de Dezembro, 25","municipality":"Paços de Ferreira","district":"Porto","postalCode":"4590-132","fuels":{"gasoline95":2.064,"diesel":2.077,"dieselPremium":2.127},"lastUpdated":"2026-08-31 09:45","extra":{"stationType":"Outro"},"services":["Calibragem de pneus"],"hours":null,"paymentMethods":["Dinheiro","MbWay","Multibanco"],"otherServices":null,"observations":null}},{"type":"Feature","geometry":{"type":"Point","coordinates":[-8.385947,41.283917]},"properties":{"id":"pt-65095","source":"PT","name":"Intermarché Paços de Ferreira","brand":"INTERMARCHÉ","address":"Lugar do Marco Meixomil","municipality":"Paços de Ferreira","district":"Porto","postalCode":"4595-225","fuels":{"gasoline95":1.979,"gasoline95Plus":1.999,"diesel":1.999,"dieselPremium":2.019},"lastUpdated":"2026-08-31 14:00","extra":{"stationType":"Outro"},"services":["Assistência auto","Cafetaria","Calibragem de pneus","Multibanco","Restaurante","Venda de gás doméstico em garrafas","WC","WC com fraldário","WC para deficientes","AUTOvoucher"],"hours":{"weekdays":"Aberto 24 horas","saturday":"Aberto 24 horas","sunday":"Aberto 24 horas","holiday":"Aberto 24 horas"},"paymentMethods":["Dinheiro","Multibanco"],"otherServices":null,"observations":null}},{"type":"Feature","geometry":{"type":"Point","coordinates":[-8.10262,41.29159]},"properties":{"id":"pt-65117","source":"PT","name":"JOSE FREITAS LDA","brand":"GALP","address":"EN 15 Km 57,3","municipality":"Amarante","district":"Porto","postalCode":"4600-612","fuels":{"gasoline95":2.064,"gasoline95Plus":2.114,"diesel":2.077,"dieselPremium":2.127,"dieselAgri":1.694},"lastUpdated":"2026-09-05 07:40","extra":{"stationType":"Outro"},"services":["Cafetaria","Multibanco","Venda de gás doméstico em garrafas","WC"],"hours":{"weekdays":"06:00-00:00","saturday":"06:00-00:00","sunday":"06:00-00:00","holiday":"06:00-00:00"},"paymentMethods":["Dinheiro"],"otherServices":null,"observations":null}},{"type":"Feature","geometry":{"type":"Point","coordinates":[-8.082825,41.279994]},"properties":{"id":"pt-65120","source":"PT","name":"Petromaranus - Com. Comb.,Lda.","brand":"GALP","address":"EN 15 - Lugar da Rampa Alta","municipality":"Amarante","district":"Porto","postalCode":"4600-275","fuels":{"gasoline95":2.104,"gasoline95Plus":2.154,"diesel":2.117,"dieselPremium":2.167,"lpg":0.964},"lastUpdated":"2026-09-02 11:00","extra":{"stationType":"Outro"},"services":["Lavagem","Loja de Conveniência","Multibanco","Venda de gás doméstico em garrafas","WC"],"hours":{"weekdays":"06:00-00:00","saturday":"06:00-00:00","sunday":"06:00-00:00","holiday":"06:00-00:00"},"paymentMethods":["Dinheiro"],"otherServices":null,"observations":null}},{"type":"Feature","geometry":{"type":"Point","coordinates":[-8.20224,41.36234]},"properties":{"id":"pt-65284","source":"PT","name":"Teixeira & Martins - Automóveis, Lda.","brand":"GALP","address":"Av. Dr. Leonardo Coimbra","municipality":"Felgueiras","district":"Porto","postalCode":"4610-105","fuels":{"gasoline95":2.064,"gasoline95Plus":2.114,"diesel":2.084,"dieselPremium":2.134},"lastUpdated":"2026-09-03 13:55","extra":{"stationType":"Outro"},"services":[],"hours":{"weekdays":"00:00-22:00","saturday":"00:00-22:00","sunday":"00:00-22:00","holiday":"00:00-22:00"},"paymentMethods":["Dinheiro"],"otherServices":null,"observations":null}},{"type":"Feature","geometry":{"type":"Point","coordinates":[-8.20133,41.36678]},"properties":{"id":"pt-65285","source":"PT","name":"Soc. Combustiveis Silva do Vale, Lda","brand":"GALP","address":"Av. Agostinho Ribeiro","municipality":"Felgueiras","district":"Porto","postalCode":"4610-000","fuels":{"gasoline95":2.074,"gasoline95Plus":2.124,"diesel":2.087,"dieselPremium":2.137,"dieselAgri":1.694},"lastUpdated":"2026-09-02 11:00","extra":{"stationType":"Outro"},"services":[],"hours":{"weekdays":"07:00-23:30","saturday":"07:00-23:30","sunday":"07:00-23:30","holiday":"07:00-23:30"},"paymentMethods":["Dinheiro"],"otherServices":null,"observations":null}},{"type":"Feature","geometry":{"type":"Point","coordinates":[-8.15984,41.31375]},"properties":{"id":"pt-65287","source":"PT","name":"GALP Cachada","brand":"GALP","address":"EN 15 Km 50","municipality":"Amarante","district":"Porto","postalCode":"4615-178","fuels":{"gasoline95":2.064,"gasoline95Plus":2.114,"diesel":2.084,"dieselPremium":2.134},"lastUpdated":"2026-09-03 00:00","extra":{"stationType":"Outro"},"services":["Loja de Conveniência","Multibanco","Venda de gás doméstico em garrafas","WC"],"hours":{"weekdays":"06:00-23:00","saturday":"06:00-23:00","sunday":"06:00-23:00","holiday":"06:00-23:00"},"paymentMethods":["Dinheiro"],"otherServices":null,"observations":null}},{"type":"Feature","geometry":{"type":"Point","coordinates":[-8.53864,41.16353]},"properties":{"id":"pt-65302","source":"PT","name":"Petrovaz - Revenda de Combustíveis a Granel, Lda.","brand":"GALP","address":"Av. da Carvalha nº 267","municipality":"Gondomar","district":"Porto","postalCode":"4510-518","fuels":{"gasoline95":2.104,"gasoline95Plus":2.154,"diesel":2.117,"dieselPremium":2.167},"lastUpdated":"2026-09-02 11:00","extra":{"stationType":"Outro"},"services":["Lavagem","Loja de Conveniência"],"hours":{"weekdays":"Aberto 24 horas","saturday":"Aberto 24 horas","sunday":"Aberto 24 horas","holiday":"Aberto 24 horas"},"paymentMethods":["Dinheiro"],"otherServices":null,"observations":null}},{"type":"Feature","geometry":{"type":"Point","coordinates":[-8.56652,41.12811]},"properties":{"id":"pt-65303","source":"PT","name":"Gepoil - Soc. Gestora Postos Abast. Comb., Ldª","brand":"GALP","address":"EN 108 Km 22,3","municipality":"Gondomar","district":"Porto","postalCode":"4420-000","fuels":{"gasoline95":2.104,"gasoline95Plus":2.154,"diesel":2.117,"dieselPremium":2.167},"lastUpdated":"2026-09-02 11:00","extra":{"stationType":"Outro"},"services":[],"hours":{"weekdays":"07:00-23:00","saturday":"07:00-23:00","sunday":"07:00-23:00","holiday":"07:00-23:00"},"paymentMethods":["Dinheiro"],"otherServices":null,"observations":null}},{"type":"Feature","geometry":{"type":"Point","coordinates":[-8.39903,41.05927]},"properties":{"id":"pt-65304","source":"PT","name":"David Santos e Moreira,lda","brand":"GALP","address":"EN 108, Km 24,4 - Av.José Joaquim Ferreira, nº 5272","municipality":"Gondomar","district":"Porto","postalCode":"4515-462","fuels":{"gasoline95":2.104,"gasoline95Plus":2.154,"diesel":2.117,"dieselPremium":2.167,"dieselAgri":1.694},"lastUpdated":"2026-09-02 11:00","extra":{"stationType":"Outro"},"services":[],"hours":{"weekdays":"Aberto 24 horas","saturday":"Aberto 24 horas","sunday":"Aberto 24 horas","holiday":"Aberto 24 horas"},"paymentMethods":["Dinheiro"],"otherServices":null,"observations":null}},{"type":"Feature","geometry":{"type":"Point","coordinates":[-8.39877,41.05921]},"properties":{"id":"pt-65307","source":"PT","name":"David Santos e Moreira,lda","brand":"GALP","address":"EN 108, Km 25,100 - Av. José Joaquim Ferreira","municipality":"Gondomar","district":"Porto","postalCode":"4515-462","fuels":{"gasoline95":2.104,"gasoline95Plus":2.154,"gasoline98Plus":2.334,"diesel":2.117,"dieselPremium":2.167},"lastUpdated":"2026-09-02 11:00","extra":{"stationType":"Outro"},"services":[],"hours":{"weekdays":"06:00-23:00","saturday":"06:00-23:00","sunday":"06:00-23:00","holiday":"06:00-23:00"},"paymentMethods":["Dinheiro"],"otherServices":null,"observations":null}},{"type":"Feature","geometry":{"type":"Point","coordinates":[-8.531529,41.14706]},"properties":{"id":"pt-65308","source":"PT","name":"GALP-  Gondomar","brand":"GALP","address":"Av.General Humberto Delgado","municipality":"Gondomar","district":"Porto","postalCode":"4420-155","fuels":{"gasoline95":2.064,"gasoline95Plus":2.114,"gasoline98Plus":2.294,"diesel":2.077,"dieselPremium":2.127,"lpg":0.944},"lastUpdated":"2026-09-05 03:45","extra":{"stationType":"Outro"},"services":["Cafetaria","Loja de Conveniência","Multibanco","Venda de gás doméstico em garrafas","WC","WC com fraldário","WC para deficientes"],"hours":{"weekdays":"Aberto 24 horas","saturday":"Aberto 24 horas","sunday":"Aberto 24 horas","holiday":"Aberto 24 horas"},"paymentMethods":["Dinheiro","MbWay","Multibanco","Outros"],"otherServices":null,"observations":null}},{"type":"Feature","geometry":{"type":"Point","coordinates":[-8.554465,41.17334]},"properties":{"id":"pt-65310","source":"PT","name":"Teixeira & Martins,lda","brand":"GALP","address":"Rua Pedro Álvares Cabral","municipality":"Gondomar","district":"Porto","postalCode":"4435-000","fuels":{"gasoline95":2.064,"gasoline95Plus":2.114,"gasoline98Plus":2.294,"diesel":2.077,"dieselPremium":2.127},"lastUpdated":"2026-09-04 00:00","extra":{"stationType":"Outro"},"services":["Cafetaria","Lavagem","Loja de Conveniência","Multibanco","Venda de carburante de qualidade superior","Venda de gás doméstico em garrafas","Via verde","WC","WC para deficientes"],"hours":{"weekdays":"Aberto 24 horas","saturday":"Aberto 24 horas","sunday":"Aberto 24 horas","holiday":"Aberto 24 horas"},"paymentMethods":["Dinheiro"],"otherServices":null,"observations":null}},{"type":"Feature","geometry":{"type":"Point","coordinates":[-8.29085,41.2666]},"properties":{"id":"pt-65393","source":"PT","name":"Chamauto, Lda.","brand":"GALP","address":"EN 108","municipality":"Lousada","district":"Porto","postalCode":"4620-000","fuels":{"gasoline95":2.084,"gasoline95Plus":2.134,"gasoline98Plus":2.314,"diesel":2.097,"dieselPremium":2.147,"dieselAgri":1.694},"lastUpdated":"2026-09-02 11:00","extra":{"stationType":"Outro"},"services":[],"hours":{"weekdays":"06:00-01:00","saturday":"06:00-01:00","sunday":"06:00-01:00","holiday":"06:00-01:00"},"paymentMethods":["Dinheiro"],"otherServices":null,"observations":null}},{"type":"Feature","geometry":{"type":"Point","coordinates":[-8.654375,41.255164]},"properties":{"id":"pt-65402","source":"PT","name":"Ramos Teixeira & Carmo Lda.","brand":"GALP","address":"EN 13 Km 9,000","municipality":"Maia","district":"Porto","postalCode":"4470-616","fuels":{"gasoline95":2.114,"gasoline95Plus":2.164,"diesel":2.134,"dieselPremium":2.184},"lastUpdated":"2026-09-03 08:50","extra":{"stationType":"Outro"},"services":[],"hours":{"weekdays":"08:00-22:00","saturday":"08:00-22:00","sunday":"08:00-22:00","holiday":"08:00-22:00"},"paymentMethods":["Dinheiro"],"otherServices":null,"observations":null}},{"type":"Feature","geometry":{"type":"Point","coordinates":[-8.566581,41.19994]},"properties":{"id":"pt-65406","source":"PT","name":"GALP A.S. Águas Santas (Porto/Amar)","brand":"GALP","address":"A 4 - Km 9,8 - Porto/Amarante","municipality":"Maia","district":"Porto","postalCode":"4425-547","fuels":{"gasoline95":2.149,"gasoline95Plus":2.219,"gasoline98Plus":2.379,"diesel":2.159,"dieselPremium":2.229,"lpg":0.954},"lastUpdated":"2026-09-05 04:30","extra":{"stationType":"Auto-estrada"},"services":["Descanso de pesados","Loja de Conveniência","Multibanco","Venda de gás doméstico em garrafas","Via verde","WC","WC com fraldário","WC para deficientes"],"hours":{"weekdays":"Aberto 24 horas","saturday":"Aberto 24 horas","sunday":"Aberto 24 horas","holiday":"Aberto 24 horas"},"paymentMethods":["Dinheiro","MbWay","Multibanco","Outros"],"otherServices":null,"observations":null}},{"type":"Feature","geometry":{"type":"Point","coordinates":[-8.568215,41.20092]},"properties":{"id":"pt-65407","source":"PT","name":"GALP A.S. Águas Santas (Amar/Porto)","brand":"GALP","address":"A4- A.E.Amarante/Porto, Km 9.8","municipality":"Maia","district":"Porto","postalCode":"4425-547","fuels":{"gasoline95":2.149,"gasoline95Plus":2.219,"gasoline98Plus":2.379,"diesel":2.159,"dieselPremium":2.229,"lpg":0.954},"lastUpdated":"2026-09-05 04:30","extra":{"stationType":"Auto-estrada"},"services":["Descanso de pesados","Loja de Conveniência","Multibanco","Venda de gás doméstico em garrafas","Via verde","WC","WC com fraldário","WC para deficientes"],"hours":{"weekdays":"Aberto 24 horas","saturday":"Aberto 24 horas","sunday":"Aberto 24 horas","holiday":"Aberto 24 horas"},"paymentMethods":["Dinheiro","MbWay","Multibanco","Outros"],"otherServices":null,"observations":null}},{"type":"Feature","geometry":{"type":"Point","coordinates":[-8.25231,41.08514]},"properties":{"id":"pt-65411","source":"PT","name":"Galp Alpendorada","brand":"GALP","address":"Avenida Drº francisco Sá carneiro,nº335","municipality":"Marco de Canaveses","district":"Porto","postalCode":"4575-052","fuels":{"gasoline95":2.064,"gasoline95Plus":2.114,"diesel":2.077,"dieselPremium":2.127,"dieselAgri":1.694},"lastUpdated":"2026-09-05 00:00","extra":{"stationType":"Outro"},"services":["Lavagem","Loja de Conveniência","Venda de gás doméstico em garrafas","Venda de gasóleo agrícola","WC com fraldário","WC para deficientes"],"hours":{"weekdays":"06:30-20:00","saturday":"06:30-20:00","sunday":"07:30-20:00","holiday":"07:30-20:00"},"paymentMethods":["Dinheiro","Multibanco"],"otherServices":null,"observations":"lavagem automatica"}},{"type":"Feature","geometry":{"type":"Point","coordinates":[-8.160185,41.10566]},"properties":{"id":"pt-65414","source":"PT","name":"António Pereira da Rocha & Cª,  L","brand":"GALP","address":"Av. Principal de Penha Longa 870, EN 108 - Km 56,910","municipality":"Marco de Canaveses","district":"Porto","postalCode":"4625-356","fuels":{"gasoline95":2.104,"gasoline95Plus":2.154,"diesel":2.117,"dieselPremium":2.167},"lastUpdated":"2026-08-31 00:00","extra":{"stationType":"Outro"},"services":["Calibragem de pneus","Venda de gás doméstico em garrafas","WC"],"hours":{"weekdays":"06:00-22:00","saturday":"06:00-22:00","sunday":"06:00-22:00","holiday":"06:00-22:00"},"paymentMethods":["Dinheiro","MbWay","Multibanco"],"otherServices":null,"observations":null}},{"type":"Feature","geometry":{"type":"Point","coordinates":[-8.687762,41.220497]},"properties":{"id":"pt-65420","source":"PT","name":"Torres & Vaz, Lda (1)","brand":"GALP","address":"EN 107 - Perafita (Aeroporto/Leça) Km 3,6","municipality":"Matosinhos","district":"Porto","postalCode":"4450-000","fuels":{"gasoline95":2.104,"gasoline95Plus":2.154,"gasoline98Plus":2.334,"diesel":2.117,"dieselPremium":2.167},"lastUpdated":"2026-09-02 11:00","extra":{"stationType":"Outro"},"services":[],"hours":{"weekdays":"Aberto 24 horas","saturday":"Aberto 24 horas","sunday":"Aberto 24 horas","holiday":"Aberto 24 horas"},"paymentMethods":["Dinheiro"],"otherServices":null,"observations":null}},{"type":"Feature","geometry":{"type":"Point","coordinates":[-8.68741,41.22039]},"properties":{"id":"pt-65421","source":"PT","name":"Torres & Vaz, Lda (2)","brand":"GALP","address":"EN 107 - Perafita (Leça/Aeroporto) Km 3,6","municipality":"Matosinhos","district":"Porto","postalCode":"4450-000","fuels":{"gasoline95":2.104,"gasoline95Plus":2.154,"diesel":2.117,"dieselPremium":2.167},"lastUpdated":"2026-09-02 11:00","extra":{"stationType":"Outro"},"services":["Assistência auto","Calibragem de pneus","Lavagem","Loja de Conveniência","Venda de carburante de qualidade superior","Venda de gás doméstico em garrafas","WC"],"hours":{"weekdays":"Aberto 24 horas","saturday":"Aberto 24 horas","sunday":"Aberto 24 horas","holiday":"Aberto 24 horas"},"paymentMethods":["Dinheiro"],"otherServices":null,"observations":null}},{"type":"Feature","geometry":{"type":"Point","coordinates":[-8.69699,41.19307]},"properties":{"id":"pt-65422","source":"PT","name":"TORRES E DIAS LDA","brand":"GALP","address":"Av. Dr. Fernando Aroso nº 299","municipality":"Matosinhos","district":"Porto","postalCode":"4450-000","fuels":{"gasoline95":2.104,"gasoline95Plus":2.154,"diesel":2.117,"dieselPremium":2.167},"lastUpdated":"2026-09-02 11:00","extra":{"stationType":"Outro"},"services":[],"hours":{"weekdays":"07:00-00:00","saturday":"07:00-00:00","sunday":"07:00-00:00","holiday":"07:00-00:00"},"paymentMethods":["Dinheiro"],"otherServices":null,"observations":null}},{"type":"Feature","geometry":{"type":"Point","coordinates":[-8.661648,41.18344]},"properties":{"id":"pt-65423","source":"PT","name":"Socovira - Soc. Comb. V. Rápida Lda","brand":"GALP","address":"EN 107 (Via Rápida este)","municipality":"Matosinhos","district":"Porto","postalCode":"4460-000","fuels":{"gasoline95":2.109,"gasoline95Plus":2.169,"diesel":2.127,"dieselPremium":2.187},"lastUpdated":"2026-09-02 11:00","extra":{"stationType":"Outro"},"services":[],"hours":{"weekdays":"Aberto 24 horas","saturday":"Aberto 24 horas","sunday":"Aberto 24 horas","holiday":"Aberto 24 horas"},"paymentMethods":["Dinheiro"],"otherServices":null,"observations":null}},{"type":"Feature","geometry":{"type":"Point","coordinates":[-8.66357,41.18419]},"properties":{"id":"pt-65424","source":"PT","name":"Torres & Vaz Lda","brand":"GALP","address":"EN 107 (Via Rápida Oeste)","municipality":"Matosinhos","district":"Porto","postalCode":"4450-000","fuels":{"gasoline95":2.109,"gasoline95Plus":2.169,"gasoline98Plus":2.339,"diesel":2.127,"dieselPremium":2.187},"lastUpdated":"2026-09-02 11:00","extra":{"stationType":"Outro"},"services":[],"hours":{"weekdays":"Aberto 24 horas","saturday":"Aberto 24 horas","sunday":"Aberto 24 horas","holiday":"Aberto 24 horas"},"paymentMethods":["Dinheiro"],"otherServices":null,"observations":null}},{"type":"Feature","geometry":{"type":"Point","coordinates":[-8.653776,41.179658]},"properties":{"id":"pt-65426","source":"PT","name":"GALP NORTE SHOPPING","brand":"GALP","address":"Loteamento Quinta das Sedas Lt.7","municipality":"Matosinhos","district":"Porto","postalCode":"4460-000","fuels":{"gasoline95":2.094,"gasoline95Plus":2.144,"diesel":2.114,"dieselPremium":2.164},"lastUpdated":"2026-09-02 11:00","extra":{"stationType":"Outro"},"services":["Lavagem","Loja de Conveniência","Venda de carburante de qualidade superior","Venda de gás doméstico em garrafas","WC","WC para deficientes"],"hours":{"weekdays":"08:00-01:00","saturday":"08:00-01:00","sunday":"08:00-01:00","holiday":"08:00-01:00"},"paymentMethods":["Dinheiro"],"otherServices":null,"observations":null}},{"type":"Feature","geometry":{"type":"Point","coordinates":[-8.698924,41.20116]},"properties":{"id":"pt-65427","source":"PT","name":"GALP Leça da Palmeira","brand":"GALP","address":"Rua Belchior Robles - Leça da Palmeira","municipality":"Matosinhos","district":"Porto","postalCode":"4450-626","fuels":{"gasoline95":2.064,"gasoline95Plus":2.114,"diesel":2.077,"dieselPremium":2.127},"lastUpdated":"2026-09-05 03:50","extra":{"stationType":"Outro"},"services":["Cafetaria","Calibragem de pneus","Loja de Conveniência","Multibanco","Venda de gás doméstico em garrafas","WC com fraldário","WC para deficientes"],"hours":{"weekdays":"Aberto 24 horas","saturday":"Aberto 24 horas","sunday":"Aberto 24 horas","holiday":"Aberto 24 horas"},"paymentMethods":["Dinheiro","MbWay","Multibanco","Outros"],"otherServices":null,"observations":null}},{"type":"Feature","geometry":{"type":"Point","coordinates":[-8.678442,41.17187]},"properties":{"id":"pt-65428","source":"PT","name":"GALP Matosinhos - Real","brand":"GALP","address":"Estrada Exterior Circunvalação E.N. 12 Km 0.7","municipality":"Matosinhos","district":"Porto","postalCode":"4450-097","fuels":{"gasoline95":2.104,"gasoline95Plus":2.159,"diesel":2.127,"dieselPremium":2.182},"lastUpdated":"2026-09-05 03:50","extra":{"stationType":"Outro"},"services":["Calibragem de pneus"],"hours":{"weekdays":"07:00-00:00","saturday":"07:00-00:00","sunday":"07:00-00:00","holiday":"07:00-00:00"},"paymentMethods":["Dinheiro","MbWay","Multibanco","Outros"],"otherServices":null,"observations":null}},{"type":"Feature","geometry":{"type":"Point","coordinates":[-8.34151,41.28725]},"properties":{"id":"pt-65520","source":"PT","name":"FSI - Comércio de Combustíveis, SA","brand":"GALP","address":"EN 207","municipality":"Paços de Ferreira","district":"Porto","postalCode":"4594-905","fuels":{"gasoline95":2.064,"gasoline95Plus":2.114,"gasoline98Plus":2.294,"diesel":2.084,"dieselPremium":2.134,"dieselAgri":1.654},"lastUpdated":"2026-09-03 08:40","extra":{"stationType":"Outro"},"services":[],"hours":{"weekdays":"07:00-00:00","saturday":"07:00-00:00","sunday":"07:00-00:00","holiday":"07:00-00:00"},"paymentMethods":["Dinheiro"],"otherServices":null,"observations":null}},{"type":"Feature","geometry":{"type":"Point","coordinates":[-8.37853,41.29194]},"properties":{"id":"pt-65521","source":"PT","name":"AUTO MOURA Posto de Abastecimento GALP Carvalhosa","brand":"GALP","address":"Rua Nª Srª do Rosário,197 (EN 209)","municipality":"Paços de Ferreira","district":"Porto","postalCode":"4590-055","fuels":{"gasoline95":2.064,"gasoline95Plus":2.114,"gasoline98Plus":2.294,"diesel":2.084,"dieselPremium":2.134,"dieselAgri":1.694},"lastUpdated":"2026-09-03 09:35","extra":{"stationType":"Outro"},"services":["Assistência auto","Lavagem","Multibanco","Venda de gás doméstico em garrafas","Venda de gasóleo agrícola","WC","WC para deficientes"],"hours":{"weekdays":"07:00-23:00","saturday":"07:00-23:00","sunday":"07:00-23:00","holiday":"07:00-23:00"},"paymentMethods":["Dinheiro","Multibanco","Outros"],"otherServices":null,"observations":null}},{"type":"Feature","geometry":{"type":"Point","coordinates":[-8.337214,41.205741]},"properties":{"id":"pt-65528","source":"PT","name":"VGV - Abast.Mont.Gás,Unipessoal,Lda.","brand":"GALP","address":"Av. dos Bombeiros Voluntários","municipality":"Paredes","district":"Porto","postalCode":"4580-053","fuels":{"gasoline95":2.104,"gasoline95Plus":2.154,"diesel":2.117,"dieselPremium":2.167},"lastUpdated":"2026-09-02 11:00","extra":{"stationType":"Outro"},"services":[],"hours":{"weekdays":"Aberto 24 horas","saturday":"Aberto 24 horas","sunday":"Aberto 24 horas","holiday":"Aberto 24 horas"},"paymentMethods":["Dinheiro"],"otherServices":null,"observations":null}},{"type":"Feature","geometry":{"type":"Point","coordinates":[-8.36166,41.23523]},"properties":{"id":"pt-65529","source":"PT","name":"Chamauto,lda Cristelo","brand":"GALP","address":"Rua Casimiro Neto da Silva nº 416","municipality":"Paredes","district":"Porto","postalCode":"4580-354","fuels":{"gasoline95":2.074,"gasoline95Plus":2.134,"diesel":2.087,"dieselPremium":2.147},"lastUpdated":"2026-09-02 11:00","extra":{"stationType":"Outro"},"services":[],"hours":{"weekdays":"07:30-22:00","saturday":"07:30-22:00","sunday":"07:30-22:00","holiday":"07:30-22:00"},"paymentMethods":["Dinheiro"],"otherServices":null,"observations":null}},{"type":"Feature","geometry":{"type":"Point","coordinates":[-8.327393,41.204945]},"properties":{"id":"pt-65530","source":"PT","name":"Galp - Paredes - Av. Da República, 146","brand":"GALP","address":"Av. da República 146","municipality":"Paredes","district":"Porto","postalCode":"4580-193","fuels":{"gasoline95":2.104,"gasoline95Plus":2.154,"gasoline98Plus":2.334,"gasolineMix":2.6,"diesel":2.117,"dieselPremium":2.167,"dieselAgri":1.694},"lastUpdated":"2026-08-31 14:50","extra":{"stationType":"Outro"},"services":["Calibragem de pneus"],"hours":{"weekdays":"07:00-23:00","saturday":"07:00-23:00","sunday":"07:00-23:00","holiday":"07:00-23:00"},"paymentMethods":["Dinheiro"],"otherServices":null,"observations":null}},{"type":"Feature","geometry":{"type":"Point","coordinates":[-8.418401,41.21197]},"properties":{"id":"pt-65531","source":"PT","name":"Calculo Triunfal - PA PRIO Rebordosa","brand":"PRIO","address":"PRAÇA DE VALES Nº. 28","municipality":"Paredes","district":"Porto","postalCode":"4585-532","fuels":{"gasoline95":2.042,"gasoline95Plus":2.112,"gasolineMix":2.422,"diesel":2.039,"dieselPremium":2.129},"lastUpdated":"2026-08-31 10:25","extra":{"stationType":"Outro"},"services":["Cafetaria","Loja de Conveniência","Venda de gás doméstico em garrafas","WC"],"hours":{"weekdays":"07:00-23:00","saturday":"07:00-23:00","sunday":"07:00-23:00","holiday":"07:00-23:00"},"paymentMethods":["Dinheiro","Multibanco"],"otherServices":null,"observations":null}},{"type":"Feature","geometry":{"type":"Point","coordinates":[-8.44072,41.18372]},"properties":{"id":"pt-65532","source":"PT","name":"TFGest - Gestão e Comércio de Produtos Petrolíferos, Lda.","brand":"GALP","address":"EN 15 (Rua Central de Gandra nº 1050) Km 13,3","municipality":"Paredes","district":"Porto","postalCode":"4585-116","fuels":{"gasoline95":2.064,"gasoline95Plus":2.114,"gasoline98Plus":2.294,"diesel":2.077,"dieselPremium":2.127,"dieselAgri":1.694},"lastUpdated":"2026-09-03 11:20","extra":{"stationType":"Outro"},"services":[],"hours":{"weekdays":"07:00-00:00","saturday":"07:00-00:00","sunday":"07:00-00:00","holiday":"07:00-00:00"},"paymentMethods":["Dinheiro"],"otherServices":null,"observations":null}},{"type":"Feature","geometry":{"type":"Point","coordinates":[-8.29188,41.08679]},"properties":{"id":"pt-65535","source":"PT","name":"VGV – Abast. Mont. Gás, Unipessoal, Lda","brand":"GALP","address":"EN 108 Km 38,150 (Rua Principal)","municipality":"Penafiel","district":"Porto","postalCode":"4575-218","fuels":{"gasoline95":2.104,"gasoline95Plus":2.154,"diesel":2.117,"dieselPremium":2.167},"lastUpdated":"2026-09-02 11:00","extra":{"stationType":"Outro"},"services":[],"hours":{"weekdays":"06:30-22:00","saturday":"06:30-22:00","sunday":"06:30-22:00","holiday":"06:30-22:00"},"paymentMethods":["Dinheiro"],"otherServices":null,"observations":null}},{"type":"Feature","geometry":{"type":"Point","coordinates":[-8.582751,41.178441]},"properties":{"id":"pt-65563","source":"PT","name":"Socovira - Sociedade combustiveis Via Rápida, Ldª","brand":"GALP","address":"Av. Fernão de Magalhães, 3363","municipality":"Porto","district":"Porto","postalCode":"4300-000","fuels":{"gasoline95":2.104,"gasoline95Plus":2.154,"diesel":2.117,"dieselPremium":2.167},"lastUpdated":"2026-09-02 11:00","extra":{"stationType":"Outro"},"services":[],"hours":{"weekdays":"06:00-23:00","saturday":"06:00-23:00","sunday":"06:00-23:00","holiday":"06:00-23:00"},"paymentMethods":["Dinheiro"],"otherServices":null,"observations":null}},{"type":"Feature","geometry":{"type":"Point","coordinates":[-8.582491,41.178215]},"properties":{"id":"pt-65564","source":"PT","name":"Socovira - Sociedade combustiveis Via Rápida, Ldª","brand":"GALP","address":"Av. Fernão de Magalhães, 3352","municipality":"Porto","district":"Porto","postalCode":"4300-000","fuels":{"gasoline95":2.104,"gasoline95Plus":2.154,"diesel":2.117,"dieselPremium":2.167},"lastUpdated":"2026-09-02 11:00","extra":{"stationType":"Outro"},"services":[],"hours":{"weekdays":"07:00-23:59","saturday":"07:00-23:59","sunday":"07:00-23:59","holiday":"07:00-23:59"},"paymentMethods":["Dinheiro"],"otherServices":null,"observations":null}},{"type":"Feature","geometry":{"type":"Point","coordinates":[-8.59621,41.15333]},"properties":{"id":"pt-65566","source":"PT","name":"F OLIVEIRA MARTINS E COMPANHIA LDA","brand":"GALP","address":"Av. Fernão de Magalhães, 390","municipality":"Porto","district":"Porto","postalCode":"4300-189","fuels":{"gasoline95":2.104,"diesel":2.117},"lastUpdated":"2026-09-03 09:35","extra":{"stationType":"Outro"},"services":[],"hours":{"weekdays":"07:00-23:00","saturday":"07:00-23:00","sunday":"07:00-22:00","holiday":"07:00-22:00"},"paymentMethods":["Dinheiro"],"otherServices":null,"observations":null}},{"type":"Feature","geometry":{"type":"Point","coordinates":[-8.586909,41.169189]},"properties":{"id":"pt-65567","source":"PT","name":"Petroazul - Combustiveis e Serviços, Lda","brand":"GALP","address":"Av. Fernão de Magalhães nº 2322","municipality":"Porto","district":"Porto","postalCode":"4350-172","fuels":{"gasoline95":2.104,"gasoline95Plus":2.154,"gasoline98Plus":2.334,"diesel":2.117,"dieselPremium":2.167},"lastUpdated":"2026-09-02 11:00","extra":{"stationType":"Outro"},"services":[],"hours":{"weekdays":"05:00-01:00","saturday":"05:00-01:00","sunday":"05:00-01:00","holiday":"05:00-01:00"},"paymentMethods":["Dinheiro"],"otherServices":null,"observations":null}},{"type":"Feature","geometry":{"type":"Point","coordinates":[-8.625592,41.164627]},"properties":{"id":"pt-65570","source":"PT","name":"P21 -SHELL Porto - Constituição","brand":"SHELL","address":"Rua da Constituição n.º 2314","municipality":"Porto","district":"Porto","postalCode":"4250-168","fuels":{"gasoline95":2.104,"diesel":2.129,"dieselPremium":2.209},"lastUpdated":"2026-09-05 00:30","extra":{"stationType":"Outro"},"services":["Calibragem de pneus"],"hours":{"weekdays":"07:00-23:00","saturday":"07:00-23:00","sunday":"07:00-23:00","holiday":"07:00-23:00"},"paymentMethods":["Dinheiro","MbWay","Multibanco","Outros"],"otherServices":null,"observations":null}},{"type":"Feature","geometry":{"type":"Point","coordinates":[-8.57826,41.14561]},"properties":{"id":"pt-65572","source":"PT","name":"GALP Freixo","brand":"GALP","address":"Estrada Exterior da Circunvalação, 82-130","municipality":"Porto","district":"Porto","postalCode":"4460-280","fuels":{"gasoline95":2.104,"gasoline95Plus":2.154,"gasoline98Plus":2.334,"diesel":2.117,"dieselPremium":2.167},"lastUpdated":"2026-09-05 03:45","extra":{"stationType":"Outro"},"services":["Cafetaria","Lavagem","Loja de Conveniência","Multibanco","Venda de carburante de qualidade superior","Venda de gás doméstico em garrafas","Via verde","WC"],"hours":{"weekdays":"Aberto 24 horas","saturday":"Aberto 24 horas","sunday":"Aberto 24 horas","holiday":"Aberto 24 horas"},"paymentMethods":["Dinheiro","MbWay","Multibanco","Outros"],"otherServices":null,"observations":null}},{"type":"Feature","geometry":{"type":"Point","coordinates":[-8.678236,41.165855]},"properties":{"id":"pt-65573","source":"PT","name":"GALP Boavista","brand":"GALP","address":"Avª da Boavista 4663 - 4685","municipality":"Porto","district":"Porto","postalCode":"4100-141","fuels":{"gasoline95":2.124,"gasoline95Plus":2.184,"diesel":2.139,"dieselPremium":2.199},"lastUpdated":"2026-09-05 03:55","extra":{"stationType":"Outro"},"services":["Calibragem de pneus"],"hours":{"weekdays":"07:00-00:00","saturday":"07:00-00:00","sunday":"07:00-00:00","holiday":"07:00-00:00"},"paymentMethods":["Dinheiro","MbWay","Outros"],"otherServices":null,"observations":null}},{"type":"Feature","geometry":{"type":"Point","coordinates":[-8.753913,41.446028]},"properties":{"id":"pt-65577","source":"PT","name":"RIO ALTO EMPRESAS TURISTICOS LDA(1)","brand":"GALP","address":"EN 13 Km 33,8","municipality":"Póvoa de Varzim","district":"Porto","postalCode":"4570-209","fuels":{"gasoline95":2.074,"gasoline95Plus":2.124,"diesel":2.094,"dieselPremium":2.144,"dieselAgri":1.694},"lastUpdated":"2026-09-05 00:00","extra":{"stationType":"Outro"},"services":[],"hours":{"weekdays":"06:00-23:00","saturday":"06:00-23:00","sunday":"06:00-23:00","holiday":"06:00-23:00"},"paymentMethods":["Dinheiro"],"otherServices":null,"observations":null}},{"type":"Feature","geometry":{"type":"Point","coordinates":[-8.7536,41.44602]},"properties":{"id":"pt-65578","source":"PT","name":"RIO ALTO EMPRESAS TURISTICOS LDA(2)","brand":"GALP","address":"Rua da Estela nº 1022","municipality":"Póvoa de Varzim","district":"Porto","postalCode":"4570-209","fuels":{"gasoline95":2.074,"gasoline95Plus":2.124,"gasoline98Plus":2.344,"diesel":2.094,"dieselPremium":2.144},"lastUpdated":"2026-09-05 00:00","extra":{"stationType":"Outro"},"services":[],"hours":{"weekdays":"07:00-23:00","saturday":"07:00-23:00","sunday":"07:00-23:00","holiday":"07:00-23:00"},"paymentMethods":["Dinheiro"],"otherServices":null,"observations":null}},{"type":"Feature","geometry":{"type":"Point","coordinates":[-8.763483,41.388985]},"properties":{"id":"pt-65579","source":"PT","name":"GALP Póvoa de Varzim","brand":"GALP","address":"Avenida do Mar","municipality":"Póvoa de Varzim","district":"Porto","postalCode":"4490-406","fuels":{"gasoline95":2.074,"gasoline95Plus":2.124,"diesel":2.094,"dieselPremium":2.144},"lastUpdated":"2026-09-05 04:00","extra":{"stationType":"Outro"},"services":["Cafetaria","Loja de Conveniência","Venda de gás doméstico em garrafas","Via verde","WC","WC com fraldário","WC para deficientes","AUTOvoucher"],"hours":{"weekdays":"Aberto 24 horas","saturday":"Aberto 24 horas","sunday":"Aberto 24 horas","holiday":"Aberto 24 horas"},"paymentMethods":["Dinheiro","MbWay","Multibanco","Outros"],"otherServices":null,"observations":null}},{"type":"Feature","geometry":{"type":"Point","coordinates":[-8.47828,41.33255]},"properties":{"id":"pt-65607","source":"PT","name":"Teixeira ","brand":"GALP","address":"EN 105 (Rua das Rãs)","municipality":"Santo Tirso","district":"Porto","postalCode":"4780-536","fuels":{"gasoline95":2.064,"gasoline95Plus":2.114,"gasoline98Plus":2.294,"diesel":2.084,"dieselPremium":2.134},"lastUpdated":"2026-09-03 16:00","extra":{"stationType":"Outro"},"services":[],"hours":{"weekdays":"06:00-23:00","saturday":"06:00-23:00","sunday":"06:00-23:00","holiday":"06:00-23:00"},"paymentMethods":["Dinheiro"],"otherServices":null,"observations":null}},{"type":"Feature","geometry":{"type":"Point","coordinates":[-8.556895,41.343264]},"properties":{"id":"pt-65695","source":"PT","name":"Petrovaz - Rev. Comb. Granel, Lda","brand":"GALP","address":"EN 14 (Rua Dom Pedro V)","municipality":"Trofa","district":"Porto","postalCode":"4785-309","fuels":{"gasoline95":2.074,"gasoline95Plus":2.124,"diesel":2.087,"dieselPremium":2.137},"lastUpdated":"2026-09-02 11:00","extra":{"stationType":"Outro"},"services":[],"hours":{"weekdays":"06:00-23:00","saturday":"06:00-23:00","sunday":"06:00-23:00","holiday":"06:00-23:00"},"paymentMethods":["Dinheiro"],"otherServices":null,"observations":null}},{"type":"Feature","geometry":{"type":"Point","coordinates":[-8.563295,41.263548]},"properties":{"id":"pt-65697","source":"PT","name":"GALP A3 A.S. Trofa (Por/Bra)","brand":"GALP","address":"A3 - Km 11 - Lugar de Vilar de Lila","municipality":"Trofa","district":"Porto","postalCode":"4785-209","fuels":{"gasoline95":2.124,"gasoline95Plus":2.184,"gasoline98Plus":2.354,"diesel":2.139,"dieselPremium":2.199,"lpg":0.954},"lastUpdated":"2026-09-05 04:25","extra":{"stationType":"Auto-estrada"},"services":["Assistência auto","Cafetaria","Descanso de pesados","Lavagem","Loja de Conveniência","Multibanco","Restaurante","Venda de carburante de qualidade superior","Via verde","WC","WC com fraldário","WC para deficientes"],"hours":{"weekdays":"Aberto 24 horas","saturday":"Aberto 24 horas","sunday":"Aberto 24 horas","holiday":"Aberto 24 horas"},"paymentMethods":["Dinheiro","MbWay","Multibanco","Outros"],"otherServices":null,"observations":null}},{"type":"Feature","geometry":{"type":"Point","coordinates":[-8.564415,41.264493]},"properties":{"id":"pt-65698","source":"PT","name":"GALP A3 A.S. Trofa (Bra/Por)","brand":"GALP","address":"A3 - Km 11 - Lugar de Vilar de Lila","municipality":"Trofa","district":"Porto","postalCode":"4785-209","fuels":{"gasoline95":2.124,"gasoline95Plus":2.184,"gasoline98Plus":2.354,"diesel":2.139,"dieselPremium":2.199,"lpg":0.954},"lastUpdated":"2026-09-05 04:25","extra":{"stationType":"Auto-estrada"},"services":["Assistência auto","Cafetaria","Descanso de pesados","Lavagem","Loja de Conveniência","Multibanco","Restaurante","Venda de carburante de qualidade superior","Via verde","WC","WC com fraldário","WC para deficientes"],"hours":{"weekdays":"Aberto 24 horas","saturday":"Aberto 24 horas","sunday":"Aberto 24 horas","holiday":"Aberto 24 horas"},"paymentMethods":["Dinheiro","MbWay","Multibanco","Outros"],"otherServices":null,"observations":null}},{"type":"Feature","geometry":{"type":"Point","coordinates":[-8.532845,41.23792]},"properties":{"id":"pt-65704","source":"PT","name":"TFGest - Gestão e Comércio de Produtos Petrolíferos, Lda.","brand":"GALP","address":"EN 105 Km 8,4","municipality":"Valongo","district":"Porto","postalCode":"4445-245","fuels":{"gasoline95":2.064,"gasoline95Plus":2.114,"diesel":2.077,"dieselPremium":2.127},"lastUpdated":"2026-09-04 10:40","extra":{"stationType":"Outro"},"services":[],"hours":{"weekdays":"Aberto 24 horas","saturday":"Aberto 24 horas","sunday":"Aberto 24 horas","holiday":"Aberto 24 horas"},"paymentMethods":["Dinheiro"],"otherServices":null,"observations":null}},{"type":"Feature","geometry":{"type":"Point","coordinates":[-8.5002,41.18907]},"properties":{"id":"pt-65705","source":"PT","name":"PRIO VALONGO","brand":"PRIO","address":"EN 15 (Rua Conde Ferreira nº 22)","municipality":"Valongo","district":"Porto","postalCode":"4440-544","fuels":{"gasoline95":2.074,"gasoline95Plus":2.024,"diesel":2.099,"dieselPremium":2.049},"lastUpdated":"2026-08-31 02:05","extra":{"stationType":"Outro"},"services":["Assistência auto","Cafetaria","Calibragem de pneus","Lavagem","Loja de Conveniência","Venda de carburante de qualidade superior","Venda de gás doméstico em garrafas","WC"],"hours":{"weekdays":"07:00-23:00","saturday":"07:00-23:00","sunday":"07:00-23:00","holiday":"07:00-23:00"},"paymentMethods":["Dinheiro"],"otherServices":null,"observations":"Estação de Serviço\r\nCentro de Pneus"}},{"type":"Feature","geometry":{"type":"Point","coordinates":[-8.547891,41.233068]},"properties":{"id":"pt-65707","source":"PT","name":"LEONTINA ALVES RAMOS (1)","brand":"GALP","address":"EN 105 - Rua de Monforte","municipality":"Maia","district":"Porto","postalCode":"4445-617","fuels":{"gasoline95":2.064,"gasoline95Plus":2.114,"diesel":2.077,"dieselPremium":2.127},"lastUpdated":"2026-09-04 20:10","extra":{"stationType":"Outro"},"services":[],"hours":{"weekdays":"07:00-00:00","saturday":"07:00-00:00","sunday":"07:00-00:00","holiday":"07:00-00:00"},"paymentMethods":["Dinheiro"],"otherServices":null,"observations":null}},{"type":"Feature","geometry":{"type":"Point","coordinates":[-8.744723,41.360074]},"properties":{"id":"pt-65721","source":"PT","name":"Auto Benguiados - Com. e Serviços Automóvel, Lda","brand":"GALP","address":"Gaveto Rua 5 Out. c/Av.Saúl Dias","municipality":"Vila do Conde","district":"Porto","postalCode":"4480-911","fuels":{"gasoline95":2.064,"gasoline95Plus":2.114,"gasoline98Plus":2.294,"diesel":2.077,"dieselPremium":2.127},"lastUpdated":"2026-09-04 09:30","extra":{"stationType":"Outro"},"services":[],"hours":{"weekdays":"Aberto 24 horas","saturday":"Aberto 24 horas","sunday":"Aberto 24 horas","holiday":"Aberto 24 horas"},"paymentMethods":["Dinheiro"],"otherServices":null,"observations":null}},{"type":"Feature","geometry":{"type":"Point","coordinates":[-8.712868,41.32013]},"properties":{"id":"pt-65722","source":"PT","name":"GALP Mindelo","brand":"GALP","address":"Av.ª 1.º de Maio, 131","municipality":"Vila do Conde","district":"Porto","postalCode":"4485-629","fuels":{"gasoline95":2.064,"gasoline95Plus":2.114,"gasoline98Plus":2.294,"diesel":2.077,"dieselPremium":2.127},"lastUpdated":"2026-09-05 04:35","extra":{"stationType":"Outro"},"services":["Calibragem de pneus"],"hours":null,"paymentMethods":["Dinheiro"],"otherServices":null,"observations":null}},{"type":"Feature","geometry":{"type":"Point","coordinates":[-8.708,41.31323]},"properties":{"id":"pt-65724","source":"PT","name":"Teixeira & Martins - Automóveis, Lda.","brand":"GALP","address":"EN 13 - E Km 17,4","municipality":"Vila do Conde","district":"Porto","postalCode":"4485-473","fuels":{"gasoline95":2.064,"gasoline95Plus":2.114,"diesel":2.077,"dieselPremium":2.127,"dieselAgri":1.694},"lastUpdated":"2026-09-04 00:00","extra":{"stationType":"Outro"},"services":[],"hours":{"weekdays":"07:00-23:00","saturday":"07:00-23:00","sunday":"07:00-23:00","holiday":"07:00-23:00"},"paymentMethods":["Dinheiro"],"otherServices":null,"observations":null}},{"type":"Feature","geometry":{"type":"Point","coordinates":[-8.7468,41.36322]},"properties":{"id":"pt-65726","source":"PT","name":"Auto Bemguiados - Com. e Serviços Automóvel, Lda","brand":"GALP","address":"Rua Alto da Pêga","municipality":"Vila do Conde","district":"Porto","postalCode":"4480-911","fuels":{"gasoline95":2.064,"gasoline95Plus":2.114,"diesel":2.077,"dieselPremium":2.127},"lastUpdated":"2026-09-04 11:25","extra":{"stationType":"Outro"},"services":[],"hours":{"weekdays":"Aberto 24 horas","saturday":"Aberto 24 horas","sunday":"Aberto 24 horas","holiday":"Aberto 24 horas"},"paymentMethods":["Dinheiro"],"otherServices":null,"observations":null}},{"type":"Feature","geometry":{"type":"Point","coordinates":[-8.704652,41.289143]},"properties":{"id":"pt-65727","source":"PT","name":"GALP A.S. Vila do Conde (Vila Conde/Porto)","brand":"GALP","address":"A28 - km 12 - Modivas","municipality":"Vila do Conde","district":"Porto","postalCode":"4485-600","fuels":{"gasoline95":2.124,"gasoline95Plus":2.184,"gasoline98Plus":2.354,"diesel":2.139,"dieselPremium":2.199,"lpg":0.969},"lastUpdated":"2026-09-05 04:00","extra":{"stationType":"Auto-estrada"},"services":["Cafetaria","Descanso de pesados","Loja de Conveniência","Multibanco","Via verde","WC","WC com fraldário","WC para deficientes"],"hours":{"weekdays":"Aberto 24 horas","saturday":"Aberto 24 horas","sunday":"Aberto 24 horas","holiday":"Aberto 24 horas"},"paymentMethods":["Dinheiro","MbWay","Multibanco"],"otherServices":null,"observations":null}},{"type":"Feature","geometry":{"type":"Point","coordinates":[-8.703153,41.28921]},"properties":{"id":"pt-65728","source":"PT","name":"GALP A.S. Vila do Conde (Porto/Vila Conde)","brand":"GALP","address":"IC 1 - Km 328 - Modivas","municipality":"Vila do Conde","district":"Porto","postalCode":"4485-600","fuels":{"gasoline95":2.124,"gasoline95Plus":2.184,"gasoline98Plus":2.354,"diesel":2.139,"dieselPremium":2.199,"lpg":0.969},"lastUpdated":"2026-09-05 04:00","extra":{"stationType":"Auto-estrada"},"services":["Cafetaria","Descanso de pesados","Loja de Conveniência","Multibanco","Via verde","WC","WC com fraldário","WC para deficientes"],"hours":{"weekdays":"Aberto 24 horas","saturday":"Aberto 24 horas","sunday":"Aberto 24 horas","holiday":"Aberto 24 horas"},"paymentMethods":["Dinheiro","MbWay","Multibanco"],"otherServices":null,"observations":null}},{"type":"Feature","geometry":{"type":"Point","coordinates":[-8.54258,41.0922]},"properties":{"id":"pt-65746","source":"PT","name":"VIDA N'AVENIDA - COMBUSTIVEIS, LDA","brand":"GALP","address":"EN 222 Km 6,600","municipality":"Vila Nova de Gaia","district":"Porto","postalCode":"4415-000","fuels":{"gasoline95":2.104,"gasoline95Plus":2.154,"diesel":2.117,"dieselPremium":2.167},"lastUpdated":"2026-09-02 11:00","extra":{"stationType":"Outro"},"services":[],"hours":{"weekdays":"07:00-22:00","saturday":"07:00-22:00","sunday":"07:00-22:00","holiday":"07:00-22:00"},"paymentMethods":["Dinheiro"],"otherServices":null,"observations":null}},{"type":"Feature","geometry":{"type":"Point","coordinates":[-8.618852,41.101697]},"properties":{"id":"pt-65754","source":"PT","name":"Q8 Vilar do Paraíso","brand":"Q8","address":"Rua do Jardim,1463","municipality":"Vila Nova de Gaia","district":"Porto","postalCode":"4405-830","fuels":{"gasoline95":1.959,"gasoline95Plus":1.979,"diesel":1.979,"dieselPremium":1.989},"lastUpdated":"2026-08-31 09:30","extra":{"stationType":"Outro"},"services":["Loja de Conveniência","Multibanco","Venda de gás doméstico em garrafas","WC","WC para deficientes"],"hours":{"weekdays":"07:00-22:00","saturday":"07:00-22:00","sunday":"07:00-22:00","holiday":"07:00-22:00"},"paymentMethods":["Dinheiro","Multibanco"],"otherServices":null,"observations":null}},{"type":"Feature","geometry":{"type":"Point","coordinates":[-8.598807,41.09484]},"properties":{"id":"pt-65755","source":"PT","name":"GALP Rechousa","brand":"GALP","address":"E.N. 1, Km 299 - RECHOUSA, CANELAS","municipality":"Vila Nova de Gaia","district":"Porto","postalCode":"4410-322","fuels":{"gasoline95":2.104,"gasoline95Plus":2.154,"gasoline98Plus":1.994,"diesel":2.117,"dieselPremium":2.167},"lastUpdated":"2026-09-05 04:40","extra":{"stationType":"Outro"},"services":["Assistência auto","Cafetaria","Calibragem de pneus","Loja de Conveniência","Multibanco","Venda de gás doméstico em garrafas","WC","WC com fraldário","WC para deficientes"],"hours":{"weekdays":"07:00-00:00","saturday":"07:00-00:00","sunday":"07:00-00:00","holiday":"07:00-00:00"},"paymentMethods":["Dinheiro","MbWay","Multibanco"],"otherServices":null,"observations":null}},{"type":"Feature","geometry":{"type":"Point","coordinates":[-8.542534,41.092475]},"properties":{"id":"pt-65784","source":"PT","name":"Tomás António & Moreiras, Lda","brand":"GALP","address":"Avenida Vasco da Gama","municipality":"Vila Nova de Gaia","district":"Porto","postalCode":"4415-000","fuels":{"gasoline95":2.104,"gasoline95Plus":2.154,"diesel":2.117,"dieselPremium":2.167},"lastUpdated":"2026-09-02 11:00","extra":{"stationType":"Outro"},"services":[],"hours":{"weekdays":"Aberto 24 horas","saturday":"Aberto 24 horas","sunday":"Aberto 24 horas","holiday":"Aberto 24 horas"},"paymentMethods":["Dinheiro"],"otherServices":null,"observations":null}},{"type":"Feature","geometry":{"type":"Point","coordinates":[-8.54537,41.20189]},"properties":{"id":"pt-65787","source":"PT","name":"GALP Ermesinde - Continente","brand":"GALP","address":"Rua das Macieiras 330","municipality":"Valongo","district":"Porto","postalCode":"4445-000","fuels":{"gasoline95":2.054,"gasoline95Plus":2.104,"diesel":2.067,"dieselPremium":2.117},"lastUpdated":"2026-09-05 04:05","extra":{"stationType":"Outro"},"services":["Multibanco"],"hours":{"weekdays":"Aberto 24 horas","saturday":"Aberto 24 horas","sunday":"Aberto 24 horas","holiday":"Aberto 24 horas"},"paymentMethods":["Multibanco","Outros"],"otherServices":null,"observations":null}},{"type":"Feature","geometry":{"type":"Point","coordinates":[-8.08932,41.27238]},"properties":{"id":"pt-65792","source":"PT","name":"José Freitas, Lda.","brand":"GALP","address":"Rua dos Pinheiros Mansos","municipality":"Amarante","district":"Porto","postalCode":"4600-301","fuels":{"gasoline95":2.064,"gasoline95Plus":2.114,"gasoline98Plus":2.294,"diesel":2.077,"dieselPremium":2.127},"lastUpdated":"2026-09-05 06:25","extra":{"stationType":"Outro"},"services":["Cafetaria","Lavagem","Loja de Conveniência","Multibanco","Venda de gás doméstico em garrafas","WC"],"hours":{"weekdays":"06:00-23:59","saturday":"06:00-23:59","sunday":"06:00-23:59","holiday":"06:00-23:59"},"paymentMethods":["Dinheiro"],"otherServices":null,"observations":null}},{"type":"Feature","geometry":{"type":"Point","coordinates":[-8.646,41.05745]},"properties":{"id":"pt-65795","source":"PT","name":"BP Arcozelo","brand":"BP","address":"EN 109 Km 11","municipality":"Vila Nova de Gaia","district":"Porto","postalCode":"4410-001","fuels":{"gasoline95":2.139,"gasoline98Plus":2.329,"diesel":2.159,"dieselPremium":2.279},"lastUpdated":"2026-08-31 10:00","extra":{"stationType":"Outro"},"services":["Assistência auto","Cafetaria","Lavagem","Loja de Conveniência","Multibanco","Venda de carburante de qualidade superior","Venda de gás doméstico em garrafas","WC","WC para deficientes"],"hours":{"weekdays":"06:00-00:00","saturday":"06:00-00:00","sunday":"06:00-00:00","holiday":"06:00-00:00"},"paymentMethods":["Dinheiro","Multibanco"],"otherServices":null,"observations":null}},{"type":"Feature","geometry":{"type":"Point","coordinates":[-8.50446,41.19226]},"properties":{"id":"pt-65800","source":"PT","name":"AUTO MOURA - Posto GALP Portagens Valongo","brand":"GALP","address":"Rua Vale de Achas","municipality":"Valongo","district":"Porto","postalCode":"4440-804","fuels":{"gasoline95":2.064,"gasoline95Plus":2.114,"gasoline98Plus":2.294,"diesel":2.077,"dieselPremium":2.127},"lastUpdated":"2026-09-03 09:35","extra":{"stationType":"Outro"},"services":["Cafetaria","Loja de Conveniência","Multibanco","Venda de gás doméstico em garrafas","WC","WC para deficientes"],"hours":{"weekdays":"07:00-23:00","saturday":"07:00-23:00","sunday":"07:00-23:00","holiday":"07:00-23:00"},"paymentMethods":["Dinheiro","Multibanco","Outros"],"otherServices":null,"observations":null}},{"type":"Feature","geometry":{"type":"Point","coordinates":[-8.5643,41.21266]},"properties":{"id":"pt-65802","source":"PT","name":"Auto Reparadora Moura, Lda.","brand":"GALP","address":"EN 105, Km 3,95 - Rua D. Afonso Henriques nº 3965","municipality":"Maia","district":"Porto","postalCode":"4425-057","fuels":{"gasoline95":2.064,"gasoline95Plus":2.114,"diesel":2.084,"dieselPremium":2.134},"lastUpdated":"2026-09-03 09:35","extra":{"stationType":"Outro"},"services":["Lavagem","Loja de Conveniência","Multibanco","Venda de gás doméstico em garrafas","WC"],"hours":{"weekdays":"07:00-00:00","saturday":"07:00-00:00","sunday":"07:00-00:00","holiday":"07:00-00:00"},"paymentMethods":["Dinheiro"],"otherServices":null,"observations":null}},{"type":"Feature","geometry":{"type":"Point","coordinates":[-8.59042,41.11363]},"properties":{"id":"pt-65806","source":"PT","name":"GALP GAIA","brand":"GALP","address":"Av. Vasco da Gama nº 1538","municipality":"Vila Nova de Gaia","district":"Porto","postalCode":"4430-247","fuels":{"gasoline95":2.104,"gasoline95Plus":2.154,"diesel":2.117,"dieselPremium":2.167,"lpg":0.944},"lastUpdated":"2026-09-03 09:35","extra":{"stationType":"Outro"},"services":["Assistência auto","Cafetaria","Calibragem de pneus","Lavagem","Loja de Conveniência","Multibanco","Venda de carburante de qualidade superior","Venda de gás doméstico em garrafas","Via verde","WC"],"hours":{"weekdays":"Aberto 24 horas","saturday":"Aberto 24 horas","sunday":"Aberto 24 horas","holiday":"Aberto 24 horas"},"paymentMethods":["Dinheiro"],"otherServices":null,"observations":null}},{"type":"Feature","geometry":{"type":"Point","coordinates":[-8.576243,41.210003]},"properties":{"id":"pt-65820","source":"PT","name":"BP - Águas Santas","brand":"BP","address":"Rua do Mosteiro, 925","municipality":"Maia","district":"Porto","postalCode":"4425-140","fuels":{"gasoline95":2.114,"gasoline98Plus":2.334,"diesel":2.134,"dieselPremium":2.284},"lastUpdated":"2026-09-01 00:00","extra":{"stationType":"Outro"},"services":["Calibragem de pneus"],"hours":null,"paymentMethods":["Dinheiro"],"otherServices":"Payshop","observations":null}},{"type":"Feature","geometry":{"type":"Point","coordinates":[-8.525901,41.241066]},"properties":{"id":"pt-65828","source":"PT","name":"PA BP Alfena","brand":"BP","address":"Rua 1º de Maio, 1770","municipality":"Valongo","district":"Porto","postalCode":"4445-245","fuels":{"gasoline95":2.104,"gasoline98Plus":2.334,"diesel":2.124,"dieselPremium":2.284},"lastUpdated":"2026-09-01 00:00","extra":{"stationType":"Outro"},"services":["Cafetaria","Loja de Conveniência","Multibanco","WC"],"hours":null,"paymentMethods":["Dinheiro"],"otherServices":null,"observations":null}},{"type":"Feature","geometry":{"type":"Point","coordinates":[-8.524769,41.214199]},"properties":{"id":"pt-65866","source":"PT","name":"BP CABÊDA","brand":"BP","address":"Rua de Cabêda nº 1300","municipality":"Valongo","district":"Porto","postalCode":"4445-049","fuels":{"gasoline95":2.079,"gasoline98Plus":2.299,"diesel":2.099,"dieselPremium":2.249},"lastUpdated":"2026-09-01 00:00","extra":{"stationType":"Outro"},"services":["Cafetaria","Multibanco","Venda de gás doméstico em garrafas","WC"],"hours":{"weekdays":"06:30-22:30","saturday":"06:30-22:30","sunday":"06:30-22:30","holiday":"06:30-22:30"},"paymentMethods":["Dinheiro"],"otherServices":null,"observations":"VENDA DE GÁS:\r\ngas bp butano         €21.50\r\ngas bp propano      €21.50"}},{"type":"Feature","geometry":{"type":"Point","coordinates":[-8.577855,41.06983]},"properties":{"id":"pt-65879","source":"PT","name":"BP Carvalhos - PA","brand":"BP","address":"Av. Dr. Moreira de Sousa, 408","municipality":"Vila Nova de Gaia","district":"Porto","postalCode":"4415-380","fuels":{"gasoline95":2.144,"gasoline98Plus":2.334,"diesel":2.164,"dieselPremium":2.284},"lastUpdated":"2026-09-01 00:00","extra":{"stationType":"Outro"},"services":["Loja de Conveniência","Multibanco","WC"],"hours":{"weekdays":"07:00-23:00","saturday":"07:00-23:00","sunday":"07:00-23:00","holiday":"00:00-00:00"},"paymentMethods":["Dinheiro"],"otherServices":null,"observations":null}},{"type":"Feature","geometry":{"type":"Point","coordinates":[-8.597757,41.06278]},"properties":{"id":"pt-65880","source":"PT","name":"BP Perosinho","brand":"BP","address":"Rua 25 de Abril, 537","municipality":"Vila Nova de Gaia","district":"Porto","postalCode":"4415-028","fuels":{"gasoline95":2.144,"gasoline98Plus":2.334,"diesel":2.164,"dieselPremium":2.284},"lastUpdated":"2026-09-01 00:00","extra":{"stationType":"Outro"},"services":["Cafetaria","Lavagem","Loja de Conveniência","Multibanco","WC para deficientes"],"hours":{"weekdays":"07:00-20:20","saturday":"07:00-20:20","sunday":"07:00-20:20","holiday":"07:00-20:20"},"paymentMethods":["Dinheiro"],"otherServices":null,"observations":null}},{"type":"Feature","geometry":{"type":"Point","coordinates":[-8.214091,41.349625]},"properties":{"id":"pt-65915","source":"PT","name":"BP VARZIELA FELGUEIRAS","brand":"BP","address":"Rua Tenente Coronel António Emílio Peixoto, n.º 81","municipality":"Felgueiras","district":"Porto","postalCode":"4650-732","fuels":{"gasoline95":2.094,"gasoline98Plus":2.334,"gasolineMix":2.8,"diesel":2.114,"dieselPremium":2.284},"lastUpdated":"2026-09-01 11:00","extra":{"stationType":"Outro"},"services":["Cafetaria","Lavagem","Loja de Conveniência","Venda de gás doméstico em garrafas","WC"],"hours":{"weekdays":"07:00-23:00","saturday":"07:00-23:00","sunday":"07:00-23:00","holiday":"00:00-00:00"},"paymentMethods":["Dinheiro","MbWay","Multibanco"],"otherServices":null,"observations":null}},{"type":"Feature","geometry":{"type":"Point","coordinates":[-8.544357,41.165389]},"properties":{"id":"pt-65922","source":"PT","name":"BP FANZERES","brand":"BP","address":"Av. da Carvalha","municipality":"Gondomar","district":"Porto","postalCode":"4510-518","fuels":{"gasoline95":2.144,"gasoline98Plus":2.334,"diesel":2.164,"dieselPremium":2.284},"lastUpdated":"2026-09-01 00:05","extra":{"stationType":"Outro"},"services":["Loja de Conveniência","Multibanco","Venda de carburante de qualidade superior","WC"],"hours":{"weekdays":"07:00-23:00","saturday":"07:00-23:00","sunday":"07:00-23:00","holiday":"07:00-23:00"},"paymentMethods":["Dinheiro"],"otherServices":null,"observations":null}},{"type":"Feature","geometry":{"type":"Point","coordinates":[-8.567877,41.227533]},"properties":{"id":"pt-65961","source":"PT","name":"BP MAIA-ARDEGÃES","brand":"BP","address":"EN 107","municipality":"Maia","district":"Porto","postalCode":"4422-419","fuels":{"gasoline95":2.104,"gasoline98Plus":2.334,"diesel":2.124,"dieselPremium":2.284,"dieselAgri":1.704},"lastUpdated":"2026-09-01 00:05","extra":{"stationType":"Outro"},"services":["Assistência auto","Cafetaria","Calibragem de pneus","Lavagem","Loja de Conveniência","Multibanco","Venda de gás doméstico em garrafas","Venda de gasóleo agrícola","WC","WC para deficientes"],"hours":{"weekdays":"06:00-23:00","saturday":"06:00-23:00","sunday":"06:00-23:00","holiday":"06:00-23:00"},"paymentMethods":["Dinheiro"],"otherServices":null,"observations":null}},{"type":"Feature","geometry":{"type":"Point","coordinates":[-8.615545,41.225713]},"properties":{"id":"pt-65963","source":"PT","name":"MAIA - R. AUGUSTO SIMÕES","brand":"BP","address":"Rua Augusto Simões nº 550","municipality":"Maia","district":"Porto","postalCode":"4470-147","fuels":{"gasoline95":2.099,"gasoline98Plus":2.329,"diesel":2.119,"dieselPremium":2.279},"lastUpdated":"2026-08-31 07:35","extra":{"stationType":"Outro"},"services":["Assistência auto","Cafetaria","Calibragem de pneus","Lavagem","Loja de Conveniência","Venda de gás doméstico em garrafas","WC","WC para deficientes"],"hours":{"weekdays":"06:00-00:00","saturday":"06:00-00:00","sunday":"07:00-00:00","holiday":"07:00-00:00"},"paymentMethods":["Dinheiro","Multibanco","Outros"],"otherServices":null,"observations":"- Borracha"}},{"type":"Feature","geometry":{"type":"Point","coordinates":[-8.371397,41.27985]},"properties":{"id":"pt-65991","source":"PT","name":"BP João XXIII (Oeste)","brand":"BP","address":"Av. João XXIII nº 192","municipality":"Paços de Ferreira","district":"Porto","postalCode":"4590-515","fuels":{"gasoline95":2.104,"gasoline98Plus":2.334,"diesel":2.124,"dieselPremium":2.284,"lpg":0.999},"lastUpdated":"2026-09-01 00:05","extra":{"stationType":"Outro"},"services":["Cafetaria","Lavagem","Loja de Conveniência","Multibanco","Venda de gás doméstico em garrafas","WC"],"hours":{"weekdays":"07:00-23:00","saturday":"07:00-23:00","sunday":"07:00-23:00","holiday":"07:00-23:00"},"paymentMethods":["Dinheiro","MbWay","Multibanco"],"otherServices":null,"observations":null}},{"type":"Feature","geometry":{"type":"Point","coordinates":[-8.439724,41.25457]},"properties":{"id":"pt-65994","source":"PT","name":"BP Seroa","brand":"BP","address":"Av. Porta da Capital do Móvel n.º 191","municipality":"Paços de Ferreira","district":"Porto","postalCode":"4595-434","fuels":{"gasoline95":2.094,"gasoline98Plus":2.334,"gasolineMix":2.8,"diesel":2.114,"dieselPremium":2.284,"dieselAgri":1.704},"lastUpdated":"2026-09-01 07:50","extra":{"stationType":"Outro"},"services":["Cafetaria","Lavagem","Loja de Conveniência","Venda de gás doméstico em garrafas","Venda de gasóleo agrícola","WC"],"hours":{"weekdays":"Aberto 24 horas","saturday":"Aberto 24 horas","sunday":"Aberto 24 horas","holiday":"Aberto 24 horas"},"paymentMethods":["Dinheiro","MbWay","Multibanco"],"otherServices":null,"observations":null}},{"type":"Feature","geometry":{"type":"Point","coordinates":[-8.598091,41.165233]},"properties":{"id":"pt-66014","source":"PT","name":"BP Combatentes - Porto","brand":"BP","address":"Av. Combatentes da Grande Guerra nº 627","municipality":"Porto","district":"Porto","postalCode":"4200-190","fuels":{"gasoline95":2.104,"gasoline98Plus":2.334,"diesel":2.124,"dieselPremium":2.284},"lastUpdated":"2026-09-01 00:05","extra":{"stationType":"Outro"},"services":["Cafetaria","Lavagem","Loja de Conveniência","Multibanco","Venda de carburante de qualidade superior","Venda de gás doméstico em garrafas","WC","WC para deficientes"],"hours":{"weekdays":"Aberto 24 horas","saturday":"Aberto 24 horas","sunday":"Aberto 24 horas","holiday":"Aberto 24 horas"},"paymentMethods":["Dinheiro"],"otherServices":null,"observations":null}},{"type":"Feature","geometry":{"type":"Point","coordinates":[-8.76103,41.38059]},"properties":{"id":"pt-66025","source":"PT","name":"BP Themoteo","brand":"BP","address":"Praça Marquês de Pombal","municipality":"Póvoa de Varzim","district":"Porto","postalCode":"4490-657","fuels":{"gasoline95":2.089,"gasoline98Plus":2.334,"diesel":2.104,"dieselPremium":2.284},"lastUpdated":"2026-09-01 00:05","extra":{"stationType":"Outro"},"services":[],"hours":{"weekdays":"07:00-23:00","saturday":"07:00-23:00","sunday":"07:00-23:00","holiday":"07:00-23:00"},"paymentMethods":["Dinheiro","Multibanco","Outros"],"otherServices":null,"observations":null}},{"type":"Feature","geometry":{"type":"Point","coordinates":[-8.764382,41.384389]},"properties":{"id":"pt-66026","source":"PT","name":"BP PÓVOA DE VARZIM","brand":"BP","address":"Rua Gomes de Amorim","municipality":"Póvoa de Varzim","district":"Porto","postalCode":"4490-641","fuels":{"gasoline95":2.089,"gasoline98Plus":2.334,"diesel":2.104,"dieselPremium":2.284},"lastUpdated":"2026-09-01 00:05","extra":{"stationType":"Outro"},"services":[],"hours":{"weekdays":"05:30-01:00","saturday":"05:30-02:00","sunday":"05:30-01:00","holiday":"05:30-01:00"},"paymentMethods":["Dinheiro"],"otherServices":null,"observations":null}},{"type":"Feature","geometry":{"type":"Point","coordinates":[-8.73914,41.41102]},"properties":{"id":"pt-66027","source":"PT","name":"BP TERROSO","brand":"BP","address":"Rua da Estrada Nova nº 837","municipality":"Póvoa de Varzim","district":"Porto","postalCode":"4495-524","fuels":{"gasoline95":2.089,"gasoline98Plus":2.334,"diesel":2.104,"dieselPremium":2.284,"dieselAgri":1.644,"lpg":0.949},"lastUpdated":"2026-09-01 00:05","extra":{"stationType":"Outro"},"services":["Cafetaria","Lavagem","Loja de Conveniência","Multibanco","Venda de carburante de qualidade superior","Venda de gás doméstico em garrafas","Venda de gasóleo agrícola","Venda de gasóleo para aquecimento","WC"],"hours":{"weekdays":"06:00-00:00","saturday":"06:00-00:00","sunday":"06:00-00:00","holiday":"06:00-00:00"},"paymentMethods":["Dinheiro"],"otherServices":null,"observations":null}},{"type":"Feature","geometry":{"type":"Point","coordinates":[-8.5611,41.334706]},"properties":{"id":"pt-66057","source":"PT","name":"BP TROFA","brand":"BP","address":"Rua D. Pedro V","municipality":"Trofa","district":"Porto","postalCode":"4785-304","fuels":{"gasoline95":2.104,"gasoline98Plus":2.334,"diesel":2.124,"dieselPremium":2.284},"lastUpdated":"2026-08-31 18:30","extra":{"stationType":"Outro"},"services":["Loja de Conveniência","Venda de carburante de qualidade superior","Venda de gás doméstico em garrafas","WC","WC para deficientes"],"hours":{"weekdays":"07:00-00:00","saturday":"07:00-00:00","sunday":"07:00-00:00","holiday":"07:00-00:00"},"paymentMethods":["Dinheiro"],"otherServices":null,"observations":null}},{"type":"Feature","geometry":{"type":"Point","coordinates":[-8.54521,41.340146]},"properties":{"id":"pt-66058","source":"PT","name":"Mendonça & Rebelo - Combustíveis, Lda","brand":"BP","address":"Rua João Paulo II","municipality":"Trofa","district":"Porto","postalCode":"4785-141","fuels":{"gasoline95":2.109,"gasoline98Plus":2.329,"diesel":2.129,"dieselPremium":2.279},"lastUpdated":"2026-08-31 10:15","extra":{"stationType":"Outro"},"services":["Lavagem","Loja de Conveniência","Multibanco","Venda de carburante de qualidade superior","WC"],"hours":{"weekdays":"07:00-23:59","saturday":"07:00-23:59","sunday":"07:00-23:59","holiday":"07:00-23:59"},"paymentMethods":["Dinheiro"],"otherServices":null,"observations":null}},{"type":"Feature","geometry":{"type":"Point","coordinates":[-8.6059,41.1251]},"properties":{"id":"pt-66060","source":"PT","name":"BP Vila Nova de Gaia","brand":"BP","address":"Av. da República nº 1510","municipality":"Vila Nova de Gaia","district":"Porto","postalCode":"4430-193","fuels":{"gasoline95":2.109,"gasoline98Plus":2.329,"diesel":2.129,"dieselPremium":2.279},"lastUpdated":"2026-08-31 10:10","extra":{"stationType":"Outro"},"services":["Cafetaria","Lavagem","Loja de Conveniência","Multibanco","Venda de carburante de qualidade superior","Venda de gás doméstico em garrafas","WC","WC para deficientes"],"hours":{"weekdays":"Aberto 24 horas","saturday":"Aberto 24 horas","sunday":"Aberto 24 horas","holiday":"Aberto 24 horas"},"paymentMethods":["Dinheiro","Multibanco"],"otherServices":null,"observations":null}},{"type":"Feature","geometry":{"type":"Point","coordinates":[-8.62993,41.0933]},"properties":{"id":"pt-66062","source":"PT","name":"BP VALADARES (Este)","brand":"BP","address":"IC 1 Km 6,7","municipality":"Vila Nova de Gaia","district":"Porto","postalCode":"4405-540","fuels":{"gasoline95":2.109,"gasoline98Plus":2.329,"diesel":2.139,"dieselPremium":2.279},"lastUpdated":"2026-08-31 10:10","extra":{"stationType":"Outro"},"services":["Lavagem","Loja de Conveniência","Venda de carburante de qualidade superior","Venda de gás doméstico em garrafas","WC"],"hours":{"weekdays":"06:00-00:00","saturday":"06:00-01:00","sunday":"06:00-00:00","holiday":"06:00-00:00"},"paymentMethods":["Dinheiro","Multibanco"],"otherServices":null,"observations":null}},{"type":"Feature","geometry":{"type":"Point","coordinates":[-8.629625,41.093848]},"properties":{"id":"pt-66063","source":"PT","name":"BP VALADARES (Oeste)","brand":"BP","address":"IC 1 Km 6,7","municipality":"Vila Nova de Gaia","district":"Porto","postalCode":"4405-540","fuels":{"gasoline95":2.109,"gasoline98Plus":2.329,"diesel":2.139,"dieselPremium":2.279},"lastUpdated":"2026-08-31 10:10","extra":{"stationType":"Outro"},"services":["Cafetaria","Lavagem","Loja de Conveniência","Venda de carburante de qualidade superior","Venda de gás doméstico em garrafas","WC"],"hours":{"weekdays":"06:00-00:00","saturday":"06:00-01:00","sunday":"06:00-00:00","holiday":"06:00-00:00"},"paymentMethods":["Dinheiro","Multibanco"],"otherServices":null,"observations":null}},{"type":"Feature","geometry":{"type":"Point","coordinates":[-8.464255,41.182166]},"properties":{"id":"pt-66065","source":"PT","name":"BP Valongo","brand":"BP","address":"Rua Central de Campo","municipality":"Valongo","district":"Porto","postalCode":"4440-038","fuels":{"gasoline95":2.094,"gasoline98Plus":2.334,"diesel":2.104,"dieselPremium":2.284,"dieselAgri":1.704},"lastUpdated":"2026-09-01 09:00","extra":{"stationType":"Outro"},"services":[],"hours":{"weekdays":"Aberto 24 horas","saturday":"Aberto 24 horas","sunday":"Aberto 24 horas","holiday":"Aberto 24 horas"},"paymentMethods":["Dinheiro"],"otherServices":null,"observations":"lavagem automatica ligeiros/pesados; estação serviço ligeiros/pesados; pneus; oleos; baterias; filtros, acessórios, loja de conveniência."}},{"type":"Feature","geometry":{"type":"Point","coordinates":[-8.398271,41.190692]},"properties":{"id":"pt-66066","source":"PT","name":"BP VANDOMA","brand":"BP","address":"Rua Central de Vandoma nº 50","municipality":"Paredes","district":"Porto","postalCode":"4585-769","fuels":{"gasoline95":2.139,"gasoline98Plus":2.279,"diesel":2.159,"dieselPremium":2.329,"dieselAgri":1.699,"lpg":0.999},"lastUpdated":"2026-08-31 06:00","extra":{"stationType":"Outro"},"services":["WC para deficientes"],"hours":{"weekdays":"06:00-23:00","saturday":"06:00-23:00","sunday":"06:00-23:00","holiday":"06:00-23:00"},"paymentMethods":["Dinheiro"],"otherServices":null,"observations":"Venda de GPL"}},{"type":"Feature","geometry":{"type":"Point","coordinates":[-8.626664,41.218577]},"properties":{"id":"pt-66070","source":"PT","name":"VIA NORTE (ESTE)","brand":"BP","address":"Via Norte - Leça do Balio","municipality":"Matosinhos","district":"Porto","postalCode":"4465-000","fuels":{"gasoline95":2.144,"gasoline98Plus":2.334,"diesel":2.164,"dieselPremium":2.284},"lastUpdated":"2026-09-01 00:00","extra":{"stationType":"Outro"},"services":["Cafetaria","Lavagem","Venda de carburante de qualidade superior","Venda de gás doméstico em garrafas","WC"],"hours":{"weekdays":"07:00-23:00","saturday":"07:00-23:00","sunday":"07:00-23:00","holiday":"07:00-23:00"},"paymentMethods":["Dinheiro"],"otherServices":null,"observations":null}},{"type":"Feature","geometry":{"type":"Point","coordinates":[-8.627275,41.218548]},"properties":{"id":"pt-66071","source":"PT","name":"VIA NORTE (OESTE)","brand":"BP","address":"Via Norte - Leça do Balio","municipality":"Matosinhos","district":"Porto","postalCode":"4465-764","fuels":{"gasoline95":2.144,"gasoline98Plus":2.334,"diesel":2.164,"dieselPremium":2.284},"lastUpdated":"2026-09-01 00:00","extra":{"stationType":"Outro"},"services":["Cafetaria","Venda de carburante de qualidade superior","Venda de gás doméstico em garrafas","WC","WC para deficientes"],"hours":{"weekdays":"07:00-23:00","saturday":"07:00-23:00","sunday":"07:00-23:00","holiday":"07:00-23:00"},"paymentMethods":["Dinheiro"],"otherServices":null,"observations":null}},{"type":"Feature","geometry":{"type":"Point","coordinates":[-8.646451,41.20134]},"properties":{"id":"pt-66098","source":"PT","name":"PA BP Custóias (Matosinhos)","brand":"BP","address":"Rua Cândido dos Reis, 2114","municipality":"Matosinhos","district":"Porto","postalCode":"4460-702","fuels":{"gasoline95":2.124,"gasoline98Plus":2.334,"diesel":2.134,"dieselPremium":2.284},"lastUpdated":"2026-09-05 00:05","extra":{"stationType":"Outro"},"services":["Cafetaria","Loja de Conveniência","Multibanco","WC"],"hours":null,"paymentMethods":["Dinheiro"],"otherServices":null,"observations":null}},{"type":"Feature","geometry":{"type":"Point","coordinates":[-8.73883,41.37649]},"properties":{"id":"pt-66102","source":"PT","name":"PÓVOA DE VARZIM - ARGIVAI","brand":"BP","address":"EN 206 (Rua de S. Miguel o Anjo, nº 305) Km 1,5","municipality":"Póvoa de Varzim","district":"Porto","postalCode":"4490-224","fuels":{"gasoline95":2.094,"gasoline98Plus":2.334,"diesel":2.107,"dieselPremium":2.284,"dieselAgri":1.704},"lastUpdated":"2026-08-31 16:15","extra":{"stationType":"Outro"},"services":["Cafetaria","Lavagem","Loja de Conveniência","Multibanco","Venda de gás doméstico em garrafas","Venda de gasóleo agrícola","WC","WC com fraldário","WC para deficientes"],"hours":{"weekdays":"07:00-23:00","saturday":"07:00-23:00","sunday":"07:00-23:00","holiday":"07:00-23:00"},"paymentMethods":["Dinheiro","MbWay","Multibanco"],"otherServices":null,"observations":"Loja de co"}},{"type":"Feature","geometry":{"type":"Point","coordinates":[-8.37042,41.28017]},"properties":{"id":"pt-66104","source":"PT","name":"BP João XXIII (Este) ","brand":"BP","address":"Av. João XXIII nº 151","municipality":"Paços de Ferreira","district":"Porto","postalCode":"4590-515","fuels":{"gasoline95":2.104,"gasoline98Plus":2.334,"diesel":2.124,"dieselPremium":2.284},"lastUpdated":"2026-09-01 00:05","extra":{"stationType":"Outro"},"services":[],"hours":{"weekdays":"Aberto 24 horas","saturday":"Aberto 24 horas","sunday":"Aberto 24 horas","holiday":"Aberto 24 horas"},"paymentMethods":["Multibanco"],"otherServices":null,"observations":null}},{"type":"Feature","geometry":{"type":"Point","coordinates":[-8.17937,41.30429]},"properties":{"id":"pt-66155","source":"PT","name":"Combustíveis William Dias,lda ","brand":"GALP","address":"EN 15","municipality":"Felgueiras","district":"Porto","postalCode":"4615-755","fuels":{"gasoline95":2.074,"gasoline95Plus":2.124,"gasoline98Plus":2.304,"diesel":2.087,"dieselPremium":2.137,"dieselAgri":1.694},"lastUpdated":"2026-09-02 11:00","extra":{"stationType":"Outro"},"services":["Cafetaria","Lavagem","Loja de Conveniência","Multibanco","Venda de gás doméstico em garrafas","Venda de gasóleo agrícola"],"hours":{"weekdays":"06:00-23:59","saturday":"06:00-23:59","sunday":"07:00-23:59","holiday":"07:00-23:59"},"paymentMethods":["Dinheiro"],"otherServices":null,"observations":null}},{"type":"Feature","geometry":{"type":"Point","coordinates":[-8.604181,41.21748]},"properties":{"id":"pt-66177","source":"PT","name":"CEPSA GUEIFAES","brand":"CEPSA","address":"Avenida Dr. Germano Vieira, 559","municipality":"Maia","district":"Porto","postalCode":"4470-006","fuels":{"gasoline95":2.038,"gasoline95Plus":2.088,"gasoline98Plus":2.25,"diesel":2.069,"dieselPremium":2.119,"lpg":0.916},"lastUpdated":"2026-08-31 00:00","extra":{"stationType":"Outro"},"services":["WC"],"hours":{"weekdays":"07:00-23:00","saturday":"07:00-23:00","sunday":"07:00-23:00","holiday":"00:00-00:00"},"paymentMethods":["Dinheiro"],"otherServices":null,"observations":null}},{"type":"Feature","geometry":{"type":"Point","coordinates":[-8.146681,41.18279]},"properties":{"id":"pt-66178","source":"PT","name":"MARCO DE CANAVESES","brand":"CEPSA","address":"Rua Manuel Pereira Soares","municipality":"Marco de Canaveses","district":"Porto","postalCode":"4630-296","fuels":{"gasoline95":2.043,"gasoline98Plus":2.3,"diesel":2.063,"dieselPremium":2.164,"dieselAgri":1.659},"lastUpdated":"2026-09-05 00:00","extra":{"stationType":"Outro"},"services":["Lavagem","Venda de gás doméstico em garrafas","Venda de gasóleo agrícola"],"hours":{"weekdays":"Aberto 24 horas","saturday":"Aberto 24 horas","sunday":"Aberto 24 horas","holiday":"Aberto 24 horas"},"paymentMethods":["Dinheiro"],"otherServices":null,"observations":null}},{"type":"Feature","geometry":{"type":"Point","coordinates":[-8.657172,41.19963]},"properties":{"id":"pt-66181","source":"PT","name":"MOEVE CUSTÓIAS","brand":"MOEVE","address":"RUA MONTE DOS PIPOS, Nº 40, CUSTOIAS","municipality":"Matosinhos","district":"Porto","postalCode":"4460-702","fuels":{"gasoline95":2.038,"gasoline98Plus":2.25,"diesel":2.069,"dieselPremium":2.119,"dieselAgri":1.664},"lastUpdated":"2026-08-31 00:00","extra":{"stationType":"Outro"},"services":["Cafetaria","Loja de Conveniência","Multibanco","WC"],"hours":null,"paymentMethods":["Dinheiro"],"otherServices":null,"observations":null}},{"type":"Feature","geometry":{"type":"Point","coordinates":[-8.336811,41.28779]},"properties":{"id":"pt-66205","source":"PT","name":"Cepsa- FSI- Rua D. Mercedes Barros-Freamunde","brand":"CEPSA","address":"RUA D. MERCEDES BARROS","municipality":"Paços de Ferreira","district":"Porto","postalCode":"4590-382","fuels":{"gasoline95":2.038,"gasoline98Plus":2.25,"diesel":2.064,"dieselPremium":2.114,"dieselAgri":1.609},"lastUpdated":"2026-08-31 08:45","extra":{"stationType":"Outro"},"services":["Loja de Conveniência"],"hours":null,"paymentMethods":["Dinheiro"],"otherServices":null,"observations":null}},{"type":"Feature","geometry":{"type":"Point","coordinates":[-8.37931,41.2788]},"properties":{"id":"pt-66206","source":"PT","name":"ES-PAÇOS DE FERREIRA CENTRO","brand":"REPSOL","address":"Av. Dr. Nicolau Carneiro nº 125-Paços de Ferreira","municipality":"Paços de Ferreira","district":"Porto","postalCode":"4590-513","fuels":{"gasoline95":2.064,"gasoline95Plus":2.124,"gasoline98Plus":2.254,"diesel":2.084,"dieselPremium":2.144},"lastUpdated":"2026-08-31 09:30","extra":{"stationType":"Outro"},"services":["Cafetaria","Lavagem","Loja de Conveniência","Multibanco","Venda de carburante de qualidade superior","Venda de gás doméstico em garrafas","WC","WC para deficientes"],"hours":{"weekdays":"07:00-02:00","saturday":"07:00-02:00","sunday":"07:00-02:00","holiday":"07:00-02:00"},"paymentMethods":["Dinheiro"],"otherServices":null,"observations":null}},{"type":"Feature","geometry":{"type":"Point","coordinates":[-8.394482,41.15292]},"properties":{"id":"pt-66209","source":"PT","name":"PA SOBREIRA","brand":"CEPSA","address":"RUA DO ARCO, Nº 165, SOBREIRA","municipality":"Paredes","district":"Porto","postalCode":"4585-689","fuels":{"gasoline95":2.038,"gasoline98Plus":2.25,"gasolineMix":2.75,"diesel":2.064,"dieselPremium":2.114,"dieselAgri":1.659},"lastUpdated":"2026-08-31 00:00","extra":{"stationType":"Outro"},"services":["Venda de gás doméstico em garrafas","Venda de gasóleo agrícola","WC"],"hours":{"weekdays":"07:00-23:00","saturday":"07:00-23:00","sunday":"07:00-23:00","holiday":"07:00-23:00"},"paymentMethods":["Dinheiro"],"otherServices":null,"observations":null}},{"type":"Feature","geometry":{"type":"Point","coordinates":[-8.459941,41.21956]},"properties":{"id":"pt-66242","source":"PT","name":"CEPSA SOBRADO","brand":"CEPSA","address":"EN 209 (Rua São João Sobrado nº 3300)","municipality":"Valongo","district":"Porto","postalCode":"4440-339","fuels":{"gasoline95":2.038,"gasoline95Plus":2.088,"gasolineMix":2.7,"diesel":2.064,"dieselPremium":2.114,"dieselAgri":1.609},"lastUpdated":"2026-08-31 06:30","extra":{"stationType":"Outro"},"services":[],"hours":{"weekdays":"06:30-23:00","saturday":"06:30-23:00","sunday":"06:30-23:00","holiday":"06:30-23:00"},"paymentMethods":["Dinheiro"],"otherServices":null,"observations":null}},{"type":"Feature","geometry":{"type":"Point","coordinates":[-8.211872,41.288685]},"properties":{"id":"pt-66373","source":"PT","name":"CEPSA APARECIDA","brand":"CEPSA","address":"Rua Bom Viver nº 85 ","municipality":"Lousada","district":"Porto","postalCode":"4620-823","fuels":{"gasoline95":2.038,"gasoline98Plus":2.25,"diesel":2.069,"dieselPremium":2.119,"dieselAgri":1.614},"lastUpdated":"2026-08-31 00:00","extra":{"stationType":"Outro"},"services":["Multibanco"],"hours":null,"paymentMethods":["Dinheiro"],"otherServices":null,"observations":null}},{"type":"Feature","geometry":{"type":"Point","coordinates":[-8.63003,41.180792]},"properties":{"id":"pt-66392","source":"PT","name":"São Mamede Infesta","brand":"CEPSA","address":"Rua Nova do Seixo nº 130","municipality":"Matosinhos","district":"Porto","postalCode":"4465-215","fuels":{"gasoline95":2.038,"gasoline95Plus":2.088,"diesel":2.069,"dieselPremium":2.119},"lastUpdated":"2026-08-31 00:00","extra":{"stationType":"Outro"},"services":["Assistência auto","Lavagem","Multibanco","Venda de gás doméstico em garrafas"],"hours":{"weekdays":"07:00-22:00","saturday":"07:00-22:00","sunday":"07:00-22:00","holiday":"07:00-22:00"},"paymentMethods":["Dinheiro"],"otherServices":null,"observations":null}},{"type":"Feature","geometry":{"type":"Point","coordinates":[-8.4889,41.1973]},"properties":{"id":"pt-66399","source":"PT","name":"PA Galp Continente Valongo","brand":"GALP","address":"Rua Julião Sarmento","municipality":"Valongo","district":"Porto","postalCode":"4440-837","fuels":{"gasoline95":2.064,"diesel":2.077,"dieselPremium":2.127},"lastUpdated":"2026-08-31 09:45","extra":{"stationType":"Área comercial (Hipermercados)"},"services":["Calibragem de pneus"],"hours":null,"paymentMethods":["Dinheiro"],"otherServices":null,"observations":null}},{"type":"Feature","geometry":{"type":"Point","coordinates":[-8.441431,41.172061]},"properties":{"id":"pt-66681","source":"PT","name":"E.S. GANDRA PAREDES","brand":"REPSOL","address":"EN 15-3 (Cruzamento da Rua do Negral C/ Rua Central da Ribeira)","municipality":"Paredes","district":"Porto","postalCode":"4440-115","fuels":{"gasoline95":2.054,"gasoline95Plus":2.114,"gasoline98Plus":2.234,"diesel":2.074,"dieselPremium":2.134,"dieselAgri":1.749,"lpg":0.974},"lastUpdated":"2026-08-31 14:25","extra":{"stationType":"Outro"},"services":["Cafetaria","Lavagem","Loja de Conveniência","Venda de carburante de qualidade superior","Venda de gás doméstico em garrafas","WC"],"hours":{"weekdays":"Aberto 24 horas","saturday":"Aberto 24 horas","sunday":"Aberto 24 horas","holiday":"Aberto 24 horas"},"paymentMethods":["Dinheiro"],"otherServices":null,"observations":null}},{"type":"Feature","geometry":{"type":"Point","coordinates":[-8.558206,41.220761]},"properties":{"id":"pt-66683","source":"PT","name":"E.S. ERMESINDE","brand":"REPSOL","address":"Rua Elias Garcia nº 460","municipality":"Valongo","district":"Porto","postalCode":"4445-413","fuels":{"gasoline95":2.064,"gasoline95Plus":2.124,"gasoline98Plus":2.254,"diesel":2.084,"dieselPremium":2.144,"lpg":0.944},"lastUpdated":"2026-08-31 00:00","extra":{"stationType":"Outro"},"services":["Lavagem","Loja de Conveniência","Venda de gás doméstico em garrafas","WC"],"hours":{"weekdays":"06:00-23:00","saturday":"06:00-23:00","sunday":"06:00-23:00","holiday":"06:00-23:00"},"paymentMethods":["Dinheiro"],"otherServices":null,"observations":null}},{"type":"Feature","geometry":{"type":"Point","coordinates":[-8.548553,41.205322]},"properties":{"id":"pt-66684","source":"PT","name":"E.S. ERMESINDE A4","brand":"REPSOL","address":"Av. Engº Duarte Pacheco nº 731","municipality":"Valongo","district":"Porto","postalCode":"4445-416","fuels":{"gasoline95":2.064,"gasoline95Plus":2.124,"diesel":2.084,"dieselPremium":2.144},"lastUpdated":"2026-09-05 08:20","extra":{"stationType":"Outro"},"services":["Lavagem","Loja de Conveniência","Multibanco","Restaurante","Venda de gás doméstico em garrafas","WC"],"hours":{"weekdays":"00:00-00:00","saturday":"00:00-00:00","sunday":"00:00-00:00","holiday":"00:00-00:00"},"paymentMethods":["Dinheiro"],"otherServices":null,"observations":null}},{"type":"Feature","geometry":{"type":"Point","coordinates":[-8.5899,41.16328]},"properties":{"id":"pt-66685","source":"PT","name":"E.S. ANTAS I","brand":"REPSOL","address":"Av. Fernão de Magalhães nº 1626","municipality":"Porto","district":"Porto","postalCode":"4300-000","fuels":{"gasoline95":2.064,"gasoline95Plus":2.124,"gasoline98Plus":2.254,"diesel":2.084,"dieselPremium":2.144},"lastUpdated":"2026-08-31 00:00","extra":{"stationType":"Outro"},"services":["Lavagem","Loja de Conveniência","Multibanco","Venda de carburante de qualidade superior","Venda de gás doméstico em garrafas","WC"],"hours":{"weekdays":"07:00-01:00","saturday":"07:00-01:00","sunday":"07:00-01:00","holiday":"07:00-01:00"},"paymentMethods":["Dinheiro"],"otherServices":null,"observations":null}},{"type":"Feature","geometry":{"type":"Point","coordinates":[-8.58945833333333,41.1645]},"properties":{"id":"pt-66686","source":"PT","name":"E.S. ANTAS II","brand":"REPSOL","address":"Rua Santo António Antas nº 36","municipality":"Porto","district":"Porto","postalCode":"4350-156","fuels":{"gasoline95":2.064,"gasoline95Plus":2.124,"gasoline98Plus":2.254,"diesel":2.084,"dieselPremium":2.144},"lastUpdated":"2026-08-31 00:00","extra":{"stationType":"Outro"},"services":["Loja de Conveniência","Venda de carburante de qualidade superior","Venda de gás doméstico em garrafas","WC"],"hours":{"weekdays":"07:00-20:00","saturday":"07:00-20:00","sunday":"Fechado","holiday":"Fechado"},"paymentMethods":["Dinheiro"],"otherServices":null,"observations":null}},{"type":"Feature","geometry":{"type":"Point","coordinates":[-8.628078,41.165108]},"properties":{"id":"pt-66688","source":"PT","name":"ES  CONSTITUICAO - Gespost - Gestão e Administração de Postos de Abastecimento Unipessoal LDA","brand":"REPSOL","address":"Rua da Constituição nº 2570","municipality":"Porto","district":"Porto","postalCode":"4000-000","fuels":{"gasoline95":2.074,"gasoline95Plus":2.144,"gasoline98Plus":2.274,"diesel":2.094,"dieselPremium":2.164,"lpg":0.984},"lastUpdated":"2026-09-05 08:15","extra":{"stationType":"Outro"},"services":["Calibragem de pneus"],"hours":{"weekdays":"00:00-00:00","saturday":"00:00-00:00","sunday":"00:00-00:00","holiday":"00:00-00:00"},"paymentMethods":["Dinheiro"],"otherServices":null,"observations":null}},{"type":"Feature","geometry":{"type":"Point","coordinates":[-8.625536,41.151825]},"properties":{"id":"pt-66689","source":"PT","name":"E.S. JULIO DINIS","brand":"REPSOL","address":"Rua Júlio Dinis nº 320-348","municipality":"Porto","district":"Porto","postalCode":"4050-318","fuels":{"gasoline95":2.114,"gasoline95Plus":2.184,"diesel":2.134,"dieselPremium":2.204},"lastUpdated":"2026-09-05 08:15","extra":{"stationType":"Outro"},"services":["Lavagem","Loja de Conveniência","Venda de gás doméstico em garrafas","WC"],"hours":{"weekdays":"07:00-23:00","saturday":"07:00-23:00","sunday":"07:00-23:00","holiday":"07:00-23:00"},"paymentMethods":["Dinheiro"],"otherServices":null,"observations":null}},{"type":"Feature","geometry":{"type":"Point","coordinates":[-8.621156,41.205856]},"properties":{"id":"pt-66690","source":"PT","name":"E.S. LEÇA DO BALIO","brand":"REPSOL","address":"Rua do Mosteiro","municipality":"Matosinhos","district":"Porto","postalCode":"4465-703","fuels":{"gasoline95":2.074,"gasoline95Plus":2.144,"diesel":2.094,"dieselPremium":2.164},"lastUpdated":"2026-09-05 00:05","extra":{"stationType":"Outro"},"services":["Lavagem","Loja de Conveniência","Multibanco","Venda de gás doméstico em garrafas","WC"],"hours":{"weekdays":"07:00-23:00","saturday":"07:00-23:00","sunday":"07:00-23:00","holiday":"07:00-23:00"},"paymentMethods":["Dinheiro"],"otherServices":null,"observations":null}},{"type":"Feature","geometry":{"type":"Point","coordinates":[-8.625030556,41.23925]},"properties":{"id":"pt-66691","source":"PT","name":"E.S. MAIA A","brand":"REPSOL","address":"EN 14 Km 7","municipality":"Maia","district":"Porto","postalCode":"4470-273","fuels":{"gasoline95":2.074,"gasoline95Plus":2.134,"gasoline98Plus":2.264,"diesel":2.094,"dieselPremium":2.154,"dieselAgri":1.669},"lastUpdated":"2026-08-31 10:00","extra":{"stationType":"Outro"},"services":["Loja de Conveniência","Restaurante","Venda de carburante de qualidade superior","Venda de gás doméstico em garrafas","WC"],"hours":{"weekdays":"06:30-22:30","saturday":"06:30-22:30","sunday":"07:00-22:30","holiday":"07:00-22:30"},"paymentMethods":["Dinheiro"],"otherServices":null,"observations":null}},{"type":"Feature","geometry":{"type":"Point","coordinates":[-8.624630556,41.239261111]},"properties":{"id":"pt-66692","source":"PT","name":"E.S. MAIA B","brand":"REPSOL","address":"EN 14 Km 7","municipality":"Maia","district":"Porto","postalCode":"4470-273","fuels":{"gasoline95":2.074,"gasoline95Plus":2.134,"diesel":2.094,"dieselPremium":2.154},"lastUpdated":"2026-08-31 09:55","extra":{"stationType":"Outro"},"services":["Venda de carburante de qualidade superior","Venda de gás doméstico em garrafas"],"hours":{"weekdays":"06:30-22:30","saturday":"06:30-22:30","sunday":"07:00-22:30","holiday":"07:00-22:30"},"paymentMethods":["Dinheiro"],"otherServices":null,"observations":null}},{"type":"Feature","geometry":{"type":"Point","coordinates":[-8.62611,41.17256]},"properties":{"id":"pt-66693","source":"PT","name":"E.S. MONTE DOS BURGOS","brand":"REPSOL","address":"Rua Monte Burgos nº 316","municipality":"Porto","district":"Porto","postalCode":"4200-309","fuels":{"gasoline95":2.074,"gasoline95Plus":2.144,"gasoline98Plus":2.274,"diesel":2.094,"dieselPremium":2.164},"lastUpdated":"2026-09-05 00:00","extra":{"stationType":"Outro"},"services":["Lavagem","Loja de Conveniência","Venda de carburante de qualidade superior","Venda de gás doméstico em garrafas","WC"],"hours":{"weekdays":"07:00-23:00","saturday":"07:00-23:00","sunday":"07:00-23:00","holiday":"07:00-23:00"},"paymentMethods":["Dinheiro"],"otherServices":null,"observations":null}},{"type":"Feature","geometry":{"type":"Point","coordinates":[-8.599467,41.101418]},"properties":{"id":"pt-66697","source":"PT","name":"AS GAIA A - Gespost - Gestão e Administração de Postos de Abastecimento Unipessoal LDA","brand":"REPSOL","address":"A1 ao Km 295 Sul/Norte ","municipality":"Vila Nova de Gaia","district":"Porto","postalCode":"4430-129","fuels":{"gasoline95":2.179,"gasoline95Plus":2.259,"gasoline98Plus":2.379,"diesel":2.194,"dieselPremium":2.279,"dieselAgri":1.749,"lpg":1.014},"lastUpdated":"2026-09-05 08:15","extra":{"stationType":"Auto-estrada"},"services":["Calibragem de pneus"],"hours":null,"paymentMethods":["Dinheiro"],"otherServices":null,"observations":null}},{"type":"Feature","geometry":{"type":"Point","coordinates":[-8.597706,41.101135]},"properties":{"id":"pt-66698","source":"PT","name":"A S GAIA B - Gespost - Gestão e Administração de Postos de Abastecimento Unipessoal LDA","brand":"REPSOL","address":"A1 ao Km 295 Sul/Norte ","municipality":"Vila Nova de Gaia","district":"Porto","postalCode":"4430-129","fuels":{"gasoline95":2.179,"gasoline95Plus":2.259,"gasoline98Plus":2.379,"diesel":2.194,"dieselPremium":2.279,"lpg":1.014},"lastUpdated":"2026-09-05 08:15","extra":{"stationType":"Auto-estrada"},"services":["Calibragem de pneus"],"hours":null,"paymentMethods":["Dinheiro"],"otherServices":null,"observations":null}},{"type":"Feature","geometry":{"type":"Point","coordinates":[-8.17954,41.23311]},"properties":{"id":"pt-66700","source":"PT","name":"AS PENAFIEL B - Gespost - Gestão e Administração de Postos de Abastecimento Unipessoal LDA","brand":"REPSOL","address":"A4 Sub Lanço Penafiel-Amarante Km 47.5  Castelões","municipality":"Penafiel","district":"Porto","postalCode":"4560-055","fuels":{"gasoline95":2.149,"gasoline95Plus":2.229,"gasoline98Plus":2.349,"diesel":2.159,"dieselPremium":2.244,"lpg":1.014},"lastUpdated":"2026-09-05 08:20","extra":{"stationType":"Auto-estrada"},"services":["Calibragem de pneus"],"hours":null,"paymentMethods":["Dinheiro"],"otherServices":null,"observations":null}},{"type":"Feature","geometry":{"type":"Point","coordinates":[-8.17894,41.23329]},"properties":{"id":"pt-66701","source":"PT","name":"AS PENAFIEL A - Gespost - Gestão e Administração de Postos de Abastecimento Unipessoal LDA","brand":"REPSOL","address":"A4 Sub Lanço Penafiel-Amarante Km 47.5  Castelões","municipality":"Penafiel","district":"Porto","postalCode":"4560-055","fuels":{"gasoline95":2.149,"gasoline95Plus":2.229,"gasoline98Plus":2.349,"diesel":2.159,"dieselPremium":2.244,"lpg":1.014},"lastUpdated":"2026-09-05 08:05","extra":{"stationType":"Auto-estrada"},"services":["Calibragem de pneus"],"hours":null,"paymentMethods":["Dinheiro"],"otherServices":null,"observations":null}},{"type":"Feature","geometry":{"type":"Point","coordinates":[-8.550333,41.173102]},"properties":{"id":"pt-66702","source":"PT","name":"E.S. RIO TINTO","brand":"REPSOL","address":"Rua Fernão de Magalhães nº 431","municipality":"Gondomar","district":"Porto","postalCode":"4435-431","fuels":{"gasoline95":2.064,"gasoline95Plus":2.124,"diesel":2.084,"dieselPremium":2.144},"lastUpdated":"2026-08-31 00:00","extra":{"stationType":"Outro"},"services":["Lavagem","Loja de Conveniência","Venda de gás doméstico em garrafas","WC"],"hours":{"weekdays":"07:00-23:00","saturday":"07:00-23:00","sunday":"07:00-23:00","holiday":"07:00-23:00"},"paymentMethods":["Dinheiro"],"otherServices":null,"observations":null}},{"type":"Feature","geometry":{"type":"Point","coordinates":[-8.6592,41.19213]},"properties":{"id":"pt-66704","source":"PT","name":"E.S. SRA DA HORA","brand":"REPSOL","address":"Gaveto da Rua da Lagoa C/ Rua Nª Srª de Fátima","municipality":"Matosinhos","district":"Porto","postalCode":"4460-000","fuels":{"gasoline95":2.074,"gasoline95Plus":2.144,"diesel":2.094,"dieselPremium":2.164},"lastUpdated":"2026-09-05 00:00","extra":{"stationType":"Outro"},"services":["Loja de Conveniência","Venda de carburante de qualidade superior","Venda de gás doméstico em garrafas","WC"],"hours":{"weekdays":"07:00-21:00","saturday":"07:00-21:00","sunday":"07:00-21:00","holiday":"07:00-21:00"},"paymentMethods":["Dinheiro"],"otherServices":null,"observations":null}},{"type":"Feature","geometry":{"type":"Point","coordinates":[-8.54902,41.1423]},"properties":{"id":"pt-66706","source":"PT","name":"E.S. GONDOMAR","brand":"REPSOL","address":"Rua Novais da Cunha nº 973","municipality":"Gondomar","district":"Porto","postalCode":"4420-000","fuels":{"gasoline95":2.074,"gasoline95Plus":2.144,"gasoline98Plus":2.274,"diesel":2.094,"dieselPremium":2.164},"lastUpdated":"2026-09-04 00:00","extra":{"stationType":"Outro"},"services":["Assistência auto","Venda de carburante de qualidade superior","Venda de gás doméstico em garrafas"],"hours":{"weekdays":"07:00-23:00","saturday":"07:00-23:00","sunday":"Fechado","holiday":"Fechado"},"paymentMethods":["Dinheiro"],"otherServices":null,"observations":null}},{"type":"Feature","geometry":{"type":"Point","coordinates":[-8.56734,41.32683]},"properties":{"id":"pt-66707","source":"PT","name":"E.S. TROFA","brand":"REPSOL","address":"RUA DAS INDUSTRIAS 655","municipality":"Trofa","district":"Porto","postalCode":"4785-624","fuels":{"gasoline95":2.064,"gasoline95Plus":2.124,"diesel":2.084,"dieselPremium":2.144,"lpg":0.944},"lastUpdated":"2026-08-31 20:30","extra":{"stationType":"Outro"},"services":["Lavagem","Loja de Conveniência","Venda de carburante de qualidade superior","Venda de gás doméstico em garrafas","Venda de gasóleo agrícola","WC"],"hours":{"weekdays":"07:00-23:00","saturday":"07:00-23:00","sunday":"07:00-23:00","holiday":"07:00-23:00"},"paymentMethods":["Dinheiro"],"otherServices":null,"observations":null}},{"type":"Feature","geometry":{"type":"Point","coordinates":[-8.628375,41.137317]},"properties":{"id":"pt-66708","source":"PT","name":"E.S. GAIA I","brand":"REPSOL","address":"V8","municipality":"Vila Nova de Gaia","district":"Porto","postalCode":"4400-663","fuels":{"gasoline95":2.064,"gasoline95Plus":2.124,"gasoline98Plus":2.254,"diesel":2.084,"dieselPremium":2.144,"lpg":0.944},"lastUpdated":"2026-08-31 00:00","extra":{"stationType":"Outro"},"services":["Lavagem","Loja de Conveniência","Venda de gás doméstico em garrafas","WC"],"hours":{"weekdays":"07:00-23:00","saturday":"07:00-23:00","sunday":"07:00-23:00","holiday":"07:00-23:00"},"paymentMethods":["Dinheiro"],"otherServices":null,"observations":null}},{"type":"Feature","geometry":{"type":"Point","coordinates":[-8.28377,41.27685]},"properties":{"id":"pt-66709","source":"PT","name":"E.S. LOUSADA","brand":"REPSOL","address":"Praça da República","municipality":"Lousada","district":"Porto","postalCode":"4620-000","fuels":{"gasoline95":2.074,"gasoline95Plus":2.134,"gasoline98Plus":2.274,"diesel":2.094,"dieselPremium":2.154},"lastUpdated":"2026-08-31 07:35","extra":{"stationType":"Outro"},"services":["Venda de carburante de qualidade superior"],"hours":{"weekdays":"07:00-23:00","saturday":"07:00-23:00","sunday":"07:00-23:00","holiday":"07:00-23:00"},"paymentMethods":["Dinheiro"],"otherServices":null,"observations":null}},{"type":"Feature","geometry":{"type":"Point","coordinates":[-8.629025,41.136772]},"properties":{"id":"pt-66710","source":"PT","name":"E.S. GAIA II","brand":"REPSOL","address":"V8","municipality":"Vila Nova de Gaia","district":"Porto","postalCode":"4400-663","fuels":{"gasoline95":2.064,"gasoline95Plus":2.124,"diesel":2.084,"dieselPremium":2.144},"lastUpdated":"2026-08-31 00:00","extra":{"stationType":"Outro"},"services":["Lavagem","Loja de Conveniência","Venda de gás doméstico em garrafas","WC"],"hours":{"weekdays":"06:00-22:00","saturday":"06:00-22:00","sunday":"06:00-22:00","holiday":"06:00-22:00"},"paymentMethods":["Dinheiro"],"otherServices":null,"observations":null}},{"type":"Feature","geometry":{"type":"Point","coordinates":[-8.65439,41.17358]},"properties":{"id":"pt-66712","source":"PT","name":"E.S. CONDE COVILHA","brand":"REPSOL","address":"Rua Conde da Covilhã nº 1256 - 1270","municipality":"Porto","district":"Porto","postalCode":"4100-187","fuels":{"gasoline95":2.074,"gasoline95Plus":2.144,"gasoline98Plus":2.274,"diesel":2.094,"dieselPremium":2.164},"lastUpdated":"2026-09-05 00:00","extra":{"stationType":"Outro"},"services":["Lavagem","Loja de Conveniência","Multibanco","Venda de carburante de qualidade superior","Venda de gás doméstico em garrafas","WC"],"hours":{"weekdays":"07:00-23:00","saturday":"07:00-23:00","sunday":"07:00-23:00","holiday":"07:00-23:00"},"paymentMethods":["Dinheiro"],"otherServices":null,"observations":null}},{"type":"Feature","geometry":{"type":"Point","coordinates":[-8.627181,41.12016]},"properties":{"id":"pt-66717","source":"PT","name":"ES MAKRO GAIA - Gespost - Gestão e Administração de Postos de Abastecimento Unipessoal LDA","brand":"REPSOL","address":"R Senhor de Matosinhos Nº  809   ","municipality":"Porto","district":"Porto","postalCode":"4400-303","fuels":{"gasoline95":2.074,"gasoline95Plus":2.144,"gasoline98Plus":2.274,"diesel":2.094,"dieselPremium":2.164},"lastUpdated":"2026-09-05 08:10","extra":{"stationType":"Outro"},"services":["Calibragem de pneus"],"hours":null,"paymentMethods":["Dinheiro"],"otherServices":null,"observations":null}},{"type":"Feature","geometry":{"type":"Point","coordinates":[-8.482578,41.339967]},"properties":{"id":"pt-66718","source":"PT","name":"E.S. STO TIRSO","brand":"REPSOL","address":"Rua da Misericórdia","municipality":"Santo Tirso","district":"Porto","postalCode":"4780-000","fuels":{"gasoline95":2.064,"gasoline95Plus":2.124,"gasoline98Plus":2.254,"diesel":2.084,"dieselPremium":2.144},"lastUpdated":"2026-08-31 00:00","extra":{"stationType":"Outro"},"services":["Lavagem","Loja de Conveniência","Venda de gás doméstico em garrafas","WC"],"hours":{"weekdays":"07:00-23:00","saturday":"07:00-23:00","sunday":"07:00-23:00","holiday":"07:00-23:00"},"paymentMethods":["Dinheiro"],"otherServices":null,"observations":null}},{"type":"Feature","geometry":{"type":"Point","coordinates":[-8.40306,41.35747]},"properties":{"id":"pt-66719","source":"PT","name":"PRIO Vila das Aves","brand":"PRIO","address":"Av. Indústria Têxtil, 154","municipality":"Santo Tirso","district":"Porto","postalCode":"4795-548","fuels":{"gasoline95":2.054,"gasoline95Plus":1.934,"dieselPremium":2.004,"bioDiesel":1.974},"lastUpdated":"2026-09-05 00:30","extra":{"stationType":"Outro"},"services":["Cafetaria","Lavagem","Loja de Conveniência","Venda de carburante de qualidade superior","WC","WC para deficientes"],"hours":{"weekdays":"06:00-22:00","saturday":"06:00-22:00","sunday":"06:00-22:00","holiday":"06:00-22:00"},"paymentMethods":["Dinheiro","MbWay","Multibanco","Outros"],"otherServices":null,"observations":null}},{"type":"Feature","geometry":{"type":"Point","coordinates":[-8.27085,41.203603]},"properties":{"id":"pt-66720","source":"PT","name":"E.S. PENAFIEL CIRCULAR","brand":"REPSOL","address":"Bouça Grande","municipality":"Penafiel","district":"Porto","postalCode":"4560-232","fuels":{"gasoline95":2.074,"gasoline95Plus":2.124,"gasoline98Plus":2.254,"diesel":2.094,"dieselPremium":2.144,"lpg":0.964},"lastUpdated":"2026-08-31 00:00","extra":{"stationType":"Outro"},"services":["Lavagem","Loja de Conveniência","Venda de carburante de qualidade superior","Venda de gás doméstico em garrafas","WC"],"hours":{"weekdays":"06:00-22:00","saturday":"06:00-22:00","sunday":"06:00-22:00","holiday":"06:00-22:00"},"paymentMethods":["Dinheiro"],"otherServices":null,"observations":null}},{"type":"Feature","geometry":{"type":"Point","coordinates":[-8.619036,41.085587]},"properties":{"id":"pt-66721","source":"PT","name":"Gespost - Gestão e Administração de Postos de Abastecimento Unipessoal LDA AS VILAR PARAISO A N/S","brand":"REPSOL","address":"A 29 Sublanço IC 1/IP 1 km 0,6","municipality":"Vila Nova de Gaia","district":"Porto","postalCode":"4405-906","fuels":{"gasoline95":2.094,"gasoline95Plus":2.174,"diesel":2.114,"dieselPremium":2.199},"lastUpdated":"2026-09-05 08:20","extra":{"stationType":"Auto-estrada"},"services":["Calibragem de pneus"],"hours":null,"paymentMethods":["Dinheiro"],"otherServices":null,"observations":null}},{"type":"Feature","geometry":{"type":"Point","coordinates":[-8.52393,41.1291]},"properties":{"id":"pt-66722","source":"PT","name":"E.S. GONDOMAR - S. COSME","brand":"REPSOL","address":"Rua Dom João de França nº 9","municipality":"Gondomar","district":"Porto","postalCode":"4420-110","fuels":{"gasoline95":2.064,"gasoline95Plus":2.124,"diesel":2.084,"dieselPremium":2.144,"dieselAgri":1.699},"lastUpdated":"2026-08-31 00:00","extra":{"stationType":"Outro"},"services":["Loja de Conveniência","Venda de carburante de qualidade superior","Venda de gasóleo agrícola","WC"],"hours":{"weekdays":"07:00-22:00","saturday":"07:00-22:00","sunday":"07:00-22:00","holiday":"07:00-22:00"},"paymentMethods":["Dinheiro"],"otherServices":null,"observations":null}},{"type":"Feature","geometry":{"type":"Point","coordinates":[-8.618611,41.084213]},"properties":{"id":"pt-66724","source":"PT","name":"Gespost - Gestão e Administração de Postos de Abastecimento Unipessoal LDA - ES Vilar do Paraíso B  S/N - A.S.","brand":"REPSOL","address":"A 29 Sublanço IC1/IP1 km 0,6","municipality":"Vila Nova de Gaia","district":"Porto","postalCode":"4405-906","fuels":{"gasoline95":2.094,"gasoline95Plus":2.174,"diesel":2.114,"dieselPremium":2.199},"lastUpdated":"2026-09-05 08:15","extra":{"stationType":"Auto-estrada"},"services":["Calibragem de pneus"],"hours":null,"paymentMethods":["Dinheiro"],"otherServices":null,"observations":null}},{"type":"Feature","geometry":{"type":"Point","coordinates":[-8.75044722222222,41.3607861111111]},"properties":{"id":"pt-66725","source":"PT","name":"PRIO Caxinas","brand":"PRIO","address":"Rua Agra Longa, nº 253","municipality":"Vila do Conde","district":"Porto","postalCode":"4480-744","fuels":{"gasoline95":2.054,"gasoline95Plus":1.959,"dieselPremium":1.994,"bioDiesel":1.964},"lastUpdated":"2026-09-05 00:30","extra":{"stationType":"Outro"},"services":["Cafetaria","Calibragem de pneus","Loja de Conveniência","Venda de carburante de qualidade superior","Venda de gás doméstico em garrafas","WC"],"hours":{"weekdays":"07:00-23:00","saturday":"07:00-23:00","sunday":"07:00-23:00","holiday":"07:00-23:00"},"paymentMethods":["Dinheiro","MbWay","Multibanco","Outros"],"otherServices":null,"observations":null}},{"type":"Feature","geometry":{"type":"Point","coordinates":[-8.6202,41.16625]},"properties":{"id":"pt-66726","source":"PT","name":"Rede Energia - Porto ","brand":"REDE ENERGIA","address":"Rua Serpa Pinto nº 616","municipality":"Porto","district":"Porto","postalCode":"4250-465","fuels":{"gasoline95":1.94,"diesel":1.966,"dieselPremium":2.016},"lastUpdated":"2026-08-31 11:55","extra":{"stationType":"Outro"},"services":["Venda de carburante de qualidade superior","Venda de gás doméstico em garrafas","WC"],"hours":{"weekdays":"07:00-23:00","saturday":"07:00-23:00","sunday":"07:00-23:00","holiday":"07:00-23:00"},"paymentMethods":["Dinheiro","Multibanco"],"otherServices":null,"observations":null}},{"type":"Feature","geometry":{"type":"Point","coordinates":[-8.62815,41.047962]},"properties":{"id":"pt-66728","source":"PT","name":"ES ARCOZELO","brand":"REPSOL","address":"Rua do Corvo - 719","municipality":"Vila Nova de Gaia","district":"Porto","postalCode":"4410-439","fuels":{"gasoline95":2.064,"gasoline95Plus":2.124,"diesel":2.084,"dieselPremium":2.144},"lastUpdated":"2026-09-05 08:20","extra":{"stationType":"Outro"},"services":["Calibragem de pneus"],"hours":null,"paymentMethods":["Dinheiro"],"otherServices":null,"observations":null}},{"type":"Feature","geometry":{"type":"Point","coordinates":[-8.568678,41.18037]},"properties":{"id":"pt-66729","source":"PT","name":"REPSOL Rio Tinto II","brand":"REPSOL","address":"Rua de Rebordões n.º 297","municipality":"Gondomar","district":"Porto","postalCode":"4435-416","fuels":{"gasoline95":2.064,"gasoline95Plus":2.124,"gasoline98Plus":2.254,"diesel":2.084,"dieselPremium":2.144,"lpg":0.964},"lastUpdated":"2026-09-05 08:10","extra":{"stationType":"Outro"},"services":["Calibragem de pneus"],"hours":null,"paymentMethods":["Dinheiro"],"otherServices":null,"observations":null}},{"type":"Feature","geometry":{"type":"Point","coordinates":[-8.61447,41.1145]},"properties":{"id":"pt-66730","source":"PT","name":"E.S. GAIA - INF. D. HENRIQUE","brand":"REPSOL","address":"Av. Infante D. Henrique nº 955","municipality":"Vila Nova de Gaia","district":"Porto","postalCode":"4400-000","fuels":{"gasoline95":2.074,"gasoline95Plus":2.144,"diesel":2.094,"dieselPremium":2.164},"lastUpdated":"2026-09-05 00:00","extra":{"stationType":"Outro"},"services":["Lavagem","Venda de carburante de qualidade superior","Venda de gás doméstico em garrafas"],"hours":{"weekdays":"07:00-23:00","saturday":"07:00-23:00","sunday":"07:00-23:00","holiday":"07:00-23:00"},"paymentMethods":["Dinheiro"],"otherServices":null,"observations":null}},{"type":"Feature","geometry":{"type":"Point","coordinates":[-8.306453,41.23925]},"properties":{"id":"pt-66731","source":"PT","name":"E.S. SEQUEIROS","brand":"REPSOL","address":"AVENIDA DE SEQUEIROS, 940","municipality":"Lousada","district":"Porto","postalCode":"4620-226","fuels":{"gasoline95":2.054,"gasoline95Plus":2.124,"gasoline98Plus":2.254,"diesel":2.074,"dieselPremium":2.144,"dieselAgri":1.689,"lpg":0.944},"lastUpdated":"2026-08-31 07:30","extra":{"stationType":"Outro"},"services":["Cafetaria","Loja de Conveniência","Venda de carburante de qualidade superior","Venda de gás doméstico em garrafas","Venda de gasóleo agrícola","WC"],"hours":{"weekdays":"07:00-23:00","saturday":"07:00-23:00","sunday":"07:00-23:00","holiday":"07:00-23:00"},"paymentMethods":["Dinheiro"],"otherServices":null,"observations":null}},{"type":"Feature","geometry":{"type":"Point","coordinates":[-8.55696,41.34235]},"properties":{"id":"pt-66733","source":"PT","name":"E.S. TROFA II","brand":"REPSOL","address":"Rua D. Pedro V","municipality":"Trofa","district":"Porto","postalCode":"4785-000","fuels":{"gasoline95":2.064,"gasoline95Plus":2.124,"gasoline98Plus":2.254,"diesel":2.084,"dieselPremium":2.144},"lastUpdated":"2026-08-31 20:30","extra":{"stationType":"Outro"},"services":["Venda de carburante de qualidade superior","Venda de gás doméstico em garrafas","WC"],"hours":{"weekdays":"07:00-23:00","saturday":"07:00-23:00","sunday":"07:00-23:00","holiday":"07:00-23:00"},"paymentMethods":["Dinheiro"],"otherServices":null,"observations":null}},{"type":"Feature","geometry":{"type":"Point","coordinates":[-8.48685555555556,41.1857638888889]},"properties":{"id":"pt-66734","source":"PT","name":"E.S. VALONGO","brand":"REPSOL","address":"Rua Fonsecas Dias nº 291","municipality":"Valongo","district":"Porto","postalCode":"4440-000","fuels":{"gasoline95":2.054,"gasoline95Plus":2.114,"gasoline98Plus":2.234,"diesel":2.074,"dieselPremium":2.134,"lpg":0.964},"lastUpdated":"2026-08-31 09:25","extra":{"stationType":"Outro"},"services":["Loja de Conveniência","Venda de carburante de qualidade superior","Venda de gás doméstico em garrafas","Venda de gasóleo agrícola"],"hours":{"weekdays":"06:00-00:00","saturday":"06:00-00:00","sunday":"06:00-00:00","holiday":"06:00-00:00"},"paymentMethods":["Dinheiro"],"otherServices":null,"observations":null}},{"type":"Feature","geometry":{"type":"Point","coordinates":[-8.0552,41.12439]},"properties":{"id":"pt-66735","source":"PT","name":"E.S. EIRIZ","brand":"REPSOL","address":"Eiriz","municipality":"Baião","district":"Porto","postalCode":"4640-000","fuels":{"gasoline95":2.114,"gasoline95Plus":2.184,"gasoline98Plus":2.314,"diesel":2.134,"dieselPremium":2.204,"dieselAgri":1.749},"lastUpdated":"2026-09-03 00:50","extra":{"stationType":"Outro"},"services":["Cafetaria","Venda de carburante de qualidade superior","Venda de gás doméstico em garrafas","Venda de gasóleo agrícola","WC"],"hours":{"weekdays":"06:30-23:30","saturday":"06:30-23:30","sunday":"06:30-23:30","holiday":"06:30-23:30"},"paymentMethods":["Dinheiro"],"otherServices":null,"observations":null}},{"type":"Feature","geometry":{"type":"Point","coordinates":[-8.29381,41.13445]},"properties":{"id":"pt-66736","source":"PT","name":"E.S. CABECA SANTA","brand":"REPSOL","address":"AV CABECA SANTA 449","municipality":"Penafiel","district":"Porto","postalCode":"4575-122","fuels":{"gasoline95":2.084,"gasoline98Plus":2.254,"diesel":2.104,"dieselPremium":2.144,"dieselAgri":1.709},"lastUpdated":"2026-08-31 11:55","extra":{"stationType":"Outro"},"services":["Venda de carburante de qualidade superior","Venda de gás doméstico em garrafas","Venda de gasóleo agrícola"],"hours":{"weekdays":"06:00-22:00","saturday":"06:00-22:00","sunday":"06:00-22:00","holiday":"06:00-22:00"},"paymentMethods":["Dinheiro"],"otherServices":null,"observations":null}},{"type":"Feature","geometry":{"type":"Point","coordinates":[-8.349902,41.172362]},"properties":{"id":"pt-66737","source":"PT","name":"E.S. CETE - PAREDES","brand":"REPSOL","address":"AV PONTE DE AREIAS","municipality":"Paredes","district":"Porto","postalCode":"4580-311","fuels":{"gasoline95":2.074,"gasoline95Plus":2.134,"gasoline98Plus":2.264,"diesel":2.094,"dieselPremium":2.154,"dieselAgri":1.699},"lastUpdated":"2026-08-31 11:55","extra":{"stationType":"Outro"},"services":["Venda de carburante de qualidade superior","Venda de gás doméstico em garrafas","Venda de gasóleo agrícola"],"hours":{"weekdays":"06:00-22:00","saturday":"06:00-22:00","sunday":"06:00-22:00","holiday":"06:00-22:00"},"paymentMethods":["Dinheiro"],"otherServices":null,"observations":null}},{"type":"Feature","geometry":{"type":"Point","coordinates":[-8.45808,41.0736]},"properties":{"id":"pt-66738","source":"PT","name":"E.S. BROALHOS","brand":"REPSOL","address":"Av. Central Broalhos nº 429","municipality":"Gondomar","district":"Porto","postalCode":"4420-000","fuels":{"gasoline95":2.074,"gasoline95Plus":2.144,"gasoline98Plus":2.274,"diesel":2.094,"dieselPremium":2.164,"dieselAgri":1.689},"lastUpdated":"2026-09-05 00:00","extra":{"stationType":"Outro"},"services":["Loja de Conveniência","Venda de carburante de qualidade superior","Venda de gás doméstico em garrafas","Venda de gasóleo agrícola","WC"],"hours":{"weekdays":"06:30-22:00","saturday":"06:30-22:00","sunday":"06:30-22:00","holiday":"06:30-22:00"},"paymentMethods":["Dinheiro"],"otherServices":null,"observations":null}},{"type":"Feature","geometry":{"type":"Point","coordinates":[-8.29227,41.10232]},"properties":{"id":"pt-66739","source":"PT","name":"E.S. ENTRE-OS-RIOS","brand":"REPSOL","address":"Lugar da Torre","municipality":"Penafiel","district":"Porto","postalCode":"4575-000","fuels":{"gasoline95":2.084,"gasoline98Plus":2.254,"diesel":2.104,"dieselPremium":2.144},"lastUpdated":"2026-08-31 09:25","extra":{"stationType":"Outro"},"services":["Cafetaria","Lavagem","Loja de Conveniência","Venda de carburante de qualidade superior","Venda de gás doméstico em garrafas","Venda de gasóleo agrícola","WC"],"hours":{"weekdays":"07:00-22:00","saturday":"07:00-22:00","sunday":"07:00-22:00","holiday":"07:00-22:00"},"paymentMethods":["Dinheiro"],"otherServices":null,"observations":null}},{"type":"Feature","geometry":{"type":"Point","coordinates":[-8.6488,41.24843]},"properties":{"id":"pt-66740","source":"PT","name":"E.S. MOREIRA DA MAIA","brand":"REPSOL","address":"EN 13 Km 8,4","municipality":"Maia","district":"Porto","postalCode":"4470-000","fuels":{"gasoline95":2.084,"gasoline95Plus":2.154,"gasoline98Plus":2.284,"diesel":2.104,"dieselPremium":2.174},"lastUpdated":"2026-09-05 00:00","extra":{"stationType":"Outro"},"services":["Lavagem","Loja de Conveniência","Multibanco","Venda de carburante de qualidade superior","Venda de gás doméstico em garrafas","WC"],"hours":{"weekdays":"06:00-00:00","saturday":"06:00-00:00","sunday":"06:00-00:00","holiday":"06:00-00:00"},"paymentMethods":["Dinheiro"],"otherServices":null,"observations":null}},{"type":"Feature","geometry":{"type":"Point","coordinates":[-8.587048,41.188696]},"properties":{"id":"pt-66848","source":"PT","name":"PRIO Maia - Pedrouços","brand":"PRIO","address":"Travessa Nova da Giesta nº 541","municipality":"Maia","district":"Porto","postalCode":"4470-672","fuels":{"gasoline95":2.054,"gasoline95Plus":2.004,"dieselPremium":2.029,"bioDiesel":1.999},"lastUpdated":"2026-09-05 00:30","extra":{"stationType":"Outro"},"services":["Cafetaria","Calibragem de pneus","Lavagem","Loja de Conveniência","WC"],"hours":{"weekdays":"07:00-23:00","saturday":"07:00-23:00","sunday":"07:00-23:00","holiday":"07:00-23:00"},"paymentMethods":["Dinheiro","MbWay","Multibanco","Outros"],"otherServices":null,"observations":null}},{"type":"Feature","geometry":{"type":"Point","coordinates":[-8.39763,41.26882]},"properties":{"id":"pt-66850","source":"PT","name":"PRIO Frazão - Paços de Ferreira","brand":"PRIO","address":"Rua Recta do Gomil nº 1537","municipality":"Paços de Ferreira","district":"Porto","postalCode":"4595-144","fuels":{"gasoline95":2.054,"gasoline95Plus":1.969,"dieselPremium":2.004,"bioDiesel":1.974},"lastUpdated":"2026-09-05 00:30","extra":{"stationType":"Outro"},"services":["Cafetaria","Calibragem de pneus","Lavagem","Loja de Conveniência","Venda de carburante de qualidade superior","Venda de gás doméstico em garrafas","WC"],"hours":{"weekdays":"07:00-23:00","saturday":"07:00-23:00","sunday":"07:00-23:00","holiday":"07:00-23:00"},"paymentMethods":["Dinheiro","MbWay","Multibanco","Outros"],"otherServices":null,"observations":null}},{"type":"Feature","geometry":{"type":"Point","coordinates":[-8.306485,41.193211]},"properties":{"id":"pt-66863","source":"PT","name":"PD PENAFIEL","brand":"PINGO DOCE","address":"QUINTA DA LAGARTEIRA EN 593","municipality":"Penafiel","district":"Porto","postalCode":"4560-146","fuels":{"gasoline95":1.993,"gasoline98Plus":2.329,"diesel":1.984,"dieselPremium":2.279},"lastUpdated":"2026-09-01 00:00","extra":{"stationType":"Outro"},"services":[],"hours":{"weekdays":"Aberto 24 horas","saturday":"Aberto 24 horas","sunday":"Aberto 24 horas","holiday":"Aberto 24 horas"},"paymentMethods":["Dinheiro"],"otherServices":null,"observations":null}},{"type":"Feature","geometry":{"type":"Point","coordinates":[-8.66212,41.3002]},"properties":{"id":"pt-66901","source":"PT","name":"BP MALTA","brand":"BP","address":"Largo de Santa Apolónia","municipality":"Vila do Conde","district":"Porto","postalCode":"4485-432","fuels":{"gasoline95":2.114,"gasoline98Plus":2.334,"diesel":2.134,"dieselPremium":2.284},"lastUpdated":"2026-09-01 00:05","extra":{"stationType":"Outro"},"services":["Loja de Conveniência"],"hours":{"weekdays":"06:00-22:00","saturday":"06:00-22:00","sunday":"06:00-22:00","holiday":"06:00-22:00"},"paymentMethods":["Dinheiro"],"otherServices":null,"observations":"Venda de Gelo"}},{"type":"Feature","geometry":{"type":"Point","coordinates":[-8.702943,41.222584]},"properties":{"id":"pt-66980","source":"PT","name":"BP Perafita","brand":"BP","address":"Rua Armando Vaz","municipality":"Matosinhos","district":"Porto","postalCode":"4455-421","fuels":{"gasoline95":2.144,"gasoline98Plus":2.334,"diesel":2.164,"dieselPremium":2.284},"lastUpdated":"2026-09-01 09:25","extra":{"stationType":"Outro"},"services":["Cafetaria","Lavagem","Loja de Conveniência","Venda de gás doméstico em garrafas","WC"],"hours":{"weekdays":"07:00-23:00","saturday":"07:00-23:00","sunday":"07:00-23:00","holiday":"07:00-23:00"},"paymentMethods":["Dinheiro","MbWay","Multibanco"],"otherServices":null,"observations":null}},{"type":"Feature","geometry":{"type":"Point","coordinates":[-8.6707,41.15317]},"properties":{"id":"pt-66984","source":"PT","name":"GALP A.S. Universidade Católica Porto","brand":"GALP","address":"Rua Diogo Botelho, 2049","municipality":"Porto","district":"Porto","postalCode":"4150-268","fuels":{"gasoline95":2.109,"gasoline95Plus":2.169,"gasoline98Plus":2.339,"diesel":2.127,"dieselPremium":2.187},"lastUpdated":"2026-09-05 04:20","extra":{"stationType":"Outro"},"services":["Cafetaria","Lavagem","Loja de Conveniência","Multibanco","Venda de carburante de qualidade superior","Venda de gás doméstico em garrafas","WC"],"hours":{"weekdays":"Aberto 24 horas","saturday":"Aberto 24 horas","sunday":"Aberto 24 horas","holiday":"Aberto 24 horas"},"paymentMethods":["Dinheiro","MbWay","Multibanco","Outros"],"otherServices":null,"observations":null}},{"type":"Feature","geometry":{"type":"Point","coordinates":[-8.57622,41.19626]},"properties":{"id":"pt-67042","source":"PT","name":"Teixeira & Martins, Automóveis, Lda.","brand":"GALP","address":"Rua D. Afonso Henriques (Km 1,8)","municipality":"Gondomar","district":"Porto","postalCode":"4435-000","fuels":{"gasoline95":2.064,"gasoline95Plus":2.114,"gasoline98Plus":2.294,"diesel":2.084,"dieselPremium":2.134},"lastUpdated":"2026-09-03 10:05","extra":{"stationType":"Outro"},"services":["Cafetaria","Lavagem","Loja de Conveniência","Venda de gás doméstico em garrafas","WC"],"hours":{"weekdays":"07:00-00:00","saturday":"07:00-00:00","sunday":"07:00-00:00","holiday":"07:00-00:00"},"paymentMethods":["Dinheiro"],"otherServices":null,"observations":null}},{"type":"Feature","geometry":{"type":"Point","coordinates":[-8.68926,41.17951]},"properties":{"id":"pt-67045","source":"PT","name":"Teixeira & Martins, Automóveis, Lda.","brand":"GALP","address":"Rua Brito Capelo nº 951","municipality":"Matosinhos","district":"Porto","postalCode":"4450-077","fuels":{"gasoline95":2.104,"gasoline95Plus":2.159,"gasoline98Plus":2.334,"diesel":2.127,"dieselPremium":2.182},"lastUpdated":"2026-09-02 11:00","extra":{"stationType":"Outro"},"services":["Cafetaria","Lavagem","Loja de Conveniência","Venda de gás doméstico em garrafas","WC"],"hours":{"weekdays":"07:00-00:00","saturday":"07:00-00:00","sunday":"07:00-00:00","holiday":"07:00-00:00"},"paymentMethods":["Dinheiro"],"otherServices":null,"observations":null}},{"type":"Feature","geometry":{"type":"Point","coordinates":[-8.647778,41.182222]},"properties":{"id":"pt-67046","source":"PT","name":"GALP Senhora da Hora","brand":"GALP","address":"E.N. 12 – Estrada da Circunvalação – nº 12040","municipality":"Matosinhos","district":"Porto","postalCode":"4460-282","fuels":{"gasoline95":2.094,"gasoline95Plus":2.144,"diesel":2.114,"dieselPremium":2.164,"lpg":0.944},"lastUpdated":"2026-09-05 04:25","extra":{"stationType":"Outro"},"services":["Cafetaria","Multibanco","Venda de gás doméstico em garrafas"],"hours":{"weekdays":"Aberto 24 horas","saturday":"Aberto 24 horas","sunday":"Aberto 24 horas","holiday":"Aberto 24 horas"},"paymentMethods":["Dinheiro","MbWay","Multibanco","Outros"],"otherServices":null,"observations":null}},{"type":"Feature","geometry":{"type":"Point","coordinates":[-8.58885,41.16499]},"properties":{"id":"pt-67057","source":"PT","name":"TFGEST ESTÁDIO","brand":"GALP","address":"Av. Fernão de Magalhães nº 1854 / 74","municipality":"Porto","district":"Porto","postalCode":"4350-158","fuels":{"gasoline95":2.104,"gasoline95Plus":2.154,"gasoline98Plus":2.334,"diesel":2.117,"dieselPremium":2.167},"lastUpdated":"2026-09-02 11:00","extra":{"stationType":"Outro"},"services":["Lavagem","Loja de Conveniência","Venda de gás doméstico em garrafas","WC"],"hours":{"weekdays":"07:00-00:00","saturday":"07:00-00:00","sunday":"07:00-00:00","holiday":"07:00-00:00"},"paymentMethods":["Dinheiro"],"otherServices":null,"observations":null}},{"type":"Feature","geometry":{"type":"Point","coordinates":[-8.51689,41.1943]},"properties":{"id":"pt-67064","source":"PT","name":"GALP Alto de Valongo","brand":"GALP","address":"Av. das Descobertas nº 34","municipality":"Valongo","district":"Porto","postalCode":"4440-575","fuels":{"gasoline95":2.064,"gasoline95Plus":2.114,"diesel":2.077,"dieselPremium":2.127},"lastUpdated":"2026-09-05 04:25","extra":{"stationType":"Outro"},"services":["Cafetaria","Lavagem","Loja de Conveniência","Venda de gás doméstico em garrafas","WC","WC com fraldário","WC para deficientes"],"hours":{"weekdays":"Aberto 24 horas","saturday":"Aberto 24 horas","sunday":"Aberto 24 horas","holiday":"Aberto 24 horas"},"paymentMethods":["Dinheiro","MbWay","Multibanco","Outros"],"otherServices":null,"observations":null}},{"type":"Feature","geometry":{"type":"Point","coordinates":[-8.63289,41.1403]},"properties":{"id":"pt-67074","source":"PT","name":"GALP Vila Nova de Gaia (Norte)","brand":"GALP","address":"Via 8 - Santa Marinha (Lado rio)","municipality":"Vila Nova de Gaia","district":"Porto","postalCode":"4400-698","fuels":{"gasoline95":2.064,"gasoline95Plus":2.114,"diesel":2.084,"dieselPremium":2.134,"lpg":0.944},"lastUpdated":"2026-09-05 04:20","extra":{"stationType":"Outro"},"services":["Cafetaria","Loja de Conveniência","Multibanco","Venda de carburante de qualidade superior","Venda de gás doméstico em garrafas","WC","WC com fraldário","WC para deficientes"],"hours":{"weekdays":"07:00-00:00","saturday":"07:00-00:00","sunday":"07:00-00:00","holiday":"07:00-00:00"},"paymentMethods":["Dinheiro","MbWay","Multibanco"],"otherServices":null,"observations":null}},{"type":"Feature","geometry":{"type":"Point","coordinates":[-8.634051,41.140343]},"properties":{"id":"pt-67075","source":"PT","name":"GALP A.S. Vila Nova de Gaia (Sul)","brand":"GALP","address":"VIA 8 - Santa Marinha (lado shopping)","municipality":"Vila Nova de Gaia","district":"Porto","postalCode":"4400-698","fuels":{"gasoline95":2.064,"gasoline95Plus":2.114,"diesel":2.084,"dieselPremium":2.134},"lastUpdated":"2026-09-05 04:20","extra":{"stationType":"Outro"},"services":["Cafetaria","Lavagem","Loja de Conveniência","Venda de carburante de qualidade superior","Venda de gás doméstico em garrafas","WC","WC com fraldário","WC para deficientes"],"hours":{"weekdays":"07:00-00:00","saturday":"07:00-00:00","sunday":"07:00-00:00","holiday":"07:00-00:00"},"paymentMethods":["Dinheiro","MbWay","Multibanco"],"otherServices":null,"observations":null}},{"type":"Feature","geometry":{"type":"Point","coordinates":[-8.284757,41.21537]},"properties":{"id":"pt-67139","source":"PT","name":"PA INTERMARCHÉ PENAFIEL","brand":"INTERMARCHÉ","address":"Quinta do Sardoal","municipality":"Penafiel","district":"Porto","postalCode":"4560-907","fuels":{"gasoline95":1.999,"gasoline95Plus":1.999,"diesel":1.999,"dieselPremium":1.999},"lastUpdated":"2026-09-01 00:00","extra":{"stationType":"Outro"},"services":["Multibanco","Venda de gás doméstico em garrafas"],"hours":{"weekdays":"Aberto 24 horas","saturday":"Aberto 24 horas","sunday":"Aberto 24 horas","holiday":"Aberto 24 horas"},"paymentMethods":["Dinheiro","MbWay","Multibanco"],"otherServices":null,"observations":null}},{"type":"Feature","geometry":{"type":"Point","coordinates":[-8.346521,41.200523]},"properties":{"id":"pt-67140","source":"PT","name":"Intermarché  Paredes","brand":"INTERMARCHÉ","address":"Quinta da Quebrada- mouriz","municipality":"Paredes","district":"Porto","postalCode":"4580-590","fuels":{"gasoline95":1.999,"gasoline95Plus":1.999,"diesel":1.999,"dieselPremium":1.999},"lastUpdated":"2026-09-01 00:00","extra":{"stationType":"Outro"},"services":["Multibanco"],"hours":{"weekdays":"Aberto 24 horas","saturday":"Aberto 24 horas","sunday":"Aberto 24 horas","holiday":"Aberto 24 horas"},"paymentMethods":["Dinheiro","MbWay","Multibanco"],"otherServices":null,"observations":null}},{"type":"Feature","geometry":{"type":"Point","coordinates":[-8.15165,41.17485]},"properties":{"id":"pt-67228","source":"PT","name":"Intermarché de Marco de Canaveses","brand":"INTERMARCHÉ","address":"Rua Maria Gil -  Zona Industrial","municipality":"Marco de Canaveses","district":"Porto","postalCode":"4634-909","fuels":{"gasoline95":1.959,"gasoline98":2.189,"diesel":1.899,"dieselPremium":1.929},"lastUpdated":"2026-08-31 12:45","extra":{"stationType":"Outro"},"services":[],"hours":{"weekdays":"Aberto 24 horas","saturday":"Aberto 24 horas","sunday":"Aberto 24 horas","holiday":"Aberto 24 horas"},"paymentMethods":["Dinheiro"],"otherServices":null,"observations":"SUPERMERCADO E GALERIA COMERCIAL"}},{"type":"Feature","geometry":{"type":"Point","coordinates":[-8.517333,41.053402]},"properties":{"id":"pt-67250","source":"PT","name":"ALVES BANDEIRA Olival","brand":"ALVES BANDEIRA","address":"Rua Central do Olival, nº 4162","municipality":"Vila Nova de Gaia","district":"Porto","postalCode":"4415-727","fuels":{"gasoline95":2.094,"gasoline98":2.264,"diesel":2.099,"dieselHeating":2.119},"lastUpdated":"2026-08-31 11:25","extra":{"stationType":"Outro"},"services":["Cafetaria","Loja de Conveniência","Multibanco","Venda de gás doméstico em garrafas","Venda de gasóleo para aquecimento","WC"],"hours":{"weekdays":"07:00-22:00","saturday":"07:00-22:00","sunday":"07:00-22:00","holiday":"07:00-22:00"},"paymentMethods":["Dinheiro","MbWay","Multibanco","Outros"],"otherServices":null,"observations":null}},{"type":"Feature","geometry":{"type":"Point","coordinates":[-8.567009,41.172474]},"properties":{"id":"pt-67262","source":"PT","name":"AUCHAN Gondomar I","brand":"AUCHAN","address":"Rua Exterior Circunvalação, 1730","municipality":"Gondomar","district":"Porto","postalCode":"4435-462","fuels":{"gasoline95":1.969,"diesel":1.989},"lastUpdated":"2026-09-02 09:05","extra":{"stationType":"Outro"},"services":["Calibragem de pneus"],"hours":{"weekdays":"Aberto 24 horas","saturday":"Aberto 24 horas","sunday":"Aberto 24 horas","holiday":"Aberto 24 horas"},"paymentMethods":["Dinheiro"],"otherServices":null,"observations":null}},{"type":"Feature","geometry":{"type":"Point","coordinates":[-8.60783,41.27544]},"properties":{"id":"pt-67283","source":"PT","name":"PETRO DAC","brand":"BP","address":"EN 14 - KM 10,8","municipality":"Maia","district":"Porto","postalCode":"4475-000","fuels":{"gasoline95":2.104,"gasoline98Plus":2.334,"diesel":2.124,"dieselPremium":2.284},"lastUpdated":"2026-09-01 01:55","extra":{"stationType":"Outro"},"services":["Lavagem","Loja de Conveniência","Multibanco","Venda de carburante de qualidade superior","Venda de gás doméstico em garrafas","WC para deficientes"],"hours":{"weekdays":"Aberto 24 horas","saturday":"Aberto 24 horas","sunday":"Aberto 24 horas","holiday":"Aberto 24 horas"},"paymentMethods":["Dinheiro","MbWay","Multibanco"],"otherServices":null,"observations":"- loja\r\n-l"}},{"type":"Feature","geometry":{"type":"Point","coordinates":[-8.07563,41.27395]},"properties":{"id":"pt-67288","source":"PT","name":"INTERMARCHÉ DE AMARANTE","brand":"INTERMARCHÉ","address":"Rua do Bombeiro Macieira","municipality":"Amarante","district":"Porto","postalCode":"4600-021","fuels":{"gasoline95":1.999,"gasoline95Plus":2.049,"diesel":1.969,"dieselPremium":2.026},"lastUpdated":"2026-09-01 08:00","extra":{"stationType":"Outro"},"services":["Venda de gás doméstico em garrafas"],"hours":{"weekdays":"Aberto 24 horas","saturday":"Aberto 24 horas","sunday":"Aberto 24 horas","holiday":"Aberto 24 horas"},"paymentMethods":["Dinheiro","Multibanco"],"otherServices":null,"observations":null}},{"type":"Feature","geometry":{"type":"Point","coordinates":[-8.57551,41.162495]},"properties":{"id":"pt-67347","source":"PT","name":"AUCHAN Gondomar II - Campanhã","brand":"AUCHAN","address":"Alameda de Cartes nº 429/485 (Mercado Abastecedor)","municipality":"Porto","district":"Porto","postalCode":"4300-008","fuels":{"gasoline95":1.969,"diesel":1.989,"dieselPremium":2.019},"lastUpdated":"2026-09-02 09:05","extra":{"stationType":"Outro"},"services":["Calibragem de pneus"],"hours":{"weekdays":"Aberto 24 horas","saturday":"Aberto 24 horas","sunday":"Aberto 24 horas","holiday":"Aberto 24 horas"},"paymentMethods":["Dinheiro"],"otherServices":null,"observations":null}},{"type":"Feature","geometry":{"type":"Point","coordinates":[-8.667163,41.23662]},"properties":{"id":"pt-67391","source":"PT","name":"AUCHAN Matosinhos","brand":"AUCHAN","address":"Av. Fernando Távora, nº 1570","municipality":"Maia","district":"Porto","postalCode":"4470-558","fuels":{"gasoline95":1.939,"diesel":1.949,"dieselPremium":1.979,"lpg":0.869},"lastUpdated":"2026-09-02 09:05","extra":{"stationType":"Outro"},"services":["Calibragem de pneus"],"hours":{"weekdays":"Aberto 24 horas","saturday":"Aberto 24 horas","sunday":"Aberto 24 horas","holiday":"Aberto 24 horas"},"paymentMethods":["Dinheiro"],"otherServices":null,"observations":null}},{"type":"Feature","geometry":{"type":"Point","coordinates":[-8.54186,41.20849]},"properties":{"id":"pt-67449","source":"PT","name":"PRIO ERMESINDE Sta. Rita","brand":"PRIO","address":"Avenida José Joaquim Ribeiro Teles, nº 280","municipality":"Valongo","district":"Porto","postalCode":"4445-656","fuels":{"gasoline95":2.084,"gasoline95Plus":2.054,"dieselPremium":2.079,"bioDiesel":2.029,"lpg":0.949},"lastUpdated":"2026-09-03 00:00","extra":{"stationType":"Outro"},"services":["Cafetaria","Lavagem","Loja de Conveniência","Multibanco","Venda de gás doméstico em garrafas","WC","WC para deficientes"],"hours":{"weekdays":"Aberto 24 horas","saturday":"Aberto 24 horas","sunday":"Aberto 24 horas","holiday":"Aberto 24 horas"},"paymentMethods":["Dinheiro","MbWay","Multibanco","Outros"],"otherServices":null,"observations":"Payshop / Jet Wash / Lavagem Automatica"}},{"type":"Feature","geometry":{"type":"Point","coordinates":[-8.739048,41.36048]},"properties":{"id":"pt-67625","source":"PT","name":"PA DE VILA DO CONDE - COOPERATIVA AGRÍCOLA DE VILA DO CONDE","brand":"Genérico","address":"RUA DA LAPA, 293","municipality":"Vila do Conde","district":"Porto","postalCode":"4480-757","fuels":{"gasoline95":2.045,"diesel":2.051,"dieselPremium":2.071,"dieselAgri":1.535},"lastUpdated":"2026-08-31 00:05","extra":{"stationType":"Outro"},"services":["Loja de Conveniência","Multibanco","Venda de gás doméstico em garrafas","Venda de gasóleo agrícola"],"hours":{"weekdays":"07:00-22:00","saturday":"07:00-22:00","sunday":"07:00-22:00","holiday":"00:00-00:00"},"paymentMethods":["Dinheiro","Multibanco"],"otherServices":null,"observations":null}},{"type":"Feature","geometry":{"type":"Point","coordinates":[-8.65524,41.29269]},"properties":{"id":"pt-67667","source":"PT","name":"Cooperativa Agrícola de Vila do Conde - Posto de Guilhabreu","brand":"Genérico","address":"Rua da Agra, 500","municipality":"Vila do Conde","district":"Porto","postalCode":"4480-000","fuels":{"diesel":2.051,"dieselAgri":1.535},"lastUpdated":"2026-08-31 00:05","extra":{"stationType":"Outro"},"services":["Venda de gás doméstico em garrafas","Venda de gasóleo agrícola"],"hours":{"weekdays":"08:30-18:00","saturday":"08:30-12:30","sunday":"Fechado","holiday":"Fechado"},"paymentMethods":["Dinheiro","Multibanco"],"otherServices":null,"observations":null}},{"type":"Feature","geometry":{"type":"Point","coordinates":[-8.545102,41.038975]},"properties":{"id":"pt-67668","source":"PT","name":"P28 - PRIO Olival","brand":"PRIO","address":" Rua das Gândaras, n.º 21 - Lugar do Amial ","municipality":"Vila Nova de Gaia","district":"Porto","postalCode":"4415-725","fuels":{"gasoline95":2.054,"gasoline95Plus":1.969,"dieselPremium":2.004,"dieselAgri":1.579,"bioDiesel":1.974},"lastUpdated":"2026-09-05 00:30","extra":{"stationType":"Outro"},"services":["Calibragem de pneus"],"hours":{"weekdays":"07:00-23:00","saturday":"07:00-23:00","sunday":"07:00-23:00","holiday":"07:00-23:00"},"paymentMethods":["Dinheiro","MbWay","Multibanco","Outros"],"otherServices":null,"observations":null}},{"type":"Feature","geometry":{"type":"Point","coordinates":[-8.62412,41.18586]},"properties":{"id":"pt-67708","source":"PT","name":"BP Via Norte Amieira Este","brand":"BP","address":"Amieira Via Norte \r\nEN 13 km 0.76","municipality":"Matosinhos","district":"Porto","postalCode":"4465-000","fuels":{"gasoline95":2.134,"gasoline98Plus":2.334,"diesel":2.144,"dieselPremium":2.284},"lastUpdated":"2026-09-05 07:00","extra":{"stationType":"Outro"},"services":["Cafetaria","Lavagem","Multibanco","Venda de gás doméstico em garrafas","WC"],"hours":{"weekdays":"Aberto 24 horas","saturday":"Aberto 24 horas","sunday":"Aberto 24 horas","holiday":"Aberto 24 horas"},"paymentMethods":["Dinheiro"],"otherServices":null,"observations":null}},{"type":"Feature","geometry":{"type":"Point","coordinates":[-8.62477,41.18594]},"properties":{"id":"pt-67712","source":"PT","name":"BP Via Norte Amieira Oeste","brand":"BP","address":"Amieira Via Norte\r\nEN13 KM 0.76","municipality":"Matosinhos","district":"Porto","postalCode":"4465-000","fuels":{"gasoline95":2.134,"gasoline98Plus":2.334,"diesel":2.144,"dieselPremium":2.284},"lastUpdated":"2026-09-05 07:00","extra":{"stationType":"Outro"},"services":["Venda de gás doméstico em garrafas"],"hours":{"weekdays":"07:00-23:59","saturday":"08:00-23:59","sunday":"08:00-23:59","holiday":"08:00-23:59"},"paymentMethods":["Dinheiro"],"otherServices":null,"observations":null}},{"type":"Feature","geometry":{"type":"Point","coordinates":[-8.58063,41.18982]},"properties":{"id":"pt-67717","source":"PT","name":"PA BP Giesta","brand":"BP","address":"Rua D. Afonso Henriques, 1013","municipality":"Maia","district":"Porto","postalCode":"4425-036","fuels":{"gasoline95":2.114,"gasoline98Plus":2.334,"diesel":2.134,"dieselPremium":2.284},"lastUpdated":"2026-09-01 00:00","extra":{"stationType":"Outro"},"services":["Loja de Conveniência","Multibanco","WC"],"hours":null,"paymentMethods":["Dinheiro"],"otherServices":null,"observations":null}},{"type":"Feature","geometry":{"type":"Point","coordinates":[-8.60279,41.10745]},"properties":{"id":"pt-67765","source":"PT","name":"GASPE Laborim","brand":"GASPE","address":"Rua Fonte dos Arrependidos","municipality":"Vila Nova de Gaia","district":"Porto","postalCode":"4430-099","fuels":{"gasoline95":2.115,"gasoline95Plus":2.135,"diesel":2.121,"dieselPremium":2.141},"lastUpdated":"2026-08-31 11:00","extra":{"stationType":"Outro"},"services":[],"hours":{"weekdays":"07:00-22:00","saturday":"07:00-22:00","sunday":"07:00-22:00","holiday":"07:00-22:00"},"paymentMethods":["Dinheiro"],"otherServices":null,"observations":null}},{"type":"Feature","geometry":{"type":"Point","coordinates":[-8.60603,41.09337]},"properties":{"id":"pt-67778","source":"PT","name":"GASPE Canelas","brand":"GASPE","address":"Rua das Lages, 519","municipality":"Vila Nova de Gaia","district":"Porto","postalCode":"4414-007","fuels":{"gasoline95":2.115,"diesel":2.121,"dieselPremium":2.141,"dieselAgri":1.695},"lastUpdated":"2026-08-31 11:00","extra":{"stationType":"Outro"},"services":[],"hours":{"weekdays":"07:00-22:00","saturday":"07:00-22:00","sunday":"07:00-22:00","holiday":"07:00-22:00"},"paymentMethods":["Dinheiro"],"otherServices":null,"observations":null}},{"type":"Feature","geometry":{"type":"Point","coordinates":[-8.5501,41.21409]},"properties":{"id":"pt-67803","source":"PT","name":"BP Ermesinde","brand":"BP","address":"Rua Jose Joaquim Ribeiro Teles","municipality":"Valongo","district":"Porto","postalCode":"4445-485","fuels":{"gasoline95":2.114,"gasoline98Plus":2.334,"diesel":2.134,"dieselPremium":2.284},"lastUpdated":"2026-09-01 00:00","extra":{"stationType":"Outro"},"services":["Loja de Conveniência","Multibanco","WC"],"hours":null,"paymentMethods":["Dinheiro"],"otherServices":null,"observations":null}},{"type":"Feature","geometry":{"type":"Point","coordinates":[-8.69737,41.1891]},"properties":{"id":"pt-67827","source":"PT","name":"ALVES BANDEIRA Leça da Palmeira","brand":"ALVES BANDEIRA","address":"Av. Dr. Antunes Guimarães, Nº.433","municipality":"Matosinhos","district":"Porto","postalCode":"4450-620","fuels":{"gasoline95":1.974,"gasoline98":2.144,"diesel":1.979,"dieselPremium":1.999},"lastUpdated":"2026-08-31 11:50","extra":{"stationType":"Outro"},"services":["Cafetaria","Loja de Conveniência","Multibanco","Venda de gás doméstico em garrafas","WC"],"hours":{"weekdays":"07:00-23:00","saturday":"07:00-23:00","sunday":"07:00-23:00","holiday":"07:00-23:00"},"paymentMethods":["Dinheiro","MbWay","Multibanco","Outros"],"otherServices":null,"observations":null}},{"type":"Feature","geometry":{"type":"Point","coordinates":[-8.505475,41.201315]},"properties":{"id":"pt-67828","source":"PT","name":"ALVES BANDEIRA Valongo","brand":"ALVES BANDEIRA","address":"Rua Dom Pedro IV, 900","municipality":"Valongo","district":"Porto","postalCode":"4440-633","fuels":{"gasoline95":2.094,"gasoline98":2.264,"diesel":2.099,"dieselPremium":2.119},"lastUpdated":"2026-08-31 10:55","extra":{"stationType":"Outro"},"services":["Cafetaria","Loja de Conveniência","Multibanco","Venda de gás doméstico em garrafas","WC"],"hours":{"weekdays":"07:00-23:00","saturday":"07:00-23:00","sunday":"07:00-23:00","holiday":"07:00-23:00"},"paymentMethods":["Dinheiro","MbWay","Multibanco","Outros"],"otherServices":null,"observations":null}},{"type":"Feature","geometry":{"type":"Point","coordinates":[-8.65066,41.16171]},"properties":{"id":"pt-67982","source":"PT","name":"BP S. JOÃO DE BRITO","brand":"BP","address":"Largo S. João de Brito","municipality":"Porto","district":"Porto","postalCode":"4100-200","fuels":{"gasoline95":2.144,"gasoline98Plus":2.334,"diesel":2.164,"dieselPremium":2.284},"lastUpdated":"2026-09-05 00:00","extra":{"stationType":"Outro"},"services":[],"hours":{"weekdays":"08:00-23:00","saturday":"08:00-22:00","sunday":"08:00-23:00","holiday":"08:00-23:00"},"paymentMethods":["Dinheiro"],"otherServices":null,"observations":null}},{"type":"Feature","geometry":{"type":"Point","coordinates":[-8.61664,41.17346]},"properties":{"id":"pt-68067","source":"PT","name":"BP SALGUEIROS","brand":"BP","address":"Rua Particular de Monsanto, 162-192","municipality":"Porto","district":"Porto","postalCode":"4250-360","fuels":{"gasoline95":2.104,"gasoline98Plus":2.334,"diesel":2.124,"dieselPremium":2.284,"lpg":0.969},"lastUpdated":"2026-09-01 00:05","extra":{"stationType":"Outro"},"services":["Loja de Conveniência","Multibanco","Venda de gás doméstico em garrafas","WC","WC para deficientes"],"hours":{"weekdays":"Aberto 24 horas","saturday":"Aberto 24 horas","sunday":"Aberto 24 horas","holiday":"Aberto 24 horas"},"paymentMethods":["Dinheiro"],"otherServices":null,"observations":null}},{"type":"Feature","geometry":{"type":"Point","coordinates":[-8.15247,41.18163]},"properties":{"id":"pt-68102","source":"PT","name":"TFGEST - Gestão e Comércio de Produtos Petro. lda","brand":"GALP","address":"EN 210 KM 61.2 AVENIDA DR. FRANCISCO SA CARNEIRO\t","municipality":"Marco de Canaveses","district":"Porto","postalCode":"4630-205","fuels":{"gasoline95":2.104,"gasoline95Plus":2.154,"diesel":2.117,"dieselPremium":2.167,"dieselAgri":1.694},"lastUpdated":"2026-09-02 11:00","extra":{"stationType":"Outro"},"services":["Multibanco","Venda de gasóleo agrícola","WC","WC para deficientes"],"hours":{"weekdays":"06:00-00:00","saturday":"06:00-00:00","sunday":"06:00-00:00","holiday":"06:00-00:00"},"paymentMethods":["Dinheiro"],"otherServices":null,"observations":null}},{"type":"Feature","geometry":{"type":"Point","coordinates":[-8.32944,41.16955]},"properties":{"id":"pt-68120","source":"PT","name":"BP IRIVO","brand":"BP","address":"Avenida da Ermida, n.º 343","municipality":"Penafiel","district":"Porto","postalCode":"4560-171","fuels":{"gasoline95":2.144,"gasoline98Plus":2.334,"diesel":2.164,"dieselPremium":2.284,"dieselAgri":1.704},"lastUpdated":"2026-09-03 00:05","extra":{"stationType":"Outro"},"services":[],"hours":{"weekdays":"06:00-23:00","saturday":"06:00-23:00","sunday":"07:00-23:00","holiday":"07:00-23:00"},"paymentMethods":["Dinheiro"],"otherServices":null,"observations":"Lavagem;\nCafé Snack Bar\nMultibanco (levantamentos)\nPagamento por Multuibanco\nWC deficientes"}},{"type":"Feature","geometry":{"type":"Point","coordinates":[-8.27787,41.20876]},"properties":{"id":"pt-68521","source":"PT","name":"BP PENAFIEL (ESTE)","brand":"BP","address":"Rua da Vista Alegre","municipality":"Penafiel","district":"Porto","postalCode":"4560-511","fuels":{"gasoline95":2.044,"gasoline98Plus":2.334,"diesel":2.064,"dieselPremium":2.284},"lastUpdated":"2026-09-04 00:05","extra":{"stationType":"Outro"},"services":[],"hours":{"weekdays":"07:00-00:00","saturday":"07:00-00:00","sunday":"07:00-00:00","holiday":"07:00-00:00"},"paymentMethods":["Dinheiro"],"otherServices":null,"observations":null}},{"type":"Feature","geometry":{"type":"Point","coordinates":[-8.639143,41.164307]},"properties":{"id":"pt-68644","source":"PT","name":"GALP Porto - Francos","brand":"GALP","address":"Rotunda do Bessa","municipality":"Porto","district":"Porto","postalCode":"4100-012","fuels":{"gasoline95":2.109,"gasoline95Plus":2.169,"gasoline98Plus":2.339,"diesel":2.127,"dieselPremium":2.187,"lpg":0.944},"lastUpdated":"2026-09-05 04:00","extra":{"stationType":"Outro"},"services":["Calibragem de pneus"],"hours":{"weekdays":"Aberto 24 horas","saturday":"Aberto 24 horas","sunday":"Aberto 24 horas","holiday":"Aberto 24 horas"},"paymentMethods":["Dinheiro","MbWay","Multibanco"],"otherServices":null,"observations":null}},{"type":"Feature","geometry":{"type":"Point","coordinates":[-8.64073,41.20541]},"properties":{"id":"pt-68647","source":"PT","name":"GALP A.S. Matosinhos (A/M)","brand":"GALP","address":"A4/IP4, Km 3,2 e 4,1 - SCUT Grande Porto, Lanço Sendim-Águas Santas, Sublanço Sendim Norte","municipality":"Matosinhos","district":"Porto","postalCode":"4460-739","fuels":{"gasoline95":2.149,"gasoline95Plus":2.219,"gasoline98Plus":2.379,"diesel":2.159,"dieselPremium":2.229,"lpg":0.954},"lastUpdated":"2026-09-05 04:15","extra":{"stationType":"Auto-estrada"},"services":["Cafetaria","Descanso de pesados","Loja de Conveniência","Multibanco","Restaurante","Venda de carburante de qualidade superior","Venda de gás doméstico em garrafas","WC","WC com fraldário","WC para deficientes"],"hours":{"weekdays":"Aberto 24 horas","saturday":"Aberto 24 horas","sunday":"Aberto 24 horas","holiday":"Aberto 24 horas"},"paymentMethods":["Dinheiro","MbWay","Multibanco","Outros"],"otherServices":null,"observations":null}},{"type":"Feature","geometry":{"type":"Point","coordinates":[-8.65332,41.41398]},"properties":{"id":"pt-68840","source":"PT","name":"BP BALAZAR","brand":"BP","address":"Rua da Fábrica nº726","municipality":"Póvoa de Varzim","district":"Porto","postalCode":"4570-029","fuels":{"gasoline95":2.089,"gasoline98Plus":2.334,"diesel":2.104,"dieselPremium":2.284,"dieselAgri":1.644},"lastUpdated":"2026-09-01 00:05","extra":{"stationType":"Outro"},"services":["Cafetaria","Lavagem","Loja de Conveniência","Venda de gás doméstico em garrafas","Venda de gasóleo agrícola","WC com fraldário","WC para deficientes"],"hours":{"weekdays":"06:00-00:00","saturday":"06:00-00:00","sunday":"06:00-00:00","holiday":"06:00-00:00"},"paymentMethods":["Dinheiro"],"otherServices":null,"observations":"JETWASH E ASPIRAÇÃO SELF-SERVICE"}},{"type":"Feature","geometry":{"type":"Point","coordinates":[-8.176487,41.259719]},"properties":{"id":"pt-68866","source":"PT","name":"RAPEL","brand":"Genérico","address":"Rua da Cruz 406 - Real","municipality":"Amarante","district":"Porto","postalCode":"4605-359","fuels":{"gasoline95":2.035,"gasoline98":2.215,"diesel":2.041,"dieselPremium":2.061,"dieselAgri":1.695},"lastUpdated":"2026-08-31 14:00","extra":{"stationType":"Outro"},"services":["Cafetaria","Lavagem","Loja de Conveniência","Multibanco","Venda de gás doméstico em garrafas","Venda de gasóleo agrícola","Venda de gasóleo para aquecimento","WC"],"hours":{"weekdays":"06:00-23:00","saturday":"06:00-23:00","sunday":"06:00-23:00","holiday":"06:00-23:00"},"paymentMethods":["Dinheiro","Multibanco"],"otherServices":null,"observations":null}},{"type":"Feature","geometry":{"type":"Point","coordinates":[-8.150591,41.177597]},"properties":{"id":"pt-68889","source":"PT","name":"P01 - PRIO Marco de Canaveses","brand":"PRIO","address":"Avenida Futebol Clube do Porto, nº433 - A","municipality":"Marco de Canaveses","district":"Porto","postalCode":"4630-203","fuels":{"gasoline95":2.054,"gasoline95Plus":1.994,"dieselPremium":1.969,"bioDiesel":1.939},"lastUpdated":"2026-09-05 00:30","extra":{"stationType":"Outro"},"services":["Cafetaria","Loja de Conveniência"],"hours":{"weekdays":"06:30-23:30","saturday":"06:30-23:30","sunday":"07:30-23:30","holiday":"07:30-23:30"},"paymentMethods":["Dinheiro","MbWay","Multibanco","Outros"],"otherServices":null,"observations":null}},{"type":"Feature","geometry":{"type":"Point","coordinates":[-8.68608,41.38537]},"properties":{"id":"pt-68907","source":"PT","name":"TF JUNQUEIRA","brand":"FREITAS","address":"Rua da Ponte nº 835","municipality":"Vila do Conde","district":"Porto","postalCode":"4480-277","fuels":{"gasoline95":2.049,"gasoline98Plus":2.309,"diesel":2.059,"dieselPremium":2.079,"dieselAgri":1.619},"lastUpdated":"2026-09-01 14:00","extra":{"stationType":"Outro"},"services":["Cafetaria","Loja de Conveniência","Venda de gás doméstico em garrafas","Venda de gasóleo agrícola"],"hours":{"weekdays":"06:30-22:00","saturday":"06:30-22:00","sunday":"06:30-22:00","holiday":"06:30-22:00"},"paymentMethods":["Dinheiro","MbWay","Multibanco"],"otherServices":null,"observations":"Cafetaria "}},{"type":"Feature","geometry":{"type":"Point","coordinates":[-8.54604,41.25561]},"properties":{"id":"pt-68932","source":"PT","name":"Gepoil | PAC SPFins","brand":"BP","address":"Rua Central de Arcos, 1375","municipality":"Maia","district":"Porto","postalCode":"4425-513","fuels":{"gasoline95":2.109,"gasoline98Plus":2.329,"diesel":2.119,"dieselPremium":2.279,"dieselAgri":1.699},"lastUpdated":"2026-08-31 10:05","extra":{"stationType":"Outro"},"services":["Calibragem de pneus"],"hours":null,"paymentMethods":["Dinheiro"],"otherServices":null,"observations":null}},{"type":"Feature","geometry":{"type":"Point","coordinates":[-8.73338,41.33707]},"properties":{"id":"pt-68990","source":"PT","name":"TF GEST ÁRVORE","brand":"FREITAS","address":"Rua da Estrada Velha","municipality":"Vila do Conde","district":"Porto","postalCode":"4480-107","fuels":{"gasoline95":2.019,"gasoline95Plus":2.059,"gasoline98Plus":2.309,"diesel":2.019,"dieselPremium":2.069},"lastUpdated":"2026-09-01 14:30","extra":{"stationType":"Outro"},"services":["Loja de Conveniência","Venda de gás doméstico em garrafas","WC"],"hours":{"weekdays":"07:00-22:00","saturday":"07:00-22:00","sunday":"07:00-22:00","holiday":"07:00-22:00"},"paymentMethods":["Dinheiro","MbWay","Multibanco"],"otherServices":null,"observations":"Loja de Co"}},{"type":"Feature","geometry":{"type":"Point","coordinates":[-8.12181,41.09714]},"properties":{"id":"pt-69002","source":"PT","name":"Carcouto Combustiveis Lda / FREITAS Paços de Gaiolo","brand":"FREITAS","address":"Rua do Barreiro nº36 ","municipality":"Marco de Canaveses","district":"Porto","postalCode":"4625-199","fuels":{"gasoline95":2.104,"diesel":2.117,"dieselPremium":2.167,"dieselHeating":2.087,"dieselAgri":1.715},"lastUpdated":"2026-08-31 09:10","extra":{"stationType":"Outro"},"services":["Assistência auto","Cafetaria","Calibragem de pneus","Loja de Conveniência","Multibanco","Venda de gás doméstico em garrafas","Venda de gasóleo agrícola","Venda de gasóleo para aquecimento","WC","WC com fraldário","WC para deficientes"],"hours":{"weekdays":"06:00-22:00","saturday":"07:00-22:00","sunday":"07:00-22:00","holiday":"07:00-22:00"},"paymentMethods":["Dinheiro","MbWay","Multibanco"],"otherServices":null,"observations":null}},{"type":"Feature","geometry":{"type":"Point","coordinates":[-8.212089,41.268375]},"properties":{"id":"pt-69024","source":"PT","name":"Petro- C.C. Carro Cheio,Supermercado,Lda.","brand":"FREITAS","address":"Avenida da sobreira, Nº959","municipality":"Lousada","district":"Porto","postalCode":"4620-074","fuels":{"gasoline95":2.035,"gasoline95Plus":2.115,"gasoline98Plus":2.295,"diesel":2.041,"dieselPremium":2.121,"dieselHeating":2.087,"dieselAgri":1.685},"lastUpdated":"2026-08-31 20:30","extra":{"stationType":"Outro"},"services":["Multibanco","WC"],"hours":{"weekdays":"07:00-22:00","saturday":"07:00-22:00","sunday":"07:00-22:00","holiday":"07:00-22:00"},"paymentMethods":["Dinheiro"],"otherServices":null,"observations":null}},{"type":"Feature","geometry":{"type":"Point","coordinates":[-8.317698,41.322619]},"properties":{"id":"pt-69079","source":"PT","name":"Leão & Companhia, Lda - Posto de Combustíveis de Lustosa","brand":"FREITAS","address":"Rua de Pombal nº 160","municipality":"Lousada","district":"Porto","postalCode":"4620-261","fuels":{"gasoline95":2.089,"gasoline95Plus":2.119,"gasoline98Plus":2.279,"diesel":2.099,"dieselPremium":2.129},"lastUpdated":"2026-08-31 11:15","extra":{"stationType":"Outro"},"services":["Cafetaria","Lavagem","Loja de Conveniência","Venda de carburante de qualidade superior","Venda de gás doméstico em garrafas","Venda de gasóleo para aquecimento","WC","WC para deficientes"],"hours":{"weekdays":"Aberto 24 horas","saturday":"Aberto 24 horas","sunday":"Aberto 24 horas","holiday":"Aberto 24 horas"},"paymentMethods":["Dinheiro","MbWay","Multibanco","Outros"],"otherServices":null,"observations":null}},{"type":"Feature","geometry":{"type":"Point","coordinates":[-8.635366,41.180435]},"properties":{"id":"pt-69103","source":"PT","name":"P12 - PRIO Porto - Estrada Circunvalação","brand":"PRIO","address":"Estrada Interior da Circunvalação n.º 10783 e 10853","municipality":"Porto","district":"Porto","postalCode":"4250-252","fuels":{"gasoline95":2.054,"gasoline95Plus":1.994,"dieselPremium":2.019,"bioDiesel":1.989,"lpg":0.899},"lastUpdated":"2026-09-05 00:30","extra":{"stationType":"Outro"},"services":["Calibragem de pneus","Loja de Conveniência","WC"],"hours":{"weekdays":"07:00-23:00","saturday":"07:00-23:00","sunday":"07:00-23:00","holiday":"07:00-23:00"},"paymentMethods":["Dinheiro","MbWay","Multibanco","Outros"],"otherServices":null,"observations":null}},{"type":"Feature","geometry":{"type":"Point","coordinates":[-8.545499,41.21902]},"properties":{"id":"pt-69110","source":"PT","name":" Errmesinde (Av. 5 Outubro)","brand":"Genérico","address":"RUA 5 DE OUTUBRO","municipality":"Valongo","district":"Porto","postalCode":"4445-310","fuels":{"gasoline95":2.018,"gasoline95Plus":2.068,"diesel":2.044,"dieselPremium":2.094},"lastUpdated":"2026-08-31 00:00","extra":{"stationType":"Outro"},"services":["Loja de Conveniência","Multibanco","WC"],"hours":null,"paymentMethods":["Dinheiro"],"otherServices":null,"observations":null}},{"type":"Feature","geometry":{"type":"Point","coordinates":[-8.60659,41.1691]},"properties":{"id":"pt-69114","source":"PT","name":"FARIA GUIMARÃES","brand":"CEPSA","address":"R. Faria Guimarães, nº 1299 - Paranhos\r\n","municipality":"Porto","district":"Porto","postalCode":"4200-294","fuels":{"gasoline95":2.018,"gasoline98Plus":2.23,"diesel":2.069,"dieselPremium":2.119},"lastUpdated":"2026-08-31 00:00","extra":{"stationType":"Outro"},"services":[],"hours":{"weekdays":"07:00-23:00","saturday":"07:00-23:00","sunday":"07:00-23:00","holiday":"07:00-23:00"},"paymentMethods":["Dinheiro"],"otherServices":null,"observations":"Tem Serviço de Lavagem  - Pórtico\r\n"}},{"type":"Feature","geometry":{"type":"Point","coordinates":[-8.70072,41.24595]},"properties":{"id":"pt-69127","source":"PT","name":"CEPSA LAVRA","brand":"CEPSA","address":"Rua Dr. José Domingos Santos, 775","municipality":"Matosinhos","district":"Porto","postalCode":"4450-008","fuels":{"gasoline95":2.018,"gasoline95Plus":2.068,"diesel":2.044,"dieselPremium":2.094,"dieselAgri":1.659},"lastUpdated":"2026-09-01 11:55","extra":{"stationType":"Outro"},"services":["Cafetaria","Lavagem","Loja de Conveniência","Venda de gás doméstico em garrafas","Venda de gasóleo agrícola","Venda de gasóleo para aquecimento","WC"],"hours":{"weekdays":"07:00-22:00","saturday":"07:00-22:00","sunday":"07:00-22:00","holiday":"07:00-22:00"},"paymentMethods":["Dinheiro","MbWay","Multibanco"],"otherServices":null,"observations":"Posto com Lavagem  - Jet Wash\r\n"}},{"type":"Feature","geometry":{"type":"Point","coordinates":[-8.618622,41.22684]},"properties":{"id":"pt-69133","source":"PT","name":"MAIA.","brand":"MOEVE","address":"AV. ANTÓNIO SANTOS LEITE","municipality":"Maia","district":"Porto","postalCode":"4770-142","fuels":{"gasoline95":2.018,"gasoline95Plus":2.068,"diesel":2.044,"dieselPremium":2.094},"lastUpdated":"2026-08-31 00:00","extra":{"stationType":"Outro"},"services":["Cafetaria","Loja de Conveniência","Multibanco","WC"],"hours":null,"paymentMethods":["Dinheiro"],"otherServices":null,"observations":null}},{"type":"Feature","geometry":{"type":"Point","coordinates":[-8.624805513,41.2582417]},"properties":{"id":"pt-69135","source":"PT","name":"MAIA - ZONA INDUSTRIAL","brand":"CEPSA","address":"Via Eng. Belmiro de Azevedo - Z.I. Maia - Germunde","municipality":"Maia","district":"Porto","postalCode":"4475-401","fuels":{"gasoline95":2.018,"gasoline95Plus":2.068,"diesel":2.044,"dieselPremium":2.094},"lastUpdated":"2026-09-01 11:55","extra":{"stationType":"Outro"},"services":["Cafetaria","Lavagem","WC"],"hours":{"weekdays":"06:00-22:00","saturday":"06:00-22:00","sunday":"06:00-22:00","holiday":"06:00-22:00"},"paymentMethods":["Dinheiro","MbWay","Multibanco"],"otherServices":null,"observations":"Tem Serviço de Lavagem  - Pórtico/Jet Wash\r\n"}},{"type":"Feature","geometry":{"type":"Point","coordinates":[-8.592044,41.140385]},"properties":{"id":"pt-69137","source":"PT","name":"Porto - Marginal","brand":"CEPSA","address":"Av. Paiva Couceiro, 1000 - Marginal - Bonfim - Porto","municipality":"Porto","district":"Porto","postalCode":"4300-385","fuels":{"gasoline95":1.988,"gasoline95Plus":2.038,"diesel":2.014,"dieselPremium":2.064},"lastUpdated":"2026-08-31 00:00","extra":{"stationType":"Outro"},"services":["Cafetaria","Loja de Conveniência","Multibanco","WC"],"hours":null,"paymentMethods":["Dinheiro"],"otherServices":null,"observations":null}},{"type":"Feature","geometry":{"type":"Point","coordinates":[-8.57794,41.16172]},"properties":{"id":"pt-69154","source":"PT","name":"Mercado Abastecedor","brand":"CEPSA","address":"Rua Chaves Oliveira, nº 139 e 165 da Freguesia de Campanhã","municipality":"Porto","district":"Porto","postalCode":"4000-005","fuels":{"gasoline95":1.968,"gasoline98Plus":2.18,"diesel":1.994,"dieselPremium":2.044},"lastUpdated":"2026-09-01 11:55","extra":{"stationType":"Outro"},"services":["Venda de gás doméstico em garrafas","WC"],"hours":{"weekdays":"07:00-23:00","saturday":"07:00-23:00","sunday":"07:00-23:00","holiday":"07:00-23:00"},"paymentMethods":["Dinheiro","MbWay","Multibanco"],"otherServices":null,"observations":null}},{"type":"Feature","geometry":{"type":"Point","coordinates":[-8.340583,41.203033]},"properties":{"id":"pt-69162","source":"PT","name":"Petroeco, Lda.","brand":"Genérico","address":"Avenida dos Bombeiros Voluntários, Castelões de Cepeda","municipality":"Paredes","district":"Porto","postalCode":"4580-053","fuels":{"gasoline95":2.038,"gasoline98Plus":2.25,"diesel":2.064,"dieselPremium":2.114},"lastUpdated":"2026-08-31 10:35","extra":{"stationType":"Outro"},"services":["Cafetaria","Loja de Conveniência","Multibanco","WC"],"hours":{"weekdays":"07:00-23:00","saturday":"07:00-23:00","sunday":"07:00-23:00","holiday":"07:00-23:00"},"paymentMethods":["Dinheiro"],"otherServices":null,"observations":null}},{"type":"Feature","geometry":{"type":"Point","coordinates":[-8.59851,41.18306]},"properties":{"id":"pt-69165","source":"PT","name":"Porto - Hosp. S. João","brand":"MOEVE","address":"ESTRADA EXTERIOR DA CIRCUNVALAÇÃO Nº.7446 E 7448","municipality":"Porto","district":"Porto","postalCode":"4200-162","fuels":{"gasoline95":2.018,"gasoline95Plus":2.068,"diesel":2.044,"dieselPremium":2.094,"lpg":0.916},"lastUpdated":"2026-08-31 00:00","extra":{"stationType":"Outro"},"services":["Cafetaria","Loja de Conveniência","Multibanco","WC"],"hours":null,"paymentMethods":["Dinheiro"],"otherServices":null,"observations":null}},{"type":"Feature","geometry":{"type":"Point","coordinates":[-8.679428574,41.171308]},"properties":{"id":"pt-69168","source":"PT","name":"PORTO - PQ. CIDADE","brand":"MOEVE","address":"E.N. 12, Km 0,710 - Pq. Cidade - Nevogilde","municipality":"Porto","district":"Porto","postalCode":"4100-200","fuels":{"gasoline95":2.018,"gasoline95Plus":2.048,"diesel":2.044,"dieselPremium":2.159},"lastUpdated":"2026-09-01 00:00","extra":{"stationType":"Outro"},"services":[],"hours":{"weekdays":"Aberto 24 horas","saturday":"Aberto 24 horas","sunday":"Aberto 24 horas","holiday":"Aberto 24 horas"},"paymentMethods":["Dinheiro"],"otherServices":null,"observations":"Tem Serviço de Lavagem  - Pórtico\r\n"}},{"type":"Feature","geometry":{"type":"Point","coordinates":[-8.48518,41.184]},"properties":{"id":"pt-69184","source":"PT","name":"Cepsa Valongo","brand":"CEPSA","address":"Rua Fonseca Dias, Lugar do Espinheiro","municipality":"Valongo","district":"Porto","postalCode":"4440-652","fuels":{"gasoline95":2.018,"gasoline95Plus":2.068,"gasoline98Plus":2.23,"diesel":2.044,"dieselPremium":2.094},"lastUpdated":"2026-08-31 00:00","extra":{"stationType":"Outro"},"services":["Loja de Conveniência","Multibanco","WC"],"hours":null,"paymentMethods":["Dinheiro"],"otherServices":null,"observations":null}},{"type":"Feature","geometry":{"type":"Point","coordinates":[-8.733731,41.341324]},"properties":{"id":"pt-69185","source":"PT","name":"PA  VILA DO CONDE","brand":"MOEVE","address":"EN13, LUGAR DO PINDELO, ARVORE","municipality":"Vila do Conde","district":"Porto","postalCode":"4480-000","fuels":{"gasoline95":2.018,"gasoline95Plus":2.068,"diesel":2.044,"dieselPremium":2.094},"lastUpdated":"2026-08-31 00:00","extra":{"stationType":"Outro"},"services":["Loja de Conveniência","Multibanco","WC"],"hours":null,"paymentMethods":["Dinheiro"],"otherServices":null,"observations":null}},{"type":"Feature","geometry":{"type":"Point","coordinates":[-8.670197,41.270386]},"properties":{"id":"pt-69191","source":"PT","name":"CEPSA Vilar de Pinheiro","brand":"CEPSA","address":"E.N. 13, LARGO IGREJA, VILAR PINHEIRO","municipality":"Vila do Conde","district":"Porto","postalCode":"4485-860","fuels":{"gasoline95":2.019,"gasoline95Plus":2.068,"gasoline98Plus":2.23,"diesel":2.044,"dieselPremium":2.094},"lastUpdated":"2026-08-31 10:40","extra":{"stationType":"Outro"},"services":["Calibragem de pneus"],"hours":{"weekdays":"07:00-23:00","saturday":"07:00-23:00","sunday":"07:00-23:00","holiday":"07:00-23:00"},"paymentMethods":["Dinheiro"],"otherServices":null,"observations":null}},{"type":"Feature","geometry":{"type":"Point","coordinates":[-8.39889,41.2611]},"properties":{"id":"pt-69208","source":"PT","name":"E.S. PAÇOS DE FERREIRA II","brand":"REPSOL","address":"Rua Recta de Gomil, 152","municipality":"Paços de Ferreira","district":"Porto","postalCode":"4595-144","fuels":{"gasoline95":2.064,"gasoline95Plus":2.124,"gasoline98Plus":2.254,"diesel":2.084,"dieselPremium":2.144,"lpg":0.964},"lastUpdated":"2026-08-31 09:30","extra":{"stationType":"Outro"},"services":["Loja de Conveniência","Venda de carburante de qualidade superior","Venda de gás doméstico em garrafas","WC","WC para deficientes"],"hours":{"weekdays":"00:00-00:00","saturday":"00:00-00:00","sunday":"00:00-00:00","holiday":"00:00-00:00"},"paymentMethods":["Dinheiro"],"otherServices":null,"observations":"AdBlue,  Payshop "}},{"type":"Feature","geometry":{"type":"Point","coordinates":[-8.380746,41.242123]},"properties":{"id":"pt-69338","source":"PT","name":"TF GEST - VILELA","brand":"FREITAS","address":"Rua do Calvário, 224","municipality":"Paredes","district":"Porto","postalCode":"4580-645","fuels":{"gasoline95":2.069,"gasoline98Plus":2.309,"diesel":2.079,"dieselPremium":2.129},"lastUpdated":"2026-09-01 14:40","extra":{"stationType":"Outro"},"services":["Calibragem de pneus"],"hours":null,"paymentMethods":["Dinheiro"],"otherServices":null,"observations":null}},{"type":"Feature","geometry":{"type":"Point","coordinates":[-8.402723,41.35955]},"properties":{"id":"pt-69354","source":"PT","name":" Freitas- Santo Tirso-Vila das Aves","brand":"VIA","address":"Av. Conde Vizela, 130   ","municipality":"Santo Tirso","district":"Porto","postalCode":"4795-004","fuels":{"gasoline95":2.015,"gasoline95Plus":2.035,"gasolineMix":2.4,"diesel":2.021,"dieselPremium":2.041},"lastUpdated":"2026-08-31 11:00","extra":{"stationType":"Outro"},"services":["Multibanco","Venda de gás doméstico em garrafas","WC"],"hours":null,"paymentMethods":["Dinheiro"],"otherServices":null,"observations":null}},{"type":"Feature","geometry":{"type":"Point","coordinates":[-8.428881,41.318134]},"properties":{"id":"pt-69370","source":"PT","name":"Freitas Monte Córdova","brand":"FREITAS","address":"Rua Albino Sousa Cruz n.º 11","municipality":"Santo Tirso","district":"Porto","postalCode":"4825-288","fuels":{"gasoline95":2.059,"gasoline98Plus":2.319,"diesel":2.079,"dieselPremium":2.099,"dieselAgri":1.669},"lastUpdated":"2026-08-31 10:15","extra":{"stationType":"Outro"},"services":["Loja de Conveniência","WC"],"hours":null,"paymentMethods":["Dinheiro"],"otherServices":null,"observations":null}},{"type":"Feature","geometry":{"type":"Point","coordinates":[-8.67086,41.42287]},"properties":{"id":"pt-69371","source":"PT","name":"BP RATES","brand":"BP","address":"Rua Tomé de Sousa, 166","municipality":"Póvoa de Varzim","district":"Porto","postalCode":"4570-417","fuels":{"gasoline95":2.089,"gasoline98Plus":2.334,"diesel":2.104,"dieselPremium":2.284,"dieselAgri":1.644},"lastUpdated":"2026-09-01 00:05","extra":{"stationType":"Outro"},"services":["Multibanco","Venda de gás doméstico em garrafas","Venda de gasóleo agrícola","Venda de gasóleo para aquecimento"],"hours":{"weekdays":"07:00-23:00","saturday":"07:00-23:00","sunday":"07:00-23:00","holiday":"07:00-23:00"},"paymentMethods":["Dinheiro"],"otherServices":null,"observations":"Venda de óleos e lubrificantes e serviço mini-banco para pagamento de facturas, carregamentos de telemóvel e consultas der saldo."}},{"type":"Feature","geometry":{"type":"Point","coordinates":[-8.530641,41.225674]},"properties":{"id":"pt-69387","source":"PT","name":"Nunes, Alves & Filhos, Lda","brand":"REPSOL","address":"Rua São Vicente, 1194","municipality":"Valongo","district":"Porto","postalCode":"4445-210","fuels":{"gasoline95":2.064,"gasoline95Plus":2.124,"gasoline98":2.254,"diesel":2.084,"dieselPremium":2.144,"lpg":0.944},"lastUpdated":"2026-08-30 16:30","extra":{"stationType":"Outro"},"services":["Cafetaria","Loja de Conveniência","Venda de gás doméstico em garrafas","WC"],"hours":{"weekdays":"07:00-23:00","saturday":"07:00-23:00","sunday":"07:00-23:00","holiday":"07:00-23:00"},"paymentMethods":["Dinheiro","MbWay","Multibanco"],"otherServices":null,"observations":null}},{"type":"Feature","geometry":{"type":"Point","coordinates":[-8.632981,41.16313]},"properties":{"id":"pt-69399","source":"PT","name":"PA BP  - Porto - Rua 5 de Outubro","brand":"BP","address":"Rua 5 de Outubro, 574","municipality":"Porto","district":"Porto","postalCode":"4100-173","fuels":{"gasoline95":2.104,"gasoline98Plus":2.334,"diesel":2.124,"dieselPremium":2.284},"lastUpdated":"2026-09-01 00:00","extra":{"stationType":"Outro"},"services":["Loja de Conveniência","Multibanco","WC"],"hours":null,"paymentMethods":["Dinheiro"],"otherServices":null,"observations":null}},{"type":"Feature","geometry":{"type":"Point","coordinates":[-8.27783,41.20921]},"properties":{"id":"pt-69450","source":"PT","name":"BP PENAFIEL(OESTE)","brand":"BP","address":"Rua da Vista Alegre","municipality":"Penafiel","district":"Porto","postalCode":"4560-511","fuels":{"gasoline95":2.044,"gasoline98Plus":2.334,"diesel":2.064,"dieselPremium":2.284},"lastUpdated":"2026-09-04 00:05","extra":{"stationType":"Outro"},"services":["Assistência auto","Cafetaria","Calibragem de pneus","Lavagem","Loja de Conveniência","Venda de gás doméstico em garrafas"],"hours":{"weekdays":"06:00-00:00","saturday":"06:00-00:00","sunday":"06:00-00:00","holiday":"06:00-00:00"},"paymentMethods":["Dinheiro"],"otherServices":null,"observations":null}},{"type":"Feature","geometry":{"type":"Point","coordinates":[-8.571214,41.336647]},"properties":{"id":"pt-69466","source":"PT","name":"Ilídio Mota- Trofa","brand":"CEPSA","address":"Rua 16 de Maio, 243 – Santiago do Bougado","municipality":"Trofa","district":"Porto","postalCode":"4785-607","fuels":{"gasoline95":2.004,"gasoline95Plus":2.138,"diesel":2.017,"dieselPremium":2.164},"lastUpdated":"2026-09-05 00:00","extra":{"stationType":"Outro"},"services":["Calibragem de pneus"],"hours":null,"paymentMethods":["Dinheiro"],"otherServices":null,"observations":null}},{"type":"Feature","geometry":{"type":"Point","coordinates":[-8.070321,41.266052]},"properties":{"id":"pt-69527","source":"PT","name":"PA Amarante - Petrofregim","brand":"PRIO","address":"Rua Antonio Carneiro nº. 251","municipality":"Amarante","district":"Porto","postalCode":"4600-049","fuels":{"gasoline95":2.102,"gasoline95Plus":2.061,"gasolineMix":2.422,"diesel":2.129,"dieselPremium":2.059,"dieselAgri":1.677,"lpg":0.935},"lastUpdated":"2026-08-31 10:30","extra":{"stationType":"Outro"},"services":["Cafetaria","Calibragem de pneus","Lavagem","Loja de Conveniência","Multibanco","Restaurante","Venda de gás doméstico em garrafas","Venda de gasóleo agrícola","Venda de gasóleo para aquecimento","WC","WC para deficientes"],"hours":{"weekdays":"06:00-00:00","saturday":"06:00-00:00","sunday":"06:00-06:00","holiday":"06:00-06:00"},"paymentMethods":["Dinheiro","Multibanco"],"otherServices":"Lubrificantes e AdBlue","observations":null}},{"type":"Feature","geometry":{"type":"Point","coordinates":[-8.151086,41.331482]},"properties":{"id":"pt-69587","source":"PT","name":"BP - Lixa","brand":"BP","address":"Av. Da Republica ","municipality":"Felgueiras","district":"Porto","postalCode":"4615-659","fuels":{"gasoline95":2.084,"gasoline98Plus":2.334,"gasolineMix":2.8,"diesel":2.104,"dieselPremium":2.284,"dieselAgri":1.704},"lastUpdated":"2026-09-01 10:55","extra":{"stationType":"Outro"},"services":["Loja de Conveniência","Venda de gás doméstico em garrafas","Venda de gasóleo agrícola","WC"],"hours":{"weekdays":"07:00-23:00","saturday":"07:00-23:00","sunday":"07:00-23:00","holiday":"07:00-23:00"},"paymentMethods":["Dinheiro","MbWay","Multibanco"],"otherServices":null,"observations":null}},{"type":"Feature","geometry":{"type":"Point","coordinates":[-8.57383,41.27396]},"properties":{"id":"pt-69616","source":"PT","name":"Estaçao Serviço Coronado","brand":"BP","address":"Rua Vale do Coronado, 771","municipality":"Trofa","district":"Porto","postalCode":"4745-496","fuels":{"gasoline95":2.144,"gasoline98Plus":2.284,"diesel":2.164,"dieselPremium":2.284,"dieselAgri":1.704},"lastUpdated":"2026-09-01 09:15","extra":{"stationType":"Outro"},"services":["Cafetaria","Loja de Conveniência","Venda de gás doméstico em garrafas","Venda de gasóleo agrícola","WC"],"hours":{"weekdays":"07:00-21:00","saturday":"07:00-21:00","sunday":"07:00-20:00","holiday":"07:00-21:00"},"paymentMethods":["Dinheiro","MbWay","Multibanco"],"otherServices":null,"observations":null}},{"type":"Feature","geometry":{"type":"Point","coordinates":[-8.268588,41.116383]},"properties":{"id":"pt-69668","source":"PT","name":"P10 - PRIO Rio de Moinhos ","brand":"PRIO","address":"Rua Penedo da Pena nº 94","municipality":"Penafiel","district":"Porto","postalCode":"4575-499","fuels":{"gasoline95":2.054,"gasoline95Plus":1.994,"dieselPremium":2.014,"bioDiesel":1.984},"lastUpdated":"2026-09-05 00:30","extra":{"stationType":"Outro"},"services":["Calibragem de pneus"],"hours":{"weekdays":"06:00-22:00","saturday":"06:00-22:00","sunday":"06:00-22:00","holiday":"06:00-22:00"},"paymentMethods":["Dinheiro","MbWay","Multibanco","Outros"],"otherServices":null,"observations":null}},{"type":"Feature","geometry":{"type":"Point","coordinates":[-8.32799,41.21248]},"properties":{"id":"pt-69916","source":"PT","name":"Posto de Abastecimento de Paredes","brand":"REDE ENERGIA","address":"Rua das Cancelas, nº23","municipality":"Paredes","district":"Porto","postalCode":"4580-051","fuels":{"gasoline95":1.983,"gasoline95Plus":2.003,"diesel":1.979,"dieselPremium":1.999},"lastUpdated":"2026-09-01 09:00","extra":{"stationType":"Outro"},"services":["Cafetaria","Lavagem","Loja de Conveniência","Multibanco","Venda de gás doméstico em garrafas","WC"],"hours":{"weekdays":"06:00-22:00","saturday":"06:00-22:00","sunday":"06:00-22:00","holiday":"06:00-22:00"},"paymentMethods":["Dinheiro"],"otherServices":null,"observations":null}},{"type":"Feature","geometry":{"type":"Point","coordinates":[-8.17425,41.3768]},"properties":{"id":"pt-69998","source":"PT","name":"BP FELGUEIRAS","brand":"BP","address":"Estr. EN207 - Lameiro Morto-Friande-Felgueiras","municipality":"Felgueiras","district":"Porto","postalCode":"4610-318","fuels":{"gasoline95":2.084,"gasoline98Plus":2.334,"diesel":2.104,"dieselPremium":2.284,"dieselAgri":1.704},"lastUpdated":"2026-09-01 10:55","extra":{"stationType":"Outro"},"services":["Lavagem","Loja de Conveniência","Multibanco","Venda de gás doméstico em garrafas"],"hours":{"weekdays":"07:00-22:00","saturday":"07:00-22:00","sunday":"07:00-22:00","holiday":"07:00-22:00"},"paymentMethods":["Dinheiro"],"otherServices":null,"observations":null}},{"type":"Feature","geometry":{"type":"Point","coordinates":[-8.26672,41.33841]},"properties":{"id":"pt-70021","source":"PT","name":"CEPSA Barrosas","brand":"CEPSA","address":"Rua da revinhade n 339","municipality":"Felgueiras","district":"Porto","postalCode":"4650-373","fuels":{"gasoline95":2.029,"gasoline98Plus":2.3,"diesel":2.059,"dieselPremium":2.164,"dieselAgri":1.729},"lastUpdated":"2026-08-31 10:35","extra":{"stationType":"Outro"},"services":["Cafetaria","Venda de gasóleo agrícola"],"hours":{"weekdays":"07:00-23:00","saturday":"07:00-23:00","sunday":"07:00-23:00","holiday":"07:00-23:00"},"paymentMethods":["Dinheiro"],"otherServices":null,"observations":null}},{"type":"Feature","geometry":{"type":"Point","coordinates":[-8.33413,41.317451]},"properties":{"id":"pt-70022","source":"PT","name":"ALVES BANDEIRA Raimonda","brand":"ALVES BANDEIRA","address":"Rua da Igreja, nº13","municipality":"Paços de Ferreira","district":"Porto","postalCode":"4590-680","fuels":{"gasoline95":2.099,"gasoline98":2.269,"diesel":2.104,"dieselAgri":1.674},"lastUpdated":"2026-08-31 11:20","extra":{"stationType":"Outro"},"services":["Cafetaria","Loja de Conveniência","Venda de gás doméstico em garrafas","Venda de gasóleo agrícola","WC"],"hours":{"weekdays":"07:00-21:00","saturday":"07:00-21:00","sunday":"07:45-21:00","holiday":"07:45-21:00"},"paymentMethods":["Dinheiro","MbWay","Multibanco","Outros"],"otherServices":null,"observations":null}},{"type":"Feature","geometry":{"type":"Point","coordinates":[-8.08218,41.27545]},"properties":{"id":"pt-70055","source":"PT","name":"BP AMARANTE","brand":"BP","address":"Lugar do Salto","municipality":"Amarante","district":"Porto","postalCode":"4600-281","fuels":{"gasoline95":2.084,"gasoline98Plus":2.334,"diesel":2.104,"dieselPremium":2.284},"lastUpdated":"2026-09-01 10:55","extra":{"stationType":"Outro"},"services":["Cafetaria","Lavagem","Loja de Conveniência","Multibanco","Venda de gás doméstico em garrafas"],"hours":{"weekdays":"06:00-23:00","saturday":"06:00-23:00","sunday":"07:00-23:00","holiday":"07:00-23:00"},"paymentMethods":["Dinheiro"],"otherServices":null,"observations":null}},{"type":"Feature","geometry":{"type":"Point","coordinates":[-8.77771,41.43083]},"properties":{"id":"pt-70105","source":"PT","name":"LIMA & LIMA, Lda","brand":"Genérico","address":"Rua da Codixeira, n.º 159","municipality":"Póvoa de Varzim","district":"Porto","postalCode":"4495-025","fuels":{"gasoline95":2.169,"gasolineMix":2.2,"diesel":2.13,"dieselPremium":2.18,"dieselHeating":1.799,"dieselAgri":1.689},"lastUpdated":"2026-09-01 16:55","extra":{"stationType":"Outro"},"services":["Assistência auto","Cafetaria","Calibragem de pneus","Loja de Conveniência","Multibanco","Venda de carburante de qualidade superior","Venda de gás doméstico em garrafas","Venda de gasóleo agrícola","Venda de gasóleo para aquecimento","WC","WC para deficientes"],"hours":{"weekdays":"07:00-22:00","saturday":"07:00-22:00","sunday":"07:00-22:00","holiday":"07:00-22:00"},"paymentMethods":["Dinheiro","MbWay","Multibanco"],"otherServices":null,"observations":"Revendedor"}},{"type":"Feature","geometry":{"type":"Point","coordinates":[-8.625653,41.40749]},"properties":{"id":"pt-70122","source":"PT","name":"Q8 Balazar","brand":"Q8","address":"Rua Dª Benta, 244","municipality":"Póvoa de Varzim","district":"Porto","postalCode":"4570-044","fuels":{"gasoline95":1.959,"gasoline98":2.109,"diesel":1.969,"dieselPremium":1.989,"dieselAgri":1.544},"lastUpdated":"2026-08-31 09:35","extra":{"stationType":"Outro"},"services":["Loja de Conveniência","Multibanco","Venda de gás doméstico em garrafas","Venda de gasóleo agrícola","Venda de gasóleo para aquecimento","WC","WC para deficientes","AUTOvoucher"],"hours":{"weekdays":"07:00-22:00","saturday":"07:00-22:00","sunday":"07:00-22:00","holiday":"07:00-22:00"},"paymentMethods":["Dinheiro","Multibanco"],"otherServices":null,"observations":null}},{"type":"Feature","geometry":{"type":"Point","coordinates":[-8.19268,41.32086]},"properties":{"id":"pt-70399","source":"PT","name":"Petrovila - Combustíveis, Lda","brand":"Genérico","address":"Rua da Liberdade, S/N","municipality":"Felgueiras","district":"Porto","postalCode":"4650-092","fuels":{"gasoline95":2.039,"gasoline98":2.109,"diesel":2.047,"dieselPremium":2.077,"dieselAgri":1.619,"lpg":0.999},"lastUpdated":"2026-09-01 10:55","extra":{"stationType":"Outro"},"services":["Cafetaria","Lavagem","Loja de Conveniência","Multibanco","Venda de carburante de qualidade superior","Venda de gás doméstico em garrafas","Venda de gasóleo agrícola","Venda de gasóleo para aquecimento","WC","AUTOvoucher"],"hours":{"weekdays":"07:00-22:00","saturday":"07:00-22:00","sunday":"07:00-22:00","holiday":"07:00-22:00"},"paymentMethods":["Dinheiro","MbWay","Multibanco","Outros"],"otherServices":"ATM\r\nCarwash Self-Service\r\n","observations":null}},{"type":"Feature","geometry":{"type":"Point","coordinates":[-8.368063,41.167103]},"properties":{"id":"pt-70460","source":"PT","name":"Combustiveis vale do sousa, lda - PA Galp Parada de Todeia","brand":"GALP","address":"Rua dos Combatentes, Nº1530 - Parada de Todeia","municipality":"Paredes","district":"Porto","postalCode":"4585-251","fuels":{"gasoline95":2.099,"gasoline98Plus":2.299,"diesel":2.079,"dieselPremium":2.139},"lastUpdated":"2026-08-31 09:30","extra":{"stationType":"Outro"},"services":["Assistência auto","Cafetaria","Calibragem de pneus","Lavagem","Multibanco","Venda de carburante de qualidade superior","Venda de gás doméstico em garrafas","Venda de gasóleo para aquecimento","WC"],"hours":{"weekdays":"Aberto 24 horas","saturday":"Aberto 24 horas","sunday":"Aberto 24 horas","holiday":"Aberto 24 horas"},"paymentMethods":["Dinheiro","MbWay","Multibanco"],"otherServices":null,"observations":null}},{"type":"Feature","geometry":{"type":"Point","coordinates":[-8.641969,41.027802]},"properties":{"id":"pt-70492","source":"PT","name":"BP da Granja","brand":"BP","address":"Av. da Liberdade nº 213","municipality":"Vila Nova de Gaia","district":"Porto","postalCode":"4410-901","fuels":{"gasoline95":2.139,"gasoline98Plus":2.329,"diesel":2.159,"dieselPremium":2.279},"lastUpdated":"2026-08-31 10:05","extra":{"stationType":"Outro"},"services":["Cafetaria","Lavagem","Loja de Conveniência","Multibanco","Venda de carburante de qualidade superior","Venda de gás doméstico em garrafas","WC","WC para deficientes"],"hours":{"weekdays":"07:00-00:00","saturday":"07:00-00:00","sunday":"07:00-00:00","holiday":"07:00-00:00"},"paymentMethods":["Dinheiro","Multibanco"],"otherServices":null,"observations":null}},{"type":"Feature","geometry":{"type":"Point","coordinates":[-8.172588,41.377384]},"properties":{"id":"pt-70524","source":"PT","name":"Posto Sodimapi Felgueiras","brand":"Genérico","address":"Lameiro-Morto, Sendim","municipality":"Felgueiras","district":"Porto","postalCode":"4610-750","fuels":{"gasoline95":2.059,"gasoline98":2.239,"diesel":2.079,"dieselPremium":2.129,"dieselAgri":1.689,"lpg":0.944},"lastUpdated":"2026-08-31 08:45","extra":{"stationType":"Outro"},"services":["Cafetaria","Calibragem de pneus","Lavagem","Loja de Conveniência","Venda de carburante de qualidade superior","Venda de gás doméstico em garrafas","Venda de gasóleo agrícola","WC"],"hours":{"weekdays":"Aberto 24 horas","saturday":"Aberto 24 horas","sunday":"Aberto 24 horas","holiday":"Aberto 24 horas"},"paymentMethods":["Dinheiro","MbWay","Multibanco"],"otherServices":"Posto De Carregamento Rápido\r\n\r\nFAST CHARGING STATION","observations":null}},{"type":"Feature","geometry":{"type":"Point","coordinates":[-8.196886,41.289143]},"properties":{"id":"pt-70905","source":"PT","name":"Petro Estrada Real, Lda","brand":"Genérico","address":"Avenida Estrada Real, 458","municipality":"Lousada","district":"Porto","postalCode":"4620-755","fuels":{"gasoline95":2.057,"gasoline95Plus":2.092,"gasoline98":2.237,"gasolineMix":2.537,"diesel":2.056,"dieselPremium":2.091,"dieselAgri":1.614},"lastUpdated":"2026-08-31 13:00","extra":{"stationType":"Outro"},"services":["Cafetaria","Loja de Conveniência","Multibanco","WC"],"hours":{"weekdays":"Aberto 24 horas","saturday":"Aberto 24 horas","sunday":"Aberto 24 horas","holiday":"Aberto 24 horas"},"paymentMethods":["Dinheiro","MbWay","Multibanco"],"otherServices":null,"observations":null}},{"type":"Feature","geometry":{"type":"Point","coordinates":[-8.404371,41.271645]},"properties":{"id":"pt-71082","source":"PT","name":" PA Meixomil - VinhaSuper","brand":"VIA","address":"Avenida do Paço, Nº201","municipality":"Paços de Ferreira","district":"Porto","postalCode":"4595-213","fuels":{"gasoline95":2.009,"gasoline95Plus":2.049,"gasolineMix":2.4,"diesel":1.987,"dieselPremium":2.027},"lastUpdated":"2026-08-31 11:00","extra":{"stationType":"Outro"},"services":["Cafetaria","Loja de Conveniência","Multibanco","WC"],"hours":null,"paymentMethods":["Dinheiro"],"otherServices":null,"observations":null}},{"type":"Feature","geometry":{"type":"Point","coordinates":[-8.134625,41.23029]},"properties":{"id":"pt-71099","source":"PT","name":"Posto Vila Caiz ","brand":"Genérico","address":"Rua Padre Alvaro da Silva barbosa","municipality":"Amarante","district":"Porto","postalCode":"4600-782","fuels":{"gasoline95":2.032,"gasoline98":2.205,"gasolineMix":2.422,"diesel":2.039,"dieselPremium":2.079,"dieselHeating":2.07,"dieselAgri":1.677},"lastUpdated":"2026-08-31 10:35","extra":{"stationType":"Outro"},"services":["Cafetaria","Calibragem de pneus","Loja de Conveniência","Multibanco","Venda de gás doméstico em garrafas","Venda de gasóleo agrícola","Venda de gasóleo para aquecimento","WC"],"hours":{"weekdays":"07:00-23:00","saturday":"07:00-23:00","sunday":"07:00-23:00","holiday":"07:00-23:00"},"paymentMethods":["Dinheiro","Multibanco"],"otherServices":"Lubrificantes e AdBlue","observations":null}},{"type":"Feature","geometry":{"type":"Point","coordinates":[-8.11844,41.2661]},"properties":{"id":"pt-71200","source":"PT","name":"POSTO DE FREGIM","brand":"Genérico","address":"Rua da Boavista nº1730","municipality":"Amarante","district":"Porto","postalCode":"4600-593","fuels":{"gasoline95":2.032,"diesel":2.039,"dieselPremium":2.079,"dieselHeating":2.07,"dieselAgri":1.677},"lastUpdated":"2026-08-31 10:35","extra":{"stationType":"Outro"},"services":["Cafetaria","Loja de Conveniência","Multibanco","Venda de gás doméstico em garrafas","Venda de gasóleo agrícola","Venda de gasóleo para aquecimento","WC"],"hours":{"weekdays":"07:00-22:00","saturday":"07:00-22:00","sunday":"07:00-22:00","holiday":"07:00-22:00"},"paymentMethods":["Dinheiro","MbWay","Multibanco"],"otherServices":null,"observations":null}},{"type":"Feature","geometry":{"type":"Point","coordinates":[-8.03583,41.2455]},"properties":{"id":"pt-71201","source":"PT","name":"POSTO DO CAVALINHO","brand":"Genérico","address":"Rua de Palmazões, EN 101","municipality":"Amarante","district":"Porto","postalCode":"4600-001","fuels":{"gasoline95":2.032,"diesel":2.039,"dieselPremium":2.079,"dieselAgri":1.677},"lastUpdated":"2026-08-31 10:30","extra":{"stationType":"Outro"},"services":["Cafetaria","Calibragem de pneus","Lavagem","Loja de Conveniência","Multibanco","Venda de carburante de qualidade superior","Venda de gás doméstico em garrafas","Venda de gasóleo agrícola","WC"],"hours":{"weekdays":"07:00-23:00","saturday":"07:00-23:00","sunday":"07:00-23:00","holiday":"07:00-23:00"},"paymentMethods":["Dinheiro","MbWay","Multibanco"],"otherServices":"Lubrificantes e AdBlue","observations":" LUBRIFICANTES"}},{"type":"Feature","geometry":{"type":"Point","coordinates":[-8.353673,41.305446]},"properties":{"id":"pt-71661","source":"PT","name":"TF GEST FIGUEIRÓ","brand":"FREITAS","address":"Av. da Liberdade nº10-14","municipality":"Paços de Ferreira","district":"Porto","postalCode":"4590-196","fuels":{"gasoline95":2.059,"gasoline95Plus":2.079,"diesel":2.069,"dieselPremium":2.089},"lastUpdated":"2026-09-01 00:00","extra":{"stationType":"Outro"},"services":["Loja de Conveniência","Venda de gás doméstico em garrafas","WC"],"hours":{"weekdays":"07:00-22:00","saturday":"07:00-22:00","sunday":"07:00-22:00","holiday":"07:00-22:00"},"paymentMethods":["Dinheiro","MbWay","Multibanco"],"otherServices":null,"observations":null}},{"type":"Feature","geometry":{"type":"Point","coordinates":[-8.47625,41.33802]},"properties":{"id":"pt-71689","source":"PT","name":"PRIO Santo Tirso","brand":"PRIO","address":"Rua Ferreira Lemos","municipality":"Santo Tirso","district":"Porto","postalCode":"4780-468","fuels":{"gasoline95":2.054,"gasoline95Plus":1.969,"dieselPremium":2.004,"bioDiesel":1.974},"lastUpdated":"2026-09-05 00:30","extra":{"stationType":"Outro"},"services":["Loja de Conveniência","Venda de gás doméstico em garrafas","WC"],"hours":{"weekdays":"07:00-23:00","saturday":"07:00-23:00","sunday":"07:00-23:00","holiday":"07:00-23:00"},"paymentMethods":["Dinheiro","MbWay","Multibanco","Outros"],"otherServices":null,"observations":null}},{"type":"Feature","geometry":{"type":"Point","coordinates":[-8.598093,41.257748]},"properties":{"id":"pt-71794","source":"PT","name":"PRIO Maia - Via Diagonal","brand":"PRIO","address":"Via Diagonal, Gondim, nº 1724","municipality":"Maia","district":"Porto","postalCode":"4475-400","fuels":{"gasoline95":2.054,"gasoline95Plus":2.004,"dieselPremium":2.029,"bioDiesel":1.999},"lastUpdated":"2026-09-05 00:30","extra":{"stationType":"Outro"},"services":["Cafetaria","Calibragem de pneus","Lavagem","Loja de Conveniência","Multibanco","Venda de gás doméstico em garrafas","WC","WC para deficientes"],"hours":{"weekdays":"07:00-23:00","saturday":"07:00-23:00","sunday":"07:00-23:00","holiday":"07:00-23:00"},"paymentMethods":["Dinheiro","MbWay","Multibanco","Outros"],"otherServices":null,"observations":null}},{"type":"Feature","geometry":{"type":"Point","coordinates":[-8.75503,41.39275]},"properties":{"id":"pt-71795","source":"PT","name":"PRIO Póvoa do Varzim","brand":"PRIO","address":"Av. 25 de Abril","municipality":"Póvoa de Varzim","district":"Porto","postalCode":"4490-000","fuels":{"gasoline95":2.054,"gasoline95Plus":1.949,"dieselPremium":1.984,"bioDiesel":1.954,"lpg":0.899},"lastUpdated":"2026-09-05 00:30","extra":{"stationType":"Outro"},"services":["Assistência auto","Cafetaria","Calibragem de pneus","Lavagem","Loja de Conveniência","Multibanco","Venda de carburante de qualidade superior","Venda de gás doméstico em garrafas","WC","WC com fraldário","WC para deficientes"],"hours":{"weekdays":"07:00-23:00","saturday":"07:00-23:00","sunday":"07:00-23:00","holiday":"07:00-23:00"},"paymentMethods":["Dinheiro","MbWay","Multibanco","Outros"],"otherServices":null,"observations":null}},{"type":"Feature","geometry":{"type":"Point","coordinates":[-8.155601,41.186696]},"properties":{"id":"pt-71990","source":"PT","name":"E.S. MARCO DE CANAVEZES","brand":"REPSOL","address":"Av. Bombeiros Voluntários do Marco de Canavezes, 1002","municipality":"Marco de Canaveses","district":"Porto","postalCode":"4630-070","fuels":{"gasoline95":2.054,"gasoline95Plus":2.124,"gasoline98Plus":2.254,"diesel":2.074,"dieselPremium":2.144,"lpg":0.964},"lastUpdated":"2026-09-05 00:00","extra":{"stationType":"Outro"},"services":["Cafetaria","Lavagem","Loja de Conveniência","Multibanco","Venda de carburante de qualidade superior","Venda de gás doméstico em garrafas","WC","WC para deficientes"],"hours":{"weekdays":"Aberto 24 horas","saturday":"Aberto 24 horas","sunday":"Aberto 24 horas","holiday":"Aberto 24 horas"},"paymentMethods":["Dinheiro"],"otherServices":null,"observations":null}},{"type":"Feature","geometry":{"type":"Point","coordinates":[-8.651816,41.237464]},"properties":{"id":"pt-72148","source":"PT","name":"A41 Moreira-Maia (Sul)","brand":"BP","address":"Área de Serviço Moreira-Maia, A41 Sublanço Alipor  EN 3, km 4,3 e 4,8","municipality":"Maia","district":"Porto","postalCode":"4470-372","fuels":{"gasoline95":2.144,"gasoline98Plus":2.334,"diesel":2.164,"dieselPremium":2.284},"lastUpdated":"2026-09-01 07:45","extra":{"stationType":"Auto-estrada"},"services":["Cafetaria","Descanso de pesados","Loja de Conveniência","Venda de gás doméstico em garrafas","WC"],"hours":{"weekdays":"Aberto 24 horas","saturday":"Aberto 24 horas","sunday":"Aberto 24 horas","holiday":"Aberto 24 horas"},"paymentMethods":["Dinheiro","MbWay","Multibanco"],"otherServices":null,"observations":null}},{"type":"Feature","geometry":{"type":"Point","coordinates":[-8.65447,41.23717]},"properties":{"id":"pt-72149","source":"PT","name":"A41 Moreira-Maia (Norte)","brand":"BP","address":"Área de Serviço Moreira-Maia, A41 Sublanço Alipor, EN 3, km 4,3 e 4,8","municipality":"Maia","district":"Porto","postalCode":"4470-372","fuels":{"gasoline95":2.144,"gasoline98Plus":2.334,"diesel":2.164,"dieselPremium":2.284},"lastUpdated":"2026-09-01 07:45","extra":{"stationType":"Auto-estrada"},"services":["Cafetaria","Descanso de pesados","Loja de Conveniência","Venda de gás doméstico em garrafas","WC"],"hours":{"weekdays":"Aberto 24 horas","saturday":"Aberto 24 horas","sunday":"Aberto 24 horas","holiday":"Aberto 24 horas"},"paymentMethods":["Dinheiro","MbWay","Multibanco"],"otherServices":null,"observations":null}},{"type":"Feature","geometry":{"type":"Point","coordinates":[-8.634278,41.312733]},"properties":{"id":"pt-72192","source":"PT","name":"P11 - PRIO Canidelo","brand":"PRIO","address":"RUA SANTA EUFÉMIA, Nº174","municipality":"Vila do Conde","district":"Porto","postalCode":"4485-060","fuels":{"gasoline95":2.054,"gasoline95Plus":2.014,"dieselPremium":2.039,"dieselAgri":1.574,"bioDiesel":2.009},"lastUpdated":"2026-09-05 00:30","extra":{"stationType":"Outro"},"services":["Cafetaria","Calibragem de pneus","Lavagem","Loja de Conveniência","WC"],"hours":{"weekdays":"07:00-21:00","saturday":"07:00-21:00","sunday":"07:00-21:00","holiday":"07:00-21:00"},"paymentMethods":["Dinheiro","MbWay","Multibanco","Outros"],"otherServices":null,"observations":null}},{"type":"Feature","geometry":{"type":"Point","coordinates":[-8.191701,41.152203]},"properties":{"id":"pt-72370","source":"PT","name":"TF GEST AVESSADAS","brand":"FREITAS","address":"EN 210, km 67,500 - Avenida Santuário Menino Jesus de Praga, 809","municipality":"Marco de Canaveses","district":"Porto","postalCode":"4630-100","fuels":{"gasoline95":2.079,"gasoline98Plus":2.299,"diesel":2.089,"dieselPremium":2.109},"lastUpdated":"2026-09-01 00:00","extra":{"stationType":"Outro"},"services":["Calibragem de pneus"],"hours":null,"paymentMethods":["Dinheiro"],"otherServices":null,"observations":null}},{"type":"Feature","geometry":{"type":"Point","coordinates":[-8.606833,41.27824]},"properties":{"id":"pt-72536","source":"PT","name":"ALVES BANDEIRA Espinhosa","brand":"ALVES BANDEIRA","address":"Rua da Espinhosa, Nº 530","municipality":"Maia","district":"Porto","postalCode":"4475-699","fuels":{"gasoline95":2.094,"diesel":2.099,"dieselPremium":2.119,"dieselAgri":1.669},"lastUpdated":"2026-08-31 12:05","extra":{"stationType":"Outro"},"services":["Calibragem de pneus"],"hours":null,"paymentMethods":["Dinheiro","MbWay","Multibanco","Outros"],"otherServices":null,"observations":null}},{"type":"Feature","geometry":{"type":"Point","coordinates":[-8.43428,41.26627]},"properties":{"id":"pt-72600","source":"PT","name":"PAGRIPACENSE","brand":"Genérico","address":"RUA S MAMEDE DE SEROA","municipality":"Paços de Ferreira","district":"Porto","postalCode":"4595-456","fuels":{"gasoline95":1.958,"gasoline98":1.999,"diesel":1.979,"dieselPremium":1.998,"dieselHeating":1.895,"dieselAgri":1.653},"lastUpdated":"2026-09-04 00:20","extra":{"stationType":"Outro"},"services":["Assistência auto","Lavagem","Loja de Conveniência","Venda de gás doméstico em garrafas","Venda de gasóleo agrícola","Venda de gasóleo para aquecimento"],"hours":{"weekdays":"07:00-20:00","saturday":"07:00-20:00","sunday":"Fechado","holiday":"Fechado"},"paymentMethods":["Dinheiro"],"otherServices":null,"observations":null}},{"type":"Feature","geometry":{"type":"Point","coordinates":[-8.24362,41.28507]},"properties":{"id":"pt-73636","source":"PT","name":"Petro São Gonçalo","brand":"Genérico","address":"AV. S. GONÇALO, Nº 246","municipality":"Lousada","district":"Porto","postalCode":"4620-316","fuels":{"gasoline95":2.055,"gasoline95Plus":2.075,"gasoline98":2.215,"gasolineMix":2.55,"diesel":2.061,"dieselPremium":2.081,"dieselHeating":2.087,"dieselAgri":1.645},"lastUpdated":"2026-08-31 23:00","extra":{"stationType":"Outro"},"services":["Multibanco","WC"],"hours":{"weekdays":"06:00-23:00","saturday":"06:00-23:00","sunday":"07:00-23:00","holiday":"07:00-23:00"},"paymentMethods":["Dinheiro"],"otherServices":null,"observations":null}},{"type":"Feature","geometry":{"type":"Point","coordinates":[-8.52628,41.04157]},"properties":{"id":"pt-73706","source":"PT","name":"PA Sandim","brand":"OZ Energia","address":"Rua Gondesindo Eres, 219","municipality":"Vila Nova de Gaia","district":"Porto","postalCode":"4415-831","fuels":{"gasoline95":2.049,"gasoline98":2.184,"gasolineMix":2.24,"diesel":2.069,"dieselPremium":2.099,"dieselAgri":1.599},"lastUpdated":"2026-08-31 14:30","extra":{"stationType":"Outro"},"services":["Venda de carburante de qualidade superior","Venda de gasóleo agrícola","AUTOvoucher"],"hours":{"weekdays":"07:00-22:00","saturday":"07:00-22:00","sunday":"07:00-22:00","holiday":"07:00-22:00"},"paymentMethods":["Dinheiro","Multibanco"],"otherServices":null,"observations":null}},{"type":"Feature","geometry":{"type":"Point","coordinates":[-8.433051,41.165243]},"properties":{"id":"pt-73827","source":"PT","name":"ALVES BANDEIRA Recarei","brand":"ALVES BANDEIRA","address":"Rua João Paulo II (EN 15-3)","municipality":"Paredes","district":"Porto","postalCode":"4585-640","fuels":{"gasoline95":2.094,"gasoline98":2.264,"diesel":2.099,"dieselPremium":2.119,"dieselAgri":1.669},"lastUpdated":"2026-08-31 11:15","extra":{"stationType":"Outro"},"services":["Loja de Conveniência","Venda de gás doméstico em garrafas","Venda de gasóleo agrícola","WC","WC para deficientes"],"hours":{"weekdays":"07:00-22:00","saturday":"07:00-22:00","sunday":"07:00-22:00","holiday":"07:00-22:00"},"paymentMethods":["Dinheiro","MbWay","Multibanco","Outros"],"otherServices":null,"observations":null}},{"type":"Feature","geometry":{"type":"Point","coordinates":[-8.61228,41.1833]},"properties":{"id":"pt-74125","source":"PT","name":"Galp Amial","brand":"GALP","address":"Estrada Interior da Circunvalação 8718","municipality":"Porto","district":"Porto","postalCode":"4200-180","fuels":{"gasoline95":2.099,"gasoline95Plus":2.149,"diesel":2.119,"dieselPremium":2.169},"lastUpdated":"2026-08-31 07:10","extra":{"stationType":"Outro"},"services":["Multibanco","Venda de gás doméstico em garrafas"],"hours":{"weekdays":"07:00-23:59","saturday":"07:00-23:59","sunday":"07:00-23:59","holiday":"07:00-23:59"},"paymentMethods":["Dinheiro"],"otherServices":null,"observations":null}},{"type":"Feature","geometry":{"type":"Point","coordinates":[-8.59839,41.236955]},"properties":{"id":"pt-74173","source":"PT","name":"Galp Maia Jardim","brand":"GALP","address":"Rua Agostinho da Silva Rocha, S/N","municipality":"Maia","district":"Porto","postalCode":"4475-451","fuels":{"gasoline95":2.064,"diesel":2.077,"dieselPremium":2.127},"lastUpdated":"2026-08-31 07:15","extra":{"stationType":"Outro"},"services":[],"hours":{"weekdays":"Aberto 24 horas","saturday":"Aberto 24 horas","sunday":"Aberto 24 horas","holiday":"Aberto 24 horas"},"paymentMethods":["Dinheiro"],"otherServices":null,"observations":null}},{"type":"Feature","geometry":{"type":"Point","coordinates":[-8.619664,41.249943]},"properties":{"id":"pt-74261","source":"PT","name":"AUCHAN Maia","brand":"AUCHAN","address":"Rua Velha de Mandim, nº 67","municipality":"Maia","district":"Porto","postalCode":"4470-053","fuels":{"gasoline95":1.979,"diesel":1.999,"dieselPremium":2.019,"lpg":0.889},"lastUpdated":"2026-09-02 09:05","extra":{"stationType":"Outro"},"services":["Calibragem de pneus"],"hours":{"weekdays":"Aberto 24 horas","saturday":"Aberto 24 horas","sunday":"Aberto 24 horas","holiday":"Aberto 24 horas"},"paymentMethods":["Dinheiro"],"otherServices":null,"observations":null}},{"type":"Feature","geometry":{"type":"Point","coordinates":[-8.27292,41.28532]},"properties":{"id":"pt-74268","source":"PT","name":"BP  NOGUEIRA LOUSADA","brand":"BP","address":"Estrada Carreira da Areia","municipality":"Lousada","district":"Porto","postalCode":"4620-462","fuels":{"gasoline95":2.094,"gasoline98Plus":2.334,"diesel":2.114,"dieselPremium":2.284,"dieselAgri":1.704},"lastUpdated":"2026-08-31 20:30","extra":{"stationType":"Outro"},"services":["Cafetaria","Lavagem","Loja de Conveniência","Multibanco","Venda de gás doméstico em garrafas","Venda de gasóleo agrícola","WC"],"hours":{"weekdays":"07:00-23:00","saturday":"07:00-23:00","sunday":"07:00-23:00","holiday":"07:00-23:00"},"paymentMethods":["Dinheiro","MbWay","Multibanco"],"otherServices":null,"observations":null}},{"type":"Feature","geometry":{"type":"Point","coordinates":[-8.72196,41.24543]},"properties":{"id":"pt-74546","source":"PT","name":"Gepoil | PAC Lavra","brand":"BP","address":"Rua Manuel Francisco Correia","municipality":"Matosinhos","district":"Porto","postalCode":"4455-158","fuels":{"gasoline95":2.139,"gasoline98Plus":2.199,"diesel":2.159,"dieselPremium":2.279},"lastUpdated":"2026-08-31 10:05","extra":{"stationType":"Outro"},"services":["Cafetaria"],"hours":null,"paymentMethods":["Dinheiro"],"otherServices":null,"observations":null}},{"type":"Feature","geometry":{"type":"Point","coordinates":[-8.568003,41.045485]},"properties":{"id":"pt-76006","source":"PT","name":"PD GRIJÓ","brand":"PINGO DOCE","address":"B.Park-Rua Boavista-Lugar Barrancas-G","municipality":"Vila Nova de Gaia","district":"Porto","postalCode":"4415-000","fuels":{"gasoline95":1.993,"gasoline98Plus":2.329,"diesel":1.984,"dieselPremium":2.279},"lastUpdated":"2026-09-01 00:00","extra":{"stationType":"Outro"},"services":[],"hours":{"weekdays":"08:00-21:00","saturday":"08:00-21:00","sunday":"08:00-21:00","holiday":"08:00-21:00"},"paymentMethods":["Dinheiro"],"otherServices":null,"observations":null}},{"type":"Feature","geometry":{"type":"Point","coordinates":[-8.646461,41.130836]},"properties":{"id":"pt-76024","source":"PT","name":"AUCHAN Canidelo","brand":"AUCHAN","address":"Rua do Emissor, 236-238 Canidelo","municipality":"Vila Nova de Gaia","district":"Porto","postalCode":"4400-436","fuels":{"gasoline95":1.969,"diesel":1.959,"dieselPremium":1.979,"lpg":0.879},"lastUpdated":"2026-09-02 09:05","extra":{"stationType":"Outro"},"services":["Calibragem de pneus"],"hours":{"weekdays":"Aberto 24 horas","saturday":"Aberto 24 horas","sunday":"Aberto 24 horas","holiday":"Aberto 24 horas"},"paymentMethods":["Dinheiro"],"otherServices":null,"observations":null}},{"type":"Feature","geometry":{"type":"Point","coordinates":[-8.648651,41.17751]},"properties":{"id":"pt-76102","source":"PT","name":"PRIO Porto - Zona Industrial","brand":"PRIO","address":"Rua Engenheiro Ferreira Dias, Freguesia de Ramalde, 1104,1150","municipality":"Porto","district":"Porto","postalCode":"4100-247","fuels":{"gasoline95":2.054,"gasoline95Plus":1.994,"dieselPremium":2.019,"bioDiesel":1.989,"lpg":0.899},"lastUpdated":"2026-09-05 00:30","extra":{"stationType":"Outro"},"services":["Cafetaria","Calibragem de pneus","Loja de Conveniência","Venda de gás doméstico em garrafas","WC","WC para deficientes"],"hours":{"weekdays":"Aberto 24 horas","saturday":"Aberto 24 horas","sunday":"Aberto 24 horas","holiday":"Aberto 24 horas"},"paymentMethods":["Dinheiro","MbWay","Multibanco","Outros"],"otherServices":null,"observations":null}},{"type":"Feature","geometry":{"type":"Point","coordinates":[-8.57401,41.10897]},"properties":{"id":"pt-76523","source":"PT","name":"PRIO Gaia","brand":"PRIO","address":"Gaveto da Av. Vasco da Gama com a Rua de Baiza, nº1243 ","municipality":"Vila Nova de Gaia","district":"Porto","postalCode":"4430-335","fuels":{"gasoline95":2.054,"gasoline95Plus":1.959,"dieselPremium":2.009,"bioDiesel":1.979,"lpg":0.899},"lastUpdated":"2026-09-05 00:30","extra":{"stationType":"Outro"},"services":["Assistência auto","Cafetaria","Calibragem de pneus","Lavagem","Loja de Conveniência","Multibanco","Venda de carburante de qualidade superior","Venda de gás doméstico em garrafas","WC","WC com fraldário","WC para deficientes"],"hours":{"weekdays":"Aberto 24 horas","saturday":"Aberto 24 horas","sunday":"Aberto 24 horas","holiday":"Aberto 24 horas"},"paymentMethods":["Dinheiro","MbWay","Multibanco","Outros"],"otherServices":null,"observations":null}},{"type":"Feature","geometry":{"type":"Point","coordinates":[-8.28709,41.27032]},"properties":{"id":"pt-76524","source":"PT","name":"PD LOUSADA","brand":"PINGO DOCE","address":"Rua Sto. André","municipality":"Lousada","district":"Porto","postalCode":"4620-214","fuels":{"gasoline95":1.993,"gasoline98Plus":2.329,"diesel":1.984,"dieselPremium":2.279},"lastUpdated":"2026-09-01 00:00","extra":{"stationType":"Outro"},"services":[],"hours":{"weekdays":"Aberto 24 horas","saturday":"Aberto 24 horas","sunday":"Aberto 24 horas","holiday":"Aberto 24 horas"},"paymentMethods":["Dinheiro"],"otherServices":null,"observations":null}},{"type":"Feature","geometry":{"type":"Point","coordinates":[-8.4808,41.18385]},"properties":{"id":"pt-76640","source":"PT","name":"INTERMARCHÉ VALONGO","brand":"INTERMARCHÉ","address":"Trav. António Augusto Castro Paupério, lote 36","municipality":"Valongo","district":"Porto","postalCode":"4440-007","fuels":{"gasoline95":1.955,"gasoline98":2.165,"diesel":1.969,"dieselPremium":1.999},"lastUpdated":"2026-09-04 20:00","extra":{"stationType":"Outro"},"services":["Assistência auto","Cafetaria","Multibanco","Restaurante","WC","WC com fraldário","WC para deficientes"],"hours":{"weekdays":"Aberto 24 horas","saturday":"Aberto 24 horas","sunday":"Aberto 24 horas","holiday":"Aberto 24 horas"},"paymentMethods":["Dinheiro"],"otherServices":null,"observations":null}},{"type":"Feature","geometry":{"type":"Point","coordinates":[-8.16869,41.199]},"properties":{"id":"pt-77078","source":"PT","name":"TFGEST - SOBRETÂMEGA","brand":"FREITAS","address":"EM 586, Lg S. Pedro nº 192","municipality":"Marco de Canaveses","district":"Porto","postalCode":"4635-403","fuels":{"gasoline95":2.119,"gasoline98Plus":2.319,"diesel":2.129,"dieselPremium":2.149,"dieselAgri":1.719},"lastUpdated":"2026-08-31 23:45","extra":{"stationType":"Outro"},"services":["Loja de Conveniência","Venda de gás doméstico em garrafas","Venda de gasóleo agrícola","WC"],"hours":{"weekdays":"07:00-23:00","saturday":"07:00-23:00","sunday":"07:00-23:00","holiday":"07:00-23:00"},"paymentMethods":["Dinheiro","MbWay","Multibanco"],"otherServices":null,"observations":null}},{"type":"Feature","geometry":{"type":"Point","coordinates":[-8.50938,41.10776]},"properties":{"id":"pt-77494","source":"PT","name":"TF GEST - JOVIM","brand":"FREITAS","address":"Rua D. Miguel, EM 614","municipality":"Gondomar","district":"Porto","postalCode":"4420-000","fuels":{"gasoline95":2.029,"gasoline95Plus":2.089,"gasoline98Plus":2.309,"diesel":2.029,"dieselPremium":2.099},"lastUpdated":"2026-09-01 00:05","extra":{"stationType":"Outro"},"services":["Cafetaria","Venda de gás doméstico em garrafas","WC"],"hours":{"weekdays":"07:00-23:00","saturday":"07:00-23:00","sunday":"07:00-23:00","holiday":"07:00-23:00"},"paymentMethods":["Dinheiro","MbWay","Multibanco"],"otherServices":null,"observations":null}},{"type":"Feature","geometry":{"type":"Point","coordinates":[-8.679641,41.30081]},"properties":{"id":"pt-77616","source":"PT","name":"SHEL Gião (Rochio)","brand":"SHELL","address":"Rua da Estrada Principal","municipality":"Vila do Conde","district":"Porto","postalCode":"4485-176","fuels":{"gasoline95":2.114,"gasoline98":2.309,"diesel":2.139,"dieselPremium":2.219,"dieselAgri":1.744},"lastUpdated":"2026-08-31 09:15","extra":{"stationType":"Outro"},"services":["Cafetaria","Lavagem","Loja de Conveniência","Multibanco","Venda de gás doméstico em garrafas","WC","WC para deficientes"],"hours":{"weekdays":"07:00-21:00","saturday":"08:00-20:00","sunday":null,"holiday":"Fechado"},"paymentMethods":["Dinheiro","Multibanco"],"otherServices":null,"observations":null}},{"type":"Feature","geometry":{"type":"Point","coordinates":[-8.566582,41.045486]},"properties":{"id":"pt-77830","source":"PT","name":"CFSJMGE- CRL_GRIJO1","brand":"Genérico","address":"Rua da Boavista, 147","municipality":"Vila Nova de Gaia","district":"Porto","postalCode":"4415-801","fuels":{"gasoline95":1.989,"gasoline98Plus":2.129,"diesel":2.039,"dieselHeating":2.225,"dieselAgri":1.579},"lastUpdated":"2026-08-31 09:20","extra":{"stationType":"Outro"},"services":["Calibragem de pneus"],"hours":{"weekdays":"06:00-22:00","saturday":"06:00-22:00","sunday":"06:00-22:00","holiday":"00:00-00:00"},"paymentMethods":["Dinheiro"],"otherServices":null,"observations":null}},{"type":"Feature","geometry":{"type":"Point","coordinates":[-8.40245,41.36472]},"properties":{"id":"pt-77835","source":"PT","name":"Intermarché Vila das Aves","brand":"INTERMARCHÉ","address":"Lugar da Tojela","municipality":"Santo Tirso","district":"Porto","postalCode":"4796-908","fuels":{"gasoline95":1.934,"gasoline95Plus":1.986,"diesel":1.982,"dieselPremium":2.012},"lastUpdated":"2026-09-01 08:45","extra":{"stationType":"Outro"},"services":["Multibanco"],"hours":{"weekdays":"Aberto 24 horas","saturday":"Aberto 24 horas","sunday":"Aberto 24 horas","holiday":"Aberto 24 horas"},"paymentMethods":["Dinheiro"],"otherServices":null,"observations":null}},{"type":"Feature","geometry":{"type":"Point","coordinates":[-8.2673,41.32985]},"properties":{"id":"pt-77849","source":"PT","name":"ALVES BANDEIRA Barrosas","brand":"ALVES BANDEIRA","address":"Lugar da Mata, nº9","municipality":"Lousada","district":"Porto","postalCode":"4620-615","fuels":{"gasoline95":2.099,"gasoline98":2.269,"diesel":2.104,"dieselAgri":1.674},"lastUpdated":"2026-08-31 12:05","extra":{"stationType":"Outro"},"services":["Cafetaria","Loja de Conveniência","Venda de gás doméstico em garrafas","Venda de gasóleo agrícola","WC"],"hours":{"weekdays":"07:00-22:00","saturday":"08:00-22:00","sunday":"08:00-22:00","holiday":"08:00-22:00"},"paymentMethods":["Dinheiro","MbWay","Multibanco","Outros"],"otherServices":null,"observations":null}},{"type":"Feature","geometry":{"type":"Point","coordinates":[-8.602517,41.087156]},"properties":{"id":"pt-77887","source":"PT","name":"PRIO Canelas","brand":"PRIO","address":"Rua das Lajes, nº 1165","municipality":"Vila Nova de Gaia","district":"Porto","postalCode":"4410-272","fuels":{"gasoline95":2.054,"gasoline95Plus":1.924,"dieselPremium":2.019,"bioDiesel":1.989,"lpg":0.899},"lastUpdated":"2026-09-05 00:30","extra":{"stationType":"Outro"},"services":["Cafetaria","Calibragem de pneus","Lavagem","Loja de Conveniência","Multibanco","Venda de carburante de qualidade superior","Venda de gás doméstico em garrafas","WC","WC com fraldário","WC para deficientes"],"hours":{"weekdays":"07:00-23:00","saturday":"07:00-23:00","sunday":"07:00-23:00","holiday":"07:00-23:00"},"paymentMethods":["Dinheiro","MbWay","Outros"],"otherServices":null,"observations":null}},{"type":"Feature","geometry":{"type":"Point","coordinates":[-8.38008,41.21612]},"properties":{"id":"pt-78162","source":"PT","name":"Nova Paredes - Duas Igrejas","brand":"NOVA","address":"Avenida Sá Carneiro","municipality":"Paredes","district":"Porto","postalCode":"4580-386","fuels":{"gasoline95":1.969,"diesel":1.909,"dieselPremium":1.959},"lastUpdated":"2026-09-04 15:40","extra":{"stationType":"Outro"},"services":["Cafetaria","Loja de Conveniência","WC"],"hours":null,"paymentMethods":["Dinheiro"],"otherServices":null,"observations":null}},{"type":"Feature","geometry":{"type":"Point","coordinates":[-8.25873,41.2845]},"properties":{"id":"pt-78224","source":"PT","name":"TF GEST - LOUSADA","brand":"FREITAS","address":"Estrada da Coutada","municipality":"Lousada","district":"Porto","postalCode":"4620-188","fuels":{"gasoline95":2.039,"gasoline98Plus":2.299,"diesel":2.039,"dieselPremium":2.059,"dieselAgri":1.679},"lastUpdated":"2026-09-05 00:00","extra":{"stationType":"Outro"},"services":["Calibragem de pneus"],"hours":null,"paymentMethods":["Dinheiro"],"otherServices":null,"observations":null}},{"type":"Feature","geometry":{"type":"Point","coordinates":[-8.570117,41.326407]},"properties":{"id":"pt-78388","source":"PT","name":"PD TROFA SÃO TIAGO","brand":"PINGO DOCE","address":"Rua Aldeias de Cima","municipality":"Trofa","district":"Porto","postalCode":"4785-699","fuels":{"gasoline95":1.993,"gasoline95Plus":1.941,"gasoline98Plus":2.329,"diesel":1.984,"dieselPremium":2.279},"lastUpdated":"2026-09-01 00:00","extra":{"stationType":"Outro"},"services":[],"hours":{"weekdays":"Aberto 24 horas","saturday":"Aberto 24 horas","sunday":"Aberto 24 horas","holiday":"Aberto 24 horas"},"paymentMethods":["Dinheiro"],"otherServices":null,"observations":null}},{"type":"Feature","geometry":{"type":"Point","coordinates":[-8.23407,41.2266]},"properties":{"id":"pt-78559","source":"PT","name":"Combustiveis William Dias, Ldª","brand":"GALP","address":"EN 15, Km 36,580","municipality":"Penafiel","district":"Porto","postalCode":"4560-000","fuels":{"gasoline95":2.104,"gasoline95Plus":2.154,"diesel":2.117,"dieselPremium":2.167,"dieselAgri":1.694},"lastUpdated":"2026-09-02 11:00","extra":{"stationType":"Outro"},"services":[],"hours":{"weekdays":"06:00-22:00","saturday":"06:00-22:00","sunday":"06:00-22:00","holiday":"06:00-22:00"},"paymentMethods":["Dinheiro"],"otherServices":null,"observations":null}},{"type":"Feature","geometry":{"type":"Point","coordinates":[-8.619685,41.167393]},"properties":{"id":"pt-78734","source":"PT","name":"PORTO - SÃO DINIS","brand":"CEPSA","address":"RUA SÃO DINIS, Nº 296","municipality":"Porto","district":"Porto","postalCode":"4250-427","fuels":{"gasoline95":1.948,"gasoline95Plus":1.998,"diesel":1.974,"dieselPremium":2.024},"lastUpdated":"2026-08-31 00:00","extra":{"stationType":"Outro"},"services":["Cafetaria","Loja de Conveniência","Multibanco","WC"],"hours":null,"paymentMethods":["Dinheiro"],"otherServices":null,"observations":null}},{"type":"Feature","geometry":{"type":"Point","coordinates":[-8.221108,41.29394]},"properties":{"id":"pt-79587","source":"PT","name":"ALVES BANDEIRA Torno","brand":"ALVES BANDEIRA","address":"Lugar de Moinhos, Av. Dos Rios, Nº 561 - Lousada","municipality":"Lousada","district":"Porto","postalCode":"4620-771","fuels":{"gasoline95":2.099,"gasoline98":2.269,"gasolineMix":2.255,"diesel":2.104,"dieselPremium":2.124,"dieselAgri":1.674},"lastUpdated":"2026-08-31 10:55","extra":{"stationType":"Outro"},"services":["Calibragem de pneus"],"hours":{"weekdays":"07:00-22:00","saturday":"07:00-21:00","sunday":"07:00-21:00","holiday":"07:00-21:00"},"paymentMethods":["Dinheiro","MbWay","Multibanco","Outros"],"otherServices":null,"observations":null}},{"type":"Feature","geometry":{"type":"Point","coordinates":[-8.38731,41.28255]},"properties":{"id":"pt-79614","source":"PT","name":"BP MEIXOMIL","brand":"BP","address":"Av. do Marco, nº 197","municipality":"Paços de Ferreira","district":"Porto","postalCode":"4595-225","fuels":{"gasoline95":2.094,"gasoline98Plus":2.334,"diesel":2.114,"dieselPremium":2.284,"dieselAgri":1.704,"lpg":0.999},"lastUpdated":"2026-09-01 07:40","extra":{"stationType":"Outro"},"services":["Cafetaria","Lavagem","Loja de Conveniência","Multibanco","Venda de gás doméstico em garrafas","Venda de gasóleo agrícola","WC"],"hours":{"weekdays":"Aberto 24 horas","saturday":"Aberto 24 horas","sunday":"Aberto 24 horas","holiday":"Aberto 24 horas"},"paymentMethods":["Dinheiro","MbWay","Multibanco"],"otherServices":null,"observations":null}},{"type":"Feature","geometry":{"type":"Point","coordinates":[-8.062497,41.262432]},"properties":{"id":"pt-79729","source":"PT","name":"P08 - SHELL Amarante","brand":"SHELL","address":"Lugar do Ferro, nº 593","municipality":"Amarante","district":"Porto","postalCode":"4600-681","fuels":{"gasoline95":2.099,"gasoline98Plus":2.249,"diesel":2.119,"dieselPremium":2.199,"dieselAgri":1.714,"lpg":0.949},"lastUpdated":"2026-09-05 00:30","extra":{"stationType":"Outro"},"services":["Calibragem de pneus"],"hours":{"weekdays":"06:00-22:00","saturday":"06:00-22:00","sunday":"06:00-22:00","holiday":"06:00-22:00"},"paymentMethods":["Dinheiro","MbWay","Multibanco","Outros"],"otherServices":null,"observations":null}},{"type":"Feature","geometry":{"type":"Point","coordinates":[-8.64635,41.18235]},"properties":{"id":"pt-80080","source":"PT","name":"BP CIRCUNVALAÇÃO","brand":"BP","address":"Estrada da Circunvalação, 12033","municipality":"Porto","district":"Porto","postalCode":"4250-155","fuels":{"gasoline95":2.094,"gasoline98Plus":2.334,"diesel":2.114,"dieselPremium":2.284},"lastUpdated":"2026-09-01 00:05","extra":{"stationType":"Outro"},"services":["Cafetaria","Lavagem","Loja de Conveniência","Venda de gás doméstico em garrafas","WC","WC com fraldário","WC para deficientes"],"hours":{"weekdays":"Aberto 24 horas","saturday":"Aberto 24 horas","sunday":"Aberto 24 horas","holiday":"Aberto 24 horas"},"paymentMethods":["Dinheiro"],"otherServices":null,"observations":null}},{"type":"Feature","geometry":{"type":"Point","coordinates":[-8.09559,41.28697]},"properties":{"id":"pt-80172","source":"PT","name":"PD AMARANTE","brand":"PINGO DOCE","address":"E.N. 15 - Lugar da Boavista, 275","municipality":"Amarante","district":"Porto","postalCode":"4600-756","fuels":{"gasoline95":1.993,"gasoline98Plus":2.329,"diesel":1.984,"dieselPremium":2.279},"lastUpdated":"2026-09-01 00:00","extra":{"stationType":"Outro"},"services":[],"hours":{"weekdays":"Aberto 24 horas","saturday":"Aberto 24 horas","sunday":"Aberto 24 horas","holiday":"Aberto 24 horas"},"paymentMethods":["Dinheiro"],"otherServices":null,"observations":null}},{"type":"Feature","geometry":{"type":"Point","coordinates":[-8.509337,41.11732]},"properties":{"id":"pt-80564","source":"PT","name":"Distrijovim - Supermercados Lda - PA Intermarché Jovim","brand":"INTERMARCHÉ","address":"Rua das Broas nº 40","municipality":"Gondomar","district":"Porto","postalCode":"4510-019","fuels":{"gasoline95":1.984,"gasoline95Plus":1.984,"diesel":1.994,"dieselPremium":1.994},"lastUpdated":"2026-09-01 07:00","extra":{"stationType":"Outro"},"services":["Calibragem de pneus"],"hours":{"weekdays":"Aberto 24 horas","saturday":"Aberto 24 horas","sunday":"Aberto 24 horas","holiday":"Aberto 24 horas"},"paymentMethods":["Dinheiro"],"otherServices":null,"observations":null}},{"type":"Feature","geometry":{"type":"Point","coordinates":[-8.58595,41.30616]},"properties":{"id":"pt-80730","source":"PT","name":"ALVES BANDEIRA Muro","brand":"ALVES BANDEIRA","address":"R. José Moura Coutinho Benemérito, s/n","municipality":"Trofa","district":"Porto","postalCode":"4745-330","fuels":{"gasoline95":2.094,"gasoline98":2.264,"diesel":2.099,"dieselAgri":1.669},"lastUpdated":"2026-08-31 11:30","extra":{"stationType":"Outro"},"services":["Cafetaria","Loja de Conveniência","Multibanco","Venda de gás doméstico em garrafas","Venda de gasóleo agrícola","WC"],"hours":{"weekdays":"07:00-22:00","saturday":"07:00-22:00","sunday":"07:00-22:00","holiday":"07:00-22:00"},"paymentMethods":["Dinheiro","MbWay","Multibanco","Outros"],"otherServices":null,"observations":null}},{"type":"Feature","geometry":{"type":"Point","coordinates":[-8.36309,41.24129]},"properties":{"id":"pt-80795","source":"PT","name":"E.S. SOBROSA-PAREDES","brand":"REPSOL","address":"E.N. 319, Km 20 - Matas de Fontes (Futura Av. de Fontes)","municipality":"Paredes","district":"Porto","postalCode":"4580-607","fuels":{"gasoline95":2.064,"gasoline98Plus":2.254,"diesel":2.084,"dieselPremium":2.144},"lastUpdated":"2026-08-31 11:55","extra":{"stationType":"Outro"},"services":["Loja de Conveniência","Venda de carburante de qualidade superior","Venda de gás doméstico em garrafas","WC","WC para deficientes"],"hours":{"weekdays":"06:00-22:00","saturday":"06:00-22:00","sunday":"06:00-22:00","holiday":"06:00-22:00"},"paymentMethods":["Dinheiro"],"otherServices":null,"observations":null}},{"type":"Feature","geometry":{"type":"Point","coordinates":[-8.70692,41.29811]},"properties":{"id":"pt-81362","source":"PT","name":"ECOBRENT Modivas ","brand":"ECOBRENT","address":"Avenida Fonte Cova 400","municipality":"Vila do Conde","district":"Porto","postalCode":"4485-592","fuels":{"gasoline95":1.969,"diesel":1.969,"dieselPremium":1.999,"lpg":0.949},"lastUpdated":"2026-08-31 11:55","extra":{"stationType":"Outro"},"services":["Calibragem de pneus"],"hours":{"weekdays":"Aberto 24 horas","saturday":"Aberto 24 horas","sunday":"Aberto 24 horas","holiday":"Aberto 24 horas"},"paymentMethods":["Dinheiro"],"otherServices":null,"observations":null}},{"type":"Feature","geometry":{"type":"Point","coordinates":[-8.476991,41.33237]},"properties":{"id":"pt-81862","source":"PT","name":"AUCHAN Santo Tirso","brand":"AUCHAN","address":"Rua das Rãs","municipality":"Santo Tirso","district":"Porto","postalCode":"4780-219","fuels":{"gasoline95":1.939,"diesel":1.939,"lpg":0.849},"lastUpdated":"2026-09-02 09:05","extra":{"stationType":"Outro"},"services":["Calibragem de pneus"],"hours":{"weekdays":"Aberto 24 horas","saturday":"Aberto 24 horas","sunday":"Aberto 24 horas","holiday":"Aberto 24 horas"},"paymentMethods":["Dinheiro"],"otherServices":null,"observations":null}},{"type":"Feature","geometry":{"type":"Point","coordinates":[-8.294039,41.136124]},"properties":{"id":"pt-82019","source":"PT","name":"CEPSA CABEÇA SANTA","brand":"CEPSA","address":"Avenida Cabeça Santa, Cabeça Santa (EN 106 Km 34+400D)","municipality":"Penafiel","district":"Porto","postalCode":"4575-126","fuels":{"gasoline95":2.018,"gasoline98Plus":2.23,"diesel":2.069,"dieselPremium":2.119,"dieselHeating":1.935,"dieselAgri":1.614},"lastUpdated":"2026-08-31 00:00","extra":{"stationType":"Outro"},"services":["Cafetaria","Loja de Conveniência","WC"],"hours":null,"paymentMethods":["Dinheiro"],"otherServices":null,"observations":null}},{"type":"Feature","geometry":{"type":"Point","coordinates":[-8.60463,41.12024]},"properties":{"id":"pt-82158","source":"PT","name":"Petrovariante-CFM energy- Vila Nova de Gaia","brand":"Genérico","address":"Av. Vasco da Gama n.º 133","municipality":"Vila Nova de Gaia","district":"Porto","postalCode":"4430-249","fuels":{"gasoline95":1.994,"gasoline98":2.094,"diesel":1.979,"dieselPremium":2.019},"lastUpdated":"2026-08-31 00:05","extra":{"stationType":"Outro"},"services":["Cafetaria","Loja de Conveniência","WC"],"hours":{"weekdays":"07:00-23:00","saturday":"08:00-00:00","sunday":"08:00-23:00","holiday":"00:00-00:00"},"paymentMethods":["Dinheiro","MbWay","Multibanco"],"otherServices":null,"observations":null}},{"type":"Feature","geometry":{"type":"Point","coordinates":[-8.37891,41.18811]},"properties":{"id":"pt-82439","source":"PT","name":"POSTO ABASTECIMENTO LEAL-GALP BALTAR","brand":"GALP","address":"Av Bombeiros Voluntários, 776, BALTAR","municipality":"Paredes","district":"Porto","postalCode":"4585-015","fuels":{"gasoline95":2.104,"gasoline95Plus":2.154,"diesel":2.117,"dieselPremium":2.167,"dieselAgri":1.694},"lastUpdated":"2026-08-31 02:55","extra":{"stationType":"Outro"},"services":["Loja de Conveniência","Venda de carburante de qualidade superior","Venda de gás doméstico em garrafas","Venda de gasóleo agrícola","WC"],"hours":{"weekdays":"07:00-22:00","saturday":"07:00-22:00","sunday":"07:00-22:00","holiday":"07:00-22:00"},"paymentMethods":["Dinheiro","Multibanco"],"otherServices":null,"observations":null}},{"type":"Feature","geometry":{"type":"Point","coordinates":[-8.66575,41.25007]},"properties":{"id":"pt-84181","source":"PT","name":"INTERMARCHÉ VILA NOVA DA TELHA","brand":"INTERMARCHÉ","address":"RUA DA FÁBRICA, 274","municipality":"Maia","district":"Porto","postalCode":"4470-768","fuels":{"gasoline95":1.969,"gasoline98":2.009,"diesel":1.959,"dieselPremium":1.959},"lastUpdated":"2026-09-04 08:55","extra":{"stationType":"Outro"},"services":[],"hours":{"weekdays":"Aberto 24 horas","saturday":"Aberto 24 horas","sunday":"Aberto 24 horas","holiday":"Aberto 24 horas"},"paymentMethods":["Dinheiro"],"otherServices":null,"observations":null}},{"type":"Feature","geometry":{"type":"Point","coordinates":[-8.3679,41.2637]},"properties":{"id":"pt-84216","source":"PT","name":"Auto Irmãos Ferreira,lda","brand":"OZ Energia","address":"Travessa de Ferreira do Fundo nº 9","municipality":"Paços de Ferreira","district":"Porto","postalCode":"4590-789","fuels":{"lpg":0.84},"lastUpdated":"2026-08-31 15:40","extra":{"stationType":"Outro"},"services":[],"hours":{"weekdays":"08:30-19:00","saturday":"08:30-12:30","sunday":"Fechado","holiday":"Fechado"},"paymentMethods":["Dinheiro","Multibanco"],"otherServices":null,"observations":"Oficina de"}},{"type":"Feature","geometry":{"type":"Point","coordinates":[-8.35772,41.27705]},"properties":{"id":"pt-84343","source":"PT","name":"BP Ferreira - Variante","brand":"BP","address":"Via do Poder Local, n.º889","municipality":"Paços de Ferreira","district":"Porto","postalCode":"4590-901","fuels":{"gasoline95":2.104,"gasoline98Plus":2.334,"diesel":2.124,"dieselPremium":2.284,"lpg":0.999},"lastUpdated":"2026-09-01 00:05","extra":{"stationType":"Outro"},"services":["Cafetaria","Lavagem","Loja de Conveniência","Multibanco","Venda de gás doméstico em garrafas","WC"],"hours":{"weekdays":"07:00-23:00","saturday":"07:00-23:00","sunday":"07:00-23:00","holiday":"07:00-23:00"},"paymentMethods":["Dinheiro","MbWay","Multibanco"],"otherServices":null,"observations":null}},{"type":"Feature","geometry":{"type":"Point","coordinates":[-8.70315,41.3067]},"properties":{"id":"pt-84629","source":"PT","name":"BP Mindelo","brand":"BP","address":"EN 13, KM16.5","municipality":"Vila do Conde","district":"Porto","postalCode":"4485-470","fuels":{"gasoline95":2.114,"gasoline98Plus":2.334,"diesel":2.134,"dieselPremium":2.284,"lpg":0.949},"lastUpdated":"2026-09-01 00:05","extra":{"stationType":"Outro"},"services":["Cafetaria","Lavagem","Loja de Conveniência","Multibanco","Venda de gás doméstico em garrafas","WC com fraldário","WC para deficientes"],"hours":{"weekdays":"Aberto 24 horas","saturday":"Aberto 24 horas","sunday":"Aberto 24 horas","holiday":"Aberto 24 horas"},"paymentMethods":["Dinheiro"],"otherServices":null,"observations":"Aspiração assistida"}},{"type":"Feature","geometry":{"type":"Point","coordinates":[-8.56718,41.05809]},"properties":{"id":"pt-84790","source":"PT","name":"INTERMARCHÉ CARVALHOS","brand":"INTERMARCHÉ","address":"R. da Voltinha","municipality":"Vila Nova de Gaia","district":"Porto","postalCode":"4415-369","fuels":{"gasoline95":1.939,"gasoline95Plus":1.969,"diesel":1.939,"dieselPremium":1.969},"lastUpdated":"2026-09-01 07:00","extra":{"stationType":"Outro"},"services":["Multibanco"],"hours":{"weekdays":"Aberto 24 horas","saturday":"Aberto 24 horas","sunday":"Aberto 24 horas","holiday":"Aberto 24 horas"},"paymentMethods":["Dinheiro"],"otherServices":null,"observations":"Visa"}},{"type":"Feature","geometry":{"type":"Point","coordinates":[-7.96948,41.26066]},"properties":{"id":"pt-85135","source":"PT","name":"Petrofregim Espinheiro","brand":"PRIO","address":"Lugar de Espinheiro","municipality":"Amarante","district":"Porto","postalCode":"4600-551","fuels":{"gasoline95":2.104,"gasoline95Plus":2.124,"diesel":2.149,"dieselPremium":2.129,"dieselAgri":1.694},"lastUpdated":"2026-08-31 08:00","extra":{"stationType":"Outro"},"services":["Cafetaria","Calibragem de pneus","Descanso de pesados","Loja de Conveniência","Multibanco","Restaurante","Venda de carburante de qualidade superior","Venda de gás doméstico em garrafas","Venda de gasóleo agrícola","Venda de gasóleo para aquecimento","WC","WC com fraldário","WC para deficientes"],"hours":{"weekdays":"07:00-00:00","saturday":"07:00-00:00","sunday":"07:00-00:00","holiday":"07:00-00:00"},"paymentMethods":["Dinheiro","MbWay","Multibanco"],"otherServices":null,"observations":null}},{"type":"Feature","geometry":{"type":"Point","coordinates":[-8.255978,41.088017]},"properties":{"id":"pt-85731","source":"PT","name":"Intermarché Alpendorada","brand":"INTERMARCHÉ","address":"R. da Cachorrela, nº 345","municipality":"Marco de Canaveses","district":"Porto","postalCode":"4575-003","fuels":{"gasoline95":1.964,"gasoline98":2.214,"diesel":1.977,"dieselPremium":2.027},"lastUpdated":"2026-09-05 00:05","extra":{"stationType":"Outro"},"services":["Cafetaria","Calibragem de pneus","Multibanco","Restaurante","Venda de gás doméstico em garrafas","WC","WC para deficientes"],"hours":{"weekdays":"Aberto 24 horas","saturday":"Aberto 24 horas","sunday":"Aberto 24 horas","holiday":"Aberto 24 horas"},"paymentMethods":["Dinheiro","Multibanco"],"otherServices":null,"observations":null}},{"type":"Feature","geometry":{"type":"Point","coordinates":[-8.670377,41.36184]},"properties":{"id":"pt-85860","source":"PT","name":"PA DE BAGUNTE - AGRIVIL - COOPERATIVA AGRÍCOLA DE VILA DO CONDE","brand":"Genérico","address":"RUA COMENDADOR JOAQUIM COSTA E SILVA, 50","municipality":"Vila do Conde","district":"Porto","postalCode":"4480-229","fuels":{"gasoline95":2.045,"gasoline95Plus":2.065,"diesel":2.051,"dieselPremium":2.071,"dieselAgri":1.535},"lastUpdated":"2026-08-31 00:05","extra":{"stationType":"Outro"},"services":["Loja de Conveniência","Multibanco","Venda de gás doméstico em garrafas","Venda de gasóleo agrícola","WC"],"hours":null,"paymentMethods":["Dinheiro","Multibanco"],"otherServices":null,"observations":null}},{"type":"Feature","geometry":{"type":"Point","coordinates":[-8.601422,41.076501]},"properties":{"id":"pt-86058","source":"PT","name":"INTERMARCHE CANELAS","brand":"INTERMARCHÉ","address":"R. Delfim de Lima, 1525","municipality":"Vila Nova de Gaia","district":"Porto","postalCode":"4410-228","fuels":{"gasoline95":1.939,"gasoline95Plus":1.969,"diesel":1.939,"dieselPremium":1.969},"lastUpdated":"2026-09-01 07:00","extra":{"stationType":"Outro"},"services":["Multibanco","WC"],"hours":{"weekdays":"Aberto 24 horas","saturday":"Aberto 24 horas","sunday":"Aberto 24 horas","holiday":"Aberto 24 horas"},"paymentMethods":["Dinheiro"],"otherServices":null,"observations":"Entre as 21h e as 7h30 o pagamento é feito de forma automática."}},{"type":"Feature","geometry":{"type":"Point","coordinates":[-8.22747,41.2329]},"properties":{"id":"pt-86245","source":"PT","name":"js e sf","brand":"Genérico","address":"Av. de São Mamede,1974","municipality":"Penafiel","district":"Porto","postalCode":"4560-800","fuels":{"gasoline95":2.055,"gasoline98":2.195,"diesel":2.056,"dieselPremium":2.081,"dieselHeating":2.08,"dieselAgri":1.625,"lpg":0.979},"lastUpdated":"2026-08-31 13:00","extra":{"stationType":"Outro"},"services":[],"hours":{"weekdays":"06:00-00:00","saturday":"06:00-00:00","sunday":"06:00-00:00","holiday":"06:00-00:00"},"paymentMethods":["Dinheiro"],"otherServices":null,"observations":null}},{"type":"Feature","geometry":{"type":"Point","coordinates":[-8.29413,41.12616]},"properties":{"id":"pt-86249","source":"PT","name":"Intermarché São Miguel de Paredes","brand":"INTERMARCHÉ","address":" Avenida são Miguel EN106, kM35","municipality":"Penafiel","district":"Porto","postalCode":"4575-304","fuels":{"gasoline95":1.948,"gasoline98":1.998,"diesel":1.957,"dieselPremium":1.997},"lastUpdated":"2026-08-31 07:50","extra":{"stationType":"Outro"},"services":["Cafetaria","Loja de Conveniência","Multibanco","WC","WC para deficientes"],"hours":{"weekdays":"Aberto 24 horas","saturday":"Aberto 24 horas","sunday":"Aberto 24 horas","holiday":"Aberto 24 horas"},"paymentMethods":["Dinheiro"],"otherServices":null,"observations":null}},{"type":"Feature","geometry":{"type":"Point","coordinates":[-8.63278,41.0855]},"properties":{"id":"pt-86495","source":"PT","name":"Prio Valadares","brand":"PRIO","address":"Av. Combatentes do Ultramar Português","municipality":"Vila Nova de Gaia","district":"Porto","postalCode":"4405-707","fuels":{"gasoline95":2.109,"gasoline95Plus":2.329,"diesel":2.139,"dieselPremium":2.279,"lpg":0.999},"lastUpdated":"2026-08-31 10:10","extra":{"stationType":"Outro"},"services":["Cafetaria","Lavagem","Loja de Conveniência","Multibanco","Venda de gás doméstico em garrafas","WC","WC para deficientes"],"hours":{"weekdays":"Aberto 24 horas","saturday":"Aberto 24 horas","sunday":"Aberto 24 horas","holiday":"Aberto 24 horas"},"paymentMethods":["Dinheiro","MbWay","Multibanco"],"otherServices":null,"observations":null}},{"type":"Feature","geometry":{"type":"Point","coordinates":[-8.55054,41.21385]},"properties":{"id":"pt-86645","source":"PT","name":"INTERMARCHÉ ERMESINDE","brand":"INTERMARCHÉ","address":"R. Gil Vicente, 75","municipality":"Valongo","district":"Porto","postalCode":"4445-451","fuels":{"gasoline95":1.929,"gasoline95Plus":1.959,"diesel":1.969,"dieselPremium":1.999},"lastUpdated":"2026-08-31 09:45","extra":{"stationType":"Outro"},"services":[],"hours":{"weekdays":"Aberto 24 horas","saturday":"Aberto 24 horas","sunday":"Aberto 24 horas","holiday":"Aberto 24 horas"},"paymentMethods":["Dinheiro"],"otherServices":null,"observations":null}},{"type":"Feature","geometry":{"type":"Point","coordinates":[-8.696172,41.225728]},"properties":{"id":"pt-87736","source":"PT","name":"BP Perafita A28","brand":"BP","address":"R. Padre Ângelo Ferreira Pinto, nº 451-467","municipality":"Matosinhos","district":"Porto","postalCode":"4455-408","fuels":{"gasoline95":2.144,"gasoline98Plus":2.334,"diesel":2.164,"dieselPremium":2.284},"lastUpdated":"2026-09-01 09:25","extra":{"stationType":"Auto-estrada"},"services":["Cafetaria","Loja de Conveniência","Venda de gás doméstico em garrafas","WC"],"hours":{"weekdays":"Aberto 24 horas","saturday":"Aberto 24 horas","sunday":"Aberto 24 horas","holiday":"Aberto 24 horas"},"paymentMethods":["Dinheiro","MbWay","Multibanco"],"otherServices":null,"observations":null}},{"type":"Feature","geometry":{"type":"Point","coordinates":[-8.682997,41.210186]},"properties":{"id":"pt-87884","source":"PT","name":"PRIO Matosinhos","brand":"PRIO","address":"Avenida Arq. Fernando de Távora, Leça da Palmeira","municipality":"Matosinhos","district":"Porto","postalCode":"4450-165","fuels":{"gasoline95":2.054,"gasoline95Plus":1.989,"dieselPremium":2.029,"bioDiesel":1.999},"lastUpdated":"2026-09-05 00:30","extra":{"stationType":"Outro"},"services":["Calibragem de pneus"],"hours":{"weekdays":"Aberto 24 horas","saturday":"Aberto 24 horas","sunday":"Aberto 24 horas","holiday":"Aberto 24 horas"},"paymentMethods":["MbWay","Multibanco","Outros"],"otherServices":null,"observations":null}},{"type":"Feature","geometry":{"type":"Point","coordinates":[-8.03756,41.15734]},"properties":{"id":"pt-88898","source":"PT","name":"galp baiao","brand":"GALP","address":"R. de Camões, 60","municipality":"Baião","district":"Porto","postalCode":"4640-147","fuels":{"gasoline95":2.104,"gasoline95Plus":2.154,"gasoline98Plus":2.334,"diesel":2.117,"dieselPremium":2.167,"dieselAgri":1.694},"lastUpdated":"2026-08-31 07:35","extra":{"stationType":"Outro"},"services":[],"hours":{"weekdays":"07:00-23:00","saturday":"07:00-23:00","sunday":"07:00-23:00","holiday":"07:00-23:00"},"paymentMethods":["Dinheiro"],"otherServices":null,"observations":null}},{"type":"Feature","geometry":{"type":"Point","coordinates":[-8.682849,41.213566]},"properties":{"id":"pt-89066","source":"PT","name":"ALVES BANDEIRA Santa Cruz do Bispo","brand":"ALVES BANDEIRA","address":"Av. Arquiteto Fernando Távora, 1040 - Lugar de Aguiar","municipality":"Matosinhos","district":"Porto","postalCode":"4455-877","fuels":{"gasoline95":2.089,"diesel":2.094,"dieselPremium":2.114,"dieselAgri":1.664,"lpg":0.879},"lastUpdated":"2026-08-31 11:15","extra":{"stationType":"Outro"},"services":["Cafetaria","Loja de Conveniência","Multibanco","Venda de gás doméstico em garrafas","Venda de gasóleo agrícola","WC","WC para deficientes"],"hours":{"weekdays":"07:00-23:00","saturday":"07:00-23:00","sunday":"07:00-23:00","holiday":"07:00-23:00"},"paymentMethods":["Dinheiro","MbWay","Multibanco","Outros"],"otherServices":null,"observations":null}},{"type":"Feature","geometry":{"type":"Point","coordinates":[-8.41311,41.23821]},"properties":{"id":"pt-89684","source":"PT","name":"INTERMARCHE LORDELO","brand":"INTERMARCHÉ","address":"Av. Adelino Amaro da Costa S/N","municipality":"Paredes","district":"Porto","postalCode":"4580-503","fuels":{"gasoline95":1.979,"gasoline95Plus":1.999,"diesel":1.999,"dieselPremium":2.019},"lastUpdated":"2026-08-31 14:00","extra":{"stationType":"Outro"},"services":[],"hours":{"weekdays":"Aberto 24 horas","saturday":"Aberto 24 horas","sunday":"Aberto 24 horas","holiday":"Aberto 24 horas"},"paymentMethods":["Dinheiro","Multibanco"],"otherServices":null,"observations":null}},{"type":"Feature","geometry":{"type":"Point","coordinates":[-8.609473,41.199497]},"properties":{"id":"pt-89728","source":"PT","name":"BP S.Mamede de Infesta","brand":"BP","address":"Rua Santos Dias, 761 ","municipality":"Matosinhos","district":"Porto","postalCode":"4465-255","fuels":{"gasoline95":2.094,"gasoline98Plus":2.334,"diesel":2.114,"dieselPremium":2.284},"lastUpdated":"2026-09-05 00:05","extra":{"stationType":"Outro"},"services":["Calibragem de pneus"],"hours":null,"paymentMethods":["Dinheiro"],"otherServices":null,"observations":null}},{"type":"Feature","geometry":{"type":"Point","coordinates":[-8.156962,41.340066]},"properties":{"id":"pt-90478","source":"PT","name":"Petrofregim Lixa","brand":"PRIO","address":"R. Pinhal Basto","municipality":"Felgueiras","district":"Porto","postalCode":"4615-380","fuels":{"gasoline95":2.062,"gasoline95Plus":2.112,"diesel":2.059,"dieselPremium":2.139,"dieselAgri":1.617},"lastUpdated":"2026-08-31 10:35","extra":{"stationType":"Outro"},"services":["Cafetaria","Calibragem de pneus","Lavagem","Loja de Conveniência","Multibanco","Venda de gás doméstico em garrafas","Venda de gasóleo agrícola","WC"],"hours":{"weekdays":"07:00-23:00","saturday":"07:00-23:00","sunday":"07:00-23:00","holiday":"07:00-23:00"},"paymentMethods":["Dinheiro","Multibanco"],"otherServices":"Lubrificantes e AdBlue","observations":null}},{"type":"Feature","geometry":{"type":"Point","coordinates":[-8.49311,41.23401]},"properties":{"id":"pt-91022","source":"PT","name":"BP - JM - Alfena","brand":"BP","address":"R. Nossa Senhora do Amparo","municipality":"Valongo","district":"Porto","postalCode":"4445-153","fuels":{"gasoline95":2.139,"diesel":2.159,"dieselAgri":1.699},"lastUpdated":"2026-08-31 10:55","extra":{"stationType":"Outro"},"services":[],"hours":{"weekdays":"08:00-17:00","saturday":"08:00-17:00","sunday":"Fechado","holiday":"Fechado"},"paymentMethods":["Dinheiro"],"otherServices":null,"observations":null}},{"type":"Feature","geometry":{"type":"Point","coordinates":[-8.646667,41.117298]},"properties":{"id":"pt-91324","source":"PT","name":"PRIO Canidelo","brand":"PRIO","address":"Av. Poeta Eugenio de AndradeVia Atlantica, nº 1115","municipality":"Vila Nova de Gaia","district":"Porto","postalCode":"4400-357","fuels":{"gasoline95":2.054,"gasoline95Plus":1.969,"dieselPremium":2.004,"bioDiesel":1.974,"lpg":0.899},"lastUpdated":"2026-09-05 00:30","extra":{"stationType":"Outro"},"services":["Cafetaria","Calibragem de pneus","Loja de Conveniência","Venda de carburante de qualidade superior","Venda de gás doméstico em garrafas","WC"],"hours":{"weekdays":"07:00-23:00","saturday":"07:00-23:00","sunday":"07:00-23:00","holiday":"07:00-23:00"},"paymentMethods":["Dinheiro","MbWay","Multibanco","Outros"],"otherServices":null,"observations":null}},{"type":"Feature","geometry":{"type":"Point","coordinates":[-8.654443,41.23723]},"properties":{"id":"pt-91615","source":"PT","name":"Posto GNV - Dourogás - Maia","brand":"DOUROGAS NATURAL","address":"Área de Serviço BP da A41 Moreira - Maia (Norte) A41 Sublanço Alipor, EN 13, km 4,3 e 4,8","municipality":"Maia","district":"Porto","postalCode":"4470-472","fuels":{"cngm3":3.104,"lng":3.279},"lastUpdated":"2026-09-04 12:00","extra":{"stationType":"Outro"},"services":["Calibragem de pneus"],"hours":null,"paymentMethods":["Dinheiro"],"otherServices":null,"observations":null}},{"type":"Feature","geometry":{"type":"Point","coordinates":[-8.328676,41.209702]},"properties":{"id":"pt-91692","source":"PT","name":"Posto BP Paredes","brand":"BP","address":"R. Dr. José Magalhães, 121","municipality":"Paredes","district":"Porto","postalCode":"4580-133","fuels":{"gasoline95":2.084,"gasoline98Plus":2.334,"diesel":2.104,"dieselPremium":2.284,"dieselAgri":1.704},"lastUpdated":"2026-09-01 06:55","extra":{"stationType":"Outro"},"services":["Lavagem","Venda de gás doméstico em garrafas","Venda de gasóleo agrícola","WC"],"hours":{"weekdays":"Aberto 24 horas","saturday":"Aberto 24 horas","sunday":"Aberto 24 horas","holiday":"Aberto 24 horas"},"paymentMethods":["Dinheiro","MbWay","Multibanco"],"otherServices":null,"observations":null}},{"type":"Feature","geometry":{"type":"Point","coordinates":[-8.41331,41.19796]},"properties":{"id":"pt-91719","source":"PT","name":"SVA-Serviços de Viaturas Auto, Lda","brand":"Genérico","address":"R. Sta Marinha, n.º 500","municipality":"Paredes","district":"Porto","postalCode":"4585-813","fuels":{"gasoline95":1.989,"gasoline98":2.034,"diesel":1.993,"dieselPremium":2.023,"dieselAgri":1.543},"lastUpdated":"2026-08-31 12:00","extra":{"stationType":"Outro"},"services":["Assistência auto","Cafetaria","Calibragem de pneus","Lavagem","Loja de Conveniência","Multibanco","Venda de carburante de qualidade superior","Venda de gasóleo agrícola","Venda de gasóleo para aquecimento","WC","WC com fraldário","WC para deficientes"],"hours":{"weekdays":"07:20-20:40","saturday":"07:20-20:40","sunday":"Fechado","holiday":"Fechado"},"paymentMethods":["Dinheiro","MbWay","Multibanco","Outros"],"otherServices":null,"observations":null}},{"type":"Feature","geometry":{"type":"Point","coordinates":[-8.618906,41.182854]},"properties":{"id":"pt-91826","source":"PT","name":"Posto GNV Dourogás - Via Norte, Porto","brand":"DOUROGAS NATURAL","address":"Estação de Recolha da Via Norte Rua António Augusto Pinto Félix 4250-010 – Porto","municipality":"Porto","district":"Porto","postalCode":"4250-010","fuels":{"cngm3":3.279,"lng":3.279},"lastUpdated":"2026-09-04 12:00","extra":{"stationType":"Outro"},"services":["Calibragem de pneus"],"hours":null,"paymentMethods":["Dinheiro"],"otherServices":null,"observations":null}},{"type":"Feature","geometry":{"type":"Point","coordinates":[-8.634284,41.151433]},"properties":{"id":"pt-91838","source":"PT","name":"F. Oliveira Martins ","brand":"GALP","address":"R. Gólgota nº 390 e 428","municipality":"Porto","district":"Porto","postalCode":"4150-000","fuels":{"gasoline95":2.109,"gasoline95Plus":2.169,"diesel":2.127,"dieselPremium":2.187},"lastUpdated":"2026-09-03 09:35","extra":{"stationType":"Outro"},"services":["Cafetaria","Loja de Conveniência","Venda de carburante de qualidade superior","Via verde","WC"],"hours":{"weekdays":"Aberto 24 horas","saturday":"Aberto 24 horas","sunday":"Aberto 24 horas","holiday":"Aberto 24 horas"},"paymentMethods":["Dinheiro"],"otherServices":null,"observations":null}},{"type":"Feature","geometry":{"type":"Point","coordinates":[-8.631575,41.042038]},"properties":{"id":"pt-92041","source":"PT","name":"INTERMARCHÉ ARCOZELO","brand":"INTERMARCHÉ","address":"Rua da Corga, nº 15","municipality":"Vila Nova de Gaia","district":"Porto","postalCode":"4410-440","fuels":{"gasoline95":1.939,"gasoline95Plus":1.969,"gasoline98":2.119,"diesel":1.939,"dieselPremium":1.969},"lastUpdated":"2026-09-01 07:00","extra":{"stationType":"Outro"},"services":["Cafetaria","Loja de Conveniência","Multibanco","WC"],"hours":{"weekdays":"Aberto 24 horas","saturday":"Aberto 24 horas","sunday":"Aberto 24 horas","holiday":"Aberto 24 horas"},"paymentMethods":["Dinheiro"],"otherServices":null,"observations":null}},{"type":"Feature","geometry":{"type":"Point","coordinates":[-8.537669,41.23095]},"properties":{"id":"pt-92079","source":"PT","name":"PRIO Alfena ZI","brand":"PRIO","address":"Rua das Passarias nº 721 ","municipality":"Valongo","district":"Porto","postalCode":"4445-171","fuels":{"gasoline95":2.054,"gasoline95Plus":2.004,"dieselPremium":2.029,"bioDiesel":1.999},"lastUpdated":"2026-09-05 00:30","extra":{"stationType":"Outro"},"services":["Cafetaria","Lavagem","Loja de Conveniência","Venda de carburante de qualidade superior","Venda de gás doméstico em garrafas","WC","WC com fraldário","WC para deficientes"],"hours":{"weekdays":"06:00-22:00","saturday":"06:00-22:00","sunday":"06:00-22:00","holiday":"06:00-22:00"},"paymentMethods":["Dinheiro","MbWay","Multibanco","Outros"],"otherServices":null,"observations":null}},{"type":"Feature","geometry":{"type":"Point","coordinates":[-8.63682,41.0951]},"properties":{"id":"pt-92245","source":"PT","name":"Posto de Combustíveis Fortis","brand":"GALP","address":"Lg António Pereira Tamanco nº 140 ","municipality":"Vila Nova de Gaia","district":"Porto","postalCode":"4405-536","fuels":{"gasoline95":2.104,"gasoline95Plus":2.154,"diesel":2.117,"dieselPremium":2.167},"lastUpdated":"2026-09-03 23:00","extra":{"stationType":"Outro"},"services":[],"hours":{"weekdays":"07:00-23:00","saturday":"07:00-23:00","sunday":"07:00-23:00","holiday":"07:00-23:00"},"paymentMethods":["Dinheiro"],"otherServices":null,"observations":null}},{"type":"Feature","geometry":{"type":"Point","coordinates":[-8.25595,41.24876]},"properties":{"id":"pt-93009","source":"PT","name":"BP - Meinedo","brand":"BP","address":"Av. Magneto, 980","municipality":"Lousada","district":"Porto","postalCode":"4620-350","fuels":{"gasoline95":2.094,"gasoline98Plus":2.334,"diesel":2.114,"dieselPremium":2.284,"dieselAgri":1.704,"lpg":0.969},"lastUpdated":"2026-08-31 19:15","extra":{"stationType":"Outro"},"services":["Cafetaria","Lavagem","Loja de Conveniência","Venda de gás doméstico em garrafas","Venda de gasóleo agrícola","WC"],"hours":{"weekdays":"07:00-23:00","saturday":"07:00-23:00","sunday":"07:00-23:00","holiday":"07:00-23:00"},"paymentMethods":["Dinheiro","MbWay","Multibanco"],"otherServices":null,"observations":null}},{"type":"Feature","geometry":{"type":"Point","coordinates":[-8.6553,41.15165]},"properties":{"id":"pt-93014","source":"PT","name":"BP Fluvial","brand":"BP","address":"Rua Diogo Botelho, 671","municipality":"Porto","district":"Porto","postalCode":"4150-262","fuels":{"gasoline95":2.104,"gasoline98Plus":2.334,"diesel":2.124,"dieselPremium":2.284},"lastUpdated":"2026-09-01 00:00","extra":{"stationType":"Outro"},"services":["Cafetaria","Lavagem","Multibanco","Venda de carburante de qualidade superior","Venda de gás doméstico em garrafas"],"hours":{"weekdays":"Aberto 24 horas","saturday":"Aberto 24 horas","sunday":"Aberto 24 horas","holiday":"Aberto 24 horas"},"paymentMethods":["Dinheiro"],"otherServices":null,"observations":"Aspiração "}},{"type":"Feature","geometry":{"type":"Point","coordinates":[-8.630067,41.244973]},"properties":{"id":"pt-93035","source":"PT","name":"BP MAIA - ZONA INDUSTRIAL","brand":"BP","address":"VIA DR. VASCO TEIXEIRA - ZONA INDUSTRIAL MAIA I, SECTOR IX","municipality":"Maia","district":"Porto","postalCode":"4470-498","fuels":{"gasoline95":2.104,"gasoline98Plus":2.334,"diesel":2.124,"dieselPremium":2.284,"dieselAgri":1.704},"lastUpdated":"2026-09-01 15:00","extra":{"stationType":"Outro"},"services":["Cafetaria","Loja de Conveniência","Venda de gás doméstico em garrafas","Venda de gasóleo agrícola","WC","WC para deficientes","AUTOvoucher"],"hours":{"weekdays":"Aberto 24 horas","saturday":"Aberto 24 horas","sunday":"Aberto 24 horas","holiday":"Aberto 24 horas"},"paymentMethods":["Dinheiro","MbWay","Multibanco"],"otherServices":"AD BLUE","observations":null}},{"type":"Feature","geometry":{"type":"Point","coordinates":[-8.535296,41.181282]},"properties":{"id":"pt-93101","source":"PT","name":"P33 - PRIO Baguim do Monte","brand":"PRIO","address":"Rua da Nossa Senhora do Amparo 1053, Baguim do Monte","municipality":"Gondomar","district":"Porto","postalCode":"4435-748","fuels":{"gasoline95":2.054,"gasoline95Plus":1.999,"dieselPremium":2.019,"bioDiesel":1.989},"lastUpdated":"2026-09-05 00:30","extra":{"stationType":"Outro"},"services":["Cafetaria","Calibragem de pneus","Lavagem","Loja de Conveniência","WC","AUTOvoucher"],"hours":{"weekdays":"07:00-23:00","saturday":"07:00-23:00","sunday":"07:00-23:00","holiday":"07:00-23:00"},"paymentMethods":["Dinheiro","MbWay","Multibanco","Outros"],"otherServices":null,"observations":null}},{"type":"Feature","geometry":{"type":"Point","coordinates":[-8.746497,41.375002]},"properties":{"id":"pt-93113","source":"PT","name":"E.S. POVOA DE VARZIM VIA B","brand":"REPSOL","address":"RUA VIRIATO BARBOSA 487","municipality":"Póvoa de Varzim","district":"Porto","postalCode":"4490-683","fuels":{"gasoline95":2.074,"gasoline95Plus":2.144,"gasoline98Plus":2.274,"diesel":2.094,"dieselPremium":2.164},"lastUpdated":"2026-09-05 00:00","extra":{"stationType":"Outro"},"services":["Cafetaria","Loja de Conveniência","Multibanco","Venda de gás doméstico em garrafas","WC","WC para deficientes"],"hours":{"weekdays":"06:00-22:00","saturday":"06:00-22:00","sunday":"06:00-22:00","holiday":"06:00-22:00"},"paymentMethods":["Multibanco"],"otherServices":null,"observations":null}},{"type":"Feature","geometry":{"type":"Point","coordinates":[-8.309058,41.167534]},"properties":{"id":"pt-93128","source":"PT","name":"P58 - PRIO Galegos","brand":"PRIO","address":"Av. Egas Moniz, 255","municipality":"Penafiel","district":"Porto","postalCode":"4560-125","fuels":{"gasoline95":1.994,"dieselPremium":2.014,"bioDiesel":1.984},"lastUpdated":"2026-09-05 00:30","extra":{"stationType":"Outro"},"services":["Cafetaria","Loja de Conveniência","Venda de gás doméstico em garrafas","WC"],"hours":{"weekdays":"06:00-22:00","saturday":"06:00-22:00","sunday":"06:00-22:00","holiday":"06:00-22:00"},"paymentMethods":["Dinheiro","MbWay","Multibanco","Outros"],"otherServices":null,"observations":null}},{"type":"Feature","geometry":{"type":"Point","coordinates":[-8.563532,41.329826]},"properties":{"id":"pt-93135","source":"PT","name":"Intermarché da Trofa","brand":"INTERMARCHÉ","address":"Travessa das industrias","municipality":"Trofa","district":"Porto","postalCode":"4785-344","fuels":{"gasoline95":1.939,"diesel":1.929,"dieselPremium":1.969},"lastUpdated":"2026-09-01 08:15","extra":{"stationType":"Outro"},"services":["Cafetaria","Multibanco","Restaurante","Venda de gás doméstico em garrafas","WC","WC com fraldário","WC para deficientes"],"hours":{"weekdays":"Aberto 24 horas","saturday":"Aberto 24 horas","sunday":"Aberto 24 horas","holiday":"Aberto 24 horas"},"paymentMethods":["Dinheiro","MbWay","Multibanco","Outros"],"otherServices":null,"observations":null}},{"type":"Feature","geometry":{"type":"Point","coordinates":[-8.49337,41.3406]},"properties":{"id":"pt-93140","source":"PT","name":"ALFABRENT Santo Tirso Fontiscos","brand":"BP","address":"Rua dos Fontiscos, nr.º 693","municipality":"Santo Tirso","district":"Porto","postalCode":"4780-470","fuels":{"gasoline95":2.104,"gasoline98Plus":2.099,"diesel":2.124,"dieselPremium":2.284,"dieselAgri":1.704},"lastUpdated":"2026-09-01 00:00","extra":{"stationType":"Outro"},"services":["Cafetaria","Descanso de pesados","Lavagem","Loja de Conveniência","Multibanco","Venda de gás doméstico em garrafas","Venda de gasóleo agrícola","WC","WC para deficientes","AUTOvoucher"],"hours":{"weekdays":"07:00-23:00","saturday":"07:00-23:00","sunday":"07:00-23:00","holiday":"07:00-23:00"},"paymentMethods":["Dinheiro","MbWay","Multibanco"],"otherServices":null,"observations":null}},{"type":"Feature","geometry":{"type":"Point","coordinates":[-8.532739,41.108105]},"properties":{"id":"pt-93162","source":"PT","name":"P54 - PRIO Atães","brand":"PRIO","address":"Avenida Clube de Caçadores, 5875 - Lugar de Atães - Jovim   ","municipality":"Gondomar","district":"Porto","postalCode":"4420-088","fuels":{"gasoline95":2.054,"gasoline95Plus":2.019,"dieselPremium":2.039,"bioDiesel":2.009},"lastUpdated":"2026-09-05 00:30","extra":{"stationType":"Outro"},"services":["Cafetaria","Calibragem de pneus","Venda de gás doméstico em garrafas","WC","AUTOvoucher"],"hours":{"weekdays":"06:00-22:00","saturday":"06:00-22:00","sunday":"06:00-22:00","holiday":"06:00-22:00"},"paymentMethods":["Dinheiro","MbWay","Multibanco","Outros"],"otherServices":null,"observations":null}},{"type":"Feature","geometry":{"type":"Point","coordinates":[-8.563188,41.04329]},"properties":{"id":"pt-93164","source":"PT","name":"P60 - PRIO Feiteira S","brand":"PRIO","address":"EN 1 - KM292,4","municipality":"Vila Nova de Gaia","district":"Porto","postalCode":"4415-386","fuels":{"gasoline95":2.054,"gasoline95Plus":1.969,"dieselPremium":2.019,"bioDiesel":1.989},"lastUpdated":"2026-09-05 00:30","extra":{"stationType":"Outro"},"services":["Venda de gás doméstico em garrafas","WC"],"hours":{"weekdays":"06:00-22:00","saturday":"06:00-22:00","sunday":"06:00-22:00","holiday":"06:00-22:00"},"paymentMethods":["Dinheiro","MbWay","Multibanco","Outros"],"otherServices":null,"observations":null}},{"type":"Feature","geometry":{"type":"Point","coordinates":[-8.563601,41.043392]},"properties":{"id":"pt-93165","source":"PT","name":"P59 - PRIO Feiteira P","brand":"PRIO","address":"EN 1, Km 292,400 ","municipality":"Vila Nova de Gaia","district":"Porto","postalCode":"4415-386","fuels":{"gasoline95":2.054,"gasoline95Plus":1.969,"dieselPremium":2.019,"bioDiesel":1.989},"lastUpdated":"2026-09-05 00:30","extra":{"stationType":"Outro"},"services":["Calibragem de pneus"],"hours":{"weekdays":"Aberto 24 horas","saturday":"Aberto 24 horas","sunday":"Aberto 24 horas","holiday":"Aberto 24 horas"},"paymentMethods":["Dinheiro","MbWay","Multibanco","Outros"],"otherServices":null,"observations":null}},{"type":"Feature","geometry":{"type":"Point","coordinates":[-8.628985,41.12705]},"properties":{"id":"pt-93175","source":"PT","name":"P27 - PRIO Coimbrões","brand":"PRIO","address":"Avenida Ludgero Marques","municipality":"Vila Nova de Gaia","district":"Porto","postalCode":"4400-057","fuels":{"gasoline95":2.054,"gasoline95Plus":1.969,"dieselPremium":2.004,"bioDiesel":1.974},"lastUpdated":"2026-09-05 00:30","extra":{"stationType":"Outro"},"services":["Calibragem de pneus","Loja de Conveniência","Venda de gás doméstico em garrafas","WC"],"hours":{"weekdays":"07:00-23:00","saturday":"07:00-23:00","sunday":"07:00-23:00","holiday":"07:00-23:00"},"paymentMethods":["Dinheiro","MbWay","Multibanco","Outros"],"otherServices":null,"observations":null}},{"type":"Feature","geometry":{"type":"Point","coordinates":[-8.533022,41.337287]},"properties":{"id":"pt-93181","source":"PT","name":"TFGest, lda Trofa","brand":"GALP","address":"EN 104 Km 18,8 (Rua Marquês de Pombal)","municipality":"Trofa","district":"Porto","postalCode":"4785-173","fuels":{"gasoline95":2.064,"gasoline95Plus":2.114,"gasoline98Plus":2.294,"diesel":2.084,"dieselPremium":2.134},"lastUpdated":"2026-09-03 10:15","extra":{"stationType":"Outro"},"services":["Cafetaria","Calibragem de pneus","Lavagem","Loja de Conveniência","Multibanco","Venda de gás doméstico em garrafas","WC","WC para deficientes","AUTOvoucher"],"hours":{"weekdays":"07:00-22:00","saturday":"07:00-22:00","sunday":"07:00-22:00","holiday":"07:00-22:00"},"paymentMethods":["Dinheiro","MbWay","Multibanco","Outros"],"otherServices":null,"observations":null}},{"type":"Feature","geometry":{"type":"Point","coordinates":[-8.2277,41.15827]},"properties":{"id":"pt-93191","source":"PT","name":"Posto Abragão","brand":"BP","address":"Rua Central de Ribaçais","municipality":"Penafiel","district":"Porto","postalCode":"4560-030","fuels":{"gasoline95":2.139,"gasoline98Plus":2.329,"diesel":2.159,"dieselPremium":2.279,"dieselAgri":1.699},"lastUpdated":"2026-08-31 10:00","extra":{"stationType":"Outro"},"services":["Assistência auto","Loja de Conveniência","Multibanco","Venda de gás doméstico em garrafas","Venda de gasóleo agrícola","WC"],"hours":{"weekdays":"07:00-22:00","saturday":"07:00-22:00","sunday":"08:00-21:00","holiday":"08:00-21:00"},"paymentMethods":["Dinheiro"],"otherServices":null,"observations":null}},{"type":"Feature","geometry":{"type":"Point","coordinates":[-8.21931,41.36853]},"properties":{"id":"pt-93195","source":"PT","name":"Lagares Combustiveis","brand":"FREITAS","address":"Lugar de Campas","municipality":"Felgueiras","district":"Porto","postalCode":"4610-409","fuels":{"gasoline95":2.062,"gasoline95Plus":2.112,"gasoline98Plus":2.242,"diesel":2.082,"dieselPremium":2.132},"lastUpdated":"2026-08-31 01:00","extra":{"stationType":"Outro"},"services":["Cafetaria","Calibragem de pneus","Lavagem","Loja de Conveniência","Multibanco","Restaurante","Venda de gás doméstico em garrafas","Venda de gasóleo agrícola","WC","WC para deficientes"],"hours":{"weekdays":"07:00-23:00","saturday":"07:00-23:00","sunday":"07:00-23:00","holiday":"07:00-23:00"},"paymentMethods":["Dinheiro","MbWay","Multibanco","Outros"],"otherServices":null,"observations":"Payshop\r\nM"}},{"type":"Feature","geometry":{"type":"Point","coordinates":[-8.344943,41.286051]},"properties":{"id":"pt-93222","source":"PT","name":"INTERMARCHE FREAMUNDE","brand":"INTERMARCHÉ","address":"RUA PROFESSOR ALBINO DE MATOS","municipality":"Paços de Ferreira","district":"Porto","postalCode":"4590-356","fuels":{"gasoline95":1.979,"gasoline95Plus":1.999,"gasoline98":2.059,"diesel":1.999,"dieselPremium":2.019},"lastUpdated":"2026-08-31 14:10","extra":{"stationType":"Outro"},"services":["Cafetaria","Calibragem de pneus","Multibanco","Restaurante","WC","WC para deficientes"],"hours":{"weekdays":"Aberto 24 horas","saturday":"Aberto 24 horas","sunday":"Aberto 24 horas","holiday":"Aberto 24 horas"},"paymentMethods":["Dinheiro","Multibanco"],"otherServices":null,"observations":null}},{"type":"Feature","geometry":{"type":"Point","coordinates":[-8.538805,41.18434]},"properties":{"id":"pt-93235","source":"PT","name":"SHELL Baguim do Monte - Gondomar ","brand":"SHELL","address":"Rua D. António Castro Meireles n.º 400 e Rua do Campinho n.º 6","municipality":"Gondomar","district":"Porto","postalCode":"4435-667","fuels":{"gasoline95":2.079,"gasoline95Plus":2.159,"gasoline98Plus":2.229,"diesel":2.099,"dieselPremium":2.179},"lastUpdated":"2026-09-05 00:30","extra":{"stationType":"Outro"},"services":["Calibragem de pneus","Loja de Conveniência","Venda de carburante de qualidade superior","WC","WC para deficientes"],"hours":{"weekdays":"Aberto 24 horas","saturday":"Aberto 24 horas","sunday":"Aberto 24 horas","holiday":"Aberto 24 horas"},"paymentMethods":["Dinheiro","MbWay","Multibanco","Outros"],"otherServices":null,"observations":null}},{"type":"Feature","geometry":{"type":"Point","coordinates":[-8.633565,41.206177]},"properties":{"id":"pt-93236","source":"PT","name":"SHELL-RECAREI","brand":"SHELL","address":"Rua de Recarei/Rua de Redolhos","municipality":"Matosinhos","district":"Porto","postalCode":"4465-648","fuels":{"gasoline95":2.079,"gasoline98Plus":2.229,"diesel":2.099,"dieselPremium":2.179,"bioDiesel":2.109,"lpg":0.959},"lastUpdated":"2026-09-05 00:30","extra":{"stationType":"Outro"},"services":["Calibragem de pneus","Venda de carburante de qualidade superior","Venda de gás doméstico em garrafas","WC","WC para deficientes"],"hours":{"weekdays":"07:00-23:00","saturday":"07:00-23:00","sunday":"07:00-23:00","holiday":"07:00-23:00"},"paymentMethods":["Dinheiro","MbWay","Multibanco","Outros"],"otherServices":null,"observations":null}},{"type":"Feature","geometry":{"type":"Point","coordinates":[-8.14631,41.31465]},"properties":{"id":"pt-93241","source":"PT","name":"PA Freixo de Cima - Lixa (DPP)","brand":"DPP","address":"Av. Alto da Lixa, 1233","municipality":"Amarante","district":"Porto","postalCode":"4615-013","fuels":{"gasoline95":1.979,"gasoline95Plus":1.954,"diesel":1.954,"dieselPremium":1.979,"dieselAgri":1.599},"lastUpdated":"2026-08-31 15:45","extra":{"stationType":"Outro"},"services":["Calibragem de pneus"],"hours":{"weekdays":"Aberto 24 horas","saturday":"Aberto 24 horas","sunday":"Aberto 24 horas","holiday":"Aberto 24 horas"},"paymentMethods":["Dinheiro"],"otherServices":null,"observations":null}},{"type":"Feature","geometry":{"type":"Point","coordinates":[-8.687115,41.337919]},"properties":{"id":"pt-93253","source":"PT","name":"BP Macieira da Maia","brand":"BP","address":"Rua Nova, 216","municipality":"Vila do Conde","district":"Porto","postalCode":"4485-410","fuels":{"gasoline95":2.104,"gasoline98Plus":2.334,"diesel":2.124,"dieselPremium":2.284,"dieselAgri":1.704},"lastUpdated":"2026-09-01 00:05","extra":{"stationType":"Outro"},"services":["Cafetaria","Loja de Conveniência","Venda de gás doméstico em garrafas","WC"],"hours":{"weekdays":"07:00-23:00","saturday":"07:00-23:00","sunday":"07:00-23:00","holiday":"07:00-23:00"},"paymentMethods":["Dinheiro","MbWay"],"otherServices":null,"observations":null}},{"type":"Feature","geometry":{"type":"Point","coordinates":[-8.637973,41.259392]},"properties":{"id":"pt-93254","source":"PT","name":"ALVES BANDEIRA Maia","brand":"ALVES BANDEIRA","address":"Rua Engenheiro Frederico Ulrich, n.º 2150 - Moreira","municipality":"Maia","district":"Porto","postalCode":"4470-605","fuels":{"gasoline95":2.094,"gasoline98":2.264,"diesel":2.099,"dieselPremium":2.119,"dieselAgri":1.669},"lastUpdated":"2026-08-31 11:45","extra":{"stationType":"Outro"},"services":["Cafetaria","Loja de Conveniência","Multibanco","Venda de gás doméstico em garrafas","Venda de gasóleo agrícola","WC","WC para deficientes"],"hours":{"weekdays":"07:00-22:00","saturday":"07:00-22:00","sunday":"07:00-22:00","holiday":"07:00-22:00"},"paymentMethods":["Dinheiro","MbWay","Multibanco","Outros"],"otherServices":null,"observations":null}},{"type":"Feature","geometry":{"type":"Point","coordinates":[-8.516297,41.152486]},"properties":{"id":"pt-93255","source":"PT","name":"ALVES BANDEIRA Gondomar (São Pedro da Cova)","brand":"ALVES BANDEIRA","address":"Estrada D. Miguel, Lote 5A","municipality":"Gondomar","district":"Porto","postalCode":"4510-243","fuels":{"gasoline95":2.074,"gasoline98":2.244,"diesel":2.079,"dieselPremium":2.099,"dieselAgri":1.709},"lastUpdated":"2026-08-31 12:00","extra":{"stationType":"Outro"},"services":["Cafetaria","Loja de Conveniência","Multibanco","Venda de gás doméstico em garrafas","Venda de gasóleo agrícola","WC","WC para deficientes"],"hours":{"weekdays":"06:00-22:00","saturday":"06:00-22:00","sunday":"06:00-22:00","holiday":"06:00-22:00"},"paymentMethods":["Dinheiro","MbWay","Multibanco","Outros"],"otherServices":null,"observations":null}},{"type":"Feature","geometry":{"type":"Point","coordinates":[-8.600833,41.074444]},"properties":{"id":"pt-93256","source":"PT","name":"E.S. CANELAS","brand":"REPSOL","address":"R. Delfim Lima, 1281","municipality":"Vila Nova de Gaia","district":"Porto","postalCode":"4410-224","fuels":{"gasoline95":2.034,"gasoline95Plus":2.084,"diesel":2.054,"dieselPremium":2.104},"lastUpdated":"2026-08-31 00:00","extra":{"stationType":"Outro"},"services":["Loja de Conveniência","Multibanco","Venda de gás doméstico em garrafas","WC","WC para deficientes"],"hours":{"weekdays":"07:00-23:00","saturday":"07:00-23:00","sunday":"07:00-23:00","holiday":"07:00-23:00"},"paymentMethods":["Dinheiro","Multibanco"],"otherServices":null,"observations":null}},{"type":"Feature","geometry":{"type":"Point","coordinates":[-8.56429,41.22373]},"properties":{"id":"pt-93257","source":"PT","name":"PRIO Maia (Via Ardegães)","brand":"PRIO","address":"Via de Ardegães n.º255 - Aguas Santas","municipality":"Maia","district":"Porto","postalCode":"4425-500","fuels":{"gasoline95":2.054,"gasoline95Plus":2.004,"dieselPremium":2.029,"bioDiesel":1.999,"lpg":0.909},"lastUpdated":"2026-09-05 00:30","extra":{"stationType":"Outro"},"services":["Cafetaria","Calibragem de pneus","Lavagem","Loja de Conveniência","Venda de carburante de qualidade superior","Venda de gás doméstico em garrafas","WC"],"hours":{"weekdays":"07:00-23:00","saturday":"07:00-23:00","sunday":"07:00-23:00","holiday":"07:00-23:00"},"paymentMethods":["Dinheiro","MbWay","Multibanco","Outros"],"otherServices":null,"observations":null}},{"type":"Feature","geometry":{"type":"Point","coordinates":[-8.639675,41.127525]},"properties":{"id":"pt-93266","source":"PT","name":"E.S. CANIDELO","brand":"REPSOL","address":"Rua da Bélgica, 2814 e 2818","municipality":"Vila Nova de Gaia","district":"Porto","postalCode":"4400-049","fuels":{"gasoline95":2.034,"gasoline95Plus":2.084,"diesel":2.054,"dieselPremium":2.104},"lastUpdated":"2026-08-31 00:00","extra":{"stationType":"Outro"},"services":["Cafetaria","Loja de Conveniência","Multibanco","Venda de gás doméstico em garrafas","WC","WC para deficientes"],"hours":{"weekdays":"07:00-23:00","saturday":"07:00-23:00","sunday":"07:00-23:00","holiday":"07:00-23:00"},"paymentMethods":["Dinheiro","Multibanco"],"otherServices":null,"observations":null}},{"type":"Feature","geometry":{"type":"Point","coordinates":[-8.537891,41.143928]},"properties":{"id":"pt-93273","source":"PT","name":"PRIO Gondomar","brand":"PRIO","address":"Rua Nossa Sra de Fatima, n.2","municipality":"Gondomar","district":"Porto","postalCode":"4420-214","fuels":{"gasoline95":1.999,"dieselPremium":2.019,"bioDiesel":1.989},"lastUpdated":"2026-09-05 00:30","extra":{"stationType":"Outro"},"services":["Calibragem de pneus","Lavagem","Multibanco","Venda de gás doméstico em garrafas","WC"],"hours":{"weekdays":"07:00-23:00","saturday":"07:00-23:00","sunday":"07:00-23:00","holiday":"07:00-23:00"},"paymentMethods":["Dinheiro","MbWay","Multibanco","Outros"],"otherServices":null,"observations":null}},{"type":"Feature","geometry":{"type":"Point","coordinates":[-8.597116,41.188844]},"properties":{"id":"pt-93274","source":"PT","name":"PRIO São Mamede de Infesta","brand":"PRIO","address":"Rua Padre Costa, 1187","municipality":"Matosinhos","district":"Porto","postalCode":"4465-108","fuels":{"gasoline95":2.054,"gasoline95Plus":2.004,"dieselPremium":2.029,"bioDiesel":1.999},"lastUpdated":"2026-09-05 00:30","extra":{"stationType":"Outro"},"services":["Cafetaria","Calibragem de pneus","Loja de Conveniência","Multibanco","Venda de carburante de qualidade superior","Venda de gás doméstico em garrafas","WC"],"hours":{"weekdays":"07:00-23:00","saturday":"07:00-23:00","sunday":"07:00-23:00","holiday":"07:00-23:00"},"paymentMethods":["Dinheiro","MbWay","Multibanco","Outros"],"otherServices":null,"observations":null}},{"type":"Feature","geometry":{"type":"Point","coordinates":[-8.57232,41.169384]},"properties":{"id":"pt-93277","source":"PT","name":"PRIO Fábrica do Cobre","brand":"PRIO","address":"Loteamento Fábrica do Cobre, Lote 1 - Rua Linhas de Torres","municipality":"Porto","district":"Porto","postalCode":"4350","fuels":{"gasoline95":2.054,"gasoline95Plus":1.984,"dieselPremium":2.019,"bioDiesel":1.989,"lpg":0.899},"lastUpdated":"2026-09-05 00:30","extra":{"stationType":"Outro"},"services":["Cafetaria","Calibragem de pneus","Loja de Conveniência","Venda de carburante de qualidade superior","Venda de gás doméstico em garrafas","WC","WC com fraldário"],"hours":{"weekdays":"07:00-23:00","saturday":"07:00-23:00","sunday":"07:00-23:00","holiday":"07:00-23:00"},"paymentMethods":["Dinheiro","MbWay","Multibanco","Outros"],"otherServices":null,"observations":null}},{"type":"Feature","geometry":{"type":"Point","coordinates":[-8.694601,41.218337]},"properties":{"id":"pt-93284","source":"PT","name":"SHELL Perafita","brand":"SHELL","address":"Rua D. Marcos da Cruz","municipality":"Matosinhos","district":"Porto","postalCode":"4455-533","fuels":{"gasoline95":2.079,"gasoline98Plus":2.229,"diesel":2.119,"dieselPremium":2.199,"bioDiesel":2.129,"lpg":0.979},"lastUpdated":"2026-09-05 00:30","extra":{"stationType":"Outro"},"services":["Cafetaria","Calibragem de pneus","Loja de Conveniência","Venda de carburante de qualidade superior","Venda de gás doméstico em garrafas","WC","WC com fraldário","WC para deficientes"],"hours":{"weekdays":"07:00-23:00","saturday":"07:00-23:00","sunday":"07:00-23:00","holiday":"07:00-23:00"},"paymentMethods":["Dinheiro","MbWay","Multibanco","Outros"],"otherServices":null,"observations":null}},{"type":"Feature","geometry":{"type":"Point","coordinates":[-8.552013,41.109991]},"properties":{"id":"pt-93289","source":"PT","name":"Intermarché Avintes","brand":"INTERMARCHÉ","address":"R. Escola Central, 910","municipality":"Vila Nova de Gaia","district":"Porto","postalCode":"4430-822","fuels":{"gasoline95":1.967,"gasoline98":2.098,"diesel":1.968,"dieselPremium":1.987},"lastUpdated":"2026-09-01 20:45","extra":{"stationType":"Área comercial (Hipermercados)"},"services":["Cafetaria","Calibragem de pneus","Loja de Conveniência","Multibanco","Restaurante","Venda de gás doméstico em garrafas","Venda de gasóleo para aquecimento","WC","WC com fraldário","WC para deficientes"],"hours":{"weekdays":"Aberto 24 horas","saturday":"Aberto 24 horas","sunday":"Aberto 24 horas","holiday":"Aberto 24 horas"},"paymentMethods":["Dinheiro","Multibanco"],"otherServices":null,"observations":null}},{"type":"Feature","geometry":{"type":"Point","coordinates":[-8.278983,41.272709]},"properties":{"id":"pt-93295","source":"PT","name":"INTERMARCHE DE LOUSADA","brand":"INTERMARCHÉ","address":"RUA PALMIRA MEIRELES Nº 95","municipality":"Lousada","district":"Porto","postalCode":"4620-668","fuels":{"gasoline95":1.939,"gasoline95Plus":1.979,"gasoline98":2.069,"diesel":1.929,"dieselPremium":1.969},"lastUpdated":"2026-08-31 07:55","extra":{"stationType":"Outro"},"services":["Cafetaria","Calibragem de pneus","Loja de Conveniência","Venda de carburante de qualidade superior","Venda de gás doméstico em garrafas","WC","WC para deficientes"],"hours":{"weekdays":"Aberto 24 horas","saturday":"Aberto 24 horas","sunday":"Aberto 24 horas","holiday":"Aberto 24 horas"},"paymentMethods":["Dinheiro","MbWay","Multibanco"],"otherServices":null,"observations":null}},{"type":"Feature","geometry":{"type":"Point","coordinates":[-8.587439,41.229302]},"properties":{"id":"pt-93313","source":"PT","name":"PRIO NOGUEIRA DA MAIA","brand":"PRIO","address":"Rua Dr. Joaquim Nogueira Santos","municipality":"Maia","district":"Porto","postalCode":"4475-474","fuels":{"gasoline95":2.054,"gasoline95Plus":2.004,"dieselPremium":2.029,"bioDiesel":1.999},"lastUpdated":"2026-09-05 00:30","extra":{"stationType":"Outro"},"services":["Cafetaria","Calibragem de pneus","Loja de Conveniência","Venda de carburante de qualidade superior","Venda de gás doméstico em garrafas","WC"],"hours":{"weekdays":"07:00-23:00","saturday":"07:00-23:00","sunday":"07:00-23:00","holiday":"07:00-23:00"},"paymentMethods":["Dinheiro","MbWay","Multibanco","Outros"],"otherServices":"Aberto 24H em modo “Pagamento Automático”.","observations":"Aberto 24H em modo “Pagamento Automático”."}},{"type":"Feature","geometry":{"type":"Point","coordinates":[-8.737353,41.345535]},"properties":{"id":"pt-93318","source":"PT","name":"E.S. AZURARA","brand":"REPSOL","address":"Avenida Mouzinho de Albuquerque, n.º 92 ","municipality":"Vila do Conde","district":"Porto","postalCode":"4480-151","fuels":{"gasoline95":2.064,"gasoline95Plus":2.124,"diesel":2.084,"dieselPremium":2.144},"lastUpdated":"2026-08-31 00:00","extra":{"stationType":"Outro"},"services":["Loja de Conveniência","Multibanco","Venda de gás doméstico em garrafas","WC"],"hours":{"weekdays":"07:00-23:00","saturday":"07:00-23:00","sunday":"07:00-23:00","holiday":"07:00-23:00"},"paymentMethods":["Dinheiro","Multibanco"],"otherServices":null,"observations":null}},{"type":"Feature","geometry":{"type":"Point","coordinates":[-8.578181,41.11101]},"properties":{"id":"pt-93334","source":"PT","name":"P61 - SHELL Vilar de Andorinho (P)","brand":"SHELL","address":"Avenida Vasco da Gama, Lugar de Baísa, Estrada Nacional n.º 222, Km 2,700","municipality":"Vila Nova de Gaia","district":"Porto","postalCode":"4430-335","fuels":{"gasoline95":2.099,"diesel":2.119,"dieselPremium":2.199},"lastUpdated":"2026-09-05 00:30","extra":{"stationType":"Outro"},"services":["Assistência auto","Calibragem de pneus","Lavagem","Loja de Conveniência","Venda de carburante de qualidade superior","Venda de gás doméstico em garrafas","WC"],"hours":{"weekdays":"07:00-22:00","saturday":"07:00-22:00","sunday":"07:00-22:00","holiday":"07:00-22:00"},"paymentMethods":["Dinheiro","MbWay","Multibanco","Outros"],"otherServices":null,"observations":null}},{"type":"Feature","geometry":{"type":"Point","coordinates":[-8.577561,41.11101]},"properties":{"id":"pt-93335","source":"PT","name":"P62 - SHELL Vilar de Andorinho (S)","brand":"SHELL","address":"Avenida Vasco da Gama, Lugar de Baísa, Estrada Nacional n.º 222, Km 2,700","municipality":"Vila Nova de Gaia","district":"Porto","postalCode":"4430-335","fuels":{"gasoline95":2.099,"diesel":2.119,"dieselPremium":2.199},"lastUpdated":"2026-09-05 00:30","extra":{"stationType":"Outro"},"services":["Calibragem de pneus","Loja de Conveniência","Venda de carburante de qualidade superior","Venda de gás doméstico em garrafas","WC"],"hours":{"weekdays":"06:00-22:00","saturday":"06:00-22:00","sunday":"06:00-22:00","holiday":"06:00-22:00"},"paymentMethods":["Dinheiro","MbWay","Multibanco","Outros"],"otherServices":null,"observations":null}},{"type":"Feature","geometry":{"type":"Point","coordinates":[-8.39814,41.36296]},"properties":{"id":"pt-93338","source":"PT","name":"TFGest, Gestão e Comercio de Produtos Petrolíferos, Lda","brand":"GALP","address":"Av. de Poldrães nº 275 (EN 105)","municipality":"Santo Tirso","district":"Porto","postalCode":"4795-006","fuels":{"gasoline95":2.064,"gasoline95Plus":2.114,"gasoline98Plus":2.294,"diesel":2.077,"dieselPremium":2.127},"lastUpdated":"2026-09-03 09:25","extra":{"stationType":"Outro"},"services":[],"hours":{"weekdays":"07:00-23:00","saturday":"07:00-23:00","sunday":"07:00-23:00","holiday":"07:00-23:00"},"paymentMethods":["Dinheiro"],"otherServices":null,"observations":"Lavagem\r\nJ"}},{"type":"Feature","geometry":{"type":"Point","coordinates":[-8.590325,41.122243]},"properties":{"id":"pt-93344","source":"PT","name":"INTERMARCHE OLIVEIRA DOURO","brand":"INTERMARCHÉ","address":"RUA PROFESSOR JOSÉ BONAPARTE, 609","municipality":"Vila Nova de Gaia","district":"Porto","postalCode":"4430-438","fuels":{"gasoline95":1.989,"gasoline95Plus":2.009,"gasoline98":2.129,"diesel":1.979,"dieselPremium":1.999},"lastUpdated":"2026-08-31 20:40","extra":{"stationType":"Outro"},"services":["Calibragem de pneus","Multibanco"],"hours":{"weekdays":"Aberto 24 horas","saturday":"Aberto 24 horas","sunday":"Aberto 24 horas","holiday":"Aberto 24 horas"},"paymentMethods":["Dinheiro","Multibanco","Outros"],"otherServices":null,"observations":null}},{"type":"Feature","geometry":{"type":"Point","coordinates":[-8.551626,41.338908]},"properties":{"id":"pt-93346","source":"PT","name":"PRIO Trofa","brand":"PRIO","address":"Rua Costa Ferreira nº 25 ","municipality":"Trofa","district":"Porto","postalCode":"4785-298","fuels":{"gasoline95":2.054,"gasoline95Plus":1.999,"dieselPremium":1.979,"bioDiesel":1.949,"lpg":0.909},"lastUpdated":"2026-09-05 00:30","extra":{"stationType":"Outro"},"services":["Cafetaria","Calibragem de pneus","Loja de Conveniência","Venda de carburante de qualidade superior","Venda de gás doméstico em garrafas","WC","WC para deficientes"],"hours":{"weekdays":"07:00-23:00","saturday":"07:00-23:00","sunday":"07:00-23:00","holiday":"07:00-23:00"},"paymentMethods":["Dinheiro","MbWay","Multibanco","Outros"],"otherServices":null,"observations":null}},{"type":"Feature","geometry":{"type":"Point","coordinates":[-8.386755,41.191998]},"properties":{"id":"pt-93353","source":"PT","name":"Posto S. Cristovão - Baltar - Esteves & Lobo","brand":"Genérico","address":"Avenida dos Bombeiros Voluntários, 1607","municipality":"Paredes","district":"Porto","postalCode":"4585-015","fuels":{"gasoline95":2.079,"gasoline98":2.189,"gasolineMix":2.4,"diesel":2.084,"dieselPremium":2.114,"dieselAgri":1.649},"lastUpdated":"2026-08-31 09:50","extra":{"stationType":"Outro"},"services":["Calibragem de pneus"],"hours":{"weekdays":"06:00-23:00","saturday":"06:00-23:00","sunday":"06:00-23:00","holiday":"06:00-23:00"},"paymentMethods":["Dinheiro"],"otherServices":null,"observations":null}},{"type":"Feature","geometry":{"type":"Point","coordinates":[-8.63472,41.027145]},"properties":{"id":"pt-93359","source":"PT","name":"PRIO São Felix da Marinha","brand":"PRIO","address":"Estrada de Brito, Lugar de Brito","municipality":"Vila Nova de Gaia","district":"Porto","postalCode":"4410-206","fuels":{"gasoline95":2.054,"gasoline95Plus":1.989,"dieselPremium":2.009,"bioDiesel":1.979},"lastUpdated":"2026-09-05 00:30","extra":{"stationType":"Outro"},"services":["Cafetaria","Calibragem de pneus","Loja de Conveniência","Venda de carburante de qualidade superior","Venda de gás doméstico em garrafas","WC","WC com fraldário","WC para deficientes"],"hours":{"weekdays":"07:00-23:00","saturday":"07:00-23:00","sunday":"07:00-23:00","holiday":"07:00-23:00"},"paymentMethods":["Dinheiro","MbWay","Multibanco","Outros"],"otherServices":null,"observations":"Aberto 24h"}},{"type":"Feature","geometry":{"type":"Point","coordinates":[-8.69068,41.204536]},"properties":{"id":"pt-93366","source":"PT","name":"MOEVE Leça da Palmeira","brand":"Genérico","address":"Rua Veloso Salgado, Leça Da Palmeira, Matosinhos","municipality":"Matosinhos","district":"Porto","postalCode":"4450-801","fuels":{"gasoline95":2.018,"gasoline95Plus":2.068,"diesel":2.049,"dieselPremium":2.099},"lastUpdated":"2026-08-31 00:00","extra":{"stationType":"Outro"},"services":["Cafetaria","Calibragem de pneus","Loja de Conveniência","Multibanco","WC"],"hours":{"weekdays":"Aberto 24 horas","saturday":"Aberto 24 horas","sunday":"Aberto 24 horas","holiday":"Aberto 24 horas"},"paymentMethods":["Dinheiro","Multibanco"],"otherServices":null,"observations":null}},{"type":"Feature","geometry":{"type":"Point","coordinates":[-8.2926,41.2646]},"properties":{"id":"pt-93389","source":"PT","name":"E. LECLERC LOUSADA","brand":"LECLERC","address":"Rua do Comércio, Nº32","municipality":"Lousada","district":"Porto","postalCode":"4620-830","fuels":{"gasoline95":1.93,"gasoline95Plus":1.97,"diesel":1.924,"dieselPremium":1.964},"lastUpdated":"2026-08-31 07:30","extra":{"stationType":"Outro"},"services":["Lavagem","Multibanco","Restaurante","WC","WC para deficientes"],"hours":{"weekdays":"Aberto 24 horas","saturday":"Aberto 24 horas","sunday":"Aberto 24 horas","holiday":"Aberto 24 horas"},"paymentMethods":["Dinheiro","MbWay","Multibanco"],"otherServices":null,"observations":"Ar/Água"}},{"type":"Feature","geometry":{"type":"Point","coordinates":[-8.510386,41.196873]},"properties":{"id":"pt-93392","source":"PT","name":"E. LECLERC VALONGO","brand":"LECLERC","address":"ELECLERC","municipality":"Valongo","district":"Porto","postalCode":"4440-702","fuels":{"gasoline95":1.955,"gasoline95Plus":2.065,"diesel":1.969,"dieselPremium":1.999},"lastUpdated":"2026-09-02 06:00","extra":{"stationType":"Outro"},"services":["Calibragem de pneus"],"hours":{"weekdays":"Aberto 24 horas","saturday":"Aberto 24 horas","sunday":"Aberto 24 horas","holiday":"Aberto 24 horas"},"paymentMethods":["Dinheiro"],"otherServices":null,"observations":"ABERTO AO PUBLICO , DIÁRIAMENTE, 24 HORAS : EM LIVRE SERVIÇO DAS 20 H, ÁS 8H E DAS 13 H ÁS 14 H \nEM ATENDIMENTO : DAS 8 H ÁS 13 H E DAS 14 H ÁS 20 H"}},{"type":"Feature","geometry":{"type":"Point","coordinates":[-8.208395,41.356501]},"properties":{"id":"pt-93419","source":"PT","name":"Guilherme Oliveira - Reparação de Automóveis Lda.","brand":"PETROVAZ","address":"Rua Sebastião de Carvalho nº8","municipality":"Felgueiras","district":"Porto","postalCode":"4610-126","fuels":{"gasoline95":1.959,"diesel":1.959,"dieselPremium":1.989},"lastUpdated":"2026-08-31 08:40","extra":{"stationType":"Outro"},"services":["Assistência auto","Lavagem","WC"],"hours":{"weekdays":"08:00-20:00","saturday":"08:00-20:00","sunday":"Fechado","holiday":"Fechado"},"paymentMethods":["Dinheiro","MbWay","Multibanco"],"otherServices":null,"observations":null}},{"type":"Feature","geometry":{"type":"Point","coordinates":[-8.586433,41.100861]},"properties":{"id":"pt-93445","source":"PT","name":"Vila D'Este","brand":"BP","address":"Rua dos Heróis do ultramar, 350","municipality":"Vila Nova de Gaia","district":"Porto","postalCode":"4430-431","fuels":{"gasoline95":2.114,"gasoline98Plus":2.334,"diesel":2.134,"dieselPremium":2.284},"lastUpdated":"2026-09-01 00:05","extra":{"stationType":"Outro"},"services":["Cafetaria","Calibragem de pneus","Loja de Conveniência","Multibanco","Venda de carburante de qualidade superior","Venda de gás doméstico em garrafas","WC","WC para deficientes","AUTOvoucher"],"hours":{"weekdays":"06:00-23:45","saturday":"06:00-23:45","sunday":"06:00-23:45","holiday":"06:00-23:45"},"paymentMethods":["Dinheiro","MbWay","Multibanco"],"otherServices":null,"observations":"Mudança de Titularidade"}},{"type":"Feature","geometry":{"type":"Point","coordinates":[-8.583513,41.15838]},"properties":{"id":"pt-93447","source":"PT","name":"BP São Roque da Lameira - Porto","brand":"BP","address":"Rua de são roque da Lameira","municipality":"Porto","district":"Porto","postalCode":"4300-000","fuels":{"gasoline95":2.099,"gasoline98Plus":2.329,"diesel":2.119,"dieselPremium":2.279},"lastUpdated":"2026-08-31 00:00","extra":{"stationType":"Outro"},"services":["Cafetaria","Lavagem","Loja de Conveniência","Multibanco","Venda de carburante de qualidade superior","Venda de gás doméstico em garrafas","WC","WC para deficientes"],"hours":{"weekdays":"Aberto 24 horas","saturday":"Aberto 24 horas","sunday":"Aberto 24 horas","holiday":"Aberto 24 horas"},"paymentMethods":["Dinheiro","MbWay","Multibanco"],"otherServices":null,"observations":null}},{"type":"Feature","geometry":{"type":"Point","coordinates":[-8.372126,41.319046]},"properties":{"id":"pt-93455","source":"PT","name":"OZ ENERGIA-SANFINS","brand":"OZ Energia","address":"Rua das Quintães, 15","municipality":"Paços de Ferreira","district":"Porto","postalCode":"4595-379","fuels":{"gasoline95":1.974,"gasoline95Plus":2.014,"diesel":2.004,"dieselPremium":2.044},"lastUpdated":"2026-08-31 01:30","extra":{"stationType":"Outro"},"services":["Calibragem de pneus"],"hours":null,"paymentMethods":["Dinheiro"],"otherServices":null,"observations":null}},{"type":"Feature","geometry":{"type":"Point","coordinates":[-8.350072,41.25681]},"properties":{"id":"pt-93466","source":"PT","name":"OZ ENERGIA-SOBROSA","brand":"OZ Energia","address":"Rua Ramiro Pinto de Meireles, 136","municipality":"Paredes","district":"Porto","postalCode":"4580-725","fuels":{"gasoline95":2.004,"gasoline95Plus":2.044,"diesel":2.024,"dieselPremium":2.064},"lastUpdated":"2026-08-31 01:30","extra":{"stationType":"Outro"},"services":["Calibragem de pneus"],"hours":{"weekdays":"Aberto 24 horas","saturday":"Aberto 24 horas","sunday":"Aberto 24 horas","holiday":"Aberto 24 horas"},"paymentMethods":["Dinheiro"],"otherServices":null,"observations":null}},{"type":"Feature","geometry":{"type":"Point","coordinates":[-8.305677,41.19515]},"properties":{"id":"pt-93470","source":"PT","name":"OZ ENERGIA-PENAFIEL","brand":"OZ Energia","address":"Av. Central de Guilhufe, nº388","municipality":"Penafiel","district":"Porto","postalCode":"4560-131","fuels":{"gasoline95":1.984,"gasoline95Plus":2.024,"diesel":2.004,"dieselPremium":2.044,"lpg":0.924},"lastUpdated":"2026-08-31 01:30","extra":{"stationType":"Outro"},"services":["Calibragem de pneus"],"hours":null,"paymentMethods":["Dinheiro"],"otherServices":null,"observations":null}},{"type":"Feature","geometry":{"type":"Point","coordinates":[-8.634639,41.12603]},"properties":{"id":"pt-93476","source":"PT","name":"BP Fojo - V. N. Gaia","brand":"BP","address":"Rua Nova do Fojo","municipality":"Vila Nova de Gaia","district":"Porto","postalCode":"4400-232","fuels":{"gasoline95":2.114,"gasoline98Plus":2.334,"diesel":2.134,"dieselPremium":2.284,"dieselAgri":1.704},"lastUpdated":"2026-09-03 08:55","extra":{"stationType":"Outro"},"services":["Cafetaria","Loja de Conveniência","WC"],"hours":{"weekdays":"Aberto 24 horas","saturday":"Aberto 24 horas","sunday":"Aberto 24 horas","holiday":"Aberto 24 horas"},"paymentMethods":["Dinheiro"],"otherServices":null,"observations":null}},{"type":"Feature","geometry":{"type":"Point","coordinates":[-8.287079,41.217804]},"properties":{"id":"pt-93489","source":"PT","name":"TFGEST  Novelas","brand":"FREITAS","address":"Av. Luís de Camões, 255","municipality":"Penafiel","district":"Porto","postalCode":"4560-266","fuels":{"gasoline95":2.039,"diesel":2.039,"dieselPremium":2.069,"dieselAgri":1.649},"lastUpdated":"2026-09-01 00:00","extra":{"stationType":"Outro"},"services":["Loja de Conveniência","Restaurante","WC"],"hours":null,"paymentMethods":["Dinheiro"],"otherServices":null,"observations":null}},{"type":"Feature","geometry":{"type":"Point","coordinates":[-8.364,41.22057]},"properties":{"id":"pt-93496","source":"PT","name":"P52 - PRIO Cristelo","brand":"PRIO","address":"Lugar de Gajão, Rotunda da Cadeira, Cristelo","municipality":"Paredes","district":"Porto","postalCode":"4580-352","fuels":{"gasoline95":2.054,"gasoline95Plus":1.989,"dieselPremium":2.009,"bioDiesel":1.979},"lastUpdated":"2026-09-05 00:30","extra":{"stationType":"Outro"},"services":["Cafetaria","Calibragem de pneus","Lavagem","Loja de Conveniência","Venda de gás doméstico em garrafas","WC"],"hours":{"weekdays":"06:30-22:30","saturday":"06:30-22:30","sunday":"06:30-22:30","holiday":"06:30-22:30"},"paymentMethods":["Dinheiro","Multibanco","Outros"],"otherServices":null,"observations":null}},{"type":"Feature","geometry":{"type":"Point","coordinates":[-8.622228,41.04403]},"properties":{"id":"pt-93500","source":"PT","name":"PA Serzedo (Repsol) - 21017 Antorep","brand":"PETROVAZ","address":"Rua de S. Mamede,115","municipality":"Vila Nova de Gaia","district":"Porto","postalCode":"4410-021","fuels":{"gasoline95":1.929,"gasoline98":2.119,"gasolineMix":2.2,"diesel":1.939,"dieselPremium":1.969,"dieselAgri":1.779},"lastUpdated":"2026-09-04 09:25","extra":{"stationType":"Outro"},"services":["Calibragem de pneus"],"hours":null,"paymentMethods":["Dinheiro"],"otherServices":null,"observations":null}},{"type":"Feature","geometry":{"type":"Point","coordinates":[-8.398459,41.203009]},"properties":{"id":"pt-93508","source":"PT","name":"PETROVANDOMA","brand":"G-ENERGY","address":"Av. Central de Reiros, N 1187","municipality":"Paredes","district":"Porto","postalCode":"4585-774","fuels":{"gasoline95":1.968,"gasoline95Plus":1.998,"diesel":1.903,"dieselPremium":1.954,"dieselAgri":1.56},"lastUpdated":"2026-08-31 09:15","extra":{"stationType":"Outro"},"services":["Cafetaria","Loja de Conveniência","WC"],"hours":{"weekdays":"07:00-22:00","saturday":"07:00-22:00","sunday":"07:00-22:00","holiday":"07:00-22:00"},"paymentMethods":["Dinheiro"],"otherServices":null,"observations":null}},{"type":"Feature","geometry":{"type":"Point","coordinates":[-8.493583,41.342617]},"properties":{"id":"pt-93518","source":"PT","name":"Q8 Lugar de Cavadas - Santo Tirso","brand":"Q8","address":"Rua Bernardino Alves Barbosa Santarém n.º 182  ","municipality":"Santo Tirso","district":"Porto","postalCode":"4780-410","fuels":{"gasoline95":1.949,"gasoline98":2.109,"diesel":1.949,"dieselPremium":1.969,"dieselAgri":1.544},"lastUpdated":"2026-08-31 09:30","extra":{"stationType":"Outro"},"services":["Cafetaria","Loja de Conveniência","Multibanco","Venda de gás doméstico em garrafas","Venda de gasóleo agrícola","WC","AUTOvoucher"],"hours":{"weekdays":"06:30-22:30","saturday":"06:30-22:30","sunday":"06:30-22:30","holiday":"00:00-00:00"},"paymentMethods":["Dinheiro","Multibanco"],"otherServices":null,"observations":null}},{"type":"Feature","geometry":{"type":"Point","coordinates":[-8.744403,41.36259]},"properties":{"id":"pt-93519","source":"PT","name":"AUCHAN  Vila do Conde","brand":"AUCHAN","address":"Rua Aristides Sousa Mendes, Lote 2 4480-732  Vila do Conde","municipality":"Vila do Conde","district":"Porto","postalCode":"4480-732","fuels":{"gasoline95":1.899,"gasoline95Plus":1.929,"diesel":1.929,"dieselPremium":1.959,"lpg":0.879},"lastUpdated":"2026-09-02 09:05","extra":{"stationType":"Área comercial (Hipermercados)"},"services":["Calibragem de pneus"],"hours":{"weekdays":"Aberto 24 horas","saturday":"Aberto 24 horas","sunday":"Aberto 24 horas","holiday":"Aberto 24 horas"},"paymentMethods":["Dinheiro"],"otherServices":null,"observations":null}},{"type":"Feature","geometry":{"type":"Point","coordinates":[-8.53055,41.160137]},"properties":{"id":"pt-93528","source":"PT","name":"PRIO Fânzeres","brand":"PRIO","address":"Rua Dr. Severiano 130, Fânzeres","municipality":"Gondomar","district":"Porto","postalCode":"4510-707","fuels":{"gasoline95":2.054,"gasoline95Plus":1.984,"dieselPremium":2.009,"bioDiesel":1.979,"lpg":0.909},"lastUpdated":"2026-09-05 00:30","extra":{"stationType":"Outro"},"services":["Assistência auto","Cafetaria","Loja de Conveniência","Multibanco","Venda de carburante de qualidade superior","Venda de gás doméstico em garrafas","WC","WC com fraldário","WC para deficientes"],"hours":{"weekdays":"07:00-23:00","saturday":"07:00-23:00","sunday":"07:00-23:00","holiday":"07:00-23:00"},"paymentMethods":["Dinheiro","MbWay","Multibanco","Outros"],"otherServices":null,"observations":null}},{"type":"Feature","geometry":{"type":"Point","coordinates":[-8.369084,41.361523]},"properties":{"id":"pt-93529","source":"PT","name":"TFGEST São Martinho Campo","brand":"FREITAS","address":"Av. Comendador Abilio Ferreira de Oliveira, 709","municipality":"Santo Tirso","district":"Porto","postalCode":"4795-500","fuels":{"gasoline95":2.059,"gasoline98Plus":2.259,"diesel":2.059,"dieselPremium":2.079,"dieselAgri":1.659},"lastUpdated":"2026-09-01 00:00","extra":{"stationType":"Outro"},"services":["Loja de Conveniência"],"hours":null,"paymentMethods":["Dinheiro"],"otherServices":null,"observations":null}},{"type":"Feature","geometry":{"type":"Point","coordinates":[-8.677831,41.186203]},"properties":{"id":"pt-93548","source":"PT","name":"Moeve Matosinhos","brand":"MOEVE","address":"Rua Alfredo Cunha 546","municipality":"Matosinhos","district":"Porto","postalCode":"4450-022","fuels":{"gasoline95":2.068,"gasoline95Plus":2.118,"diesel":2.094,"dieselPremium":2.144},"lastUpdated":"2026-09-03 17:50","extra":{"stationType":"Outro"},"services":["Loja de Conveniência","Multibanco","WC"],"hours":null,"paymentMethods":["Dinheiro"],"otherServices":null,"observations":null}},{"type":"Feature","geometry":{"type":"Point","coordinates":[-8.693475,41.218243]},"properties":{"id":"pt-93549","source":"PT","name":"PETROPRIX Matosinhos","brand":"PETROPRIX ","address":"Rua Joaquim Alves da Silva","municipality":"Matosinhos","district":"Porto","postalCode":"4455-473","fuels":{"gasoline95":1.929,"diesel":1.939},"lastUpdated":"2026-08-31 23:20","extra":{"stationType":"Outro"},"services":["Multibanco"],"hours":{"weekdays":"Aberto 24 horas","saturday":"Aberto 24 horas","sunday":"Aberto 24 horas","holiday":"Aberto 24 horas"},"paymentMethods":["Dinheiro","Multibanco"],"otherServices":null,"observations":null}},{"type":"Feature","geometry":{"type":"Point","coordinates":[-8.031354,41.166954]},"properties":{"id":"pt-93559","source":"PT","name":"INTERMARCHÉ Baião","brand":"INTERMARCHÉ","address":"Lugar da Frieira - Campelo","municipality":"Baião","district":"Porto","postalCode":"4640-133","fuels":{"gasoline95":1.965,"gasoline98":2.165,"diesel":1.971,"dieselPremium":2.031},"lastUpdated":"2026-08-31 09:45","extra":{"stationType":"Outro"},"services":["Calibragem de pneus"],"hours":{"weekdays":"Aberto 24 horas","saturday":"Aberto 24 horas","sunday":"Aberto 24 horas","holiday":"Aberto 24 horas"},"paymentMethods":["Dinheiro","Multibanco"],"otherServices":null,"observations":null}},{"type":"Feature","geometry":{"type":"Point","coordinates":[-8.1391,41.31519]},"properties":{"id":"pt-93569","source":"PT","name":"E.S. LIXA","brand":"REPSOL","address":"Av. Alto da Lixa nº 562","municipality":"Amarante","district":"Porto","postalCode":"4615-013","fuels":{"gasoline95":2.064,"gasoline95Plus":2.124,"gasoline98Plus":2.254,"diesel":2.084,"dieselPremium":2.144,"lpg":0.964},"lastUpdated":"2026-08-31 00:00","extra":{"stationType":"Outro"},"services":["Lavagem","Loja de Conveniência","Venda de carburante de qualidade superior","Venda de gás doméstico em garrafas","Venda de gasóleo agrícola","WC"],"hours":{"weekdays":"07:00-23:00","saturday":"07:00-23:00","sunday":"07:00-23:00","holiday":"07:00-23:00"},"paymentMethods":["Dinheiro"],"otherServices":null,"observations":null}},{"type":"Feature","geometry":{"type":"Point","coordinates":[-8.535571,41.234573]},"properties":{"id":"pt-93583","source":"PT","name":"ALVES BANDEIRA Alfena","brand":"ALVES BANDEIRA","address":"Rua Dom Afonso Henriques, N.º 221","municipality":"Valongo","district":"Porto","postalCode":"4445-085","fuels":{"gasoline95":2.094,"gasoline98":2.264,"diesel":2.099,"dieselPremium":2.119,"dieselAgri":1.669},"lastUpdated":"2026-08-31 11:55","extra":{"stationType":"Outro"},"services":["Calibragem de pneus"],"hours":null,"paymentMethods":["Dinheiro","MbWay","Multibanco","Outros"],"otherServices":null,"observations":null}},{"type":"Feature","geometry":{"type":"Point","coordinates":[-8.108869,41.16078]},"properties":{"id":"pt-93589","source":"PT","name":"Moeve - Soalhães","brand":"MOEVE","address":"Rua Rechão da Forca,134 ( EN 321-1, Km 8.580)","municipality":"Marco de Canaveses","district":"Porto","postalCode":"4630-731","fuels":{"gasoline95":2.088,"gasoline95Plus":2.138,"gasoline98Plus":2.3,"diesel":2.114,"dieselPremium":2.164,"dieselAgri":1.659},"lastUpdated":"2026-08-31 00:05","extra":{"stationType":"Outro"},"services":["WC"],"hours":{"weekdays":"06:30-21:30","saturday":"06:30-21:30","sunday":"06:30-21:30","holiday":"00:00-00:00"},"paymentMethods":["Dinheiro"],"otherServices":null,"observations":null}},{"type":"Feature","geometry":{"type":"Point","coordinates":[-8.359528,41.275917]},"properties":{"id":"pt-93715","source":"PT","name":"PETROPRIX Paços de Ferreira 1","brand":"PETROPRIX ","address":"Travessa de São Domingos, nº 15","municipality":"Paços de Ferreira","district":"Porto","postalCode":"4590-930","fuels":{"gasoline95":1.949,"diesel":1.969},"lastUpdated":"2026-08-31 23:20","extra":{"stationType":"Outro"},"services":["Multibanco"],"hours":{"weekdays":"Aberto 24 horas","saturday":"Aberto 24 horas","sunday":"Aberto 24 horas","holiday":"Aberto 24 horas"},"paymentMethods":["Dinheiro","Multibanco"],"otherServices":null,"observations":null}},{"type":"Feature","geometry":{"type":"Point","coordinates":[-8.740699,41.40913]},"properties":{"id":"pt-93801","source":"PT","name":"Varzicoop-Cooperativa Agrícola da Póvoa do Varzim, CRL","brand":"GALP","address":"Rua Comendador Francisco Lima Amorim, 863","municipality":"Póvoa de Varzim","district":"Porto","postalCode":"4495-137","fuels":{"diesel":2.055,"dieselAgri":1.67},"lastUpdated":"2026-08-31 10:50","extra":{"stationType":"Outro"},"services":["Calibragem de pneus"],"hours":null,"paymentMethods":["Dinheiro"],"otherServices":null,"observations":null}},{"type":"Feature","geometry":{"type":"Point","coordinates":[-8.525714,41.235897]},"properties":{"id":"pt-93904","source":"PT","name":"SHELL Alfena","brand":"SHELL","address":"Rua S.Vicente 2700","municipality":"Valongo","district":"Porto","postalCode":"4445-127","fuels":{"gasoline95":2.099,"gasoline95Plus":2.179,"gasoline98Plus":2.249,"diesel":2.119,"dieselPremium":2.199},"lastUpdated":"2026-09-05 00:30","extra":{"stationType":"Outro"},"services":["Cafetaria","Calibragem de pneus","WC"],"hours":{"weekdays":"07:00-22:00","saturday":"07:00-22:00","sunday":"07:00-22:00","holiday":"07:00-22:00"},"paymentMethods":["Dinheiro","MbWay","Multibanco","Outros"],"otherServices":null,"observations":null}},{"type":"Feature","geometry":{"type":"Point","coordinates":[-8.451952,41.351093]},"properties":{"id":"pt-94261","source":"PT","name":"CEPSA Burgães","brand":"CEPSA","address":"Avenida da Ramada, 375","municipality":"Santo Tirso","district":"Porto","postalCode":"4780-099","fuels":{"gasoline95":2.038,"gasoline95Plus":2.088,"diesel":2.069,"dieselPremium":2.119},"lastUpdated":"2026-08-31 00:00","extra":{"stationType":"Outro"},"services":["Calibragem de pneus"],"hours":null,"paymentMethods":["Dinheiro","Multibanco"],"otherServices":null,"observations":null}},{"type":"Feature","geometry":{"type":"Point","coordinates":[-8.218762,41.122246]},"properties":{"id":"pt-94288","source":"PT","name":"GALP Favões","brand":"GALP","address":"Av. do Entroncamento, 46","municipality":"Marco de Canaveses","district":"Porto","postalCode":"4625-068","fuels":{"gasoline95":2.104,"gasoline95Plus":2.154,"gasoline98Plus":2.334,"diesel":2.117,"dieselPremium":2.167,"dieselAgri":1.694},"lastUpdated":"2026-08-31 20:20","extra":{"stationType":"Outro"},"services":["Calibragem de pneus"],"hours":null,"paymentMethods":["Dinheiro"],"otherServices":null,"observations":null}},{"type":"Feature","geometry":{"type":"Point","coordinates":[-8.387479,41.271976]},"properties":{"id":"pt-94301","source":"PT","name":"PLENERGY - PAÇOS DE FERREIRA I ","brand":"PLENERGY","address":"Rua dos Moinhos, Rua Capitão da Praça e Ruela do Frazão","municipality":"Paços de Ferreira","district":"Porto","postalCode":"4590-570","fuels":{"gasoline95":1.949,"gasoline95Plus":1.959,"diesel":1.969,"dieselPremium":1.979},"lastUpdated":"2026-09-01 13:00","extra":{"stationType":"Outro"},"services":["Calibragem de pneus"],"hours":{"weekdays":"Aberto 24 horas","saturday":"Aberto 24 horas","sunday":"Aberto 24 horas","holiday":"Aberto 24 horas"},"paymentMethods":["Dinheiro","Multibanco"],"otherServices":null,"observations":null}},{"type":"Feature","geometry":{"type":"Point","coordinates":[-8.575438,41.109215]},"properties":{"id":"pt-94302","source":"PT","name":"PLENERGY - VILA NOVA DE GAIA I","brand":"PLENERGY","address":"Avenida Vasco da Gama, 3070, Vilar de Andorinho","municipality":"Vila Nova de Gaia","district":"Porto","postalCode":"4430-247","fuels":{"gasoline95":1.919,"gasoline95Plus":1.939,"diesel":1.959,"dieselPremium":1.979},"lastUpdated":"2026-09-01 13:00","extra":{"stationType":"Outro"},"services":["Calibragem de pneus"],"hours":{"weekdays":"Aberto 24 horas","saturday":"Aberto 24 horas","sunday":"Aberto 24 horas","holiday":"Aberto 24 horas"},"paymentMethods":["Dinheiro","Multibanco"],"otherServices":null,"observations":null}},{"type":"Feature","geometry":{"type":"Point","coordinates":[-8.164341,41.209682]},"properties":{"id":"pt-94316","source":"PT","name":"MOEVE Constance - Marco Canaveses","brand":"MOEVE","address":"Rua da Venda Nova, 980 a 1030","municipality":"Marco de Canaveses","district":"Porto","postalCode":"4635-093","fuels":{"gasoline95":2.088,"gasoline95Plus":2.138,"diesel":2.114,"dieselPremium":2.164},"lastUpdated":"2026-08-31 00:00","extra":{"stationType":"Outro"},"services":["Cafetaria","Lavagem","Loja de Conveniência","Multibanco","Venda de carburante de qualidade superior","WC","WC para deficientes","AUTOvoucher"],"hours":{"weekdays":"06:00-22:00","saturday":"06:00-22:00","sunday":"06:00-22:00","holiday":"06:00-22:00"},"paymentMethods":["Dinheiro","MbWay","Multibanco","Outros"],"otherServices":null,"observations":"Horário das 06h00m ás 22h00m"}},{"type":"Feature","geometry":{"type":"Point","coordinates":[-8.15551,41.17844]},"properties":{"id":"pt-94388","source":"PT","name":"Efice Energy Marco de Canaveses","brand":"Genérico","address":"Avenida dos Bombeiros Voluntarios de Marco de Canaveses","municipality":"Marco de Canaveses","district":"Porto","postalCode":"4630-470","fuels":{"gasoline95":1.979,"gasoline95Plus":1.999,"diesel":1.944,"dieselPremium":1.964,"dieselAgri":1.633},"lastUpdated":"2026-08-31 12:35","extra":{"stationType":"Outro"},"services":["Calibragem de pneus"],"hours":null,"paymentMethods":["Dinheiro"],"otherServices":null,"observations":null}},{"type":"Feature","geometry":{"type":"Point","coordinates":[-8.741143,41.39823]},"properties":{"id":"pt-94408","source":"PT","name":"VENDEIRO AMORIM","brand":"Genérico","address":"RUA DA POVOA Nº 634","municipality":"Póvoa de Varzim","district":"Porto","postalCode":"4495-121","fuels":{"gasoline95":1.939,"gasoline95Plus":1.969,"diesel":1.949,"dieselPremium":1.979,"dieselAgri":1.579},"lastUpdated":"2026-09-01 00:05","extra":{"stationType":"Outro"},"services":["Calibragem de pneus"],"hours":{"weekdays":"07:00-22:00","saturday":"07:00-22:00","sunday":"07:00-22:00","holiday":"00:00-22:00"},"paymentMethods":["Dinheiro"],"otherServices":null,"observations":null}},{"type":"Feature","geometry":{"type":"Point","coordinates":[-8.648844,41.414955]},"properties":{"id":"pt-94409","source":"PT","name":"VENDEIRO BALAZAR NASCENTE","brand":"BP","address":"Rua da Fabrica 343","municipality":"Póvoa de Varzim","district":"Porto","postalCode":"4570-029","fuels":{"gasoline95":1.959,"gasoline98":2.089,"diesel":1.969,"dieselPremium":1.999,"dieselAgri":1.544,"lpg":0.899},"lastUpdated":"2026-09-01 00:05","extra":{"stationType":"Outro"},"services":["Calibragem de pneus"],"hours":null,"paymentMethods":["Dinheiro"],"otherServices":null,"observations":null}},{"type":"Feature","geometry":{"type":"Point","coordinates":[-8.184612,41.244434]},"properties":{"id":"pt-94433","source":"PT","name":"BP Vila  Meã","brand":"BP","address":"Rua das Lapas, n.º541","municipality":"Amarante","district":"Porto","postalCode":"4605-333","fuels":{"gasoline95":2.144,"gasoline98Plus":2.334,"diesel":2.164,"dieselPremium":2.284,"dieselAgri":1.704},"lastUpdated":"2026-09-01 00:00","extra":{"stationType":"Outro"},"services":["Multibanco","Venda de gás doméstico em garrafas","Venda de gasóleo agrícola","Venda de gasóleo para aquecimento","WC"],"hours":{"weekdays":"06:00-23:00","saturday":"06:00-23:00","sunday":"06:00-23:00","holiday":"06:00-23:00"},"paymentMethods":["Dinheiro","MbWay","Multibanco"],"otherServices":null,"observations":null}},{"type":"Feature","geometry":{"type":"Point","coordinates":[-8.485271,41.259403]},"properties":{"id":"pt-94434","source":"PT","name":"GALP Agrela - Sto Tirso - 15188","brand":"GALP","address":"EN 105 - Km 13,000-E - Rua 25 Abril, 1460 -  Aldeia Nova","municipality":"Santo Tirso","district":"Porto","postalCode":"4825-010","fuels":{"gasoline95":2.064,"gasoline95Plus":2.114,"diesel":2.077,"dieselPremium":2.127,"dieselAgri":1.694},"lastUpdated":"2026-09-04 09:35","extra":{"stationType":"Outro"},"services":["Calibragem de pneus"],"hours":{"weekdays":"07:00-22:00","saturday":"07:00-22:00","sunday":"08:00-20:00","holiday":"08:00-20:00"},"paymentMethods":["Dinheiro"],"otherServices":null,"observations":null}},{"type":"Feature","geometry":{"type":"Point","coordinates":[-8.565017,41.21127]},"properties":{"id":"pt-94450","source":"PT","name":"SHELL Águas Santas","brand":"SHELL","address":"Rua Dom Afonso Henriques","municipality":"Maia","district":"Porto","postalCode":"4425-592","fuels":{"gasoline95":2.069,"gasoline95Plus":2.149,"gasoline98Plus":2.219,"diesel":2.089,"dieselPremium":2.169,"bioDiesel":2.099},"lastUpdated":"2026-09-05 00:30","extra":{"stationType":"Outro"},"services":["Calibragem de pneus","Lavagem","Multibanco","WC"],"hours":{"weekdays":"07:00-23:00","saturday":"07:00-23:00","sunday":"07:00-23:00","holiday":"07:00-23:00"},"paymentMethods":["Dinheiro","MbWay","Multibanco","Outros"],"otherServices":null,"observations":null}},{"type":"Feature","geometry":{"type":"Point","coordinates":[-8.482592,41.36759]},"properties":{"id":"pt-94456","source":"PT","name":"GALP Lama - Stº Tirso - 15187","brand":"GALP","address":"Rua Padre José Maria Alves","municipality":"Santo Tirso","district":"Porto","postalCode":"4780-050","fuels":{"gasoline95":2.064,"gasoline95Plus":2.114,"diesel":2.077,"dieselPremium":2.127},"lastUpdated":"2026-09-04 09:35","extra":{"stationType":"Outro"},"services":["Calibragem de pneus"],"hours":{"weekdays":"08:00-21:59","saturday":"08:00-21:59","sunday":"08:00-16:00","holiday":"00:00-00:00"},"paymentMethods":["Dinheiro"],"otherServices":null,"observations":null}},{"type":"Feature","geometry":{"type":"Point","coordinates":[-8.63871,41.107468]},"properties":{"id":"pt-94457","source":"PT","name":"INTERMARCHÉ Madalena VNG","brand":"INTERMARCHÉ","address":"Rua António Francisco de Sousa","municipality":"Vila Nova de Gaia","district":"Porto","postalCode":"4405-726","fuels":{"gasoline95":1.969,"gasoline95Plus":1.999,"gasoline98":2.109,"diesel":1.969,"dieselPremium":1.989},"lastUpdated":"2026-09-01 00:00","extra":{"stationType":"Área comercial (Hipermercados)"},"services":["Calibragem de pneus"],"hours":{"weekdays":"Aberto 24 horas","saturday":"Aberto 24 horas","sunday":"Aberto 24 horas","holiday":"Aberto 24 horas"},"paymentMethods":["Dinheiro","Multibanco"],"otherServices":null,"observations":null}},{"type":"Feature","geometry":{"type":"Point","coordinates":[-8.507628,41.162334]},"properties":{"id":"pt-94478","source":"PT","name":"São Pedro da Cova","brand":"MOEVE","address":"Estrada Nacional 219 km 9.7","municipality":"Gondomar","district":"Porto","postalCode":"4510-429","fuels":{"gasoline95":2.038,"gasoline95Plus":2.088,"gasoline98Plus":2.25,"diesel":2.064,"dieselPremium":2.114},"lastUpdated":"2026-08-31 00:00","extra":{"stationType":"Outro"},"services":["Loja de Conveniência","Multibanco","WC","AUTOvoucher"],"hours":{"weekdays":"Aberto 24 horas","saturday":"Aberto 24 horas","sunday":"Aberto 24 horas","holiday":"Aberto 24 horas"},"paymentMethods":["Dinheiro"],"otherServices":null,"observations":null}},{"type":"Feature","geometry":{"type":"Point","coordinates":[-8.557713,41.340725]},"properties":{"id":"pt-94484","source":"PT","name":"PLENERGY - TROFA I","brand":"PLENERGY","address":"Largo Bombeiros Voluntários da Trofa, 207","municipality":"Trofa","district":"Porto","postalCode":"4785-292","fuels":{"gasoline95":1.929,"gasoline95Plus":1.939,"diesel":1.929,"dieselPremium":1.939},"lastUpdated":"2026-09-01 13:00","extra":{"stationType":"Outro"},"services":["Calibragem de pneus"],"hours":{"weekdays":"Aberto 24 horas","saturday":"Aberto 24 horas","sunday":"Aberto 24 horas","holiday":"Aberto 24 horas"},"paymentMethods":["Dinheiro","Multibanco"],"otherServices":null,"observations":null}},{"type":"Feature","geometry":{"type":"Point","coordinates":[-8.589201,41.031357]},"properties":{"id":"pt-94489","source":"PT","name":"REPSOL Grijó (R1309 ANTOREP)","brand":"REPSOL","address":"Rua da Guarda","municipality":"Vila Nova de Gaia","district":"Porto","postalCode":"4415-475","fuels":{"gasoline95":2.064,"diesel":2.084,"dieselPremium":2.144},"lastUpdated":"2026-08-31 10:50","extra":{"stationType":"Outro"},"services":["Calibragem de pneus"],"hours":null,"paymentMethods":["Dinheiro"],"otherServices":null,"observations":null}},{"type":"Feature","geometry":{"type":"Point","coordinates":[-8.150838,41.33089]},"properties":{"id":"pt-94505","source":"PT","name":"PA GALP - LIXA","brand":"GALP","address":"Av. da Republica ","municipality":"Felgueiras","district":"Porto","postalCode":"4615-676","fuels":{"gasoline95":2.064,"gasoline95Plus":2.114,"diesel":2.084,"dieselPremium":2.134,"dieselAgri":1.694},"lastUpdated":"2026-09-05 05:50","extra":{"stationType":"Outro"},"services":["Cafetaria","Loja de Conveniência","Multibanco","WC"],"hours":null,"paymentMethods":["Dinheiro"],"otherServices":null,"observations":null}},{"type":"Feature","geometry":{"type":"Point","coordinates":[-8.640317,41.204453]},"properties":{"id":"pt-94509","source":"PT","name":"GALP A4 A.S. Matosinhos (Matosinhos/Amarante)","brand":"GALP","address":"A4/ IP4 Km 3,08 e 4,10 Sublanço Nó de Custóias","municipality":"Matosinhos","district":"Porto","postalCode":"4460-739","fuels":{"gasoline95":2.149,"gasoline95Plus":2.219,"gasoline98Plus":2.379,"diesel":2.159,"dieselPremium":2.229,"lpg":0.954,"cngkg":2.577,"lng":2.745},"lastUpdated":"2026-09-05 04:15","extra":{"stationType":"Auto-estrada"},"services":["Cafetaria","Loja de Conveniência","Multibanco","Venda de gás doméstico em garrafas","WC","WC com fraldário","WC para deficientes"],"hours":{"weekdays":"Aberto 24 horas","saturday":"Aberto 24 horas","sunday":"Aberto 24 horas","holiday":"Aberto 24 horas"},"paymentMethods":["Dinheiro","MbWay","Multibanco","Outros"],"otherServices":null,"observations":null}},{"type":"Feature","geometry":{"type":"Point","coordinates":[-8.767058,41.39857]},"properties":{"id":"pt-94514","source":"PT","name":"PLENERGY - PÓVOA DE VARZIM I","brand":"PLENERGY","address":"Rua Gomes Amorim (EN 13) n.º 1865","municipality":"Póvoa de Varzim","district":"Porto","postalCode":"4490-001","fuels":{"gasoline95":1.899,"gasoline95Plus":1.929,"diesel":1.929,"dieselPremium":1.959},"lastUpdated":"2026-09-01 13:00","extra":{"stationType":"Outro"},"services":[],"hours":{"weekdays":"Aberto 24 horas","saturday":"Aberto 24 horas","sunday":"Aberto 24 horas","holiday":"Aberto 24 horas"},"paymentMethods":["Dinheiro","Multibanco"],"otherServices":null,"observations":null}},{"type":"Feature","geometry":{"type":"Point","coordinates":[-8.282061,41.210056]},"properties":{"id":"pt-94515","source":"PT","name":"MOEVE Penafiel - Av. Pedro Guedes","brand":"MOEVE","address":"AV. PEDRO GUEDES","municipality":"Penafiel","district":"Porto","postalCode":"4560-452","fuels":{"gasoline95":2.038,"gasoline98Plus":2.25,"diesel":2.069,"dieselPremium":2.119},"lastUpdated":"2026-08-31 00:00","extra":{"stationType":"Outro"},"services":["Calibragem de pneus"],"hours":null,"paymentMethods":["Dinheiro"],"otherServices":null,"observations":null}},{"type":"Feature","geometry":{"type":"Point","coordinates":[-8.572759,41.09139]},"properties":{"id":"pt-94516","source":"PT","name":"BP  Vilar de Andorinho","brand":"BP","address":"Rua de São Lourenço nº 862 - Vilar de Andorinho","municipality":"Vila Nova de Gaia","district":"Porto","postalCode":"4430-533","fuels":{"gasoline95":2.039,"gasoline98Plus":2.229,"diesel":2.059,"dieselPremium":2.179},"lastUpdated":"2026-08-31 10:50","extra":{"stationType":"Outro"},"services":["Calibragem de pneus"],"hours":{"weekdays":"Aberto 24 horas","saturday":"Aberto 24 horas","sunday":"Aberto 24 horas","holiday":"Aberto 24 horas"},"paymentMethods":["Multibanco"],"otherServices":null,"observations":"Posto em funcionamento em modo automático (sem funcionários)"}},{"type":"Feature","geometry":{"type":"Point","coordinates":[-8.492591,41.34141]},"properties":{"id":"pt-94526","source":"PT","name":"PETROPRIX SANTO TIRSO","brand":"PETROPRIX ","address":"Rua Bernardino Alves Barbosa Santarém","municipality":"Santo Tirso","district":"Porto","postalCode":"4780-410","fuels":{"gasoline95":1.929,"diesel":1.929},"lastUpdated":"2026-08-31 23:25","extra":{"stationType":"Outro"},"services":[],"hours":{"weekdays":"Aberto 24 horas","saturday":"Aberto 24 horas","sunday":"Aberto 24 horas","holiday":"Aberto 24 horas"},"paymentMethods":["Multibanco"],"otherServices":null,"observations":null}},{"type":"Feature","geometry":{"type":"Point","coordinates":[-8.565804,41.049908]},"properties":{"id":"pt-94528","source":"PT","name":"PETROPRIX Pedroso","brand":"PETROPRIX ","address":"Rua da Seada, Lote 1","municipality":"Vila Nova de Gaia","district":"Porto","postalCode":"4415-342","fuels":{"gasoline95":1.919,"diesel":1.969},"lastUpdated":"2026-09-02 08:00","extra":{"stationType":"Outro"},"services":["Multibanco"],"hours":{"weekdays":"Aberto 24 horas","saturday":"Aberto 24 horas","sunday":"Aberto 24 horas","holiday":"Aberto 24 horas"},"paymentMethods":["Dinheiro","Multibanco"],"otherServices":null,"observations":null}},{"type":"Feature","geometry":{"type":"Point","coordinates":[-8.683022,41.209568]},"properties":{"id":"pt-94532","source":"PT","name":"PLENERGY -  MATOSINHOS I","brand":"PLENERGY","address":"Avenida Arquiteto Alcino Soutinho, 592, 4455-790 Santa Cruz do Bispo","municipality":"Matosinhos","district":"Porto","postalCode":"4455-790","fuels":{"gasoline95":1.929,"gasoline95Plus":1.969,"diesel":1.939,"dieselPremium":1.979},"lastUpdated":"2026-09-01 13:00","extra":{"stationType":"Outro"},"services":["Calibragem de pneus"],"hours":{"weekdays":"Aberto 24 horas","saturday":"Aberto 24 horas","sunday":"Aberto 24 horas","holiday":"Aberto 24 horas"},"paymentMethods":["Dinheiro","Multibanco"],"otherServices":null,"observations":null}},{"type":"Feature","geometry":{"type":"Point","coordinates":[-8.603661,41.09022]},"properties":{"id":"pt-94560","source":"PT","name":"ALVES BANDEIRA Canelas","brand":"ALVES BANDEIRA","address":"Rua da Urtigueira, nº 605","municipality":"Vila Nova de Gaia","district":"Porto","postalCode":"4410-304","fuels":{"gasoline95":2.074,"gasoline98":2.244,"diesel":2.079,"dieselPremium":2.099,"dieselAgri":1.649},"lastUpdated":"2026-08-31 12:10","extra":{"stationType":"Outro"},"services":["Cafetaria","Loja de Conveniência","Multibanco","Venda de gás doméstico em garrafas","Venda de gasóleo agrícola","WC","WC para deficientes"],"hours":{"weekdays":"07:00-22:00","saturday":"07:00-22:00","sunday":"07:00-22:00","holiday":"07:00-22:00"},"paymentMethods":["Dinheiro","MbWay","Multibanco","Outros"],"otherServices":null,"observations":null}},{"type":"Feature","geometry":{"type":"Point","coordinates":[-8.649421,41.25552]},"properties":{"id":"pt-94561","source":"PT","name":"PRIO Moreira da Maia","brand":"PRIO","address":"Rua Eng. Frederico Ulrich 3311","municipality":"Maia","district":"Porto","postalCode":"4470-605","fuels":{"gasoline95":2.054,"gasoline95Plus":1.994,"dieselPremium":2.029,"bioDiesel":1.999},"lastUpdated":"2026-09-05 00:30","extra":{"stationType":"Outro"},"services":["Calibragem de pneus"],"hours":{"weekdays":"07:00-23:00","saturday":"07:00-23:00","sunday":"07:00-23:00","holiday":"07:00-23:00"},"paymentMethods":["Dinheiro"],"otherServices":null,"observations":null}},{"type":"Feature","geometry":{"type":"Point","coordinates":[-8.625255,41.07038]},"properties":{"id":"pt-94563","source":"PT","name":"CEPSA Gulpilhares","brand":"CEPSA","address":"RUA SALVADOR BRANDÃO, GULPILHARES","municipality":"Vila Nova de Gaia","district":"Porto","postalCode":"4405-702","fuels":{"gasoline95":2.018,"gasoline95Plus":2.068,"diesel":2.084,"dieselPremium":2.114,"lpg":0.996},"lastUpdated":"2026-08-31 00:00","extra":{"stationType":"Outro"},"services":["Cafetaria","Lavagem","Loja de Conveniência","Multibanco","Venda de carburante de qualidade superior","Venda de gás doméstico em garrafas","WC","WC para deficientes"],"hours":{"weekdays":"07:00-22:30","saturday":"07:00-22:30","sunday":"07:00-22:30","holiday":"07:00-22:30"},"paymentMethods":["Dinheiro","MbWay","Multibanco"],"otherServices":null,"observations":null}},{"type":"Feature","geometry":{"type":"Point","coordinates":[-8.567146,41.056435]},"properties":{"id":"pt-94566","source":"PT","name":"CEPSA CARVALHOS - PEDROSO","brand":"CEPSA","address":"Av .Dr. Moreira de Sousa nº 2316","municipality":"Vila Nova de Gaia","district":"Porto","postalCode":"4415-382","fuels":{"gasoline95":2.018,"diesel":2.064,"dieselPremium":2.114,"lpg":0.996},"lastUpdated":"2026-08-31 00:00","extra":{"stationType":"Outro"},"services":["Cafetaria","Loja de Conveniência","Multibanco","Venda de carburante de qualidade superior","Venda de gás doméstico em garrafas","WC para deficientes"],"hours":{"weekdays":"07:00-22:30","saturday":"07:00-22:30","sunday":"07:00-22:30","holiday":"07:00-22:30"},"paymentMethods":["Dinheiro","MbWay","Multibanco"],"otherServices":null,"observations":null}},{"type":"Feature","geometry":{"type":"Point","coordinates":[-8.55965,41.28079]},"properties":{"id":"pt-94596","source":"PT","name":"GALP São Romao Coronado - 15055","brand":"GALP","address":"Rua horizonte 1671","municipality":"Trofa","district":"Porto","postalCode":"4745-524","fuels":{"gasoline95":2.064,"gasoline95Plus":2.124,"diesel":2.077,"dieselPremium":2.137},"lastUpdated":"2026-09-04 09:35","extra":{"stationType":"Outro"},"services":["Calibragem de pneus"],"hours":{"weekdays":"07:00-21:00","saturday":"07:00-21:00","sunday":"08:00-13:00","holiday":"08:00-20:00"},"paymentMethods":["Dinheiro","Multibanco"],"otherServices":null,"observations":null}},{"type":"Feature","geometry":{"type":"Point","coordinates":[-8.56666,41.20699]},"properties":{"id":"pt-94608","source":"PT","name":"REDE ENERGIA Águas Santas - Alto da Maia","brand":"REDE ENERGIA","address":"EN 208 - Av. Lidador da Maia, 45 - Águas Santas","municipality":"Maia","district":"Porto","postalCode":"4425-116","fuels":{"gasoline95":1.929,"gasoline95Plus":1.959,"diesel":1.969,"dieselPremium":1.999},"lastUpdated":"2026-08-31 12:25","extra":{"stationType":"Outro"},"services":["Calibragem de pneus"],"hours":{"weekdays":"07:00-23:00","saturday":"07:00-23:00","sunday":"07:00-23:00","holiday":"07:00-23:00"},"paymentMethods":["Dinheiro","Multibanco"],"otherServices":null,"observations":null}},{"type":"Feature","geometry":{"type":"Point","coordinates":[-8.7269,41.26519]},"properties":{"id":"pt-94609","source":"PT","name":"GALP Lavra. - 15006","brand":"GALP","address":"Posto Galp-R.Angeiras 72","municipality":"Matosinhos","district":"Porto","postalCode":"4455-035","fuels":{"gasoline95":2.104,"gasoline95Plus":2.159,"diesel":2.117,"dieselPremium":2.172,"dieselAgri":1.694},"lastUpdated":"2026-08-31 10:55","extra":{"stationType":"Outro"},"services":["Calibragem de pneus"],"hours":{"weekdays":"08:00-20:00","saturday":"08:00-20:00","sunday":"08:00-20:00","holiday":"08:00-20:00"},"paymentMethods":["Dinheiro"],"otherServices":null,"observations":null}},{"type":"Feature","geometry":{"type":"Point","coordinates":[-8.615753,41.239815]},"properties":{"id":"pt-94627","source":"PT","name":"PA Coop Maia - Vermoin","brand":"Genérico","address":"Rua Agra da Portela, 25 (Rua Padre Luís Campos)","municipality":"Maia","district":"Porto","postalCode":"4470-227","fuels":{"gasoline95":1.96,"diesel":1.956,"dieselPremium":1.976,"dieselAgri":1.515},"lastUpdated":"2026-08-31 12:25","extra":{"stationType":"Outro"},"services":["Calibragem de pneus"],"hours":{"weekdays":"08:00-19:00","saturday":"08:00-12:30","sunday":"Fechado","holiday":"Fechado"},"paymentMethods":["Dinheiro"],"otherServices":null,"observations":null}},{"type":"Feature","geometry":{"type":"Point","coordinates":[-8.681256,41.17501]},"properties":{"id":"pt-94630","source":"PT","name":"ABSOLUTEFICAZ - COMBUSTÍVEIS, LDA (REPSOL-MATOSINHOS-AV.D.AFONSO HENRIQUES)","brand":"REPSOL","address":"AV D. AFONSO HENRIQUES, 1580","municipality":"Matosinhos","district":"Porto","postalCode":"4450-013","fuels":{"gasoline95":2.074,"gasoline95Plus":2.144,"gasoline98Plus":2.274,"diesel":2.094,"dieselPremium":2.164},"lastUpdated":"2026-09-05 00:00","extra":{"stationType":"Outro"},"services":["Calibragem de pneus"],"hours":null,"paymentMethods":["Dinheiro"],"otherServices":null,"observations":null}},{"type":"Feature","geometry":{"type":"Point","coordinates":[-8.55593,41.20791]},"properties":{"id":"pt-94631","source":"PT","name":"ABSOLUTEFICAZ - COMBUSTÍVEIS, LDA (REPSOL-ERMESINDE-AV.JOÃO DE DEUS)","brand":"REPSOL","address":"AVENIDA JOÃO DE DEUS, LOTE A","municipality":"Valongo","district":"Porto","postalCode":"4445-474","fuels":{"gasoline95":2.064,"gasoline95Plus":2.124,"diesel":2.084,"dieselPremium":2.144},"lastUpdated":"2026-08-31 10:30","extra":{"stationType":"Outro"},"services":["Calibragem de pneus"],"hours":null,"paymentMethods":["Dinheiro"],"otherServices":null,"observations":null}},{"type":"Feature","geometry":{"type":"Point","coordinates":[-8.676889,41.18254]},"properties":{"id":"pt-94632","source":"PT","name":"REPSOL Matosinhos - IP4","brand":"REPSOL","address":"PROLONGAMENTO DA AVENIDA REPÚBLICA, S/N","municipality":"Matosinhos","district":"Porto","postalCode":"4450-130","fuels":{"gasoline95":2.074,"gasoline95Plus":2.144,"diesel":2.094,"dieselPremium":2.164,"lpg":0.944},"lastUpdated":"2026-09-05 00:00","extra":{"stationType":"Outro"},"services":["Calibragem de pneus"],"hours":null,"paymentMethods":["Dinheiro"],"otherServices":null,"observations":null}},{"type":"Feature","geometry":{"type":"Point","coordinates":[-8.259512,41.350815]},"properties":{"id":"pt-94645","source":"PT","name":"BXPRESS Felgueiras","brand":"Genérico","address":"Rua das Lameiras N130","municipality":"Felgueiras","district":"Porto","postalCode":"4650-367","fuels":{"gasoline95":1.959,"diesel":1.959,"dieselPremium":1.989},"lastUpdated":"2026-08-31 16:05","extra":{"stationType":"Outro"},"services":["Calibragem de pneus"],"hours":null,"paymentMethods":["Dinheiro"],"otherServices":null,"observations":null}},{"type":"Feature","geometry":{"type":"Point","coordinates":[-8.520756,41.041897]},"properties":{"id":"pt-94646","source":"PT","name":"Galp  Sandim","brand":"GALP","address":"Rua de Gondesinho Eres - Largo do Tourão","municipality":"Vila Nova de Gaia","district":"Porto","postalCode":"4415-903","fuels":{"gasoline95":2.104,"gasoline95Plus":2.154,"gasoline98Plus":2.334,"diesel":2.117,"dieselPremium":2.167},"lastUpdated":"2026-09-03 00:00","extra":{"stationType":"Outro"},"services":["Calibragem de pneus"],"hours":null,"paymentMethods":["Dinheiro"],"otherServices":null,"observations":null}},{"type":"Feature","geometry":{"type":"Point","coordinates":[-8.187478,41.356584]},"properties":{"id":"pt-94648","source":"PT","name":"Q8 Felgueiras - Retail Park","brand":"Q8","address":"Av. Dr. Ribeiro de Magalhães, n.º 228 - Lote 2, Felgueiras Retail Park","municipality":"Felgueiras","district":"Porto","postalCode":"4610-826","fuels":{"gasoline95":1.959,"gasoline95Plus":1.979,"diesel":1.959,"dieselPremium":1.989},"lastUpdated":"2026-08-31 09:35","extra":{"stationType":"Outro"},"services":["Cafetaria","Loja de Conveniência"],"hours":{"weekdays":"07:00-23:00","saturday":"07:00-23:00","sunday":"07:00-23:00","holiday":"07:00-23:00"},"paymentMethods":["Dinheiro","Multibanco"],"otherServices":null,"observations":null}},{"type":"Feature","geometry":{"type":"Point","coordinates":[-8.297167,41.194393]},"properties":{"id":"pt-94653","source":"PT","name":"GALP Penafiel - Tenente Valadim","brand":"GALP","address":"Rua Tenente Valadim E.N 15 Km 29,6 - Tapadinha","municipality":"Penafiel","district":"Porto","postalCode":"4560-532","fuels":{"gasoline95":2.064,"gasoline95Plus":2.114,"gasoline98Plus":2.294,"diesel":2.077,"dieselPremium":2.127,"lpg":0.944},"lastUpdated":"2026-08-31 10:35","extra":{"stationType":"Outro"},"services":["Calibragem de pneus"],"hours":null,"paymentMethods":["Dinheiro"],"otherServices":null,"observations":null}},{"type":"Feature","geometry":{"type":"Point","coordinates":[-8.683577,41.209248]},"properties":{"id":"pt-94662","source":"PT","name":"PETROPRIX Matosinhos 2 (Sta Cruz Bispo)","brand":"PETROPRIX ","address":"Avenida Arquiteto Fernando Távora","municipality":"Matosinhos","district":"Porto","postalCode":"4455-877","fuels":{"gasoline95":1.929,"diesel":1.939},"lastUpdated":"2026-08-31 23:20","extra":{"stationType":"Outro"},"services":["Multibanco"],"hours":{"weekdays":"Aberto 24 horas","saturday":"Aberto 24 horas","sunday":"Aberto 24 horas","holiday":"Aberto 24 horas"},"paymentMethods":["Dinheiro","Multibanco"],"otherServices":null,"observations":null}},{"type":"Feature","geometry":{"type":"Point","coordinates":[-8.434161,41.196667]},"properties":{"id":"pt-94688","source":"PT","name":"REPSOL Gandra - Rotunda Oliveiras","brand":"REPSOL","address":"VIA ROTA DOS MÓVEIS, n.º 50","municipality":"Paredes","district":"Porto","postalCode":"4585-325","fuels":{"gasoline95":2.054,"gasoline98Plus":2.234,"diesel":2.074,"dieselPremium":2.134,"lpg":0.974},"lastUpdated":"2026-08-31 10:35","extra":{"stationType":"Outro"},"services":["Cafetaria","Loja de Conveniência","Multibanco","Restaurante","WC"],"hours":null,"paymentMethods":["Dinheiro"],"otherServices":null,"observations":null}},{"type":"Feature","geometry":{"type":"Point","coordinates":[-8.20346,41.36073]},"properties":{"id":"pt-94690","source":"PT","name":"E.S.Felgueiras","brand":"REPSOL","address":"Av Dr Leonardo Coimbra nº182","municipality":"Felgueiras","district":"Porto","postalCode":"4610-105","fuels":{"gasoline95":2.064,"gasoline98Plus":2.244,"diesel":2.084,"dieselPremium":2.134},"lastUpdated":"2026-08-31 00:00","extra":{"stationType":"Outro"},"services":["Loja de Conveniência"],"hours":{"weekdays":"07:00-22:00","saturday":"07:00-22:00","sunday":"07:00-22:00","holiday":"07:00-22:00"},"paymentMethods":["Dinheiro"],"otherServices":null,"observations":null}},{"type":"Feature","geometry":{"type":"Point","coordinates":[-8.1927,41.36054]},"properties":{"id":"pt-94691","source":"PT","name":"E.S.FELGUEIRAS II","brand":"REPSOL","address":"Av. Dr. Ribeiro Magalhães","municipality":"Felgueiras","district":"Porto","postalCode":"4610-000","fuels":{"gasoline95":2.064,"gasoline95Plus":2.114,"gasoline98Plus":2.244,"diesel":2.084,"dieselPremium":2.134,"lpg":0.964},"lastUpdated":"2026-08-31 00:00","extra":{"stationType":"Outro"},"services":["Loja de Conveniência"],"hours":{"weekdays":"07:00-22:00","saturday":"07:00-22:00","sunday":"07:00-22:00","holiday":"07:00-22:00"},"paymentMethods":["Dinheiro"],"otherServices":null,"observations":null}},{"type":"Feature","geometry":{"type":"Point","coordinates":[-8.518573,41.137436]},"properties":{"id":"pt-94702","source":"PT","name":"BP Gondomar Estrada D. Miguel","brand":"BP","address":"Estrada Dom Miguel","municipality":"Gondomar","district":"Porto","postalCode":"4510-249","fuels":{"gasoline95":2.144,"gasoline98Plus":2.334,"diesel":2.164,"dieselPremium":2.284},"lastUpdated":"2026-09-01 00:00","extra":{"stationType":"Outro"},"services":["Cafetaria","Lavagem","Loja de Conveniência","Venda de gás doméstico em garrafas"],"hours":{"weekdays":"07:00-23:00","saturday":"07:00-23:00","sunday":"07:00-23:00","holiday":"07:00-23:00"},"paymentMethods":["Dinheiro","MbWay","Multibanco","Outros"],"otherServices":null,"observations":null}},{"type":"Feature","geometry":{"type":"Point","coordinates":[-8.145531,41.187843]},"properties":{"id":"pt-94704","source":"PT","name":"BP Marco de Canavezes  (Norte)","brand":"BP","address":"Avenida Gago Coutinho, 248","municipality":"Marco de Canaveses","district":"Porto","postalCode":"4630-206","fuels":{"gasoline95":2.144,"gasoline98Plus":2.334,"diesel":2.164,"dieselPremium":2.284},"lastUpdated":"2026-09-01 10:25","extra":{"stationType":"Outro"},"services":["Loja de Conveniência","Venda de gás doméstico em garrafas","WC"],"hours":{"weekdays":"06:00-23:59","saturday":"06:00-23:59","sunday":"06:00-23:59","holiday":"06:00-23:59"},"paymentMethods":["Dinheiro","MbWay","Multibanco"],"otherServices":null,"observations":null}},{"type":"Feature","geometry":{"type":"Point","coordinates":[-8.145383,41.18764]},"properties":{"id":"pt-94707","source":"PT","name":"BP Marco de Canavezesb (Sul)","brand":"BP","address":"Av. Gago Coutinho,248","municipality":"Marco de Canaveses","district":"Porto","postalCode":"4630-206","fuels":{"gasoline95":2.144,"gasoline98Plus":2.334,"diesel":2.164,"dieselPremium":2.284},"lastUpdated":"2026-09-01 10:25","extra":{"stationType":"Outro"},"services":["Calibragem de pneus"],"hours":{"weekdays":"08:00-20:00","saturday":"08:00-20:00","sunday":"08:00-20:00","holiday":"08:00-20:00"},"paymentMethods":["Dinheiro","MbWay","Multibanco"],"otherServices":null,"observations":null}},{"type":"Feature","geometry":{"type":"Point","coordinates":[-8.632258,41.109535]},"properties":{"id":"pt-94708","source":"PT","name":"BP Madalena","brand":"BP","address":"Rua Escola do Maninho 260","municipality":"Vila Nova de Gaia","district":"Porto","postalCode":"4405-794","fuels":{"gasoline95":2.114,"gasoline98Plus":2.334,"diesel":2.134,"dieselPremium":2.284},"lastUpdated":"2026-09-02 14:25","extra":{"stationType":"Outro"},"services":["Cafetaria","Lavagem","Loja de Conveniência","Multibanco","Venda de gás doméstico em garrafas","WC","WC para deficientes"],"hours":{"weekdays":"07:00-23:00","saturday":"07:00-23:00","sunday":"07:00-23:00","holiday":"07:00-23:00"},"paymentMethods":["Dinheiro","MbWay","Multibanco","Outros"],"otherServices":null,"observations":null}},{"type":"Feature","geometry":{"type":"Point","coordinates":[-8.40698,41.35513]},"properties":{"id":"pt-94748","source":"PT","name":"REPSOL Vila das Aves A (Negrelos)","brand":"Genérico","address":"Avenida da Indústria Textil  590","municipality":"Santo Tirso","district":"Porto","postalCode":"4795-548","fuels":{"gasoline95":2.024,"gasoline98Plus":2.204,"diesel":2.129,"dieselPremium":2.179},"lastUpdated":"2026-08-27 10:35","extra":{"stationType":"Outro"},"services":["Calibragem de pneus"],"hours":null,"paymentMethods":["Dinheiro"],"otherServices":null,"observations":null}},{"type":"Feature","geometry":{"type":"Point","coordinates":[-8.406816,41.3549]},"properties":{"id":"pt-94749","source":"PT","name":"REPSOL VIla das Aves B (Negrelos)","brand":"Genérico","address":"Avenida Indústria Textil, 650","municipality":"Santo Tirso","district":"Porto","postalCode":"4795-548","fuels":{"gasoline95":2.024,"diesel":2.129,"dieselPremium":2.179},"lastUpdated":"2026-08-27 10:35","extra":{"stationType":"Outro"},"services":["Calibragem de pneus"],"hours":null,"paymentMethods":["Dinheiro"],"otherServices":null,"observations":null}},{"type":"Feature","geometry":{"type":"Point","coordinates":[-8.633518,41.085503]},"properties":{"id":"pt-94885","source":"PT","name":"PLENERGY - VILA NOVA DE GAIA II","brand":"PLENERGY","address":"Avenida dos Combatentes do Ultramar Português, n.º 566","municipality":"Vila Nova de Gaia","district":"Porto","postalCode":"4405-931","fuels":{"gasoline95":1.917,"gasoline95Plus":1.947,"diesel":1.939,"dieselPremium":1.969},"lastUpdated":"2026-09-01 13:00","extra":{"stationType":"Outro"},"services":["Calibragem de pneus"],"hours":{"weekdays":"Aberto 24 horas","saturday":"Aberto 24 horas","sunday":"Aberto 24 horas","holiday":"Aberto 24 horas"},"paymentMethods":["Dinheiro"],"otherServices":null,"observations":null}},{"type":"Feature","geometry":{"type":"Point","coordinates":[-8.625206,41.07227]},"properties":{"id":"pt-94886","source":"PT","name":"PLENERGY - VILA NOVA DE GAIA III","brand":"PLENERGY","address":"Travessa Particular da Azenha, n.º 24 ","municipality":"Vila Nova de Gaia","district":"Porto","postalCode":"4405-620","fuels":{"gasoline95":1.907,"gasoline95Plus":1.937,"diesel":1.929,"dieselPremium":1.959},"lastUpdated":"2026-09-01 13:00","extra":{"stationType":"Outro"},"services":["Calibragem de pneus"],"hours":{"weekdays":"Aberto 24 horas","saturday":"Aberto 24 horas","sunday":"Aberto 24 horas","holiday":"Aberto 24 horas"},"paymentMethods":["Dinheiro"],"otherServices":null,"observations":null}},{"type":"Feature","geometry":{"type":"Point","coordinates":[-8.700511,41.392284]},"properties":{"id":"pt-95188","source":"PT","name":"ECOBRENT - Touguinhó","brand":"ECOBRENT","address":"Avenida José Ramos Maia S/N,  4480-575 Touguinhó","municipality":"Vila do Conde","district":"Porto","postalCode":"4480-575","fuels":{"gasoline95":1.969,"gasoline95Plus":1.999,"diesel":1.969,"dieselPremium":1.999,"lpg":0.949},"lastUpdated":"2026-08-31 11:55","extra":{"stationType":"Outro"},"services":["Calibragem de pneus"],"hours":{"weekdays":"Aberto 24 horas","saturday":"Aberto 24 horas","sunday":"Aberto 24 horas","holiday":"Aberto 24 horas"},"paymentMethods":["Dinheiro","Multibanco","Outros"],"otherServices":null,"observations":null}},{"type":"Feature","geometry":{"type":"Point","coordinates":[-8.345334,41.186855]},"properties":{"id":"pt-95197","source":"PT","name":"PA - Urrô PENAFIEL","brand":"Genérico","address":"Rua Central De Urrô nº833","municipality":"Penafiel","district":"Porto","postalCode":"4560-838","fuels":{"gasoline95":1.944,"gasoline98":2.039,"diesel":1.943,"dieselPremium":1.968,"dieselHeating":1.88,"dieselAgri":1.56},"lastUpdated":"2026-08-31 09:05","extra":{"stationType":"Outro"},"services":["Calibragem de pneus","WC"],"hours":{"weekdays":"07:00-22:00","saturday":"07:00-22:00","sunday":"07:00-22:00","holiday":"07:00-22:00"},"paymentMethods":["Dinheiro"],"otherServices":null,"observations":null}},{"type":"Feature","geometry":{"type":"Point","coordinates":[-8.47893,41.33736]},"properties":{"id":"pt-95211","source":"PT","name":"GALP Santo Tirso - 11752","brand":"GALP","address":" Rua das Rans (Santo Tirso) - 11752","municipality":"Santo Tirso","district":"Porto","postalCode":"4780-536","fuels":{"gasoline95":2.064,"gasoline95Plus":2.114,"gasoline98Plus":2.294,"diesel":2.084,"dieselPremium":2.134},"lastUpdated":"2026-09-03 09:45","extra":{"stationType":"Outro"},"services":["Calibragem de pneus"],"hours":null,"paymentMethods":["Dinheiro"],"otherServices":null,"observations":null}},{"type":"Feature","geometry":{"type":"Point","coordinates":[-8.63276,41.18989]},"properties":{"id":"pt-95215","source":"PT","name":"Auto Abastecedora António Pereira da Silva, Lda.","brand":"GALP","address":"Rua Nova do Seixo, 1184","municipality":"Matosinhos","district":"Porto","postalCode":"4465-216","fuels":{"gasoline95":2.094,"gasoline95Plus":2.144,"diesel":2.114,"dieselPremium":2.164},"lastUpdated":"2026-09-04 07:10","extra":{"stationType":"Outro"},"services":["Calibragem de pneus"],"hours":null,"paymentMethods":["Dinheiro"],"otherServices":null,"observations":null}},{"type":"Feature","geometry":{"type":"Point","coordinates":[-8.648967,41.24609]},"properties":{"id":"pt-95217","source":"PT","name":"REPSOL Maia - Padrão da Moreira","brand":"REPSOL","address":"Rua Conselheiro Luis Magalhães  ","municipality":"Maia","district":"Porto","postalCode":"4470-616","fuels":{"gasoline95":2.084,"gasoline95Plus":2.154,"diesel":2.104,"dieselPremium":2.174,"dieselAgri":1.709,"lpg":0.944},"lastUpdated":"2026-09-05 00:05","extra":{"stationType":"Outro"},"services":["Calibragem de pneus"],"hours":null,"paymentMethods":["Dinheiro"],"otherServices":null,"observations":null}},{"type":"Feature","geometry":{"type":"Point","coordinates":[-8.37683,41.26708]},"properties":{"id":"pt-95218","source":"PT","name":"REPSOL Paços de Ferreira","brand":"REPSOL","address":"Via do Poder Local, S/N","municipality":"Paços de Ferreira","district":"Porto","postalCode":"4590-930","fuels":{"gasoline95":2.064,"gasoline95Plus":2.124,"gasoline98Plus":2.254,"diesel":2.084,"dieselPremium":2.144,"lpg":0.964},"lastUpdated":"2026-08-31 02:05","extra":{"stationType":"Outro"},"services":["Calibragem de pneus"],"hours":null,"paymentMethods":["Dinheiro"],"otherServices":null,"observations":null}},{"type":"Feature","geometry":{"type":"Point","coordinates":[-8.6217,41.23908]},"properties":{"id":"pt-95219","source":"PT","name":"Repsol-Maia-Centro","brand":"REPSOL","address":"Rua Engenheiro Duarte Pacheco, 661","municipality":"Maia","district":"Porto","postalCode":"4470-282","fuels":{"gasoline95":2.074,"gasoline95Plus":2.134,"gasoline98Plus":2.264,"diesel":2.094,"dieselPremium":2.154},"lastUpdated":"2026-08-31 02:05","extra":{"stationType":"Outro"},"services":["Calibragem de pneus"],"hours":null,"paymentMethods":["Dinheiro"],"otherServices":null,"observations":null}},{"type":"Feature","geometry":{"type":"Point","coordinates":[-8.767262,41.40672]},"properties":{"id":"pt-95220","source":"PT","name":"Repsol Póvoa de Varzim","brand":"REPSOL","address":"Rua Gomes de Amorim nº 3194","municipality":"Póvoa de Varzim","district":"Porto","postalCode":"4490-091","fuels":{"gasoline95":2.074,"gasoline95Plus":2.144,"gasoline98Plus":2.274,"diesel":2.094,"dieselPremium":2.164},"lastUpdated":"2026-09-05 00:05","extra":{"stationType":"Outro"},"services":["Calibragem de pneus"],"hours":null,"paymentMethods":["Dinheiro"],"otherServices":null,"observations":null}},{"type":"Feature","geometry":{"type":"Point","coordinates":[-8.61082,41.19635]},"properties":{"id":"pt-95221","source":"PT","name":"Repsol- S.  MAMEDE INFESTA","brand":"REPSOL","address":"Gaveto R. Godinho de Faria e Sá E Melo","municipality":"Matosinhos","district":"Porto","postalCode":"4465-151","fuels":{"gasoline95":2.074,"gasoline95Plus":2.144,"gasoline98Plus":2.274,"diesel":2.094,"dieselPremium":2.164},"lastUpdated":"2026-09-05 00:05","extra":{"stationType":"Outro"},"services":["Calibragem de pneus"],"hours":null,"paymentMethods":["Dinheiro"],"otherServices":null,"observations":null}},{"type":"Feature","geometry":{"type":"Point","coordinates":[-8.544066,41.165577]},"properties":{"id":"pt-95269","source":"PT","name":"Gondomar I","brand":"CEPSA","address":"AV. CARVALHA, 662, FANZERES","municipality":"Gondomar","district":"Porto","postalCode":"4510-518","fuels":{"gasoline95":2.018,"gasoline95Plus":2.068,"gasolineMix":2.3,"diesel":2.044,"dieselPremium":2.094},"lastUpdated":"2026-08-31 00:00","extra":{"stationType":"Outro"},"services":["Calibragem de pneus"],"hours":{"weekdays":"07:00-23:00","saturday":"07:00-23:00","sunday":"07:00-23:00","holiday":"07:00-23:00"},"paymentMethods":["Dinheiro"],"otherServices":null,"observations":null}},{"type":"Feature","geometry":{"type":"Point","coordinates":[-8.695786,41.297985]},"properties":{"id":"pt-95277","source":"PT","name":"PRIO  Modivas","brand":"PRIO","address":"R. da Aldeia Nova 424","municipality":"Vila do Conde","district":"Porto","postalCode":"4485-592","fuels":{"gasoline95":2.054,"gasoline95Plus":1.999,"dieselPremium":2.019,"bioDiesel":1.989,"lpg":0.899},"lastUpdated":"2026-09-05 00:30","extra":{"stationType":"Outro"},"services":["Cafetaria","Calibragem de pneus","Lavagem","WC"],"hours":{"weekdays":"07:00-23:00","saturday":"07:00-23:00","sunday":"07:00-23:00","holiday":"07:00-23:00"},"paymentMethods":["Dinheiro","MbWay","Multibanco","Outros"],"otherServices":null,"observations":null}}]}