{"type":"FeatureCollection","features":[{"type":"Feature","geometry":{"type":"Point","coordinates":[-8.192463,37.10413]},"properties":{"id":"pt-65004","source":"PT","name":"Lubrialbufeira, Lda.","brand":"GALP","address":"EN 526","municipality":"Albufeira","district":"Faro","postalCode":"8200-315","fuels":{"gasoline95":1.984,"gasoline95Plus":2.034,"diesel":2.092,"dieselPremium":2.142},"lastUpdated":"2026-08-12 10:30","extra":{"stationType":"Outro"},"services":["Calibragem de pneus","Lavagem","Loja de Conveniência","Venda de carburante de qualidade superior","Venda de gás doméstico em garrafas","WC","WC para deficientes"],"hours":{"weekdays":"07:00-23:00","saturday":"07:00-23:00","sunday":"07:00-23:00","holiday":"07:00-23:00"},"paymentMethods":["Dinheiro"],"otherServices":null,"observations":null}},{"type":"Feature","geometry":{"type":"Point","coordinates":[-8.21037,37.17709]},"properties":{"id":"pt-65005","source":"PT","name":"José Bazelga e Aleluia, Lda.","brand":"GALP","address":"EN 270 Km 8,6","municipality":"Albufeira","district":"Faro","postalCode":"8200-498","fuels":{"gasoline95":1.972,"gasoline95Plus":2.022,"diesel":2.077,"dieselPremium":2.127,"dieselAgri":1.624},"lastUpdated":"2026-08-12 10:30","extra":{"stationType":"Outro"},"services":["Venda de carburante de qualidade superior","Venda de gás doméstico em garrafas","Venda de gasóleo agrícola","WC"],"hours":{"weekdays":"08:00-21:00","saturday":"08:00-21:00","sunday":"08:00-21:00","holiday":"08:00-21:00"},"paymentMethods":["Dinheiro"],"otherServices":null,"observations":"Full Service"}},{"type":"Feature","geometry":{"type":"Point","coordinates":[-8.798431,37.318689]},"properties":{"id":"pt-65064","source":"PT","name":"ASSOCIAÇÃO HUMANITÁRIA DOS BOMBEIROS VOLUNTÁRIOS DE ALJEZUR","brand":"GALP","address":"EN 120","municipality":"Aljezur","district":"Faro","postalCode":"8670-084","fuels":{"gasoline95":1.969,"gasoline95Plus":2.029,"diesel":2.072,"dieselPremium":2.132,"dieselAgri":1.624},"lastUpdated":"2026-08-12 13:00","extra":{"stationType":"Outro"},"services":["Lavagem","Loja de Conveniência","Venda de carburante de qualidade superior","Venda de gás doméstico em garrafas","Venda de gasóleo agrícola","WC","WC para deficientes"],"hours":{"weekdays":"07:00-23:00","saturday":"07:00-23:00","sunday":"07:00-23:00","holiday":"07:00-23:00"},"paymentMethods":["Dinheiro"],"otherServices":null,"observations":null}},{"type":"Feature","geometry":{"type":"Point","coordinates":[-7.95328,37.05161]},"properties":{"id":"pt-65280","source":"PT","name":"Sirius Fuel, LDA.","brand":"GALP","address":"EN 125 Km 98,4","municipality":"Faro","district":"Faro","postalCode":"8005-511","fuels":{"gasoline95":1.934,"gasoline95Plus":1.984,"gasoline98Plus":2.144,"diesel":2.037,"dieselPremium":2.087},"lastUpdated":"2026-08-12 10:30","extra":{"stationType":"Outro"},"services":["Venda de carburante de qualidade superior","Venda de gás doméstico em garrafas","Venda de gasóleo agrícola"],"hours":{"weekdays":"07:00-22:00","saturday":"07:00-22:00","sunday":"07:00-22:00","holiday":"07:00-22:00"},"paymentMethods":["Dinheiro"],"otherServices":null,"observations":"Full Service"}},{"type":"Feature","geometry":{"type":"Point","coordinates":[-7.90614,37.02859]},"properties":{"id":"pt-65281","source":"PT","name":"A. PINTO, LDA.(1)","brand":"GALP","address":"EN 125 Km 107,6","municipality":"Faro","district":"Faro","postalCode":"8005-528","fuels":{"gasoline95":1.934,"gasoline95Plus":1.984,"diesel":2.037,"dieselPremium":2.087,"lpg":0.944},"lastUpdated":"2026-08-12 10:30","extra":{"stationType":"Outro"},"services":["Cafetaria","Loja de Conveniência","Multibanco","Venda de carburante de qualidade superior","Venda de gás doméstico em garrafas","WC","WC para deficientes"],"hours":{"weekdays":"Aberto 24 horas","saturday":"Aberto 24 horas","sunday":"Aberto 24 horas","holiday":"Aberto 24 horas"},"paymentMethods":["Dinheiro"],"otherServices":null,"observations":null}},{"type":"Feature","geometry":{"type":"Point","coordinates":[-7.90612,37.02821]},"properties":{"id":"pt-65282","source":"PT","name":"A. PINTO, LDA.","brand":"GALP","address":"EN 125 Km 107,6","municipality":"Faro","district":"Faro","postalCode":"8005-528","fuels":{"gasoline95":1.934,"gasoline95Plus":1.984,"diesel":2.037,"dieselPremium":2.087},"lastUpdated":"2026-08-12 10:30","extra":{"stationType":"Outro"},"services":["Cafetaria","Loja de Conveniência","Multibanco","Venda de carburante de qualidade superior","Venda de gás doméstico em garrafas","WC","WC para deficientes"],"hours":{"weekdays":"07:00-00:00","saturday":"07:00-00:00","sunday":"07:00-00:00","holiday":"07:00-00:00"},"paymentMethods":["Dinheiro"],"otherServices":null,"observations":null}},{"type":"Feature","geometry":{"type":"Point","coordinates":[-7.90605,37.09745]},"properties":{"id":"pt-65283","source":"PT","name":"A. PINTO - COM. COMB., UNIP., LDA","brand":"GALP","address":"EN 2 Km 729,7","municipality":"Faro","district":"Faro","postalCode":"8000-670","fuels":{"gasoline95":1.939,"gasoline95Plus":1.989,"diesel":2.042,"dieselPremium":2.092,"dieselAgri":1.624},"lastUpdated":"2026-08-12 10:30","extra":{"stationType":"Outro"},"services":["Cafetaria","Loja de Conveniência","Multibanco","Venda de carburante de qualidade superior","Venda de gás doméstico em garrafas","Venda de gasóleo agrícola","WC","WC para deficientes"],"hours":{"weekdays":"06:00-00:00","saturday":"06:00-00:00","sunday":"06:00-00:00","holiday":"06:00-00:00"},"paymentMethods":["Dinheiro"],"otherServices":null,"observations":null}},{"type":"Feature","geometry":{"type":"Point","coordinates":[-8.7038,37.148962]},"properties":{"id":"pt-65335","source":"PT","name":"GALP Lagos (Faro/Sagres)","brand":"GALP","address":"A22 - Km 4,350 - Via do Infante","municipality":"Lagos","district":"Faro","postalCode":"8600-000","fuels":{"gasoline95":2.004,"gasoline95Plus":2.064,"diesel":2.094,"dieselPremium":2.154},"lastUpdated":"2026-08-12 10:30","extra":{"stationType":"Auto-estrada"},"services":["Cafetaria","Descanso de pesados","Loja de Conveniência","Multibanco","Restaurante","Venda de carburante de qualidade superior","Via verde","WC","WC para deficientes"],"hours":{"weekdays":"Aberto 24 horas","saturday":"Aberto 24 horas","sunday":"Aberto 24 horas","holiday":"Aberto 24 horas"},"paymentMethods":["Dinheiro","MbWay","Multibanco","Outros"],"otherServices":null,"observations":null}},{"type":"Feature","geometry":{"type":"Point","coordinates":[-8.702837,37.148207]},"properties":{"id":"pt-65336","source":"PT","name":"GALP A.S. Lagos (Lagos/Faro)","brand":"GALP","address":"A22 - Km 4,350 - Via do Infante","municipality":"Lagos","district":"Faro","postalCode":"8600-000","fuels":{"gasoline95":2.004,"gasoline95Plus":2.064,"diesel":2.094,"dieselPremium":2.154},"lastUpdated":"2026-08-12 10:30","extra":{"stationType":"Auto-estrada"},"services":["Cafetaria","Descanso de pesados","Loja de Conveniência","Multibanco","Restaurante","Venda de carburante de qualidade superior","Via verde","WC","WC para deficientes"],"hours":{"weekdays":"Aberto 24 horas","saturday":"Aberto 24 horas","sunday":"Aberto 24 horas","holiday":"Aberto 24 horas"},"paymentMethods":["Dinheiro","MbWay","Multibanco","Outros"],"otherServices":null,"observations":null}},{"type":"Feature","geometry":{"type":"Point","coordinates":[-8.679557,37.111216]},"properties":{"id":"pt-65337","source":"PT","name":"ARM  II – Soc.Algarvia de Comb.lda","brand":"GALP","address":"EN 120 Km 174","municipality":"Lagos","district":"Faro","postalCode":"8600-324","fuels":{"gasoline95":1.934,"gasoline95Plus":1.984,"diesel":2.037,"dieselPremium":2.087},"lastUpdated":"2026-08-12 10:30","extra":{"stationType":"Outro"},"services":["Loja de Conveniência","Venda de carburante de qualidade superior","Venda de gás doméstico em garrafas","WC","WC para deficientes"],"hours":{"weekdays":"Aberto 24 horas","saturday":"Aberto 24 horas","sunday":"Aberto 24 horas","holiday":"Aberto 24 horas"},"paymentMethods":["Dinheiro"],"otherServices":null,"observations":null}},{"type":"Feature","geometry":{"type":"Point","coordinates":[-8.67965,37.11079]},"properties":{"id":"pt-65338","source":"PT","name":"ARM  I – Soc.Algarvia de Comb.lda","brand":"GALP","address":"EN 120 Km 174","municipality":"Lagos","district":"Faro","postalCode":"8600-773","fuels":{"gasoline95":1.934,"gasoline95Plus":1.984,"diesel":2.037,"dieselPremium":2.087},"lastUpdated":"2026-08-12 10:30","extra":{"stationType":"Outro"},"services":["Cafetaria","Lavagem","Loja de Conveniência","Multibanco","Venda de carburante de qualidade superior","Venda de gás doméstico em garrafas","WC","WC para deficientes"],"hours":{"weekdays":"Aberto 24 horas","saturday":"Aberto 24 horas","sunday":"Aberto 24 horas","holiday":"Aberto 24 horas"},"paymentMethods":["Dinheiro"],"otherServices":null,"observations":null}},{"type":"Feature","geometry":{"type":"Point","coordinates":[-8.020952,37.134238]},"properties":{"id":"pt-65376","source":"PT","name":"LUBRISUL - LUBRIFICANTES E COMBUSTÍVEIS, LDA.","brand":"GALP","address":"Av. Marçal Pacheco","municipality":"Loulé","district":"Faro","postalCode":"8100-504","fuels":{"gasoline95":1.979,"gasoline95Plus":2.034,"diesel":2.082,"dieselPremium":2.137},"lastUpdated":"2026-08-12 10:30","extra":{"stationType":"Outro"},"services":["Cafetaria","Lavagem","Loja de Conveniência","Multibanco","Venda de carburante de qualidade superior","Venda de gás doméstico em garrafas","WC","WC para deficientes"],"hours":{"weekdays":"Aberto 24 horas","saturday":"Aberto 24 horas","sunday":"Aberto 24 horas","holiday":"Aberto 24 horas"},"paymentMethods":["Dinheiro"],"otherServices":null,"observations":"Aspiração"}},{"type":"Feature","geometry":{"type":"Point","coordinates":[-8.02117,37.13507]},"properties":{"id":"pt-65377","source":"PT","name":"LUBRISUL - Lubrificantes ","brand":"GALP","address":"Av. Marçal Pacheco nº 157","municipality":"Loulé","district":"Faro","postalCode":"8100-505","fuels":{"gasoline95":1.979,"gasoline95Plus":2.034,"gasoline98Plus":2.189,"diesel":2.082,"dieselPremium":2.137},"lastUpdated":"2026-08-12 10:30","extra":{"stationType":"Outro"},"services":[],"hours":{"weekdays":"06:00-00:00","saturday":"06:00-00:00","sunday":"06:00-00:00","holiday":"06:00-00:00"},"paymentMethods":["Dinheiro"],"otherServices":null,"observations":"venda gás domestico ; lavagem self service; loja conveniencia"}},{"type":"Feature","geometry":{"type":"Point","coordinates":[-8.117939,37.08225]},"properties":{"id":"pt-65378","source":"PT","name":"GALP A.S. Vilamoura - (Albufeira/Vilamoura)","brand":"GALP","address":"Av. João Pires Meireles","municipality":"Loulé","district":"Faro","postalCode":"8125-000","fuels":{"gasoline95":1.989,"gasoline95Plus":2.049,"diesel":2.094,"dieselPremium":2.154,"lpg":0.959},"lastUpdated":"2026-08-12 10:30","extra":{"stationType":"Outro"},"services":["Calibragem de pneus"],"hours":{"weekdays":"Aberto 24 horas","saturday":"Aberto 24 horas","sunday":"Aberto 24 horas","holiday":"Aberto 24 horas"},"paymentMethods":["Dinheiro","MbWay","Multibanco","Outros"],"otherServices":null,"observations":null}},{"type":"Feature","geometry":{"type":"Point","coordinates":[-8.110881,37.13618]},"properties":{"id":"pt-65379","source":"PT","name":"GALP A.S. Loulé (Loulé/Faro)","brand":"GALP","address":"A22 – Km 62,500 - Sublanço Guia-Loulé 1 (Loulé/Faro)","municipality":"Loulé","district":"Faro","postalCode":"8100-000","fuels":{"gasoline95":2.004,"gasoline95Plus":2.064,"gasoline98Plus":2.214,"diesel":2.094,"dieselPremium":2.154,"lpg":0.984},"lastUpdated":"2026-08-12 10:30","extra":{"stationType":"Auto-estrada"},"services":["Cafetaria","Descanso de pesados","Loja de Conveniência","Multibanco","Restaurante","Venda de carburante de qualidade superior","Via verde","WC","WC para deficientes"],"hours":{"weekdays":"Aberto 24 horas","saturday":"Aberto 24 horas","sunday":"Aberto 24 horas","holiday":"Aberto 24 horas"},"paymentMethods":["Dinheiro","MbWay","Multibanco","Outros"],"otherServices":null,"observations":null}},{"type":"Feature","geometry":{"type":"Point","coordinates":[-8.110044,37.136974]},"properties":{"id":"pt-65380","source":"PT","name":"GALP A22 Loulé (Faro/Loulé)","brand":"GALP","address":"A. E. 22 Km 62.5 Sublanço Guia / Loulé_Aparta","municipality":"Loulé","district":"Faro","postalCode":"8100-000","fuels":{"gasoline95":2.004,"gasoline95Plus":2.064,"gasoline98Plus":2.214,"diesel":2.094,"dieselPremium":2.154,"lpg":0.984},"lastUpdated":"2026-08-12 10:30","extra":{"stationType":"Auto-estrada"},"services":["Cafetaria","Descanso de pesados","Loja de Conveniência","Multibanco","Venda de gás doméstico em garrafas","WC","WC com fraldário","WC para deficientes"],"hours":{"weekdays":"Aberto 24 horas","saturday":"Aberto 24 horas","sunday":"Aberto 24 horas","holiday":"Aberto 24 horas"},"paymentMethods":["Dinheiro","MbWay","Multibanco","Outros"],"otherServices":null,"observations":null}},{"type":"Feature","geometry":{"type":"Point","coordinates":[-7.7904,37.08316]},"properties":{"id":"pt-65491","source":"PT","name":"MONTAVIL - S. C. MONCARAPACHO, LDA.","brand":"GALP","address":"Av. Maria Purificação Palermo","municipality":"Olhão","district":"Faro","postalCode":"8700-103","fuels":{"gasoline95":1.939,"gasoline95Plus":1.989,"diesel":2.042,"dieselPremium":2.092,"dieselAgri":1.624},"lastUpdated":"2026-08-12 10:30","extra":{"stationType":"Outro"},"services":["Venda de carburante de qualidade superior","Venda de gás doméstico em garrafas","Venda de gasóleo agrícola"],"hours":{"weekdays":"07:00-22:00","saturday":"07:00-22:00","sunday":"07:00-22:00","holiday":"07:00-22:00"},"paymentMethods":["Dinheiro"],"otherServices":null,"observations":"Full Service\r\nGasolina Mistura"}},{"type":"Feature","geometry":{"type":"Point","coordinates":[-7.84713,37.03155]},"properties":{"id":"pt-65493","source":"PT","name":"LUBRIOLHÃO - LUBES E COMB., LDA.","brand":"GALP","address":"EN 125 Km 113,1","municipality":"Olhão","district":"Faro","postalCode":"8700-146","fuels":{"gasoline95":1.939,"gasoline95Plus":1.989,"gasoline98Plus":2.149,"diesel":2.042,"dieselPremium":2.092},"lastUpdated":"2026-08-12 10:30","extra":{"stationType":"Outro"},"services":["Cafetaria","Lavagem","Loja de Conveniência","Multibanco","Venda de carburante de qualidade superior","Venda de gás doméstico em garrafas","WC","WC para deficientes"],"hours":{"weekdays":"07:00-23:00","saturday":"07:00-23:00","sunday":"07:00-23:00","holiday":"07:00-23:00"},"paymentMethods":["Dinheiro"],"otherServices":null,"observations":"Aspiração\r\nJet Wash"}},{"type":"Feature","geometry":{"type":"Point","coordinates":[-8.54542,37.130362]},"properties":{"id":"pt-65561","source":"PT","name":"ARM – Soc.Algarvia de Comb.lda","brand":"GALP","address":"EN 124-1 (V6)","municipality":"Portimão","district":"Faro","postalCode":"8500-000","fuels":{"gasoline95":1.969,"gasoline95Plus":2.019,"diesel":2.072,"dieselPremium":2.122,"lpg":0.964},"lastUpdated":"2026-08-12 10:30","extra":{"stationType":"Outro"},"services":["Cafetaria","Lavagem","Loja de Conveniência","Multibanco","Venda de carburante de qualidade superior","Venda de gás doméstico em garrafas","WC","WC para deficientes"],"hours":{"weekdays":"07:00-00:00","saturday":"07:00-00:00","sunday":"07:00-00:00","holiday":"07:00-00:00"},"paymentMethods":["Dinheiro"],"otherServices":null,"observations":null}},{"type":"Feature","geometry":{"type":"Point","coordinates":[-7.89234,37.15663]},"properties":{"id":"pt-65611","source":"PT","name":"LUBRIBRÁS - COMB. E LUB., LDA.","brand":"GALP","address":"EN 2 (Rua Evaristo São Gago) Km 722,2","municipality":"São Brás de Alportel","district":"Faro","postalCode":"8150-139","fuels":{"gasoline95":1.939,"diesel":2.042,"dieselPremium":2.092,"dieselAgri":1.624},"lastUpdated":"2026-08-12 10:30","extra":{"stationType":"Outro"},"services":["Assistência auto","Cafetaria","Calibragem de pneus","Venda de carburante de qualidade superior","Venda de gás doméstico em garrafas","Venda de gasóleo agrícola","WC"],"hours":{"weekdays":"Aberto 24 horas","saturday":"Aberto 24 horas","sunday":"Aberto 24 horas","holiday":"Aberto 24 horas"},"paymentMethods":["Dinheiro"],"otherServices":null,"observations":"Full Service"}},{"type":"Feature","geometry":{"type":"Point","coordinates":[-8.358329,37.346064]},"properties":{"id":"pt-65644","source":"PT","name":"Lubriolhão, lda","brand":"GALP","address":"EN 264 Km 78,6","municipality":"Silves","district":"Faro","postalCode":"8375-223","fuels":{"gasoline95":1.984,"gasoline95Plus":2.044,"diesel":2.087,"dieselPremium":2.147,"dieselAgri":1.624},"lastUpdated":"2026-08-12 10:30","extra":{"stationType":"Outro"},"services":["Descanso de pesados","Loja de Conveniência","Venda de carburante de qualidade superior","Venda de gás doméstico em garrafas","Venda de gasóleo agrícola","WC"],"hours":{"weekdays":"Aberto 24 horas","saturday":"Aberto 24 horas","sunday":"Aberto 24 horas","holiday":"Aberto 24 horas"},"paymentMethods":["Dinheiro"],"otherServices":null,"observations":null}},{"type":"Feature","geometry":{"type":"Point","coordinates":[-8.43019,37.19666]},"properties":{"id":"pt-65645","source":"PT","name":"J. M. ESTIVEIRA, LDA.","brand":"GALP","address":"EN 124","municipality":"Silves","district":"Faro","postalCode":"8300-025","fuels":{"gasoline95":1.964,"gasoline95Plus":2.014,"gasoline98Plus":2.174,"diesel":2.067,"dieselPremium":2.117},"lastUpdated":"2026-08-12 10:30","extra":{"stationType":"Outro"},"services":["Lavagem","Loja de Conveniência","Venda de carburante de qualidade superior","Venda de gás doméstico em garrafas","WC","WC para deficientes"],"hours":{"weekdays":"07:00-00:00","saturday":"07:00-00:00","sunday":"07:00-00:00","holiday":"07:00-00:00"},"paymentMethods":["Dinheiro"],"otherServices":null,"observations":null}},{"type":"Feature","geometry":{"type":"Point","coordinates":[-8.33504,37.12429]},"properties":{"id":"pt-65646","source":"PT","name":"PETROSIRIUS, LDA","brand":"GALP","address":"EN 125 Km 63,123","municipality":"Silves","district":"Faro","postalCode":"8365-204","fuels":{"gasoline95":1.923,"gasoline95Plus":1.973,"diesel":2.027,"dieselPremium":2.077},"lastUpdated":"2026-08-12 10:30","extra":{"stationType":"Outro"},"services":["Cafetaria","Lavagem","Loja de Conveniência","Multibanco","Venda de carburante de qualidade superior","Venda de gás doméstico em garrafas","WC","WC para deficientes"],"hours":{"weekdays":"07:00-00:00","saturday":"07:00-00:00","sunday":"07:00-00:00","holiday":"07:00-00:00"},"paymentMethods":["Dinheiro"],"otherServices":null,"observations":null}},{"type":"Feature","geometry":{"type":"Point","coordinates":[-8.334876,37.123916]},"properties":{"id":"pt-65647","source":"PT","name":"PETROSIRIUS, LDA","brand":"GALP","address":"EN 125 Km 63,1","municipality":"Silves","district":"Faro","postalCode":"8365-204","fuels":{"gasoline95":1.923,"gasoline95Plus":1.973,"diesel":2.027,"dieselPremium":2.077,"dieselAgri":1.624},"lastUpdated":"2026-08-12 10:30","extra":{"stationType":"Outro"},"services":["Cafetaria","Loja de Conveniência","Venda de carburante de qualidade superior","Venda de gás doméstico em garrafas","Venda de gasóleo agrícola","WC","WC para deficientes"],"hours":{"weekdays":"08:00-22:00","saturday":"08:00-22:00","sunday":"08:00-22:00","holiday":"08:00-22:00"},"paymentMethods":["Dinheiro"],"otherServices":null,"observations":null}},{"type":"Feature","geometry":{"type":"Point","coordinates":[-8.28226,37.2558]},"properties":{"id":"pt-65651","source":"PT","name":"INOGÁS - COMERCIO DE COMBUSTIVEIS, LDA","brand":"GALP","address":"EN 124 Km 35,7","municipality":"Silves","district":"Faro","postalCode":"8375-000","fuels":{"gasoline95":1.979,"gasoline95Plus":2.029,"diesel":2.084,"dieselPremium":2.134,"dieselAgri":1.624},"lastUpdated":"2026-08-12 11:25","extra":{"stationType":"Outro"},"services":["Venda de carburante de qualidade superior","Venda de gás doméstico em garrafas","Venda de gasóleo agrícola","WC"],"hours":{"weekdays":"07:00-22:00","saturday":"07:00-22:00","sunday":"07:00-22:00","holiday":"07:00-22:00"},"paymentMethods":["Dinheiro"],"otherServices":null,"observations":"Full Service"}},{"type":"Feature","geometry":{"type":"Point","coordinates":[-7.66306,37.11787]},"properties":{"id":"pt-65675","source":"PT","name":"A. Pinto - Com. de Comb. Lda.","brand":"GALP","address":"EN 125 Km 132,8","municipality":"Tavira","district":"Faro","postalCode":"8800-255","fuels":{"gasoline95":1.939,"gasoline95Plus":1.989,"diesel":2.042,"dieselPremium":2.092,"dieselAgri":1.624},"lastUpdated":"2026-08-12 10:30","extra":{"stationType":"Outro"},"services":["Cafetaria","Loja de Conveniência","Venda de carburante de qualidade superior","Venda de gás doméstico em garrafas","Venda de gasóleo agrícola","WC","WC para deficientes"],"hours":{"weekdays":"07:00-22:00","saturday":"07:00-22:00","sunday":"07:00-22:00","holiday":"07:00-22:00"},"paymentMethods":["Dinheiro"],"otherServices":null,"observations":null}},{"type":"Feature","geometry":{"type":"Point","coordinates":[-7.70834,37.089846]},"properties":{"id":"pt-65676","source":"PT","name":"RODRIGUES & RAMOS, LDA.","brand":"GALP","address":"EN 125 Km 127","municipality":"Tavira","district":"Faro","postalCode":"8800-000","fuels":{"gasoline95":1.939,"gasoline95Plus":1.989,"diesel":2.042,"dieselPremium":2.092,"dieselAgri":1.624},"lastUpdated":"2026-08-12 10:30","extra":{"stationType":"Outro"},"services":["Loja de Conveniência","Venda de carburante de qualidade superior","Venda de gás doméstico em garrafas","Venda de gasóleo agrícola","WC"],"hours":{"weekdays":"06:00-23:00","saturday":"06:00-23:00","sunday":"06:00-23:00","holiday":"06:00-23:00"},"paymentMethods":["Dinheiro"],"otherServices":null,"observations":null}},{"type":"Feature","geometry":{"type":"Point","coordinates":[-7.66325,37.11808]},"properties":{"id":"pt-65677","source":"PT","name":"A. Pinto - Com. de Comb. Lda","brand":"GALP","address":"EN 125 Km 132,8","municipality":"Tavira","district":"Faro","postalCode":"8800-255","fuels":{"gasoline95":1.939,"gasoline95Plus":1.989,"diesel":2.042,"dieselPremium":2.092},"lastUpdated":"2026-08-12 10:30","extra":{"stationType":"Outro"},"services":["Cafetaria","Loja de Conveniência","Multibanco","Venda de carburante de qualidade superior","Venda de gás doméstico em garrafas","WC","WC para deficientes"],"hours":{"weekdays":"Aberto 24 horas","saturday":"Aberto 24 horas","sunday":"Aberto 24 horas","holiday":"Aberto 24 horas"},"paymentMethods":["Dinheiro"],"otherServices":null,"observations":null}},{"type":"Feature","geometry":{"type":"Point","coordinates":[-7.647005,37.126526]},"properties":{"id":"pt-65678","source":"PT","name":"IBEROCOMBUSTÍVEIS, LDA.","brand":"GALP","address":"R BORDA DE AGUA DE AGUAR S/N","municipality":"Tavira","district":"Faro","postalCode":"8800-326","fuels":{"gasoline95":1.939,"diesel":2.042,"dieselPremium":2.092},"lastUpdated":"2026-08-10 09:30","extra":{"stationType":"Outro"},"services":["Calibragem de pneus"],"hours":{"weekdays":"07:00-10:00","saturday":"07:00-10:00","sunday":"07:00-10:00","holiday":"07:00-10:00"},"paymentMethods":["Dinheiro"],"otherServices":null,"observations":null}},{"type":"Feature","geometry":{"type":"Point","coordinates":[-8.94419,37.00872]},"properties":{"id":"pt-65720","source":"PT","name":"E.S. SAGRES","brand":"REPSOL","address":"EN 268 Km 36,65Sítio do Tonel","municipality":"Vila do Bispo","district":"Faro","postalCode":"8650-355","fuels":{"gasoline95":1.929,"gasoline95Plus":1.999,"diesel":2.044,"dieselPremium":2.114},"lastUpdated":"2026-08-13 00:00","extra":{"stationType":"Outro"},"services":["Loja de Conveniência","Venda de carburante de qualidade superior","Venda de gás doméstico em garrafas","WC","WC para deficientes"],"hours":{"weekdays":"08:00-21:00","saturday":"08:00-21:00","sunday":"08:00-21:00","holiday":"08:00-21:00"},"paymentMethods":["Dinheiro"],"otherServices":null,"observations":null}},{"type":"Feature","geometry":{"type":"Point","coordinates":[-7.453348,37.186397]},"properties":{"id":"pt-65762","source":"PT","name":"E.S. MONTE GORDO","brand":"REPSOL","address":"EN 125 Km 154,4","municipality":"Vila Real de Santo António","district":"Faro","postalCode":"8900-401","fuels":{"gasoline95":1.969,"gasoline95Plus":2.034,"diesel":2.049,"dieselPremium":2.119},"lastUpdated":"2026-08-13 00:00","extra":{"stationType":"Outro"},"services":["Cafetaria","Loja de Conveniência","Venda de carburante de qualidade superior","Venda de gás doméstico em garrafas","WC","WC para deficientes"],"hours":{"weekdays":"07:00-22:00","saturday":"07:00-22:00","sunday":"07:00-22:00","holiday":"07:00-22:00"},"paymentMethods":["Dinheiro"],"otherServices":null,"observations":null}},{"type":"Feature","geometry":{"type":"Point","coordinates":[-7.42093,37.19355]},"properties":{"id":"pt-65764","source":"PT","name":"MIGUEL SALAS - COMÉRCIO DE COMBUSTÍVEIS, UNIPESSOAL, LDA","brand":"GALP","address":"EN 125 (Av. dos Bombeiros Portugueses)","municipality":"Vila Real de Santo António","district":"Faro","postalCode":"8900-209","fuels":{"gasoline95":1.959,"gasoline95Plus":2.009,"diesel":2.037,"dieselPremium":2.087,"dieselAgri":1.624},"lastUpdated":"2026-08-12 10:30","extra":{"stationType":"Outro"},"services":["Lavagem","Venda de carburante de qualidade superior","Venda de gás doméstico em garrafas","Venda de gasóleo agrícola","WC"],"hours":{"weekdays":"07:00-22:00","saturday":"07:00-22:00","sunday":"07:00-22:00","holiday":"07:00-22:00"},"paymentMethods":["Dinheiro"],"otherServices":null,"observations":"Full Service"}},{"type":"Feature","geometry":{"type":"Point","coordinates":[-8.23728,37.0927]},"properties":{"id":"pt-65825","source":"PT","name":"BP ALBUFEIRA (Via rápida)","brand":"BP","address":"Av. dos Descobrimentos (Via Rápida)","municipality":"Albufeira","district":"Faro","postalCode":"8200-260","fuels":{"gasoline95":1.999,"gasoline98Plus":2.199,"diesel":2.109,"dieselPremium":2.229},"lastUpdated":"2026-08-10 00:00","extra":{"stationType":"Outro"},"services":["Cafetaria","Loja de Conveniência","Venda de carburante de qualidade superior","Venda de gás doméstico em garrafas","WC"],"hours":{"weekdays":"Aberto 24 horas","saturday":"Aberto 24 horas","sunday":"Aberto 24 horas","holiday":"Aberto 24 horas"},"paymentMethods":["Dinheiro"],"otherServices":null,"observations":null}},{"type":"Feature","geometry":{"type":"Point","coordinates":[-8.028659,37.138224]},"properties":{"id":"pt-65954","source":"PT","name":"BP - R. Serpa Pinto","brand":"BP","address":"Av.andrade Sousa","municipality":"Loulé","district":"Faro","postalCode":"8100-714","fuels":{"gasoline95":1.999,"gasoline98Plus":2.199,"diesel":2.114,"dieselPremium":2.234},"lastUpdated":"2026-08-11 00:00","extra":{"stationType":"Outro"},"services":["Cafetaria","Lavagem","Loja de Conveniência","Multibanco","Venda de carburante de qualidade superior","Venda de gás doméstico em garrafas","WC"],"hours":{"weekdays":"Aberto 24 horas","saturday":"Aberto 24 horas","sunday":"Aberto 24 horas","holiday":"Aberto 24 horas"},"paymentMethods":["Dinheiro","MbWay","Multibanco"],"otherServices":null,"observations":null}},{"type":"Feature","geometry":{"type":"Point","coordinates":[-7.470475,37.183621]},"properties":{"id":"pt-65978","source":"PT","name":"MONTE GORDO (SUL)","brand":"BP","address":"ESTRADA NAÇIONAL Nº 125 ALDEIA NOVA MONTE GORDO","municipality":"Vila Real de Santo António","district":"Faro","postalCode":"8900-401","fuels":{"gasoline95":1.979,"gasoline98Plus":2.199,"diesel":2.084,"dieselPremium":2.234},"lastUpdated":"2026-08-11 09:25","extra":{"stationType":"Outro"},"services":["Loja de Conveniência","Venda de carburante de qualidade superior","Venda de gás doméstico em garrafas","WC","WC para deficientes"],"hours":{"weekdays":"07:00-22:00","saturday":"07:00-22:00","sunday":"07:00-22:00","holiday":"07:00-22:00"},"paymentMethods":["Dinheiro","MbWay","Multibanco"],"otherServices":null,"observations":null}},{"type":"Feature","geometry":{"type":"Point","coordinates":[-8.574504,37.161818]},"properties":{"id":"pt-66003","source":"PT","name":"PENINA (NORTE)","brand":"BP","address":"EN 125 Km 109","municipality":"Portimão","district":"Faro","postalCode":"8500-082","fuels":{"gasoline95":1.989,"gasoline98Plus":2.299,"diesel":2.084,"dieselPremium":2.234},"lastUpdated":"2026-08-11 12:00","extra":{"stationType":"Outro"},"services":["Venda de carburante de qualidade superior","Venda de gás doméstico em garrafas"],"hours":{"weekdays":"06:30-22:30","saturday":"06:30-22:30","sunday":"06:30-22:30","holiday":"06:30-22:30"},"paymentMethods":["Dinheiro","MbWay","Multibanco"],"otherServices":null,"observations":null}},{"type":"Feature","geometry":{"type":"Point","coordinates":[-8.574579,37.161486]},"properties":{"id":"pt-66004","source":"PT","name":"PENINA (SUL)","brand":"BP","address":"EN 125 Km 109","municipality":"Portimão","district":"Faro","postalCode":"8500-082","fuels":{"gasoline95":1.989,"gasoline98Plus":2.199,"diesel":2.084,"dieselPremium":2.234},"lastUpdated":"2026-08-11 12:00","extra":{"stationType":"Outro"},"services":["Cafetaria","Lavagem","Loja de Conveniência","Multibanco","Venda de carburante de qualidade superior","Venda de gás doméstico em garrafas","WC","WC para deficientes"],"hours":{"weekdays":"06:30-22:30","saturday":"06:30-22:30","sunday":"06:30-22:30","holiday":"06:30-20:30"},"paymentMethods":["Dinheiro","MbWay","Multibanco"],"otherServices":null,"observations":null}},{"type":"Feature","geometry":{"type":"Point","coordinates":[-8.404223,37.12659]},"properties":{"id":"pt-66009","source":"PT","name":"BP Porches Norte","brand":"BP","address":"E. N. 125 - Km 55,9","municipality":"Lagoa","district":"Faro","postalCode":"8400-489","fuels":{"gasoline95":1.979,"gasoline98Plus":2.199,"diesel":2.074,"dieselPremium":2.234},"lastUpdated":"2026-08-11 06:30","extra":{"stationType":"Outro"},"services":["Multibanco","WC"],"hours":null,"paymentMethods":["Dinheiro","MbWay","Multibanco"],"otherServices":null,"observations":null}},{"type":"Feature","geometry":{"type":"Point","coordinates":[-8.404112,37.12628]},"properties":{"id":"pt-66010","source":"PT","name":"BP Porches Sul","brand":"BP","address":"E. N. 125 - Km 55,9","municipality":"Lagoa","district":"Faro","postalCode":"8400-489","fuels":{"gasoline95":1.979,"gasoline98Plus":2.199,"diesel":2.074,"dieselPremium":2.234},"lastUpdated":"2026-08-11 06:30","extra":{"stationType":"Outro"},"services":["Cafetaria","Loja de Conveniência","WC"],"hours":null,"paymentMethods":["Dinheiro","MbWay","Multibanco"],"otherServices":null,"observations":null}},{"type":"Feature","geometry":{"type":"Point","coordinates":[-8.546687,37.128666]},"properties":{"id":"pt-66013","source":"PT","name":"BP PORTIMAO-VIA V6","brand":"BP","address":"Av. V6 Alto Quintao Bloco A","municipality":"Portimão","district":"Faro","postalCode":"8500-510","fuels":{"gasoline95":1.969,"gasoline98Plus":2.199,"diesel":2.084,"dieselPremium":2.234},"lastUpdated":"2026-08-11 11:25","extra":{"stationType":"Outro"},"services":["Loja de Conveniência","Multibanco","Venda de carburante de qualidade superior","Venda de gás doméstico em garrafas","WC"],"hours":{"weekdays":"07:30-22:00","saturday":"07:30-22:00","sunday":"07:30-22:00","holiday":"07:30-22:00"},"paymentMethods":["Dinheiro"],"otherServices":null,"observations":null}},{"type":"Feature","geometry":{"type":"Point","coordinates":[-8.09537,37.076306]},"properties":{"id":"pt-66030","source":"PT","name":"QUARTEIRA - AV. CEUTA","brand":"BP","address":"Av. Ceuta","municipality":"Loulé","district":"Faro","postalCode":"8100-116","fuels":{"gasoline95":1.999,"gasoline98Plus":2.199,"diesel":2.114,"dieselPremium":2.234},"lastUpdated":"2026-08-11 00:00","extra":{"stationType":"Outro"},"services":["Cafetaria","Lavagem","Loja de Conveniência","Multibanco","Venda de carburante de qualidade superior","Venda de gás doméstico em garrafas","WC","WC para deficientes"],"hours":{"weekdays":"Aberto 24 horas","saturday":"Aberto 24 horas","sunday":"Aberto 24 horas","holiday":"Aberto 24 horas"},"paymentMethods":["Dinheiro","MbWay","Multibanco"],"otherServices":null,"observations":null}},{"type":"Feature","geometry":{"type":"Point","coordinates":[-7.642847,37.129156]},"properties":{"id":"pt-66052","source":"PT","name":"BP TAVIRA ","brand":"BP","address":"Av. Dr. Eduardo Mansinho","municipality":"Tavira","district":"Faro","postalCode":"8800-301","fuels":{"gasoline95":1.979,"gasoline98Plus":2.199,"diesel":2.094,"dieselPremium":2.234},"lastUpdated":"2026-08-11 00:00","extra":{"stationType":"Outro"},"services":["Cafetaria","Loja de Conveniência","Venda de carburante de qualidade superior","Venda de gás doméstico em garrafas","WC"],"hours":{"weekdays":"07:00-23:00","saturday":"07:00-23:00","sunday":"07:00-23:00","holiday":"07:00-23:00"},"paymentMethods":["Dinheiro","MbWay","Multibanco"],"otherServices":null,"observations":null}},{"type":"Feature","geometry":{"type":"Point","coordinates":[-8.150029,37.115239]},"properties":{"id":"pt-66079","source":"PT","name":"BP VILAMOURA","brand":"BP","address":"EM 526","municipality":"Loulé","district":"Faro","postalCode":"8125-302","fuels":{"gasoline95":1.999,"gasoline98Plus":2.199,"diesel":2.119,"dieselPremium":2.239},"lastUpdated":"2026-08-11 09:40","extra":{"stationType":"Outro"},"services":["Cafetaria","Calibragem de pneus","Lavagem","Loja de Conveniência","Multibanco","Venda de gás doméstico em garrafas","WC","WC para deficientes"],"hours":{"weekdays":"Aberto 24 horas","saturday":"Aberto 24 horas","sunday":"Aberto 24 horas","holiday":"Aberto 24 horas"},"paymentMethods":["Dinheiro","Multibanco"],"otherServices":null,"observations":null}},{"type":"Feature","geometry":{"type":"Point","coordinates":[-7.936694,37.014996]},"properties":{"id":"pt-66154","source":"PT","name":"MARINA DE FARO","brand":"CEPSA","address":"DOCA DE FARO","municipality":"Faro","district":"Faro","postalCode":"8000-000","fuels":{"gasoline95":1.963},"lastUpdated":"2026-08-10 00:00","extra":{"stationType":"Outro"},"services":["Calibragem de pneus"],"hours":null,"paymentMethods":["Dinheiro"],"otherServices":null,"observations":null}},{"type":"Feature","geometry":{"type":"Point","coordinates":[-8.462996,37.10568]},"properties":{"id":"pt-66171","source":"PT","name":"PACATOS REGUILAS MANUTENÇAO AUTOMOVEL UNIPESSOAL LDA.","brand":"MOEVE","address":"ESTRADA NACIONAL 124-1 KM 10,7","municipality":"Lagoa","district":"Faro","postalCode":"8400-524","fuels":{"gasoline95":2.023,"gasoline98Plus":2.235,"diesel":2.119,"dieselPremium":2.169},"lastUpdated":"2026-08-09 00:00","extra":{"stationType":"Outro"},"services":["Cafetaria","Loja de Conveniência","Venda de carburante de qualidade superior","Venda de gás doméstico em garrafas","WC","WC para deficientes","AUTOvoucher"],"hours":{"weekdays":"07:00-23:00","saturday":"07:00-23:00","sunday":"07:00-23:00","holiday":"07:00-23:59"},"paymentMethods":["Dinheiro","Multibanco"],"otherServices":null,"observations":null}},{"type":"Feature","geometry":{"type":"Point","coordinates":[-8.039609,37.129475]},"properties":{"id":"pt-66175","source":"PT","name":"Supremotiv, Lda","brand":"MOEVE","address":"Zona Industrial Lt-1","municipality":"Loulé","district":"Faro","postalCode":"8100-272","fuels":{"gasoline95":1.933,"gasoline98Plus":2.145,"diesel":2.039,"dieselPremium":2.089,"lpg":0.926},"lastUpdated":"2026-08-10 00:00","extra":{"stationType":"Outro"},"services":["Assistência auto","Cafetaria","Calibragem de pneus","Loja de Conveniência","Multibanco","Venda de gás doméstico em garrafas","WC","WC com fraldário","WC para deficientes","AUTOvoucher"],"hours":{"weekdays":"07:00-23:00","saturday":"07:00-23:00","sunday":"07:00-23:00","holiday":"08:30-20:30"},"paymentMethods":["Dinheiro","MbWay","Multibanco"],"otherServices":null,"observations":null}},{"type":"Feature","geometry":{"type":"Point","coordinates":[-8.543474,37.213941]},"properties":{"id":"pt-66215","source":"PT","name":"PORTO DE LAGOS","brand":"CEPSA","address":"EN 266","municipality":"Portimão","district":"Faro","postalCode":"8500-835","fuels":{"gasoline95":1.913,"gasoline98Plus":2.125,"diesel":2.019,"dieselPremium":2.069,"dieselAgri":1.564},"lastUpdated":"2026-08-10 07:50","extra":{"stationType":"Outro"},"services":[],"hours":{"weekdays":"07:00-23:00","saturday":"07:00-23:00","sunday":"07:00-23:00","holiday":"07:00-23:00"},"paymentMethods":["Dinheiro"],"otherServices":null,"observations":null}},{"type":"Feature","geometry":{"type":"Point","coordinates":[-8.41137,37.17244]},"properties":{"id":"pt-66233","source":"PT","name":"PA SILVES","brand":"CEPSA","address":"EN 269","municipality":"Silves","district":"Faro","postalCode":"8300-027","fuels":{"gasoline95":1.893,"gasoline98Plus":2.105,"diesel":1.999,"dieselPremium":2.049,"dieselAgri":1.564},"lastUpdated":"2026-08-10 12:30","extra":{"stationType":"Outro"},"services":[],"hours":{"weekdays":"07:00-23:00","saturday":"07:00-23:00","sunday":"07:00-23:00","holiday":"07:00-23:00"},"paymentMethods":["Dinheiro"],"otherServices":null,"observations":null}},{"type":"Feature","geometry":{"type":"Point","coordinates":[-8.35022,37.1196]},"properties":{"id":"pt-66234","source":"PT","name":"ARMAÇÃO DE PÊRA","brand":"BP","address":"Estrada 269-1","municipality":"Silves","district":"Faro","postalCode":"8365-000","fuels":{"gasoline95":1.999,"gasoline98Plus":2.199,"diesel":2.109,"dieselPremium":2.229},"lastUpdated":"2026-08-10 00:00","extra":{"stationType":"Outro"},"services":[],"hours":{"weekdays":"00:00-00:00","saturday":"00:00-00:00","sunday":"00:00-00:00","holiday":"00:00-00:00"},"paymentMethods":["Dinheiro"],"otherServices":null,"observations":null}},{"type":"Feature","geometry":{"type":"Point","coordinates":[-7.926947,37.051697]},"properties":{"id":"pt-66316","source":"PT","name":"CEPSA Faro Campinas","brand":"CEPSA","address":"E.N. 2 ao Km 735,050","municipality":"Faro","district":"Faro","postalCode":"8005-442","fuels":{"gasoline95":1.823,"gasoline95Plus":1.873,"diesel":1.929,"dieselPremium":1.979},"lastUpdated":"2026-08-10 00:00","extra":{"stationType":"Outro"},"services":["Loja de Conveniência","Multibanco","WC"],"hours":null,"paymentMethods":["Dinheiro"],"otherServices":null,"observations":null}},{"type":"Feature","geometry":{"type":"Point","coordinates":[-8.676679,37.109971]},"properties":{"id":"pt-66323","source":"PT","name":"CEPSA - LAGOS MARGINAL","brand":"CEPSA","address":"Av. dos Descobrimentos","municipality":"Lagos","district":"Faro","postalCode":"8600-645","fuels":{"gasoline95":1.913,"gasoline98Plus":2.125,"diesel":2.019,"dieselPremium":2.069},"lastUpdated":"2026-08-10 12:35","extra":{"stationType":"Outro"},"services":["Multibanco"],"hours":{"weekdays":"07:00-23:00","saturday":"07:00-23:00","sunday":"07:00-23:00","holiday":"07:00-23:00"},"paymentMethods":["Dinheiro"],"otherServices":null,"observations":null}},{"type":"Feature","geometry":{"type":"Point","coordinates":[-8.539973,37.150304]},"properties":{"id":"pt-66356","source":"PT","name":"PORTIMÃO","brand":"CEPSA","address":"EN 124","municipality":"Portimão","district":"Faro","postalCode":"8500-338","fuels":{"gasoline95":1.893,"gasoline98Plus":2.015,"diesel":1.999,"dieselPremium":2.049},"lastUpdated":"2026-08-10 12:35","extra":{"stationType":"Outro"},"services":[],"hours":{"weekdays":"07:00-23:00","saturday":"07:00-23:00","sunday":"07:00-23:00","holiday":"07:00-23:00"},"paymentMethods":["Dinheiro"],"otherServices":null,"observations":null}},{"type":"Feature","geometry":{"type":"Point","coordinates":[-8.254897,37.247244]},"properties":{"id":"pt-66534","source":"PT","name":"E.S. PORTELA DE MESSINES","brand":"REPSOL","address":"EN 124","municipality":"Silves","district":"Faro","postalCode":"8375-066","fuels":{"gasoline95":1.979,"gasoline95Plus":2.049,"diesel":2.084,"dieselPremium":2.154,"dieselAgri":1.684},"lastUpdated":"2026-08-10 00:00","extra":{"stationType":"Outro"},"services":["Cafetaria","Lavagem","Venda de carburante de qualidade superior","Venda de gás doméstico em garrafas","Venda de gasóleo agrícola","WC","WC com fraldário"],"hours":{"weekdays":"07:00-23:00","saturday":"07:00-23:00","sunday":"07:00-23:00","holiday":"07:00-23:00"},"paymentMethods":["Dinheiro"],"otherServices":null,"observations":null}},{"type":"Feature","geometry":{"type":"Point","coordinates":[-8.67349,37.105]},"properties":{"id":"pt-66536","source":"PT","name":"E.S. LAGOS II","brand":"REPSOL","address":"Av. dos Descobrimentos","municipality":"Lagos","district":"Faro","postalCode":"8600-000","fuels":{"gasoline95":1.919,"gasoline98Plus":2.099,"diesel":2.049,"dieselPremium":2.104},"lastUpdated":"2026-08-12 07:35","extra":{"stationType":"Outro"},"services":["Assistência auto","Lavagem","Loja de Conveniência","Venda de carburante de qualidade superior","Venda de gás doméstico em garrafas","WC"],"hours":{"weekdays":"07:30-00:00","saturday":"07:30-00:00","sunday":"07:30-00:00","holiday":"07:30-00:00"},"paymentMethods":["Dinheiro"],"otherServices":null,"observations":null}},{"type":"Feature","geometry":{"type":"Point","coordinates":[-7.759924,37.063474]},"properties":{"id":"pt-66537","source":"PT","name":"E.S. ALFANDANGA","brand":"REPSOL","address":"EN 125","municipality":"Olhão","district":"Faro","postalCode":"8700-000","fuels":{"gasoline95":1.954,"gasoline95Plus":2.004,"gasoline98Plus":2.144,"diesel":2.029,"dieselPremium":2.099,"dieselAgri":1.624},"lastUpdated":"2026-08-13 00:00","extra":{"stationType":"Outro"},"services":["Cafetaria","Loja de Conveniência","Venda de carburante de qualidade superior","Venda de gás doméstico em garrafas","Venda de gasóleo agrícola","WC"],"hours":{"weekdays":"07:00-23:00","saturday":"07:00-23:00","sunday":"07:00-23:00","holiday":"07:00-23:00"},"paymentMethods":["Dinheiro"],"otherServices":null,"observations":null}},{"type":"Feature","geometry":{"type":"Point","coordinates":[-8.0733,37.10369]},"properties":{"id":"pt-66538","source":"PT","name":"E.S. CERCADO A","brand":"REPSOL","address":"EN 125-CERCADO","municipality":"Loulé","district":"Faro","postalCode":"8125-013","fuels":{"gasoline95":1.974,"gasoline95Plus":2.044,"gasoline98Plus":2.174,"diesel":2.084,"dieselPremium":2.154},"lastUpdated":"2026-08-13 00:00","extra":{"stationType":"Outro"},"services":["Lavagem","Loja de Conveniência","Venda de carburante de qualidade superior","Venda de gás doméstico em garrafas","WC"],"hours":{"weekdays":"07:00-23:00","saturday":"07:00-23:00","sunday":"07:00-23:00","holiday":"07:00-23:00"},"paymentMethods":["Dinheiro"],"otherServices":null,"observations":null}},{"type":"Feature","geometry":{"type":"Point","coordinates":[-8.07321,37.10323]},"properties":{"id":"pt-66539","source":"PT","name":"E.S. CERCADO B","brand":"REPSOL","address":"EN 125-CERCADO","municipality":"Loulé","district":"Faro","postalCode":"8100-287","fuels":{"gasoline95":1.974,"gasoline95Plus":2.044,"gasoline98Plus":2.174,"diesel":2.084,"dieselPremium":2.154,"lpg":0.974},"lastUpdated":"2026-08-13 00:00","extra":{"stationType":"Outro"},"services":["Loja de Conveniência","Venda de carburante de qualidade superior","Venda de gás doméstico em garrafas","WC"],"hours":{"weekdays":"08:00-21:00","saturday":"08:00-21:00","sunday":"08:00-21:00","holiday":"08:00-21:00"},"paymentMethods":["Dinheiro"],"otherServices":null,"observations":null}},{"type":"Feature","geometry":{"type":"Point","coordinates":[-8.53549,37.13555]},"properties":{"id":"pt-66540","source":"PT","name":"E.S. PORTIMAO-DIQUE","brand":"REPSOL","address":"Av. Um e Dois da Zona do Dique","municipality":"Portimão","district":"Faro","postalCode":"8500-000","fuels":{"gasoline95":1.944,"gasoline98Plus":2.144,"diesel":2.049,"dieselPremium":2.099},"lastUpdated":"2026-08-12 07:35","extra":{"stationType":"Outro"},"services":["Lavagem","Loja de Conveniência","Restaurante","Venda de carburante de qualidade superior","Venda de gás doméstico em garrafas","WC"],"hours":{"weekdays":"07:00-23:00","saturday":"07:00-23:00","sunday":"07:00-23:00","holiday":"07:00-23:00"},"paymentMethods":["Dinheiro"],"otherServices":null,"observations":null}},{"type":"Feature","geometry":{"type":"Point","coordinates":[-8.30701,37.25742]},"properties":{"id":"pt-66541","source":"PT","name":"E.S. S. BARTOLOMEU MESSINES","brand":"REPSOL","address":"EN 12 Km 33,6","municipality":"Silves","district":"Faro","postalCode":"8375-010","fuels":{"gasoline95":1.974,"gasoline98Plus":2.174,"diesel":2.089,"dieselPremium":2.139,"dieselAgri":1.684},"lastUpdated":"2026-08-12 07:35","extra":{"stationType":"Outro"},"services":["Loja de Conveniência","Venda de carburante de qualidade superior","Venda de gás doméstico em garrafas","Venda de gasóleo agrícola","WC"],"hours":{"weekdays":"06:00-22:00","saturday":"06:00-22:00","sunday":"06:00-22:00","holiday":"06:00-22:00"},"paymentMethods":["Dinheiro"],"otherServices":null,"observations":null}},{"type":"Feature","geometry":{"type":"Point","coordinates":[-7.41454,37.19667]},"properties":{"id":"pt-66542","source":"PT","name":"E.S. V. R. S. ANTONIO","brand":"REPSOL","address":"Av. da República nº 110","municipality":"Vila Real de Santo António","district":"Faro","postalCode":"8900-000","fuels":{"gasoline95":1.969,"gasoline98Plus":2.159,"diesel":2.049,"dieselPremium":2.119},"lastUpdated":"2026-08-13 00:00","extra":{"stationType":"Outro"},"services":["Venda de carburante de qualidade superior","Venda de gás doméstico em garrafas","WC"],"hours":{"weekdays":"07:00-23:00","saturday":"07:00-23:00","sunday":"07:00-23:00","holiday":"07:00-23:00"},"paymentMethods":["Dinheiro"],"otherServices":null,"observations":null}},{"type":"Feature","geometry":{"type":"Point","coordinates":[-7.92333,37.02038]},"properties":{"id":"pt-66543","source":"PT","name":"E.S. FARO-LICEU A","brand":"REPSOL","address":"Av. Dr. Almeida Carrapato","municipality":"Faro","district":"Faro","postalCode":"8000-000","fuels":{"gasoline95":1.934,"gasoline95Plus":2.004,"gasoline98Plus":2.124,"diesel":2.044,"dieselPremium":2.114},"lastUpdated":"2026-08-13 00:00","extra":{"stationType":"Outro"},"services":["Lavagem","Loja de Conveniência","Restaurante","Venda de carburante de qualidade superior","Venda de gás doméstico em garrafas","WC"],"hours":{"weekdays":"07:00-23:00","saturday":"07:00-23:00","sunday":"07:00-23:00","holiday":"07:00-23:00"},"paymentMethods":["Dinheiro"],"otherServices":null,"observations":null}},{"type":"Feature","geometry":{"type":"Point","coordinates":[-7.92353,37.02005]},"properties":{"id":"pt-66544","source":"PT","name":"E.S. FARO-LICEU B","brand":"REPSOL","address":"Av. Dr. Almeida Carrapato","municipality":"Faro","district":"Faro","postalCode":"8000-000","fuels":{"gasoline95":1.934,"gasoline95Plus":2.004,"gasoline98Plus":2.124,"diesel":2.044,"dieselPremium":2.114},"lastUpdated":"2026-08-13 00:00","extra":{"stationType":"Outro"},"services":["Loja de Conveniência","Multibanco","Venda de carburante de qualidade superior","Venda de gás doméstico em garrafas","WC"],"hours":{"weekdays":"06:00-02:00","saturday":"06:00-02:00","sunday":"06:00-02:00","holiday":"06:00-02:00"},"paymentMethods":["Dinheiro"],"otherServices":null,"observations":null}},{"type":"Feature","geometry":{"type":"Point","coordinates":[-8.255089,37.09599]},"properties":{"id":"pt-66545","source":"PT","name":"REPSOL Albufeira II","brand":"REPSOL","address":"Sítio Bolota  ","municipality":"Albufeira","district":"Faro","postalCode":"8200-319","fuels":{"gasoline95":1.969,"gasoline95Plus":2.019,"gasoline98Plus":2.169,"diesel":2.079,"dieselPremium":2.129},"lastUpdated":"2026-08-12 08:10","extra":{"stationType":"Outro"},"services":["Calibragem de pneus"],"hours":null,"paymentMethods":["Dinheiro"],"otherServices":null,"observations":null}},{"type":"Feature","geometry":{"type":"Point","coordinates":[-8.28268,37.12915]},"properties":{"id":"pt-66546","source":"PT","name":"E.S. MAKRO - ALBUFEIRA","brand":"REPSOL","address":"Vale VerdeGuia","municipality":"Albufeira","district":"Faro","postalCode":"8200-856","fuels":{"gasoline95":1.959,"gasoline95Plus":2.029,"diesel":2.064,"dieselPremium":2.134},"lastUpdated":"2026-08-13 00:00","extra":{"stationType":"Outro"},"services":["Venda de carburante de qualidade superior"],"hours":{"weekdays":"08:00-20:00","saturday":"08:00-20:00","sunday":"08:00-20:00","holiday":"08:00-20:00"},"paymentMethods":["Dinheiro"],"otherServices":null,"observations":null}},{"type":"Feature","geometry":{"type":"Point","coordinates":[-8.79994,37.3717]},"properties":{"id":"pt-66547","source":"PT","name":"E.S. ROGIL","brand":"REPSOL","address":"Av. 16 de Junho nº 81","municipality":"Aljezur","district":"Faro","postalCode":"8670-352","fuels":{"gasoline95":1.954,"gasoline95Plus":2.049,"gasoline98Plus":2.154,"diesel":2.059,"dieselPremium":2.129,"dieselAgri":1.684},"lastUpdated":"2026-08-11 00:00","extra":{"stationType":"Outro"},"services":["Loja de Conveniência","Venda de carburante de qualidade superior","Venda de gás doméstico em garrafas","Venda de gasóleo agrícola","WC"],"hours":{"weekdays":"07:00-21:00","saturday":"07:00-21:00","sunday":"07:00-21:00","holiday":"07:00-21:00"},"paymentMethods":["Dinheiro"],"otherServices":null,"observations":null}},{"type":"Feature","geometry":{"type":"Point","coordinates":[-7.92845,37.04511]},"properties":{"id":"pt-66548","source":"PT","name":"E.S. FARO-CAMPINAS A","brand":"REPSOL","address":"EN 2 Km 735,8","municipality":"Faro","district":"Faro","postalCode":"8000-606","fuels":{"gasoline95":1.934,"gasoline95Plus":2.004,"gasoline98Plus":2.124,"diesel":2.044,"dieselPremium":2.114},"lastUpdated":"2026-08-13 00:00","extra":{"stationType":"Outro"},"services":["Loja de Conveniência","Venda de carburante de qualidade superior"],"hours":{"weekdays":"07:00-23:00","saturday":"07:00-23:00","sunday":"07:00-23:00","holiday":"07:00-23:00"},"paymentMethods":["Dinheiro"],"otherServices":null,"observations":null}},{"type":"Feature","geometry":{"type":"Point","coordinates":[-7.92912,37.04408]},"properties":{"id":"pt-66549","source":"PT","name":"E.S. FARO-CAMPINAS B","brand":"REPSOL","address":"EN 2 Km 735,8","municipality":"Faro","district":"Faro","postalCode":"8000-606","fuels":{"gasoline95":1.934,"gasoline95Plus":2.004,"gasoline98Plus":2.124,"diesel":2.044,"dieselPremium":2.114},"lastUpdated":"2026-08-13 00:00","extra":{"stationType":"Outro"},"services":["Loja de Conveniência","Venda de carburante de qualidade superior"],"hours":{"weekdays":"07:00-23:00","saturday":"07:00-23:00","sunday":"07:00-23:00","holiday":"07:00-23:00"},"paymentMethods":["Dinheiro"],"otherServices":null,"observations":null}},{"type":"Feature","geometry":{"type":"Point","coordinates":[-8.54631,37.13755]},"properties":{"id":"pt-66550","source":"PT","name":"E.S. PORTIMAO-VIA V6","brand":"REPSOL","address":"V6","municipality":"Portimão","district":"Faro","postalCode":"8500-000","fuels":{"gasoline95":1.944,"gasoline95Plus":1.994,"gasoline98Plus":2.144,"diesel":2.049,"dieselPremium":2.099},"lastUpdated":"2026-08-12 07:40","extra":{"stationType":"Outro"},"services":["Loja de Conveniência","Venda de carburante de qualidade superior","Venda de gás doméstico em garrafas","WC"],"hours":{"weekdays":"07:00-23:00","saturday":"07:00-23:00","sunday":"07:00-23:00","holiday":"07:00-23:00"},"paymentMethods":["Dinheiro"],"otherServices":null,"observations":null}},{"type":"Feature","geometry":{"type":"Point","coordinates":[-8.230361,37.10601]},"properties":{"id":"pt-66551","source":"PT","name":"REPSOL Montechoro (Albufeira I)","brand":"REPSOL","address":"Estrada Brejos","municipality":"Albufeira","district":"Faro","postalCode":"8200-317","fuels":{"gasoline95":1.969,"gasoline95Plus":2.019,"gasoline98Plus":2.169,"diesel":2.079,"dieselPremium":2.129},"lastUpdated":"2026-08-12 08:20","extra":{"stationType":"Outro"},"services":["Calibragem de pneus"],"hours":null,"paymentMethods":["Dinheiro"],"otherServices":null,"observations":null}},{"type":"Feature","geometry":{"type":"Point","coordinates":[-8.03969,37.06772]},"properties":{"id":"pt-66552","source":"PT","name":"E.S. ALMANCIL","brand":"REPSOL","address":"Rua Cristovão Pires Norte","municipality":"Loulé","district":"Faro","postalCode":"8135-106","fuels":{"gasoline95":1.964,"gasoline95Plus":2.034,"diesel":2.074,"dieselPremium":2.144},"lastUpdated":"2026-08-13 00:00","extra":{"stationType":"Outro"},"services":["Loja de Conveniência","Venda de carburante de qualidade superior","Venda de gás doméstico em garrafas","WC"],"hours":{"weekdays":"07:00-23:00","saturday":"07:00-23:00","sunday":"07:00-23:00","holiday":"07:00-23:00"},"paymentMethods":["Dinheiro"],"otherServices":null,"observations":null}},{"type":"Feature","geometry":{"type":"Point","coordinates":[-8.57951,37.12897]},"properties":{"id":"pt-66553","source":"PT","name":"E.S. ALVOR","brand":"REPSOL","address":"Estrada Municipal, 531 - 1 ALVOR","municipality":"Portimão","district":"Faro","postalCode":"8500-045","fuels":{"gasoline95":1.944,"gasoline95Plus":1.994,"diesel":2.049,"dieselPremium":2.099},"lastUpdated":"2026-08-12 00:00","extra":{"stationType":"Outro"},"services":["Lavagem","Loja de Conveniência","Venda de carburante de qualidade superior","Venda de gás doméstico em garrafas","WC"],"hours":{"weekdays":"07:00-23:00","saturday":"07:00-23:00","sunday":"07:00-23:00","holiday":"07:00-23:00"},"paymentMethods":["Dinheiro"],"otherServices":null,"observations":null}},{"type":"Feature","geometry":{"type":"Point","coordinates":[-8.12158,37.23298]},"properties":{"id":"pt-66554","source":"PT","name":"E.S. BENAFIM","brand":"REPSOL","address":"Rua António Provisório nº 9\r\nBairro Novo","municipality":"Loulé","district":"Faro","postalCode":"8100-351","fuels":{"gasoline95":1.969,"gasoline95Plus":2.029,"gasoline98Plus":2.169,"diesel":2.054,"dieselPremium":2.124,"dieselAgri":1.684},"lastUpdated":"2026-08-13 00:00","extra":{"stationType":"Outro"},"services":["Lavagem","Loja de Conveniência","Venda de carburante de qualidade superior","Venda de gás doméstico em garrafas","Venda de gasóleo agrícola","WC","WC para deficientes"],"hours":{"weekdays":"07:00-22:00","saturday":"07:00-22:00","sunday":"07:00-22:00","holiday":"07:00-22:00"},"paymentMethods":["Dinheiro"],"otherServices":null,"observations":null}},{"type":"Feature","geometry":{"type":"Point","coordinates":[-7.850788,37.030327]},"properties":{"id":"pt-66556","source":"PT","name":"E.S. OLHAO","brand":"REPSOL","address":"EN 125","municipality":"Olhão","district":"Faro","postalCode":"8700-207","fuels":{"gasoline95":1.949,"gasoline95Plus":1.999,"gasoline98Plus":2.139,"diesel":2.039,"dieselPremium":2.109,"lpg":0.944},"lastUpdated":"2026-08-13 00:00","extra":{"stationType":"Outro"},"services":["Lavagem","Loja de Conveniência","Venda de carburante de qualidade superior","Venda de gás doméstico em garrafas","WC"],"hours":{"weekdays":"07:00-23:00","saturday":"07:00-23:00","sunday":"07:00-23:00","holiday":"07:00-23:00"},"paymentMethods":["Dinheiro"],"otherServices":null,"observations":null}},{"type":"Feature","geometry":{"type":"Point","coordinates":[-8.539489,37.150074]},"properties":{"id":"pt-66557","source":"PT","name":"ES PORTIMÃO CARDOSAS - Gespost - Gestão e Administração de Postos de Abastecimento Unipessoal LDA","brand":"REPSOL","address":"Poço Seco - Cardosas","municipality":"Portimão","district":"Faro","postalCode":"8500-315","fuels":{"gasoline95":1.944,"gasoline95Plus":1.994,"gasoline98Plus":2.144,"diesel":2.049,"dieselPremium":2.099,"lpg":1.024},"lastUpdated":"2026-08-12 08:10","extra":{"stationType":"Outro"},"services":["Calibragem de pneus"],"hours":null,"paymentMethods":["Dinheiro"],"otherServices":null,"observations":null}},{"type":"Feature","geometry":{"type":"Point","coordinates":[-7.6454,37.12401]},"properties":{"id":"pt-66558","source":"PT","name":"E.S. TAVIRA","brand":"REPSOL","address":"Rua das Salinas","municipality":"Tavira","district":"Faro","postalCode":"8800-201","fuels":{"gasoline95":1.929,"gasoline95Plus":1.999,"gasoline98Plus":2.119,"diesel":2.029,"dieselPremium":2.099},"lastUpdated":"2026-08-12 07:45","extra":{"stationType":"Outro"},"services":["Lavagem","Loja de Conveniência","Venda de carburante de qualidade superior","Venda de gás doméstico em garrafas","WC","WC com fraldário"],"hours":{"weekdays":"07:00-23:00","saturday":"07:00-23:00","sunday":"07:00-23:00","holiday":"07:00-23:00"},"paymentMethods":["Dinheiro"],"otherServices":null,"observations":null}},{"type":"Feature","geometry":{"type":"Point","coordinates":[-7.47099,37.28237]},"properties":{"id":"pt-66898","source":"PT","name":"AVIA - AZINHAL","brand":"AVIA","address":"EN 512","municipality":"Castro Marim","district":"Faro","postalCode":"8950-046","fuels":{"gasoline95":1.959,"gasoline98":2.009,"diesel":2.037,"dieselPremium":2.087,"dieselAgri":1.629},"lastUpdated":"2026-08-11 10:35","extra":{"stationType":"Outro"},"services":["Multibanco","WC"],"hours":{"weekdays":"07:00-21:00","saturday":"07:00-21:00","sunday":"07:00-21:00","holiday":"07:00-21:00"},"paymentMethods":["Dinheiro"],"otherServices":null,"observations":null}},{"type":"Feature","geometry":{"type":"Point","coordinates":[-7.9400000076,37.1507999938]},"properties":{"id":"pt-66903","source":"PT","name":"LUBRISUL, LUBRIFICANTES E COMBUSTÍVEIS, LDA","brand":"GALP","address":"EN 270 Km 38,5","municipality":"São Brás de Alportel","district":"Faro","postalCode":"8150-058","fuels":{"gasoline95":1.939,"gasoline95Plus":1.989,"diesel":2.042,"dieselPremium":2.092,"dieselAgri":1.624},"lastUpdated":"2026-08-12 10:30","extra":{"stationType":"Outro"},"services":["Cafetaria","Descanso de pesados","Loja de Conveniência","Multibanco","Restaurante","Venda de carburante de qualidade superior","Venda de gás doméstico em garrafas","Venda de gasóleo agrícola","Venda de gasóleo para aquecimento","WC","WC para deficientes"],"hours":{"weekdays":"07:00-00:00","saturday":"07:00-00:00","sunday":"07:00-00:00","holiday":"07:00-00:00"},"paymentMethods":["Dinheiro"],"otherServices":null,"observations":null}},{"type":"Feature","geometry":{"type":"Point","coordinates":[-7.54051,37.170383]},"properties":{"id":"pt-66912","source":"PT","name":"PA Fonte Santa - V.N.Cacela","brand":"Genérico","address":"Fonte Santa","municipality":"Vila Real de Santo António","district":"Faro","postalCode":"8900-118","fuels":{"gasoline95":1.969,"gasoline98":2.132,"diesel":2.084,"dieselPremium":2.119,"dieselAgri":1.684},"lastUpdated":"2026-08-10 00:00","extra":{"stationType":"Outro"},"services":["Calibragem de pneus","Lavagem","Venda de gás doméstico em garrafas","Venda de gasóleo agrícola"],"hours":{"weekdays":"07:00-22:00","saturday":"07:00-22:00","sunday":"07:00-22:00","holiday":"07:00-22:00"},"paymentMethods":["Dinheiro"],"otherServices":null,"observations":null}},{"type":"Feature","geometry":{"type":"Point","coordinates":[-8.04257,37.08517]},"properties":{"id":"pt-66925","source":"PT","name":"Lubriolhão, Lda","brand":"GALP","address":"Estrada da Fonte Santa","municipality":"Loulé","district":"Faro","postalCode":"8135-107","fuels":{"gasoline95":1.979,"gasoline95Plus":2.034,"diesel":2.087,"dieselPremium":2.142,"dieselAgri":1.624,"lpg":0.954},"lastUpdated":"2026-08-12 10:30","extra":{"stationType":"Outro"},"services":[],"hours":{"weekdays":"07:00-01:00","saturday":"07:00-01:00","sunday":"07:00-01:00","holiday":"07:00-01:00"},"paymentMethods":["Dinheiro"],"otherServices":null,"observations":"Venda Lubrificantes"}},{"type":"Feature","geometry":{"type":"Point","coordinates":[-8.264495,37.2299]},"properties":{"id":"pt-67084","source":"PT","name":"BP- S. Bartolomeu de Messines Área Sul/Norte 1100","brand":"BP","address":"IC1 I.P.1c Lanço Messines-Guia Km4","municipality":"Silves","district":"Faro","postalCode":"8375-014","fuels":{"gasoline95":1.999,"gasoline98":2.199,"diesel":2.114,"dieselPremium":2.234,"lpg":0.999},"lastUpdated":"2026-08-13 00:00","extra":{"stationType":"Outro"},"services":["Multibanco","WC"],"hours":null,"paymentMethods":["Dinheiro"],"otherServices":null,"observations":null}},{"type":"Feature","geometry":{"type":"Point","coordinates":[-8.827874,37.08632]},"properties":{"id":"pt-67450","source":"PT","name":"INTERMARCHÉ CONTACT DE BUDENS","brand":"INTERMARCHÉ","address":"AREIAS DE CIMA ","municipality":"Vila do Bispo","district":"Faro","postalCode":"8650-070","fuels":{"gasoline95":1.818,"gasoline98":1.888,"diesel":1.878},"lastUpdated":"2026-08-11 14:20","extra":{"stationType":"Outro"},"services":["Cafetaria","Multibanco","Venda de gás doméstico em garrafas","WC"],"hours":{"weekdays":"Aberto 24 horas","saturday":"Aberto 24 horas","sunday":"Aberto 24 horas","holiday":"Aberto 24 horas"},"paymentMethods":["Dinheiro","MbWay","Multibanco","Outros"],"otherServices":null,"observations":null}},{"type":"Feature","geometry":{"type":"Point","coordinates":[-8.466227,37.13641]},"properties":{"id":"pt-67521","source":"PT","name":"PRIO  Lagoa (Norte)","brand":"PRIO","address":"Recta Vale de Deus, (E.N. 125, Km 50,600)","municipality":"Lagoa","district":"Faro","postalCode":"8400-301","fuels":{"gasoline95":1.889,"dieselPremium":1.989,"bioDiesel":1.959},"lastUpdated":"2026-08-13 01:15","extra":{"stationType":"Outro"},"services":["Cafetaria","Calibragem de pneus","Multibanco","Venda de carburante de qualidade superior","Venda de gás doméstico em garrafas","WC"],"hours":{"weekdays":"07:00-23:00","saturday":"07:00-23:00","sunday":"07:00-23:00","holiday":"07:00-23:00"},"paymentMethods":["Dinheiro","MbWay","Multibanco","Outros"],"otherServices":null,"observations":null}},{"type":"Feature","geometry":{"type":"Point","coordinates":[-8.94237,37.01334]},"properties":{"id":"pt-67525","source":"PT","name":"E.S. SAGRES II","brand":"REPSOL","address":"EN 268 Km 36,100","municipality":"Vila do Bispo","district":"Faro","postalCode":"8650-355","fuels":{"gasoline95":1.929,"gasoline95Plus":1.999,"gasoline98Plus":2.119,"diesel":2.044,"dieselPremium":2.114,"dieselAgri":1.624},"lastUpdated":"2026-08-13 00:00","extra":{"stationType":"Outro"},"services":["Cafetaria","Loja de Conveniência","Venda de gás doméstico em garrafas","WC","WC para deficientes"],"hours":{"weekdays":"07:00-22:00","saturday":"07:00-22:00","sunday":"07:00-22:00","holiday":"07:00-22:00"},"paymentMethods":["Dinheiro"],"otherServices":null,"observations":null}},{"type":"Feature","geometry":{"type":"Point","coordinates":[-8.346641,37.128765]},"properties":{"id":"pt-67537","source":"PT","name":"PRIO Alcantarilha (EN 125)","brand":"PRIO","address":"E.N. 125 Km 59,635","municipality":"Silves","district":"Faro","postalCode":"8365-011","fuels":{"gasoline95":1.924,"gasoline95Plus":1.824,"dieselPremium":1.929,"bioDiesel":1.899},"lastUpdated":"2026-08-13 01:15","extra":{"stationType":"Outro"},"services":["Multibanco","Venda de carburante de qualidade superior"],"hours":{"weekdays":"07:00-23:00","saturday":"07:00-23:00","sunday":"07:00-23:00","holiday":"07:00-23:00"},"paymentMethods":["Dinheiro","MbWay","Multibanco","Outros"],"otherServices":null,"observations":null}},{"type":"Feature","geometry":{"type":"Point","coordinates":[-8.46658,37.13616]},"properties":{"id":"pt-67546","source":"PT","name":"PRIO Lagoa  (Sul)","brand":"PRIO","address":"EN 125 Km 50,600","municipality":"Lagoa","district":"Faro","postalCode":"8400-123","fuels":{"gasoline95":1.889,"dieselPremium":1.989,"bioDiesel":1.959},"lastUpdated":"2026-08-13 01:15","extra":{"stationType":"Outro"},"services":["Cafetaria","Calibragem de pneus","Loja de Conveniência","Multibanco","Venda de carburante de qualidade superior","Venda de gás doméstico em garrafas","WC"],"hours":{"weekdays":"Aberto 24 horas","saturday":"Aberto 24 horas","sunday":"Aberto 24 horas","holiday":"Aberto 24 horas"},"paymentMethods":["Dinheiro","MbWay","Multibanco","Outros"],"otherServices":null,"observations":null}},{"type":"Feature","geometry":{"type":"Point","coordinates":[-8.556418,37.311115]},"properties":{"id":"pt-67770","source":"PT","name":"Pedro & Cristina Benedito,Lda","brand":"BP","address":"Pé da Cruz","municipality":"Monchique","district":"Faro","postalCode":"8550-328","fuels":{"gasoline95":1.904,"gasoline98Plus":2.199,"diesel":2.024,"dieselPremium":2.234,"dieselAgri":1.639},"lastUpdated":"2026-08-11 07:00","extra":{"stationType":"Outro"},"services":["Calibragem de pneus"],"hours":{"weekdays":"07:00-22:00","saturday":"07:00-22:00","sunday":"07:00-22:00","holiday":"00:00-00:00"},"paymentMethods":["Dinheiro"],"otherServices":null,"observations":null}},{"type":"Feature","geometry":{"type":"Point","coordinates":[-8.05799,37.100278]},"properties":{"id":"pt-67790","source":"PT","name":"QUATRO ESTRADAS NORTE","brand":"BP","address":"EN 125,Km 89","municipality":"Loulé","district":"Faro","postalCode":"8100-321","fuels":{"gasoline95":1.999,"gasoline98Plus":2.199,"diesel":2.114,"dieselPremium":2.234,"dieselAgri":1.639},"lastUpdated":"2026-08-11 00:00","extra":{"stationType":"Outro"},"services":["Loja de Conveniência","Venda de gás doméstico em garrafas","WC"],"hours":{"weekdays":"07:00-22:00","saturday":"07:00-22:00","sunday":"07:00-22:00","holiday":"07:00-22:00"},"paymentMethods":["Dinheiro"],"otherServices":null,"observations":null}},{"type":"Feature","geometry":{"type":"Point","coordinates":[-8.05833,37.09987]},"properties":{"id":"pt-67796","source":"PT","name":"QUATRO ESTRADAS SUL","brand":"BP","address":"EN 125, Km 89","municipality":"Loulé","district":"Faro","postalCode":"8100-321","fuels":{"gasoline95":1.999,"gasoline98Plus":2.199,"diesel":2.114,"dieselPremium":2.234},"lastUpdated":"2026-08-11 00:00","extra":{"stationType":"Outro"},"services":["Cafetaria","Loja de Conveniência","Venda de gás doméstico em garrafas","WC"],"hours":{"weekdays":"07:00-22:00","saturday":"07:00-22:00","sunday":"07:00-22:00","holiday":"07:00-22:00"},"paymentMethods":["Dinheiro"],"otherServices":null,"observations":null}},{"type":"Feature","geometry":{"type":"Point","coordinates":[-8.910563,37.081467]},"properties":{"id":"pt-67821","source":"PT","name":"ALVES BANDEIRA Vila do Bispo","brand":"ALVES BANDEIRA","address":"EN 268 (Rua Senhora do Amparo, junto aos Bombeiros Vila do Bispo)","municipality":"Vila do Bispo","district":"Faro","postalCode":"8650-425","fuels":{"gasoline95":1.989,"diesel":2.082,"dieselPremium":2.102,"dieselAgri":1.639},"lastUpdated":"2026-08-10 11:35","extra":{"stationType":"Outro"},"services":["Cafetaria","Lavagem","Loja de Conveniência","Venda de gás doméstico em garrafas","Venda de gasóleo agrícola","WC","WC para deficientes"],"hours":{"weekdays":"07:00-22:00","saturday":"07:00-22:00","sunday":"07:00-22:00","holiday":"07:00-22:00"},"paymentMethods":["Dinheiro","MbWay","Multibanco","Outros"],"otherServices":null,"observations":null}},{"type":"Feature","geometry":{"type":"Point","coordinates":[-8.67299,37.11993]},"properties":{"id":"pt-67869","source":"PT","name":"BP Lagos 1 ","brand":"BP","address":"EN 125","municipality":"Lagos","district":"Faro","postalCode":"8600-327","fuels":{"gasoline95":1.989,"gasoline98Plus":2.199,"diesel":2.079,"dieselPremium":2.229},"lastUpdated":"2026-08-10 10:20","extra":{"stationType":"Outro"},"services":[],"hours":{"weekdays":"Aberto 24 horas","saturday":"Aberto 24 horas","sunday":"Aberto 24 horas","holiday":"Aberto 24 horas"},"paymentMethods":["Dinheiro"],"otherServices":null,"observations":null}},{"type":"Feature","geometry":{"type":"Point","coordinates":[-8.67342,37.119785]},"properties":{"id":"pt-67880","source":"PT","name":"Lagos - E. N. 125 (Oeste)","brand":"BP","address":"EN125  Telheiro","municipality":"Lagos","district":"Faro","postalCode":"8600-327","fuels":{"gasoline95":1.989,"gasoline98Plus":2.199,"diesel":2.079,"dieselPremium":2.229,"dieselAgri":1.639,"lpg":0.999},"lastUpdated":"2026-08-10 10:20","extra":{"stationType":"Outro"},"services":["Calibragem de pneus"],"hours":null,"paymentMethods":["Dinheiro"],"otherServices":null,"observations":null}},{"type":"Feature","geometry":{"type":"Point","coordinates":[-8.66948,37.10054]},"properties":{"id":"pt-67942","source":"PT","name":"Lagos - Avenida dos Descobrimentos","brand":"BP","address":"Av. dos Descobrimentos","municipality":"Lagos","district":"Faro","postalCode":"8600-315","fuels":{"gasoline95":1.989,"gasoline98Plus":2.199,"diesel":2.079,"dieselPremium":2.229},"lastUpdated":"2026-08-10 10:20","extra":{"stationType":"Outro"},"services":["Venda de gás doméstico em garrafas"],"hours":{"weekdays":"07:00-22:00","saturday":"07:00-22:00","sunday":"08:00-22:00","holiday":"08:00-22:00"},"paymentMethods":["Dinheiro"],"otherServices":null,"observations":null}},{"type":"Feature","geometry":{"type":"Point","coordinates":[-8.54823,37.14381]},"properties":{"id":"pt-68039","source":"PT","name":"BP Portimão Raminha","brand":"BP","address":"Avenida São Lourenço da Barrosa, Lote 18 Alto da Raminha","municipality":"Portimão","district":"Faro","postalCode":"8500-510","fuels":{"gasoline95":1.969,"gasoline98Plus":2.199,"diesel":2.084,"dieselPremium":2.234,"lpg":0.999},"lastUpdated":"2026-08-11 10:05","extra":{"stationType":"Outro"},"services":["Cafetaria","Loja de Conveniência","Multibanco","WC"],"hours":{"weekdays":"Aberto 24 horas","saturday":"Aberto 24 horas","sunday":"Aberto 24 horas","holiday":"Aberto 24 horas"},"paymentMethods":["Dinheiro","MbWay","Multibanco"],"otherServices":null,"observations":null}},{"type":"Feature","geometry":{"type":"Point","coordinates":[-7.917921,37.025383]},"properties":{"id":"pt-68084","source":"PT","name":" BP Faro-Hayward","brand":"BP","address":"Av.Cidade Hayward","municipality":"Faro","district":"Faro","postalCode":"8000-074","fuels":{"gasoline95":1.979,"gasoline98Plus":2.199,"diesel":2.094,"dieselPremium":2.234},"lastUpdated":"2026-08-11 00:00","extra":{"stationType":"Outro"},"services":[],"hours":{"weekdays":"Aberto 24 horas","saturday":"Aberto 24 horas","sunday":"Aberto 24 horas","holiday":"Aberto 24 horas"},"paymentMethods":["Dinheiro"],"otherServices":null,"observations":null}},{"type":"Feature","geometry":{"type":"Point","coordinates":[-7.46997,37.18386]},"properties":{"id":"pt-68236","source":"PT","name":"MONTE GORDO NORTE","brand":"BP","address":"EN 125 ALDEIA NOVA MONTE GORDO","municipality":"Vila Real de Santo António","district":"Faro","postalCode":"8900-441","fuels":{"gasoline95":1.979,"gasoline98Plus":2.199,"diesel":2.084,"dieselPremium":2.234,"lpg":0.999},"lastUpdated":"2026-08-11 09:25","extra":{"stationType":"Outro"},"services":["Cafetaria","Loja de Conveniência","Venda de gás doméstico em garrafas","WC","WC para deficientes"],"hours":{"weekdays":"07:00-23:00","saturday":"07:00-23:00","sunday":"07:00-23:00","holiday":"07:00-23:00"},"paymentMethods":["Dinheiro","MbWay","Multibanco","Outros"],"otherServices":null,"observations":null}},{"type":"Feature","geometry":{"type":"Point","coordinates":[-7.504723,37.180724]},"properties":{"id":"pt-68274","source":"PT","name":"PRIO Altura","brand":"PRIO","address":"Urb. Laranjeiras lote 6","municipality":"Castro Marim","district":"Faro","postalCode":"8950-414","fuels":{"gasoline95":1.924,"gasoline95Plus":1.894,"dieselPremium":1.974,"bioDiesel":1.944},"lastUpdated":"2026-08-13 01:15","extra":{"stationType":"Outro"},"services":["Cafetaria","Calibragem de pneus","Lavagem","Loja de Conveniência","Venda de carburante de qualidade superior","Venda de gás doméstico em garrafas","WC","WC para deficientes"],"hours":{"weekdays":"07:00-23:00","saturday":"07:00-23:00","sunday":"07:00-23:00","holiday":"07:00-23:00"},"paymentMethods":["Dinheiro","MbWay","Multibanco","Outros"],"otherServices":null,"observations":null}},{"type":"Feature","geometry":{"type":"Point","coordinates":[-7.771115,37.124535]},"properties":{"id":"pt-69051","source":"PT","name":"A22 Olhão (Olh/VRSA)","brand":"MOEVE","address":"A22, VIA DO INFANTE DE SAGRES, SUB-LANÇO OLHÃO-TAVIRA, KM 97, ","municipality":"Olhão","district":"Faro","postalCode":"8700-152","fuels":{"gasoline95":2.004,"gasoline98Plus":2.216,"diesel":2.094,"dieselPremium":2.144},"lastUpdated":"2026-08-11 00:00","extra":{"stationType":"Auto-estrada"},"services":["Loja de Conveniência","Multibanco","Restaurante","WC"],"hours":{"weekdays":"Aberto 24 horas","saturday":"Aberto 24 horas","sunday":"Aberto 24 horas","holiday":"Aberto 24 horas"},"paymentMethods":["Dinheiro"],"otherServices":null,"observations":null}},{"type":"Feature","geometry":{"type":"Point","coordinates":[-7.770603,37.126137]},"properties":{"id":"pt-69052","source":"PT","name":"A22 Olhão (VRSA/Olh)","brand":"MOEVE","address":"A22, VIA DO INFANTE DE SAGRES, SUB-LANÇO OLHÃO-TAVIRA, KM 97, ","municipality":"Olhão","district":"Faro","postalCode":"8700-152","fuels":{"gasoline95":2.004,"gasoline98Plus":2.216,"diesel":2.094,"dieselPremium":2.144},"lastUpdated":"2026-08-11 00:00","extra":{"stationType":"Auto-estrada"},"services":["Loja de Conveniência","Multibanco","Restaurante","WC"],"hours":{"weekdays":"Aberto 24 horas","saturday":"Aberto 24 horas","sunday":"Aberto 24 horas","holiday":"Aberto 24 horas"},"paymentMethods":["Dinheiro"],"otherServices":null,"observations":null}},{"type":"Feature","geometry":{"type":"Point","coordinates":[-8.425895,37.15181]},"properties":{"id":"pt-69053","source":"PT","name":"A22 SILVES  (FAR/LGS) ","brand":"MOEVE","address":"A 22, VIA DO INFANTE SAGRES, APARTADO 328","municipality":"Lagoa","district":"Faro","postalCode":"8400-000","fuels":{"gasoline95":2.004,"gasoline98Plus":2.216,"diesel":2.094,"dieselPremium":2.144},"lastUpdated":"2026-08-10 00:00","extra":{"stationType":"Auto-estrada"},"services":["Loja de Conveniência","Multibanco","WC"],"hours":null,"paymentMethods":["Dinheiro"],"otherServices":null,"observations":null}},{"type":"Feature","geometry":{"type":"Point","coordinates":[-8.428372,37.151337]},"properties":{"id":"pt-69054","source":"PT","name":"PA 22 SILVES (LGS/FAR)","brand":"MOEVE","address":"A 22, VIA DO INFANTE SAGRES, APARTADO 328","municipality":"Silves","district":"Faro","postalCode":"8300-025","fuels":{"gasoline95":2.004,"gasoline98Plus":2.216,"diesel":2.094,"dieselPremium":2.144},"lastUpdated":"2026-08-13 00:00","extra":{"stationType":"Auto-estrada"},"services":["Loja de Conveniência","Multibanco","Restaurante","WC"],"hours":null,"paymentMethods":["Dinheiro"],"otherServices":null,"observations":null}},{"type":"Feature","geometry":{"type":"Point","coordinates":[-7.971152,37.022793]},"properties":{"id":"pt-69115","source":"PT","name":"FARO AEROPORTO","brand":"MOEVE","address":"FARO AEROPORTO","municipality":"Faro","district":"Faro","postalCode":"8001-701","fuels":{"gasoline95":1.913,"gasoline95Plus":1.963,"diesel":2.019,"dieselPremium":2.069},"lastUpdated":"2026-08-10 00:00","extra":{"stationType":"Outro"},"services":["Cafetaria","Loja de Conveniência","Multibanco","WC"],"hours":null,"paymentMethods":["Dinheiro"],"otherServices":null,"observations":null}},{"type":"Feature","geometry":{"type":"Point","coordinates":[-7.830433,37.029327]},"properties":{"id":"pt-69158","source":"PT","name":"MOEVE OLHÃO II","brand":"MOEVE","address":"zona industrial olhao lote 233","municipality":"Olhão","district":"Faro","postalCode":"8700-281","fuels":{"gasoline95":1.913,"gasoline98Plus":2.125,"diesel":2.019,"dieselPremium":2.069},"lastUpdated":"2026-08-13 00:00","extra":{"stationType":"Outro"},"services":["Calibragem de pneus"],"hours":{"weekdays":"Aberto 24 horas","saturday":"Aberto 24 horas","sunday":"Aberto 24 horas","holiday":"Aberto 24 horas"},"paymentMethods":["Dinheiro"],"otherServices":null,"observations":null}},{"type":"Feature","geometry":{"type":"Point","coordinates":[-8.0722,37.07307]},"properties":{"id":"pt-69169","source":"PT","name":"VILACOMB","brand":"MOEVE","address":"FONTE SANTA","municipality":"Loulé","district":"Faro","postalCode":"8125-306","fuels":{"gasoline95":1.913,"gasoline95Plus":1.963,"diesel":2.019,"dieselPremium":2.069},"lastUpdated":"2026-08-10 00:00","extra":{"stationType":"Outro"},"services":["Lavagem","Venda de gás doméstico em garrafas","WC com fraldário","WC para deficientes"],"hours":{"weekdays":"07:00-23:00","saturday":"07:00-23:00","sunday":"07:00-23:00","holiday":"07:00-23:00"},"paymentMethods":["Dinheiro","Multibanco"],"otherServices":null,"observations":null}},{"type":"Feature","geometry":{"type":"Point","coordinates":[-7.63844,37.1296]},"properties":{"id":"pt-70183","source":"PT","name":"ALVES BANDEIRA Tavira","brand":"ALVES BANDEIRA","address":"Vale Caranguejo","municipality":"Tavira","district":"Faro","postalCode":"8800-225","fuels":{"gasoline95":1.949,"gasoline98":2.099,"diesel":2.042,"dieselPremium":2.062,"dieselAgri":1.639},"lastUpdated":"2026-08-10 11:40","extra":{"stationType":"Outro"},"services":["Cafetaria","Lavagem","Loja de Conveniência","Multibanco","Venda de gás doméstico em garrafas","Venda de gasóleo agrícola","WC","WC para deficientes"],"hours":{"weekdays":"07:00-22:00","saturday":"07:00-22:00","sunday":"07:00-22:00","holiday":"07:00-22:00"},"paymentMethods":["Dinheiro","MbWay","Multibanco","Outros"],"otherServices":null,"observations":null}},{"type":"Feature","geometry":{"type":"Point","coordinates":[-7.4196,37.19962]},"properties":{"id":"pt-70586","source":"PT","name":"Intermarche de Vila Real de Santo Antonio","brand":"INTERMARCHÉ","address":"Largo da Estação","municipality":"Vila Real de Santo António","district":"Faro","postalCode":"8900-216","fuels":{"gasoline95":1.759,"gasoline98":1.859,"diesel":1.839,"dieselPremium":1.889},"lastUpdated":"2026-08-10 22:00","extra":{"stationType":"Outro"},"services":["Lavagem"],"hours":{"weekdays":"09:00-20:00","saturday":"09:00-20:00","sunday":"09:00-20:00","holiday":"09:00-20:00"},"paymentMethods":["Dinheiro"],"otherServices":null,"observations":null}},{"type":"Feature","geometry":{"type":"Point","coordinates":[-8.30422,37.09468]},"properties":{"id":"pt-70629","source":"PT","name":"Carrasquinho & Filhos - Vale Parra - Sul","brand":"CARRASQUINHO & FILHOS","address":"EM 526","municipality":"Albufeira","district":"Faro","postalCode":"8200-427","fuels":{"gasoline95":1.943,"gasoline95Plus":1.973,"gasoline98":2.105,"diesel":2.049,"dieselPremium":2.079,"dieselAgri":1.632},"lastUpdated":"2026-08-10 00:30","extra":{"stationType":"Outro"},"services":["Cafetaria","Loja de Conveniência","Venda de gás doméstico em garrafas","Venda de gasóleo para aquecimento"],"hours":{"weekdays":"07:00-23:00","saturday":"07:00-23:00","sunday":"07:00-23:00","holiday":"07:00-23:00"},"paymentMethods":["Dinheiro"],"otherServices":null,"observations":null}},{"type":"Feature","geometry":{"type":"Point","coordinates":[-8.30434,37.09515]},"properties":{"id":"pt-70630","source":"PT","name":"Carrasquinho & Filhos - Vale Parra - Norte","brand":"CARRASQUINHO & FILHOS","address":"EM 526","municipality":"Albufeira","district":"Faro","postalCode":"8200-427","fuels":{"gasoline95":1.943,"gasoline98":2.105,"diesel":2.049,"dieselPremium":2.079,"lpg":0.949},"lastUpdated":"2026-08-10 00:30","extra":{"stationType":"Outro"},"services":["Cafetaria","Lavagem","Loja de Conveniência","Venda de gás doméstico em garrafas","Venda de gasóleo para aquecimento"],"hours":{"weekdays":"07:00-23:00","saturday":"07:00-23:00","sunday":"07:00-23:00","holiday":"07:00-23:00"},"paymentMethods":["Dinheiro"],"otherServices":null,"observations":null}},{"type":"Feature","geometry":{"type":"Point","coordinates":[-8.26132,37.16909]},"properties":{"id":"pt-70712","source":"PT","name":"Carrasquinho & Filhos - Tunes","brand":"CARRASQUINHO & FILHOS","address":"Travessa Poeta António Aleixo\r\n","municipality":"Silves","district":"Faro","postalCode":"8365-231","fuels":{"gasoline95":1.943,"gasoline98":2.105,"diesel":2.049,"dieselPremium":2.079,"dieselAgri":1.632,"lpg":0.949},"lastUpdated":"2026-08-10 00:25","extra":{"stationType":"Outro"},"services":["Lavagem","Loja de Conveniência","Venda de gás doméstico em garrafas","Venda de gasóleo para aquecimento"],"hours":{"weekdays":"07:00-22:00","saturday":"07:00-22:00","sunday":"07:00-22:00","holiday":"07:00-22:00"},"paymentMethods":["Dinheiro"],"otherServices":null,"observations":null}},{"type":"Feature","geometry":{"type":"Point","coordinates":[-8.12591,37.1499]},"properties":{"id":"pt-70915","source":"PT","name":"Bp Boliqueime II","brand":"BP","address":"Posto BP Boliqueime Sitio Matos da Picota N270","municipality":"Loulé","district":"Faro","postalCode":"8100-307","fuels":{"gasoline95":1.999,"gasoline98Plus":2.199,"diesel":2.114,"dieselPremium":2.234},"lastUpdated":"2026-08-11 07:00","extra":{"stationType":"Outro"},"services":["Cafetaria","Loja de Conveniência","WC","WC para deficientes"],"hours":{"weekdays":"06:30-21:00","saturday":"06:30-21:00","sunday":"06:30-21:00","holiday":"06:30-21:00"},"paymentMethods":["Dinheiro","MbWay","Multibanco"],"otherServices":null,"observations":null}},{"type":"Feature","geometry":{"type":"Point","coordinates":[-8.45248,37.13231]},"properties":{"id":"pt-70953","source":"PT","name":"PA LAGOA","brand":"MOEVE","address":"ESTRADA NACIONAL 125, URBANIZAÇÃO COVAS DE AREIA, LOTE 1","municipality":"Lagoa","district":"Faro","postalCode":"8400-430","fuels":{"gasoline95":1.893,"gasoline95Plus":1.943,"diesel":1.999,"dieselPremium":2.049},"lastUpdated":"2026-08-10 00:00","extra":{"stationType":"Outro"},"services":["Cafetaria","Loja de Conveniência","Multibanco","WC"],"hours":null,"paymentMethods":["Dinheiro"],"otherServices":null,"observations":null}},{"type":"Feature","geometry":{"type":"Point","coordinates":[-7.823334,37.040318]},"properties":{"id":"pt-71880","source":"PT","name":"MOEVE OLHÃO I","brand":"MOEVE","address":"Estrada Nacional 125 - Pinheiros de Marim","municipality":"Olhão","district":"Faro","postalCode":"8700-225","fuels":{"gasoline95":1.913,"gasoline98Plus":2.125,"diesel":2.019,"dieselPremium":2.069},"lastUpdated":"2026-08-13 00:00","extra":{"stationType":"Outro"},"services":["Calibragem de pneus"],"hours":{"weekdays":"06:30-22:00","saturday":"06:30-22:00","sunday":"06:30-22:00","holiday":"06:30-22:00"},"paymentMethods":["Dinheiro"],"otherServices":null,"observations":null}},{"type":"Feature","geometry":{"type":"Point","coordinates":[-7.76236,37.44116]},"properties":{"id":"pt-72279","source":"PT","name":"P. A. Eurico Martins Mendes - Martinlongo","brand":"REPSOL","address":"ESTRADA NACIONAL 124","municipality":"Alcoutim","district":"Faro","postalCode":"8970-255","fuels":{"gasoline95":1.989,"diesel":2.104,"dieselPremium":2.174,"dieselAgri":1.624},"lastUpdated":"2026-08-11 00:00","extra":{"stationType":"Outro"},"services":["Lavagem","Venda de gás doméstico em garrafas","Venda de gasóleo agrícola"],"hours":{"weekdays":"07:00-20:00","saturday":"07:00-19:00","sunday":"07:00-19:00","holiday":"07:00-19:00"},"paymentMethods":["Dinheiro"],"otherServices":null,"observations":null}},{"type":"Feature","geometry":{"type":"Point","coordinates":[-7.53419,37.17642]},"properties":{"id":"pt-72342","source":"PT","name":"E.S. VILA NOVA DE CACELA","brand":"REPSOL","address":"Rua José Colaço Fernandes","municipality":"Vila Real de Santo António","district":"Faro","postalCode":"8900-054","fuels":{"gasoline95":1.624,"gasoline95Plus":2.009,"diesel":2.059,"dieselPremium":2.129,"dieselAgri":1.624},"lastUpdated":"2026-08-12 07:40","extra":{"stationType":"Outro"},"services":["Loja de Conveniência","Venda de gás doméstico em garrafas","WC","WC para deficientes"],"hours":{"weekdays":"07:00-22:00","saturday":"07:00-22:00","sunday":"07:00-22:00","holiday":"07:00-22:00"},"paymentMethods":["Dinheiro"],"otherServices":null,"observations":null}},{"type":"Feature","geometry":{"type":"Point","coordinates":[-8.927291,37.0095]},"properties":{"id":"pt-72995","source":"PT","name":"CEPSA Porto da Baleeira - Sagres","brand":"CEPSA","address":"Porto da Baleeira - Sagres","municipality":"Vila do Bispo","district":"Faro","postalCode":"8650-368","fuels":{"gasoline95":1.84,"diesel":1.99,"dieselAgri":1.12},"lastUpdated":"2026-08-11 09:30","extra":{"stationType":"Outro"},"services":["Calibragem de pneus"],"hours":{"weekdays":"10:00-19:00","saturday":null,"sunday":null,"holiday":null},"paymentMethods":["Dinheiro"],"otherServices":null,"observations":null}},{"type":"Feature","geometry":{"type":"Point","coordinates":[-7.81261,37.33115]},"properties":{"id":"pt-73709","source":"PT","name":"CEPSA - CACHOPO","brand":"CEPSA","address":"EN 397","municipality":"Tavira","district":"Faro","postalCode":"8800-014","fuels":{"gasoline95":1.913,"gasoline98Plus":2.125,"diesel":2.028,"dieselAgri":1.644},"lastUpdated":"2026-08-11 15:25","extra":{"stationType":"Outro"},"services":[],"hours":{"weekdays":"07:20-21:00","saturday":"07:20-21:00","sunday":"07:20-21:00","holiday":"07:20-21:00"},"paymentMethods":["Dinheiro"],"otherServices":null,"observations":null}},{"type":"Feature","geometry":{"type":"Point","coordinates":[-8.23745,37.12628]},"properties":{"id":"pt-76540","source":"PT","name":"Intermarché de Ferreiras","brand":"INTERMARCHÉ","address":"Av. 12 de Julho","municipality":"Albufeira","district":"Faro","postalCode":"8200-559","fuels":{"gasoline95":1.809,"gasoline98":1.839,"diesel":1.909,"dieselPremium":1.929},"lastUpdated":"2026-08-11 08:00","extra":{"stationType":"Outro"},"services":["Cafetaria","Calibragem de pneus","Lavagem","Multibanco","Venda de gás doméstico em garrafas","WC"],"hours":{"weekdays":"08:00-20:30","saturday":"08:00-20:30","sunday":"08:00-20:30","holiday":"08:00-20:30"},"paymentMethods":["Dinheiro"],"otherServices":null,"observations":null}},{"type":"Feature","geometry":{"type":"Point","coordinates":[-8.463485,37.136505]},"properties":{"id":"pt-76913","source":"PT","name":"AUCHAN Lagoa","brand":"AUCHAN","address":"EN 125 - Sitio da Bemposta","municipality":"Lagoa","district":"Faro","postalCode":"8400-701","fuels":{"gasoline95":1.869,"diesel":1.969,"dieselPremium":1.989,"lpg":0.939},"lastUpdated":"2026-08-13 00:00","extra":{"stationType":"Outro"},"services":["Calibragem de pneus"],"hours":{"weekdays":"Aberto 24 horas","saturday":"Aberto 24 horas","sunday":"Aberto 24 horas","holiday":"Aberto 24 horas"},"paymentMethods":["Dinheiro"],"otherServices":null,"observations":null}},{"type":"Feature","geometry":{"type":"Point","coordinates":[-8.545965,37.14776]},"properties":{"id":"pt-76976","source":"PT","name":"AUCHAN Portimão","brand":"AUCHAN","address":"EN 125 - Rua S. Pedro ","municipality":"Portimão","district":"Faro","postalCode":"8500-524","fuels":{"gasoline95":1.789,"diesel":1.879,"dieselPremium":1.899},"lastUpdated":"2026-08-13 00:00","extra":{"stationType":"Outro"},"services":["Calibragem de pneus"],"hours":{"weekdays":"Aberto 24 horas","saturday":"Aberto 24 horas","sunday":"Aberto 24 horas","holiday":"Aberto 24 horas"},"paymentMethods":["Dinheiro"],"otherServices":null,"observations":null}},{"type":"Feature","geometry":{"type":"Point","coordinates":[-7.916969,37.02634]},"properties":{"id":"pt-78468","source":"PT","name":"AUCHAN Faro","brand":"AUCHAN","address":"Av. Cidade Hayward ","municipality":"Faro","district":"Faro","postalCode":"8000-074","fuels":{"gasoline95":1.819,"diesel":1.919,"dieselPremium":1.949,"lpg":0.869},"lastUpdated":"2026-08-13 00:00","extra":{"stationType":"Outro"},"services":["Calibragem de pneus"],"hours":{"weekdays":"Aberto 24 horas","saturday":"Aberto 24 horas","sunday":"Aberto 24 horas","holiday":"Aberto 24 horas"},"paymentMethods":["Dinheiro"],"otherServices":null,"observations":null}},{"type":"Feature","geometry":{"type":"Point","coordinates":[-7.8929,37.14604]},"properties":{"id":"pt-78481","source":"PT","name":"E.S. S. BRAS DE ALPORTEL","brand":"REPSOL","address":"EN 2 Km 722.9","municipality":"São Brás de Alportel","district":"Faro","postalCode":"8150-021","fuels":{"gasoline95":1.954,"gasoline95Plus":2.024,"diesel":2.054,"dieselPremium":2.124,"dieselAgri":1.624},"lastUpdated":"2026-08-12 00:00","extra":{"stationType":"Outro"},"services":["Cafetaria","Loja de Conveniência","Venda de gás doméstico em garrafas","WC","WC para deficientes"],"hours":{"weekdays":"07:00-22:00","saturday":"07:00-22:00","sunday":"07:00-22:00","holiday":"07:00-22:00"},"paymentMethods":["Dinheiro"],"otherServices":null,"observations":null}},{"type":"Feature","geometry":{"type":"Point","coordinates":[-7.957144,37.03714]},"properties":{"id":"pt-78596","source":"PT","name":"PRIO  Faro","brand":"PRIO","address":"EN 125-10 (Estrada do Aeroporto)","municipality":"Faro","district":"Faro","postalCode":"8005-146","fuels":{"gasoline95":1.924,"gasoline95Plus":1.849,"dieselPremium":1.959,"bioDiesel":1.929,"lpg":0.889},"lastUpdated":"2026-08-13 01:15","extra":{"stationType":"Outro"},"services":["Cafetaria","Calibragem de pneus","Loja de Conveniência","Multibanco","Venda de carburante de qualidade superior","Venda de gás doméstico em garrafas","WC","WC para deficientes"],"hours":{"weekdays":"07:00-23:00","saturday":"07:00-23:00","sunday":"07:00-23:00","holiday":"07:00-23:00"},"paymentMethods":["Dinheiro","MbWay","Multibanco","Outros"],"otherServices":null,"observations":null}},{"type":"Feature","geometry":{"type":"Point","coordinates":[-8.231543,37.10871]},"properties":{"id":"pt-79078","source":"PT","name":"Lusiadagás","brand":"LUSIADAGÁS","address":"Planeta Azul - Estrada de Brejos, Montechoro - Albufeira","municipality":"Albufeira","district":"Faro","postalCode":"8200-999","fuels":{"lpg":0.979},"lastUpdated":"2026-08-05 09:30","extra":{"stationType":"Outro"},"services":["Calibragem de pneus"],"hours":{"weekdays":"08:00-20:00","saturday":"08:00-20:00","sunday":"08:00-20:00","holiday":"08:00-20:00"},"paymentMethods":["Dinheiro"],"otherServices":null,"observations":null}},{"type":"Feature","geometry":{"type":"Point","coordinates":[-7.64306,37.13913]},"properties":{"id":"pt-79717","source":"PT","name":"RECHEIO TAVIRA","brand":"RECHEIO","address":"Parque Comercial e de Exposições de Tavira\r\nSítio do Vale Formoso, Lote 16/23\r\n","municipality":"Tavira","district":"Faro","postalCode":"8800-202","fuels":{"gasoline95":1.889,"diesel":1.999},"lastUpdated":"2026-08-11 06:00","extra":{"stationType":"Outro"},"services":[],"hours":{"weekdays":"07:00-18:00","saturday":"07:00-17:00","sunday":"Fechado","holiday":"Fechado"},"paymentMethods":["Dinheiro"],"otherServices":null,"observations":null}},{"type":"Feature","geometry":{"type":"Point","coordinates":[-8.54396224,37.144984251]},"properties":{"id":"pt-80797","source":"PT","name":"RECHEIO PORTIMÃO","brand":"RECHEIO","address":"Sítio do Poço Fojo","municipality":"Portimão","district":"Faro","postalCode":"8500-998","fuels":{"gasoline95":1.799,"gasoline98":1.999,"diesel":1.889},"lastUpdated":"2026-08-11 06:00","extra":{"stationType":"Outro"},"services":[],"hours":{"weekdays":"07:00-18:00","saturday":"07:00-18:00","sunday":"Fechado","holiday":"Fechado"},"paymentMethods":["Dinheiro"],"otherServices":null,"observations":null}},{"type":"Feature","geometry":{"type":"Point","coordinates":[-8.682131,37.099957]},"properties":{"id":"pt-80997","source":"PT","name":"Intermarché de Lagos","brand":"INTERMARCHÉ","address":"AMEIJEIRA VERDE- PEDRA ALÇADA","municipality":"Lagos","district":"Faro","postalCode":"8600-546","fuels":{"gasoline95":1.778,"gasoline95Plus":1.778,"gasoline98":1.858,"diesel":1.858,"dieselPremium":1.858},"lastUpdated":"2026-08-13 00:05","extra":{"stationType":"Outro"},"services":["Multibanco","Venda de gás doméstico em garrafas"],"hours":{"weekdays":"Aberto 24 horas","saturday":"Aberto 24 horas","sunday":"Aberto 24 horas","holiday":"Aberto 24 horas"},"paymentMethods":["Dinheiro","MbWay","Multibanco","Outros"],"otherServices":null,"observations":null}},{"type":"Feature","geometry":{"type":"Point","coordinates":[-8.940969,37.015327]},"properties":{"id":"pt-81066","source":"PT","name":"Intermarché de Sagres","brand":"INTERMARCHÉ","address":"Cercas velhas","municipality":"Vila do Bispo","district":"Faro","postalCode":"8650-366","fuels":{"gasoline95":1.818,"gasoline95Plus":1.848,"diesel":1.898,"dieselPremium":1.928},"lastUpdated":"2026-08-11 09:05","extra":{"stationType":"Outro"},"services":["Venda de gás doméstico em garrafas"],"hours":{"weekdays":"Aberto 24 horas","saturday":"Aberto 24 horas","sunday":"Aberto 24 horas","holiday":"Aberto 24 horas"},"paymentMethods":["Dinheiro","MbWay","Multibanco"],"otherServices":null,"observations":null}},{"type":"Feature","geometry":{"type":"Point","coordinates":[-8.0267,37.09222]},"properties":{"id":"pt-84185","source":"PT","name":"BP ALMANCIL","brand":"BP","address":"VALE FORMOSO","municipality":"Loulé","district":"Faro","postalCode":"8135-148","fuels":{"gasoline95":1.999,"gasoline98Plus":2.234,"diesel":2.114,"dieselPremium":2.234},"lastUpdated":"2026-08-11 07:00","extra":{"stationType":"Outro"},"services":["Cafetaria","Loja de Conveniência","Venda de gás doméstico em garrafas","WC"],"hours":{"weekdays":"07:00-00:00","saturday":"07:00-00:00","sunday":"07:00-00:00","holiday":"07:00-00:00"},"paymentMethods":["Dinheiro","Multibanco"],"otherServices":null,"observations":null}},{"type":"Feature","geometry":{"type":"Point","coordinates":[-7.95838,37.08302]},"properties":{"id":"pt-84759","source":"PT","name":"BP Falfosa","brand":"BP","address":"Sitio da Falfosa, Santa Bárbara de Nexe","municipality":"Faro","district":"Faro","postalCode":"8005-436","fuels":{"gasoline95":1.979,"gasoline98Plus":2.199,"diesel":2.094,"dieselPremium":2.234},"lastUpdated":"2026-08-11 10:10","extra":{"stationType":"Outro"},"services":["Cafetaria","Loja de Conveniência","Venda de carburante de qualidade superior","Venda de gás doméstico em garrafas","WC","WC para deficientes"],"hours":{"weekdays":"07:00-21:00","saturday":"07:00-21:00","sunday":"07:00-21:00","holiday":"07:00-21:00"},"paymentMethods":["Dinheiro","MbWay","Multibanco"],"otherServices":null,"observations":null}},{"type":"Feature","geometry":{"type":"Point","coordinates":[-8.264661,37.22903]},"properties":{"id":"pt-85892","source":"PT","name":"BP - S. Bartolomeu de Messines (Sentido Norte/Sul) 1090","brand":"BP","address":"IC1 I.P.1c Lanço Guia-Messines","municipality":"Silves","district":"Faro","postalCode":"8375-140","fuels":{"gasoline95":1.999,"gasoline98Plus":2.199,"diesel":2.114,"dieselPremium":2.234},"lastUpdated":"2026-08-13 00:00","extra":{"stationType":"Outro"},"services":["Loja de Conveniência","Multibanco","WC"],"hours":null,"paymentMethods":["Dinheiro"],"otherServices":null,"observations":null}},{"type":"Feature","geometry":{"type":"Point","coordinates":[-8.04466,37.09143]},"properties":{"id":"pt-88200","source":"PT","name":"BP ALMANCIL-PEREIRAS","brand":"BP","address":"Estrada das Escanxinas","municipality":"Loulé","district":"Faro","postalCode":"8135-016","fuels":{"gasoline95":1.999,"gasoline98Plus":2.199,"diesel":2.114,"dieselPremium":2.234},"lastUpdated":"2026-08-11 06:30","extra":{"stationType":"Outro"},"services":["Cafetaria","Venda de gás doméstico em garrafas","WC"],"hours":{"weekdays":"07:00-22:00","saturday":"07:00-22:00","sunday":"07:00-22:00","holiday":"07:00-22:00"},"paymentMethods":["Dinheiro","Multibanco"],"otherServices":null,"observations":null}},{"type":"Feature","geometry":{"type":"Point","coordinates":[-8.55633,37.31261]},"properties":{"id":"pt-88401","source":"PT","name":"INTERMARCHÉ DE MONCHIQUE","brand":"INTERMARCHÉ","address":"Largo Pé da Cruz - Ceiceira","municipality":"Monchique","district":"Faro","postalCode":"8550-328","fuels":{"gasoline95":1.949,"gasoline98":2.049,"diesel":1.999,"dieselPremium":2.039},"lastUpdated":"2026-08-04 08:50","extra":{"stationType":"Outro"},"services":["Multibanco","Venda de gás doméstico em garrafas"],"hours":{"weekdays":"Aberto 24 horas","saturday":"Aberto 24 horas","sunday":"Aberto 24 horas","holiday":"Aberto 24 horas"},"paymentMethods":["Dinheiro"],"otherServices":null,"observations":null}},{"type":"Feature","geometry":{"type":"Point","coordinates":[-8.29955,37.12776]},"properties":{"id":"pt-88734","source":"PT","name":"ECOBRENT - Guia","brand":"ECOBRENT","address":"EN 125, Km 66,6","municipality":"Albufeira","district":"Faro","postalCode":"8200-413","fuels":{"gasoline95":1.849,"gasoline95Plus":1.879,"diesel":1.934,"dieselPremium":1.964,"lpg":0.949},"lastUpdated":"2026-08-10 15:45","extra":{"stationType":"Outro"},"services":["Calibragem de pneus"],"hours":null,"paymentMethods":["Dinheiro"],"otherServices":null,"observations":null}},{"type":"Feature","geometry":{"type":"Point","coordinates":[-8.66628,37.31154]},"properties":{"id":"pt-89113","source":"PT","name":"BP MARMELETE","brand":"BP","address":"EN 267","municipality":"Monchique","district":"Faro","postalCode":"8550-000","fuels":{"gasoline95":1.904,"gasoline98Plus":2.199,"diesel":2.024,"dieselPremium":2.234,"dieselAgri":1.639},"lastUpdated":"2026-08-11 06:30","extra":{"stationType":"Outro"},"services":["Cafetaria","Loja de Conveniência","Multibanco","WC"],"hours":{"weekdays":"07:00-20:00","saturday":"07:00-20:00","sunday":"07:00-20:00","holiday":"07:00-20:00"},"paymentMethods":["Dinheiro"],"otherServices":null,"observations":null}},{"type":"Feature","geometry":{"type":"Point","coordinates":[-8.30151,37.15446]},"properties":{"id":"pt-91015","source":"PT","name":"BP- JM - Algoz","brand":"BP","address":"Vales do Algoz","municipality":"Silves","district":"Faro","postalCode":"8365-087","fuels":{"diesel":2.109,"dieselAgri":1.639},"lastUpdated":"2026-08-10 09:40","extra":{"stationType":"Outro"},"services":[],"hours":{"weekdays":"08:00-17:00","saturday":"08:00-17:00","sunday":"Fechado","holiday":"Fechado"},"paymentMethods":["Dinheiro"],"otherServices":null,"observations":null}},{"type":"Feature","geometry":{"type":"Point","coordinates":[-8.523515,37.135825]},"properties":{"id":"pt-92208","source":"PT","name":"BP Lagoa Parchal","brand":"BP","address":"Acesso Porto de Pesca do Rio Arade","municipality":"Lagoa","district":"Faro","postalCode":"8501-909","fuels":{"gasoline95":1.969,"gasoline98Plus":2.199,"diesel":2.084,"dieselPremium":2.234},"lastUpdated":"2026-08-13 00:00","extra":{"stationType":"Outro"},"services":["Cafetaria","Calibragem de pneus","Loja de Conveniência","Venda de gás doméstico em garrafas","WC","WC para deficientes"],"hours":{"weekdays":"07:00-22:00","saturday":"07:00-22:00","sunday":"07:00-22:00","holiday":"07:00-22:00"},"paymentMethods":["Dinheiro","MbWay","Multibanco","Outros"],"otherServices":null,"observations":null}},{"type":"Feature","geometry":{"type":"Point","coordinates":[-8.443151,37.185936]},"properties":{"id":"pt-92662","source":"PT","name":"CEPSA Silves - Estádio","brand":"CEPSA","address":"Rua Cruz da Palmeira, E.N.124 Km 17.936","municipality":"Silves","district":"Faro","postalCode":"8300-149","fuels":{"gasoline95":1.913,"gasoline95Plus":1.963,"diesel":2.019,"dieselPremium":2.069},"lastUpdated":"2026-08-10 12:20","extra":{"stationType":"Outro"},"services":["Cafetaria","Loja de Conveniência","Multibanco","WC"],"hours":null,"paymentMethods":["Dinheiro"],"otherServices":null,"observations":null}},{"type":"Feature","geometry":{"type":"Point","coordinates":[-8.169265,37.230385]},"properties":{"id":"pt-92966","source":"PT","name":"TFUEL - ALTE","brand":"TFUEL","address":"Sitio da Calçadinha - EN 124","municipality":"Loulé","district":"Faro","postalCode":"8100-012","fuels":{"gasoline95":1.989,"diesel":2.069,"dieselPremium":2.119,"dieselAgri":1.639},"lastUpdated":"2026-08-10 12:40","extra":{"stationType":"Outro"},"services":["Venda de gasóleo agrícola","WC"],"hours":{"weekdays":"Aberto 24 horas","saturday":"Aberto 24 horas","sunday":"Aberto 24 horas","holiday":"Aberto 24 horas"},"paymentMethods":["Dinheiro","Multibanco"],"otherServices":null,"observations":null}},{"type":"Feature","geometry":{"type":"Point","coordinates":[-8.299277,37.17233]},"properties":{"id":"pt-92973","source":"PT","name":"AUTO JULIO - Algoz","brand":"AUTO JULIO","address":"Sitio das Ferrarias","municipality":"Silves","district":"Faro","postalCode":"8365-084","fuels":{"gasoline95":1.87,"gasoline95Plus":1.87,"diesel":1.966,"dieselPremium":1.966,"dieselAgri":1.505},"lastUpdated":"2026-08-10 08:55","extra":{"stationType":"Outro"},"services":["Cafetaria","Loja de Conveniência","Multibanco","WC"],"hours":null,"paymentMethods":["Dinheiro"],"otherServices":null,"observations":null}},{"type":"Feature","geometry":{"type":"Point","coordinates":[-8.791851,37.312984]},"properties":{"id":"pt-92975","source":"PT","name":"AUTO JULIO - Aljezur","brand":"AUTO JULIO","address":"Sitio da Feiteira - EN267","municipality":"Aljezur","district":"Faro","postalCode":"8670-158","fuels":{"gasoline95":1.92,"gasoline95Plus":1.92,"diesel":2.016,"dieselAgri":1.525},"lastUpdated":"2026-08-10 08:55","extra":{"stationType":"Outro"},"services":["Cafetaria","Loja de Conveniência","Multibanco","WC"],"hours":null,"paymentMethods":["Dinheiro"],"otherServices":null,"observations":null}},{"type":"Feature","geometry":{"type":"Point","coordinates":[-8.204557,37.09262]},"properties":{"id":"pt-92976","source":"PT","name":"AUTO JULIO - Balaia","brand":"AUTO JULIO","address":"Estrada de Albufeira, CM 1287","municipality":"Albufeira","district":"Faro","postalCode":"8200-100","fuels":{"gasoline95":1.92,"gasoline95Plus":1.92,"diesel":2.016,"dieselPremium":2.016},"lastUpdated":"2026-08-10 08:55","extra":{"stationType":"Outro"},"services":["Loja de Conveniência","Multibanco","WC"],"hours":null,"paymentMethods":["Dinheiro"],"otherServices":null,"observations":null}},{"type":"Feature","geometry":{"type":"Point","coordinates":[-8.556167,37.310833]},"properties":{"id":"pt-93016","source":"PT","name":"E.S. MONCHIQUE","brand":"REPSOL","address":"Rua Pé da Cruz","municipality":"Monchique","district":"Faro","postalCode":"8550-328","fuels":{"gasoline95":1.979,"gasoline95Plus":2.049,"diesel":2.084,"dieselPremium":2.084,"dieselAgri":1.684},"lastUpdated":"2026-08-13 00:00","extra":{"stationType":"Outro"},"services":["Cafetaria","Loja de Conveniência","Venda de gás doméstico em garrafas","Venda de gasóleo agrícola","WC","WC para deficientes"],"hours":{"weekdays":"07:00-22:00","saturday":"07:00-22:00","sunday":"07:00-22:00","holiday":"07:00-22:00"},"paymentMethods":["Dinheiro","Multibanco"],"otherServices":null,"observations":null}},{"type":"Feature","geometry":{"type":"Point","coordinates":[-8.5065,37.140944]},"properties":{"id":"pt-93017","source":"PT","name":"E.S. PARCHAL","brand":"REPSOL","address":"ZONA INDUSTRIAL DO PATEIRO LOTE 1","municipality":"Lagoa","district":"Faro","postalCode":"8400-651","fuels":{"gasoline95":1.944,"gasoline95Plus":1.994,"gasoline98Plus":2.144,"diesel":2.049,"dieselPremium":2.099},"lastUpdated":"2026-08-12 00:00","extra":{"stationType":"Outro"},"services":["Cafetaria","Loja de Conveniência","Venda de gás doméstico em garrafas","WC","WC para deficientes"],"hours":{"weekdays":"07:00-23:00","saturday":"07:00-23:00","sunday":"07:00-23:00","holiday":"07:00-23:00"},"paymentMethods":["Multibanco"],"otherServices":null,"observations":null}},{"type":"Feature","geometry":{"type":"Point","coordinates":[-8.57552,37.13041]},"properties":{"id":"pt-93037","source":"PT","name":"INTERMARCHE MARACHIQUE ALVOR","brand":"INTERMARCHÉ","address":"ESTRADA DE ALVOR ED. INTERMARCHE ALVOR","municipality":"Portimão","district":"Faro","postalCode":"8500-071","fuels":{"gasoline95":1.778,"gasoline95Plus":1.778,"diesel":1.858,"dieselPremium":1.858},"lastUpdated":"2026-08-13 00:05","extra":{"stationType":"Área comercial (Hipermercados)"},"services":["Calibragem de pneus","Multibanco","Venda de gás doméstico em garrafas"],"hours":{"weekdays":"Aberto 24 horas","saturday":"Aberto 24 horas","sunday":"Aberto 24 horas","holiday":"Aberto 24 horas"},"paymentMethods":["Dinheiro","MbWay","Multibanco","Outros"],"otherServices":null,"observations":null}},{"type":"Feature","geometry":{"type":"Point","coordinates":[-8.246953,37.11709]},"properties":{"id":"pt-93080","source":"PT","name":"Prio - Albufeira (Vale de Paraíso)","brand":"PRIO","address":"Urbanização Serva EN395 - Vale Paraíso 9011","municipality":"Albufeira","district":"Faro","postalCode":"8200-567","fuels":{"gasoline95":1.829,"gasoline95Plus":1.829,"diesel":1.934,"dieselPremium":1.934},"lastUpdated":"2026-08-10 09:30","extra":{"stationType":"Outro"},"services":["Calibragem de pneus"],"hours":{"weekdays":"Aberto 24 horas","saturday":"Aberto 24 horas","sunday":"Aberto 24 horas","holiday":"Aberto 24 horas"},"paymentMethods":["Dinheiro"],"otherServices":null,"observations":"Entre as 22h00 e as 07h00 o serviço funciona exclusivamente através de sistema automático. "}},{"type":"Feature","geometry":{"type":"Point","coordinates":[-7.961994,37.104103]},"properties":{"id":"pt-93082","source":"PT","name":"PRIO - Santa Bárbara de Nexe","brand":"PRIO","address":"Estrada de São Brás","municipality":"Faro","district":"Faro","postalCode":"8005-491","fuels":{"gasoline95":1.994,"diesel":2.094,"dieselPremium":2.049,"dieselAgri":1.629},"lastUpdated":"2026-08-13 00:00","extra":{"stationType":"Outro"},"services":["Calibragem de pneus"],"hours":{"weekdays":"07:00-22:00","saturday":"07:00-22:00","sunday":"07:00-22:00","holiday":"07:00-22:00"},"paymentMethods":["Dinheiro"],"otherServices":null,"observations":null}},{"type":"Feature","geometry":{"type":"Point","coordinates":[-8.38296,37.1062]},"properties":{"id":"pt-93089","source":"PT","name":"MOEVE ALPORCHINHOS","brand":"MOEVE","address":"SENHORA DA ROCHA","municipality":"Silves","district":"Faro","postalCode":"8400-450","fuels":{"gasoline95":1.913,"gasoline95Plus":1.963,"diesel":2.019,"dieselPremium":2.069},"lastUpdated":"2026-08-10 00:30","extra":{"stationType":"Outro"},"services":["Calibragem de pneus"],"hours":null,"paymentMethods":["Dinheiro"],"otherServices":null,"observations":null}},{"type":"Feature","geometry":{"type":"Point","coordinates":[-7.927981,37.089719]},"properties":{"id":"pt-93108","source":"PT","name":"E.S. FARO MARF","brand":"REPSOL","address":"MARF- Guilhim - Estrada Municipal 520 - 2","municipality":"Faro","district":"Faro","postalCode":"8009-021","fuels":{"gasoline95":1.944,"gasoline95Plus":2.014,"diesel":2.054,"dieselPremium":2.124,"dieselAgri":1.624},"lastUpdated":"2026-08-13 00:00","extra":{"stationType":"Outro"},"services":["Cafetaria","Loja de Conveniência","Venda de gás doméstico em garrafas","WC","WC para deficientes"],"hours":{"weekdays":"Aberto 24 horas","saturday":"Aberto 24 horas","sunday":"Aberto 24 horas","holiday":"Aberto 24 horas"},"paymentMethods":["Multibanco"],"otherServices":null,"observations":null}},{"type":"Feature","geometry":{"type":"Point","coordinates":[-7.41901,37.18667]},"properties":{"id":"pt-93126","source":"PT","name":"Guadicomb - Vila real de santo antónio","brand":"Genérico","address":"Estrada da Mata","municipality":"Vila Real de Santo António","district":"Faro","postalCode":"8900-000","fuels":{"gasoline95":1.964,"diesel":2.049},"lastUpdated":"2026-08-10 14:30","extra":{"stationType":"Outro"},"services":["Cafetaria","Lavagem","Loja de Conveniência","Venda de gás doméstico em garrafas","WC"],"hours":{"weekdays":"08:00-21:00","saturday":"08:00-21:00","sunday":"08:00-21:00","holiday":"08:00-21:00"},"paymentMethods":["Dinheiro","MbWay","Multibanco"],"otherServices":null,"observations":null}},{"type":"Feature","geometry":{"type":"Point","coordinates":[-8.044887,37.23991]},"properties":{"id":"pt-93141","source":"PT","name":"Auto Julio - Salir","brand":"AUTO JULIO","address":"RUA MANUEL DOURADO EUSEBIO","municipality":"Loulé","district":"Faro","postalCode":"8100-202","fuels":{"gasoline95":1.92,"diesel":2.016,"dieselPremium":2.016,"dieselAgri":1.525},"lastUpdated":"2026-08-10 08:55","extra":{"stationType":"Outro"},"services":["Cafetaria","WC"],"hours":{"weekdays":"07:00-20:00","saturday":"07:00-20:00","sunday":"07:00-20:00","holiday":"00:00-00:00"},"paymentMethods":["Dinheiro","MbWay","Multibanco"],"otherServices":null,"observations":null}},{"type":"Feature","geometry":{"type":"Point","coordinates":[-7.508588,37.437267]},"properties":{"id":"pt-93142","source":"PT","name":"Auto Julio - Alcoutim","brand":"AUTO JULIO","address":"SI CRUZAMENTO ALCOUTIM LT 20","municipality":"Alcoutim","district":"Faro","postalCode":"8970-051","fuels":{"gasoline95":1.935,"diesel":2.031},"lastUpdated":"2026-08-10 08:55","extra":{"stationType":"Outro"},"services":["Multibanco","WC"],"hours":null,"paymentMethods":["Multibanco"],"otherServices":null,"observations":null}},{"type":"Feature","geometry":{"type":"Point","coordinates":[-8.234181,37.103773]},"properties":{"id":"pt-93167","source":"PT","name":"Intermarché Vale Pedras","brand":"INTERMARCHÉ","address":"Estrada de Vale Pedras, Edifício Intermarché","municipality":"Albufeira","district":"Faro","postalCode":"8200-047","fuels":{"gasoline95":1.809,"gasoline95Plus":1.829,"gasoline98":1.839,"diesel":1.909,"dieselPremium":1.929},"lastUpdated":"2026-08-11 08:50","extra":{"stationType":"Outro"},"services":["Venda de gás doméstico em garrafas"],"hours":{"weekdays":"Aberto 24 horas","saturday":"Aberto 24 horas","sunday":"Aberto 24 horas","holiday":"Aberto 24 horas"},"paymentMethods":["Dinheiro","Multibanco"],"otherServices":"Ajuste da pressão dos pneus e água","observations":"A venda assistida funciona no horário: das 07:00h às 21:00h de Segunda a Sexta; e das 08:00h às 20:00h Sábados, Domingos e Feriados.\r\nComercializa ADBLUE"}},{"type":"Feature","geometry":{"type":"Point","coordinates":[-7.638901,37.12997]},"properties":{"id":"pt-93230","source":"PT","name":"SHELL-TAVIRA","brand":"SHELL","address":"Rua Almirante Candido dos Reis n° 245 - Tavira","municipality":"Tavira","district":"Faro","postalCode":"8800-319","fuels":{"gasoline95":1.939,"gasoline95Plus":2.019,"gasoline98Plus":2.089,"diesel":2.044,"dieselPremium":2.124,"bioDiesel":2.054},"lastUpdated":"2026-08-13 01:15","extra":{"stationType":"Outro"},"services":["Calibragem de pneus","Loja de Conveniência","Venda de carburante de qualidade superior","Venda de gás doméstico em garrafas","WC","WC para deficientes"],"hours":{"weekdays":"07:00-23:00","saturday":"07:00-23:00","sunday":"07:00-23:00","holiday":"07:00-23:00"},"paymentMethods":["Dinheiro","MbWay","Multibanco","Outros"],"otherServices":null,"observations":null}},{"type":"Feature","geometry":{"type":"Point","coordinates":[-8.32185,37.3149]},"properties":{"id":"pt-93302","source":"PT","name":"ALVES BANDEIRA São Bartolomeu de Messines","brand":"ALVES BANDEIRA","address":"Sitio de Corte Pereiro, IC1 KM 713","municipality":"Silves","district":"Faro","postalCode":"8375-030","fuels":{"gasoline95":1.929,"diesel":2.022,"dieselPremium":2.042,"dieselAgri":1.579},"lastUpdated":"2026-08-10 11:45","extra":{"stationType":"Outro"},"services":["Cafetaria","Descanso de pesados","Loja de Conveniência","Venda de gás doméstico em garrafas","Venda de gasóleo agrícola","WC","WC para deficientes"],"hours":{"weekdays":"07:00-21:00","saturday":"07:00-21:00","sunday":"07:00-21:00","holiday":"07:00-21:00"},"paymentMethods":["Dinheiro","MbWay","Multibanco","Outros"],"otherServices":null,"observations":null}},{"type":"Feature","geometry":{"type":"Point","coordinates":[-8.689247,37.109303]},"properties":{"id":"pt-93405","source":"PT","name":"Prio - Lagos","brand":"PRIO","address":"Urb Cerro de Mos Lote 316","municipality":"Lagos","district":"Faro","postalCode":"8600-657","fuels":{"gasoline95":1.874,"gasoline95Plus":1.844,"dieselPremium":1.979,"bioDiesel":1.949},"lastUpdated":"2026-08-10 00:05","extra":{"stationType":"Outro"},"services":["Calibragem de pneus"],"hours":{"weekdays":"Aberto 24 horas","saturday":"Aberto 24 horas","sunday":"Aberto 24 horas","holiday":"Aberto 24 horas"},"paymentMethods":["Dinheiro"],"otherServices":null,"observations":"Entre as 22h00 e as 07h00 o serviço funciona exclusivamente através de sistema automático."}},{"type":"Feature","geometry":{"type":"Point","coordinates":[-7.83338,37.03164]},"properties":{"id":"pt-93407","source":"PT","name":"Intermarché Olhão","brand":"INTERMARCHÉ","address":"Rua Calouste Gulbenkian","municipality":"Olhão","district":"Faro","postalCode":"8700-221","fuels":{"gasoline95":1.839,"gasoline98":1.919,"diesel":1.939},"lastUpdated":"2026-08-12 08:15","extra":{"stationType":"Outro"},"services":[],"hours":{"weekdays":"Aberto 24 horas","saturday":"Aberto 24 horas","sunday":"Aberto 24 horas","holiday":"Aberto 24 horas"},"paymentMethods":["Dinheiro","MbWay","Multibanco"],"otherServices":null,"observations":null}},{"type":"Feature","geometry":{"type":"Point","coordinates":[-7.947817,37.029915]},"properties":{"id":"pt-93433","source":"PT","name":"BP Faro - EN 125 (Sul)","brand":"BP","address":"E. N. 125 - Pontes de Marchil","municipality":"Faro","district":"Faro","postalCode":"8000-000","fuels":{"gasoline95":1.979,"gasoline98Plus":2.199,"diesel":2.094,"dieselPremium":2.234},"lastUpdated":"2026-08-11 00:00","extra":{"stationType":"Outro"},"services":["Calibragem de pneus"],"hours":null,"paymentMethods":["Dinheiro"],"otherServices":null,"observations":null}},{"type":"Feature","geometry":{"type":"Point","coordinates":[-7.947455,37.03025]},"properties":{"id":"pt-93434","source":"PT","name":"BP Faro - EN 125 (Norte)","brand":"BP","address":"E. N. 125 - Pontes de Marchil","municipality":"Faro","district":"Faro","postalCode":"8005-518","fuels":{"gasoline95":1.979,"gasoline98Plus":2.199,"diesel":2.094,"dieselPremium":2.234},"lastUpdated":"2026-08-11 00:00","extra":{"stationType":"Outro"},"services":["Calibragem de pneus"],"hours":null,"paymentMethods":["Dinheiro"],"otherServices":null,"observations":null}},{"type":"Feature","geometry":{"type":"Point","coordinates":[-7.78135,37.0505]},"properties":{"id":"pt-93437","source":"PT","name":"Transforpel Combustíveis Moncarapacho","brand":"TRANSFORPEL","address":"Estrada Nacional 125 em Bias do Norte","municipality":"Olhão","district":"Faro","postalCode":"8700-068","fuels":{"gasoline95":1.909,"diesel":1.979,"dieselPremium":2.009},"lastUpdated":"2026-08-05 19:10","extra":{"stationType":"Outro"},"services":["WC"],"hours":{"weekdays":"Aberto 24 horas","saturday":"Aberto 24 horas","sunday":"Aberto 24 horas","holiday":"Aberto 24 horas"},"paymentMethods":["Dinheiro","MbWay","Multibanco"],"otherServices":null,"observations":"Abastecimento automático."}},{"type":"Feature","geometry":{"type":"Point","coordinates":[-8.153507,37.128751]},"properties":{"id":"pt-93442","source":"PT","name":"BOLIQUEIME","brand":"BP","address":"EN 125 Km 87,800","municipality":"Loulé","district":"Faro","postalCode":"8100-000","fuels":{"gasoline95":1.969,"gasoline98Plus":2.199,"diesel":2.079,"dieselPremium":2.229},"lastUpdated":"2026-08-10 10:00","extra":{"stationType":"Outro"},"services":["Calibragem de pneus","Multibanco","Venda de carburante de qualidade superior","Venda de gás doméstico em garrafas","WC"],"hours":{"weekdays":"07:00-22:00","saturday":"07:00-22:00","sunday":"07:00-22:00","holiday":"07:00-22:00"},"paymentMethods":["Dinheiro","MbWay","Multibanco"],"otherServices":null,"observations":null}},{"type":"Feature","geometry":{"type":"Point","coordinates":[-8.155026,37.128482]},"properties":{"id":"pt-93444","source":"PT","name":"E.S. BOLIQUEIME N125","brand":"REPSOL","address":"ESTRADA NACIONAL 125, KM 79 - FONTE DE BOLIQUEIME","municipality":"Loulé","district":"Faro","postalCode":"8100-070","fuels":{"gasoline95":1.984,"gasoline95Plus":2.044,"diesel":2.094,"dieselPremium":2.164,"dieselAgri":1.684},"lastUpdated":"2026-08-13 00:00","extra":{"stationType":"Outro"},"services":["Cafetaria","Loja de Conveniência","Venda de gás doméstico em garrafas","WC","WC para deficientes"],"hours":{"weekdays":"07:00-23:00","saturday":"07:00-23:00","sunday":"07:00-23:00","holiday":"07:00-23:00"},"paymentMethods":["Dinheiro","Multibanco"],"otherServices":null,"observations":null}},{"type":"Feature","geometry":{"type":"Point","coordinates":[-7.877694,37.15241]},"properties":{"id":"pt-93446","source":"PT","name":"INTERMARCHÉ São Brás de Alportel","brand":"INTERMARCHÉ","address":"Campina, Estrada Nac. 270","municipality":"São Brás de Alportel","district":"Faro","postalCode":"8150-025","fuels":{"gasoline95":1.869,"gasoline98":1.989,"diesel":1.959,"dieselPremium":1.989},"lastUpdated":"2026-08-10 11:40","extra":{"stationType":"Outro"},"services":["WC"],"hours":{"weekdays":"Aberto 24 horas","saturday":"Aberto 24 horas","sunday":"Aberto 24 horas","holiday":"Aberto 24 horas"},"paymentMethods":["Dinheiro","Multibanco","Outros"],"otherServices":null,"observations":null}},{"type":"Feature","geometry":{"type":"Point","coordinates":[-7.791646,37.153225]},"properties":{"id":"pt-93453","source":"PT","name":"OZ ENERGIA -  SANTA CATARINA","brand":"OZ Energia","address":"EN 270 - Km 52,4","municipality":"Tavira","district":"Faro","postalCode":"8800-166","fuels":{"gasoline95":1.934,"gasoline95Plus":1.974,"diesel":2.004,"dieselPremium":2.159,"dieselAgri":1.624},"lastUpdated":"2026-08-09 23:50","extra":{"stationType":"Outro"},"services":["Calibragem de pneus"],"hours":{"weekdays":"Aberto 24 horas","saturday":"Aberto 24 horas","sunday":"Aberto 24 horas","holiday":"Aberto 24 horas"},"paymentMethods":["Dinheiro"],"otherServices":null,"observations":null}},{"type":"Feature","geometry":{"type":"Point","coordinates":[-8.55209,37.1513]},"properties":{"id":"pt-93497","source":"PT","name":"ARM Portimão","brand":"GALP","address":"R. DAS PAPOILAS- CAB. MOCHO","municipality":"Portimão","district":"Faro","postalCode":"8500-313","fuels":{"gasoline95":1.929,"gasoline95Plus":1.979,"diesel":2.032,"dieselPremium":2.082},"lastUpdated":"2026-08-12 10:30","extra":{"stationType":"Outro"},"services":["Multibanco","Venda de carburante de qualidade superior","Venda de gás doméstico em garrafas"],"hours":{"weekdays":"07:00-23:00","saturday":"07:00-23:00","sunday":"07:00-23:00","holiday":"07:00-23:00"},"paymentMethods":["Dinheiro"],"otherServices":null,"observations":"Ar e Água"}},{"type":"Feature","geometry":{"type":"Point","coordinates":[-7.920634,37.063602]},"properties":{"id":"pt-93535","source":"PT","name":"PRIO Faro - Conceição","brand":"PRIO","address":"Paço Branco - Conceição","municipality":"Faro","district":"Faro","postalCode":"8005-508","fuels":{"gasoline95":1.849,"dieselPremium":1.959,"dieselAgri":1.629,"bioDiesel":1.929},"lastUpdated":"2026-08-10 14:50","extra":{"stationType":"Outro"},"services":["Calibragem de pneus"],"hours":null,"paymentMethods":["Dinheiro"],"otherServices":null,"observations":null}},{"type":"Feature","geometry":{"type":"Point","coordinates":[-8.23372,37.1255]},"properties":{"id":"pt-93536","source":"PT","name":"BP Ferreiras","brand":"BP","address":"Avenida 12 de Julho, Vale Serves","municipality":"Albufeira","district":"Faro","postalCode":"8200-559","fuels":{"gasoline95":1.999,"gasoline98Plus":2.199,"diesel":2.114,"dieselPremium":2.234},"lastUpdated":"2026-08-13 00:00","extra":{"stationType":"Outro"},"services":["Calibragem de pneus"],"hours":{"weekdays":"07:00-22:00","saturday":"07:00-22:00","sunday":"07:00-22:00","holiday":"00:00-00:00"},"paymentMethods":["Dinheiro"],"otherServices":null,"observations":null}},{"type":"Feature","geometry":{"type":"Point","coordinates":[-8.359711,37.131233]},"properties":{"id":"pt-93574","source":"PT","name":"ALVES BANDEIRA Alcantarilha","brand":"ALVES BANDEIRA","address":"Quintas do Rogel, Sudoeste Retail Park","municipality":"Silves","district":"Faro","postalCode":"8365-307","fuels":{"gasoline95":1.869,"gasoline98":2.019,"diesel":1.962,"dieselPremium":1.982},"lastUpdated":"2026-08-10 11:15","extra":{"stationType":"Outro"},"services":["Calibragem de pneus"],"hours":null,"paymentMethods":["Dinheiro","MbWay","Multibanco","Outros"],"otherServices":null,"observations":null}},{"type":"Feature","geometry":{"type":"Point","coordinates":[-7.955207,37.254406]},"properties":{"id":"pt-93737","source":"PT","name":"Repsol- I.S.N., Lda- Cortelha (Salir)","brand":"REPSOL","address":"Cortelha-Salir","municipality":"Loulé","district":"Faro","postalCode":"8100-170","fuels":{"gasoline95":1.969,"diesel":2.084,"dieselPremium":2.119,"dieselAgri":1.684},"lastUpdated":"2026-08-10 12:35","extra":{"stationType":"Outro"},"services":["Calibragem de pneus"],"hours":null,"paymentMethods":["Dinheiro"],"otherServices":null,"observations":null}},{"type":"Feature","geometry":{"type":"Point","coordinates":[-7.644018,37.124504]},"properties":{"id":"pt-93825","source":"PT","name":"GALP Tavira - Cais do Gilão","brand":"GALP","address":"Cais do Gilão - Porto de Tavira","municipality":"Tavira","district":"Faro","postalCode":"8800-354","fuels":{"gasoline95":1.94,"gasoline95Plus":1.99,"diesel":2.036},"lastUpdated":"2026-08-11 10:50","extra":{"stationType":"Outro"},"services":["Cafetaria"],"hours":{"weekdays":"09:00-19:00","saturday":"09:00-19:00","sunday":"09:00-19:00","holiday":"00:00-00:00"},"paymentMethods":["Dinheiro"],"otherServices":null,"observations":null}},{"type":"Feature","geometry":{"type":"Point","coordinates":[-8.453011,37.13285]},"properties":{"id":"pt-94190","source":"PT","name":"Galp-Lagoa","brand":"GALP","address":"E.N. 125 - Largo Marques de Pombal","municipality":"Lagoa","district":"Faro","postalCode":"8400-391","fuels":{"gasoline95":1.923,"gasoline95Plus":1.973,"diesel":2.027,"dieselPremium":2.077},"lastUpdated":"2026-08-10 15:45","extra":{"stationType":"Outro"},"services":["Calibragem de pneus"],"hours":{"weekdays":"06:00-22:00","saturday":"06:00-22:00","sunday":"06:00-22:00","holiday":"06:00-22:00"},"paymentMethods":["Dinheiro"],"otherServices":null,"observations":null}},{"type":"Feature","geometry":{"type":"Point","coordinates":[-8.193544,37.10381]},"properties":{"id":"pt-94324","source":"PT","name":"Galp - SERAFIM ROSA & FOS.LDA.- Vale da Azinheira","brand":"GALP","address":"P.Galp - E.Mun.256 - Vale da Azinheira","municipality":"Albufeira","district":"Faro","postalCode":"8200-592","fuels":{"gasoline95":1.984,"gasoline95Plus":2.034,"diesel":2.092,"dieselPremium":2.142,"dieselAgri":1.624},"lastUpdated":"2026-08-10 15:40","extra":{"stationType":"Outro"},"services":["Cafetaria","Lavagem","Loja de Conveniência","Multibanco","Venda de gás doméstico em garrafas","WC","WC com fraldário","WC para deficientes"],"hours":null,"paymentMethods":["Dinheiro","MbWay","Multibanco","Outros"],"otherServices":null,"observations":null}},{"type":"Feature","geometry":{"type":"Point","coordinates":[-8.227034,37.118633]},"properties":{"id":"pt-94400","source":"PT","name":"GALP Fontainhas (Estrada Montechoro)","brand":"GALP","address":"Estr. Montechoro - Torre da Mosqueira","municipality":"Albufeira","district":"Faro","postalCode":"8200-387","fuels":{"gasoline95":1.984,"gasoline95Plus":2.034,"diesel":2.092,"dieselPremium":2.142},"lastUpdated":"2026-08-10 15:40","extra":{"stationType":"Outro"},"services":["Calibragem de pneus"],"hours":null,"paymentMethods":["Dinheiro"],"otherServices":null,"observations":null}},{"type":"Feature","geometry":{"type":"Point","coordinates":[-8.232072,37.123388]},"properties":{"id":"pt-94474","source":"PT","name":"MOEVE Ferreiras - Norte (FAR/LGS)","brand":"MOEVE","address":"EN 125 Km3,2 Cortesões","municipality":"Albufeira","district":"Faro","postalCode":"8200-557","fuels":{"gasoline95":1.913,"gasoline98Plus":2.125,"diesel":2.019,"dieselPremium":2.069},"lastUpdated":"2026-08-10 00:35","extra":{"stationType":"Outro"},"services":["Calibragem de pneus","Loja de Conveniência","WC"],"hours":{"weekdays":"07:00-23:00","saturday":"07:00-23:00","sunday":"07:00-23:00","holiday":"07:00-23:00"},"paymentMethods":["Dinheiro","Multibanco"],"otherServices":null,"observations":null}},{"type":"Feature","geometry":{"type":"Point","coordinates":[-8.231653,37.122841]},"properties":{"id":"pt-94475","source":"PT","name":"MOEVE Ferreiras - Sul(LGS/FAR)","brand":"MOEVE","address":"EN 125 Km3,2 Cortesões","municipality":"Albufeira","district":"Faro","postalCode":"8200-557","fuels":{"gasoline95":1.913,"gasoline98Plus":2.125,"diesel":2.019,"dieselPremium":2.069},"lastUpdated":"2026-08-10 00:35","extra":{"stationType":"Outro"},"services":["Calibragem de pneus","Loja de Conveniência","Venda de gás doméstico em garrafas","WC"],"hours":{"weekdays":"07:00-23:00","saturday":"07:00-23:00","sunday":"07:00-23:00","holiday":"07:00-23:00"},"paymentMethods":["Dinheiro","Multibanco"],"otherServices":null,"observations":null}},{"type":"Feature","geometry":{"type":"Point","coordinates":[-8.662686,37.111027]},"properties":{"id":"pt-94513","source":"PT","name":" SHELL Meia Praia","brand":"SHELL","address":"Estr. da Meia Praia - Lote 54","municipality":"Lagos","district":"Faro","postalCode":"8600-315","fuels":{"gasoline95":1.934,"gasoline98Plus":2.084,"diesel":2.039,"dieselPremium":2.119},"lastUpdated":"2026-08-13 01:15","extra":{"stationType":"Outro"},"services":["Cafetaria","Calibragem de pneus","Loja de Conveniência","WC"],"hours":{"weekdays":"07:00-23:00","saturday":"07:00-23:00","sunday":"07:00-23:00","holiday":"07:00-23:00"},"paymentMethods":["Dinheiro","MbWay","Multibanco","Outros"],"otherServices":null,"observations":null}},{"type":"Feature","geometry":{"type":"Point","coordinates":[-8.443821,37.185993]},"properties":{"id":"pt-94649","source":"PT","name":"GALP Silves","brand":"GALP","address":"EN124 ao km.17,900","municipality":"Silves","district":"Faro","postalCode":"8300-111","fuels":{"gasoline95":1.964,"gasoline95Plus":2.014,"diesel":2.067,"dieselPremium":2.117},"lastUpdated":"2026-08-10 10:40","extra":{"stationType":"Outro"},"services":["Cafetaria","Loja de Conveniência","WC"],"hours":null,"paymentMethods":["Dinheiro"],"otherServices":null,"observations":null}},{"type":"Feature","geometry":{"type":"Point","coordinates":[-8.270351,37.08675]},"properties":{"id":"pt-94668","source":"PT","name":"SHELL Albufeira  Marina","brand":"SHELL","address":"Avenida D. Manuel 1, Quinta da Orada, Lote 57 ","municipality":"Albufeira","district":"Faro","postalCode":"8200-372","fuels":{"gasoline95":1.994,"gasoline98Plus":2.174,"diesel":2.094,"dieselPremium":2.174,"bioDiesel":2.104},"lastUpdated":"2026-08-10 15:35","extra":{"stationType":"Outro"},"services":["Cafetaria","Descanso de pesados","Loja de Conveniência","Venda de gás doméstico em garrafas","WC","WC com fraldário","WC para deficientes"],"hours":null,"paymentMethods":["Dinheiro","MbWay","Multibanco","Outros"],"otherServices":null,"observations":null}},{"type":"Feature","geometry":{"type":"Point","coordinates":[-7.744237,37.05516]},"properties":{"id":"pt-94686","source":"PT","name":"PAP GALP Fuseta (+PA)","brand":"GALP","address":"Av. Marginal - Largo 1º de Maio","municipality":"Olhão","district":"Faro","postalCode":"8700-037","fuels":{"gasoline95":1.97,"diesel":2.066,"dieselAgri":1.344},"lastUpdated":"2026-08-10 10:00","extra":{"stationType":"Outro"},"services":["Calibragem de pneus"],"hours":{"weekdays":"09:00-17:00","saturday":"09:00-13:00","sunday":"Fechado","holiday":"Fechado"},"paymentMethods":["Multibanco"],"otherServices":null,"observations":null}},{"type":"Feature","geometry":{"type":"Point","coordinates":[-8.545472,37.13374]},"properties":{"id":"pt-94768","source":"PT","name":"BP Portimão Malata","brand":"BP","address":"Quinta da Malata-V6","municipality":"Portimão","district":"Faro","postalCode":"8500-510","fuels":{"gasoline95":1.969,"gasoline98Plus":2.199,"diesel":2.084,"dieselPremium":2.234},"lastUpdated":"2026-08-11 10:05","extra":{"stationType":"Outro"},"services":["Cafetaria","Loja de Conveniência","Venda de gás doméstico em garrafas","WC"],"hours":{"weekdays":"Aberto 24 horas","saturday":"Aberto 24 horas","sunday":"Aberto 24 horas","holiday":"Aberto 24 horas"},"paymentMethods":["Dinheiro","MbWay","Multibanco"],"otherServices":null,"observations":null}},{"type":"Feature","geometry":{"type":"Point","coordinates":[-8.69289,37.10181]},"properties":{"id":"pt-94917","source":"PT","name":"Cepsa Lagos saida para Sagres","brand":"CEPSA","address":"Urbanização Pedra Alçada, Lote 17","municipality":"Lagos","district":"Faro","postalCode":"8600-546","fuels":{"gasoline95":1.913,"gasoline98Plus":2.125,"diesel":2.019,"dieselPremium":2.069},"lastUpdated":"2026-08-10 16:40","extra":{"stationType":"Outro"},"services":["Cafetaria","Lavagem","Loja de Conveniência","Multibanco","WC"],"hours":null,"paymentMethods":["Dinheiro","Multibanco"],"otherServices":"App Gow - ","observations":null}},{"type":"Feature","geometry":{"type":"Point","coordinates":[-8.300345,37.16984]},"properties":{"id":"pt-95253","source":"PT","name":"Intermarché de Algoz","brand":"INTERMARCHÉ","address":"Rua do Alto do Palmeiral, Edificio Intermarché","municipality":"Silves","district":"Faro","postalCode":"8365-064","fuels":{"gasoline95":1.809,"gasoline95Plus":1.829,"gasoline98":1.849,"diesel":1.909,"dieselPremium":1.929},"lastUpdated":"2026-08-10 18:50","extra":{"stationType":"Área comercial (Hipermercados)"},"services":["Calibragem de pneus"],"hours":null,"paymentMethods":["Dinheiro","Multibanco"],"otherServices":null,"observations":null}}]}