{"type":"FeatureCollection","features":[{"type":"Feature","geometry":{"type":"Point","coordinates":[-7.928194,40.910305]},"properties":{"id":"pt-65224","source":"PT","name":"GALP Castro Daire - LDL Combustíveis, Lda","brand":"GALP","address":"Avenida Maria Alcina Fadista, 1156","municipality":"Castro Daire","district":"Viseu","postalCode":"3600-199","fuels":{"gasoline95":2.024,"gasoline95Plus":2.084,"gasoline98Plus":2.237,"diesel":2.127,"dieselPremium":2.177,"dieselHeating":2.157,"dieselAgri":1.749,"lpg":0.984},"lastUpdated":"2026-08-29 00:10","extra":{"stationType":"Outro"},"services":["Cafetaria","Lavagem","Venda de gás doméstico em garrafas","Venda de gasóleo para aquecimento"],"hours":{"weekdays":"07:00-23:00","saturday":"07:00-23:00","sunday":"07:00-23:00","holiday":"07:00-23:00"},"paymentMethods":["Dinheiro","MbWay","Multibanco"],"otherServices":null,"observations":null}},{"type":"Feature","geometry":{"type":"Point","coordinates":[-7.92632,40.87908]},"properties":{"id":"pt-65225","source":"PT","name":"António Luis Almeida Lda.","brand":"GALP","address":"EN 2 - Km 141,2","municipality":"Castro Daire","district":"Viseu","postalCode":"3600-623","fuels":{"gasoline95":2.064,"gasoline95Plus":2.114,"diesel":2.167,"dieselPremium":2.217,"dieselAgri":1.749},"lastUpdated":"2026-08-24 08:50","extra":{"stationType":"Outro"},"services":[],"hours":{"weekdays":"05:00-00:00","saturday":"05:00-00:00","sunday":"05:00-00:00","holiday":"05:00-00:00"},"paymentMethods":["Dinheiro"],"otherServices":null,"observations":null}},{"type":"Feature","geometry":{"type":"Point","coordinates":[-8.09386,41.07314]},"properties":{"id":"pt-65239","source":"PT","name":"A. Esteves, Lda.","brand":"GALP","address":"EN 321- Km 24,792","municipality":"Cinfães","district":"Viseu","postalCode":"4690-000","fuels":{"gasoline95":2.064,"gasoline95Plus":2.114,"diesel":2.167,"dieselPremium":2.217},"lastUpdated":"2026-08-28 08:45","extra":{"stationType":"Outro"},"services":[],"hours":{"weekdays":"07:00-22:00","saturday":"07:00-22:00","sunday":"07:00-22:00","holiday":"07:00-22:00"},"paymentMethods":["Dinheiro"],"otherServices":null,"observations":null}},{"type":"Feature","geometry":{"type":"Point","coordinates":[-7.80726,41.09896]},"properties":{"id":"pt-65339","source":"PT","name":"Lubridouro - Lub. Douro Lda.","brand":"GALP","address":"EN 2 (Rua Infantaria nº9)","municipality":"Lamego","district":"Viseu","postalCode":"5100-000","fuels":{"gasoline95":2.084,"gasoline95Plus":2.134,"diesel":2.189,"dieselPremium":2.239,"dieselAgri":1.749},"lastUpdated":"2026-08-25 09:30","extra":{"stationType":"Outro"},"services":[],"hours":{"weekdays":"Aberto 24 horas","saturday":"Aberto 24 horas","sunday":"Aberto 24 horas","holiday":"Aberto 24 horas"},"paymentMethods":["Dinheiro"],"otherServices":null,"observations":null}},{"type":"Feature","geometry":{"type":"Point","coordinates":[-7.80468,41.09254]},"properties":{"id":"pt-65340","source":"PT","name":"Fernandes & Rebelo, Lda","brand":"GALP","address":"Desterro, Estrada Nova, Sé","municipality":"Lamego","district":"Viseu","postalCode":"5100-000","fuels":{"gasoline95":2.084,"gasoline95Plus":2.134,"diesel":2.189,"dieselPremium":2.239},"lastUpdated":"2026-08-25 09:30","extra":{"stationType":"Outro"},"services":[],"hours":{"weekdays":"06:00-23:00","saturday":"06:00-23:00","sunday":"06:00-23:00","holiday":"06:00-23:00"},"paymentMethods":["Dinheiro"],"otherServices":null,"observations":null}},{"type":"Feature","geometry":{"type":"Point","coordinates":[-8.17579,40.728591]},"properties":{"id":"pt-65501","source":"PT","name":"GALP - Oliveira de  Frades","brand":"GALP","address":"Av.Dr Armenio Maia","municipality":"Oliveira de Frades","district":"Viseu","postalCode":"3680-115","fuels":{"gasoline95":2.034,"gasoline95Plus":2.084,"gasoline98Plus":2.244,"diesel":2.137,"dieselPremium":2.187,"dieselAgri":1.749},"lastUpdated":"2026-08-25 09:30","extra":{"stationType":"Outro"},"services":["Calibragem de pneus","Lavagem","Loja de Conveniência","Venda de carburante de qualidade superior","Venda de gás doméstico em garrafas","Venda de gasóleo agrícola","Venda de gasóleo para aquecimento","WC"],"hours":{"weekdays":"07:00-22:00","saturday":"07:00-22:00","sunday":"07:00-22:00","holiday":"07:00-22:00"},"paymentMethods":["Dinheiro"],"otherServices":null,"observations":null}},{"type":"Feature","geometry":{"type":"Point","coordinates":[-8.17657,40.73261]},"properties":{"id":"pt-65503","source":"PT","name":"RODRIGUES E VASCONCELOS LDA","brand":"GASPE","address":"EN 16 (Rua António José Almeida)","municipality":"Oliveira de Frades","district":"Viseu","postalCode":"3680-000","fuels":{"gasoline95":2.075,"gasolineMix":2.5,"diesel":2.171,"dieselPremium":2.191,"dieselAgri":1.75},"lastUpdated":"2026-08-24 17:15","extra":{"stationType":"Outro"},"services":["Multibanco","Venda de gasóleo agrícola","WC"],"hours":{"weekdays":"08:00-22:00","saturday":"08:00-22:00","sunday":"08:00-22:00","holiday":"08:00-22:00"},"paymentMethods":["Dinheiro"],"otherServices":null,"observations":null}},{"type":"Feature","geometry":{"type":"Point","coordinates":[-7.70897,40.66995]},"properties":{"id":"pt-65536","source":"PT","name":"COMBSANTOS PENALVA DO CASTELO","brand":"PRIO","address":"EN 329-1 (Frente à Adega Cooperativa)","municipality":"Penalva do Castelo","district":"Viseu","postalCode":"3550-166","fuels":{"gasoline95":2.039,"gasoline98":2.214,"dieselPremium":2.119,"dieselAgri":1.694,"bioDiesel":2.139},"lastUpdated":"2026-08-25 09:30","extra":{"stationType":"Outro"},"services":[],"hours":{"weekdays":"06:30-23:00","saturday":"06:30-23:00","sunday":"06:30-23:00","holiday":"06:30-23:00"},"paymentMethods":["Dinheiro"],"otherServices":null,"observations":"Venda de G"}},{"type":"Feature","geometry":{"type":"Point","coordinates":[-7.39852,40.990119]},"properties":{"id":"pt-65537","source":"PT","name":"Luis Duarte Martins, Lda.","brand":"GALP","address":"Curva da Costinha","municipality":"Penedono","district":"Viseu","postalCode":"3630-000","fuels":{"gasoline95":2.064,"gasoline95Plus":2.124,"diesel":2.167,"dieselPremium":2.227,"dieselAgri":1.749},"lastUpdated":"2026-08-25 09:30","extra":{"stationType":"Outro"},"services":[],"hours":{"weekdays":"07:00-22:00","saturday":"07:00-22:00","sunday":"07:00-22:00","holiday":"07:00-22:00"},"paymentMethods":["Dinheiro"],"otherServices":null,"observations":null}},{"type":"Feature","geometry":{"type":"Point","coordinates":[-7.95642,41.10586]},"properties":{"id":"pt-65584","source":"PT","name":"Guilherme Dias & Filho, Lda.","brand":"GALP","address":"EN 222 Km 104,05","municipality":"Resende","district":"Viseu","postalCode":"4660-226","fuels":{"gasoline95":2.074,"gasoline95Plus":2.134,"gasoline98Plus":2.284,"diesel":2.177,"dieselPremium":2.237,"dieselAgri":1.749},"lastUpdated":"2026-08-25 09:30","extra":{"stationType":"Outro"},"services":[],"hours":{"weekdays":"06:00-22:00","saturday":"06:00-22:00","sunday":"06:00-22:00","holiday":"06:00-22:00"},"paymentMethods":["Dinheiro"],"otherServices":null,"observations":null}},{"type":"Feature","geometry":{"type":"Point","coordinates":[-8.06522,40.75877]},"properties":{"id":"pt-65613","source":"PT","name":"SILVA E CARVALHAS LDA(1)","brand":"GALP","address":"Rua Dr. José Correia de Oliveira nº 85","municipality":"São Pedro do Sul","district":"Viseu","postalCode":"3660-000","fuels":{"gasoline95":2.034,"gasoline95Plus":2.084,"diesel":2.137,"dieselPremium":2.187},"lastUpdated":"2026-08-25 09:30","extra":{"stationType":"Outro"},"services":[],"hours":{"weekdays":"Aberto 24 horas","saturday":"Aberto 24 horas","sunday":"Aberto 24 horas","holiday":"Aberto 24 horas"},"paymentMethods":["Dinheiro"],"otherServices":null,"observations":null}},{"type":"Feature","geometry":{"type":"Point","coordinates":[-8.06529,40.75895]},"properties":{"id":"pt-65614","source":"PT","name":"SILVA E CARVALHAS LDA(2)","brand":"GALP","address":"Rua Dr. José Correia de Oliveira","municipality":"São Pedro do Sul","district":"Viseu","postalCode":"3660-000","fuels":{"gasoline95":2.034,"diesel":2.137,"dieselPremium":2.187,"dieselAgri":1.749},"lastUpdated":"2026-08-25 09:30","extra":{"stationType":"Outro"},"services":[],"hours":{"weekdays":"06:00-00:00","saturday":"06:00-00:00","sunday":"06:00-00:00","holiday":"06:00-00:00"},"paymentMethods":["Dinheiro"],"otherServices":null,"observations":null}},{"type":"Feature","geometry":{"type":"Point","coordinates":[-8.064687,40.759144]},"properties":{"id":"pt-65615","source":"PT","name":"BP São Pedro do Sul","brand":"BP","address":"Rua Dr. José Correia de Oliveira nº 85","municipality":"São Pedro do Sul","district":"Viseu","postalCode":"3660-462","fuels":{"gasoline95":2.109,"gasoline98Plus":2.329,"diesel":2.129,"dieselPremium":2.289,"dieselAgri":1.699},"lastUpdated":"2026-08-31 11:35","extra":{"stationType":"Outro"},"services":["WC"],"hours":null,"paymentMethods":["Dinheiro","MbWay","Multibanco"],"otherServices":null,"observations":null}},{"type":"Feature","geometry":{"type":"Point","coordinates":[-7.72737,40.75569]},"properties":{"id":"pt-65617","source":"PT","name":"Ultra Resistente - Combustiveis, Ldª","brand":"GALP","address":"EN 229 Km 69.800","municipality":"Sátão","district":"Viseu","postalCode":"3560-085","fuels":{"gasoline95":2.075,"gasoline95Plus":2.095,"diesel":2.171,"dieselPremium":2.191,"dieselAgri":1.75,"lpg":0.959},"lastUpdated":"2026-08-25 15:55","extra":{"stationType":"Outro"},"services":[],"hours":{"weekdays":"Aberto 24 horas","saturday":"Aberto 24 horas","sunday":"Aberto 24 horas","holiday":"Aberto 24 horas"},"paymentMethods":["Dinheiro"],"otherServices":null,"observations":null}},{"type":"Feature","geometry":{"type":"Point","coordinates":[-7.922799,40.659527]},"properties":{"id":"pt-65773","source":"PT","name":"Petrocentro - Comb. Deriv. Petróleo, Lda","brand":"GALP","address":"Av. Almirante Afonso Cerqueira (Prac.Carlos Lopes)","municipality":"Viseu","district":"Viseu","postalCode":"3500-000","fuels":{"gasoline95":2.069,"gasoline95Plus":2.124,"gasoline98Plus":2.299,"diesel":2.082,"dieselPremium":2.137},"lastUpdated":"2026-08-31 00:05","extra":{"stationType":"Outro"},"services":[],"hours":{"weekdays":"05:00-02:00","saturday":"05:00-02:00","sunday":"05:00-02:00","holiday":"05:00-02:00"},"paymentMethods":["Dinheiro"],"otherServices":null,"observations":null}},{"type":"Feature","geometry":{"type":"Point","coordinates":[-7.86342,40.64252]},"properties":{"id":"pt-65775","source":"PT","name":"SDL - Soc. Dist. Lubs, Lda","brand":"GALP","address":"Recta do Caçador","municipality":"Viseu","district":"Viseu","postalCode":"3500-000","fuels":{"gasoline95":2.029,"gasoline95Plus":2.084,"diesel":2.132,"dieselPremium":2.187,"dieselAgri":1.749},"lastUpdated":"2026-08-25 09:30","extra":{"stationType":"Outro"},"services":[],"hours":{"weekdays":"07:00-23:00","saturday":"07:00-23:00","sunday":"07:00-23:00","holiday":"07:00-23:00"},"paymentMethods":["Dinheiro"],"otherServices":null,"observations":null}},{"type":"Feature","geometry":{"type":"Point","coordinates":[-7.905845,40.66333]},"properties":{"id":"pt-65778","source":"PT","name":"GALP Viseu (Largo da Feira)","brand":"GALP","address":"Rua de Arrabalde (Estrada da Circunvalação - EN2)","municipality":"Viseu","district":"Viseu","postalCode":"3500-084","fuels":{"gasoline95":2.029,"gasoline95Plus":2.084,"gasoline98Plus":2.239,"diesel":2.132,"dieselPremium":2.187},"lastUpdated":"2026-08-31 03:55","extra":{"stationType":"Outro"},"services":["Cafetaria","Loja de Conveniência","Venda de gás doméstico em garrafas","WC","WC com fraldário","WC para deficientes"],"hours":{"weekdays":"Aberto 24 horas","saturday":"Aberto 24 horas","sunday":"Aberto 24 horas","holiday":"Aberto 24 horas"},"paymentMethods":["Dinheiro","MbWay","Multibanco","Outros"],"otherServices":null,"observations":null}},{"type":"Feature","geometry":{"type":"Point","coordinates":[-8.230022,40.686817]},"properties":{"id":"pt-65781","source":"PT","name":"GALP A.S. A25 Vouzela (Viseu/Aveiro)","brand":"GALP","address":"A25 km 53,600","municipality":"Vouzela","district":"Viseu","postalCode":"3670-056","fuels":{"gasoline95":2.064,"gasoline95Plus":2.124,"gasoline98Plus":2.274,"diesel":2.169,"dieselPremium":2.229,"lpg":0.999},"lastUpdated":"2026-08-31 04:05","extra":{"stationType":"Auto-estrada"},"services":["Descanso de pesados","Loja de Conveniência","Restaurante","WC","WC com fraldário","WC para deficientes"],"hours":{"weekdays":"Aberto 24 horas","saturday":"Aberto 24 horas","sunday":"Aberto 24 horas","holiday":"Aberto 24 horas"},"paymentMethods":["Dinheiro","MbWay","Multibanco","Outros"],"otherServices":null,"observations":null}},{"type":"Feature","geometry":{"type":"Point","coordinates":[-8.232481,40.686275]},"properties":{"id":"pt-65782","source":"PT","name":"GALP A25 Vouzela (Aveiro/Viseu)","brand":"GALP","address":"A.E. A25 - IP5, Km 7,90 e 8,30 do Sub -Lanço Talhadas/Vouzela - Lanço Nódo IC2","municipality":"Vouzela","district":"Viseu","postalCode":"3670-056","fuels":{"gasoline95":2.064,"gasoline95Plus":2.124,"gasoline98Plus":2.274,"diesel":2.169,"dieselPremium":2.229,"lpg":0.999},"lastUpdated":"2026-08-31 04:05","extra":{"stationType":"Auto-estrada"},"services":["Cafetaria","Descanso de pesados","Loja de Conveniência","Restaurante","WC","WC com fraldário","WC para deficientes"],"hours":{"weekdays":"Aberto 24 horas","saturday":"Aberto 24 horas","sunday":"Aberto 24 horas","holiday":"Aberto 24 horas"},"paymentMethods":["Dinheiro","MbWay","Multibanco","Outros"],"otherServices":null,"observations":null}},{"type":"Feature","geometry":{"type":"Point","coordinates":[-8.231257,40.403808]},"properties":{"id":"pt-65982","source":"PT","name":"BP MORTÁGUA","brand":"BP","address":"EN 234 Km 52","municipality":"Mortágua","district":"Viseu","postalCode":"3450-153","fuels":{"gasoline95":2.109,"gasoline98Plus":2.329,"diesel":2.129,"dieselPremium":2.279,"dieselAgri":1.669},"lastUpdated":"2026-08-31 10:20","extra":{"stationType":"Outro"},"services":["Cafetaria","Lavagem","Loja de Conveniência","Venda de carburante de qualidade superior","Venda de gás doméstico em garrafas","Venda de gasóleo agrícola","WC","WC para deficientes"],"hours":{"weekdays":"07:00-22:00","saturday":"07:00-22:00","sunday":"07:00-22:00","holiday":"07:00-22:00"},"paymentMethods":["Dinheiro","MbWay","Multibanco"],"otherServices":null,"observations":null}},{"type":"Feature","geometry":{"type":"Point","coordinates":[-7.902734,40.655517]},"properties":{"id":"pt-66080","source":"PT","name":"BP VIA SACRA","brand":"BP","address":"Rua Cónego Barreiros nº 270","municipality":"Viseu","district":"Viseu","postalCode":"3500-093","fuels":{"gasoline95":2.089,"gasoline98Plus":2.329,"diesel":2.109,"dieselPremium":2.279},"lastUpdated":"2026-08-30 16:55","extra":{"stationType":"Outro"},"services":["Cafetaria","Lavagem","Loja de Conveniência","Multibanco","Venda de gás doméstico em garrafas","WC"],"hours":{"weekdays":"Aberto 24 horas","saturday":"Aberto 24 horas","sunday":"Aberto 24 horas","holiday":"Aberto 24 horas"},"paymentMethods":["Dinheiro","MbWay","Multibanco"],"otherServices":null,"observations":null}},{"type":"Feature","geometry":{"type":"Point","coordinates":[-8.01439,40.42621]},"properties":{"id":"pt-66135","source":"PT","name":"E.S. CARREGAL DO SAL","brand":"REPSOL","address":"Av. Nª Srª das Febres - EN 234","municipality":"Carregal do Sal","district":"Viseu","postalCode":"3430-039","fuels":{"gasoline95":2.064,"gasoline95Plus":2.124,"diesel":2.084,"dieselPremium":2.144,"dieselAgri":1.689},"lastUpdated":"2026-08-31 10:55","extra":{"stationType":"Outro"},"services":["Venda de carburante de qualidade superior","Venda de gasóleo agrícola"],"hours":{"weekdays":"07:00-21:00","saturday":"07:00-21:00","sunday":"07:00-21:00","holiday":"07:00-21:00"},"paymentMethods":["Dinheiro"],"otherServices":null,"observations":null}},{"type":"Feature","geometry":{"type":"Point","coordinates":[-8.102443,41.079297]},"properties":{"id":"pt-66143","source":"PT","name":"FUEL2TEMP,LDA","brand":"CEPSA","address":"EN 222","municipality":"Cinfães","district":"Viseu","postalCode":"4690-058","fuels":{"gasoline95":2.098,"gasoline98Plus":2.31,"diesel":2.124,"dieselPremium":2.174},"lastUpdated":"2026-08-31 09:05","extra":{"stationType":"Outro"},"services":["Venda de gás doméstico em garrafas","WC","WC para deficientes"],"hours":{"weekdays":"06:30-23:00","saturday":"06:30-23:00","sunday":"06:30-23:00","holiday":"06:30-23:00"},"paymentMethods":["Dinheiro","MbWay","Multibanco","Outros"],"otherServices":null,"observations":null}},{"type":"Feature","geometry":{"type":"Point","coordinates":[-8.080571,40.507565]},"properties":{"id":"pt-66239","source":"PT","name":"Posto Abastecedor Cepsa - Tondela","brand":"CEPSA","address":"Av. Dr. Francisco Sá Carneiro, 600","municipality":"Tondela","district":"Viseu","postalCode":"3460-523","fuels":{"gasoline95":2.088,"gasoline98Plus":2.3,"gasolineMix":2.6,"diesel":2.114,"dieselPremium":2.164,"dieselAgri":1.659},"lastUpdated":"2026-08-31 06:45","extra":{"stationType":"Outro"},"services":["Multibanco","Venda de carburante de qualidade superior","Venda de gás doméstico em garrafas","Venda de gasóleo agrícola","WC"],"hours":{"weekdays":"07:00-23:00","saturday":"07:00-23:00","sunday":"07:00-23:00","holiday":"07:00-23:00"},"paymentMethods":["Dinheiro","Multibanco"],"otherServices":null,"observations":null}},{"type":"Feature","geometry":{"type":"Point","coordinates":[-7.89497,40.49813]},"properties":{"id":"pt-66292","source":"PT","name":"CEPSA Canas de Senhorim","brand":"CEPSA","address":"Av. das Pedras Altas","municipality":"Nelas","district":"Viseu","postalCode":"3525-040","fuels":{"gasoline95":2.018,"gasoline95Plus":2.068,"diesel":2.044,"dieselPremium":2.094,"dieselAgri":1.589},"lastUpdated":"2026-08-31 00:00","extra":{"stationType":"Outro"},"services":["Cafetaria","Calibragem de pneus","Loja de Conveniência","Venda de carburante de qualidade superior","Venda de gás doméstico em garrafas","Venda de gasóleo agrícola","WC","WC para deficientes"],"hours":{"weekdays":"06:00-22:00","saturday":"06:00-22:00","sunday":"07:00-21:00","holiday":"07:00-21:00"},"paymentMethods":["Dinheiro","MbWay","Multibanco"],"otherServices":null,"observations":null}},{"type":"Feature","geometry":{"type":"Point","coordinates":[-7.968369,40.44715]},"properties":{"id":"pt-66293","source":"PT","name":"P46 - PRIO Carregal do Sal - Oliveirinha","brand":"PRIO","address":"ESTRADA NACIONAL 234, KM 77,900, OLIVEIRINHA","municipality":"Carregal do Sal","district":"Viseu","postalCode":"3430-341","fuels":{"gasoline95":2.054,"gasoline95Plus":1.969,"dieselPremium":1.989,"dieselAgri":1.609,"bioDiesel":1.959},"lastUpdated":"2026-08-31 00:50","extra":{"stationType":"Outro"},"services":["Calibragem de pneus"],"hours":{"weekdays":"07:00-22:00","saturday":"07:00-22:00","sunday":"07:00-22:00","holiday":"07:00-22:00"},"paymentMethods":["Dinheiro","MbWay","Multibanco","Outros"],"otherServices":null,"observations":null}},{"type":"Feature","geometry":{"type":"Point","coordinates":[-8.130463,40.402206]},"properties":{"id":"pt-66367","source":"PT","name":"MOEVE - SANTA COMBA DÃO","brand":"MOEVE","address":"Av Santo Estêvão","municipality":"Santa Comba Dão","district":"Viseu","postalCode":"3440-323","fuels":{"gasoline95":1.988,"gasoline98Plus":2.2,"diesel":2.014,"dieselPremium":2.064,"dieselAgri":1.559},"lastUpdated":"2026-08-31 00:00","extra":{"stationType":"Outro"},"services":["Calibragem de pneus"],"hours":null,"paymentMethods":["Dinheiro"],"otherServices":null,"observations":null}},{"type":"Feature","geometry":{"type":"Point","coordinates":[-7.726742,40.736244]},"properties":{"id":"pt-66393","source":"PT","name":"BP Sátão","brand":"BP","address":"Avenida Conde Dom Henrique, nº 1034","municipality":"Sátão","district":"Viseu","postalCode":"3560-183","fuels":{"gasoline95":2.099,"gasoline98Plus":2.329,"gasolineMix":2.8,"diesel":2.119,"dieselPremium":2.279,"dieselAgri":1.699},"lastUpdated":"2026-08-31 00:05","extra":{"stationType":"Outro"},"services":["Cafetaria","Loja de Conveniência","Venda de gás doméstico em garrafas","Venda de gasóleo agrícola","WC"],"hours":{"weekdays":"07:00-23:00","saturday":"07:00-23:00","sunday":"07:00-23:00","holiday":"07:00-23:00"},"paymentMethods":["Dinheiro","MbWay","Multibanco"],"otherServices":null,"observations":null}},{"type":"Feature","geometry":{"type":"Point","coordinates":[-7.91913,40.66386]},"properties":{"id":"pt-66824","source":"PT","name":"E.S. VISEU-AV CAP H RIBEIRO","brand":"REPSOL","address":"Av. Capitão Homem Ribeiro","municipality":"Viseu","district":"Viseu","postalCode":"3500-000","fuels":{"gasoline95":2.054,"gasoline95Plus":2.104,"gasoline98Plus":2.234,"diesel":2.074,"dieselPremium":2.134,"lpg":0.964},"lastUpdated":"2026-08-31 10:55","extra":{"stationType":"Outro"},"services":["Lavagem","Venda de carburante de qualidade superior","Venda de gás doméstico em garrafas","WC"],"hours":{"weekdays":"07:00-21:00","saturday":"07:00-21:00","sunday":"07:00-21:00","holiday":"07:00-21:00"},"paymentMethods":["Dinheiro"],"otherServices":null,"observations":null}},{"type":"Feature","geometry":{"type":"Point","coordinates":[-7.931222,40.62436]},"properties":{"id":"pt-66825","source":"PT","name":"AS A 25 VISEU NORTE - Gespost - Gestão e Administração de Postos de Abastecimento Unipessoal LDA","brand":"REPSOL","address":"A 25 Sub lanço Nó de Fail/Nelas, entre KM 2,300 e  o Km 2,700 ","municipality":"Viseu","district":"Viseu","postalCode":"3510-899","fuels":{"gasoline95":2.094,"gasoline98Plus":2.294,"diesel":2.114,"dieselPremium":2.199},"lastUpdated":"2026-08-31 08:20","extra":{"stationType":"Auto-estrada"},"services":["Calibragem de pneus"],"hours":null,"paymentMethods":["Dinheiro"],"otherServices":null,"observations":null}},{"type":"Feature","geometry":{"type":"Point","coordinates":[-7.933134,40.623898]},"properties":{"id":"pt-66826","source":"PT","name":"AS A 25 VISEU SUL - Gespost - Gestão e Administração de Postos de Abastecimento Unipessoal LDA","brand":"REPSOL","address":"A 25 Sub lanço Nó de Fail/Nelas, entre KM 2,300 e  o Km 2,700 ","municipality":"Viseu","district":"Viseu","postalCode":"3510-899","fuels":{"gasoline95":2.094,"gasoline98Plus":2.294,"diesel":2.114,"dieselPremium":2.199},"lastUpdated":"2026-08-31 08:25","extra":{"stationType":"Auto-estrada"},"services":["Calibragem de pneus"],"hours":null,"paymentMethods":["Dinheiro"],"otherServices":null,"observations":null}},{"type":"Feature","geometry":{"type":"Point","coordinates":[-8.232653,41.0696]},"properties":{"id":"pt-66828","source":"PT","name":"E.S. CASTELO DE PAIVA","brand":"REPSOL","address":"Santa Eulália - Souselo","municipality":"Cinfães","district":"Viseu","postalCode":"4690-666","fuels":{"gasoline95":2.064,"gasoline98Plus":2.254,"diesel":2.084,"dieselPremium":2.144,"dieselAgri":1.219},"lastUpdated":"2026-08-31 00:00","extra":{"stationType":"Outro"},"services":["Assistência auto","Cafetaria","Loja de Conveniência","Venda de carburante de qualidade superior","Venda de gás doméstico em garrafas","Venda de gasóleo agrícola","WC"],"hours":{"weekdays":"06:00-23:00","saturday":"06:00-23:00","sunday":"06:00-23:00","holiday":"06:00-23:00"},"paymentMethods":["Dinheiro"],"otherServices":null,"observations":null}},{"type":"Feature","geometry":{"type":"Point","coordinates":[-7.85549,40.52932]},"properties":{"id":"pt-66829","source":"PT","name":"E.S. NELAS CENTRO","brand":"REPSOL","address":"Praça Dr. José Veiga Simão","municipality":"Nelas","district":"Viseu","postalCode":"3520-000","fuels":{"gasoline95":2.064,"gasoline98Plus":2.254,"diesel":2.084,"dieselPremium":2.144,"dieselAgri":1.699},"lastUpdated":"2026-08-31 00:00","extra":{"stationType":"Outro"},"services":["Venda de carburante de qualidade superior","Venda de gás doméstico em garrafas","Venda de gasóleo agrícola","WC"],"hours":{"weekdays":"07:00-21:00","saturday":"07:00-21:00","sunday":"07:00-21:00","holiday":"07:00-21:00"},"paymentMethods":["Dinheiro"],"otherServices":null,"observations":null}},{"type":"Feature","geometry":{"type":"Point","coordinates":[-7.920519,40.672462]},"properties":{"id":"pt-66831","source":"PT","name":"E.S. VISEU-AV.DA BELGICA","brand":"REPSOL","address":"Av. de Bélgica","municipality":"Viseu","district":"Viseu","postalCode":"3500-000","fuels":{"gasoline95":2.054,"gasoline98Plus":2.234,"diesel":2.074,"dieselPremium":2.134,"dieselAgri":1.689},"lastUpdated":"2026-08-31 00:00","extra":{"stationType":"Outro"},"services":["Assistência auto","Calibragem de pneus","Lavagem","Venda de carburante de qualidade superior","Venda de gás doméstico em garrafas","Venda de gasóleo agrícola","WC"],"hours":{"weekdays":"00:00-00:00","saturday":"00:00-00:00","sunday":"00:00-00:00","holiday":"00:00-00:00"},"paymentMethods":["Dinheiro"],"otherServices":null,"observations":null}},{"type":"Feature","geometry":{"type":"Point","coordinates":[-7.89611,40.65475]},"properties":{"id":"pt-66832","source":"PT","name":"E.S. VISEU-LEMOS","brand":"REPSOL","address":"Rua Pedro Alvares Cabral nº 288","municipality":"Viseu","district":"Viseu","postalCode":"3500-000","fuels":{"gasoline95":2.054,"gasoline95Plus":2.104,"diesel":2.074,"dieselPremium":2.134},"lastUpdated":"2026-08-31 00:00","extra":{"stationType":"Outro"},"services":["Assistência auto","Calibragem de pneus","Lavagem","Venda de carburante de qualidade superior","Venda de gás doméstico em garrafas","WC"],"hours":{"weekdays":"Aberto 24 horas","saturday":"Aberto 24 horas","sunday":"Aberto 24 horas","holiday":"Aberto 24 horas"},"paymentMethods":["Dinheiro"],"otherServices":null,"observations":null}},{"type":"Feature","geometry":{"type":"Point","coordinates":[-7.61265,40.9777]},"properties":{"id":"pt-66834","source":"PT","name":"E.S. MOIMENTA","brand":"REPSOL","address":"Av. 25 de Abril nº 25 A","municipality":"Moimenta da Beira","district":"Viseu","postalCode":"3620-000","fuels":{"gasoline95":2.064,"gasoline98Plus":2.314,"diesel":2.084,"dieselPremium":2.204,"dieselAgri":1.749},"lastUpdated":"2026-08-31 10:55","extra":{"stationType":"Outro"},"services":["Assistência auto","Calibragem de pneus","Lavagem","Venda de carburante de qualidade superior","Venda de gás doméstico em garrafas","Venda de gasóleo agrícola","WC"],"hours":{"weekdays":"07:00-23:00","saturday":"07:00-23:00","sunday":"07:00-23:00","holiday":"07:00-23:00"},"paymentMethods":["Dinheiro"],"otherServices":null,"observations":null}},{"type":"Feature","geometry":{"type":"Point","coordinates":[-7.75982,40.61653]},"properties":{"id":"pt-66836","source":"PT","name":"E.S. MANGUALDE","brand":"REPSOL","address":"IP 5","municipality":"Mangualde","district":"Viseu","postalCode":"3530-000","fuels":{"gasoline95":2.064,"gasoline95Plus":2.124,"gasoline98Plus":2.254,"diesel":2.084,"dieselPremium":2.144,"lpg":0.994},"lastUpdated":"2026-08-31 00:00","extra":{"stationType":"Outro"},"services":["Lavagem","Venda de carburante de qualidade superior","Venda de gás doméstico em garrafas","WC"],"hours":{"weekdays":"06:00-22:00","saturday":"06:00-22:00","sunday":"06:00-22:00","holiday":"06:00-22:00"},"paymentMethods":["Dinheiro"],"otherServices":null,"observations":null}},{"type":"Feature","geometry":{"type":"Point","coordinates":[-7.707789,40.67025]},"properties":{"id":"pt-66837","source":"PT","name":"E.S. PENALVA CASTELO","brand":"REPSOL","address":"Penalva do Castelo","municipality":"Penalva do Castelo","district":"Viseu","postalCode":"3550-000","fuels":{"gasoline95":2.084,"gasoline95Plus":2.154,"gasoline98Plus":2.284,"diesel":2.104,"dieselPremium":2.174,"dieselAgri":1.699},"lastUpdated":"2026-08-31 00:00","extra":{"stationType":"Outro"},"services":["Venda de carburante de qualidade superior","Venda de gás doméstico em garrafas","Venda de gasóleo agrícola","WC"],"hours":{"weekdays":"07:00-20:00","saturday":"07:00-20:00","sunday":"07:00-20:00","holiday":"07:00-20:00"},"paymentMethods":["Dinheiro"],"otherServices":null,"observations":null}},{"type":"Feature","geometry":{"type":"Point","coordinates":[-7.831411,40.716339]},"properties":{"id":"pt-66838","source":"PT","name":"E.S. CAVERNAES A","brand":"REPSOL","address":"Cavernães","municipality":"Viseu","district":"Viseu","postalCode":"3500-000","fuels":{"gasoline95":2.054,"gasoline95Plus":2.104,"gasoline98Plus":2.234,"diesel":2.074,"dieselPremium":2.134,"dieselAgri":1.689},"lastUpdated":"2026-08-31 00:00","extra":{"stationType":"Outro"},"services":["Cafetaria","Restaurante","Venda de carburante de qualidade superior","Venda de gás doméstico em garrafas","Venda de gasóleo agrícola","WC"],"hours":{"weekdays":"06:00-00:00","saturday":"06:00-00:00","sunday":"06:00-00:00","holiday":"06:00-00:00"},"paymentMethods":["Dinheiro"],"otherServices":null,"observations":null}},{"type":"Feature","geometry":{"type":"Point","coordinates":[-7.92049,40.64829]},"properties":{"id":"pt-66843","source":"PT","name":"E.S. VISEU","brand":"REPSOL","address":"Av. Regimento de Infantaria nº 14","municipality":"Viseu","district":"Viseu","postalCode":"3510-104","fuels":{"gasoline95":2.054,"gasoline95Plus":2.104,"diesel":2.074,"dieselPremium":2.134},"lastUpdated":"2026-08-31 08:05","extra":{"stationType":"Outro"},"services":["Lavagem","Multibanco","Venda de carburante de qualidade superior","Venda de gás doméstico em garrafas","WC"],"hours":{"weekdays":"07:00-23:00","saturday":"07:00-23:00","sunday":"07:00-23:00","holiday":"07:00-23:00"},"paymentMethods":["Dinheiro"],"otherServices":null,"observations":null}},{"type":"Feature","geometry":{"type":"Point","coordinates":[-8.204861,40.714237]},"properties":{"id":"pt-66849","source":"PT","name":"PRIO Oliveira de Frades","brand":"PRIO","address":"Zona Industrial de Oliveira de Frades, Lote 82","municipality":"Oliveira de Frades","district":"Viseu","postalCode":"3684-001","fuels":{"gasoline95":2.054,"gasoline95Plus":1.989,"dieselPremium":2.009,"bioDiesel":1.979},"lastUpdated":"2026-08-31 00:30","extra":{"stationType":"Outro"},"services":["Cafetaria","Lavagem","Loja de Conveniência","Multibanco","Venda de gás doméstico em garrafas","WC","WC para deficientes"],"hours":{"weekdays":"06:00-22:00","saturday":"06:00-22:00","sunday":"06:00-22:00","holiday":"06:00-22:00"},"paymentMethods":["Dinheiro","MbWay","Multibanco","Outros"],"otherServices":null,"observations":null}},{"type":"Feature","geometry":{"type":"Point","coordinates":[-7.890853,41.11792]},"properties":{"id":"pt-66936","source":"PT","name":"Petromogueira Lda - PA BP São Martinho de Mouros","brand":"BP","address":"Rua 11 de Novembro 3198","municipality":"Resende","district":"Viseu","postalCode":"4660-376","fuels":{"gasoline95":2.139,"gasoline98Plus":2.329,"gasolineMix":2.5,"diesel":2.149,"dieselPremium":2.279,"dieselAgri":1.699},"lastUpdated":"2026-08-31 00:00","extra":{"stationType":"Outro"},"services":["Venda de gás doméstico em garrafas"],"hours":{"weekdays":"07:00-22:00","saturday":"07:00-22:00","sunday":"07:00-22:00","holiday":"07:00-22:00"},"paymentMethods":["Dinheiro"],"otherServices":null,"observations":null}},{"type":"Feature","geometry":{"type":"Point","coordinates":[-7.47092,41.1638]},"properties":{"id":"pt-66945","source":"PT","name":"Combustíveis 222","brand":"GALP","address":"EN 222 Km 163,5(Rua da Praça nº 47)","municipality":"São João da Pesqueira","district":"Viseu","postalCode":"5130-072","fuels":{"gasoline95":2.115,"gasoline98Plus":2.315,"diesel":2.121,"dieselPremium":2.141,"dieselHeating":2.08,"dieselAgri":1.695},"lastUpdated":"2026-08-31 09:25","extra":{"stationType":"Outro"},"services":["Assistência auto"],"hours":{"weekdays":"06:00-22:00","saturday":"06:00-22:00","sunday":"06:00-22:00","holiday":"06:00-22:00"},"paymentMethods":["Dinheiro"],"otherServices":null,"observations":"Multibanco\r\nVenda de gasóleo agrícola\r\nVenda de gasóleo de aquecimento\r\nCalibragem de pneus\r\nVenda de gás doméstico em garrafas"}},{"type":"Feature","geometry":{"type":"Point","coordinates":[-8.08765,40.52982]},"properties":{"id":"pt-66996","source":"PT","name":"PD TONDELA","brand":"PINGO DOCE","address":"Estrada Municipal 627","municipality":"Tondela","district":"Viseu","postalCode":"3460-269","fuels":{"gasoline95":1.959,"gasoline98Plus":2.299,"diesel":2.02,"dieselPremium":2.334},"lastUpdated":"2026-08-25 00:00","extra":{"stationType":"Outro"},"services":[],"hours":{"weekdays":"Aberto 24 horas","saturday":"Aberto 24 horas","sunday":"Aberto 24 horas","holiday":"Aberto 24 horas"},"paymentMethods":["Dinheiro"],"otherServices":null,"observations":null}},{"type":"Feature","geometry":{"type":"Point","coordinates":[-7.908987,40.63785]},"properties":{"id":"pt-67260","source":"PT","name":"AUCHAN Viseu","brand":"AUCHAN","address":"Qta. da Alagoa Estrada Nelas","municipality":"Viseu","district":"Viseu","postalCode":"3520-000","fuels":{"gasoline95":1.959,"diesel":1.969,"lpg":0.899},"lastUpdated":"2026-08-31 09:05","extra":{"stationType":"Outro"},"services":["Calibragem de pneus"],"hours":{"weekdays":"Aberto 24 horas","saturday":"Aberto 24 horas","sunday":"Aberto 24 horas","holiday":"Aberto 24 horas"},"paymentMethods":["Dinheiro"],"otherServices":null,"observations":null}},{"type":"Feature","geometry":{"type":"Point","coordinates":[-7.835172,40.558067]},"properties":{"id":"pt-67297","source":"PT","name":"Moeve - Nelas","brand":"CEPSA","address":"Est. Nacional 234 km 95,6","municipality":"Nelas","district":"Viseu","postalCode":"3520-095","fuels":{"gasoline95":2.018,"gasoline95Plus":2.068,"diesel":2.044,"dieselPremium":2.094,"dieselAgri":1.619,"lpg":0.916},"lastUpdated":"2026-08-31 11:00","extra":{"stationType":"Outro"},"services":["Calibragem de pneus"],"hours":null,"paymentMethods":["Dinheiro","Multibanco"],"otherServices":null,"observations":null}},{"type":"Feature","geometry":{"type":"Point","coordinates":[-7.92837,40.89734]},"properties":{"id":"pt-67423","source":"PT","name":"Intermarché Castro Daire","brand":"INTERMARCHÉ","address":"Av. 25 de Abril","municipality":"Castro Daire","district":"Viseu","postalCode":"3600-124","fuels":{"gasoline95":1.965,"gasoline98":2.165,"diesel":1.971,"dieselPremium":2.031},"lastUpdated":"2026-08-31 10:00","extra":{"stationType":"Outro"},"services":[],"hours":{"weekdays":"Aberto 24 horas","saturday":"Aberto 24 horas","sunday":"Aberto 24 horas","holiday":"Aberto 24 horas"},"paymentMethods":["Dinheiro"],"otherServices":null,"observations":null}},{"type":"Feature","geometry":{"type":"Point","coordinates":[-8.09627,41.07462]},"properties":{"id":"pt-67433","source":"PT","name":"INTERMARCHÉ DE CINFÃES","brand":"INTERMARCHÉ","address":"Lugar de Outeirinhos","municipality":"Cinfães","district":"Viseu","postalCode":"4690-892","fuels":{"gasoline95":1.965,"gasoline98":2.165,"diesel":1.971,"dieselPremium":2.031},"lastUpdated":"2026-08-31 09:45","extra":{"stationType":"Outro"},"services":[],"hours":{"weekdays":"Aberto 24 horas","saturday":"Aberto 24 horas","sunday":"Aberto 24 horas","holiday":"Aberto 24 horas"},"paymentMethods":["Dinheiro"],"otherServices":null,"observations":null}},{"type":"Feature","geometry":{"type":"Point","coordinates":[-8.132674,40.553726]},"properties":{"id":"pt-67700","source":"PT","name":"PA BP Campo de Besteiros","brand":"BP","address":"Av. Dr. Afonso Costa","municipality":"Tondela","district":"Viseu","postalCode":"3465-051","fuels":{"gasoline95":2.139,"gasoline98Plus":2.329,"gasolineMix":2.6,"diesel":2.159,"dieselPremium":2.279,"dieselAgri":1.699},"lastUpdated":"2026-08-31 00:00","extra":{"stationType":"Outro"},"services":["Multibanco","WC"],"hours":null,"paymentMethods":["Dinheiro"],"otherServices":null,"observations":null}},{"type":"Feature","geometry":{"type":"Point","coordinates":[-7.93316,40.90167]},"properties":{"id":"pt-67705","source":"PT","name":"Posto BP Castro Daire, Grupo Bezerras","brand":"BP","address":"Av. General Humberto Delgado, n.º53","municipality":"Castro Daire","district":"Viseu","postalCode":"3600-187","fuels":{"gasoline95":2.069,"gasoline98Plus":2.299,"diesel":2.179,"dieselPremium":2.334,"dieselAgri":1.764},"lastUpdated":"2026-08-24 17:55","extra":{"stationType":"Outro"},"services":[],"hours":{"weekdays":"07:00-23:00","saturday":"07:00-23:00","sunday":"07:00-23:00","holiday":"07:00-23:00"},"paymentMethods":["Dinheiro"],"otherServices":null,"observations":null}},{"type":"Feature","geometry":{"type":"Point","coordinates":[-7.882887,40.628082]},"properties":{"id":"pt-67823","source":"PT","name":"ALVES BANDEIRA Coimbrões","brand":"ALVES BANDEIRA","address":"PARQUE IND.COIMBRÕES,LT E - COIMBRÕES","municipality":"Viseu","district":"Viseu","postalCode":"3500-885","fuels":{"gasoline95":2.054,"gasoline98":2.204,"diesel":2.149,"dieselPremium":2.169,"dieselAgri":1.724},"lastUpdated":"2026-08-24 13:30","extra":{"stationType":"Outro"},"services":["Calibragem de pneus"],"hours":null,"paymentMethods":["Dinheiro","MbWay","Multibanco","Outros"],"otherServices":null,"observations":null}},{"type":"Feature","geometry":{"type":"Point","coordinates":[-7.765267,41.028057]},"properties":{"id":"pt-67896","source":"PT","name":"PA Tarouca - Dalvares - Posto de Abastecimento Sasa","brand":"BP","address":"E. N. 226","municipality":"Tarouca","district":"Viseu","postalCode":"3610-013","fuels":{"gasoline95":2.139,"gasoline98Plus":2.329,"diesel":2.159,"dieselPremium":2.228,"dieselHeating":2.029,"dieselAgri":1.699},"lastUpdated":"2026-08-31 00:00","extra":{"stationType":"Outro"},"services":["Cafetaria","Lavagem","Loja de Conveniência","Multibanco","Venda de carburante de qualidade superior","Venda de gás doméstico em garrafas","Venda de gasóleo agrícola","Venda de gasóleo para aquecimento","WC"],"hours":{"weekdays":"06:00-23:00","saturday":"06:00-23:00","sunday":"07:00-23:00","holiday":"07:00-23:00"},"paymentMethods":["Dinheiro"],"otherServices":null,"observations":null}},{"type":"Feature","geometry":{"type":"Point","coordinates":[-7.73626,40.745]},"properties":{"id":"pt-68215","source":"PT","name":"INTERMARCHÉ DE SÁTÃO","brand":"INTERMARCHÉ","address":"Rua Cidade de Lescar","municipality":"Sátão","district":"Viseu","postalCode":"3560-196","fuels":{"gasoline95":1.899,"gasoline98":1.969,"diesel":1.999},"lastUpdated":"2026-08-25 08:30","extra":{"stationType":"Outro"},"services":[],"hours":{"weekdays":"08:00-20:30","saturday":"08:00-20:30","sunday":"08:00-20:30","holiday":"08:00-20:30"},"paymentMethods":["Dinheiro"],"otherServices":null,"observations":null}},{"type":"Feature","geometry":{"type":"Point","coordinates":[-7.404,41.01661]},"properties":{"id":"pt-68605","source":"PT","name":"COMBSANTOS PENEDONO","brand":"SHELL","address":"EN 229","municipality":"Penedono","district":"Viseu","postalCode":"3630-113","fuels":{"gasoline95":2.054,"gasoline95Plus":2.114,"diesel":2.149,"dieselPremium":2.199,"dieselAgri":1.694},"lastUpdated":"2026-08-25 09:30","extra":{"stationType":"Outro"},"services":["Cafetaria","Loja de Conveniência","Venda de gás doméstico em garrafas","Venda de gasóleo agrícola","Venda de gasóleo para aquecimento","WC"],"hours":{"weekdays":"07:00-22:00","saturday":"07:00-22:00","sunday":"07:00-22:00","holiday":"07:00-22:00"},"paymentMethods":["Dinheiro"],"otherServices":null,"observations":null}},{"type":"Feature","geometry":{"type":"Point","coordinates":[-8.081256,40.58189]},"properties":{"id":"pt-68608","source":"PT","name":"SIMAVIA-Vilar de Besteiros","brand":"NOVA","address":"Av. do Campo de Futebol, nº 20","municipality":"Tondela","district":"Viseu","postalCode":"3465-190","fuels":{"gasoline95":1.979,"gasolineMix":2.5,"diesel":2.079,"dieselPremium":2.099,"dieselHeating":2.039,"dieselAgri":1.659},"lastUpdated":"2026-08-25 00:00","extra":{"stationType":"Outro"},"services":["Cafetaria","Loja de Conveniência","Venda de gás doméstico em garrafas","Venda de gasóleo agrícola","Venda de gasóleo para aquecimento","WC"],"hours":{"weekdays":"07:00-00:00","saturday":"07:00-00:00","sunday":"07:00-00:00","holiday":"07:00-00:00"},"paymentMethods":["Dinheiro","MbWay","Multibanco"],"otherServices":null,"observations":null}},{"type":"Feature","geometry":{"type":"Point","coordinates":[-8.180377,40.720055]},"properties":{"id":"pt-68640","source":"PT","name":"Superfrades-Supermercados,Lda","brand":"INTERMARCHÉ","address":"Rua Tapada dos Piteiros","municipality":"Oliveira de Frades","district":"Viseu","postalCode":"3680-146","fuels":{"gasoline95":1.929,"gasoline98":2.069,"diesel":2.029,"dieselPremium":2.069},"lastUpdated":"2026-08-25 00:00","extra":{"stationType":"Outro"},"services":["Venda de gás doméstico em garrafas"],"hours":{"weekdays":"08:00-20:00","saturday":"08:00-20:00","sunday":"08:00-20:00","holiday":"08:00-20:00"},"paymentMethods":["Dinheiro"],"otherServices":null,"observations":null}},{"type":"Feature","geometry":{"type":"Point","coordinates":[-8.03513,40.55441]},"properties":{"id":"pt-68664","source":"PT","name":"ALVES BANDEIRA Canas de Santa Maria","brand":"ALVES BANDEIRA","address":"Av. da Igreja - Canas Santa Maria - Tondela","municipality":"Tondela","district":"Viseu","postalCode":"3460-000","fuels":{"gasoline95":2.054,"diesel":2.149,"dieselPremium":2.169,"dieselAgri":1.724},"lastUpdated":"2026-08-24 13:20","extra":{"stationType":"Outro"},"services":["Calibragem de pneus"],"hours":null,"paymentMethods":["Dinheiro","MbWay","Multibanco","Outros"],"otherServices":null,"observations":null}},{"type":"Feature","geometry":{"type":"Point","coordinates":[-8.07253,40.52366]},"properties":{"id":"pt-68713","source":"PT","name":"BP Tondela","brand":"BP","address":"Av. Eng. Adelino Amaro da Costa, 1095","municipality":"Tondela","district":"Viseu","postalCode":"3460-592","fuels":{"gasoline95":2.109,"diesel":2.219,"dieselPremium":2.334,"dieselAgri":1.764},"lastUpdated":"2026-08-25 07:35","extra":{"stationType":"Outro"},"services":["Multibanco","Venda de carburante de qualidade superior","Venda de gás doméstico em garrafas","Venda de gasóleo agrícola","Venda de gasóleo para aquecimento","WC"],"hours":{"weekdays":"07:00-22:00","saturday":"07:00-22:00","sunday":"07:00-22:00","holiday":"07:00-22:00"},"paymentMethods":["Dinheiro"],"otherServices":null,"observations":null}},{"type":"Feature","geometry":{"type":"Point","coordinates":[-8.08522,40.52489]},"properties":{"id":"pt-68888","source":"PT","name":"BP Tondela","brand":"BP","address":"Rua Eduardo António Coimbra","municipality":"Tondela","district":"Viseu","postalCode":"3460-591","fuels":{"gasoline95":2.139,"gasoline98Plus":2.329,"diesel":2.159,"dieselPremium":2.279,"dieselAgri":1.699},"lastUpdated":"2026-08-31 10:05","extra":{"stationType":"Outro"},"services":["Lavagem","Loja de Conveniência","Multibanco","Restaurante","Venda de gás doméstico em garrafas","Venda de gasóleo agrícola","WC"],"hours":{"weekdays":"07:00-23:00","saturday":"07:00-23:00","sunday":"07:00-23:00","holiday":"07:00-23:00"},"paymentMethods":["Dinheiro","Multibanco"],"otherServices":null,"observations":null}},{"type":"Feature","geometry":{"type":"Point","coordinates":[-7.5491,41.02934]},"properties":{"id":"pt-68982","source":"PT","name":"Soeiro Combustiveis ","brand":"Genérico","address":"E.N. 323 - Lugar do Barreiro - Sendim - Tabuaço","municipality":"Tabuaço","district":"Viseu","postalCode":"5120-000","fuels":{"gasoline95":2.077,"gasoline98":2.139,"diesel":2.179,"dieselHeating":1.999,"dieselAgri":1.749},"lastUpdated":"2026-08-25 17:30","extra":{"stationType":"Outro"},"services":["Cafetaria","Calibragem de pneus","Descanso de pesados","Lavagem","Loja de Conveniência","Multibanco","Venda de gás doméstico em garrafas","Venda de gasóleo agrícola","Venda de gasóleo para aquecimento","WC"],"hours":{"weekdays":"07:30-20:00","saturday":"07:30-20:00","sunday":"07:30-20:00","holiday":"07:30-20:00"},"paymentMethods":["Dinheiro","Multibanco"],"otherServices":null,"observations":null}},{"type":"Feature","geometry":{"type":"Point","coordinates":[-8.187524,40.49729]},"properties":{"id":"pt-68987","source":"PT","name":"TOURIPETRO","brand":"PRIO","address":"Rua Deputado Luís Martins, 369","municipality":"Tondela","district":"Viseu","postalCode":"3465-195","fuels":{"gasoline95":2.049,"gasoline98":2.179,"diesel":2.059,"dieselPremium":2.089,"dieselAgri":1.609},"lastUpdated":"2026-08-31 00:05","extra":{"stationType":"Outro"},"services":["Cafetaria","Calibragem de pneus","Loja de Conveniência","Venda de gás doméstico em garrafas","Venda de gasóleo agrícola","Venda de gasóleo para aquecimento","WC"],"hours":{"weekdays":"07:00-21:00","saturday":"07:00-21:00","sunday":"07:00-21:00","holiday":"07:00-21:00"},"paymentMethods":["Dinheiro"],"otherServices":null,"observations":null}},{"type":"Feature","geometry":{"type":"Point","coordinates":[-8.172457,40.348698]},"properties":{"id":"pt-69124","source":"PT","name":"IP3 (CBR/VIS)","brand":"MOEVE","address":"IP 3, LANÇO CHAMADOURO - RAIVA (ANTIGA EN2), KM 222,100","municipality":"Santa Comba Dão","district":"Viseu","postalCode":"3440-070","fuels":{"gasoline95":2.038,"gasoline95Plus":2.088,"diesel":2.064,"dieselPremium":2.114,"lpg":0.976},"lastUpdated":"2026-08-31 00:00","extra":{"stationType":"Outro"},"services":["Cafetaria","Multibanco","WC"],"hours":null,"paymentMethods":["Dinheiro"],"otherServices":null,"observations":null}},{"type":"Feature","geometry":{"type":"Point","coordinates":[-8.172613,40.349323]},"properties":{"id":"pt-69125","source":"PT","name":"PA CEPSA IP3 (Vis-Cbr)","brand":"MOEVE","address":"IP 3, LANÇO CHAMADOURO - RAIVA (ANTIGA EN2), KM 222,100","municipality":"Santa Comba Dão","district":"Viseu","postalCode":"3440-308","fuels":{"gasoline95":2.038,"gasoline95Plus":2.088,"diesel":2.064,"dieselPremium":2.114,"lpg":0.976},"lastUpdated":"2026-08-31 00:00","extra":{"stationType":"Outro"},"services":["Cafetaria","Loja de Conveniência","WC"],"hours":null,"paymentMethods":["Dinheiro"],"otherServices":null,"observations":null}},{"type":"Feature","geometry":{"type":"Point","coordinates":[-7.915817,40.668633]},"properties":{"id":"pt-69194","source":"PT","name":"MOEVE - Viseu (Av. da Bélgica)","brand":"MOEVE","address":"Av. da Bélgica, São José","municipality":"Viseu","district":"Viseu","postalCode":"3510-159","fuels":{"gasoline95":2.018,"gasoline95Plus":2.068,"diesel":2.044,"dieselPremium":2.094},"lastUpdated":"2026-08-31 10:55","extra":{"stationType":"Outro"},"services":["Calibragem de pneus"],"hours":{"weekdays":"07:00-23:00","saturday":"07:00-23:00","sunday":"07:00-23:00","holiday":"00:00-00:00"},"paymentMethods":["Dinheiro","Multibanco"],"otherServices":null,"observations":null}},{"type":"Feature","geometry":{"type":"Point","coordinates":[-8.188015,40.691658]},"properties":{"id":"pt-69195","source":"PT","name":"COMBSANTOS VOUZELA","brand":"MOEVE","address":"PAREDES VELHAS ( E.N.333-3)","municipality":"Vouzela","district":"Viseu","postalCode":"3670-049","fuels":{"gasoline95":2.038,"gasoline95Plus":2.088,"gasoline98Plus":2.25,"diesel":2.064,"dieselPremium":2.114,"dieselAgri":1.609},"lastUpdated":"2026-08-31 00:00","extra":{"stationType":"Outro"},"services":["Calibragem de pneus"],"hours":null,"paymentMethods":["Dinheiro"],"otherServices":null,"observations":null}},{"type":"Feature","geometry":{"type":"Point","coordinates":[-8.052477,40.537857]},"properties":{"id":"pt-69222","source":"PT","name":"GASCOMB PRIO TONDELA","brand":"PRIO","address":"EN2 - Lugar de Naia","municipality":"Tondela","district":"Viseu","postalCode":"3460-016","fuels":{"gasoline95":2.064,"gasoline95Plus":2.074,"diesel":2.089,"dieselPremium":2.099,"dieselAgri":1.694,"lpg":0.999},"lastUpdated":"2026-08-31 10:30","extra":{"stationType":"Outro"},"services":["Cafetaria","Loja de Conveniência","WC"],"hours":null,"paymentMethods":["Dinheiro"],"otherServices":null,"observations":null}},{"type":"Feature","geometry":{"type":"Point","coordinates":[-7.98769,40.65532]},"properties":{"id":"pt-69403","source":"PT","name":"E.S. CARRIÇA","brand":"REPSOL","address":"E.N. 337","municipality":"Viseu","district":"Viseu","postalCode":"3510-899","fuels":{"gasoline95":2.054,"gasoline98Plus":2.234,"diesel":2.074,"dieselPremium":2.134,"dieselAgri":1.699},"lastUpdated":"2026-08-31 11:00","extra":{"stationType":"Outro"},"services":["Loja de Conveniência","Venda de carburante de qualidade superior","Venda de gás doméstico em garrafas","Venda de gasóleo agrícola","WC"],"hours":{"weekdays":"07:00-21:00","saturday":"07:00-21:00","sunday":"07:00-21:00","holiday":"07:00-21:00"},"paymentMethods":["Dinheiro"],"otherServices":null,"observations":null}},{"type":"Feature","geometry":{"type":"Point","coordinates":[-7.94474,40.57759]},"properties":{"id":"pt-69759","source":"PT","name":"COMBSANTOS  PINDELO DE SILGUEIROS","brand":"NOVA","address":"AV. JOÃO PADEIRO","municipality":"Viseu","district":"Viseu","postalCode":"3500-543","fuels":{"gasoline95":1.984,"gasoline98Plus":2.179,"diesel":2.084,"dieselPremium":2.124,"dieselAgri":1.674,"lpg":0.979},"lastUpdated":"2026-08-25 09:30","extra":{"stationType":"Outro"},"services":["Calibragem de pneus"],"hours":{"weekdays":"07:00-22:00","saturday":"07:00-22:00","sunday":"07:00-22:00","holiday":"00:00-00:00"},"paymentMethods":["Dinheiro"],"otherServices":null,"observations":null}},{"type":"Feature","geometry":{"type":"Point","coordinates":[-8.056518,40.689682]},"properties":{"id":"pt-69761","source":"PT","name":"P31 - PRIO Queirã","brand":"PRIO","address":"EN 337","municipality":"Vouzela","district":"Viseu","postalCode":"3670-174","fuels":{"gasoline95":2.054,"gasoline95Plus":1.989,"dieselPremium":2.009,"dieselAgri":1.589,"bioDiesel":1.979},"lastUpdated":"2026-08-31 00:50","extra":{"stationType":"Outro"},"services":["Calibragem de pneus"],"hours":{"weekdays":"07:00-21:00","saturday":"07:00-21:00","sunday":"07:00-21:00","holiday":"07:00-21:00"},"paymentMethods":["Dinheiro","MbWay","Multibanco","Outros"],"otherServices":null,"observations":null}},{"type":"Feature","geometry":{"type":"Point","coordinates":[-8.22308,40.66475]},"properties":{"id":"pt-69768","source":"PT","name":"E.S. VOUZELA - CAMPIA","brand":"REPSOL","address":"Sitio da Feiteira - Campia","municipality":"Vouzela","district":"Viseu","postalCode":"3670-056","fuels":{"gasoline95":2.064,"gasoline98Plus":2.254,"diesel":2.084,"dieselPremium":2.144,"dieselAgri":1.689},"lastUpdated":"2026-08-31 00:00","extra":{"stationType":"Outro"},"services":["Cafetaria","Loja de Conveniência","Restaurante","Venda de carburante de qualidade superior","Venda de gás doméstico em garrafas","WC"],"hours":{"weekdays":"07:00-22:00","saturday":"07:00-22:00","sunday":"07:00-22:00","holiday":"07:00-22:00"},"paymentMethods":["Dinheiro"],"otherServices":null,"observations":null}},{"type":"Feature","geometry":{"type":"Point","coordinates":[-7.909513,40.725243]},"properties":{"id":"pt-69773","source":"PT","name":"PA Muna - Ricarsantos","brand":"GALP","address":"EST. NAC. Nº 2 - MUNA","municipality":"Viseu","district":"Viseu","postalCode":"3500-000","fuels":{"gasoline95":2.115,"gasoline95Plus":2.135,"diesel":2.121,"dieselPremium":2.141,"dieselAgri":1.71},"lastUpdated":"2026-08-31 11:30","extra":{"stationType":"Outro"},"services":["Calibragem de pneus"],"hours":null,"paymentMethods":["Dinheiro"],"otherServices":null,"observations":null}},{"type":"Feature","geometry":{"type":"Point","coordinates":[-8.14016,40.69431]},"properties":{"id":"pt-69925","source":"PT","name":"BP Vouzela","brand":"BP","address":"Lamas - Estr.Nacional 333","municipality":"Vouzela","district":"Viseu","postalCode":"3670-151","fuels":{"gasoline95":2.119,"gasoline98Plus":2.309,"diesel":2.139,"dieselPremium":2.259,"dieselAgri":1.699},"lastUpdated":"2026-08-31 10:10","extra":{"stationType":"Outro"},"services":["Cafetaria","Descanso de pesados","Lavagem","Loja de Conveniência","Multibanco","Venda de gás doméstico em garrafas","Venda de gasóleo agrícola","WC"],"hours":{"weekdays":"Aberto 24 horas","saturday":"Aberto 24 horas","sunday":"Aberto 24 horas","holiday":"Aberto 24 horas"},"paymentMethods":["Dinheiro","Multibanco"],"otherServices":null,"observations":null}},{"type":"Feature","geometry":{"type":"Point","coordinates":[-7.95772,40.65684]},"properties":{"id":"pt-69978","source":"PT","name":"NOVA LUBRIALTA","brand":"Genérico","address":"E.N 337, Tondelinha","municipality":"Viseu","district":"Viseu","postalCode":"3510-694","fuels":{"gasoline95":1.984,"gasoline95Plus":2.004,"gasoline98":2.094,"diesel":1.954,"dieselPremium":1.974,"dieselAgri":1.634},"lastUpdated":"2026-08-31 11:30","extra":{"stationType":"Outro"},"services":["Cafetaria","Loja de Conveniência","Restaurante","Venda de carburante de qualidade superior","Venda de gás doméstico em garrafas","Venda de gasóleo agrícola","WC","WC para deficientes"],"hours":{"weekdays":"07:00-23:00","saturday":"07:00-23:00","sunday":"07:00-23:00","holiday":"07:00-23:00"},"paymentMethods":["Dinheiro","Multibanco"],"otherServices":null,"observations":null}},{"type":"Feature","geometry":{"type":"Point","coordinates":[-7.7466,40.69249]},"properties":{"id":"pt-70018","source":"PT","name":"Barreirinho - Sátão","brand":"Genérico","address":"EN 229,2 Km 13,1","municipality":"Sátão","district":"Viseu","postalCode":"3560-125","fuels":{"gasoline95":1.984,"gasoline98":2.084,"diesel":2.029,"dieselPremium":2.049,"dieselHeating":2.099,"dieselAgri":1.649},"lastUpdated":"2026-08-24 14:30","extra":{"stationType":"Outro"},"services":["Cafetaria","Venda de gás doméstico em garrafas","Venda de gasóleo agrícola","WC"],"hours":{"weekdays":"07:00-23:00","saturday":"07:00-23:00","sunday":"07:00-23:00","holiday":"07:00-23:00"},"paymentMethods":["Dinheiro"],"otherServices":null,"observations":null}},{"type":"Feature","geometry":{"type":"Point","coordinates":[-8.310977,40.47761]},"properties":{"id":"pt-70065","source":"PT","name":"COMBSANTOS VALE DA MATA MORTAGUA","brand":"SHELL","address":"EN 334","municipality":"Mortágua","district":"Viseu","postalCode":null,"fuels":{"gasoline95":2.074,"gasoline95Plus":2.114,"diesel":2.164,"dieselPremium":2.204,"dieselAgri":1.704},"lastUpdated":"2026-08-25 09:35","extra":{"stationType":"Outro"},"services":["Calibragem de pneus"],"hours":null,"paymentMethods":["Dinheiro"],"otherServices":null,"observations":null}},{"type":"Feature","geometry":{"type":"Point","coordinates":[-7.735805,40.952507]},"properties":{"id":"pt-70195","source":"PT","name":"GASONAVE Sociedade de Exploração de Combustiveis, Lda","brand":"REDIL","address":"EN 329","municipality":"Moimenta da Beira","district":"Viseu","postalCode":"3620-000","fuels":{"gasoline95":2.009,"gasoline98":2.109,"diesel":2.109,"dieselPremium":2.139,"dieselAgri":1.669},"lastUpdated":"2026-08-25 06:35","extra":{"stationType":"Outro"},"services":[],"hours":{"weekdays":"06:00-19:00","saturday":"06:00-19:00","sunday":"06:00-19:00","holiday":"06:00-19:00"},"paymentMethods":["Dinheiro"],"otherServices":null,"observations":null}},{"type":"Feature","geometry":{"type":"Point","coordinates":[-7.430372,41.079857]},"properties":{"id":"pt-70211","source":"PT","name":"António Alfredo Lamas - PA Alves Bandeira Trevões","brand":"ALVES BANDEIRA","address":"Lg. Sra. da Graça / Av. do Progresso","municipality":"São João da Pesqueira","district":"Viseu","postalCode":"5130-421","fuels":{"gasoline95":2.044,"gasoline98":2.184,"diesel":2.139,"dieselPremium":2.159,"dieselAgri":1.714},"lastUpdated":"2026-08-25 00:00","extra":{"stationType":"Outro"},"services":["Assistência auto"],"hours":{"weekdays":"07:00-21:00","saturday":"07:00-21:00","sunday":"07:00-21:00","holiday":"07:00-21:00"},"paymentMethods":["Dinheiro"],"otherServices":null,"observations":null}},{"type":"Feature","geometry":{"type":"Point","coordinates":[-8.25148,40.78334]},"properties":{"id":"pt-70423","source":"PT","name":"POETA & QUENTAL","brand":"ALVES BANDEIRA","address":"EN 227","municipality":"Oliveira de Frades","district":"Viseu","postalCode":"3680-262","fuels":{"gasoline95":2.075,"gasoline98":2.235,"diesel":2.171,"dieselPremium":2.191,"dieselAgri":1.75},"lastUpdated":"2026-08-24 15:05","extra":{"stationType":"Outro"},"services":["Calibragem de pneus","Venda de gás doméstico em garrafas","Venda de gasóleo agrícola","Venda de gasóleo para aquecimento","WC"],"hours":{"weekdays":"07:00-19:00","saturday":"07:00-19:00","sunday":"08:00-19:00","holiday":"08:00-19:00"},"paymentMethods":["Dinheiro","MbWay","Multibanco","Outros"],"otherServices":null,"observations":"Serviço de"}},{"type":"Feature","geometry":{"type":"Point","coordinates":[-7.884722,40.65154]},"properties":{"id":"pt-70637","source":"PT","name":"RECHEIO VISEU","brand":"RECHEIO","address":"Estrada de Mangualde","municipality":"Viseu","district":"Viseu","postalCode":"3501-903","fuels":{"diesel":2.009},"lastUpdated":"2026-08-25 06:00","extra":{"stationType":"Outro"},"services":[],"hours":{"weekdays":"08:00-18:30","saturday":"08:00-12:30","sunday":"Fechado","holiday":"Fechado"},"paymentMethods":["Dinheiro"],"otherServices":null,"observations":null}},{"type":"Feature","geometry":{"type":"Point","coordinates":[-7.970101,40.84792]},"properties":{"id":"pt-70679","source":"PT","name":"PA Alva","brand":"Genérico","address":"ESTRADA CARVALHA DE ALVA","municipality":"Castro Daire","district":"Viseu","postalCode":"3600-021","fuels":{"gasoline95":2.029,"gasoline95Plus":2.029,"gasoline98":2.171,"diesel":2.029,"dieselPremium":2.029,"dieselHeating":2.097,"dieselAgri":1.659},"lastUpdated":"2026-08-24 15:00","extra":{"stationType":"Outro"},"services":["Cafetaria","WC"],"hours":{"weekdays":"07:00-22:00","saturday":"07:00-22:00","sunday":"07:00-22:00","holiday":"00:00-00:00"},"paymentMethods":["Dinheiro"],"otherServices":null,"observations":null}},{"type":"Feature","geometry":{"type":"Point","coordinates":[-7.780835,40.625816]},"properties":{"id":"pt-70777","source":"PT","name":"IP5 Mangualde (Norte)","brand":"BP","address":"Área de Serviço Roda - A25 - Km 103.4","municipality":"Mangualde","district":"Viseu","postalCode":"3530-254","fuels":{"gasoline95":2.094,"gasoline98Plus":2.284,"diesel":2.109,"dieselPremium":2.229},"lastUpdated":"2026-08-31 09:30","extra":{"stationType":"Auto-estrada"},"services":["Cafetaria","Loja de Conveniência","Multibanco","WC"],"hours":{"weekdays":"Aberto 24 horas","saturday":"Aberto 24 horas","sunday":"Aberto 24 horas","holiday":"Aberto 24 horas"},"paymentMethods":["Dinheiro"],"otherServices":null,"observations":null}},{"type":"Feature","geometry":{"type":"Point","coordinates":[-7.781214,40.62519]},"properties":{"id":"pt-70796","source":"PT","name":"IP5 Mangualde (Sul)","brand":"BP","address":"Área de Serviço Roda - A 25 - Km 103,4","municipality":"Mangualde","district":"Viseu","postalCode":"3530-254","fuels":{"gasoline95":2.094,"gasoline98Plus":2.284,"diesel":2.109,"dieselPremium":2.229},"lastUpdated":"2026-08-31 09:30","extra":{"stationType":"Auto-estrada"},"services":["Cafetaria","Loja de Conveniência","Multibanco","WC"],"hours":{"weekdays":"Aberto 24 horas","saturday":"Aberto 24 horas","sunday":"Aberto 24 horas","holiday":"Aberto 24 horas"},"paymentMethods":["Dinheiro"],"otherServices":null,"observations":null}},{"type":"Feature","geometry":{"type":"Point","coordinates":[-7.747667,40.863808]},"properties":{"id":"pt-71054","source":"PT","name":"Primos Soares & Irmãos Ldª","brand":"ETC","address":"EN 329","municipality":"Vila Nova de Paiva","district":"Viseu","postalCode":"3650-201","fuels":{"gasoline95":2.019,"gasoline98":2.129,"diesel":2.119,"dieselPremium":2.169,"dieselHeating":2.0,"dieselAgri":1.67},"lastUpdated":"2026-08-24 08:00","extra":{"stationType":"Outro"},"services":[],"hours":{"weekdays":"07:00-00:00","saturday":"07:00-00:00","sunday":"07:00-00:00","holiday":"07:00-00:00"},"paymentMethods":["Dinheiro"],"otherServices":null,"observations":null}},{"type":"Feature","geometry":{"type":"Point","coordinates":[-7.575432,41.115917]},"properties":{"id":"pt-71526","source":"PT","name":"P22 - PRIO Tabuaço ","brand":"PRIO","address":" Estrada Nacional 226-2 Km 44.1 - Lugar da Sertã   ","municipality":"Tabuaço","district":"Viseu","postalCode":"5120-373","fuels":{"gasoline95":2.054,"gasoline95Plus":1.984,"dieselPremium":2.024,"dieselAgri":1.619,"bioDiesel":1.994},"lastUpdated":"2026-08-31 00:50","extra":{"stationType":"Outro"},"services":["Calibragem de pneus"],"hours":{"weekdays":"06:00-22:00","saturday":"06:00-22:00","sunday":"06:00-22:00","holiday":"06:00-22:00"},"paymentMethods":["Dinheiro","MbWay","Multibanco","Outros"],"otherServices":null,"observations":null}},{"type":"Feature","geometry":{"type":"Point","coordinates":[-7.727546,40.608196]},"properties":{"id":"pt-71585","source":"PT","name":"BP MANGUALDE AZURARA DA BEIRA","brand":"BP","address":"RUA AZURARA DA BEIRA, 475","municipality":"Mangualde","district":"Viseu","postalCode":"3530-272","fuels":{"gasoline95":2.079,"gasoline98":2.329,"diesel":2.099,"dieselPremium":2.279,"dieselAgri":1.694},"lastUpdated":"2026-08-31 10:25","extra":{"stationType":"Outro"},"services":["Cafetaria","Multibanco","WC"],"hours":null,"paymentMethods":["Dinheiro"],"otherServices":null,"observations":null}},{"type":"Feature","geometry":{"type":"Point","coordinates":[-7.98026,40.54424]},"properties":{"id":"pt-71953","source":"PT","name":"Posto de Lageosa do Dão","brand":"ALVES BANDEIRA","address":"Av. do Areeiro nº1608","municipality":"Tondela","district":"Viseu","postalCode":"3460-153","fuels":{"gasoline95":2.044,"gasoline98":2.214,"diesel":2.139,"dieselPremium":2.184,"dieselHeating":2.164,"dieselAgri":1.739},"lastUpdated":"2026-08-24 15:00","extra":{"stationType":"Outro"},"services":["Calibragem de pneus","Multibanco","Venda de gás doméstico em garrafas","Venda de gasóleo agrícola","Venda de gasóleo para aquecimento","WC"],"hours":{"weekdays":"07:00-22:00","saturday":"07:00-22:00","sunday":"08:00-21:00","holiday":"08:00-21:00"},"paymentMethods":["Dinheiro"],"otherServices":null,"observations":null}},{"type":"Feature","geometry":{"type":"Point","coordinates":[-7.976222,40.473843]},"properties":{"id":"pt-72630","source":"PT","name":"PA Alves Bandeira - AB Cabanas de Viriato","brand":"ALVES BANDEIRA","address":"Avenida Dr. Aristides de Sousa Mendes, s/n","municipality":"Carregal do Sal","district":"Viseu","postalCode":"3430-607","fuels":{"gasoline95":2.044,"gasoline95Plus":2.059,"diesel":2.139,"dieselPremium":2.159,"dieselAgri":1.714},"lastUpdated":"2026-08-25 16:30","extra":{"stationType":"Outro"},"services":["Lavagem","Venda de gás doméstico em garrafas","Venda de gasóleo para aquecimento"],"hours":{"weekdays":"07:30-21:00","saturday":"07:30-21:00","sunday":"07:30-21:30","holiday":"07:30-21:30"},"paymentMethods":["Dinheiro"],"otherServices":null,"observations":null}},{"type":"Feature","geometry":{"type":"Point","coordinates":[-7.56649,40.985801]},"properties":{"id":"pt-73235","source":"PT","name":"PETRODEMO","brand":"FREITAS","address":"EN 323","municipality":"Moimenta da Beira","district":"Viseu","postalCode":"3620-085","fuels":{"gasoline95":2.084,"gasoline98":2.184,"diesel":2.189,"dieselPremium":2.21,"dieselHeating":2.086,"dieselAgri":1.754},"lastUpdated":"2026-08-24 17:15","extra":{"stationType":"Outro"},"services":[],"hours":{"weekdays":"07:00-22:00","saturday":"07:00-22:00","sunday":"07:00-22:00","holiday":"07:00-22:00"},"paymentMethods":["Dinheiro"],"otherServices":null,"observations":null}},{"type":"Feature","geometry":{"type":"Point","coordinates":[-8.17111,40.57166]},"properties":{"id":"pt-73621","source":"PT","name":"PETROCARAMULO Lda.","brand":"Genérico","address":"Av. Dr. Jerónimo de Lacerda n.º 1186","municipality":"Tondela","district":"Viseu","postalCode":"3475-046","fuels":{"gasoline95":2.048,"gasoline98":2.2,"diesel":2.122,"dieselPremium":2.142,"dieselAgri":1.711},"lastUpdated":"2026-08-25 07:00","extra":{"stationType":"Outro"},"services":["Calibragem de pneus","Multibanco","Venda de gás doméstico em garrafas","Venda de gasóleo agrícola","WC","AUTOvoucher"],"hours":{"weekdays":"07:00-21:00","saturday":"07:00-21:00","sunday":"07:00-21:00","holiday":"07:00-21:00"},"paymentMethods":["Dinheiro","Multibanco"],"otherServices":null,"observations":null}},{"type":"Feature","geometry":{"type":"Point","coordinates":[-7.99122,40.43594]},"properties":{"id":"pt-74440","source":"PT","name":"PD CARREGAL DO SAL","brand":"PINGO DOCE","address":"Rua Tenente Leonardo Meireles nº46","municipality":"Carregal do Sal","district":"Viseu","postalCode":"3430-000","fuels":{"gasoline95":1.959,"gasoline98Plus":2.299,"diesel":2.02,"dieselPremium":2.334},"lastUpdated":"2026-08-25 00:00","extra":{"stationType":"Outro"},"services":[],"hours":{"weekdays":"Aberto 24 horas","saturday":"Aberto 24 horas","sunday":"Aberto 24 horas","holiday":"Aberto 24 horas"},"paymentMethods":["Dinheiro"],"otherServices":null,"observations":null}},{"type":"Feature","geometry":{"type":"Point","coordinates":[-8.0899,40.39214]},"properties":{"id":"pt-74719","source":"PT","name":"E.S. STA COMBA DAO - CANCELA","brand":"REPSOL","address":"EN234 KM67,7 - CANCELA, SÃO JOAO DA AREIA","municipality":"Santa Comba Dão","district":"Viseu","postalCode":"3440-451","fuels":{"gasoline95":2.064,"gasoline98Plus":2.254,"diesel":2.084,"dieselPremium":2.144,"dieselAgri":1.689},"lastUpdated":"2026-08-31 00:00","extra":{"stationType":"Outro"},"services":["Cafetaria","Lavagem","Loja de Conveniência","Venda de carburante de qualidade superior","Venda de gás doméstico em garrafas","Venda de gasóleo agrícola","WC","WC para deficientes"],"hours":{"weekdays":"07:00-22:00","saturday":"07:00-22:00","sunday":"07:00-22:00","holiday":"07:00-22:00"},"paymentMethods":["Dinheiro"],"otherServices":null,"observations":null}},{"type":"Feature","geometry":{"type":"Point","coordinates":[-7.764251,40.588932]},"properties":{"id":"pt-74749","source":"PT","name":"BP MANGUALDE REGADINHA","brand":"BP","address":"AV. MONTES HERMÍNIOS","municipality":"Mangualde","district":"Viseu","postalCode":"3530-116","fuels":{"gasoline95":2.079,"gasoline98Plus":2.329,"diesel":2.099,"dieselPremium":2.279,"dieselAgri":1.694},"lastUpdated":"2026-08-31 10:25","extra":{"stationType":"Outro"},"services":["Cafetaria","Loja de Conveniência","Multibanco","WC"],"hours":{"weekdays":"06:30-21:30","saturday":"06:30-21:30","sunday":"06:30-21:30","holiday":"00:00-00:00"},"paymentMethods":["Dinheiro"],"otherServices":null,"observations":null}},{"type":"Feature","geometry":{"type":"Point","coordinates":[-7.731664,40.74627]},"properties":{"id":"pt-76859","source":"PT","name":"PA PETROSÁTÃO","brand":"Genérico","address":"Rua do Cardal, 48","municipality":"Sátão","district":"Viseu","postalCode":"3560-133","fuels":{"gasoline95":1.974,"gasoline98":2.074,"gasolineMix":2.5,"diesel":2.024,"dieselPremium":2.044,"dieselAgri":1.614},"lastUpdated":"2026-08-24 22:45","extra":{"stationType":"Outro"},"services":["Loja de Conveniência","Multibanco","WC"],"hours":null,"paymentMethods":["Dinheiro"],"otherServices":null,"observations":null}},{"type":"Feature","geometry":{"type":"Point","coordinates":[-7.91929,40.68313]},"properties":{"id":"pt-77091","source":"PT","name":"Barreirinho - Abraveses","brand":"Genérico","address":"Av. Tenente Coronel Silva Simões, 156","municipality":"Viseu","district":"Viseu","postalCode":"3515-150","fuels":{"gasoline95":1.954,"gasoline95Plus":1.954,"diesel":1.999,"dieselPremium":1.999,"dieselAgri":1.619},"lastUpdated":"2026-08-24 14:30","extra":{"stationType":"Outro"},"services":["Loja de Conveniência","Venda de gás doméstico em garrafas","Venda de gasóleo agrícola","WC"],"hours":{"weekdays":"07:00-23:00","saturday":"07:00-23:00","sunday":"07:00-23:00","holiday":"07:00-23:00"},"paymentMethods":["Dinheiro"],"otherServices":null,"observations":null}},{"type":"Feature","geometry":{"type":"Point","coordinates":[-8.12875,40.40342]},"properties":{"id":"pt-77175","source":"PT","name":"Intermache Santa Comba Dão","brand":"INTERMARCHÉ","address":"Av. Santo Estevão nº20 \r\n","municipality":"Santa Comba Dão","district":"Viseu","postalCode":"3440-323","fuels":{"gasoline95":1.924,"gasoline98":2.104,"diesel":2.032,"dieselPremium":2.082},"lastUpdated":"2026-08-24 20:00","extra":{"stationType":"Outro"},"services":[],"hours":{"weekdays":"Aberto 24 horas","saturday":"Aberto 24 horas","sunday":"Aberto 24 horas","holiday":"Aberto 24 horas"},"paymentMethods":["Dinheiro"],"otherServices":null,"observations":null}},{"type":"Feature","geometry":{"type":"Point","coordinates":[-7.78948,41.06233]},"properties":{"id":"pt-77257","source":"PT","name":"Estação de Serviço de Britiande","brand":"BP","address":"EN226, ao Km 17, Lugar da Estrada Nova","municipality":"Lamego","district":"Viseu","postalCode":"5100-345","fuels":{"gasoline95":2.137,"gasoline98Plus":2.099,"diesel":2.159,"dieselAgri":1.699},"lastUpdated":"2026-08-31 11:15","extra":{"stationType":"Outro"},"services":["Cafetaria"],"hours":{"weekdays":"06:00-22:00","saturday":"06:00-22:00","sunday":"07:00-22:00","holiday":"00:00-00:00"},"paymentMethods":["Dinheiro"],"otherServices":null,"observations":null}},{"type":"Feature","geometry":{"type":"Point","coordinates":[-7.75893,40.61551]},"properties":{"id":"pt-77631","source":"PT","name":"PD MANGUALDE","brand":"PINGO DOCE","address":"Av. Heróis do Ultramar","municipality":"Mangualde","district":"Viseu","postalCode":"3530-261","fuels":{"gasoline95":1.959,"gasoline98Plus":2.299,"diesel":2.02,"dieselPremium":2.334},"lastUpdated":"2026-08-25 00:00","extra":{"stationType":"Outro"},"services":[],"hours":{"weekdays":"08:00-22:00","saturday":"08:00-22:00","sunday":"08:00-22:00","holiday":"08:00-22:00"},"paymentMethods":["Dinheiro"],"otherServices":null,"observations":null}},{"type":"Feature","geometry":{"type":"Point","coordinates":[-7.71581,40.85823]},"properties":{"id":"pt-77871","source":"PT","name":"PRIO Alhais (Combsantos)","brand":"PRIO","address":"RUA PADRE MANUEL RAMOS PINTO Nº63","municipality":"Vila Nova de Paiva","district":"Viseu","postalCode":"3650-240","fuels":{"gasoline95":2.029,"gasoline95Plus":2.019,"gasoline98":2.224,"dieselPremium":2.104,"dieselAgri":1.664,"bioDiesel":2.124},"lastUpdated":"2026-08-25 09:35","extra":{"stationType":"Outro"},"services":["Calibragem de pneus"],"hours":{"weekdays":"07:00-22:00","saturday":"Aberto 24 horas","sunday":"Aberto 24 horas","holiday":"Aberto 24 horas"},"paymentMethods":["Dinheiro","Multibanco"],"otherServices":null,"observations":null}},{"type":"Feature","geometry":{"type":"Point","coordinates":[-7.727834,40.85201]},"properties":{"id":"pt-77997","source":"PT","name":"VILA NOVA DE PAIVA","brand":"CEPSA","address":"AV. AQUILINO RIBEIRO, LARGO DO RAMALHAL","municipality":"Vila Nova de Paiva","district":"Viseu","postalCode":"3650-195","fuels":{"gasoline95":2.038,"gasoline95Plus":2.088,"diesel":2.064,"dieselPremium":2.114,"dieselAgri":1.609},"lastUpdated":"2026-08-31 11:15","extra":{"stationType":"Outro"},"services":["Calibragem de pneus"],"hours":null,"paymentMethods":["Dinheiro","Multibanco"],"otherServices":null,"observations":null}},{"type":"Feature","geometry":{"type":"Point","coordinates":[-8.042415,41.08588]},"properties":{"id":"pt-78756","source":"PT","name":"Carcouto Combustiveis Lda / FREITAS Oliveira do Douro - Cinfães","brand":"FREITAS","address":"Rua de Oliveira do Douro, nº 2003","municipality":"Cinfães","district":"Viseu","postalCode":"4690-420","fuels":{"gasoline95":2.104,"diesel":2.17,"dieselPremium":2.167,"dieselAgri":1.715},"lastUpdated":"2026-08-31 09:05","extra":{"stationType":"Outro"},"services":["Cafetaria","Loja de Conveniência","Multibanco","Venda de gás doméstico em garrafas","Venda de gasóleo agrícola","WC","WC para deficientes"],"hours":null,"paymentMethods":["Dinheiro","MbWay","Multibanco"],"otherServices":null,"observations":null}},{"type":"Feature","geometry":{"type":"Point","coordinates":[-7.845321,40.6349]},"properties":{"id":"pt-80070","source":"PT","name":"GALP Viseu - Fragosela","brand":"GALP","address":"Avenida Forte da Gama, Nº16, Fragosela","municipality":"Viseu","district":"Viseu","postalCode":"3505-639","fuels":{"gasoline95":2.024,"diesel":2.127,"dieselPremium":2.177},"lastUpdated":"2026-08-24 16:10","extra":{"stationType":"Outro"},"services":["Multibanco","WC"],"hours":null,"paymentMethods":["Dinheiro"],"otherServices":null,"observations":null}},{"type":"Feature","geometry":{"type":"Point","coordinates":[-7.614118,40.618379]},"properties":{"id":"pt-80373","source":"PT","name":"COMBSANTOS CHÃS DE TAVARES","brand":"PRIO","address":"EN 16, Nº 2, 3530-031 Chãs de Tavares","municipality":"Mangualde","district":"Viseu","postalCode":"3530-031","fuels":{"gasoline95":2.049,"diesel":2.134,"dieselPremium":2.144,"dieselAgri":1.699},"lastUpdated":"2026-08-25 09:30","extra":{"stationType":"Outro"},"services":["Cafetaria","Descanso de pesados","Multibanco","Venda de gás doméstico em garrafas","WC"],"hours":{"weekdays":"07:00-21:00","saturday":"07:00-21:00","sunday":"07:00-21:00","holiday":"07:00-21:00"},"paymentMethods":["Dinheiro"],"otherServices":null,"observations":null}},{"type":"Feature","geometry":{"type":"Point","coordinates":[-7.818333,41.095556]},"properties":{"id":"pt-81370","source":"PT","name":"E.S. LAMEGO II","brand":"REPSOL","address":"Rotunda Dr. Fernando Amaral,\nAlmacave","municipality":"Lamego","district":"Viseu","postalCode":"5100-201","fuels":{"gasoline95":2.114,"gasoline98Plus":2.314,"diesel":2.134,"dieselPremium":2.204},"lastUpdated":"2026-08-31 11:45","extra":{"stationType":"Outro"},"services":["Cafetaria","Lavagem","Loja de Conveniência","Venda de carburante de qualidade superior","Venda de gás doméstico em garrafas","WC","WC para deficientes"],"hours":{"weekdays":"06:00-23:00","saturday":"06:00-23:00","sunday":"06:00-23:00","holiday":"06:00-23:00"},"paymentMethods":["Dinheiro"],"otherServices":null,"observations":null}},{"type":"Feature","geometry":{"type":"Point","coordinates":[-7.874167,40.648167]},"properties":{"id":"pt-81378","source":"PT","name":"PRIO Viseu","brand":"PRIO","address":"Antiga EN 16, Póvoa de Sobrinhos, Rio de Loba","municipality":"Viseu","district":"Viseu","postalCode":"3505-481","fuels":{"gasoline95":2.054,"gasoline95Plus":1.959,"dieselPremium":2.009,"bioDiesel":1.979},"lastUpdated":"2026-08-31 00:30","extra":{"stationType":"Outro"},"services":["Cafetaria","Calibragem de pneus","Loja de Conveniência","Venda de carburante de qualidade superior","Venda de gás doméstico em garrafas","WC"],"hours":{"weekdays":"07:00-23:00","saturday":"07:00-23:00","sunday":"07:00-23:00","holiday":"07:00-23:00"},"paymentMethods":["Dinheiro","MbWay","Multibanco","Outros"],"otherServices":null,"observations":null}},{"type":"Feature","geometry":{"type":"Point","coordinates":[-8.19116,40.71449]},"properties":{"id":"pt-81396","source":"PT","name":"Somelgas-Sociedade de Electrodomesticos Gas e Energias, Lda","brand":"Genérico","address":"Zona Industrial de Oliveira de Frades","municipality":"Oliveira de Frades","district":"Viseu","postalCode":"3680-323","fuels":{"gasoline95":2.06,"gasoline98":2.279,"diesel":2.074,"dieselHeating":2.054,"dieselAgri":1.37},"lastUpdated":"2026-08-31 09:30","extra":{"stationType":"Outro"},"services":["Calibragem de pneus","Multibanco","Venda de gás doméstico em garrafas","Venda de gasóleo para aquecimento","WC","AUTOvoucher"],"hours":{"weekdays":"07:30-21:00","saturday":"07:30-21:00","sunday":"08:00-20:00","holiday":"08:00-20:00"},"paymentMethods":["Dinheiro","Multibanco"],"otherServices":null,"observations":null}},{"type":"Feature","geometry":{"type":"Point","coordinates":[-7.927036,40.603413]},"properties":{"id":"pt-81593","source":"PT","name":"MOEVE OLIVEIRA DE BARREIROS","brand":"MOEVE","address":"EN 232 - OLIVEIRA DE BARREIROS","municipality":"Viseu","district":"Viseu","postalCode":"3500-892","fuels":{"gasoline95":2.018,"gasoline98":2.23,"diesel":2.044,"dieselPremium":2.094,"dieselAgri":1.589},"lastUpdated":"2026-08-31 10:30","extra":{"stationType":"Outro"},"services":["Cafetaria","Loja de Conveniência","Multibanco","WC"],"hours":null,"paymentMethods":["Dinheiro"],"otherServices":null,"observations":null}},{"type":"Feature","geometry":{"type":"Point","coordinates":[-7.47205,40.9034]},"properties":{"id":"pt-82301","source":"PT","name":"COMBSANTOS SARZEDA P19","brand":"PRIO","address":"EN 229","municipality":"Sernancelhe","district":"Viseu","postalCode":"3640-229","fuels":{"gasoline95":2.054,"gasoline98":2.219,"dieselPremium":2.149,"dieselHeating":2.12,"dieselAgri":1.694,"bioDiesel":2.169},"lastUpdated":"2026-08-25 09:30","extra":{"stationType":"Outro"},"services":[],"hours":{"weekdays":"07:00-23:00","saturday":"07:00-23:00","sunday":"07:00-23:00","holiday":"07:00-23:00"},"paymentMethods":["Dinheiro"],"otherServices":null,"observations":"Loja de Conveniência"}},{"type":"Feature","geometry":{"type":"Point","coordinates":[-8.07019,40.75282]},"properties":{"id":"pt-84359","source":"PT","name":"Intermarché","brand":"INTERMARCHÉ","address":"Quinta de Santa Cruz","municipality":"São Pedro do Sul","district":"Viseu","postalCode":"3660-683","fuels":{"gasoline95":1.919,"gasoline98":2.029,"diesel":1.929,"dieselPremium":1.959},"lastUpdated":"2026-08-31 08:00","extra":{"stationType":"Outro"},"services":["Cafetaria","Multibanco","Restaurante","Venda de gás doméstico em garrafas","WC","WC para deficientes"],"hours":{"weekdays":"Aberto 24 horas","saturday":"Aberto 24 horas","sunday":"Aberto 24 horas","holiday":"Aberto 24 horas"},"paymentMethods":["Dinheiro"],"otherServices":null,"observations":"Supermercado"}},{"type":"Feature","geometry":{"type":"Point","coordinates":[-7.926881,40.68089]},"properties":{"id":"pt-84891","source":"PT","name":"BP VISEU ABRAVESES","brand":"BP","address":"RIBEIRA DE MIDE - VISEU","municipality":"Viseu","district":"Viseu","postalCode":"3515-419","fuels":{"gasoline95":2.089,"gasoline98Plus":2.329,"diesel":2.109,"dieselPremium":2.279,"lpg":0.999},"lastUpdated":"2026-08-31 10:20","extra":{"stationType":"Outro"},"services":["Calibragem de pneus"],"hours":null,"paymentMethods":["Dinheiro"],"otherServices":null,"observations":null}},{"type":"Feature","geometry":{"type":"Point","coordinates":[-7.9047,40.4961]},"properties":{"id":"pt-85148","source":"PT","name":"E.S. CANAS DE SENHORIM","brand":"REPSOL","address":"Rua da Estação - Lugar da Raposeira","municipality":"Nelas","district":"Viseu","postalCode":"3525-018","fuels":{"gasoline95":2.064,"gasoline98Plus":2.254,"diesel":2.084,"dieselPremium":2.144,"dieselAgri":1.689,"lpg":0.944},"lastUpdated":"2026-08-31 00:00","extra":{"stationType":"Outro"},"services":["Venda de gás doméstico em garrafas"],"hours":{"weekdays":"08:00-20:00","saturday":"08:00-20:00","sunday":"08:00-20:00","holiday":"08:00-20:00"},"paymentMethods":["Dinheiro"],"otherServices":null,"observations":"JetWash"}},{"type":"Feature","geometry":{"type":"Point","coordinates":[-7.485933,40.898415]},"properties":{"id":"pt-89556","source":"PT","name":"Galp Sernancelhe ","brand":"GALP","address":"Bairro do Sulminheiro ","municipality":"Sernancelhe","district":"Viseu","postalCode":"3640-229","fuels":{"gasoline95":2.064,"gasoline95Plus":2.114,"diesel":2.167,"dieselPremium":2.217,"dieselAgri":1.749},"lastUpdated":"2026-08-24 09:25","extra":{"stationType":"Outro"},"services":["Cafetaria","Lavagem","Loja de Conveniência"],"hours":{"weekdays":"07:00-21:00","saturday":"08:00-20:00","sunday":"08:00-20:00","holiday":"08:00-20:00"},"paymentMethods":["Dinheiro"],"otherServices":null,"observations":null}},{"type":"Feature","geometry":{"type":"Point","coordinates":[-8.007909,40.96613]},"properties":{"id":"pt-91105","source":"PT","name":"GALP - Parada de Ester (CONVITE POSITIVO)","brand":"GALP","address":"Portas de Montemuro - Parada de Ester - Castro Daire","municipality":"Castro Daire","district":"Viseu","postalCode":"3600-508","fuels":{"gasoline95":2.115,"gasoline95Plus":2.135,"diesel":2.121,"dieselPremium":2.141},"lastUpdated":"2026-08-31 08:50","extra":{"stationType":"Outro"},"services":["Cafetaria","Restaurante","WC"],"hours":{"weekdays":"07:00-22:00","saturday":"07:00-22:00","sunday":"07:00-22:00","holiday":"07:00-22:00"},"paymentMethods":["Dinheiro","Multibanco"],"otherServices":null,"observations":null}},{"type":"Feature","geometry":{"type":"Point","coordinates":[-7.87269,40.64686]},"properties":{"id":"pt-91808","source":"PT","name":"INTERMARCHÉ Viseu","brand":"INTERMARCHÉ","address":"Rua da Ribeira, Póvoa de Sobrinhos","municipality":"Viseu","district":"Viseu","postalCode":"3505-488","fuels":{"gasoline95":1.944,"gasoline95Plus":1.964,"diesel":1.959,"dieselPremium":1.979},"lastUpdated":"2026-08-31 08:00","extra":{"stationType":"Área comercial (Hipermercados)"},"services":["Assistência auto","Cafetaria","Calibragem de pneus","Lavagem","Loja de Conveniência","Multibanco","Restaurante","Venda de carburante de qualidade superior","Venda de gás doméstico em garrafas","Venda de gasóleo para aquecimento","WC","WC com fraldário","WC para deficientes","AUTOvoucher"],"hours":{"weekdays":"Aberto 24 horas","saturday":"Aberto 24 horas","sunday":"Aberto 24 horas","holiday":"Aberto 24 horas"},"paymentMethods":["Dinheiro","MbWay","Multibanco","Outros"],"otherServices":null,"observations":null}},{"type":"Feature","geometry":{"type":"Point","coordinates":[-8.12854,40.39775]},"properties":{"id":"pt-92253","source":"PT","name":"E.S. SANTA COMBA DAO","brand":"REPSOL","address":"R. Miguel Neves","municipality":"Santa Comba Dão","district":"Viseu","postalCode":"3440-384","fuels":{"gasoline95":2.064,"gasoline98Plus":2.254,"diesel":2.084,"dieselPremium":2.144,"dieselAgri":1.689,"lpg":0.944},"lastUpdated":"2026-08-31 00:00","extra":{"stationType":"Outro"},"services":["Cafetaria","Loja de Conveniência","Venda de gás doméstico em garrafas"],"hours":{"weekdays":"06:00-22:00","saturday":"06:00-22:00","sunday":"06:00-22:00","holiday":"06:00-22:00"},"paymentMethods":["Dinheiro"],"otherServices":null,"observations":"Aspiração\nJetwash"}},{"type":"Feature","geometry":{"type":"Point","coordinates":[-7.953167,41.109461]},"properties":{"id":"pt-92263","source":"PT","name":"Posto BP Resende Centro","brand":"BP","address":"EN222, R. Seminário, s/n","municipality":"Resende","district":"Viseu","postalCode":"4660-210","fuels":{"gasoline95":2.139,"gasoline98Plus":2.329,"diesel":2.149,"dieselPremium":2.279,"dieselAgri":1.699},"lastUpdated":"2026-08-31 06:00","extra":{"stationType":"Outro"},"services":["Cafetaria","Lavagem","Loja de Conveniência","Venda de gás doméstico em garrafas","Venda de gasóleo agrícola","WC","WC para deficientes"],"hours":{"weekdays":"06:00-22:00","saturday":"06:00-22:00","sunday":"06:00-22:00","holiday":"06:00-22:00"},"paymentMethods":["Dinheiro","MbWay","Multibanco"],"otherServices":null,"observations":null}},{"type":"Feature","geometry":{"type":"Point","coordinates":[-8.168476,40.706636]},"properties":{"id":"pt-92470","source":"PT","name":"MOTOPAL - PAULO LOURENÇO, UNIP,LDA","brand":"ALVES BANDEIRA","address":"R. Principal Cajadães","municipality":"Oliveira de Frades","district":"Viseu","postalCode":"3680-281","fuels":{"gasoline95":2.044,"gasoline98":2.194,"diesel":2.139,"dieselHeating":2.189,"dieselAgri":1.764},"lastUpdated":"2026-08-24 14:50","extra":{"stationType":"Outro"},"services":["Calibragem de pneus","Venda de gasóleo agrícola","Venda de gasóleo para aquecimento"],"hours":{"weekdays":"07:00-22:00","saturday":"07:00-22:00","sunday":"07:00-22:00","holiday":"07:00-22:00"},"paymentMethods":["Dinheiro","Multibanco"],"otherServices":null,"observations":null}},{"type":"Feature","geometry":{"type":"Point","coordinates":[-7.411216,41.14546]},"properties":{"id":"pt-92927","source":"PT","name":"INTERMARCHÉ São João da Pesqueira","brand":"INTERMARCHÉ","address":"Av. João do Nascimento Costa","municipality":"São João da Pesqueira","district":"Viseu","postalCode":"5130-369","fuels":{"gasoline95":1.969,"gasoline95Plus":2.019,"gasoline98":2.189,"diesel":2.019,"dieselPremium":2.069},"lastUpdated":"2026-08-31 10:05","extra":{"stationType":"Outro"},"services":["Cafetaria","Loja de Conveniência","Multibanco","Venda de gás doméstico em garrafas","WC","WC com fraldário","WC para deficientes"],"hours":{"weekdays":"08:00-20:00","saturday":"08:00-20:00","sunday":"08:00-19:30","holiday":"08:00-19:30"},"paymentMethods":["Dinheiro","Multibanco"],"otherServices":"Hipermercado","observations":null}},{"type":"Feature","geometry":{"type":"Point","coordinates":[-7.953193,40.710724]},"properties":{"id":"pt-92960","source":"PT","name":"PA Bodiosa - Viseu","brand":"Genérico","address":"EN 16, km 86,700 - Recta da Ribeira - Travanca da Bodiosa","municipality":"Viseu","district":"Viseu","postalCode":"3515-692","fuels":{"gasoline95":2.029,"gasoline95Plus":2.029,"diesel":2.029,"dieselPremium":2.029,"dieselAgri":1.659},"lastUpdated":"2026-08-24 15:00","extra":{"stationType":"Outro"},"services":["Cafetaria","Loja de Conveniência"],"hours":{"weekdays":"07:00-22:00","saturday":"07:00-22:00","sunday":"07:00-22:00","holiday":"00:00-00:00"},"paymentMethods":["Dinheiro"],"otherServices":null,"observations":null}},{"type":"Feature","geometry":{"type":"Point","coordinates":[-7.807243,40.77846]},"properties":{"id":"pt-92961","source":"PT","name":"PA Vouguinha - Viseu","brand":"Genérico","address":"EN 323 Km 99,6 Vouguinha","municipality":"Viseu","district":"Viseu","postalCode":"3505-239","fuels":{"gasoline95":2.029,"gasoline95Plus":2.029,"gasoline98":2.171,"diesel":2.076,"dieselPremium":2.076,"dieselAgri":1.673},"lastUpdated":"2026-08-24 15:00","extra":{"stationType":"Outro"},"services":["Cafetaria"],"hours":{"weekdays":"07:00-22:00","saturday":"07:00-22:00","sunday":"07:00-22:00","holiday":"07:00-22:00"},"paymentMethods":["Dinheiro"],"otherServices":null,"observations":null}},{"type":"Feature","geometry":{"type":"Point","coordinates":[-8.00802,40.43128]},"properties":{"id":"pt-93028","source":"PT","name":"AB Carregal do Sal","brand":"ALVES BANDEIRA","address":"Av. Nª Srª das Febres, 34","municipality":"Carregal do Sal","district":"Viseu","postalCode":"3430-039","fuels":{"gasoline95":2.044,"diesel":2.139,"dieselPremium":2.189},"lastUpdated":"2026-08-24 15:00","extra":{"stationType":"Outro"},"services":["Loja de Conveniência","Venda de gás doméstico em garrafas","WC","AUTOvoucher"],"hours":{"weekdays":"07:00-22:00","saturday":"07:00-22:00","sunday":"Fechado","holiday":"Fechado"},"paymentMethods":["Dinheiro","MbWay","Multibanco"],"otherServices":null,"observations":null}},{"type":"Feature","geometry":{"type":"Point","coordinates":[-7.927116,40.688106]},"properties":{"id":"pt-93094","source":"PT","name":"Barreirinho - Pascoal","brand":"Genérico","address":"Avenida do alto de Abraveses - EN 16  Pascoal","municipality":"Viseu","district":"Viseu","postalCode":"3515-828","fuels":{"gasoline95":1.954,"gasoline95Plus":1.954,"gasoline98":1.999,"diesel":1.999,"dieselPremium":1.999,"dieselAgri":1.619},"lastUpdated":"2026-08-24 14:30","extra":{"stationType":"Outro"},"services":["Cafetaria","Calibragem de pneus","Lavagem","Loja de Conveniência","Multibanco","Venda de gás doméstico em garrafas","Venda de gasóleo agrícola","WC","WC para deficientes","AUTOvoucher"],"hours":{"weekdays":"07:00-23:00","saturday":"07:00-23:00","sunday":"07:00-23:00","holiday":"07:00-23:00"},"paymentMethods":["Dinheiro","MbWay","Multibanco","Outros"],"otherServices":null,"observations":null}},{"type":"Feature","geometry":{"type":"Point","coordinates":[-8.2249,40.40157]},"properties":{"id":"pt-93210","source":"PT","name":"Intermarché Mortágua","brand":"INTERMARCHÉ","address":"Av. dos Bombeiros Voluntários","municipality":"Mortágua","district":"Viseu","postalCode":"3450-122","fuels":{"gasoline95":1.924,"gasoline98":2.104,"diesel":2.032,"dieselPremium":2.082},"lastUpdated":"2026-08-24 20:00","extra":{"stationType":"Outro"},"services":["Cafetaria","Multibanco","WC","WC para deficientes"],"hours":{"weekdays":"Aberto 24 horas","saturday":"Aberto 24 horas","sunday":"Aberto 24 horas","holiday":"Aberto 24 horas"},"paymentMethods":["Dinheiro"],"otherServices":null,"observations":null}},{"type":"Feature","geometry":{"type":"Point","coordinates":[-7.99496,40.4311]},"properties":{"id":"pt-93214","source":"PT","name":"CEPSA Carregal do Sal","brand":"CEPSA","address":"Arruamento Urbano a Sul da Vila s/nCarregal do Sal","municipality":"Carregal do Sal","district":"Viseu","postalCode":"3430-154","fuels":{"gasoline95":1.988,"gasoline95Plus":2.038,"diesel":2.014,"dieselPremium":2.064,"dieselAgri":1.609,"lpg":0.976},"lastUpdated":"2026-08-31 00:00","extra":{"stationType":"Outro"},"services":["Cafetaria","Lavagem","Loja de Conveniência","Multibanco","Venda de carburante de qualidade superior","Venda de gás doméstico em garrafas","Venda de gasóleo agrícola","WC","AUTOvoucher"],"hours":{"weekdays":"06:00-21:00","saturday":"06:00-21:00","sunday":"06:30-21:00","holiday":"06:30-21:00"},"paymentMethods":["Dinheiro","MbWay","Multibanco","Outros"],"otherServices":null,"observations":null}},{"type":"Feature","geometry":{"type":"Point","coordinates":[-7.882231,40.57122]},"properties":{"id":"pt-93264","source":"PT","name":"CEPSA  Santar","brand":"CEPSA","address":"EN 231 km 14,750 - Recta Casal Sancho","municipality":"Nelas","district":"Viseu","postalCode":"3520-111","fuels":{"gasoline95":2.018,"gasoline95Plus":2.068,"diesel":2.044,"dieselPremium":2.094,"dieselAgri":1.589},"lastUpdated":"2026-08-31 09:00","extra":{"stationType":"Outro"},"services":["Cafetaria","Calibragem de pneus","Loja de Conveniência","Multibanco","Venda de gás doméstico em garrafas","Venda de gasóleo agrícola","WC"],"hours":null,"paymentMethods":["Dinheiro","Multibanco","Outros"],"otherServices":null,"observations":null}},{"type":"Feature","geometry":{"type":"Point","coordinates":[-7.637532,40.98431]},"properties":{"id":"pt-93292","source":"PT","name":"CEPSA Moimenta da Beira/Leomil","brand":"CEPSA","address":"Av. Leodomiro, nº 12 - Alto da Portela","municipality":"Moimenta da Beira","district":"Viseu","postalCode":"3620-162","fuels":{"gasoline95":2.038,"gasoline95Plus":2.088,"diesel":2.064,"dieselPremium":2.114,"dieselAgri":1.609},"lastUpdated":"2026-08-31 11:00","extra":{"stationType":"Outro"},"services":["Calibragem de pneus"],"hours":null,"paymentMethods":["Dinheiro","Multibanco"],"otherServices":null,"observations":null}},{"type":"Feature","geometry":{"type":"Point","coordinates":[-8.210157,40.727108]},"properties":{"id":"pt-93305","source":"PT","name":"Café Lafões- Pinheiro de Lafões","brand":"NOVA","address":"EN 16 km 53,400","municipality":"Oliveira de Frades","district":"Viseu","postalCode":"3680-176","fuels":{"gasoline95":2.029,"gasoline98":2.106,"diesel":1.989,"dieselPremium":2.019,"dieselAgri":1.559},"lastUpdated":"2026-08-31 11:00","extra":{"stationType":"Outro"},"services":["Calibragem de pneus","Venda de gás doméstico em garrafas"],"hours":{"weekdays":"07:00-22:00","saturday":"07:00-21:00","sunday":"07:00-21:00","holiday":"07:00-21:00"},"paymentMethods":["Dinheiro","Multibanco"],"otherServices":null,"observations":null}},{"type":"Feature","geometry":{"type":"Point","coordinates":[-8.186789,41.005608]},"properties":{"id":"pt-93357","source":"PT","name":"PA Nespereira","brand":"FREITAS","address":"Largo Francisco Sá CarneiroN225 65, 4690, Portugal","municipality":"Cinfães","district":"Viseu","postalCode":"4690-343","fuels":{"gasoline95":2.109,"gasoline98":2.295,"diesel":2.119,"dieselPremium":2.151,"dieselAgri":1.695},"lastUpdated":"2026-08-31 07:10","extra":{"stationType":"Outro"},"services":["Cafetaria","Loja de Conveniência","Multibanco","Venda de gás doméstico em garrafas","Venda de gasóleo agrícola","WC","WC para deficientes"],"hours":{"weekdays":"Aberto 24 horas","saturday":"Aberto 24 horas","sunday":"Aberto 24 horas","holiday":"Aberto 24 horas"},"paymentMethods":["Dinheiro","MbWay","Multibanco"],"otherServices":null,"observations":null}},{"type":"Feature","geometry":{"type":"Point","coordinates":[-7.798573,41.08775]},"properties":{"id":"pt-93397","source":"PT","name":"E. LECLERC LAMEGO","brand":"LECLERC","address":"Quinta dos Prados de Baixo - Lugar da Rina","municipality":"Lamego","district":"Viseu","postalCode":"5100-196","fuels":{"gasoline95":2.074,"gasoline95Plus":2.104,"diesel":2.089,"dieselPremium":2.109,"lpg":0.915},"lastUpdated":"2026-08-31 07:20","extra":{"stationType":"Outro"},"services":["Venda de gás doméstico em garrafas"],"hours":{"weekdays":"07:30-21:00","saturday":"07:30-21:00","sunday":null,"holiday":"07:30-21:00"},"paymentMethods":["Dinheiro"],"otherServices":null,"observations":null}},{"type":"Feature","geometry":{"type":"Point","coordinates":[-7.929335,40.693032]},"properties":{"id":"pt-93410","source":"PT","name":"POSTO SHELL - PASCOAL","brand":"SHELL","address":"AVª. ALTO DE ABRAVESES - EN16","municipality":"Viseu","district":"Viseu","postalCode":"3515-828","fuels":{"gasoline95":2.114,"gasoline98Plus":2.309,"diesel":2.149,"dieselPremium":2.229,"bioDiesel":2.159},"lastUpdated":"2026-08-31 08:35","extra":{"stationType":"Outro"},"services":["Cafetaria","Calibragem de pneus","Loja de Conveniência","Multibanco","Venda de carburante de qualidade superior","Venda de gás doméstico em garrafas","WC","WC para deficientes"],"hours":{"weekdays":"07:00-22:00","saturday":"07:00-22:00","sunday":"07:00-22:00","holiday":"07:00-22:00"},"paymentMethods":["Dinheiro","MbWay","Multibanco"],"otherServices":null,"observations":null}},{"type":"Feature","geometry":{"type":"Point","coordinates":[-7.85531,40.53929]},"properties":{"id":"pt-93413","source":"PT","name":"INTERMARCHÉ  NELAS","brand":"INTERMARCHÉ","address":"Avenida Professor Doutor Fortunato de Almeida nº4","municipality":"Nelas","district":"Viseu","postalCode":"3520-056","fuels":{"gasoline95":1.969,"gasoline98":2.099,"diesel":1.979,"dieselPremium":2.019},"lastUpdated":"2026-08-31 09:30","extra":{"stationType":"Outro"},"services":["Cafetaria","Loja de Conveniência","Multibanco","Venda de gás doméstico em garrafas","WC"],"hours":{"weekdays":"08:00-20:30","saturday":"08:00-20:30","sunday":"08:00-20:30","holiday":"08:00-20:30"},"paymentMethods":["Dinheiro","Multibanco"],"otherServices":null,"observations":null}},{"type":"Feature","geometry":{"type":"Point","coordinates":[-7.406998,41.14701]},"properties":{"id":"pt-93531","source":"PT","name":"PETROIL, São João da Pesqueira","brand":"MOEVE","address":"EN 222 - KM 168, 45AV. MARQUÊS SOVERAL N.69","municipality":"São João da Pesqueira","district":"Viseu","postalCode":"5130-321","fuels":{"gasoline95":2.038,"gasoline98Plus":2.25,"diesel":2.064,"dieselPremium":2.114,"dieselAgri":1.609},"lastUpdated":"2026-08-31 00:00","extra":{"stationType":"Outro"},"services":["Calibragem de pneus"],"hours":null,"paymentMethods":["Dinheiro"],"otherServices":null,"observations":null}},{"type":"Feature","geometry":{"type":"Point","coordinates":[-7.462063,40.825466]},"properties":{"id":"pt-93618","source":"PT","name":"PA Peroferreiro","brand":"Genérico","address":"Peroferreiro - N226","municipality":"Sernancelhe","district":"Viseu","postalCode":"3640-050","fuels":{"gasoline95":2.06,"gasoline98":2.21,"diesel":2.15,"dieselHeating":1.8,"dieselAgri":1.7},"lastUpdated":"2026-08-27 14:10","extra":{"stationType":"Outro"},"services":["Calibragem de pneus"],"hours":{"weekdays":"07:00-22:00","saturday":"07:00-22:00","sunday":"07:00-22:00","holiday":null},"paymentMethods":["Dinheiro"],"otherServices":null,"observations":null}},{"type":"Feature","geometry":{"type":"Point","coordinates":[-8.300371,40.73332]},"properties":{"id":"pt-93704","source":"PT","name":"COPARI- COOPERATIVA DOS PRODUTORES AGRICOLAS DE RIBEIRADIO CRL","brand":"GALP","address":"QUINTA DO LADARIO","municipality":"Oliveira de Frades","district":"Viseu","postalCode":"3680-232","fuels":{"diesel":2.029,"dieselAgri":1.629},"lastUpdated":"2026-08-31 08:50","extra":{"stationType":"Outro"},"services":["Calibragem de pneus"],"hours":{"weekdays":"08:30-18:30","saturday":"08:30-18:30","sunday":"Fechado","holiday":"Fechado"},"paymentMethods":["Dinheiro"],"otherServices":null,"observations":null}},{"type":"Feature","geometry":{"type":"Point","coordinates":[-7.995565,40.821686]},"properties":{"id":"pt-93767","source":"PT","name":"PA Genérico - Figueiredo de Alva","brand":"Genérico","address":"Rua Principal, Nº8","municipality":"São Pedro do Sul","district":"Viseu","postalCode":"3660-116","fuels":{"gasoline95":2.054,"gasoline98":2.205,"diesel":2.079,"dieselHeating":2.05,"dieselAgri":1.529},"lastUpdated":"2026-08-31 07:40","extra":{"stationType":"Outro"},"services":["Multibanco","WC"],"hours":{"weekdays":"07:00-23:00","saturday":"07:00-23:00","sunday":"07:00-23:00","holiday":null},"paymentMethods":["Dinheiro"],"otherServices":null,"observations":null}},{"type":"Feature","geometry":{"type":"Point","coordinates":[-8.109386,40.537693]},"properties":{"id":"pt-93816","source":"PT","name":"GALP Molelos","brand":"GALP","address":"Rua Dr. António Marques da Costa (Rua do Fundão)","municipality":"Tondela","district":"Viseu","postalCode":"3460-008","fuels":{"gasoline95":2.054,"gasoline95Plus":2.094,"gasolineMix":2.55,"diesel":2.134,"dieselPremium":2.174,"dieselAgri":1.749},"lastUpdated":"2026-08-24 15:20","extra":{"stationType":"Outro"},"services":["Cafetaria","Loja de Conveniência","Multibanco","WC"],"hours":{"weekdays":"07:00-21:00","saturday":"07:00-21:00","sunday":"Fechado","holiday":"Fechado"},"paymentMethods":["Dinheiro"],"otherServices":null,"observations":null}},{"type":"Feature","geometry":{"type":"Point","coordinates":[-7.915753,40.77644]},"properties":{"id":"pt-93817","source":"PT","name":"PA  de Calde","brand":"ALVES BANDEIRA","address":"Av. das Amoreiras","municipality":"Viseu","district":"Viseu","postalCode":"3515-726","fuels":{"gasoline95":2.125,"gasoline98":2.285,"diesel":2.171,"dieselPremium":2.191,"dieselHeating":2.157,"dieselAgri":1.75},"lastUpdated":"2026-08-25 10:50","extra":{"stationType":"Outro"},"services":["Calibragem de pneus"],"hours":{"weekdays":"07:00-23:00","saturday":"07:00-23:00","sunday":"07:00-23:00","holiday":null},"paymentMethods":["Dinheiro"],"otherServices":null,"observations":null}},{"type":"Feature","geometry":{"type":"Point","coordinates":[-7.7127,40.979572]},"properties":{"id":"pt-93844","source":"PT","name":"PA Alvite (Moimenta da Beira)","brand":"BP","address":"Largo da Neta ","municipality":"Moimenta da Beira","district":"Viseu","postalCode":"3620-030","fuels":{"gasoline95":2.039,"diesel":2.049,"dieselPremium":2.089,"dieselHeating":2.05,"dieselAgri":1.609},"lastUpdated":"2026-08-31 10:50","extra":{"stationType":"Outro"},"services":["Cafetaria","Restaurante"],"hours":null,"paymentMethods":["Dinheiro"],"otherServices":null,"observations":null}},{"type":"Feature","geometry":{"type":"Point","coordinates":[-7.753805,40.604404]},"properties":{"id":"pt-93893","source":"PT","name":"PA KUMA ENERGIA - Mangualde","brand":"Genérico","address":"Rua Azurara da Beira n. 125","municipality":"Mangualde","district":"Viseu","postalCode":"3530-272","fuels":{"gasoline95":1.969,"diesel":1.949,"dieselPremium":1.979,"dieselAgri":1.189},"lastUpdated":"2026-08-31 09:55","extra":{"stationType":"Outro"},"services":["Calibragem de pneus"],"hours":{"weekdays":"07:30-20:00","saturday":"07:30-20:00","sunday":"Fechado","holiday":"Fechado"},"paymentMethods":["Dinheiro"],"otherServices":null,"observations":null}},{"type":"Feature","geometry":{"type":"Point","coordinates":[-7.825418,40.63552]},"properties":{"id":"pt-94138","source":"PT","name":"PA Vila Meã EN16","brand":"Genérico","address":"EN16","municipality":"Viseu","district":"Viseu","postalCode":"3505-247","fuels":{"gasoline95":1.969,"diesel":1.949,"dieselPremium":1.979,"dieselAgri":1.189},"lastUpdated":"2026-08-31 09:55","extra":{"stationType":"Outro"},"services":["Calibragem de pneus"],"hours":{"weekdays":"07:00-19:00","saturday":"07:00-18:00","sunday":"Fechado","holiday":"Fechado"},"paymentMethods":["Dinheiro"],"otherServices":null,"observations":null}},{"type":"Feature","geometry":{"type":"Point","coordinates":[-7.769239,40.60447]},"properties":{"id":"pt-94200","source":"PT","name":"GALP Mangualde","brand":"GALP","address":"EN 16, Km 109,800 - Avenida dos Capitães","municipality":"Mangualde","district":"Viseu","postalCode":"3530-114","fuels":{"gasoline95":2.074,"gasoline95Plus":2.124,"diesel":2.087,"dieselPremium":2.137,"dieselAgri":1.694},"lastUpdated":"2026-08-31 09:10","extra":{"stationType":"Outro"},"services":["Calibragem de pneus"],"hours":null,"paymentMethods":["Dinheiro"],"otherServices":null,"observations":null}},{"type":"Feature","geometry":{"type":"Point","coordinates":[-7.775302,41.031574]},"properties":{"id":"pt-94335","source":"PT","name":"João R. Fernandes & Fos. Lda. - PA Galp Castanheiro de Ouro","brand":"GALP","address":"Avª Ordem de Cister","municipality":"Tarouca","district":"Viseu","postalCode":"3610-103","fuels":{"gasoline95":2.077,"gasoline95Plus":2.137,"diesel":2.177,"dieselPremium":2.237,"dieselAgri":1.749},"lastUpdated":"2026-08-24 10:20","extra":{"stationType":"Outro"},"services":["Cafetaria","Multibanco","WC"],"hours":null,"paymentMethods":["Dinheiro"],"otherServices":null,"observations":null}},{"type":"Feature","geometry":{"type":"Point","coordinates":[-8.094141,40.619534]},"properties":{"id":"pt-94422","source":"PT","name":"ES REPSOL CAPARROSA","brand":"REPSOL","address":"Estrada Nacional 228 nº 1799","municipality":"Tondela","district":"Viseu","postalCode":"3465-101","fuels":{"gasoline95":2.034,"gasoline98Plus":2.224,"diesel":2.139,"dieselPremium":2.199,"dieselAgri":1.719},"lastUpdated":"2026-08-24 11:05","extra":{"stationType":"Outro"},"services":["Cafetaria","Venda de carburante de qualidade superior","Venda de gás doméstico em garrafas","Venda de gasóleo agrícola","WC para deficientes","AUTOvoucher"],"hours":{"weekdays":"07:00-00:00","saturday":"07:00-00:00","sunday":"07:00-00:00","holiday":"07:00-00:00"},"paymentMethods":["Dinheiro","MbWay","Multibanco","Outros"],"otherServices":null,"observations":null}},{"type":"Feature","geometry":{"type":"Point","coordinates":[-8.11931,40.77368]},"properties":{"id":"pt-94427","source":"PT","name":"ASF Passos - Carvalhais","brand":"Genérico","address":"EN 227, Km 62,270","municipality":"São Pedro do Sul","district":"Viseu","postalCode":"3660-055","fuels":{"gasoline95":1.991,"gasoline98":2.116,"diesel":2.045,"dieselPremium":2.045,"dieselAgri":1.568},"lastUpdated":"2026-08-31 06:45","extra":{"stationType":"Outro"},"services":["Calibragem de pneus"],"hours":{"weekdays":"07:00-22:00","saturday":"07:00-22:00","sunday":"07:00-22:00","holiday":"07:00-22:00"},"paymentMethods":["Dinheiro","MbWay","Multibanco"],"otherServices":null,"observations":null}},{"type":"Feature","geometry":{"type":"Point","coordinates":[-7.685744,41.097977]},"properties":{"id":"pt-94487","source":"PT","name":"REPSOL Armamar","brand":"REPSOL","address":"LUGAR BICA DO HOSPITAL","municipality":"Armamar","district":"Viseu","postalCode":"5110-152","fuels":{"gasoline95":2.064,"gasoline95Plus":2.124,"gasoline98Plus":2.254,"diesel":2.084,"dieselPremium":2.144,"dieselAgri":1.699,"lpg":1.024},"lastUpdated":"2026-08-31 00:05","extra":{"stationType":"Outro"},"services":["Cafetaria","Lavagem","Multibanco","Venda de gás doméstico em garrafas","Venda de gasóleo agrícola","WC","WC para deficientes"],"hours":null,"paymentMethods":["Dinheiro","MbWay","Multibanco","Outros"],"otherServices":null,"observations":null}},{"type":"Feature","geometry":{"type":"Point","coordinates":[-7.692947,41.107143]},"properties":{"id":"pt-94498","source":"PT","name":"Posto Galp Armamar","brand":"GALP","address":"Av. Dr. Oliveira Salazar","municipality":"Armamar","district":"Viseu","postalCode":"5110-122","fuels":{"gasoline95":2.074,"gasoline95Plus":2.124,"diesel":2.087,"dieselPremium":2.124,"dieselAgri":1.664},"lastUpdated":"2026-08-31 10:55","extra":{"stationType":"Outro"},"services":["Calibragem de pneus"],"hours":null,"paymentMethods":["Dinheiro","Multibanco"],"otherServices":null,"observations":null}},{"type":"Feature","geometry":{"type":"Point","coordinates":[-8.081781,40.517345]},"properties":{"id":"pt-94506","source":"PT","name":"GALP TONDELA","brand":"GALP","address":"Av. Visconde de Tondela","municipality":"Tondela","district":"Viseu","postalCode":"3460-589","fuels":{"gasoline95":2.109,"gasoline95Plus":2.159,"gasoline98Plus":2.339,"diesel":2.122,"dieselPremium":2.172},"lastUpdated":"2026-08-31 09:00","extra":{"stationType":"Outro"},"services":["Loja de Conveniência","Multibanco","Venda de gás doméstico em garrafas","WC","WC para deficientes"],"hours":null,"paymentMethods":["Dinheiro","MbWay","Multibanco","Outros"],"otherServices":null,"observations":null}},{"type":"Feature","geometry":{"type":"Point","coordinates":[-8.129578,40.397537]},"properties":{"id":"pt-94507","source":"PT","name":"GALP SANTA COMBA DÃO","brand":"GALP","address":"P. Galp-Av General Humberto Delgado","municipality":"Santa Comba Dão","district":"Viseu","postalCode":"3440-325","fuels":{"gasoline95":2.074,"gasoline95Plus":2.124,"diesel":2.087,"dieselPremium":2.137},"lastUpdated":"2026-08-31 09:00","extra":{"stationType":"Outro"},"services":["Calibragem de pneus","Multibanco","Venda de gás doméstico em garrafas","WC","WC para deficientes"],"hours":null,"paymentMethods":["Dinheiro","Multibanco","Outros"],"otherServices":null,"observations":null}},{"type":"Feature","geometry":{"type":"Point","coordinates":[-8.247742,40.3902]},"properties":{"id":"pt-94538","source":"PT","name":"GALP Mortágua","brand":"GALP","address":"Avenida Infante D. Henrique, 103A - Vale de Açores","municipality":"Mortágua","district":"Viseu","postalCode":"3450-202","fuels":{"gasoline95":2.064,"gasoline95Plus":2.114,"diesel":2.167,"dieselPremium":2.217,"dieselAgri":1.719},"lastUpdated":"2026-08-30 00:00","extra":{"stationType":"Outro"},"services":["Multibanco","WC"],"hours":null,"paymentMethods":["Dinheiro"],"otherServices":null,"observations":null}},{"type":"Feature","geometry":{"type":"Point","coordinates":[-8.110905,40.72417]},"properties":{"id":"pt-94621","source":"PT","name":"GALP Vouzela","brand":"GALP","address":"Variante de Vouzela","municipality":"Vouzela","district":"Viseu","postalCode":"3670-234","fuels":{"gasoline95":2.074,"gasoline95Plus":2.124,"diesel":2.087,"dieselPremium":2.137,"dieselAgri":1.694,"lpg":0.989},"lastUpdated":"2026-08-31 09:00","extra":{"stationType":"Outro"},"services":["Cafetaria","Calibragem de pneus","Lavagem","Loja de Conveniência","Multibanco","Venda de gás doméstico em garrafas","Venda de gasóleo agrícola","WC","WC para deficientes"],"hours":null,"paymentMethods":["Dinheiro","Multibanco","Outros"],"otherServices":null,"observations":null}},{"type":"Feature","geometry":{"type":"Point","coordinates":[-7.94025,40.62839]},"properties":{"id":"pt-94622","source":"PT","name":"GALP REPESES","brand":"GALP","address":"Posto Galp, Estr. Nac. N.2, KM 178,Repeses","municipality":"Viseu","district":"Viseu","postalCode":"3500-719","fuels":{"gasoline95":2.069,"gasoline95Plus":2.124,"gasoline98Plus":2.299,"diesel":2.082,"dieselPremium":2.137},"lastUpdated":"2026-08-31 09:00","extra":{"stationType":"Outro"},"services":["Cafetaria","Calibragem de pneus","Lavagem","Loja de Conveniência","Multibanco","Venda de gás doméstico em garrafas","WC","WC para deficientes"],"hours":null,"paymentMethods":["Dinheiro","MbWay","Multibanco","Outros"],"otherServices":null,"observations":null}},{"type":"Feature","geometry":{"type":"Point","coordinates":[-8.197262,41.07877]},"properties":{"id":"pt-94692","source":"PT","name":"Freitas- A. Esteves, Lda_Tarouquela (Cinfães)","brand":"FREITAS","address":"Lugar do Negrão- Pinheiro Tarouquela","municipality":"Cinfães","district":"Viseu","postalCode":"4690-722","fuels":{"gasoline95":2.129,"gasolineMix":2.5,"diesel":2.119,"dieselPremium":2.169},"lastUpdated":"2026-08-31 09:40","extra":{"stationType":"Outro"},"services":["Calibragem de pneus"],"hours":{"weekdays":"06:00-21:00","saturday":"06:00-21:00","sunday":"07:00-21:00","holiday":"00:00-00:00"},"paymentMethods":["Dinheiro"],"otherServices":null,"observations":null}},{"type":"Feature","geometry":{"type":"Point","coordinates":[-7.665691,41.001286]},"properties":{"id":"pt-94723","source":"PT","name":"Gasonave Sarzedo - Posto 2","brand":"Genérico","address":"Lugar da Craveira - Sarzedo","municipality":"Moimenta da Beira","district":"Viseu","postalCode":"3620-480","fuels":{"gasoline95":2.009,"gasoline98":2.109,"diesel":2.109,"dieselPremium":2.139,"dieselAgri":1.669},"lastUpdated":"2026-08-25 06:35","extra":{"stationType":"Outro"},"services":["Calibragem de pneus"],"hours":null,"paymentMethods":["Dinheiro"],"otherServices":null,"observations":null}},{"type":"Feature","geometry":{"type":"Point","coordinates":[-7.891063,40.667889]},"properties":{"id":"pt-94887","source":"PT","name":"PA BARREIRINHO Travassós","brand":"Genérico","address":"São João da Carreira","municipality":"Viseu","district":"Viseu","postalCode":"3505-361","fuels":{"gasoline95":1.954,"gasoline95Plus":1.954,"gasoline98":1.999,"diesel":1.999,"dieselPremium":1.999,"dieselAgri":1.614},"lastUpdated":"2026-08-24 14:30","extra":{"stationType":"Outro"},"services":["Loja de Conveniência","WC para deficientes"],"hours":{"weekdays":"07:00-23:00","saturday":"07:00-23:00","sunday":"07:00-23:00","holiday":"07:00-23:00"},"paymentMethods":["Dinheiro"],"otherServices":null,"observations":null}},{"type":"Feature","geometry":{"type":"Point","coordinates":[-7.647468,41.066383]},"properties":{"id":"pt-94908","source":"PT","name":"MOEVE São Cosmado","brand":"MOEVE","address":"EN 313 (km 99.8), Lugar de Maria João","municipality":"Armamar","district":"Viseu","postalCode":"5110-590","fuels":{"gasoline95":2.038,"gasoline95Plus":2.088,"diesel":2.064,"dieselPremium":2.114,"dieselAgri":1.609},"lastUpdated":"2026-08-31 11:00","extra":{"stationType":"Outro"},"services":["Calibragem de pneus"],"hours":{"weekdays":"06:30-21:30","saturday":"06:30-21:30","sunday":"06:30-21:30","holiday":"06:30-21:30"},"paymentMethods":["Dinheiro","Multibanco"],"otherServices":null,"observations":null}},{"type":"Feature","geometry":{"type":"Point","coordinates":[-7.501948,40.939625]},"properties":{"id":"pt-95199","source":"PT","name":"MOEVE Ferrerim - Sernancelhe","brand":"MOEVE","address":"Av. N. Senhora da Consolação","municipality":"Sernancelhe","district":"Viseu","postalCode":"3640-072","fuels":{"gasoline95":2.038,"gasoline95Plus":2.088,"diesel":2.064,"dieselPremium":2.114,"dieselAgri":1.609},"lastUpdated":"2026-08-31 09:05","extra":{"stationType":"Outro"},"services":["Calibragem de pneus"],"hours":{"weekdays":"07:00-20:30","saturday":"07:30-20:00","sunday":"08:00-20:00","holiday":"08:00-20:00"},"paymentMethods":["Dinheiro"],"otherServices":null,"observations":null}},{"type":"Feature","geometry":{"type":"Point","coordinates":[-7.831499,40.716824]},"properties":{"id":"pt-95200","source":"PT","name":"E.S. CAVERNAES B","brand":"REPSOL","address":"CAVERNÃES","municipality":"Viseu","district":"Viseu","postalCode":null,"fuels":{"gasoline95":2.054,"gasoline95Plus":2.104,"gasoline98Plus":2.234,"diesel":2.074,"dieselPremium":2.134},"lastUpdated":"2026-08-31 00:00","extra":{"stationType":"Outro"},"services":["Calibragem de pneus"],"hours":null,"paymentMethods":["Dinheiro"],"otherServices":null,"observations":null}},{"type":"Feature","geometry":{"type":"Point","coordinates":[-8.045627,40.82101]},"properties":{"id":"pt-95203","source":"PT","name":"E.S. S. PEDRO DO SUL -  OLIVEIRA","brand":"REPSOL","address":"RUA DA ABENEIRA - OLIVEIRA, SUL","municipality":"São Pedro do Sul","district":"Viseu","postalCode":"3660-625","fuels":{"gasoline95":2.074,"gasoline98Plus":2.264,"diesel":2.094,"dieselPremium":2.154,"dieselAgri":1.649},"lastUpdated":"2026-08-31 00:00","extra":{"stationType":"Outro"},"services":["Calibragem de pneus"],"hours":null,"paymentMethods":["Dinheiro"],"otherServices":null,"observations":null}},{"type":"Feature","geometry":{"type":"Point","coordinates":[-7.46969,41.05134]},"properties":{"id":"pt-95205","source":"PT","name":"E.S. PAREDES DA BEIRA","brand":"REPSOL","address":"EN 505, BAIRRO DO CRUZEIRO 57","municipality":"São João da Pesqueira","district":"Viseu","postalCode":"5130-272","fuels":{"gasoline95":2.064,"gasoline98Plus":2.244,"diesel":2.084,"dieselPremium":2.144,"dieselAgri":1.649},"lastUpdated":"2026-08-31 00:00","extra":{"stationType":"Outro"},"services":["Calibragem de pneus"],"hours":null,"paymentMethods":["Dinheiro"],"otherServices":null,"observations":null}},{"type":"Feature","geometry":{"type":"Point","coordinates":[-7.963794,40.80595]},"properties":{"id":"pt-95206","source":"PT","name":"E.S. PINDELO DOS MILAGRES","brand":"REPSOL","address":"RUA DA LIBERDADE Nº47","municipality":"São Pedro do Sul","district":"Viseu","postalCode":"3660-174","fuels":{"gasoline95":2.074,"gasoline98Plus":2.264,"diesel":2.094,"dieselPremium":2.154,"dieselAgri":1.649},"lastUpdated":"2026-08-31 00:00","extra":{"stationType":"Outro"},"services":["Calibragem de pneus"],"hours":null,"paymentMethods":["Dinheiro"],"otherServices":null,"observations":null}},{"type":"Feature","geometry":{"type":"Point","coordinates":[-8.093578,40.776836]},"properties":{"id":"pt-95248","source":"PT","name":"E.S. SAO PEDRO DO SUL ZI","brand":"Genérico","address":"AVENIDA DA ZONA INDUSTRIAL, Nº21 - ALTO DO BARRO","municipality":"São Pedro do Sul","district":"Viseu","postalCode":"3660-031","fuels":{"gasoline95":2.074,"gasoline95Plus":2.134,"diesel":2.094,"dieselPremium":2.154,"dieselAgri":1.649},"lastUpdated":"2026-08-31 00:00","extra":{"stationType":"Outro"},"services":["Calibragem de pneus"],"hours":{"weekdays":"07:00-22:00","saturday":"07:00-22:00","sunday":"07:00-22:00","holiday":"07:00-22:00"},"paymentMethods":["Dinheiro","MbWay","Multibanco"],"otherServices":null,"observations":null}},{"type":"Feature","geometry":{"type":"Point","coordinates":[-7.8428,40.5184]},"properties":{"id":"pt-95257","source":"PT","name":"PRIO Nelas","brand":"PRIO","address":"EN 231, Km 22,300-D, Nelas","municipality":"Nelas","district":"Viseu","postalCode":"3520-094","fuels":{"gasoline95":2.054,"gasoline95Plus":1.979,"dieselPremium":2.009,"dieselAgri":1.564,"bioDiesel":1.979},"lastUpdated":"2026-08-31 00:30","extra":{"stationType":"Outro"},"services":["Calibragem de pneus","Loja de Conveniência"],"hours":{"weekdays":"07:00-23:00","saturday":"07:00-23:00","sunday":"07:00-23:00","holiday":"07:00-23:00"},"paymentMethods":["Dinheiro","MbWay","Multibanco","Outros"],"otherServices":null,"observations":null}}]}