{"type":"FeatureCollection","features":[{"type":"Feature","geometry":{"type":"Point","coordinates":[-8.20869,39.46327]},"properties":{"id":"pt-64996","source":"PT","name":"SOSEPOR, LDA.","brand":"GALP","address":"Av. Forças Armadas","municipality":"Abrantes","district":"Santarém","postalCode":"2200-300","fuels":{"gasoline95":2.036,"gasoline95Plus":2.086,"diesel":2.098,"dieselPremium":2.148},"lastUpdated":"2026-07-29 13:40","extra":{"stationType":"Outro"},"services":["Cafetaria","Lavagem","Loja de Conveniência","Venda de carburante de qualidade superior","Venda de gás doméstico em garrafas","WC","WC para deficientes"],"hours":{"weekdays":"07:00-00:00","saturday":"07:00-00:00","sunday":"07:00-00:00","holiday":"07:00-00:00"},"paymentMethods":["Dinheiro"],"otherServices":null,"observations":null}},{"type":"Feature","geometry":{"type":"Point","coordinates":[-8.042503,39.46431]},"properties":{"id":"pt-64998","source":"PT","name":"MARCOS & MENDES, LDA.","brand":"GALP","address":"E.N.118 ao Km.149,800 - Rua 5 de Outubro, nº54","municipality":"Abrantes","district":"Santarém","postalCode":"2205-104","fuels":{"gasoline95":2.036,"gasoline95Plus":2.086,"diesel":2.098,"dieselPremium":2.148,"dieselAgri":1.704},"lastUpdated":"2026-07-29 00:00","extra":{"stationType":"Outro"},"services":["Cafetaria","Loja de Conveniência","Multibanco","Venda de carburante de qualidade superior","Venda de gás doméstico em garrafas","Venda de gasóleo agrícola","WC"],"hours":{"weekdays":"00:00-00:00","saturday":"00:00-00:00","sunday":"00:00-00:00","holiday":"00:00-00:00"},"paymentMethods":["Dinheiro","Multibanco"],"otherServices":null,"observations":null}},{"type":"Feature","geometry":{"type":"Point","coordinates":[-8.687941,39.519272]},"properties":{"id":"pt-65013","source":"PT","name":"AUTO MINDRICA LDA.","brand":"GALP","address":"EN 243 Km 23,2","municipality":"Alcanena","district":"Santarém","postalCode":"2395-000","fuels":{"gasoline95":2.031,"gasoline95Plus":2.081,"diesel":2.098,"dieselPremium":2.148,"lpg":0.969},"lastUpdated":"2026-07-27 00:05","extra":{"stationType":"Outro"},"services":["Loja de Conveniência","Multibanco","Venda de carburante de qualidade superior","Venda de gás doméstico em garrafas","WC"],"hours":{"weekdays":"06:00-23:30","saturday":"06:00-23:30","sunday":"06:00-23:30","holiday":"06:00-23:30"},"paymentMethods":["Dinheiro"],"otherServices":null,"observations":"Full Service"}},{"type":"Feature","geometry":{"type":"Point","coordinates":[-8.473147,39.367096]},"properties":{"id":"pt-65044","source":"PT","name":"INTERMARCHÉ DE  CHAMUSCA","brand":"INTERMARCHÉ","address":"EN 118 KM 99- QUINTA ARNEIRO DE CIMA","municipality":"Chamusca","district":"Santarém","postalCode":"2140-011","fuels":{"gasoline95":1.935,"gasoline95Plus":1.985,"diesel":1.975,"dieselPremium":1.999},"lastUpdated":"2026-07-28 09:15","extra":{"stationType":"Outro"},"services":["Cafetaria","Multibanco","Venda de gás doméstico em garrafas","WC","WC com fraldário"],"hours":{"weekdays":"Aberto 24 horas","saturday":"Aberto 24 horas","sunday":"Aberto 24 horas","holiday":"Aberto 24 horas"},"paymentMethods":["Dinheiro","MbWay","Multibanco"],"otherServices":null,"observations":null}},{"type":"Feature","geometry":{"type":"Point","coordinates":[-8.632701,39.211342]},"properties":{"id":"pt-65076","source":"PT","name":"J. M. CORDEIRO, LDA.","brand":"GALP","address":"EN 114 Km 81,8","municipality":"Almeirim","district":"Santarém","postalCode":"2080-099","fuels":{"gasoline95":2.026,"gasoline95Plus":2.076,"diesel":2.088,"dieselPremium":2.138},"lastUpdated":"2026-07-29 17:00","extra":{"stationType":"Outro"},"services":["Cafetaria","Lavagem","Loja de Conveniência","Multibanco","Venda de carburante de qualidade superior","Venda de gás doméstico em garrafas","Venda de gasóleo agrícola","WC","WC para deficientes"],"hours":{"weekdays":"Aberto 24 horas","saturday":"Aberto 24 horas","sunday":"Aberto 24 horas","holiday":"Aberto 24 horas"},"paymentMethods":["Dinheiro"],"otherServices":null,"observations":"Full Service"}},{"type":"Feature","geometry":{"type":"Point","coordinates":[-8.58495,39.17767]},"properties":{"id":"pt-65077","source":"PT","name":"J. M. Cordeiro, Lda.","brand":"GALP","address":"Rua Dr. Guilherme Nunes Godinho","municipality":"Almeirim","district":"Santarém","postalCode":"2080-562","fuels":{"gasoline95":2.026,"gasoline95Plus":2.076,"diesel":2.088,"dieselPremium":2.138,"dieselAgri":1.704},"lastUpdated":"2026-07-29 17:00","extra":{"stationType":"Outro"},"services":["Venda de carburante de qualidade superior","Venda de gás doméstico em garrafas","Venda de gasóleo agrícola","WC"],"hours":{"weekdays":"07:00-22:00","saturday":"07:00-22:00","sunday":"07:00-22:00","holiday":"07:00-22:00"},"paymentMethods":["Dinheiro"],"otherServices":null,"observations":"Full Service"}},{"type":"Feature","geometry":{"type":"Point","coordinates":[-8.589177,39.252796]},"properties":{"id":"pt-65104","source":"PT","name":"J. M. CÉU - COMÉRCIO DE COMBUSTÍVEIS, LDA.","brand":"GALP","address":"EN 118 (Rua José Relvas) Km 80,4","municipality":"Alpiarça","district":"Santarém","postalCode":"2090-102","fuels":{"gasoline95":2.065,"gasoline95Plus":2.115,"diesel":2.133,"dieselPremium":2.183,"dieselAgri":1.704},"lastUpdated":"2026-07-27 08:45","extra":{"stationType":"Outro"},"services":["Venda de carburante de qualidade superior","Venda de gás doméstico em garrafas","Venda de gasóleo agrícola"],"hours":{"weekdays":"06:00-23:00","saturday":"06:00-23:00","sunday":"06:00-23:00","holiday":"06:00-23:00"},"paymentMethods":["Dinheiro"],"otherServices":null,"observations":"Full Service"}},{"type":"Feature","geometry":{"type":"Point","coordinates":[-8.87612,38.9319]},"properties":{"id":"pt-65175","source":"PT","name":"FRANCISCO ANTÓNIO CORDEIRO","brand":"GALP","address":"EN 118 Km 33","municipality":"Benavente","district":"Santarém","postalCode":"2135-206","fuels":{"gasoline95":2.061,"gasoline95Plus":2.111,"diesel":2.128,"dieselPremium":2.178},"lastUpdated":"2026-07-27 14:35","extra":{"stationType":"Outro"},"services":["Cafetaria","Lavagem","Loja de Conveniência","Multibanco","Venda de carburante de qualidade superior","Venda de gás doméstico em garrafas","WC","WC para deficientes"],"hours":{"weekdays":"06:00-00:00","saturday":"06:00-00:00","sunday":"06:00-00:00","holiday":"06:00-00:00"},"paymentMethods":["Dinheiro"],"otherServices":null,"observations":"Full Service"}},{"type":"Feature","geometry":{"type":"Point","coordinates":[-8.78627,39.16094]},"properties":{"id":"pt-65203","source":"PT","name":"J. M. CORDEIRO, LDA.","brand":"GALP","address":"Rua Serpa Pinto nº 16","municipality":"Cartaxo","district":"Santarém","postalCode":"2070-000","fuels":{"gasoline95":2.036,"gasoline95Plus":2.086,"diesel":2.098,"dieselPremium":2.148},"lastUpdated":"2026-07-29 17:00","extra":{"stationType":"Outro"},"services":["Venda de carburante de qualidade superior","Venda de gás doméstico em garrafas","WC"],"hours":{"weekdays":"06:00-00:00","saturday":"06:00-00:00","sunday":"06:00-00:00","holiday":"06:00-00:00"},"paymentMethods":["Dinheiro"],"otherServices":null,"observations":"Full Service"}},{"type":"Feature","geometry":{"type":"Point","coordinates":[-8.48351,39.355]},"properties":{"id":"pt-65235","source":"PT","name":"J.M. Cordeiro, Lda - Chamusca","brand":"GALP","address":"Rua Direita de São Pedro nº 161","municipality":"Chamusca","district":"Santarém","postalCode":"2140-000","fuels":{"gasoline95":2.012,"gasoline95Plus":2.032,"diesel":2.072,"dieselPremium":2.092,"dieselAgri":1.645},"lastUpdated":"2026-07-27 12:00","extra":{"stationType":"Outro"},"services":["Venda de gás doméstico em garrafas","Venda de gasóleo agrícola"],"hours":{"weekdays":"07:30-21:30","saturday":"07:30-21:30","sunday":"Fechado","holiday":"07:30-21:30"},"paymentMethods":["Dinheiro","MbWay","Multibanco"],"otherServices":null,"observations":null}},{"type":"Feature","geometry":{"type":"Point","coordinates":[-8.46383,39.77116]},"properties":{"id":"pt-65511","source":"PT","name":"ACÁCIO MARQUES GOMES","brand":"GALP","address":"Rua da várzea n.º18  (EN356 Km 58,4=","municipality":"Ourém","district":"Santarém","postalCode":"2435-321","fuels":{"gasoline95":2.083,"gasoline98Plus":2.253,"diesel":2.143,"dieselPremium":2.153,"dieselAgri":1.71},"lastUpdated":"2026-07-28 19:25","extra":{"stationType":"Outro"},"services":["Assistência auto","Cafetaria","Calibragem de pneus","Descanso de pesados","Lavagem","Multibanco","Restaurante","Venda de carburante de qualidade superior","Venda de gás doméstico em garrafas","Venda de gasóleo agrícola","WC"],"hours":{"weekdays":"07:00-22:00","saturday":"07:00-22:00","sunday":"07:00-22:00","holiday":"07:00-22:00"},"paymentMethods":["Dinheiro","Multibanco"],"otherServices":null,"observations":"Full Servi"}},{"type":"Feature","geometry":{"type":"Point","coordinates":[-8.570691,39.656183]},"properties":{"id":"pt-65512","source":"PT","name":"Petrourém - Sociedade Ouriense Derivados do Petroleo Lda.","brand":"GALP","address":"Av. Nuno Álvares Pereira","municipality":"Ourém","district":"Santarém","postalCode":"2490-483","fuels":{"gasoline95":2.061,"gasoline95Plus":2.111,"diesel":2.128,"dieselPremium":2.178,"dieselAgri":1.704},"lastUpdated":"2026-07-27 11:05","extra":{"stationType":"Outro"},"services":["Multibanco","Venda de carburante de qualidade superior","Venda de gás doméstico em garrafas","Venda de gasóleo agrícola","WC"],"hours":{"weekdays":"Aberto 24 horas","saturday":"Aberto 24 horas","sunday":"Aberto 24 horas","holiday":"Aberto 24 horas"},"paymentMethods":["Dinheiro"],"otherServices":null,"observations":"Full Service"}},{"type":"Feature","geometry":{"type":"Point","coordinates":[-8.53857,39.71315]},"properties":{"id":"pt-65513","source":"PT","name":"FERRAZES - COMBUSTIVEIS E ÓLEOS, LDA","brand":"GALP","address":"EN 106 (Rua dos Combatentes nº 106) Km 0,75","municipality":"Ourém","district":"Santarém","postalCode":"2435-125","fuels":{"gasoline95":2.061,"gasoline95Plus":2.121,"diesel":2.128,"dieselPremium":2.188},"lastUpdated":"2026-07-29 12:15","extra":{"stationType":"Outro"},"services":[],"hours":{"weekdays":"07:00-23:00","saturday":"07:00-23:00","sunday":"07:00-23:00","holiday":"07:00-23:00"},"paymentMethods":["Dinheiro"],"otherServices":null,"observations":null}},{"type":"Feature","geometry":{"type":"Point","coordinates":[-8.667848,39.058243]},"properties":{"id":"pt-65591","source":"PT","name":"GALP A.S. Salvaterra de Magos (N/S)","brand":"GALP","address":"A. E. 13 Km 60.4  Sublanço Almeirim / Salvaterra","municipality":"Salvaterra de Magos","district":"Santarém","postalCode":"2125-125","fuels":{"gasoline95":2.139,"gasoline95Plus":2.209,"diesel":2.209,"dieselPremium":2.279,"lpg":0.999},"lastUpdated":"2026-07-31 04:10","extra":{"stationType":"Auto-estrada"},"services":["Descanso de pesados","Loja de Conveniência","Multibanco","Via verde","WC","WC com fraldário","WC para deficientes"],"hours":{"weekdays":"07:00-00:00","saturday":"07:00-00:00","sunday":"07:00-00:00","holiday":"07:00-00:00"},"paymentMethods":["Dinheiro","MbWay","Multibanco","Outros"],"otherServices":null,"observations":null}},{"type":"Feature","geometry":{"type":"Point","coordinates":[-8.666127,39.057034]},"properties":{"id":"pt-65592","source":"PT","name":"GALP A.S. Salvaterra de Magos (S/N)","brand":"GALP","address":"A.13 Km 60,4  Sublanço Almeirim / Marateca","municipality":"Salvaterra de Magos","district":"Santarém","postalCode":"2125-125","fuels":{"gasoline95":2.139,"gasoline95Plus":2.209,"diesel":2.209,"dieselPremium":2.279,"lpg":0.999},"lastUpdated":"2026-07-31 04:15","extra":{"stationType":"Auto-estrada"},"services":["Descanso de pesados","Loja de Conveniência","Multibanco","WC","WC com fraldário","WC para deficientes"],"hours":{"weekdays":"07:00-00:00","saturday":"07:00-00:00","sunday":"07:00-00:00","holiday":"07:00-00:00"},"paymentMethods":["Dinheiro","MbWay","Multibanco","Outros"],"otherServices":null,"observations":null}},{"type":"Feature","geometry":{"type":"Point","coordinates":[-8.703657,39.237055]},"properties":{"id":"pt-65599","source":"PT","name":"J. M. CORDEIRO, LDA.(1)","brand":"GALP","address":"Rua O","municipality":"Santarém","district":"Santarém","postalCode":"2000-000","fuels":{"gasoline95":2.036,"gasoline95Plus":2.086,"diesel":2.098,"dieselPremium":2.148,"lpg":0.954},"lastUpdated":"2026-07-29 17:00","extra":{"stationType":"Outro"},"services":["Cafetaria","Loja de Conveniência","Venda de carburante de qualidade superior","Venda de gás doméstico em garrafas","WC","WC com fraldário","WC para deficientes"],"hours":{"weekdays":"07:00-22:00","saturday":"07:00-22:00","sunday":"07:00-22:00","holiday":"07:00-22:00"},"paymentMethods":["Dinheiro"],"otherServices":null,"observations":null}},{"type":"Feature","geometry":{"type":"Point","coordinates":[-8.7033,39.23667]},"properties":{"id":"pt-65600","source":"PT","name":"J. M. CORDEIRO, LDA.(2)","brand":"GALP","address":"Rua O","municipality":"Santarém","district":"Santarém","postalCode":"2000-000","fuels":{"gasoline95":2.036,"gasoline95Plus":2.086,"diesel":2.098,"dieselPremium":2.148,"lpg":0.954},"lastUpdated":"2026-07-29 17:00","extra":{"stationType":"Outro"},"services":["Cafetaria","Loja de Conveniência","Venda de carburante de qualidade superior","Venda de gás doméstico em garrafas","WC","WC com fraldário","WC para deficientes"],"hours":{"weekdays":"07:00-22:00","saturday":"07:00-22:00","sunday":"07:00-22:00","holiday":"07:00-22:00"},"paymentMethods":["Dinheiro"],"otherServices":null,"observations":null}},{"type":"Feature","geometry":{"type":"Point","coordinates":[-8.66012,39.38387]},"properties":{"id":"pt-65601","source":"PT","name":"JUNTA DE FREGUESIA DE PERNES","brand":"GALP","address":"EN 3 (Rua Engº António Torres) Km 58,3","municipality":"Santarém","district":"Santarém","postalCode":"2000-495","fuels":{"gasoline95":2.031,"gasoline95Plus":2.091,"diesel":2.098,"dieselPremium":2.158,"dieselAgri":1.704},"lastUpdated":"2026-07-27 12:00","extra":{"stationType":"Outro"},"services":["Venda de carburante de qualidade superior","Venda de gás doméstico em garrafas","Venda de gasóleo agrícola"],"hours":{"weekdays":"06:00-23:00","saturday":"06:00-23:00","sunday":"06:00-23:00","holiday":"06:00-23:00"},"paymentMethods":["Dinheiro"],"otherServices":null,"observations":"Full Service"}},{"type":"Feature","geometry":{"type":"Point","coordinates":[-8.68941,39.244524]},"properties":{"id":"pt-65602","source":"PT","name":"GALP SANTARÉM","brand":"GALP","address":"Rua Cabine","municipality":"Santarém","district":"Santarém","postalCode":"2005-264","fuels":{"gasoline95":2.036,"gasoline95Plus":2.086,"diesel":2.098,"dieselPremium":2.148},"lastUpdated":"2026-07-29 10:50","extra":{"stationType":"Outro"},"services":["Assistência auto","Cafetaria","Calibragem de pneus","Lavagem","Loja de Conveniência","Multibanco","Venda de carburante de qualidade superior","Venda de gás doméstico em garrafas","Via verde","WC","WC para deficientes"],"hours":{"weekdays":"Aberto 24 horas","saturday":"Aberto 24 horas","sunday":"Aberto 24 horas","holiday":"Aberto 24 horas"},"paymentMethods":["Dinheiro"],"otherServices":null,"observations":null}},{"type":"Feature","geometry":{"type":"Point","coordinates":[-8.39331,39.569915]},"properties":{"id":"pt-65681","source":"PT","name":"Gaslegre, lda  -  Tomar","brand":"GALP","address":"EN 110 Km 101","municipality":"Tomar","district":"Santarém","postalCode":"2300-000","fuels":{"gasoline95":2.061,"gasoline95Plus":2.111,"diesel":2.128,"dieselPremium":2.178,"dieselAgri":1.704},"lastUpdated":"2026-07-27 12:35","extra":{"stationType":"Outro"},"services":["Cafetaria","Loja de Conveniência","Multibanco","Venda de carburante de qualidade superior","Venda de gás doméstico em garrafas","Venda de gasóleo agrícola","WC","WC para deficientes"],"hours":{"weekdays":"Aberto 24 horas","saturday":"Aberto 24 horas","sunday":"Aberto 24 horas","holiday":"Aberto 24 horas"},"paymentMethods":["Dinheiro"],"otherServices":null,"observations":null}},{"type":"Feature","geometry":{"type":"Point","coordinates":[-8.551,39.47316]},"properties":{"id":"pt-65684","source":"PT","name":"J. M. CORDEIRO, LDA.","brand":"GALP","address":"Rua Andrade Corvo","municipality":"Torres Novas","district":"Santarém","postalCode":"2350-334","fuels":{"gasoline95":2.031,"gasoline95Plus":2.081,"diesel":2.098,"dieselPremium":2.148},"lastUpdated":"2026-07-29 17:05","extra":{"stationType":"Outro"},"services":["Cafetaria","Loja de Conveniência","Multibanco","Venda de carburante de qualidade superior","Venda de gás doméstico em garrafas","WC","WC para deficientes"],"hours":{"weekdays":"07:00-23:00","saturday":"07:00-23:00","sunday":"07:00-23:00","holiday":"07:00-23:00"},"paymentMethods":["Dinheiro"],"otherServices":null,"observations":"Full Service"}},{"type":"Feature","geometry":{"type":"Point","coordinates":[-8.186712,39.482712]},"properties":{"id":"pt-65790","source":"PT","name":"C. P. P., LDA.","brand":"GALP","address":"EN 244-3 (Av. António Farinha Pereira) Km 24,2","municipality":"Abrantes","district":"Santarém","postalCode":"2200-024","fuels":{"gasoline95":2.036,"gasoline95Plus":2.086,"diesel":2.098,"dieselPremium":2.148,"dieselAgri":1.704},"lastUpdated":"2026-07-29 12:25","extra":{"stationType":"Outro"},"services":["Cafetaria","Lavagem","Loja de Conveniência","Multibanco","Venda de carburante de qualidade superior","Venda de gás doméstico em garrafas","Venda de gasóleo agrícola","WC","WC para deficientes"],"hours":{"weekdays":"Aberto 24 horas","saturday":"Aberto 24 horas","sunday":"Aberto 24 horas","holiday":"Aberto 24 horas"},"paymentMethods":["Dinheiro"],"otherServices":null,"observations":null}},{"type":"Feature","geometry":{"type":"Point","coordinates":[-8.637829,39.391315]},"properties":{"id":"pt-65813","source":"PT","name":"BP A1 Santarém (Este)","brand":"BP","address":"A. E. 1 - Km 84","municipality":"Santarém","district":"Santarém","postalCode":"2001-701","fuels":{"gasoline95":2.134,"diesel":2.204,"dieselPremium":2.319,"lpg":0.999},"lastUpdated":"2026-07-28 00:00","extra":{"stationType":"Auto-estrada"},"services":["Cafetaria","Loja de Conveniência","Restaurante","WC"],"hours":null,"paymentMethods":["Dinheiro"],"otherServices":null,"observations":null}},{"type":"Feature","geometry":{"type":"Point","coordinates":[-8.640076,39.393482]},"properties":{"id":"pt-65814","source":"PT","name":"BP A1 Santarém (Oeste)","brand":"BP","address":"A. E. 1 - Km 84","municipality":"Santarém","district":"Santarém","postalCode":"2001-701","fuels":{"gasoline95":2.134,"diesel":2.204,"dieselPremium":2.319,"lpg":0.999},"lastUpdated":"2026-07-28 00:00","extra":{"stationType":"Auto-estrada"},"services":["Cafetaria","Loja de Conveniência","Restaurante","WC"],"hours":null,"paymentMethods":["Dinheiro"],"otherServices":null,"observations":null}},{"type":"Feature","geometry":{"type":"Point","coordinates":[-8.58368,39.26077]},"properties":{"id":"pt-65833","source":"PT","name":"BP ALPIARÇA","brand":"BP","address":"Largo Dr. José António Simões nº 1","municipality":"Alpiarça","district":"Santarém","postalCode":"2090-000","fuels":{"gasoline95":2.119,"diesel":2.184,"dieselPremium":2.299,"dieselAgri":1.729},"lastUpdated":"2026-07-27 08:15","extra":{"stationType":"Outro"},"services":["Calibragem de pneus","Multibanco","Venda de carburante de qualidade superior","Venda de gás doméstico em garrafas","Venda de gasóleo agrícola"],"hours":{"weekdays":"07:00-22:00","saturday":"07:00-22:00","sunday":"07:00-22:00","holiday":"07:00-22:00"},"paymentMethods":["Dinheiro","Multibanco"],"otherServices":null,"observations":null}},{"type":"Feature","geometry":{"type":"Point","coordinates":[-8.77344,39.17325]},"properties":{"id":"pt-65876","source":"PT","name":"CARTAXO","brand":"BP","address":"EN 3 Km 26","municipality":"Cartaxo","district":"Santarém","postalCode":"2070-611","fuels":{"gasoline95":2.114,"diesel":2.179,"dieselPremium":2.299},"lastUpdated":"2026-07-28 09:20","extra":{"stationType":"Outro"},"services":["Calibragem de pneus","Loja de Conveniência","Venda de gás doméstico em garrafas","WC"],"hours":{"weekdays":"07:00-23:59","saturday":"07:00-23:59","sunday":"07:00-23:59","holiday":"07:00-23:59"},"paymentMethods":["Dinheiro","Multibanco"],"otherServices":null,"observations":null}},{"type":"Feature","geometry":{"type":"Point","coordinates":[-8.888269,38.92396]},"properties":{"id":"pt-66021","source":"PT","name":"PORTO ALTO - CRUZAMENTO","brand":"BP","address":"EN 10","municipality":"Benavente","district":"Santarém","postalCode":"2135-000","fuels":{"gasoline95":2.065,"diesel":2.134,"dieselPremium":2.299},"lastUpdated":"2026-07-30 12:10","extra":{"stationType":"Outro"},"services":["Venda de carburante de qualidade superior","Venda de gás doméstico em garrafas","WC"],"hours":{"weekdays":"06:00-23:59","saturday":"06:00-23:59","sunday":"06:00-23:59","holiday":"06:00-23:59"},"paymentMethods":["Dinheiro"],"otherServices":null,"observations":null}},{"type":"Feature","geometry":{"type":"Point","coordinates":[-8.701146,39.257336]},"properties":{"id":"pt-66040","source":"PT","name":"BP Santarém - Variante","brand":"BP","address":"Circular Urbana D. Luís I","municipality":"Santarém","district":"Santarém","postalCode":"2005-353","fuels":{"gasoline95":2.084,"diesel":2.149,"dieselPremium":2.299},"lastUpdated":"2026-07-28 00:00","extra":{"stationType":"Outro"},"services":["Cafetaria","Loja de Conveniência","WC"],"hours":null,"paymentMethods":["Dinheiro"],"otherServices":null,"observations":null}},{"type":"Feature","geometry":{"type":"Point","coordinates":[-8.41,39.597723]},"properties":{"id":"pt-66053","source":"PT","name":"TOMAR","brand":"CEPSA","address":"Av. Nuno Álvares Pereira nº 56/60","municipality":"Tomar","district":"Santarém","postalCode":"2300-532","fuels":{"gasoline95":2.013,"gasoline95Plus":2.063,"diesel":2.089,"dieselPremium":2.139},"lastUpdated":"2026-07-27 09:20","extra":{"stationType":"Outro"},"services":[],"hours":{"weekdays":"07:00-23:00","saturday":"07:00-23:00","sunday":"07:00-23:00","holiday":"07:00-23:00"},"paymentMethods":["Dinheiro"],"otherServices":null,"observations":null}},{"type":"Feature","geometry":{"type":"Point","coordinates":[-8.780794,39.165577]},"properties":{"id":"pt-66095","source":"PT","name":"CARTAXO - CENTRO","brand":"BP","address":"Urbanização Quinta da Cabreira","municipality":"Cartaxo","district":"Santarém","postalCode":"2071-000","fuels":{"gasoline95":2.114,"diesel":2.179,"dieselPremium":2.299},"lastUpdated":"2026-07-28 09:20","extra":{"stationType":"Outro"},"services":["Cafetaria","Calibragem de pneus","Loja de Conveniência","Venda de gás doméstico em garrafas","WC","WC para deficientes"],"hours":{"weekdays":"07:00-23:00","saturday":"07:00-23:00","sunday":"07:00-23:00","holiday":"07:00-23:00"},"paymentMethods":["Dinheiro","Multibanco"],"otherServices":null,"observations":null}},{"type":"Feature","geometry":{"type":"Point","coordinates":[-8.724578,39.44527]},"properties":{"id":"pt-66226","source":"PT","name":"PA- PRIO-AMIAIS DE BAIXO  MANUEL MORGADO,LDA","brand":"PRIO","address":"Av.25 de Abril ,nº11","municipality":"Santarém","district":"Santarém","postalCode":"2025-301","fuels":{"gasoline95":2.049,"gasoline95Plus":1.999,"dieselPremium":2.099,"dieselAgri":1.639,"bioDiesel":2.049},"lastUpdated":"2026-07-27 12:30","extra":{"stationType":"Outro"},"services":["Calibragem de pneus","Venda de gás doméstico em garrafas","Venda de gasóleo agrícola"],"hours":{"weekdays":"Aberto 24 horas","saturday":"Aberto 24 horas","sunday":"Aberto 24 horas","holiday":"Aberto 24 horas"},"paymentMethods":["Dinheiro","Multibanco"],"otherServices":null,"observations":null}},{"type":"Feature","geometry":{"type":"Point","coordinates":[-8.689151,39.14193]},"properties":{"id":"pt-66285","source":"PT","name":"BENFICA DO RIBATEJO","brand":"CEPSA","address":"Rua Direita, Nº243-347","municipality":"Almeirim","district":"Santarém","postalCode":"2080-329","fuels":{"gasoline95":1.983,"diesel":2.059,"dieselPremium":2.109},"lastUpdated":"2026-07-27 09:15","extra":{"stationType":"Outro"},"services":["Calibragem de pneus"],"hours":{"weekdays":"07:00-21:00","saturday":"07:00-21:00","sunday":"07:00-21:00","holiday":"07:00-21:00"},"paymentMethods":["Dinheiro","MbWay","Multibanco"],"otherServices":null,"observations":null}},{"type":"Feature","geometry":{"type":"Point","coordinates":[-8.00425,39.55083]},"properties":{"id":"pt-66334","source":"PT","name":"João Serras - Posto de Mação","brand":"Genérico","address":"Bairro Sto. António","municipality":"Mação","district":"Santarém","postalCode":"6120-729","fuels":{"gasoline95":2.083,"gasoline98Plus":2.292,"diesel":2.095,"dieselPremium":2.115,"dieselAgri":1.735},"lastUpdated":"2026-07-27 07:00","extra":{"stationType":"Outro"},"services":["Venda de carburante de qualidade superior","Venda de gás doméstico em garrafas","WC"],"hours":{"weekdays":"07:00-22:00","saturday":"07:00-22:00","sunday":"07:00-22:00","holiday":"07:00-22:00"},"paymentMethods":["Dinheiro","Multibanco"],"otherServices":null,"observations":null}},{"type":"Feature","geometry":{"type":"Point","coordinates":[-8.54172,39.47762]},"properties":{"id":"pt-66394","source":"PT","name":"Torres Novas - R. Miguel Arnide","brand":"CEPSA","address":"Rua Miguel Arnide nº 47","municipality":"Torres Novas","district":"Santarém","postalCode":"2350-522","fuels":{"gasoline95":2.033,"diesel":2.109,"dieselPremium":2.159},"lastUpdated":"2026-07-27 00:00","extra":{"stationType":"Outro"},"services":["Multibanco"],"hours":{"weekdays":"07:30-22:00","saturday":"07:30-22:00","sunday":"07:30-22:00","holiday":"07:30-22:00"},"paymentMethods":["Dinheiro","Multibanco"],"otherServices":null,"observations":null}},{"type":"Feature","geometry":{"type":"Point","coordinates":[-8.636213,38.902192]},"properties":{"id":"pt-66743","source":"PT","name":"E.S. BISCAINHO A","brand":"REPSOL","address":"EN 119 Km 34,4","municipality":"Coruche","district":"Santarém","postalCode":"2100-000","fuels":{"gasoline95":2.059,"gasoline95Plus":2.119,"diesel":2.109,"dieselPremium":2.169},"lastUpdated":"2026-07-27 10:45","extra":{"stationType":"Outro"},"services":["Cafetaria","Descanso de pesados","Lavagem","Multibanco","Venda de carburante de qualidade superior","Venda de gás doméstico em garrafas","Venda de gasóleo agrícola","WC"],"hours":{"weekdays":"07:00-22:00","saturday":"07:00-22:00","sunday":"07:00-22:00","holiday":"07:00-22:00"},"paymentMethods":["Dinheiro"],"otherServices":null,"observations":null}},{"type":"Feature","geometry":{"type":"Point","coordinates":[-8.83586666666667,39.1463888888889]},"properties":{"id":"pt-66745","source":"PT","name":"E.S. PONTEVEL","brand":"REPSOL","address":"Rua do Paço","municipality":"Cartaxo","district":"Santarém","postalCode":"2070-424","fuels":{"gasoline95":2.049,"diesel":2.109,"dieselPremium":2.169,"dieselAgri":1.714},"lastUpdated":"2026-07-27 09:50","extra":{"stationType":"Outro"},"services":["Venda de carburante de qualidade superior","Venda de gás doméstico em garrafas","Venda de gasóleo agrícola","WC"],"hours":{"weekdays":"07:00-21:00","saturday":"07:00-21:00","sunday":"07:00-21:00","holiday":"07:00-21:00"},"paymentMethods":["Dinheiro"],"otherServices":null,"observations":null}},{"type":"Feature","geometry":{"type":"Point","coordinates":[-8.79299,39.02391]},"properties":{"id":"pt-66746","source":"PT","name":"E.S. SALVATERRA DE MAGOS","brand":"REPSOL","address":"EN 118 Km 47,1","municipality":"Salvaterra de Magos","district":"Santarém","postalCode":"2120-000","fuels":{"gasoline95":2.049,"gasoline95Plus":2.099,"diesel":2.109,"dieselPremium":2.169,"dieselAgri":1.704},"lastUpdated":"2026-07-27 00:05","extra":{"stationType":"Outro"},"services":["Venda de carburante de qualidade superior","Venda de gás doméstico em garrafas","Venda de gasóleo agrícola","WC"],"hours":{"weekdays":"07:00-22:00","saturday":"07:00-22:00","sunday":"07:00-22:00","holiday":"07:00-22:00"},"paymentMethods":["Dinheiro"],"otherServices":null,"observations":null}},{"type":"Feature","geometry":{"type":"Point","coordinates":[-8.69662,39.24329]},"properties":{"id":"pt-66748","source":"PT","name":"E.S. SANTAREM","brand":"REPSOL","address":"Rua O","municipality":"Santarém","district":"Santarém","postalCode":"2000-630","fuels":{"gasoline95":2.039,"gasoline95Plus":2.079,"diesel":2.099,"dieselPremium":2.159,"lpg":0.964},"lastUpdated":"2026-07-27 16:15","extra":{"stationType":"Outro"},"services":["Lavagem","Venda de carburante de qualidade superior","Venda de gás doméstico em garrafas","WC"],"hours":{"weekdays":"07:00-23:00","saturday":"07:00-23:00","sunday":"07:00-23:00","holiday":"07:00-23:00"},"paymentMethods":["Dinheiro"],"otherServices":null,"observations":null}},{"type":"Feature","geometry":{"type":"Point","coordinates":[-8.39304,39.60132]},"properties":{"id":"pt-66749","source":"PT","name":"E.S. TOMAR","brand":"REPSOL","address":"Avenida Doutor Aurélio Ribeiro","municipality":"Tomar","district":"Santarém","postalCode":"2300-415","fuels":{"gasoline95":2.059,"gasoline95Plus":2.109,"diesel":2.119,"dieselPremium":2.169},"lastUpdated":"2026-07-27 11:30","extra":{"stationType":"Outro"},"services":["Lavagem","Venda de carburante de qualidade superior","Venda de gás doméstico em garrafas","WC"],"hours":{"weekdays":"07:00-23:00","saturday":"07:00-23:00","sunday":"07:00-23:00","holiday":"07:00-23:00"},"paymentMethods":["Dinheiro"],"otherServices":null,"observations":null}},{"type":"Feature","geometry":{"type":"Point","coordinates":[-8.288467,38.990566]},"properties":{"id":"pt-66751","source":"PT","name":"TFUEL - BP COUÇO","brand":"BP","address":"EST. NACIONAL N251","municipality":"Coruche","district":"Santarém","postalCode":"2100-305","fuels":{"gasoline95":2.139,"diesel":2.199,"dieselPremium":2.349,"dieselAgri":1.799},"lastUpdated":"2026-07-27 09:35","extra":{"stationType":"Outro"},"services":["Cafetaria","Multibanco","WC"],"hours":null,"paymentMethods":["Dinheiro"],"otherServices":null,"observations":null}},{"type":"Feature","geometry":{"type":"Point","coordinates":[-8.66083,39.37715]},"properties":{"id":"pt-66752","source":"PT","name":"E.S. PERNES","brand":"REPSOL","address":"EN 3 Km 57,59","municipality":"Santarém","district":"Santarém","postalCode":"2000-495","fuels":{"gasoline95":2.039,"gasoline95Plus":2.099,"diesel":2.099,"dieselPremium":2.159,"dieselAgri":1.714},"lastUpdated":"2026-07-27 10:10","extra":{"stationType":"Outro"},"services":["Cafetaria","Venda de carburante de qualidade superior","Venda de gás doméstico em garrafas","Venda de gasóleo agrícola","WC"],"hours":{"weekdays":"07:00-21:00","saturday":"07:00-21:00","sunday":"07:00-21:00","holiday":"07:00-21:00"},"paymentMethods":["Dinheiro"],"otherServices":null,"observations":null}},{"type":"Feature","geometry":{"type":"Point","coordinates":[-8.57558,39.26777]},"properties":{"id":"pt-66753","source":"PT","name":"E.S. ALPIARÇA","brand":"REPSOL","address":"Rua José Relvas (Est. Alcanede) nº 417","municipality":"Alpiarça","district":"Santarém","postalCode":"2090-212","fuels":{"gasoline95":2.029,"gasoline95Plus":2.079,"diesel":2.089,"dieselPremium":2.139,"dieselAgri":1.684},"lastUpdated":"2026-07-27 10:10","extra":{"stationType":"Outro"},"services":["Venda de carburante de qualidade superior","Venda de gás doméstico em garrafas","Venda de gasóleo agrícola"],"hours":{"weekdays":"06:00-00:00","saturday":"06:00-00:00","sunday":"06:00-00:00","holiday":"06:00-00:00"},"paymentMethods":["Dinheiro"],"otherServices":null,"observations":null}},{"type":"Feature","geometry":{"type":"Point","coordinates":[-8.92923,39.33656]},"properties":{"id":"pt-66754","source":"PT","name":"E.S. RIO MAIOR","brand":"REPSOL","address":"Estrada Alcanede","municipality":"Rio Maior","district":"Santarém","postalCode":"2040-212","fuels":{"gasoline95":2.039,"gasoline95Plus":2.099,"diesel":2.099,"dieselPremium":2.159,"dieselAgri":1.674},"lastUpdated":"2026-07-27 10:10","extra":{"stationType":"Outro"},"services":["Venda de carburante de qualidade superior","Venda de gás doméstico em garrafas","Venda de gasóleo agrícola"],"hours":{"weekdays":"06:00-22:30","saturday":"07:00-23:00","sunday":"07:30-22:30","holiday":"07:30-22:30"},"paymentMethods":["Dinheiro"],"otherServices":null,"observations":null}},{"type":"Feature","geometry":{"type":"Point","coordinates":[-8.649793,39.591014]},"properties":{"id":"pt-66755","source":"PT","name":"E.S. VALINHO","brand":"REPSOL","address":"Valinho de Fátima","municipality":"Ourém","district":"Santarém","postalCode":"2495-000","fuels":{"gasoline95":2.089,"gasoline95Plus":2.159,"diesel":2.149,"dieselPremium":2.219,"dieselAgri":1.764},"lastUpdated":"2026-07-27 00:00","extra":{"stationType":"Outro"},"services":["Loja de Conveniência","Venda de carburante de qualidade superior","Venda de gás doméstico em garrafas","WC"],"hours":{"weekdays":"07:00-23:00","saturday":"07:00-23:00","sunday":"07:00-23:00","holiday":"07:00-23:00"},"paymentMethods":["Dinheiro"],"otherServices":null,"observations":null}},{"type":"Feature","geometry":{"type":"Point","coordinates":[-8.85242,38.9198]},"properties":{"id":"pt-66756","source":"PT","name":"E.S. SAMORA CORREIA","brand":"REPSOL","address":"Estrada da Murteira","municipality":"Benavente","district":"Santarém","postalCode":"2135-000","fuels":{"gasoline95":2.039,"diesel":2.099,"dieselPremium":2.159,"dieselAgri":1.714},"lastUpdated":"2026-07-27 12:10","extra":{"stationType":"Outro"},"services":["Lavagem","Venda de carburante de qualidade superior","Venda de gás doméstico em garrafas","Venda de gasóleo agrícola","WC"],"hours":{"weekdays":"07:00-22:00","saturday":"07:00-22:00","sunday":"07:00-22:00","holiday":"07:00-22:00"},"paymentMethods":["Dinheiro"],"otherServices":null,"observations":null}},{"type":"Feature","geometry":{"type":"Point","coordinates":[-8.62803,39.20197]},"properties":{"id":"pt-66757","source":"PT","name":"E.S. ALMEIRIM","brand":"REPSOL","address":"Rua Coruche","municipality":"Almeirim","district":"Santarém","postalCode":"2080-000","fuels":{"gasoline95":2.024,"gasoline95Plus":2.079,"diesel":2.089,"dieselPremium":2.139,"dieselAgri":1.66,"lpg":0.964},"lastUpdated":"2026-07-27 10:15","extra":{"stationType":"Outro"},"services":["Lavagem","Multibanco","Venda de carburante de qualidade superior","Venda de gás doméstico em garrafas","Venda de gasóleo agrícola","WC"],"hours":{"weekdays":"06:00-00:00","saturday":"06:00-00:00","sunday":"06:00-00:00","holiday":"06:00-00:00"},"paymentMethods":["Dinheiro"],"otherServices":null,"observations":null}},{"type":"Feature","geometry":{"type":"Point","coordinates":[-8.80803,38.98157]},"properties":{"id":"pt-66760","source":"PT","name":"E.S. BENAVENTE","brand":"REPSOL","address":"Largo Nª Sª da Paz nº 4","municipality":"Benavente","district":"Santarém","postalCode":"2130-000","fuels":{"gasoline95":2.049,"gasoline95Plus":2.119,"diesel":2.109,"dieselPremium":2.179},"lastUpdated":"2026-07-31 00:00","extra":{"stationType":"Outro"},"services":["Venda de carburante de qualidade superior","Venda de gás doméstico em garrafas"],"hours":{"weekdays":"07:00-21:00","saturday":"07:00-21:00","sunday":"Fechado","holiday":"Fechado"},"paymentMethods":["Dinheiro"],"otherServices":null,"observations":null}},{"type":"Feature","geometry":{"type":"Point","coordinates":[-8.40244,39.60909]},"properties":{"id":"pt-66762","source":"PT","name":"E.S. TOMAR CENTRO","brand":"REPSOL","address":"Rua de Coimbra","municipality":"Tomar","district":"Santarém","postalCode":"2300-471","fuels":{"gasoline95":2.059,"gasoline95Plus":2.109,"diesel":2.119,"dieselPremium":2.169},"lastUpdated":"2026-07-27 00:00","extra":{"stationType":"Outro"},"services":["Venda de carburante de qualidade superior","Venda de gás doméstico em garrafas","WC"],"hours":{"weekdays":"07:00-23:00","saturday":"07:00-23:00","sunday":"07:00-23:00","holiday":"07:00-23:00"},"paymentMethods":["Dinheiro"],"otherServices":null,"observations":null}},{"type":"Feature","geometry":{"type":"Point","coordinates":[-8.2404,39.45403]},"properties":{"id":"pt-66764","source":"PT","name":"E.S. TRAMAGAL","brand":"REPSOL","address":"EN118, 94, Tramagal","municipality":"Abrantes","district":"Santarém","postalCode":"2205-645","fuels":{"gasoline95":2.039,"gasoline95Plus":2.109,"diesel":2.099,"dieselPremium":2.169,"dieselAgri":1.714},"lastUpdated":"2026-07-31 00:00","extra":{"stationType":"Outro"},"services":["Assistência auto","Lavagem","Venda de carburante de qualidade superior","Venda de gás doméstico em garrafas","Venda de gasóleo agrícola","WC"],"hours":{"weekdays":"07:00-22:00","saturday":"07:00-22:00","sunday":"08:00-20:00","holiday":"08:00-20:00"},"paymentMethods":["Dinheiro"],"otherServices":null,"observations":null}},{"type":"Feature","geometry":{"type":"Point","coordinates":[-8.1393,39.35264]},"properties":{"id":"pt-66765","source":"PT","name":"E.S. BEMPOSTA","brand":"REPSOL","address":"Rua Dr. Manuel Rodrigues","municipality":"Abrantes","district":"Santarém","postalCode":"2200-000","fuels":{"gasoline95":2.039,"diesel":2.099,"dieselPremium":2.169,"dieselAgri":1.704},"lastUpdated":"2026-07-27 11:30","extra":{"stationType":"Outro"},"services":["Venda de carburante de qualidade superior","Venda de gás doméstico em garrafas","Venda de gasóleo agrícola","WC"],"hours":{"weekdays":"07:00-20:00","saturday":"07:00-20:00","sunday":"Fechado","holiday":"Fechado"},"paymentMethods":["Dinheiro"],"otherServices":null,"observations":null}},{"type":"Feature","geometry":{"type":"Point","coordinates":[-8.45504,39.37976]},"properties":{"id":"pt-66766","source":"PT","name":"E.S. PONTE CHAMUSCA","brand":"REPSOL","address":"Ponte da Chamusca","municipality":"Chamusca","district":"Santarém","postalCode":"2140-000","fuels":{"gasoline95":2.039,"gasoline95Plus":2.099,"diesel":2.099,"dieselPremium":2.159,"dieselAgri":1.704,"lpg":0.964},"lastUpdated":"2026-07-27 00:00","extra":{"stationType":"Outro"},"services":["Venda de carburante de qualidade superior","Venda de gás doméstico em garrafas","Venda de gasóleo agrícola","WC"],"hours":{"weekdays":"06:00-23:00","saturday":"07:00-23:00","sunday":"07:00-23:00","holiday":"07:00-23:00"},"paymentMethods":["Dinheiro"],"otherServices":null,"observations":null}},{"type":"Feature","geometry":{"type":"Point","coordinates":[-8.42836,39.45877]},"properties":{"id":"pt-66770","source":"PT","name":"E.S. V. N. BARQUINHA","brand":"REPSOL","address":"EN 3","municipality":"Vila Nova da Barquinha","district":"Santarém","postalCode":"2260-000","fuels":{"gasoline95":2.039,"gasoline95Plus":2.099,"diesel":2.099,"dieselPremium":2.159},"lastUpdated":"2026-07-27 17:55","extra":{"stationType":"Outro"},"services":["Venda de carburante de qualidade superior","Venda de gás doméstico em garrafas","WC"],"hours":{"weekdays":"07:00-22:00","saturday":"07:00-22:00","sunday":"07:00-22:00","holiday":"07:00-22:00"},"paymentMethods":["Dinheiro"],"otherServices":null,"observations":null}},{"type":"Feature","geometry":{"type":"Point","coordinates":[-8.695081,39.249939]},"properties":{"id":"pt-66771","source":"PT","name":"E.S. S. PEDRO SANTAREM","brand":"REPSOL","address":"EN3 Rua 16 de Abril","municipality":"Santarém","district":"Santarém","postalCode":"2005-337","fuels":{"gasoline95":2.049,"diesel":2.109,"dieselPremium":2.169},"lastUpdated":"2026-07-27 10:50","extra":{"stationType":"Outro"},"services":["Venda de carburante de qualidade superior","Venda de gás doméstico em garrafas"],"hours":{"weekdays":"07:30-20:30","saturday":"07:30-20:30","sunday":"Fechado","holiday":"Fechado"},"paymentMethods":["Dinheiro"],"otherServices":null,"observations":null}},{"type":"Feature","geometry":{"type":"Point","coordinates":[-8.3645,39.66676]},"properties":{"id":"pt-66772","source":"PT","name":"E.S. ALVIOBEIRA","brand":"REPSOL","address":"Entroncamento de Cima","municipality":"Tomar","district":"Santarém","postalCode":"2300-000","fuels":{"gasoline95":2.059,"diesel":2.119,"dieselPremium":2.169,"dieselAgri":1.724},"lastUpdated":"2026-07-27 09:25","extra":{"stationType":"Outro"},"services":["Venda de carburante de qualidade superior","Venda de gás doméstico em garrafas","Venda de gasóleo agrícola","WC"],"hours":{"weekdays":"06:00-22:00","saturday":"06:00-22:00","sunday":"06:00-22:00","holiday":"06:00-22:00"},"paymentMethods":["Dinheiro"],"otherServices":null,"observations":null}},{"type":"Feature","geometry":{"type":"Point","coordinates":[-8.205163,39.466388]},"properties":{"id":"pt-66864","source":"PT","name":"PD ABRANTES","brand":"PINGO DOCE","address":"Av. 14 de Junho","municipality":"Abrantes","district":"Santarém","postalCode":"2200-298","fuels":{"gasoline95":1.953,"gasoline98Plus":2.087,"diesel":1.983,"dieselPremium":2.299},"lastUpdated":"2026-07-28 00:00","extra":{"stationType":"Outro"},"services":[],"hours":{"weekdays":"Aberto 24 horas","saturday":"Aberto 24 horas","sunday":"Aberto 24 horas","holiday":"Aberto 24 horas"},"paymentMethods":["Dinheiro"],"otherServices":null,"observations":null}},{"type":"Feature","geometry":{"type":"Point","coordinates":[-8.52417,39.46526]},"properties":{"id":"pt-66866","source":"PT","name":"PD TORRES NOVAS","brand":"PINGO DOCE","address":"Est. Nacional 243","municipality":"Torres Novas","district":"Santarém","postalCode":"2350-606","fuels":{"gasoline95":1.953,"diesel":1.983},"lastUpdated":"2026-07-28 00:00","extra":{"stationType":"Outro"},"services":["Loja de Conveniência","Multibanco"],"hours":{"weekdays":"Aberto 24 horas","saturday":"Aberto 24 horas","sunday":"Aberto 24 horas","holiday":"Aberto 24 horas"},"paymentMethods":["Dinheiro"],"otherServices":null,"observations":null}},{"type":"Feature","geometry":{"type":"Point","coordinates":[-8.70244,39.23923]},"properties":{"id":"pt-66871","source":"PT","name":"PD SANTARÉM","brand":"PINGO DOCE","address":"Estrada de S. Domingos","municipality":"Santarém","district":"Santarém","postalCode":"2005-324","fuels":{"gasoline95":1.953,"diesel":1.983,"dieselPremium":2.299},"lastUpdated":"2026-07-28 00:00","extra":{"stationType":"Outro"},"services":[],"hours":{"weekdays":"Aberto 24 horas","saturday":"Aberto 24 horas","sunday":"Aberto 24 horas","holiday":"Aberto 24 horas"},"paymentMethods":["Dinheiro"],"otherServices":null,"observations":null}},{"type":"Feature","geometry":{"type":"Point","coordinates":[-8.62429,39.19059]},"properties":{"id":"pt-66872","source":"PT","name":"PD ALMEIRIM","brand":"PINGO DOCE","address":"Quinta da Alorna, Lts. 61, 62 e 63","municipality":"Almeirim","district":"Santarém","postalCode":"2080-156","fuels":{"gasoline95":1.953,"gasoline98Plus":1.745,"diesel":1.983,"dieselPremium":2.299},"lastUpdated":"2026-07-28 00:00","extra":{"stationType":"Outro"},"services":[],"hours":{"weekdays":"Aberto 24 horas","saturday":"Aberto 24 horas","sunday":"Aberto 24 horas","holiday":"Aberto 24 horas"},"paymentMethods":["Dinheiro"],"otherServices":null,"observations":null}},{"type":"Feature","geometry":{"type":"Point","coordinates":[-8.47141,39.36849]},"properties":{"id":"pt-66873","source":"PT","name":"PD CHAMUSCA","brand":"PINGO DOCE","address":"Rua Direita de S.Pedro, EN 118 - Km 99,78","municipality":"Chamusca","district":"Santarém","postalCode":"2140-098","fuels":{"gasoline95":1.953,"diesel":1.983,"dieselPremium":2.299},"lastUpdated":"2026-07-28 00:00","extra":{"stationType":"Outro"},"services":[],"hours":{"weekdays":"Aberto 24 horas","saturday":"Aberto 24 horas","sunday":"Aberto 24 horas","holiday":"Aberto 24 horas"},"paymentMethods":["Dinheiro"],"otherServices":null,"observations":null}},{"type":"Feature","geometry":{"type":"Point","coordinates":[-8.52206,39.5611]},"properties":{"id":"pt-66948","source":"PT","name":"PETRO TORREJANA, LDA","brand":"GALP","address":"EN 349","municipality":"Torres Novas","district":"Santarém","postalCode":"2350-027","fuels":{"gasoline95":2.001,"gasoline95Plus":2.021,"diesel":2.013,"dieselPremium":2.033,"dieselAgri":1.575},"lastUpdated":"2026-07-23 12:10","extra":{"stationType":"Outro"},"services":["Cafetaria","Restaurante","Venda de gás doméstico em garrafas","Venda de gasóleo agrícola","Venda de gasóleo para aquecimento","WC para deficientes"],"hours":{"weekdays":"06:30-22:30","saturday":"06:30-22:30","sunday":"06:30-22:30","holiday":"06:30-22:30"},"paymentMethods":["Dinheiro"],"otherServices":null,"observations":null}},{"type":"Feature","geometry":{"type":"Point","coordinates":[-8.192033,39.474735]},"properties":{"id":"pt-67126","source":"PT","name":"Intermarché  de  Abrantes","brand":"INTERMARCHÉ","address":"Av. António Farinha Pereira\nEN nº 244 ao Km 25.31  lado direito","municipality":"Abrantes","district":"Santarém","postalCode":"2200-042","fuels":{"gasoline95":1.946,"gasoline98Plus":2.037,"diesel":1.975,"dieselPremium":2.015},"lastUpdated":"2026-07-27 21:30","extra":{"stationType":"Outro"},"services":[],"hours":{"weekdays":"Aberto 24 horas","saturday":"Aberto 24 horas","sunday":"Aberto 24 horas","holiday":"Aberto 24 horas"},"paymentMethods":["Dinheiro"],"otherServices":null,"observations":null}},{"type":"Feature","geometry":{"type":"Point","coordinates":[-8.30175,39.69478]},"properties":{"id":"pt-67212","source":"PT","name":"Intermarche de Ferreira do Zezere","brand":"INTERMARCHÉ","address":"AV. 13 DE JUNHO\r\nMATANA","municipality":"Ferreira do Zêzere","district":"Santarém","postalCode":"2240-000","fuels":{"gasoline95":1.919,"gasoline98Plus":2.019,"diesel":1.959,"dieselPremium":1.989},"lastUpdated":"2026-07-28 15:45","extra":{"stationType":"Outro"},"services":[],"hours":{"weekdays":"08:00-20:00","saturday":"08:00-20:00","sunday":"08:00-19:00","holiday":"08:00-19:00"},"paymentMethods":["Dinheiro"],"otherServices":null,"observations":null}},{"type":"Feature","geometry":{"type":"Point","coordinates":[-8.618712,39.642859]},"properties":{"id":"pt-67276","source":"PT","name":"ALVES BANDEIRA Alvega","brand":"ALVES BANDEIRA","address":"Estrada Municipal de Alvega - Ourém","municipality":"Ourém","district":"Santarém","postalCode":"2490-093","fuels":{"gasoline95":2.079,"gasoline98Plus":2.24,"diesel":2.147,"dieselPremium":2.168},"lastUpdated":"2026-07-27 11:40","extra":{"stationType":"Outro"},"services":["Cafetaria","Venda de gás doméstico em garrafas","WC"],"hours":{"weekdays":"07:00-22:00","saturday":"07:00-22:00","sunday":"07:00-21:00","holiday":"07:00-21:00"},"paymentMethods":["Dinheiro","MbWay","Multibanco","Outros"],"otherServices":null,"observations":null}},{"type":"Feature","geometry":{"type":"Point","coordinates":[-8.92094,39.31499]},"properties":{"id":"pt-67295","source":"PT","name":"Espertocar, Lda.","brand":"GALP","address":"E.N. 114, Km 49,6 ","municipality":"Rio Maior","district":"Santarém","postalCode":"2040-000","fuels":{"gasoline95":2.036,"gasoline95Plus":2.086,"diesel":2.098,"dieselPremium":2.148,"dieselAgri":1.674,"lpg":0.979},"lastUpdated":"2026-07-29 09:25","extra":{"stationType":"Outro"},"services":["Assistência auto","Lavagem","Multibanco"],"hours":{"weekdays":"07:00-22:00","saturday":"07:00-22:00","sunday":"07:00-22:00","holiday":"07:00-22:00"},"paymentMethods":["Dinheiro"],"otherServices":null,"observations":null}},{"type":"Feature","geometry":{"type":"Point","coordinates":[-8.38116,39.62409]},"properties":{"id":"pt-67379","source":"PT","name":"ALVES BANDEIRA Tomar","brand":"ALVES BANDEIRA","address":"E. N. 110, km 93,17","municipality":"Tomar","district":"Santarém","postalCode":"2300-329","fuels":{"gasoline95":2.05,"gasoline98Plus":2.2,"diesel":2.108,"dieselPremium":2.128,"dieselAgri":1.679},"lastUpdated":"2026-07-27 11:40","extra":{"stationType":"Outro"},"services":["Cafetaria","Loja de Conveniência","Venda de gás doméstico em garrafas","Venda de gasóleo agrícola","WC"],"hours":{"weekdays":"07:00-21:00","saturday":"07:00-21:00","sunday":"07:00-21:00","holiday":"07:00-21:00"},"paymentMethods":["Dinheiro","MbWay","Multibanco","Outros"],"otherServices":null,"observations":null}},{"type":"Feature","geometry":{"type":"Point","coordinates":[-8.87025,38.91801]},"properties":{"id":"pt-67498","source":"PT","name":"PRIO Porto Alto (Norte)","brand":"PRIO","address":"EN 10 Km 108,700","municipality":"Benavente","district":"Santarém","postalCode":"2135-000","fuels":{"gasoline95":2.029,"gasoline95Plus":1.984,"dieselPremium":2.049,"bioDiesel":2.019},"lastUpdated":"2026-07-27 00:05","extra":{"stationType":"Outro"},"services":["Cafetaria","Loja de Conveniência","Venda de gás doméstico em garrafas","WC","WC para deficientes"],"hours":{"weekdays":"07:00-23:00","saturday":"07:00-23:00","sunday":"07:00-23:00","holiday":"07:00-23:00"},"paymentMethods":["Dinheiro","MbWay","Multibanco","Outros"],"otherServices":null,"observations":null}},{"type":"Feature","geometry":{"type":"Point","coordinates":[-8.87027,38.91765]},"properties":{"id":"pt-67511","source":"PT","name":"PRIO Porto Alto (Sul)","brand":"PRIO","address":"EN 10 Km 108,700","municipality":"Benavente","district":"Santarém","postalCode":"2135-006","fuels":{"gasoline95":2.029,"gasoline95Plus":1.984,"dieselPremium":2.049,"bioDiesel":2.019},"lastUpdated":"2026-07-27 00:05","extra":{"stationType":"Outro"},"services":["Cafetaria","Loja de Conveniência","Venda de gás doméstico em garrafas","WC","WC para deficientes"],"hours":{"weekdays":"07:00-23:00","saturday":"07:00-23:00","sunday":"07:00-23:00","holiday":"07:00-23:00"},"paymentMethods":["Dinheiro","MbWay","Multibanco","Outros"],"otherServices":null,"observations":null}},{"type":"Feature","geometry":{"type":"Point","coordinates":[-8.83002467085,38.9477614038]},"properties":{"id":"pt-67533","source":"PT","name":"PRIO Benavente (Poente)","brand":"PRIO","address":"Fazendas Novas - E.N. 118 - Km 39,6","municipality":"Benavente","district":"Santarém","postalCode":"2130-111","fuels":{"gasoline95":2.029,"dieselPremium":2.034,"dieselAgri":1.574,"bioDiesel":2.004},"lastUpdated":"2026-07-27 00:05","extra":{"stationType":"Outro"},"services":["Cafetaria","Loja de Conveniência","Venda de gás doméstico em garrafas","Venda de gasóleo agrícola","WC","WC para deficientes"],"hours":{"weekdays":"07:00-23:00","saturday":"07:00-23:00","sunday":"07:00-23:00","holiday":"07:00-23:00"},"paymentMethods":["Dinheiro","MbWay","Multibanco","Outros"],"otherServices":null,"observations":null}},{"type":"Feature","geometry":{"type":"Point","coordinates":[-8.56532,39.47668]},"properties":{"id":"pt-67542","source":"PT","name":"PRIO Torres Novas 1 (Sul)","brand":"PRIO","address":"EN 3 Km 74,298 (Variante do Bom Amor)","municipality":"Torres Novas","district":"Santarém","postalCode":"2350-471","fuels":{"gasoline95":1.939,"dieselAgri":1.629,"bioDiesel":1.989},"lastUpdated":"2026-07-27 00:05","extra":{"stationType":"Outro"},"services":["Cafetaria","Loja de Conveniência","Venda de gás doméstico em garrafas","WC","WC para deficientes"],"hours":{"weekdays":"07:00-23:00","saturday":"07:00-23:00","sunday":"07:00-23:00","holiday":"07:00-23:00"},"paymentMethods":["Dinheiro","MbWay","Multibanco","Outros"],"otherServices":null,"observations":null}},{"type":"Feature","geometry":{"type":"Point","coordinates":[-8.565461,39.476665]},"properties":{"id":"pt-67550","source":"PT","name":"PRIO Torres Novas 2 (Norte)","brand":"PRIO","address":"EN 3 Km 74,298 (Variante do Bom Amor)","municipality":"Torres Novas","district":"Santarém","postalCode":"2350-471","fuels":{"dieselPremium":2.019,"bioDiesel":1.989},"lastUpdated":"2026-07-27 00:05","extra":{"stationType":"Outro"},"services":["Venda de carburante de qualidade superior"],"hours":{"weekdays":"Aberto 24 horas","saturday":"Aberto 24 horas","sunday":"Aberto 24 horas","holiday":"Aberto 24 horas"},"paymentMethods":["Multibanco","Outros"],"otherServices":null,"observations":null}},{"type":"Feature","geometry":{"type":"Point","coordinates":[-8.20883,39.46791]},"properties":{"id":"pt-67569","source":"PT","name":"AB de Abrantes","brand":"ALVES BANDEIRA","address":"Rua D. João I","municipality":"Abrantes","district":"Santarém","postalCode":"2200-233","fuels":{"gasoline95":2.03,"gasoline98Plus":2.24,"diesel":2.097,"dieselPremium":2.117,"lpg":0.884},"lastUpdated":"2026-07-27 15:10","extra":{"stationType":"Outro"},"services":["Cafetaria","Loja de Conveniência","Multibanco","Venda de gás doméstico em garrafas","Venda de gasóleo agrícola","Venda de gasóleo para aquecimento","WC"],"hours":{"weekdays":"07:00-23:00","saturday":"07:00-23:00","sunday":"07:00-23:00","holiday":"07:00-23:00"},"paymentMethods":["Dinheiro"],"otherServices":null,"observations":null}},{"type":"Feature","geometry":{"type":"Point","coordinates":[-8.93941,39.34136]},"properties":{"id":"pt-67621","source":"PT","name":"Intermarche Rio maior","brand":"INTERMARCHÉ","address":"Av. de Portugal","municipality":"Rio Maior","district":"Santarém","postalCode":"2040-349","fuels":{"gasoline95":1.929,"gasoline98Plus":1.979,"diesel":1.999,"dieselPremium":2.029},"lastUpdated":"2026-07-27 12:15","extra":{"stationType":"Outro"},"services":["Cafetaria","Calibragem de pneus","Multibanco","Restaurante","Venda de gás doméstico em garrafas","WC","WC com fraldário","WC para deficientes"],"hours":{"weekdays":"Aberto 24 horas","saturday":"Aberto 24 horas","sunday":"Aberto 24 horas","holiday":"Aberto 24 horas"},"paymentMethods":["Dinheiro","MbWay","Multibanco","Outros"],"otherServices":null,"observations":"alguns serviços só disponiveis interior espaço comercial"}},{"type":"Feature","geometry":{"type":"Point","coordinates":[-8.4885,39.41133]},"properties":{"id":"pt-67654","source":"PT","name":"INTERMARCHÉ GOLEGÃ","brand":"INTERMARCHÉ","address":"LUGAR SERRADORA, EN 243","municipality":"Golegã","district":"Santarém","postalCode":"2150-128","fuels":{"gasoline95":1.935,"gasoline95Plus":1.985,"diesel":1.979,"dieselPremium":2.029},"lastUpdated":"2026-07-28 08:30","extra":{"stationType":"Outro"},"services":[],"hours":{"weekdays":"Aberto 24 horas","saturday":"Aberto 24 horas","sunday":"Aberto 24 horas","holiday":"Aberto 24 horas"},"paymentMethods":["Dinheiro"],"otherServices":null,"observations":null}},{"type":"Feature","geometry":{"type":"Point","coordinates":[-8.65697,39.464]},"properties":{"id":"pt-67658","source":"PT","name":"INTERMARCHÉ DE ALCANENA","brand":"INTERMARCHÉ","address":"Lugar Do Peral","municipality":"Alcanena","district":"Santarém","postalCode":"2380-180","fuels":{"gasoline95":1.939,"gasoline98Plus":2.039,"diesel":1.979,"dieselPremium":2.009},"lastUpdated":"2026-07-28 08:55","extra":{"stationType":"Outro"},"services":["Loja de Conveniência","Venda de gás doméstico em garrafas","WC","WC para deficientes"],"hours":{"weekdays":"Aberto 24 horas","saturday":"Aberto 24 horas","sunday":"Aberto 24 horas","holiday":"Aberto 24 horas"},"paymentMethods":["Dinheiro","Multibanco"],"otherServices":null,"observations":"LAVAGENS S"}},{"type":"Feature","geometry":{"type":"Point","coordinates":[-8.714092,39.255163]},"properties":{"id":"pt-67771","source":"PT","name":"ALVES BANDEIRA Santarém","brand":"ALVES BANDEIRA","address":"Zona industrial da Várzea, Rua do Matadouro Regional, Lote 22","municipality":"Santarém","district":"Santarém","postalCode":"2005-001","fuels":{"gasoline95":2.05,"diesel":2.108,"dieselAgri":1.719},"lastUpdated":"2026-07-27 12:00","extra":{"stationType":"Outro"},"services":["Venda de gás doméstico em garrafas","Venda de gasóleo agrícola","WC"],"hours":{"weekdays":"08:00-20:00","saturday":"08:00-13:00","sunday":"Fechado","holiday":"Fechado"},"paymentMethods":["Dinheiro","MbWay","Multibanco","Outros"],"otherServices":null,"observations":null}},{"type":"Feature","geometry":{"type":"Point","coordinates":[-8.571316,39.621866]},"properties":{"id":"pt-67805","source":"PT","name":"ALVES BANDEIRA Vilar dos Prazeres","brand":"ALVES BANDEIRA","address":"Zona Industrial de Lombas - Vila dos Prazeres","municipality":"Ourém","district":"Santarém","postalCode":"2490-742","fuels":{"gasoline95":2.079,"diesel":2.147,"dieselPremium":2.168,"dieselAgri":1.719},"lastUpdated":"2026-07-27 11:40","extra":{"stationType":"Outro"},"services":["Calibragem de pneus","Venda de gás doméstico em garrafas","Venda de gasóleo agrícola","WC"],"hours":{"weekdays":"07:00-20:00","saturday":"07:00-17:00","sunday":"Fechado","holiday":"Fechado"},"paymentMethods":["Dinheiro","MbWay","Multibanco","Outros"],"otherServices":null,"observations":null}},{"type":"Feature","geometry":{"type":"Point","coordinates":[-8.90054,39.25912]},"properties":{"id":"pt-67844","source":"PT","name":"ALVES BANDEIRA Arrouquelas","brand":"ALVES BANDEIRA","address":"Rua Principal, S/N","municipality":"Rio Maior","district":"Santarém","postalCode":"2040-031","fuels":{"gasoline95":2.05,"gasoline98Plus":2.2,"diesel":2.108,"dieselPremium":2.128,"dieselHeating":2.144,"dieselAgri":1.679},"lastUpdated":"2026-07-27 11:40","extra":{"stationType":"Outro"},"services":["Venda de gás doméstico em garrafas","Venda de gasóleo agrícola","Venda de gasóleo para aquecimento","WC"],"hours":{"weekdays":"07:00-21:00","saturday":"07:00-21:00","sunday":"07:00-21:00","holiday":"07:00-21:00"},"paymentMethods":["Dinheiro","MbWay","Multibanco","Outros"],"otherServices":null,"observations":null}},{"type":"Feature","geometry":{"type":"Point","coordinates":[-8.497856,39.43562]},"properties":{"id":"pt-67864","source":"PT","name":"ALVES BANDEIRA Riachos","brand":"ALVES BANDEIRA","address":"Zona Industrial dos Riachos","municipality":"Torres Novas","district":"Santarém","postalCode":"2350-321","fuels":{"gasoline95":2.09,"diesel":2.148,"dieselPremium":2.168,"dieselAgri":1.659},"lastUpdated":"2026-07-27 12:05","extra":{"stationType":"Outro"},"services":["Cafetaria","Descanso de pesados","Loja de Conveniência","Venda de gás doméstico em garrafas","Venda de gasóleo agrícola","WC"],"hours":{"weekdays":"07:00-22:00","saturday":"07:00-20:00","sunday":"07:00-20:00","holiday":"07:00-20:00"},"paymentMethods":["Dinheiro","MbWay","Multibanco","Outros"],"otherServices":null,"observations":null}},{"type":"Feature","geometry":{"type":"Point","coordinates":[-8.49312,39.733496]},"properties":{"id":"pt-67870","source":"PT","name":"ALVES BANDEIRA Rio de Couros","brand":"ALVES BANDEIRA","address":"Rua Principal","municipality":"Ourém","district":"Santarém","postalCode":"2435-530","fuels":{"gasoline95":2.079,"gasoline98Plus":2.24,"diesel":2.147,"dieselHeating":2.144,"dieselAgri":1.679},"lastUpdated":"2026-07-27 12:05","extra":{"stationType":"Outro"},"services":["Cafetaria","Loja de Conveniência","Venda de gás doméstico em garrafas","Venda de gasóleo agrícola","WC"],"hours":{"weekdays":"07:00-21:00","saturday":"07:00-21:00","sunday":"07:00-21:00","holiday":"07:00-21:00"},"paymentMethods":["Dinheiro","MbWay","Multibanco","Outros"],"otherServices":null,"observations":null}},{"type":"Feature","geometry":{"type":"Point","coordinates":[-8.610996,39.481576]},"properties":{"id":"pt-67888","source":"PT","name":"ALVES BANDEIRA Zibreira","brand":"ALVES BANDEIRA","address":"Rua do Conselheiro Real","municipality":"Torres Novas","district":"Santarém","postalCode":"2350-846","fuels":{"gasoline95":2.09,"gasoline98Plus":2.24,"diesel":2.148,"dieselAgri":1.719},"lastUpdated":"2026-07-27 11:40","extra":{"stationType":"Outro"},"services":["Cafetaria","Loja de Conveniência","Venda de gás doméstico em garrafas","Venda de gasóleo agrícola","WC"],"hours":{"weekdays":"07:00-22:00","saturday":"07:00-22:00","sunday":"07:00-22:00","holiday":"07:00-22:00"},"paymentMethods":["Dinheiro","MbWay","Multibanco","Outros"],"otherServices":null,"observations":null}},{"type":"Feature","geometry":{"type":"Point","coordinates":[-8.896528,39.301414]},"properties":{"id":"pt-68100","source":"PT","name":"A15 - Rio Maior (Norte)","brand":"BP","address":"A15  Km 23.4","municipality":"Rio Maior","district":"Santarém","postalCode":"2040-998","fuels":{"gasoline95":2.099,"diesel":2.179,"dieselPremium":2.294,"lpg":0.999},"lastUpdated":"2026-07-28 00:05","extra":{"stationType":"Auto-estrada"},"services":["Loja de Conveniência","Multibanco","WC"],"hours":{"weekdays":"Aberto 24 horas","saturday":"Aberto 24 horas","sunday":"Aberto 24 horas","holiday":"Aberto 24 horas"},"paymentMethods":["Dinheiro"],"otherServices":null,"observations":null}},{"type":"Feature","geometry":{"type":"Point","coordinates":[-8.896258,39.299661]},"properties":{"id":"pt-68189","source":"PT","name":"A15 - Rio Maior (Sul)","brand":"BP","address":"A15 Km 23,4","municipality":"Rio Maior","district":"Santarém","postalCode":"2040-998","fuels":{"gasoline95":2.099,"diesel":2.179,"dieselPremium":2.294,"lpg":0.999},"lastUpdated":"2026-07-28 00:05","extra":{"stationType":"Auto-estrada"},"services":["Loja de Conveniência","Multibanco","WC"],"hours":{"weekdays":"Aberto 24 horas","saturday":"Aberto 24 horas","sunday":"Aberto 24 horas","holiday":"Aberto 24 horas"},"paymentMethods":["Dinheiro"],"otherServices":null,"observations":null}},{"type":"Feature","geometry":{"type":"Point","coordinates":[-8.530151,38.95618]},"properties":{"id":"pt-68286","source":"PT","name":"PA Galp - Lagoil","brand":"GALP","address":"EN 114, km 0,600 - Avenida Luís de Camões","municipality":"Coruche","district":"Santarém","postalCode":"2100-102","fuels":{"gasoline95":2.061,"gasoline95Plus":2.111,"gasolineMix":2.8,"diesel":2.128,"dieselPremium":2.178,"dieselAgri":1.704},"lastUpdated":"2026-07-27 00:05","extra":{"stationType":"Outro"},"services":["Multibanco","Venda de gás doméstico em garrafas","Venda de gasóleo agrícola","WC"],"hours":{"weekdays":"06:30-22:00","saturday":"06:30-22:00","sunday":"08:00-20:00","holiday":"08:00-20:00"},"paymentMethods":["Dinheiro"],"otherServices":null,"observations":null}},{"type":"Feature","geometry":{"type":"Point","coordinates":[-8.523682,38.958416]},"properties":{"id":"pt-68305","source":"PT","name":"BP - CORUCHE","brand":"BP","address":"Rua de Santarém","municipality":"Coruche","district":"Santarém","postalCode":"2100-225","fuels":{"gasoline95":2.114,"gasolineMix":2.8,"diesel":2.179,"dieselPremium":2.299},"lastUpdated":"2026-07-28 09:10","extra":{"stationType":"Outro"},"services":["Multibanco","Venda de gás doméstico em garrafas"],"hours":{"weekdays":"07:00-21:30","saturday":"07:00-21:30","sunday":"Fechado","holiday":"Fechado"},"paymentMethods":["Dinheiro"],"otherServices":null,"observations":null}},{"type":"Feature","geometry":{"type":"Point","coordinates":[-8.15618,39.52578]},"properties":{"id":"pt-68346","source":"PT","name":"Galp Sardoal","brand":"GALP","address":"Ribeiro Barato","municipality":"Sardoal","district":"Santarém","postalCode":"2230-999","fuels":{"gasoline95":2.036,"gasoline95Plus":2.086,"diesel":2.098,"dieselPremium":2.148,"dieselAgri":1.704},"lastUpdated":"2026-07-29 07:40","extra":{"stationType":"Outro"},"services":["Cafetaria","Lavagem","Venda de gás doméstico em garrafas","WC","WC para deficientes","AUTOvoucher"],"hours":{"weekdays":"06:00-23:00","saturday":"06:00-23:00","sunday":"06:00-23:00","holiday":"06:00-23:00"},"paymentMethods":["Dinheiro","Multibanco"],"otherServices":null,"observations":null}},{"type":"Feature","geometry":{"type":"Point","coordinates":[-8.816324,38.971764]},"properties":{"id":"pt-68870","source":"PT","name":"ALVES BANDEIRA Benavente","brand":"ALVES BANDEIRA","address":"Rua de António Gonçalo Sousa Dias, E. N. 118 km 40,6","municipality":"Benavente","district":"Santarém","postalCode":"2130-000","fuels":{"gasoline95":2.04,"diesel":2.098,"dieselPremium":2.118,"dieselAgri":1.669},"lastUpdated":"2026-07-27 11:45","extra":{"stationType":"Outro"},"services":["Cafetaria","Loja de Conveniência","Venda de gás doméstico em garrafas","Venda de gasóleo agrícola","WC"],"hours":{"weekdays":"07:00-21:00","saturday":"07:00-21:00","sunday":"07:00-21:00","holiday":"07:00-21:00"},"paymentMethods":["Dinheiro","MbWay","Multibanco","Outros"],"otherServices":null,"observations":null}},{"type":"Feature","geometry":{"type":"Point","coordinates":[-8.51727,39.1512]},"properties":{"id":"pt-68985","source":"PT","name":"Arlindo Custódia Tomé","brand":"REPSOL","address":"Rua do Paço, nº 123","municipality":"Almeirim","district":"Santarém","postalCode":"2080-640","fuels":{"gasoline95":2.079,"diesel":2.149,"dieselPremium":2.189,"dieselAgri":1.729},"lastUpdated":"2026-07-27 00:00","extra":{"stationType":"Outro"},"services":["Cafetaria","Calibragem de pneus","Venda de gasóleo agrícola","WC","WC para deficientes"],"hours":{"weekdays":"07:00-22:00","saturday":"07:00-22:00","sunday":"07:00-22:00","holiday":"07:00-22:00"},"paymentMethods":["Dinheiro","MbWay","Multibanco"],"otherServices":null,"observations":null}},{"type":"Feature","geometry":{"type":"Point","coordinates":[-8.158823,39.4857]},"properties":{"id":"pt-69055","source":"PT","name":"A23 ABRANTES (ABR/LIS)","brand":"MOEVE","address":"A 23, KM 44, SUB-LANÇO ABRANTES - MOURISCAS, APT. 70","municipality":"Abrantes","district":"Santarém","postalCode":"2200-037","fuels":{"gasoline95":2.124,"diesel":2.184,"dieselPremium":2.234,"lpg":0.976},"lastUpdated":"2026-07-28 10:00","extra":{"stationType":"Auto-estrada"},"services":["Cafetaria","Loja de Conveniência","Multibanco","Restaurante","WC"],"hours":null,"paymentMethods":["Dinheiro"],"otherServices":null,"observations":null}},{"type":"Feature","geometry":{"type":"Point","coordinates":[-8.155059,39.485092]},"properties":{"id":"pt-69056","source":"PT","name":"A23 ABRANTES (LIS/ABR)","brand":"MOEVE","address":"A 23, KM 44, SUB-LANÇO ABRANTES - MOURISCAS, APT. 70","municipality":"Abrantes","district":"Santarém","postalCode":"2200-006","fuels":{"gasoline95":2.124,"diesel":2.184,"dieselPremium":2.234,"lpg":0.976},"lastUpdated":"2026-07-28 10:00","extra":{"stationType":"Auto-estrada"},"services":["Cafetaria","Loja de Conveniência","Multibanco","WC"],"hours":null,"paymentMethods":["Dinheiro"],"otherServices":null,"observations":null}},{"type":"Feature","geometry":{"type":"Point","coordinates":[-8.660863,39.461792]},"properties":{"id":"pt-69081","source":"PT","name":"Cepsa Alcanena ","brand":"CEPSA","address":"Av. Marquês Pombal, 543","municipality":"Alcanena","district":"Santarém","postalCode":"2380-018","fuels":{"gasoline95":2.033,"diesel":2.109,"dieselPremium":2.159,"dieselAgri":1.654},"lastUpdated":"2026-07-27 00:00","extra":{"stationType":"Outro"},"services":["Cafetaria"],"hours":null,"paymentMethods":["Dinheiro"],"otherServices":null,"observations":null}},{"type":"Feature","geometry":{"type":"Point","coordinates":[-8.682808,39.63337]},"properties":{"id":"pt-69116","source":"PT","name":"CEPSA FÁTIMA","brand":"CEPSA","address":"AV. D.JOSÉ ALVES CORREIA DA SILVA","municipality":"Ourém","district":"Santarém","postalCode":"2495-402","fuels":{"gasoline95":2.013,"gasoline95Plus":2.063,"diesel":2.089,"dieselPremium":2.139},"lastUpdated":"2026-07-27 13:50","extra":{"stationType":"Outro"},"services":["Loja de Conveniência","Multibanco","Venda de gás doméstico em garrafas","WC"],"hours":null,"paymentMethods":["Dinheiro"],"otherServices":null,"observations":null}},{"type":"Feature","geometry":{"type":"Point","coordinates":[-8.532789,39.472507]},"properties":{"id":"pt-69183","source":"PT","name":"PA - Cepsa Torres Novas","brand":"GALP","address":"Av. 8 de Julho - Torres Novas","municipality":"Torres Novas","district":"Santarém","postalCode":"2350-724","fuels":{"gasoline95":2.033,"gasoline95Plus":2.083,"diesel":2.109,"dieselPremium":2.159},"lastUpdated":"2026-07-27 15:00","extra":{"stationType":"Outro"},"services":["Calibragem de pneus"],"hours":null,"paymentMethods":["Dinheiro"],"otherServices":null,"observations":null}},{"type":"Feature","geometry":{"type":"Point","coordinates":[-8.852574,39.368958]},"properties":{"id":"pt-69881","source":"PT","name":"Combustíveis Agostinho & Agostinho Lda","brand":"REPSOL","address":"Estrada Principal nº512","municipality":"Rio Maior","district":"Santarém","postalCode":"2040-155","fuels":{"gasoline95":2.05,"gasolineMix":2.6,"diesel":2.1,"dieselPremium":2.13,"dieselAgri":1.73},"lastUpdated":"2026-07-27 00:00","extra":{"stationType":"Outro"},"services":["Multibanco","WC"],"hours":{"weekdays":"07:00-21:00","saturday":"07:00-21:00","sunday":"Fechado","holiday":"07:00-21:00"},"paymentMethods":["Dinheiro","Multibanco"],"otherServices":null,"observations":null}},{"type":"Feature","geometry":{"type":"Point","coordinates":[-8.82382,39.44869]},"properties":{"id":"pt-69941","source":"PT","name":"ES PÉ DA PEDREIRA","brand":"Genérico","address":"Estrada 5 de Outubro nº 3","municipality":"Santarém","district":"Santarém","postalCode":"2025-161","fuels":{"gasoline95":2.114,"diesel":2.179,"dieselPremium":2.199,"dieselAgri":1.724},"lastUpdated":"2026-07-28 00:05","extra":{"stationType":"Outro"},"services":[],"hours":{"weekdays":"07:00-22:00","saturday":"07:00-22:00","sunday":"Fechado","holiday":"Fechado"},"paymentMethods":["Dinheiro"],"otherServices":null,"observations":null}},{"type":"Feature","geometry":{"type":"Point","coordinates":[-8.74454,38.8598]},"properties":{"id":"pt-70097","source":"PT","name":"E.S.Santo Estevão","brand":"REPSOL","address":"Rua Manuel Martins Alves, nº85","municipality":"Benavente","district":"Santarém","postalCode":"2130-143","fuels":{"gasoline95":2.049,"diesel":2.109,"dieselPremium":2.179},"lastUpdated":"2026-07-31 00:00","extra":{"stationType":"Outro"},"services":["Assistência auto","Calibragem de pneus","Lavagem","Loja de Conveniência","Venda de carburante de qualidade superior","Venda de gás doméstico em garrafas","Venda de gasóleo agrícola","WC"],"hours":{"weekdays":"07:00-20:00","saturday":"07:00-20:00","sunday":"08:00-13:00","holiday":"08:00-13:00"},"paymentMethods":["Dinheiro"],"otherServices":null,"observations":null}},{"type":"Feature","geometry":{"type":"Point","coordinates":[-8.69606,39.26683]},"properties":{"id":"pt-70187","source":"PT","name":"PRIO Portela das Padeiras","brand":"PRIO","address":"Estrada Nacional 3, Km 41 ","municipality":"Santarém","district":"Santarém","postalCode":"2005-452","fuels":{"gasoline95":2.029,"gasoline95Plus":1.924,"dieselPremium":2.024,"bioDiesel":1.994},"lastUpdated":"2026-07-27 00:05","extra":{"stationType":"Outro"},"services":["Cafetaria","Loja de Conveniência","Venda de gás doméstico em garrafas","Venda de gasóleo agrícola","WC","WC para deficientes"],"hours":{"weekdays":"07:00-23:00","saturday":"07:00-23:00","sunday":"07:00-23:00","holiday":"07:00-23:00"},"paymentMethods":["Dinheiro","MbWay","Multibanco","Outros"],"otherServices":null,"observations":null}},{"type":"Feature","geometry":{"type":"Point","coordinates":[-8.937051,39.328335]},"properties":{"id":"pt-70225","source":"PT","name":"PRIO Rio Maior","brand":"PRIO","address":"Avenida dos Combatentes, Fonte Lagoa","municipality":"Rio Maior","district":"Santarém","postalCode":"2040-000","fuels":{"gasoline95":2.029,"gasoline95Plus":1.929,"dieselPremium":2.024,"dieselAgri":1.554,"bioDiesel":1.994},"lastUpdated":"2026-07-27 00:05","extra":{"stationType":"Outro"},"services":["Cafetaria","Calibragem de pneus","Loja de Conveniência","Venda de carburante de qualidade superior","Venda de gás doméstico em garrafas","WC","WC para deficientes"],"hours":{"weekdays":"07:00-23:00","saturday":"07:00-23:00","sunday":"07:00-23:00","holiday":"07:00-23:00"},"paymentMethods":["Dinheiro","MbWay","Multibanco","Outros"],"otherServices":null,"observations":null}},{"type":"Feature","geometry":{"type":"Point","coordinates":[-8.485913,39.40651]},"properties":{"id":"pt-70672","source":"PT","name":"Ouro Negro - Golegã","brand":"Genérico","address":"Rua 5 Outubro, nº 15","municipality":"Golegã","district":"Santarém","postalCode":"2154-124","fuels":{"gasoline95":1.989,"diesel":2.012,"dieselAgri":1.585},"lastUpdated":"2026-07-27 15:40","extra":{"stationType":"Outro"},"services":["Loja de Conveniência","Multibanco","WC"],"hours":{"weekdays":"06:00-22:00","saturday":"06:00-22:00","sunday":"06:00-22:00","holiday":"00:00-00:00"},"paymentMethods":["Dinheiro"],"otherServices":null,"observations":null}},{"type":"Feature","geometry":{"type":"Point","coordinates":[-8.62582,39.19523]},"properties":{"id":"pt-70684","source":"PT","name":"Ouro Negro - Almeirim","brand":"Genérico","address":"Zona Industrial de Almeirim, Lote 10","municipality":"Almeirim","district":"Santarém","postalCode":"2080-221","fuels":{"gasoline95":1.989,"gasoline98Plus":2.13,"diesel":2.012,"dieselPremium":2.042,"dieselAgri":1.585,"lpg":0.949},"lastUpdated":"2026-07-27 15:40","extra":{"stationType":"Outro"},"services":["Loja de Conveniência"],"hours":{"weekdays":"06:00-22:00","saturday":"06:00-22:00","sunday":"06:00-22:00","holiday":"06:00-22:00"},"paymentMethods":["Dinheiro"],"otherServices":null,"observations":"Lavagem\r\nCafetaria\r\nMultibanco\r\nWC\r\nWC para deficientes"}},{"type":"Feature","geometry":{"type":"Point","coordinates":[-8.45183,39.54473]},"properties":{"id":"pt-70721","source":"PT","name":"Posto Abastecimento Delongo","brand":"GALP","address":"Rua Santa Catarina nº 32","municipality":"Tomar","district":"Santarém","postalCode":"2305-512","fuels":{"gasoline95":1.994,"gasoline95Plus":2.014,"diesel":2.006,"dieselPremium":2.026,"dieselAgri":1.568},"lastUpdated":"2026-07-23 12:10","extra":{"stationType":"Outro"},"services":["Loja de Conveniência","Multibanco","Venda de gás doméstico em garrafas","Venda de gasóleo agrícola","WC"],"hours":{"weekdays":"07:00-21:00","saturday":"07:00-21:00","sunday":"07:00-21:00","holiday":"07:00-21:00"},"paymentMethods":["Dinheiro"],"otherServices":null,"observations":null}},{"type":"Feature","geometry":{"type":"Point","coordinates":[-8.603006,39.57279]},"properties":{"id":"pt-70868","source":"PT","name":"Carbudaire  Bairro-Ourém","brand":"ALVES BANDEIRA","address":"Estrada de Torres Novas, nº16 , Bairro","municipality":"Ourém","district":"Santarém","postalCode":"2490-216","fuels":{"gasoline95":2.09,"gasoline98Plus":2.24,"diesel":2.148,"dieselPremium":2.173,"dieselAgri":1.719},"lastUpdated":"2026-07-27 15:00","extra":{"stationType":"Outro"},"services":["Cafetaria","Calibragem de pneus","Descanso de pesados","Loja de Conveniência","Multibanco","Venda de gás doméstico em garrafas","Venda de gasóleo para aquecimento","WC"],"hours":{"weekdays":"07:00-22:00","saturday":"07:00-22:00","sunday":"07:00-22:00","holiday":"07:00-22:00"},"paymentMethods":["Dinheiro","MbWay","Multibanco"],"otherServices":null,"observations":null}},{"type":"Feature","geometry":{"type":"Point","coordinates":[-8.66039,39.29868]},"properties":{"id":"pt-70876","source":"PT","name":"PRIO Alcanhões","brand":"PRIO","address":"Rua Comendador Paulino Cunha e Silva nº381","municipality":"Santarém","district":"Santarém","postalCode":"2000-369","fuels":{"gasoline95":2.199,"gasoline95Plus":2.099,"dieselPremium":2.069,"dieselAgri":1.579,"bioDiesel":2.079},"lastUpdated":"2026-07-28 09:05","extra":{"stationType":"Outro"},"services":["Cafetaria","Calibragem de pneus","Loja de Conveniência","Venda de gás doméstico em garrafas","Venda de gasóleo agrícola","WC","WC para deficientes"],"hours":{"weekdays":"07:00-21:00","saturday":"07:00-21:00","sunday":"07:00-13:00","holiday":"07:00-13:00"},"paymentMethods":["Dinheiro"],"otherServices":null,"observations":null}},{"type":"Feature","geometry":{"type":"Point","coordinates":[-8.75338,39.2226]},"properties":{"id":"pt-71263","source":"PT","name":"GASOSILVA","brand":"Genérico","address":"Rua José Júlio da Silva Delgado","municipality":"Santarém","district":"Santarém","postalCode":"2005-085","fuels":{"gasoline95":2.119,"gasoline98Plus":2.279,"diesel":2.209,"dieselPremium":2.309,"dieselHeating":2.109,"dieselAgri":1.709},"lastUpdated":"2026-07-26 17:30","extra":{"stationType":"Outro"},"services":[],"hours":{"weekdays":"07:00-21:00","saturday":"07:00-21:00","sunday":"09:00-17:00","holiday":"09:00-17:00"},"paymentMethods":["Dinheiro"],"otherServices":null,"observations":"CAFÉTARIA\r\nENTREGA DE COMBÚSTIVEIS AO DOMICILIO"}},{"type":"Feature","geometry":{"type":"Point","coordinates":[-8.730577,39.51232]},"properties":{"id":"pt-71336","source":"PT","name":"CIRCUNSTÂNCIA AZUL 1 - PA Serra de Santo António","brand":"Genérico","address":"Rua João Assunção nº34","municipality":"Alcanena","district":"Santarém","postalCode":"2380-608","fuels":{"gasoline95":1.999,"gasolineMix":2.3,"gasoline98Plus":2.139,"diesel":2.039,"dieselAgri":1.61},"lastUpdated":"2026-07-27 20:00","extra":{"stationType":"Outro"},"services":["Calibragem de pneus"],"hours":null,"paymentMethods":["Dinheiro","Multibanco"],"otherServices":null,"observations":null}},{"type":"Feature","geometry":{"type":"Point","coordinates":[-8.591476,39.65377]},"properties":{"id":"pt-71492","source":"PT","name":"Intermarché Ourém - PA Intermarché Ourém","brand":"INTERMARCHÉ","address":"CC Vila Shopping, Rua dos Namorados, Loja13","municipality":"Ourém","district":"Santarém","postalCode":"2490-339","fuels":{"gasoline95":1.949,"gasoline98Plus":1.999,"diesel":1.989,"dieselPremium":2.019},"lastUpdated":"2026-07-27 08:00","extra":{"stationType":"Outro"},"services":["Venda de gás doméstico em garrafas"],"hours":{"weekdays":"Aberto 24 horas","saturday":"Aberto 24 horas","sunday":null,"holiday":"Aberto 24 horas"},"paymentMethods":["Dinheiro"],"otherServices":null,"observations":null}},{"type":"Feature","geometry":{"type":"Point","coordinates":[-8.721954,39.36942]},"properties":{"id":"pt-71668","source":"PT","name":"PA Tremês","brand":"Genérico","address":"Rua Capitão Salgueiro Maia","municipality":"Santarém","district":"Santarém","postalCode":"2025-510","fuels":{"gasoline95":1.993,"gasoline95Plus":2.023,"diesel":2.02,"dieselPremium":2.05,"dieselAgri":1.587},"lastUpdated":"2026-07-27 12:30","extra":{"stationType":"Outro"},"services":["Calibragem de pneus"],"hours":{"weekdays":"07:30-20:00","saturday":"07:30-20:00","sunday":"Fechado","holiday":"Fechado"},"paymentMethods":["Dinheiro","Multibanco","Outros"],"otherServices":"Venda pneu","observations":null}},{"type":"Feature","geometry":{"type":"Point","coordinates":[-8.633,39.21126]},"properties":{"id":"pt-71677","source":"PT","name":"PA Petroiberica Almeirim","brand":"Genérico","address":"Rua de Santarém 33-35","municipality":"Almeirim","district":"Santarém","postalCode":"2080-099","fuels":{"diesel":2.048,"dieselAgri":1.619},"lastUpdated":"2026-07-30 16:40","extra":{"stationType":"Outro"},"services":["Venda de gás doméstico em garrafas","Venda de gasóleo agrícola"],"hours":{"weekdays":"08:00-19:00","saturday":"08:00-13:00","sunday":"Fechado","holiday":"Fechado"},"paymentMethods":["Dinheiro"],"otherServices":null,"observations":null}},{"type":"Feature","geometry":{"type":"Point","coordinates":[-8.503633,38.884736]},"properties":{"id":"pt-71686","source":"PT","name":"Maria Nazaré da Costa Tainha Sociedade ,Unipessoal,Lda","brand":"Genérico","address":"EM 603","municipality":"Coruche","district":"Santarém","postalCode":"2100-052","fuels":{"gasoline95":2.076,"diesel":2.146,"dieselPremium":2.178,"dieselAgri":1.726},"lastUpdated":"2026-07-28 00:15","extra":{"stationType":"Outro"},"services":["Cafetaria","Loja de Conveniência","Multibanco","Venda de gás doméstico em garrafas","Venda de gasóleo agrícola","WC","AUTOvoucher"],"hours":{"weekdays":"08:00-00:00","saturday":"08:00-00:00","sunday":"08:00-00:00","holiday":"08:00-00:00"},"paymentMethods":["Dinheiro","Multibanco"],"otherServices":null,"observations":null}},{"type":"Feature","geometry":{"type":"Point","coordinates":[-8.7117,39.10362]},"properties":{"id":"pt-71700","source":"PT","name":"OLIVEIRA & VIEIRA, LDA.","brand":"GALP","address":"EN 118 nº4","municipality":"Salvaterra de Magos","district":"Santarém","postalCode":"2125-317","fuels":{"gasoline95":2.026,"gasoline95Plus":2.076,"diesel":2.088,"dieselPremium":2.138},"lastUpdated":"2026-07-29 14:20","extra":{"stationType":"Outro"},"services":[],"hours":{"weekdays":"06:00-21:00","saturday":"06:00-21:00","sunday":"06:00-21:00","holiday":"06:00-21:00"},"paymentMethods":["Dinheiro"],"otherServices":null,"observations":null}},{"type":"Feature","geometry":{"type":"Point","coordinates":[-8.733828,39.316476]},"properties":{"id":"pt-72136","source":"PT","name":"ALVES BANDEIRA Romeira","brand":"ALVES BANDEIRA","address":"EN 362 Km 46,2","municipality":"Santarém","district":"Santarém","postalCode":"2005-076","fuels":{"gasoline95":2.05,"gasoline98Plus":2.2,"diesel":2.108,"dieselPremium":2.128,"dieselAgri":1.679},"lastUpdated":"2026-07-27 12:00","extra":{"stationType":"Outro"},"services":["Cafetaria","Loja de Conveniência","Venda de gás doméstico em garrafas","Venda de gasóleo agrícola","WC"],"hours":{"weekdays":"06:30-21:00","saturday":"06:30-21:00","sunday":"06:30-21:00","holiday":"06:30-21:00"},"paymentMethods":["Dinheiro","MbWay","Multibanco","Outros"],"otherServices":null,"observations":null}},{"type":"Feature","geometry":{"type":"Point","coordinates":[-8.561803,39.684307]},"properties":{"id":"pt-72406","source":"PT","name":"PETRORUMI, Lda.","brand":"Genérico","address":"EN 356 nº4 - Casal dos Crespos","municipality":"Ourém","district":"Santarém","postalCode":"2490-782","fuels":{"gasoline95":2.007,"gasoline95Plus":2.027,"diesel":2.069,"dieselPremium":2.089},"lastUpdated":"2026-07-27 09:30","extra":{"stationType":"Outro"},"services":["Venda de gás doméstico em garrafas","AUTOvoucher"],"hours":{"weekdays":"06:30-22:00","saturday":"06:00-22:00","sunday":"06:30-22:00","holiday":"06:00-22:00"},"paymentMethods":["Dinheiro","MbWay","Multibanco"],"otherServices":null,"observations":null}},{"type":"Feature","geometry":{"type":"Point","coordinates":[-8.473367,39.720135]},"properties":{"id":"pt-72680","source":"PT","name":"P. A. J. Pisco- Castelejo","brand":"Genérico","address":"Rua Principal s/nº ","municipality":"Ourém","district":"Santarém","postalCode":"2435-525","fuels":{"gasoline95":2.019,"gasolineMix":2.45,"gasoline98Plus":2.182,"diesel":2.089,"dieselPremium":2.119,"dieselAgri":1.669},"lastUpdated":"2026-07-31 00:00","extra":{"stationType":"Outro"},"services":["Cafetaria","Multibanco","Venda de gás doméstico em garrafas","WC"],"hours":{"weekdays":"07:00-23:00","saturday":"07:00-23:00","sunday":"07:00-23:00","holiday":"07:00-23:00"},"paymentMethods":["Dinheiro","Multibanco"],"otherServices":null,"observations":null}},{"type":"Feature","geometry":{"type":"Point","coordinates":[-8.657657,39.734165]},"properties":{"id":"pt-72777","source":"PT","name":"PA Matas AUTO POÇAS","brand":"Genérico","address":"Rua 1º de Janeiro 647 - Poças","municipality":"Ourém","district":"Santarém","postalCode":"2435-391","fuels":{"gasoline95":1.959,"gasolineMix":2.2,"gasoline98Plus":2.042,"diesel":2.012,"dieselPremium":2.044,"dieselHeating":1.88,"dieselAgri":1.585},"lastUpdated":"2026-07-28 10:15","extra":{"stationType":"Outro"},"services":["Assistência auto","Venda de gasóleo agrícola","Venda de gasóleo para aquecimento"],"hours":{"weekdays":"07:00-23:00","saturday":"07:00-23:00","sunday":"07:00-23:00","holiday":"07:00-23:00"},"paymentMethods":["Dinheiro","Multibanco"],"otherServices":null,"observations":null}},{"type":"Feature","geometry":{"type":"Point","coordinates":[-8.570868,39.66289]},"properties":{"id":"pt-73053","source":"PT","name":"E.S. OUREM  ","brand":"REPSOL","address":"EN - 349   Rua 1º Dezembro","municipality":"Ourém","district":"Santarém","postalCode":"2490-506","fuels":{"gasoline95":2.039,"diesel":2.099,"dieselPremium":2.159,"dieselAgri":1.714,"lpg":0.974},"lastUpdated":"2026-07-27 00:00","extra":{"stationType":"Outro"},"services":["Cafetaria","Lavagem","Venda de carburante de qualidade superior","Venda de gás doméstico em garrafas","Venda de gasóleo agrícola","WC"],"hours":{"weekdays":"06:00-22:00","saturday":"06:00-22:00","sunday":"08:00-22:00","holiday":"08:00-22:00"},"paymentMethods":["Dinheiro"],"otherServices":null,"observations":null}},{"type":"Feature","geometry":{"type":"Point","coordinates":[-8.86976,39.31443]},"properties":{"id":"pt-73372","source":"PT","name":"PA Generico S. João da Ribeira","brand":"Genérico","address":"Rua Princilal nº15","municipality":"Rio Maior","district":"Santarém","postalCode":"2040-460","fuels":{"gasoline95":2.04,"gasolineMix":2.04,"diesel":2.08,"dieselPremium":2.12,"dieselAgri":1.67},"lastUpdated":"2026-07-27 09:35","extra":{"stationType":"Outro"},"services":["Cafetaria","Multibanco","WC"],"hours":{"weekdays":"07:00-23:00","saturday":"07:00-23:00","sunday":"07:00-23:00","holiday":"07:00-23:00"},"paymentMethods":["Dinheiro"],"otherServices":null,"observations":null}},{"type":"Feature","geometry":{"type":"Point","coordinates":[-8.82175,39.41516]},"properties":{"id":"pt-74200","source":"PT","name":"PA Cepsa - ALCANEDE","brand":"CEPSA","address":"ESTRADA NACIONAL 362, KM 31,200","municipality":"Santarém","district":"Santarém","postalCode":"2025-040","fuels":{"gasoline95":2.083,"diesel":2.159,"dieselPremium":2.209,"dieselAgri":1.704},"lastUpdated":"2026-07-27 00:00","extra":{"stationType":"Outro"},"services":["Calibragem de pneus","Multibanco","Venda de gás doméstico em garrafas","Venda de gasóleo agrícola","WC","WC para deficientes"],"hours":{"weekdays":"07:00-21:00","saturday":"07:00-21:00","sunday":"08:00-13:00","holiday":"08:00-13:00"},"paymentMethods":["Dinheiro","MbWay","Multibanco"],"otherServices":null,"observations":null}},{"type":"Feature","geometry":{"type":"Point","coordinates":[-8.40667,39.68703]},"properties":{"id":"pt-74359","source":"PT","name":"PONTO RURAL","brand":"BP","address":"Rua Principal, nº6","municipality":"Tomar","district":"Santarém","postalCode":"2305-025","fuels":{"gasoline95":2.04,"gasoline98Plus":2.19,"diesel":2.09,"dieselAgri":1.67},"lastUpdated":"2026-07-28 09:20","extra":{"stationType":"Outro"},"services":["Loja de Conveniência","Multibanco","Venda de gás doméstico em garrafas","Venda de gasóleo agrícola","Venda de gasóleo para aquecimento","WC","WC para deficientes"],"hours":{"weekdays":"08:00-23:00","saturday":"08:00-23:00","sunday":"08:00-23:00","holiday":"08:00-23:00"},"paymentMethods":["Dinheiro"],"otherServices":null,"observations":null}},{"type":"Feature","geometry":{"type":"Point","coordinates":[-8.90938,39.41749]},"properties":{"id":"pt-74757","source":"PT","name":"ALMERINDO MANUEL DA SILVA SANTOS","brand":"Genérico","address":"Rua do Mouteirinho nº 6","municipality":"Rio Maior","district":"Santarém","postalCode":"2040-011","fuels":{"gasoline95":2.015,"gasoline98Plus":2.19,"diesel":2.067,"dieselAgri":1.665},"lastUpdated":"2026-07-28 09:25","extra":{"stationType":"Outro"},"services":["Assistência auto","Calibragem de pneus","Venda de gás doméstico em garrafas","Venda de gasóleo agrícola","Venda de gasóleo para aquecimento"],"hours":{"weekdays":"08:00-21:00","saturday":"08:00-21:00","sunday":"Fechado","holiday":"08:00-21:00"},"paymentMethods":["Dinheiro","Multibanco"],"otherServices":null,"observations":null}},{"type":"Feature","geometry":{"type":"Point","coordinates":[-8.65862,39.12413]},"properties":{"id":"pt-74800","source":"PT","name":"Petroiberica - Edmundo e Almeida Domingos, Lda","brand":"PETROIBÉRICA","address":"Rua 1º de Maio","municipality":"Almeirim","district":"Santarém","postalCode":"2080-400","fuels":{"gasoline95":2.025,"gasoline98Plus":2.24,"diesel":2.088,"dieselAgri":1.659},"lastUpdated":"2026-07-27 09:40","extra":{"stationType":"Outro"},"services":["Cafetaria","Multibanco","Venda de gás doméstico em garrafas","Venda de gasóleo agrícola","WC"],"hours":{"weekdays":"07:00-19:00","saturday":"07:00-19:00","sunday":"07:00-19:00","holiday":"07:00-19:00"},"paymentMethods":["Dinheiro"],"otherServices":null,"observations":null}},{"type":"Feature","geometry":{"type":"Point","coordinates":[-8.41214,39.42561]},"properties":{"id":"pt-76165","source":"PT","name":"ALVES BANDEIRA Carregueira","brand":"ALVES BANDEIRA","address":"Rua Direita (EN 118)","municipality":"Chamusca","district":"Santarém","postalCode":"2140-656","fuels":{"gasoline95":2.064,"diesel":2.132,"dieselPremium":2.168,"dieselHeating":2.144,"dieselAgri":1.719},"lastUpdated":"2026-07-27 11:45","extra":{"stationType":"Outro"},"services":["Cafetaria","Loja de Conveniência","Venda de gás doméstico em garrafas","Venda de gasóleo agrícola","WC","WC para deficientes"],"hours":{"weekdays":"07:00-21:00","saturday":"07:00-21:00","sunday":"07:00-21:00","holiday":"07:00-21:00"},"paymentMethods":["Dinheiro","MbWay","Multibanco","Outros"],"otherServices":null,"observations":null}},{"type":"Feature","geometry":{"type":"Point","coordinates":[-8.64232,39.57652]},"properties":{"id":"pt-76902","source":"PT","name":"GESTROIL ENERGY - Boleiros","brand":"G-ENERGY","address":"Estrada de Minde, nº328","municipality":"Ourém","district":"Santarém","postalCode":"2495-300","fuels":{"gasoline95":1.887,"gasoline98Plus":2.011,"diesel":1.965,"dieselPremium":1.99},"lastUpdated":"2026-07-27 10:15","extra":{"stationType":"Outro"},"services":["Cafetaria","Loja de Conveniência","Multibanco","Venda de gás doméstico em garrafas","Venda de gasóleo agrícola","WC"],"hours":{"weekdays":"06:00-22:00","saturday":"06:00-22:00","sunday":"06:00-22:00","holiday":"06:00-22:00"},"paymentMethods":["Dinheiro"],"otherServices":null,"observations":null}},{"type":"Feature","geometry":{"type":"Point","coordinates":[-8.78578,39.02594]},"properties":{"id":"pt-77220","source":"PT","name":"Sodimagos - Supermercados, Lda","brand":"INTERMARCHÉ","address":"EN 118 - Estrada do Rego","municipality":"Salvaterra de Magos","district":"Santarém","postalCode":"2120-115","fuels":{"gasoline95":1.989,"gasoline98Plus":2.029,"diesel":1.989,"dieselPremium":2.029},"lastUpdated":"2026-07-27 20:30","extra":{"stationType":"Outro"},"services":["Venda de gás doméstico em garrafas"],"hours":{"weekdays":"Aberto 24 horas","saturday":"Aberto 24 horas","sunday":"Aberto 24 horas","holiday":"Aberto 24 horas"},"paymentMethods":["Dinheiro","Multibanco"],"otherServices":null,"observations":null}},{"type":"Feature","geometry":{"type":"Point","coordinates":[-8.93253,39.33619]},"properties":{"id":"pt-77312","source":"PT","name":"BP Rio Maior Centro","brand":"BP","address":"Av. Dr. João Afonso Calado da Maia, n.º6","municipality":"Rio Maior","district":"Santarém","postalCode":"2040-094","fuels":{"gasoline95":2.114,"diesel":2.179,"dieselPremium":2.299},"lastUpdated":"2026-07-28 09:10","extra":{"stationType":"Outro"},"services":[],"hours":{"weekdays":"Aberto 24 horas","saturday":"Aberto 24 horas","sunday":"Aberto 24 horas","holiday":"Aberto 24 horas"},"paymentMethods":["Dinheiro"],"otherServices":null,"observations":null}},{"type":"Feature","geometry":{"type":"Point","coordinates":[-8.777114,39.169857]},"properties":{"id":"pt-77565","source":"PT","name":"P34 - SHELL Cartaxo","brand":"SHELL","address":"Estrada Nacional 3, km 25,6","municipality":"Cartaxo","district":"Santarém","postalCode":"2070-621","fuels":{"gasoline95":2.034,"diesel":2.099,"dieselPremium":2.179},"lastUpdated":"2026-07-27 00:05","extra":{"stationType":"Outro"},"services":["Calibragem de pneus"],"hours":{"weekdays":"07:00-23:00","saturday":"07:00-23:00","sunday":"07:00-23:00","holiday":"07:00-23:00"},"paymentMethods":["Dinheiro","MbWay","Multibanco","Outros"],"otherServices":null,"observations":null}},{"type":"Feature","geometry":{"type":"Point","coordinates":[-8.53289,38.96553]},"properties":{"id":"pt-77771","source":"PT","name":"PD CORUCHE","brand":"PINGO DOCE","address":"EN 114","municipality":"Coruche","district":"Santarém","postalCode":"2100-048","fuels":{"gasoline95":1.953,"gasoline98Plus":2.121,"diesel":1.983,"dieselPremium":2.299},"lastUpdated":"2026-07-28 00:00","extra":{"stationType":"Outro"},"services":[],"hours":{"weekdays":"Aberto 24 horas","saturday":"Aberto 24 horas","sunday":"Aberto 24 horas","holiday":"Aberto 24 horas"},"paymentMethods":["Dinheiro"],"otherServices":null,"observations":null}},{"type":"Feature","geometry":{"type":"Point","coordinates":[-8.57925,39.65348]},"properties":{"id":"pt-77821","source":"PT","name":"PRIO Ourém","brand":"PRIO","address":"Rua Marquês de Valência","municipality":"Ourém","district":"Santarém","postalCode":"2490-424","fuels":{"gasoline95":1.939,"dieselPremium":2.014,"bioDiesel":1.984},"lastUpdated":"2026-07-27 00:05","extra":{"stationType":"Outro"},"services":["Calibragem de pneus"],"hours":{"weekdays":"Aberto 24 horas","saturday":"Aberto 24 horas","sunday":"Aberto 24 horas","holiday":"Aberto 24 horas"},"paymentMethods":["MbWay","Multibanco","Outros"],"otherServices":null,"observations":null}},{"type":"Feature","geometry":{"type":"Point","coordinates":[-8.465811,39.464252]},"properties":{"id":"pt-78206","source":"PT","name":"PRIO Entroncamento","brand":"PRIO","address":"Rua 5 de Outubro, Entroncamento","municipality":"Entroncamento","district":"Santarém","postalCode":"2330-094","fuels":{"gasoline95":2.029,"gasoline95Plus":1.939,"dieselPremium":2.014,"bioDiesel":1.984},"lastUpdated":"2026-07-27 00:05","extra":{"stationType":"Outro"},"services":["Cafetaria","Calibragem de pneus","Loja de Conveniência","Multibanco","Venda de carburante de qualidade superior","Venda de gás doméstico em garrafas","WC"],"hours":{"weekdays":"07:00-23:00","saturday":"07:00-23:00","sunday":"07:00-23:00","holiday":"07:00-23:00"},"paymentMethods":["Dinheiro","MbWay","Multibanco","Outros"],"otherServices":null,"observations":null}},{"type":"Feature","geometry":{"type":"Point","coordinates":[-8.55426,39.27354]},"properties":{"id":"pt-78622","source":"PT","name":"Agrizone","brand":"Genérico","address":"Zona Industrial, Lote 104","municipality":"Alpiarça","district":"Santarém","postalCode":"2090-242","fuels":{"gasoline95":1.935,"diesel":1.975,"dieselPremium":1.999,"dieselAgri":1.585},"lastUpdated":"2026-07-28 09:55","extra":{"stationType":"Outro"},"services":["Cafetaria","Multibanco","Restaurante","Venda de gás doméstico em garrafas","Venda de gasóleo agrícola","Venda de gasóleo para aquecimento","WC","WC para deficientes"],"hours":{"weekdays":"08:00-20:00","saturday":"08:00-19:00","sunday":"Fechado","holiday":"Fechado"},"paymentMethods":["Dinheiro"],"otherServices":null,"observations":null}},{"type":"Feature","geometry":{"type":"Point","coordinates":[-8.59915,39.17869]},"properties":{"id":"pt-79261","source":"PT","name":"PA Fazendas de Almeirim (Carbuiberia)","brand":"Genérico","address":"Rua Marechal Craveiro Lopes, 168","municipality":"Almeirim","district":"Santarém","postalCode":"2080-588","fuels":{"gasoline95":1.956,"gasoline98Plus":2.018,"diesel":2.029,"dieselPremium":2.054,"dieselAgri":1.603},"lastUpdated":"2026-07-27 10:10","extra":{"stationType":"Outro"},"services":["Loja de Conveniência","WC"],"hours":null,"paymentMethods":["Dinheiro"],"otherServices":null,"observations":null}},{"type":"Feature","geometry":{"type":"Point","coordinates":[-8.28837,39.48196]},"properties":{"id":"pt-79693","source":"PT","name":"E.S. MONTALVO","brand":"REPSOL","address":"EN 3  Km 102","municipality":"Constância","district":"Santarém","postalCode":"2250-224","fuels":{"gasoline95":2.039,"gasoline95Plus":2.099,"diesel":2.099,"dieselPremium":2.159,"dieselAgri":1.714},"lastUpdated":"2026-07-27 17:50","extra":{"stationType":"Outro"},"services":["Venda de carburante de qualidade superior"],"hours":{"weekdays":"07:00-22:00","saturday":"07:00-22:00","sunday":"07:00-22:00","holiday":"07:00-22:00"},"paymentMethods":["Dinheiro"],"otherServices":null,"observations":null}},{"type":"Feature","geometry":{"type":"Point","coordinates":[-8.77673,39.1685]},"properties":{"id":"pt-79803","source":"PT","name":"PD CARTAXO","brand":"PINGO DOCE","address":"EN 3 (Rua da Ponte)","municipality":"Cartaxo","district":"Santarém","postalCode":"2070-621","fuels":{"gasoline95":1.953,"gasoline98Plus":1.745,"diesel":1.983,"dieselPremium":2.299},"lastUpdated":"2026-07-28 00:00","extra":{"stationType":"Outro"},"services":[],"hours":{"weekdays":"Aberto 24 horas","saturday":"Aberto 24 horas","sunday":"Aberto 24 horas","holiday":"Aberto 24 horas"},"paymentMethods":["Dinheiro"],"otherServices":null,"observations":null}},{"type":"Feature","geometry":{"type":"Point","coordinates":[-8.597576,39.707706]},"properties":{"id":"pt-79824","source":"PT","name":"PETROLIVAL","brand":"Genérico","address":"RUA PROFESSORA NATIVIDADE GENS","municipality":"Ourém","district":"Santarém","postalCode":"2435-462","fuels":{"gasoline95":2.074,"gasolineMix":2.4,"gasoline98Plus":2.144,"diesel":2.089,"dieselPremium":2.169,"dieselHeating":1.92,"dieselAgri":1.65},"lastUpdated":"2026-07-28 14:45","extra":{"stationType":"Outro"},"services":["Cafetaria","Calibragem de pneus","Lavagem","Multibanco","Restaurante","Venda de gás doméstico em garrafas","Venda de gasóleo agrícola","Venda de gasóleo para aquecimento","WC","WC para deficientes"],"hours":{"weekdays":"07:00-22:00","saturday":"07:00-22:00","sunday":"07:00-22:00","holiday":"07:00-22:00"},"paymentMethods":["Dinheiro","Multibanco"],"otherServices":null,"observations":null}},{"type":"Feature","geometry":{"type":"Point","coordinates":[-8.76367,39.0794]},"properties":{"id":"pt-79973","source":"PT","name":"VALADA","brand":"BP","address":"Estrada Nacional 3-3","municipality":"Cartaxo","district":"Santarém","postalCode":"2070-512","fuels":{"gasoline95":2.104,"diesel":2.169,"dieselAgri":1.714},"lastUpdated":"2026-07-28 09:20","extra":{"stationType":"Outro"},"services":[],"hours":{"weekdays":"07:00-21:00","saturday":"07:00-21:00","sunday":"07:00-21:00","holiday":"07:00-21:00"},"paymentMethods":["Dinheiro"],"otherServices":null,"observations":"Venda de Gás Doméstico em Garrafas\r\nLoja de Conveniência\r\nWC\r\nMultibanco"}},{"type":"Feature","geometry":{"type":"Point","coordinates":[-8.49766,39.77723]},"properties":{"id":"pt-80083","source":"PT","name":"PA Ribeira Fárrio","brand":"NOVA","address":"Rua Principal","municipality":"Ourém","district":"Santarém","postalCode":"2435-508","fuels":{"gasoline95":2.019,"gasoline98Plus":2.119,"diesel":2.079,"dieselPremium":2.079,"dieselAgri":1.639},"lastUpdated":"2026-07-27 22:00","extra":{"stationType":"Outro"},"services":["Cafetaria","Loja de Conveniência","Multibanco","Venda de gás doméstico em garrafas"],"hours":{"weekdays":"07:00-22:00","saturday":"07:00-22:00","sunday":"07:00-22:00","holiday":"07:00-22:00"},"paymentMethods":["Dinheiro","MbWay","Multibanco"],"otherServices":null,"observations":null}},{"type":"Feature","geometry":{"type":"Point","coordinates":[-8.733295,38.997406]},"properties":{"id":"pt-80275","source":"PT","name":"ALVES BANDEIRA Foros de Salvaterra","brand":"ALVES BANDEIRA","address":"E. N. 114-3 Km 19,6 - Foros de Salvaterra","municipality":"Salvaterra de Magos","district":"Santarém","postalCode":"2120-194","fuels":{"gasoline95":2.04,"gasoline98Plus":2.19,"diesel":2.098,"dieselPremium":2.118,"dieselAgri":1.669},"lastUpdated":"2026-07-27 12:15","extra":{"stationType":"Outro"},"services":["Calibragem de pneus"],"hours":null,"paymentMethods":["Dinheiro","MbWay","Multibanco","Outros"],"otherServices":null,"observations":null}},{"type":"Feature","geometry":{"type":"Point","coordinates":[-8.93783,39.33199]},"properties":{"id":"pt-80517","source":"PT","name":"PD RIO MAIOR TAIPAS","brand":"PINGO DOCE","address":"Rua das Taipas, nº10","municipality":"Rio Maior","district":"Santarém","postalCode":"2040-339","fuels":{"gasoline95":1.953,"diesel":1.983,"dieselPremium":2.299},"lastUpdated":"2026-07-28 00:00","extra":{"stationType":"Outro"},"services":[],"hours":{"weekdays":"08:00-20:00","saturday":"08:00-20:00","sunday":"08:00-20:00","holiday":"08:00-20:00"},"paymentMethods":["Dinheiro"],"otherServices":null,"observations":null}},{"type":"Feature","geometry":{"type":"Point","coordinates":[-8.81983,38.96184]},"properties":{"id":"pt-80658","source":"PT","name":"INTERMARCHE-BENAVENTE","brand":"INTERMARCHÉ","address":"Estrada Nacional 118 - Fazendas Novas","municipality":"Benavente","district":"Santarém","postalCode":"2130-104","fuels":{"gasoline95":1.989,"gasoline98Plus":2.029,"diesel":1.989,"dieselPremium":2.029},"lastUpdated":"2026-07-27 20:00","extra":{"stationType":"Outro"},"services":["WC"],"hours":{"weekdays":"Aberto 24 horas","saturday":"Aberto 24 horas","sunday":"Aberto 24 horas","holiday":"Aberto 24 horas"},"paymentMethods":["Dinheiro"],"otherServices":null,"observations":"SERVIÇO LAVAGEM AUTO / ASPIRAÇÃO AUTO / LOCAL COM DESCARGA PARA AUTO-CARAVANAS."}},{"type":"Feature","geometry":{"type":"Point","coordinates":[-8.49404,39.65763]},"properties":{"id":"pt-80736","source":"PT","name":"PA Sabacheira  (Vale dos Ovos)","brand":"Genérico","address":"EN113, Chão de Maças - Gare n° 77 - Vale de Ovos","municipality":"Tomar","district":"Santarém","postalCode":"2305-622","fuels":{"gasoline95":1.948,"gasoline98Plus":2.018,"diesel":1.983,"dieselPremium":2.008,"dieselAgri":1.672},"lastUpdated":"2026-07-27 11:25","extra":{"stationType":"Outro"},"services":["Loja de Conveniência","WC"],"hours":null,"paymentMethods":["Dinheiro"],"otherServices":null,"observations":null}},{"type":"Feature","geometry":{"type":"Point","coordinates":[-8.53239,39.46921]},"properties":{"id":"pt-81002","source":"PT","name":"INTERMARCHE TORRES NOVAS","brand":"INTERMARCHÉ","address":"Rua Cancela do Leão\nVárzea dos Mesiões\n","municipality":"Torres Novas","district":"Santarém","postalCode":"2350-650","fuels":{"gasoline95":1.939,"gasoline98Plus":2.039,"diesel":1.979,"dieselPremium":2.009},"lastUpdated":"2026-07-27 22:30","extra":{"stationType":"Outro"},"services":[],"hours":{"weekdays":"Aberto 24 horas","saturday":"Aberto 24 horas","sunday":"Aberto 24 horas","holiday":"Aberto 24 horas"},"paymentMethods":["Dinheiro"],"otherServices":null,"observations":"LAVAGENS SELF SERVICE\r\nASPIRAÇÕES SELF SERVICA"}},{"type":"Feature","geometry":{"type":"Point","coordinates":[-8.51837,39.7457]},"properties":{"id":"pt-83642","source":"PT","name":"PA Ourém - Casal do Ribeiro (Carbuiberia P29)","brand":"Genérico","address":"Rua da Ponte, 30","municipality":"Ourém","district":"Santarém","postalCode":"2435-522","fuels":{"gasoline95":1.889,"gasoline98Plus":2.018,"diesel":1.973,"dieselPremium":1.998,"dieselAgri":1.622},"lastUpdated":"2026-07-27 11:20","extra":{"stationType":"Outro"},"services":["Cafetaria","WC"],"hours":null,"paymentMethods":["Dinheiro"],"otherServices":null,"observations":null}},{"type":"Feature","geometry":{"type":"Point","coordinates":[-8.68823,39.23708]},"properties":{"id":"pt-83805","source":"PT","name":"J.M.Céu ,lda","brand":"GALP","address":"Av. do Brasil","municipality":"Santarém","district":"Santarém","postalCode":"2005-136","fuels":{"gasoline95":2.036,"gasoline95Plus":2.086,"diesel":2.098,"dieselPremium":2.148},"lastUpdated":"2026-07-29 11:10","extra":{"stationType":"Outro"},"services":[],"hours":{"weekdays":"07:00-22:00","saturday":"07:00-22:00","sunday":"07:00-22:00","holiday":"07:00-22:00"},"paymentMethods":["Dinheiro"],"otherServices":null,"observations":null}},{"type":"Feature","geometry":{"type":"Point","coordinates":[-8.507762,39.720764]},"properties":{"id":"pt-83930","source":"PT","name":"VIEIRA DE SOUSA E SIMOES, LDA","brand":"Genérico","address":"RUA SANTO ANDRÉ, Nº66 - ANDRÉS, CAXARIAS, OURÉM","municipality":"Ourém","district":"Santarém","postalCode":"2435-024","fuels":{"diesel":2.089,"dieselHeating":1.9,"dieselAgri":1.65},"lastUpdated":"2026-07-27 15:40","extra":{"stationType":"Outro"},"services":["Multibanco","Venda de gás doméstico em garrafas","Venda de gasóleo agrícola","Venda de gasóleo para aquecimento"],"hours":{"weekdays":"07:30-20:00","saturday":"07:30-20:00","sunday":"Fechado","holiday":"Fechado"},"paymentMethods":["Dinheiro","MbWay","Multibanco"],"otherServices":null,"observations":null}},{"type":"Feature","geometry":{"type":"Point","coordinates":[-8.45227,39.46172]},"properties":{"id":"pt-84138","source":"PT","name":"Intermarche Vila Nova Barquinha","brand":"INTERMARCHÉ","address":"Rua Capitão Salgueiro Maia, Edf Intermarche","municipality":"Vila Nova da Barquinha","district":"Santarém","postalCode":"2260-418","fuels":{"gasoline95":1.908,"gasoline98Plus":1.998,"diesel":1.989,"dieselPremium":2.019},"lastUpdated":"2026-07-29 02:00","extra":{"stationType":"Outro"},"services":[],"hours":{"weekdays":"Aberto 24 horas","saturday":"Aberto 24 horas","sunday":"Aberto 24 horas","holiday":"Aberto 24 horas"},"paymentMethods":["Dinheiro"],"otherServices":null,"observations":null}},{"type":"Feature","geometry":{"type":"Point","coordinates":[-8.829608,38.947797]},"properties":{"id":"pt-84808","source":"PT","name":"PRIO Benavente (Nascente) ","brand":"PRIO","address":"Fazendas Novas - E.N. 118 - Km 39,6","municipality":"Benavente","district":"Santarém","postalCode":"2130-111","fuels":{"gasoline95":2.029,"gasoline95Plus":1.999,"dieselPremium":2.034,"bioDiesel":2.004},"lastUpdated":"2026-07-27 00:05","extra":{"stationType":"Outro"},"services":["WC","WC para deficientes"],"hours":{"weekdays":"07:00-23:00","saturday":"07:00-23:00","sunday":"07:00-23:00","holiday":"07:00-23:00"},"paymentMethods":["MbWay","Multibanco","Outros"],"otherServices":null,"observations":null}},{"type":"Feature","geometry":{"type":"Point","coordinates":[-8.57995321,39.10955735]},"properties":{"id":"pt-84949","source":"PT","name":"PA Raposa","brand":"PRIO","address":"Estrada Nacional 114Km 95,5Largo Nuno Alvares Pereira","municipality":"Almeirim","district":"Santarém","postalCode":"2080-701","fuels":{"gasoline95":1.989,"diesel":2.062,"dieselPremium":2.052,"dieselAgri":1.594},"lastUpdated":"2026-07-27 09:20","extra":{"stationType":"Outro"},"services":["Cafetaria","Venda de gás doméstico em garrafas","Venda de gasóleo agrícola","WC"],"hours":{"weekdays":"06:00-22:00","saturday":"06:00-22:00","sunday":"06:00-22:00","holiday":"06:00-22:00"},"paymentMethods":["Dinheiro"],"otherServices":null,"observations":null}},{"type":"Feature","geometry":{"type":"Point","coordinates":[-8.79812,38.97366]},"properties":{"id":"pt-85034","source":"PT","name":"Posto Benavente","brand":"PRIO","address":"Estrada Municipal nº. 515","municipality":"Benavente","district":"Santarém","postalCode":"2130-030","fuels":{"gasoline95":1.959,"gasoline98Plus":2.063,"diesel":1.994,"dieselAgri":1.649},"lastUpdated":"2026-07-26 23:30","extra":{"stationType":"Outro"},"services":["Multibanco","Venda de gás doméstico em garrafas","Venda de gasóleo agrícola","WC"],"hours":{"weekdays":"07:00-21:00","saturday":"07:00-21:00","sunday":"08:00-20:00","holiday":"08:00-20:00"},"paymentMethods":["Dinheiro"],"otherServices":null,"observations":null}},{"type":"Feature","geometry":{"type":"Point","coordinates":[-8.68559,39.303]},"properties":{"id":"pt-85762","source":"PT","name":"Cepsa Povoa Santarém","brand":"CEPSA","address":"EN 3 - Km 46","municipality":"Santarém","district":"Santarém","postalCode":"2000-531","fuels":{"gasoline95":2.033,"diesel":2.109,"dieselPremium":2.159,"dieselAgri":1.654,"lpg":0.916},"lastUpdated":"2026-07-27 00:00","extra":{"stationType":"Outro"},"services":["Lavagem","Loja de Conveniência","Venda de gás doméstico em garrafas","Venda de gasóleo agrícola","WC","WC para deficientes"],"hours":{"weekdays":"07:00-21:00","saturday":"07:00-21:00","sunday":"07:00-21:00","holiday":"07:00-21:00"},"paymentMethods":["Dinheiro","MbWay","Multibanco"],"otherServices":null,"observations":null}},{"type":"Feature","geometry":{"type":"Point","coordinates":[-8.59717,39.65451]},"properties":{"id":"pt-86187","source":"PT","name":"BP Ourém","brand":"BP","address":"EN113 Moinho da Areia","municipality":"Ourém","district":"Santarém","postalCode":"2490-444","fuels":{"gasoline95":2.119,"diesel":2.184,"dieselPremium":2.299},"lastUpdated":"2026-07-27 12:35","extra":{"stationType":"Outro"},"services":["Cafetaria","Lavagem","Loja de Conveniência","Restaurante","Venda de gás doméstico em garrafas","WC","WC com fraldário","WC para deficientes"],"hours":{"weekdays":"06:00-22:00","saturday":"06:00-22:00","sunday":"06:00-22:00","holiday":"06:00-22:00"},"paymentMethods":["Dinheiro"],"otherServices":null,"observations":null}},{"type":"Feature","geometry":{"type":"Point","coordinates":[-8.79401,39.15938]},"properties":{"id":"pt-86254","source":"PT","name":"INTERMARCHÉ CARTAXO","brand":"INTERMARCHÉ","address":"Av. Mestre Cid","municipality":"Cartaxo","district":"Santarém","postalCode":"2070-012","fuels":{"gasoline95":1.919,"gasoline95Plus":1.959,"diesel":1.969,"dieselPremium":2.009},"lastUpdated":"2026-07-28 09:30","extra":{"stationType":"Outro"},"services":[],"hours":{"weekdays":"Aberto 24 horas","saturday":"Aberto 24 horas","sunday":"Aberto 24 horas","holiday":"Aberto 24 horas"},"paymentMethods":["Dinheiro"],"otherServices":null,"observations":null}},{"type":"Feature","geometry":{"type":"Point","coordinates":[-8.88154,38.91857]},"properties":{"id":"pt-86289","source":"PT","name":"BP PORTO ALTO - NASCENTE","brand":"BP","address":"EN 118, Km 31, Av. Nossa Senhora Guadalupe, 51Porto Alto ","municipality":"Benavente","district":"Santarém","postalCode":"2135-015","fuels":{"gasoline95":2.065,"diesel":2.134,"dieselPremium":2.299,"dieselAgri":1.724},"lastUpdated":"2026-07-30 10:25","extra":{"stationType":"Outro"},"services":["Cafetaria","Loja de Conveniência","Venda de gás doméstico em garrafas","Venda de gasóleo agrícola","WC","WC para deficientes"],"hours":{"weekdays":"Aberto 24 horas","saturday":"Aberto 24 horas","sunday":"Aberto 24 horas","holiday":"Aberto 24 horas"},"paymentMethods":["Dinheiro","Multibanco"],"otherServices":null,"observations":"Loja, Cafe"}},{"type":"Feature","geometry":{"type":"Point","coordinates":[-8.881737,38.918549]},"properties":{"id":"pt-86290","source":"PT","name":"BP PORTO ALTO - POENTE","brand":"BP","address":"EN 118, Km 31, Av. Nossa Senhora Guadalupe, 50Porto Alto - Poente  ","municipality":"Benavente","district":"Santarém","postalCode":"2135-015","fuels":{"gasoline95":2.065,"diesel":2.134,"dieselPremium":2.299},"lastUpdated":"2026-07-30 10:25","extra":{"stationType":"Outro"},"services":["Cafetaria","Loja de Conveniência","Venda de gás doméstico em garrafas","Venda de gasóleo agrícola","WC","WC para deficientes"],"hours":{"weekdays":"07:00-23:00","saturday":"07:00-23:00","sunday":"07:00-23:00","holiday":"07:00-23:00"},"paymentMethods":["Dinheiro","Multibanco"],"otherServices":null,"observations":"Loja, cafe"}},{"type":"Feature","geometry":{"type":"Point","coordinates":[-7.91705,39.62224]},"properties":{"id":"pt-86369","source":"PT","name":"Empolgante Motriz","brand":"Genérico","address":"R. das Industrias, 280","municipality":"Mação","district":"Santarém","postalCode":"6120-313","fuels":{"gasoline95":2.047,"diesel":2.059,"dieselPremium":2.083,"dieselAgri":1.705},"lastUpdated":"2026-07-27 17:35","extra":{"stationType":"Outro"},"services":[],"hours":{"weekdays":"07:00-21:00","saturday":"07:00-21:00","sunday":"Fechado","holiday":"Fechado"},"paymentMethods":["Dinheiro"],"otherServices":null,"observations":null}},{"type":"Feature","geometry":{"type":"Point","coordinates":[-8.57491,39.2683]},"properties":{"id":"pt-87507","source":"PT","name":"INTERMARCHÉ ALPIARÇA","brand":"INTERMARCHÉ","address":"HORTA DA TORRETERRA DA EIRA","municipality":"Alpiarça","district":"Santarém","postalCode":"2090-022","fuels":{"gasoline95":1.935,"gasoline95Plus":1.985,"diesel":1.975,"dieselPremium":1.999},"lastUpdated":"2026-07-28 09:15","extra":{"stationType":"Outro"},"services":["Venda de gás doméstico em garrafas","WC","WC para deficientes"],"hours":{"weekdays":"Aberto 24 horas","saturday":"Aberto 24 horas","sunday":"Aberto 24 horas","holiday":"Aberto 24 horas"},"paymentMethods":["Dinheiro","MbWay","Multibanco","Outros"],"otherServices":null,"observations":null}},{"type":"Feature","geometry":{"type":"Point","coordinates":[-8.71001,39.04915]},"properties":{"id":"pt-87987","source":"PT","name":"Intermarché de Marinhais ","brand":"INTERMARCHÉ","address":"EN 367, km3","municipality":"Salvaterra de Magos","district":"Santarém","postalCode":"2125-120","fuels":{"gasoline95":1.989,"gasoline98Plus":2.029,"diesel":1.989,"dieselPremium":2.029},"lastUpdated":"2026-07-28 07:00","extra":{"stationType":"Outro"},"services":["Calibragem de pneus","Multibanco","Venda de gás doméstico em garrafas"],"hours":{"weekdays":"07:00-20:30","saturday":"07:00-20:30","sunday":"07:00-20:30","holiday":"07:00-20:30"},"paymentMethods":["Dinheiro","MbWay","Multibanco","Outros"],"otherServices":null,"observations":"Ar e Agua. Descarga de Esgotos para Auto-Caravanas."}},{"type":"Feature","geometry":{"type":"Point","coordinates":[-8.73223,39.04932]},"properties":{"id":"pt-88089","source":"PT","name":"BP MARINHAIS","brand":"BP","address":"EN 118 nº 158 Km 54.770Lado esquerdo","municipality":"Salvaterra de Magos","district":"Santarém","postalCode":"2125-115","fuels":{"gasoline95":2.049,"diesel":2.109,"dieselPremium":2.299,"dieselAgri":1.724},"lastUpdated":"2026-07-30 09:30","extra":{"stationType":"Outro"},"services":["Cafetaria","Loja de Conveniência","Multibanco","Venda de gás doméstico em garrafas","Venda de gasóleo agrícola","WC","WC para deficientes"],"hours":{"weekdays":"06:00-22:00","saturday":"06:00-22:00","sunday":"06:00-22:00","holiday":"06:00-22:00"},"paymentMethods":["Dinheiro","Multibanco"],"otherServices":null,"observations":"Loja, Cafe"}},{"type":"Feature","geometry":{"type":"Point","coordinates":[-8.82095,39.120728]},"properties":{"id":"pt-88218","source":"PT","name":"E.S. CRUZ DO CAMPO","brand":"REPSOL","address":"EN3, Km 18,5   Lt 76","municipality":"Cartaxo","district":"Santarém","postalCode":"2070-000","fuels":{"gasoline95":2.039,"gasoline95Plus":2.099,"diesel":2.099,"dieselPremium":2.159,"dieselAgri":1.714},"lastUpdated":"2026-07-27 09:50","extra":{"stationType":"Outro"},"services":["Cafetaria","Loja de Conveniência","Venda de carburante de qualidade superior","WC"],"hours":{"weekdays":"07:00-22:00","saturday":"07:00-22:00","sunday":"07:00-22:00","holiday":"07:00-22:00"},"paymentMethods":["Dinheiro"],"otherServices":null,"observations":null}},{"type":"Feature","geometry":{"type":"Point","coordinates":[-8.64673,39.04407]},"properties":{"id":"pt-89041","source":"PT","name":"MAXI COMPRA - PRIO GLÓRIA DO RIBATEJO","brand":"PRIO","address":"R. Pereira e R. Quebrada d'Agua, 11","municipality":"Salvaterra de Magos","district":"Santarém","postalCode":"2125-028","fuels":{"gasoline95":2.024,"gasoline95Plus":2.004,"diesel":2.044,"dieselPremium":2.024,"dieselAgri":1.619},"lastUpdated":"2026-07-27 10:40","extra":{"stationType":"Outro"},"services":["Cafetaria","Descanso de pesados","Lavagem","Loja de Conveniência","Multibanco","Restaurante","Venda de gás doméstico em garrafas","Venda de gasóleo agrícola","WC","WC para deficientes"],"hours":{"weekdays":"Aberto 24 horas","saturday":"Aberto 24 horas","sunday":"Aberto 24 horas","holiday":"Aberto 24 horas"},"paymentMethods":["Dinheiro"],"otherServices":null,"observations":null}},{"type":"Feature","geometry":{"type":"Point","coordinates":[-8.329666,39.25511]},"properties":{"id":"pt-89117","source":"PT","name":"Posto Gaviãozinho","brand":"GALP","address":"EN 243, Gaviãozinho","municipality":"Chamusca","district":"Santarém","postalCode":"2140-224","fuels":{"gasoline95":1.992,"diesel":2.052,"dieselAgri":1.625},"lastUpdated":"2026-07-27 12:05","extra":{"stationType":"Outro"},"services":[],"hours":{"weekdays":"07:00-21:00","saturday":"07:00-21:00","sunday":"Fechado","holiday":"Fechado"},"paymentMethods":["Dinheiro"],"otherServices":null,"observations":null}},{"type":"Feature","geometry":{"type":"Point","coordinates":[-8.85381,39.25711]},"properties":{"id":"pt-89666","source":"PT","name":"Circunstancia Azul - Prio Assentiz","brand":"PRIO","address":"R. de Assentiz","municipality":"Rio Maior","district":"Santarém","postalCode":"2040-536","fuels":{"gasoline95":1.999,"diesel":2.039,"dieselPremium":2.049,"dieselAgri":1.61},"lastUpdated":"2026-07-28 10:00","extra":{"stationType":"Outro"},"services":[],"hours":{"weekdays":"07:00-21:00","saturday":"07:00-21:00","sunday":"07:00-21:00","holiday":"07:00-21:00"},"paymentMethods":["Dinheiro"],"otherServices":null,"observations":null}},{"type":"Feature","geometry":{"type":"Point","coordinates":[-8.623297,39.477825]},"properties":{"id":"pt-89926","source":"PT","name":"REPSOL Torres Novas NÓ A1/A23 ","brand":"REPSOL","address":"Lugar da Lameira Grande, Videla - Fig da Zibreira - Z.I da Zibreira ","municipality":"Torres Novas","district":"Santarém","postalCode":"2350-838","fuels":{"gasoline95":2.039,"gasoline95Plus":2.099,"diesel":2.099,"dieselPremium":2.159,"dieselAgri":1.764,"lpg":0.964,"lng":2.529},"lastUpdated":"2026-07-30 08:20","extra":{"stationType":"Outro"},"services":["Calibragem de pneus"],"hours":null,"paymentMethods":["Dinheiro"],"otherServices":null,"observations":null}},{"type":"Feature","geometry":{"type":"Point","coordinates":[-8.43088,39.61444]},"properties":{"id":"pt-89979","source":"PT","name":"P. Comb.- Venda da Gaita","brand":"GALP","address":"EN 113, Coca da Sobreira, Venda da Gaita","municipality":"Tomar","district":"Santarém","postalCode":"2300-620","fuels":{"gasoline95":2.061,"gasoline95Plus":2.111,"diesel":2.128,"dieselPremium":2.178,"dieselAgri":1.704,"lpg":0.989},"lastUpdated":"2026-07-27 07:05","extra":{"stationType":"Outro"},"services":["Cafetaria","Loja de Conveniência","Multibanco","Venda de gás doméstico em garrafas","Venda de gasóleo agrícola","WC","WC para deficientes"],"hours":{"weekdays":"07:00-23:00","saturday":"07:00-23:00","sunday":"07:00-23:00","holiday":"07:00-23:00"},"paymentMethods":["Dinheiro"],"otherServices":null,"observations":null}},{"type":"Feature","geometry":{"type":"Point","coordinates":[-8.39649,39.61125]},"properties":{"id":"pt-90325","source":"PT","name":"INTERMARCHE DE TOMAR","brand":"INTERMARCHÉ","address":"EN 110","municipality":"Tomar","district":"Santarém","postalCode":"2300-394","fuels":{"gasoline95":1.939,"gasoline98Plus":2.079,"diesel":1.979,"dieselPremium":2.009},"lastUpdated":"2026-07-27 08:00","extra":{"stationType":"Outro"},"services":[],"hours":{"weekdays":"Aberto 24 horas","saturday":"Aberto 24 horas","sunday":"Aberto 24 horas","holiday":"Aberto 24 horas"},"paymentMethods":["Dinheiro","MbWay","Multibanco","Outros"],"otherServices":null,"observations":null}},{"type":"Feature","geometry":{"type":"Point","coordinates":[-8.398969,39.60958]},"properties":{"id":"pt-90624","source":"PT","name":"BP Tomar (Gorduchas)","brand":"BP","address":"Rua de Coimbra, nº 10","municipality":"Tomar","district":"Santarém","postalCode":"2300-394","fuels":{"gasoline95":2.064,"diesel":2.129,"dieselPremium":2.299},"lastUpdated":"2026-07-31 00:00","extra":{"stationType":"Outro"},"services":["Cafetaria","Loja de Conveniência","Multibanco","WC"],"hours":null,"paymentMethods":["Dinheiro"],"otherServices":null,"observations":null}},{"type":"Feature","geometry":{"type":"Point","coordinates":[-8.493348,39.461033]},"properties":{"id":"pt-90817","source":"PT","name":"BP Entroncamento (N.ª Sra. de Fátima) ","brand":"BP","address":"Estrada Nacional 3, nº 124","municipality":"Entroncamento","district":"Santarém","postalCode":"2330-250","fuels":{"gasoline95":2.074,"diesel":2.139,"dieselPremium":2.299,"dieselAgri":1.724},"lastUpdated":"2026-07-31 00:00","extra":{"stationType":"Outro"},"services":["Calibragem de pneus"],"hours":null,"paymentMethods":["Dinheiro"],"otherServices":null,"observations":null}},{"type":"Feature","geometry":{"type":"Point","coordinates":[-8.24835,39.77264]},"properties":{"id":"pt-91006","source":"PT","name":"Alves Bandeira - Frutas Russo","brand":"ALVES BANDEIRA","address":"EN 238, Vale Serrão, Dornes","municipality":"Ferreira do Zêzere","district":"Santarém","postalCode":"2240-628","fuels":{"gasoline95":2.059,"gasoline98Plus":2.209,"diesel":2.119,"dieselPremium":2.159,"dieselAgri":1.719},"lastUpdated":"2026-07-27 14:30","extra":{"stationType":"Outro"},"services":[],"hours":{"weekdays":"06:00-22:00","saturday":"06:00-22:00","sunday":"06:00-18:00","holiday":"06:00-18:00"},"paymentMethods":["Dinheiro"],"otherServices":null,"observations":null}},{"type":"Feature","geometry":{"type":"Point","coordinates":[-8.626861,39.311398]},"properties":{"id":"pt-91668","source":"PT","name":"Prio - Vale de Figueira","brand":"PRIO","address":"Rua Dr. Vitor Semedo, 83-89","municipality":"Santarém","district":"Santarém","postalCode":"2000-741","fuels":{"gasoline95Plus":2.099,"diesel":2.079,"dieselPremium":2.069,"dieselAgri":1.579},"lastUpdated":"2026-07-28 09:05","extra":{"stationType":"Outro"},"services":["Cafetaria","Loja de Conveniência","Multibanco","WC"],"hours":{"weekdays":"07:00-21:00","saturday":"07:00-21:00","sunday":"07:00-13:00","holiday":"00:00-00:00"},"paymentMethods":["Dinheiro"],"otherServices":null,"observations":null}},{"type":"Feature","geometry":{"type":"Point","coordinates":[-8.825546,39.420312]},"properties":{"id":"pt-91896","source":"PT","name":"INTERMARCHÉ DE ALCANEDE","brand":"INTERMARCHÉ","address":"Rua da Feira de AlcanedeQuinta da Rainha(Junto à EN 362)","municipality":"Santarém","district":"Santarém","postalCode":"2025-057","fuels":{"gasoline95":1.944,"gasoline98Plus":2.174,"diesel":2.044,"dieselPremium":2.084},"lastUpdated":"2026-07-27 11:25","extra":{"stationType":"Outro"},"services":["Lavagem"],"hours":{"weekdays":"Aberto 24 horas","saturday":"Aberto 24 horas","sunday":"Aberto 24 horas","holiday":"Aberto 24 horas"},"paymentMethods":["Dinheiro","Multibanco"],"otherServices":null,"observations":null}},{"type":"Feature","geometry":{"type":"Point","coordinates":[-8.468649,39.47385]},"properties":{"id":"pt-92410","source":"PT","name":"BP Entroncamento II - R.Dr. Francisco Sá Carneiro","brand":"BP","address":"Rua Dr. Francisco Sá Carneiro, nº 2A (Lote 2)","municipality":"Entroncamento","district":"Santarém","postalCode":"2330-148","fuels":{"gasoline95":2.074,"diesel":2.139,"dieselPremium":2.299},"lastUpdated":"2026-07-31 00:00","extra":{"stationType":"Outro"},"services":["Loja de Conveniência","Multibanco","WC"],"hours":null,"paymentMethods":["Dinheiro"],"otherServices":null,"observations":null}},{"type":"Feature","geometry":{"type":"Point","coordinates":[-8.68515,39.64321]},"properties":{"id":"pt-92979","source":"PT","name":"E.S. FATIMA","brand":"REPSOL","address":"Estrada de Leiria, n.º148 - Lugar de Barradas","municipality":"Ourém","district":"Santarém","postalCode":"2495-407","fuels":{"gasoline95":2.089,"gasoline95Plus":2.159,"diesel":2.149,"dieselPremium":2.219,"lpg":1.024},"lastUpdated":"2026-07-28 15:45","extra":{"stationType":"Outro"},"services":["Cafetaria","Lavagem","Loja de Conveniência","Venda de carburante de qualidade superior","Venda de gás doméstico em garrafas","WC"],"hours":{"weekdays":"07:00-23:00","saturday":"07:00-23:00","sunday":"07:00-23:00","holiday":"07:00-23:00"},"paymentMethods":["Dinheiro"],"otherServices":null,"observations":null}},{"type":"Feature","geometry":{"type":"Point","coordinates":[-8.708553,39.049244]},"properties":{"id":"pt-92983","source":"PT","name":"P50 - PRIO Marinhais","brand":"PRIO","address":"Estrada Nacional 367, n.º 438 ","municipality":"Salvaterra de Magos","district":"Santarém","postalCode":"2125-121","fuels":{"gasoline95":2.039,"gasoline95Plus":2.009,"dieselPremium":2.044,"dieselAgri":1.619,"bioDiesel":2.014,"lpg":0.909},"lastUpdated":"2026-07-27 00:05","extra":{"stationType":"Outro"},"services":["Calibragem de pneus"],"hours":{"weekdays":"06:00-22:00","saturday":"06:00-22:00","sunday":"06:00-22:00","holiday":"06:00-22:00"},"paymentMethods":["Dinheiro","MbWay","Multibanco","Outros"],"otherServices":null,"observations":null}},{"type":"Feature","geometry":{"type":"Point","coordinates":[-8.8800099,38.921202]},"properties":{"id":"pt-92997","source":"PT","name":"E.S. PORTO ALTO","brand":"REPSOL","address":"EN10 Km 109,680","municipality":"Benavente","district":"Santarém","postalCode":"2135-179","fuels":{"gasoline95":2.039,"gasoline95Plus":2.099,"diesel":2.099,"dieselPremium":2.159},"lastUpdated":"2026-07-27 00:00","extra":{"stationType":"Outro"},"services":["Loja de Conveniência","Venda de gás doméstico em garrafas","WC","WC para deficientes"],"hours":{"weekdays":"06:00-22:00","saturday":"06:00-22:00","sunday":"06:00-22:00","holiday":"06:00-22:00"},"paymentMethods":["Multibanco"],"otherServices":null,"observations":null}},{"type":"Feature","geometry":{"type":"Point","coordinates":[-8.339677,39.47683]},"properties":{"id":"pt-93025","source":"PT","name":"PA  Constância","brand":"Genérico","address":"Estrada Nacional, nº3","municipality":"Constância","district":"Santarém","postalCode":"2250-028","fuels":{"gasoline95":2.032,"gasoline95Plus":2.032,"diesel":2.092,"dieselPremium":2.092,"dieselAgri":1.645},"lastUpdated":"2026-07-27 12:05","extra":{"stationType":"Outro"},"services":["Calibragem de pneus"],"hours":null,"paymentMethods":["Dinheiro"],"otherServices":"frota","observations":null}},{"type":"Feature","geometry":{"type":"Point","coordinates":[-8.343472,38.921837]},"properties":{"id":"pt-93066","source":"PT","name":"GALP Herdade das Onzenas","brand":"GALP","address":"Herdade das Onzenas de Cima, Courelinhas","municipality":"Coruche","district":"Santarém","postalCode":"2100-372","fuels":{"diesel":2.092,"dieselAgri":1.71},"lastUpdated":"2026-07-27 09:50","extra":{"stationType":"Outro"},"services":["Calibragem de pneus"],"hours":null,"paymentMethods":["Dinheiro"],"otherServices":null,"observations":null}},{"type":"Feature","geometry":{"type":"Point","coordinates":[-8.18716,39.48167]},"properties":{"id":"pt-93098","source":"PT","name":"BP Abrantes","brand":"BP","address":"Av. António Farinha Pereira, Nº 1212","municipality":"Abrantes","district":"Santarém","postalCode":"2200-024","fuels":{"gasoline95":2.084,"diesel":2.149,"dieselPremium":2.299,"dieselAgri":1.724},"lastUpdated":"2026-07-28 08:35","extra":{"stationType":"Outro"},"services":["Cafetaria","Venda de gás doméstico em garrafas","Venda de gasóleo agrícola","WC"],"hours":{"weekdays":"06:00-22:00","saturday":"06:00-22:00","sunday":"06:00-22:00","holiday":"06:00-22:00"},"paymentMethods":["Dinheiro","Multibanco"],"otherServices":null,"observations":null}},{"type":"Feature","geometry":{"type":"Point","coordinates":[-8.590561,38.9582]},"properties":{"id":"pt-93103","source":"PT","name":"RECTA DA FAJARDA COMBUSTIVEIS, LDA","brand":"Genérico","address":"EN 114-3 Km 6,5","municipality":"Coruche","district":"Santarém","postalCode":"2100-502","fuels":{"gasoline95":1.943,"gasoline98Plus":2.018,"diesel":1.982,"dieselPremium":2.007,"dieselAgri":1.716},"lastUpdated":"2026-07-27 10:05","extra":{"stationType":"Outro"},"services":["Cafetaria","Calibragem de pneus","Lavagem","Venda de gás doméstico em garrafas","Venda de gasóleo agrícola","WC"],"hours":{"weekdays":"06:00-21:00","saturday":"06:00-21:00","sunday":"06:00-21:00","holiday":"06:00-21:00"},"paymentMethods":["Dinheiro","Multibanco"],"otherServices":null,"observations":null}},{"type":"Feature","geometry":{"type":"Point","coordinates":[-8.624692,39.194502]},"properties":{"id":"pt-93122","source":"PT","name":"ALVES BANDEIRA Almeirim","brand":"ALVES BANDEIRA","address":"Zona Industrial de Almeirim, Rua D - Lote 19","municipality":"Almeirim","district":"Santarém","postalCode":"2080-221","fuels":{"gasoline95":2.03,"diesel":2.088},"lastUpdated":"2026-07-27 11:40","extra":{"stationType":"Outro"},"services":["Loja de Conveniência","Venda de gás doméstico em garrafas","WC","WC para deficientes"],"hours":{"weekdays":"08:00-20:00","saturday":"08:00-13:00","sunday":"Fechado","holiday":"Fechado"},"paymentMethods":["Dinheiro","MbWay","Multibanco","Outros"],"otherServices":null,"observations":null}},{"type":"Feature","geometry":{"type":"Point","coordinates":[-8.68554,39.51281]},"properties":{"id":"pt-93134","source":"PT","name":"INTERMARCHÉ MINDE","brand":"INTERMARCHÉ","address":"RUA JOAO MARTINS","municipality":"Alcanena","district":"Santarém","postalCode":"2395-189","fuels":{"gasoline95":1.943,"gasoline98Plus":2.033,"diesel":1.999,"dieselPremium":2.029,"lpg":0.915},"lastUpdated":"2026-07-28 14:00","extra":{"stationType":"Outro"},"services":["Loja de Conveniência","Multibanco","Venda de gasóleo para aquecimento","WC","WC para deficientes"],"hours":{"weekdays":"Aberto 24 horas","saturday":"Aberto 24 horas","sunday":"Aberto 24 horas","holiday":"Aberto 24 horas"},"paymentMethods":["Dinheiro","MbWay","Multibanco"],"otherServices":null,"observations":"GPL"}},{"type":"Feature","geometry":{"type":"Point","coordinates":[-8.53479,38.96537]},"properties":{"id":"pt-93137","source":"PT","name":"Intermarché Coruche","brand":"INTERMARCHÉ","address":"Rua Açude da Agolada","municipality":"Coruche","district":"Santarém","postalCode":"2100-027","fuels":{"gasoline95":1.936,"gasoline98Plus":1.995,"diesel":1.981,"dieselPremium":1.999},"lastUpdated":"2026-07-28 08:00","extra":{"stationType":"Outro"},"services":[],"hours":{"weekdays":"Aberto 24 horas","saturday":"Aberto 24 horas","sunday":"Aberto 24 horas","holiday":"Aberto 24 horas"},"paymentMethods":["Dinheiro"],"otherServices":null,"observations":null}},{"type":"Feature","geometry":{"type":"Point","coordinates":[-8.794558,39.021678]},"properties":{"id":"pt-93215","source":"PT","name":"BP SALVATERRA DE MAGOS CENTRO","brand":"BP","address":"EN118, Nr.194 ","municipality":"Salvaterra de Magos","district":"Santarém","postalCode":"2120-119","fuels":{"gasoline95":2.049,"diesel":2.109,"dieselPremium":2.299,"dieselAgri":1.724},"lastUpdated":"2026-07-31 00:00","extra":{"stationType":"Outro"},"services":["Cafetaria","Calibragem de pneus","Descanso de pesados","Loja de Conveniência","Venda de gás doméstico em garrafas","Venda de gasóleo agrícola","WC","WC para deficientes"],"hours":{"weekdays":"06:00-22:00","saturday":"06:00-22:00","sunday":"06:00-22:00","holiday":"06:00-22:00"},"paymentMethods":["Dinheiro","Multibanco"],"otherServices":null,"observations":null}},{"type":"Feature","geometry":{"type":"Point","coordinates":[-8.702569,39.240597]},"properties":{"id":"pt-93275","source":"PT","name":"ECOBRENT - Santarém Fast","brand":"ECOBRENT","address":"R. Zeferino Silva 15,  ","municipality":"Santarém","district":"Santarém","postalCode":"2005-321","fuels":{"gasoline95":1.939,"gasoline95Plus":1.969,"diesel":1.999,"dieselPremium":2.029},"lastUpdated":"2026-07-27 13:15","extra":{"stationType":"Outro"},"services":["Multibanco"],"hours":{"weekdays":"Aberto 24 horas","saturday":"Aberto 24 horas","sunday":"Aberto 24 horas","holiday":"Aberto 24 horas"},"paymentMethods":["Multibanco"],"otherServices":null,"observations":null}},{"type":"Feature","geometry":{"type":"Point","coordinates":[-8.821168,39.121146]},"properties":{"id":"pt-93291","source":"PT","name":"Prio Cruz do Campo","brand":"PRIO","address":"Estrada Nacional 3, Km 18,5 - Cruz do Campo","municipality":"Cartaxo","district":"Santarém","postalCode":"2070-036","fuels":{"gasoline95":2.029,"gasoline95Plus":1.959,"dieselPremium":2.019,"dieselAgri":1.609,"bioDiesel":1.989},"lastUpdated":"2026-07-28 09:05","extra":{"stationType":"Outro"},"services":["Cafetaria","Loja de Conveniência","Multibanco","Venda de gás doméstico em garrafas","Venda de gasóleo agrícola","WC","WC para deficientes"],"hours":{"weekdays":"Aberto 24 horas","saturday":"Aberto 24 horas","sunday":"Aberto 24 horas","holiday":"Aberto 24 horas"},"paymentMethods":["Dinheiro","Multibanco"],"otherServices":null,"observations":null}},{"type":"Feature","geometry":{"type":"Point","coordinates":[-8.691306,39.214977]},"properties":{"id":"pt-93312","source":"PT","name":"ECOBRENT - Santarém Retail","brand":"ECOBRENT","address":"Santarém Retail Park Quinta das Cegonhas, Lote 28","municipality":"Santarém","district":"Santarém","postalCode":"2000-471","fuels":{"gasoline95":1.939,"gasoline95Plus":1.969,"diesel":1.999,"dieselPremium":2.029,"lpg":0.959},"lastUpdated":"2026-07-27 13:15","extra":{"stationType":"Área comercial (Hipermercados)"},"services":["Calibragem de pneus"],"hours":null,"paymentMethods":["Dinheiro"],"otherServices":null,"observations":null}},{"type":"Feature","geometry":{"type":"Point","coordinates":[-8.195447,39.472078]},"properties":{"id":"pt-93358","source":"PT","name":"E.S. ABRANTES","brand":"REPSOL","address":"AV. D. JOÃO I 3","municipality":"Abrantes","district":"Santarém","postalCode":"2200-494","fuels":{"gasoline95":2.039,"gasoline95Plus":2.099,"diesel":2.099,"dieselPremium":1.159,"lpg":0.964},"lastUpdated":"2026-07-27 14:15","extra":{"stationType":"Outro"},"services":["Cafetaria","Calibragem de pneus","Lavagem","Loja de Conveniência","Multibanco","Venda de gás doméstico em garrafas","WC","WC com fraldário","WC para deficientes"],"hours":{"weekdays":"07:00-23:00","saturday":"07:00-23:00","sunday":"07:00-23:00","holiday":"07:00-23:00"},"paymentMethods":["Dinheiro","Multibanco"],"otherServices":null,"observations":null}},{"type":"Feature","geometry":{"type":"Point","coordinates":[-8.57091,39.66291]},"properties":{"id":"pt-93368","source":"PT","name":"Repsol Ourém - GT Petro","brand":"REPSOL","address":"Rua 1º de Dezembro, n.º 232","municipality":"Ourém","district":"Santarém","postalCode":"2490-506","fuels":{"gasoline95":2.039,"diesel":2.099,"dieselPremium":2.159,"dieselAgri":1.714,"lpg":0.974},"lastUpdated":"2026-07-27 12:40","extra":{"stationType":"Outro"},"services":["Cafetaria","Loja de Conveniência","Venda de gás doméstico em garrafas","Venda de gasóleo agrícola","WC"],"hours":{"weekdays":"06:00-22:00","saturday":"06:00-22:00","sunday":"06:00-22:00","holiday":"06:00-22:00"},"paymentMethods":["Dinheiro","MbWay","Multibanco"],"otherServices":null,"observations":null}},{"type":"Feature","geometry":{"type":"Point","coordinates":[-8.693825,39.246939]},"properties":{"id":"pt-93369","source":"PT","name":"E. LECLERC SANTARÉM","brand":"LECLERC","address":"Quinta do Mergulhão","municipality":"Santarém","district":"Santarém","postalCode":"2005-071","fuels":{"gasoline95":1.923,"gasoline95Plus":1.953,"diesel":1.993,"dieselPremium":2.023,"lpg":0.939},"lastUpdated":"2026-07-27 07:30","extra":{"stationType":"Outro"},"services":["Cafetaria","Lavagem","Multibanco","Venda de carburante de qualidade superior","Venda de gás doméstico em garrafas","WC","WC para deficientes"],"hours":{"weekdays":"Aberto 24 horas","saturday":"Aberto 24 horas","sunday":"Aberto 24 horas","holiday":"Aberto 24 horas"},"paymentMethods":["Dinheiro"],"otherServices":null,"observations":"Ar/Água"}},{"type":"Feature","geometry":{"type":"Point","coordinates":[-8.60853,39.39139]},"properties":{"id":"pt-93379","source":"PT","name":"Delmarques- Alqueidão de Casevel","brand":"Genérico","address":"alqueidão, Casével","municipality":"Santarém","district":"Santarém","postalCode":"2000-452","fuels":{"gasoline95":2.012,"diesel":2.072,"dieselPremium":2.092,"dieselAgri":1.645},"lastUpdated":"2026-07-27 12:05","extra":{"stationType":"Outro"},"services":["Calibragem de pneus"],"hours":{"weekdays":"07:30-21:30","saturday":"07:30-21:30","sunday":"Fechado","holiday":"07:30-21:30"},"paymentMethods":["Dinheiro"],"otherServices":null,"observations":null}},{"type":"Feature","geometry":{"type":"Point","coordinates":[-8.486807,39.473785]},"properties":{"id":"pt-93384","source":"PT","name":"E.LECLERC ENTRONCAMENTO","brand":"LECLERC","address":"Av. de Villiers Sur Marne","municipality":"Entroncamento","district":"Santarém","postalCode":"2330-218","fuels":{"gasoline95":1.938,"gasoline98Plus":2.038,"diesel":1.978,"dieselPremium":2.008},"lastUpdated":"2026-07-30 12:30","extra":{"stationType":"Outro"},"services":[],"hours":{"weekdays":"Aberto 24 horas","saturday":"Aberto 24 horas","sunday":"Aberto 24 horas","holiday":"Aberto 24 horas"},"paymentMethods":["Dinheiro"],"otherServices":null,"observations":null}},{"type":"Feature","geometry":{"type":"Point","coordinates":[-8.29481,39.69365]},"properties":{"id":"pt-93400","source":"PT","name":"Petrozêzere Comércio de Combustíveis Unipessoal Lda","brand":"CEPSA","address":"Rua Brigadeiro Lino Valente","municipality":"Ferreira do Zêzere","district":"Santarém","postalCode":"2240-340","fuels":{"gasoline95":2.013,"gasoline95Plus":2.063,"diesel":2.089,"dieselPremium":2.139,"dieselAgri":1.704},"lastUpdated":"2026-07-27 08:45","extra":{"stationType":"Outro"},"services":["Cafetaria","Calibragem de pneus","Loja de Conveniência","Venda de gás doméstico em garrafas","Venda de gasóleo agrícola","WC","WC para deficientes"],"hours":{"weekdays":"07:00-22:00","saturday":"07:00-22:00","sunday":"07:00-22:00","holiday":"07:00-22:00"},"paymentMethods":["Dinheiro","MbWay","Multibanco"],"otherServices":null,"observations":null}},{"type":"Feature","geometry":{"type":"Point","coordinates":[-8.255839,39.447372]},"properties":{"id":"pt-93403","source":"PT","name":"INTERMARCHÉ  Tramagal","brand":"INTERMARCHÉ","address":"EN 118 - Rua do Cemitério","municipality":"Abrantes","district":"Santarém","postalCode":"2205-645","fuels":{"gasoline95":1.946,"gasoline98Plus":2.037,"diesel":1.975},"lastUpdated":"2026-07-28 08:00","extra":{"stationType":"Outro"},"services":["Calibragem de pneus"],"hours":{"weekdays":"08:00-20:00","saturday":"08:00-20:00","sunday":"08:00-13:00","holiday":"08:00-20:00"},"paymentMethods":["Dinheiro"],"otherServices":null,"observations":null}},{"type":"Feature","geometry":{"type":"Point","coordinates":[-8.140687,39.458656]},"properties":{"id":"pt-93452","source":"PT","name":"OZ ENERGIA-PEGO ","brand":"OZ Energia","address":"EN 118 - Km 139,8","municipality":"Abrantes","district":"Santarém","postalCode":"2205-324","fuels":{"gasoline95":1.989,"gasoline95Plus":2.029,"diesel":2.059,"dieselPremium":2.099,"dieselAgri":1.624},"lastUpdated":"2026-07-28 10:20","extra":{"stationType":"Outro"},"services":["Calibragem de pneus"],"hours":null,"paymentMethods":["Dinheiro"],"otherServices":null,"observations":null}},{"type":"Feature","geometry":{"type":"Point","coordinates":[-8.542961,39.471306]},"properties":{"id":"pt-93477","source":"PT","name":"Posto Abastecimento BP - Torres Novas","brand":"BP","address":"Avenida Andrade Corvo","municipality":"Torres Novas","district":"Santarém","postalCode":"2350-463","fuels":{"gasoline95":2.074,"diesel":2.139,"dieselPremium":2.299},"lastUpdated":"2026-07-28 13:25","extra":{"stationType":"Outro"},"services":["Cafetaria","Calibragem de pneus","Lavagem","Loja de Conveniência","Multibanco","Venda de carburante de qualidade superior","Venda de gás doméstico em garrafas","WC","WC para deficientes"],"hours":{"weekdays":"07:00-23:00","saturday":"07:00-23:00","sunday":"07:00-23:00","holiday":"07:00-23:00"},"paymentMethods":["Dinheiro","MbWay","Multibanco"],"otherServices":null,"observations":null}},{"type":"Feature","geometry":{"type":"Point","coordinates":[-8.531119,39.463374]},"properties":{"id":"pt-93485","source":"PT","name":"J. M. Cordeiro, Lda. - Torres Novas, Retail Park","brand":"GALP","address":"Rua da Tonova","municipality":"Torres Novas","district":"Santarém","postalCode":"2350-484","fuels":{"gasoline95":2.021,"diesel":2.088,"dieselPremium":2.138},"lastUpdated":"2026-07-27 12:25","extra":{"stationType":"Outro"},"services":["Multibanco","Venda de gás doméstico em garrafas"],"hours":{"weekdays":"Aberto 24 horas","saturday":"Aberto 24 horas","sunday":"Aberto 24 horas","holiday":"Aberto 24 horas"},"paymentMethods":["Dinheiro"],"otherServices":null,"observations":null}},{"type":"Feature","geometry":{"type":"Point","coordinates":[-8.367819,39.755524]},"properties":{"id":"pt-93524","source":"PT","name":"MOEVE Tojal","brand":"MOEVE","address":"ESTRADA NACIONAL 110, KM 77,88, AREIAS, TOJAL","municipality":"Ferreira do Zêzere","district":"Santarém","postalCode":"2240-135","fuels":{"gasoline95":2.033,"diesel":2.109,"dieselPremium":2.159,"dieselAgri":1.704},"lastUpdated":"2026-07-27 00:00","extra":{"stationType":"Outro"},"services":["Cafetaria","Loja de Conveniência","Multibanco","WC"],"hours":null,"paymentMethods":["Dinheiro"],"otherServices":null,"observations":null}},{"type":"Feature","geometry":{"type":"Point","coordinates":[-8.832418,39.423001]},"properties":{"id":"pt-93555","source":"PT","name":"E.S. ALCANEDE","brand":"REPSOL","address":"EN 362, KM 29,570 Mosteiros","municipality":"Santarém","district":"Santarém","postalCode":"2025-047","fuels":{"gasoline95":2.039,"diesel":2.099,"dieselPremium":2.159,"dieselAgri":1.704},"lastUpdated":"2026-07-27 00:00","extra":{"stationType":"Outro"},"services":["Multibanco","Venda de gás doméstico em garrafas","Venda de gasóleo agrícola","Venda de gasóleo para aquecimento"],"hours":{"weekdays":"07:30-21:00","saturday":"07:30-21:00","sunday":"09:00-12:00","holiday":"09:00-12:00"},"paymentMethods":["Dinheiro","MbWay","Multibanco","Outros"],"otherServices":null,"observations":null}},{"type":"Feature","geometry":{"type":"Point","coordinates":[-8.382065,39.51941]},"properties":{"id":"pt-93726","source":"PT","name":"PA Linhaceira - ZMT Combustiveis Unipessoal Lda","brand":"CEPSA","address":"Rua Conde Nova Gôa Nº12","municipality":"Tomar","district":"Santarém","postalCode":"2305-114","fuels":{"gasoline95":2.11,"gasoline98Plus":2.271,"diesel":2.138,"dieselAgri":1.796},"lastUpdated":"2026-07-30 11:30","extra":{"stationType":"Outro"},"services":["Multibanco"],"hours":{"weekdays":"07:00-21:30","saturday":"07:00-21:30","sunday":"07:00-21:30","holiday":"00:00-00:00"},"paymentMethods":["Dinheiro"],"otherServices":null,"observations":null}},{"type":"Feature","geometry":{"type":"Point","coordinates":[-8.210517,39.561714]},"properties":{"id":"pt-93805","source":"PT","name":"PA PAURUI Carvalhal","brand":"Genérico","address":"E.N 358 km 33.5 Vale de cerejeira  Carvalhal","municipality":"Abrantes","district":"Santarém","postalCode":"2200-481","fuels":{"gasoline95":2.04,"gasoline98Plus":2.19,"diesel":2.1,"dieselPremium":2.12,"dieselAgri":1.67},"lastUpdated":"2026-07-27 15:15","extra":{"stationType":"Outro"},"services":["Cafetaria","Multibanco","Restaurante","WC"],"hours":{"weekdays":"06:30-22:30","saturday":"06:30-22:30","sunday":"06:30-22:30","holiday":null},"paymentMethods":["Dinheiro"],"otherServices":null,"observations":null}},{"type":"Feature","geometry":{"type":"Point","coordinates":[-7.873992,39.566814]},"properties":{"id":"pt-93814","source":"PT","name":"PA ENVENDOS","brand":"Genérico","address":"RUA ORIENTAL,Nº47","municipality":"Mação","district":"Santarém","postalCode":"6120-017","fuels":{"gasoline95":2.072,"diesel":2.132,"dieselAgri":1.705},"lastUpdated":"2026-07-27 15:55","extra":{"stationType":"Outro"},"services":["Multibanco","WC"],"hours":{"weekdays":"08:00-18:00","saturday":"08:30-13:00","sunday":"Fechado","holiday":"Fechado"},"paymentMethods":["Dinheiro"],"otherServices":null,"observations":null}},{"type":"Feature","geometry":{"type":"Point","coordinates":[-8.650639,39.781292]},"properties":{"id":"pt-93831","source":"PT","name":"PA Memória - Petromemória","brand":"Genérico","address":"Av. 11 de Julho n° 269","municipality":"Ourém","district":"Santarém","postalCode":"2435-152","fuels":{"gasoline95":2.029,"gasolineMix":2.3,"diesel":2.079,"dieselPremium":2.109,"dieselHeating":1.98,"dieselAgri":1.689},"lastUpdated":"2026-07-27 08:10","extra":{"stationType":"Outro"},"services":["Calibragem de pneus","Venda de gás doméstico em garrafas","Venda de gasóleo agrícola","Venda de gasóleo para aquecimento","WC para deficientes"],"hours":{"weekdays":"07:30-21:00","saturday":"07:30-21:00","sunday":"08:00-14:00","holiday":"08:00-14:00"},"paymentMethods":["Dinheiro","MbWay","Multibanco"],"otherServices":null,"observations":null}},{"type":"Feature","geometry":{"type":"Point","coordinates":[-8.478876,39.828617]},"properties":{"id":"pt-93884","source":"PT","name":"Combustíveis do Nabão, Lda.","brand":"GALP","address":"rua major nº 54","municipality":"Ourém","district":"Santarém","postalCode":"2435-252","fuels":{"gasoline95":2.092,"diesel":2.132,"dieselPremium":2.152,"dieselHeating":2.112,"dieselAgri":1.705},"lastUpdated":"2026-07-26 22:50","extra":{"stationType":"Outro"},"services":["Calibragem de pneus"],"hours":{"weekdays":"07:00-22:00","saturday":"07:00-22:00","sunday":"07:00-22:00","holiday":null},"paymentMethods":["Dinheiro"],"otherServices":null,"observations":null}},{"type":"Feature","geometry":{"type":"Point","coordinates":[-8.616042,39.41629]},"properties":{"id":"pt-93888","source":"PT","name":"Casalinho - Casével","brand":"OZ Energia","address":"Figueira Branca","municipality":"Santarém","district":"Santarém","postalCode":"2000-451","fuels":{"gasoline95":2.079,"gasolineMix":2.6,"diesel":2.149,"dieselPremium":2.179,"dieselAgri":1.599},"lastUpdated":"2026-07-28 00:10","extra":{"stationType":"Outro"},"services":["Calibragem de pneus"],"hours":{"weekdays":"08:00-20:00","saturday":"08:00-20:00","sunday":null,"holiday":null},"paymentMethods":["Dinheiro"],"otherServices":null,"observations":null}},{"type":"Feature","geometry":{"type":"Point","coordinates":[-8.781746,39.165535]},"properties":{"id":"pt-93895","source":"PT","name":"PLENERGY Cartaxo I","brand":"PLENERGY","address":"Urbanização Vinha do Lopes, lote 4 – EN 3, Vila Chã de Ourique","municipality":"Cartaxo","district":"Santarém","postalCode":"2070-085","fuels":{"gasoline95":1.929,"gasoline95Plus":1.959,"diesel":1.969,"dieselPremium":1.999},"lastUpdated":"2026-07-29 11:00","extra":{"stationType":"Outro"},"services":["Multibanco","WC"],"hours":{"weekdays":"Aberto 24 horas","saturday":"Aberto 24 horas","sunday":"Aberto 24 horas","holiday":"Aberto 24 horas"},"paymentMethods":["Dinheiro","Multibanco"],"otherServices":null,"observations":null}},{"type":"Feature","geometry":{"type":"Point","coordinates":[-8.810267,38.979973]},"properties":{"id":"pt-94276","source":"PT","name":"MECAN AGRICOLA LDA.","brand":"GALP","address":"P.Galp - E.N.118 ao Km.40,680 - Rua Luís de Camões - Largo de St. Andr","municipality":"Benavente","district":"Santarém","postalCode":"2130-000","fuels":{"gasoline95":2.089,"gasoline95Plus":2.139,"diesel":2.149,"dieselPremium":2.199,"dieselAgri":1.704},"lastUpdated":"2026-07-29 22:10","extra":{"stationType":"Outro"},"services":["Calibragem de pneus"],"hours":null,"paymentMethods":["Dinheiro"],"otherServices":null,"observations":null}},{"type":"Feature","geometry":{"type":"Point","coordinates":[-8.693279,39.247772]},"properties":{"id":"pt-94290","source":"PT","name":"REPSOL SANTAREM N3","brand":"REPSOL","address":"Av Dr Francisco Sá Carneiro, E.N. 3, Senhora da Guia","municipality":"Santarém","district":"Santarém","postalCode":"2005-355","fuels":{"gasoline95":2.039,"gasoline95Plus":2.099,"diesel":2.099,"dieselPremium":2.159},"lastUpdated":"2026-07-27 10:50","extra":{"stationType":"Outro"},"services":["Cafetaria","Loja de Conveniência","WC"],"hours":{"weekdays":"06:30-22:30","saturday":"06:30-22:30","sunday":"06:30-22:30","holiday":"06:30-22:30"},"paymentMethods":["Dinheiro","MbWay","Multibanco"],"otherServices":null,"observations":null}},{"type":"Feature","geometry":{"type":"Point","coordinates":[-8.636429,38.90139]},"properties":{"id":"pt-94291","source":"PT","name":"REPSOL  Biscainho B","brand":"REPSOL","address":"Estrada Nacional 119, Km 34.4","municipality":"Coruche","district":"Santarém","postalCode":"2100-651","fuels":{"gasoline95":2.059,"diesel":2.109,"dieselPremium":2.169,"dieselAgri":1.704},"lastUpdated":"2026-07-27 10:40","extra":{"stationType":"Outro"},"services":["Cafetaria","Loja de Conveniência","Multibanco","WC"],"hours":{"weekdays":"06:00-22:00","saturday":"06:00-22:00","sunday":"06:00-22:00","holiday":"06:00-22:00"},"paymentMethods":["Dinheiro","MbWay","Multibanco"],"otherServices":null,"observations":null}},{"type":"Feature","geometry":{"type":"Point","coordinates":[-8.849353,39.450424]},"properties":{"id":"pt-94305","source":"PT","name":"PA Valverde - Alcanede","brand":"Genérico","address":"Estrada Nacional Nº 362 Km25.4, Valverde","municipality":"Santarém","district":"Santarém","postalCode":"2025-201","fuels":{"gasoline95":1.92,"gasoline98Plus":2.018,"diesel":1.921,"dieselPremium":1.946,"dieselAgri":1.613,"lpg":0.973},"lastUpdated":"2026-07-27 17:05","extra":{"stationType":"Outro"},"services":["Cafetaria","Multibanco","WC"],"hours":{"weekdays":"07:30-22:00","saturday":"07:30-22:00","sunday":"07:30-22:00","holiday":null},"paymentMethods":["Dinheiro"],"otherServices":null,"observations":null}},{"type":"Feature","geometry":{"type":"Point","coordinates":[-8.664319,39.62245]},"properties":{"id":"pt-94307","source":"PT","name":"GALP Fátima (Fátima-Minde) -13049","brand":"GALP","address":"E.N. 360, Km 81.8","municipality":"Ourém","district":"Santarém","postalCode":"2495-408","fuels":{"gasoline95":2.085,"gasoline95Plus":2.14,"diesel":2.148,"dieselPremium":2.203},"lastUpdated":"2026-07-27 09:45","extra":{"stationType":"Outro"},"services":["Calibragem de pneus"],"hours":null,"paymentMethods":["Dinheiro"],"otherServices":null,"observations":null}},{"type":"Feature","geometry":{"type":"Point","coordinates":[-8.664017,39.622623]},"properties":{"id":"pt-94308","source":"PT","name":"GALP Fátima (Minde-Fátima) - 13048","brand":"GALP","address":"E.N. 360, Km 81,8","municipality":"Ourém","district":"Santarém","postalCode":"2495-408","fuels":{"gasoline95":2.085,"gasoline95Plus":2.14,"diesel":2.148,"dieselPremium":2.203},"lastUpdated":"2026-07-27 09:45","extra":{"stationType":"Outro"},"services":["Cafetaria","Loja de Conveniência","Multibanco","WC"],"hours":null,"paymentMethods":["Dinheiro"],"otherServices":null,"observations":null}},{"type":"Feature","geometry":{"type":"Point","coordinates":[-8.301971,39.718792]},"properties":{"id":"pt-94418","source":"PT","name":"PA - GALP Gravulha","brand":"GALP","address":"E.N. 238 - GRAVULHA","municipality":"Ferreira do Zêzere","district":"Santarém","postalCode":"2240-029","fuels":{"gasoline95":2.061,"gasoline95Plus":2.111,"diesel":2.128,"dieselPremium":2.178,"dieselAgri":1.704},"lastUpdated":"2026-07-27 16:40","extra":{"stationType":"Outro"},"services":["Calibragem de pneus"],"hours":{"weekdays":"07:00-22:00","saturday":"07:00-22:00","sunday":"07:00-22:00","holiday":"07:00-22:00"},"paymentMethods":["Dinheiro"],"otherServices":null,"observations":null}},{"type":"Feature","geometry":{"type":"Point","coordinates":[-8.609443,39.45873]},"properties":{"id":"pt-94426","source":"PT","name":"PA Parceiros de Igreja - TNV","brand":"Genérico","address":"Rua Nossa Senhora das Neves, S/N","municipality":"Torres Novas","district":"Santarém","postalCode":"2350-213","fuels":{"gasoline95":2.072,"diesel":2.174,"dieselAgri":1.705},"lastUpdated":"2026-07-30 09:15","extra":{"stationType":"Outro"},"services":["Calibragem de pneus"],"hours":{"weekdays":"07:00-21:00","saturday":"08:00-17:00","sunday":"Fechado","holiday":"08:00-13:00"},"paymentMethods":["Dinheiro","Multibanco"],"otherServices":null,"observations":null}},{"type":"Feature","geometry":{"type":"Point","coordinates":[-8.949353,39.34091]},"properties":{"id":"pt-94449","source":"PT","name":"NJBFERREIRA - Comércio de GALP FREIRIA ","brand":"GALP","address":"E.N.1 ao Km.73,200 Freiria ","municipality":"Rio Maior","district":"Santarém","postalCode":"2040-114","fuels":{"gasoline95":2.031,"gasoline95Plus":2.081,"diesel":2.098,"dieselPremium":2.148},"lastUpdated":"2026-07-27 16:45","extra":{"stationType":"Outro"},"services":["Calibragem de pneus"],"hours":null,"paymentMethods":["Dinheiro"],"otherServices":null,"observations":null}},{"type":"Feature","geometry":{"type":"Point","coordinates":[-8.731104,39.05095]},"properties":{"id":"pt-94531","source":"PT","name":"L.P.P.Combustíveis Lda - Repsol Marinhais","brand":"REPSOL","address":"Estrda Nacional 118 Km 54","municipality":"Salvaterra de Magos","district":"Santarém","postalCode":"2125-101","fuels":{"gasoline95":2.049,"gasoline95Plus":2.109,"diesel":2.109,"dieselPremium":2.169,"dieselAgri":1.704},"lastUpdated":"2026-07-27 10:05","extra":{"stationType":"Outro"},"services":["Cafetaria"],"hours":null,"paymentMethods":["Dinheiro"],"otherServices":null,"observations":null}},{"type":"Feature","geometry":{"type":"Point","coordinates":[-8.681163,39.628216]},"properties":{"id":"pt-94562","source":"PT","name":"BP Fátima","brand":"BP","address":"Av. João XXIII, Cabeço do Serrado Alagado posto BP","municipality":"Ourém","district":"Santarém","postalCode":"2495-405","fuels":{"gasoline95":2.114,"diesel":2.179,"dieselPremium":2.299},"lastUpdated":"2026-07-28 00:00","extra":{"stationType":"Outro"},"services":[],"hours":{"weekdays":"Aberto 24 horas","saturday":"Aberto 24 horas","sunday":"Aberto 24 horas","holiday":"Aberto 24 horas"},"paymentMethods":[],"otherServices":null,"observations":null}},{"type":"Feature","geometry":{"type":"Point","coordinates":[-8.520625,39.29211]},"properties":{"id":"pt-94564","source":"PT","name":"CEPSA  Vale de Cavalos","brand":"CEPSA","address":"Estrada Nacional 118, ao KM 88,345","municipality":"Chamusca","district":"Santarém","postalCode":"2140-400","fuels":{"gasoline95":1.983,"diesel":2.059,"dieselPremium":2.109,"dieselAgri":1.704,"lpg":0.916},"lastUpdated":"2026-07-27 00:00","extra":{"stationType":"Outro"},"services":["Loja de Conveniência","Multibanco","Venda de gasóleo agrícola","WC","WC para deficientes"],"hours":{"weekdays":"06:00-22:00","saturday":"06:00-22:00","sunday":"06:00-22:00","holiday":"06:00-22:00"},"paymentMethods":["Dinheiro","MbWay","Multibanco"],"otherServices":null,"observations":null}},{"type":"Feature","geometry":{"type":"Point","coordinates":[-8.629141,39.204117]},"properties":{"id":"pt-94565","source":"PT","name":"CEPSA Almeirim","brand":"CEPSA","address":"RUA DE CORUCHE","municipality":"Almeirim","district":"Santarém","postalCode":"2080-094","fuels":{"gasoline95":2.033,"gasoline95Plus":2.083,"diesel":2.109,"dieselPremium":2.159,"dieselAgri":1.654},"lastUpdated":"2026-07-27 00:00","extra":{"stationType":"Outro"},"services":["Cafetaria","Loja de Conveniência","Multibanco","Venda de gás doméstico em garrafas","WC","WC para deficientes"],"hours":{"weekdays":"06:00-22:00","saturday":"06:00-22:00","sunday":"06:00-22:00","holiday":"06:00-22:00"},"paymentMethods":["Dinheiro","MbWay","Multibanco"],"otherServices":null,"observations":null}},{"type":"Feature","geometry":{"type":"Point","coordinates":[-8.01621,39.69436]},"properties":{"id":"pt-94587","source":"PT","name":"Posto de abastecimento de Cardigos","brand":"Genérico","address":"Rua Quintal da Estrada, 7","municipality":"Mação","district":"Santarém","postalCode":"6120-214","fuels":{"gasoline95":2.069,"gasoline98Plus":2.229,"diesel":2.1,"dieselAgri":1.7},"lastUpdated":"2026-07-27 12:35","extra":{"stationType":"Outro"},"services":["Venda de gás doméstico em garrafas","Venda de gasóleo agrícola"],"hours":{"weekdays":"08:00-21:00","saturday":"08:00-21:00","sunday":"08:00-21:00","holiday":"08:00-21:00"},"paymentMethods":["Dinheiro"],"otherServices":null,"observations":"Comercio d"}},{"type":"Feature","geometry":{"type":"Point","coordinates":[-8.19324,39.472458]},"properties":{"id":"pt-94684","source":"PT","name":"PLENERGY - ABRANTES I","brand":"PLENERGY","address":"Avenida Dom João I","municipality":"Abrantes","district":"Santarém","postalCode":"2200-233","fuels":{"gasoline95":1.929,"gasoline95Plus":1.959,"diesel":1.945,"dieselPremium":1.975},"lastUpdated":"2026-07-29 11:00","extra":{"stationType":"Outro"},"services":[],"hours":{"weekdays":"Aberto 24 horas","saturday":"Aberto 24 horas","sunday":"Aberto 24 horas","holiday":"Aberto 24 horas"},"paymentMethods":["Dinheiro","Multibanco"],"otherServices":null,"observations":null}},{"type":"Feature","geometry":{"type":"Point","coordinates":[-8.68459,39.639294]},"properties":{"id":"pt-94703","source":"PT","name":"PLENERGY - OURÉM I","brand":"PLENERGY","address":"Avenida Nossa Senhora de Fátima, n.º 88","municipality":"Ourém","district":"Santarém","postalCode":"2495-560","fuels":{"gasoline95":1.909,"gasoline95Plus":1.959,"diesel":1.989,"dieselPremium":2.039},"lastUpdated":"2026-07-29 11:00","extra":{"stationType":"Outro"},"services":["Calibragem de pneus"],"hours":{"weekdays":"Aberto 24 horas","saturday":"Aberto 24 horas","sunday":"Aberto 24 horas","holiday":"Aberto 24 horas"},"paymentMethods":["Dinheiro","Multibanco"],"otherServices":null,"observations":null}},{"type":"Feature","geometry":{"type":"Point","coordinates":[-8.805804,39.10955]},"properties":{"id":"pt-94725","source":"PT","name":"PA Vale da Pedra - Cartaxo","brand":"Genérico","address":"Rua 25 de Abril 222","municipality":"Cartaxo","district":"Santarém","postalCode":"2070-719","fuels":{"gasoline95":1.933,"gasoline98Plus":2.018,"diesel":1.982,"dieselPremium":2.007,"dieselAgri":1.632},"lastUpdated":"2026-07-27 11:40","extra":{"stationType":"Outro"},"services":["Calibragem de pneus"],"hours":{"weekdays":"07:00-21:00","saturday":"07:00-21:00","sunday":"07:00-21:00","holiday":"07:00-21:00"},"paymentMethods":["Dinheiro"],"otherServices":null,"observations":null}},{"type":"Feature","geometry":{"type":"Point","coordinates":[-8.74745,39.18865]},"properties":{"id":"pt-95208","source":"PT","name":"REPSOL VALE SANTAREM","brand":"REPSOL","address":"Estrada Nacional 3, Km 28,9","municipality":"Santarém","district":"Santarém","postalCode":"2005-050","fuels":{"gasoline95":2.039,"diesel":2.099,"dieselPremium":2.159,"dieselAgri":1.764},"lastUpdated":"2026-07-27 10:50","extra":{"stationType":"Outro"},"services":["Descanso de pesados","WC"],"hours":{"weekdays":"07:30-20:30","saturday":"07:30-20:30","sunday":"07:30-20:30","holiday":"Fechado"},"paymentMethods":["Dinheiro","MbWay","Multibanco"],"otherServices":null,"observations":null}}]}