{"type":"FeatureCollection","features":[{"type":"Feature","geometry":{"type":"Point","coordinates":[-9.098961,39.23777]},"properties":{"id":"pt-65040","source":"PT","name":"Intermarché Sodisor","brand":"INTERMARCHÉ","address":"Urbanização do Martinho","municipality":"Cadaval","district":"Lisboa","postalCode":"2550-170","fuels":{"gasoline95":1.929,"gasoline98":1.999,"diesel":1.999,"dieselPremium":2.029},"lastUpdated":"2026-08-04 08:40","extra":{"stationType":"Outro"},"services":["Calibragem de pneus"],"hours":{"weekdays":"08:00-20:00","saturday":"08:00-20:00","sunday":null,"holiday":"08:00-20:00"},"paymentMethods":["Dinheiro"],"otherServices":null,"observations":null}},{"type":"Feature","geometry":{"type":"Point","coordinates":[-8.97779,39.02286]},"properties":{"id":"pt-65060","source":"PT","name":"GASNUNOS, LDA","brand":"GALP","address":"EN 1 (Rua Vaz Monteiro) Km 31,3","municipality":"Alenquer","district":"Lisboa","postalCode":"2580-491","fuels":{"gasoline95":2.039,"diesel":2.129},"lastUpdated":"2026-08-07 17:35","extra":{"stationType":"Outro"},"services":["Venda de carburante de qualidade superior","Venda de gás doméstico em garrafas"],"hours":{"weekdays":"07:00-00:00","saturday":"07:00-00:00","sunday":"07:00-00:00","holiday":"07:00-00:00"},"paymentMethods":["Dinheiro"],"otherServices":null,"observations":"Full Service"}},{"type":"Feature","geometry":{"type":"Point","coordinates":[-9.223605,38.733336]},"properties":{"id":"pt-65110","source":"PT","name":"GALP A.S. Alfragide (Ama/Lis)","brand":"GALP","address":"E.N. 117 Km 1,668","municipality":"Amadora","district":"Lisboa","postalCode":"2720-412","fuels":{"gasoline95":1.989,"gasoline95Plus":2.039,"gasoline98Plus":2.199,"diesel":2.087,"dieselPremium":2.137},"lastUpdated":"2026-08-10 04:30","extra":{"stationType":"Outro"},"services":["Loja de Conveniência","Multibanco","Venda de carburante de qualidade superior","Venda de gás doméstico em garrafas","Via verde","WC","WC para deficientes"],"hours":{"weekdays":"Aberto 24 horas","saturday":"Aberto 24 horas","sunday":"Aberto 24 horas","holiday":"Aberto 24 horas"},"paymentMethods":["Dinheiro","MbWay","Multibanco","Outros"],"otherServices":null,"observations":null}},{"type":"Feature","geometry":{"type":"Point","coordinates":[-9.23282,38.75669]},"properties":{"id":"pt-65112","source":"PT","name":"PNEUCOM - COM. SERV. ASSIST. AUTOMÓVEL","brand":"GALP","address":"Rua Salvador Allende","municipality":"Amadora","district":"Lisboa","postalCode":"2700-222","fuels":{"gasoline95":2.053,"gasoline95Plus":2.103,"diesel":2.154,"dieselPremium":2.204},"lastUpdated":"2026-08-03 00:05","extra":{"stationType":"Outro"},"services":["Assistência auto","Venda de carburante de qualidade superior","Venda de gás doméstico em garrafas"],"hours":{"weekdays":"06:00-23:59","saturday":"06:00-23:59","sunday":"06:00-23:59","holiday":"06:00-23:59"},"paymentMethods":["Dinheiro"],"otherServices":null,"observations":"Full Service"}},{"type":"Feature","geometry":{"type":"Point","coordinates":[-9.22941,38.758042]},"properties":{"id":"pt-65116","source":"PT","name":"PNEUCOM-COM.SERV.ASSIST.AUT.2","brand":"GALP","address":"Rua Elias Garcia nº 242-244","municipality":"Amadora","district":"Lisboa","postalCode":"2700-333","fuels":{"gasoline95":2.053,"gasoline95Plus":2.103,"diesel":2.154,"dieselPremium":2.204},"lastUpdated":"2026-08-03 00:05","extra":{"stationType":"Outro"},"services":["Assistência auto","Lavagem","Venda de carburante de qualidade superior","Venda de gás doméstico em garrafas"],"hours":{"weekdays":"Aberto 24 horas","saturday":"Aberto 24 horas","sunday":"Aberto 24 horas","holiday":"Aberto 24 horas"},"paymentMethods":["Dinheiro"],"otherServices":null,"observations":"Full Service"}},{"type":"Feature","geometry":{"type":"Point","coordinates":[-9.077027,38.979149]},"properties":{"id":"pt-65147","source":"PT","name":"PETROFROTA – POSTO DE ABASTECIMENTO, LDA","brand":"GALP","address":"EN 248 (Rua Cândido dos Reis) Km 20","municipality":"Arruda dos Vinhos","district":"Lisboa","postalCode":"2630-233","fuels":{"gasoline95":2.077,"gasoline95Plus":2.127,"diesel":2.165,"dieselPremium":2.215},"lastUpdated":"2026-08-03 00:05","extra":{"stationType":"Outro"},"services":["Cafetaria","Loja de Conveniência","Multibanco","Venda de carburante de qualidade superior","Venda de gás doméstico em garrafas","WC","WC para deficientes"],"hours":{"weekdays":"Aberto 24 horas","saturday":"Aberto 24 horas","sunday":"Aberto 24 horas","holiday":"Aberto 24 horas"},"paymentMethods":["Dinheiro"],"otherServices":null,"observations":null}},{"type":"Feature","geometry":{"type":"Point","coordinates":[-8.907065,39.124374]},"properties":{"id":"pt-65154","source":"PT","name":"GALP A.S. Aveiras Cima (N/S)","brand":"GALP","address":"A.E.1 Km 44,000","municipality":"Azambuja","district":"Lisboa","postalCode":"2050-071","fuels":{"gasoline95":2.034,"gasoline95Plus":2.104,"diesel":2.139,"dieselPremium":2.209,"lpg":0.999},"lastUpdated":"2026-08-10 04:15","extra":{"stationType":"Auto-estrada"},"services":["Descanso de pesados","Loja de Conveniência","Multibanco","Venda de carburante de qualidade superior","Via verde","WC","WC com fraldário","WC para deficientes"],"hours":{"weekdays":"Aberto 24 horas","saturday":"Aberto 24 horas","sunday":"Aberto 24 horas","holiday":"Aberto 24 horas"},"paymentMethods":["Dinheiro","MbWay","Multibanco"],"otherServices":null,"observations":null}},{"type":"Feature","geometry":{"type":"Point","coordinates":[-8.907926,39.122275]},"properties":{"id":"pt-65155","source":"PT","name":"GALP A.S. Aveiras Cima (S/N)","brand":"GALP","address":"A1 - Km 44","municipality":"Azambuja","district":"Lisboa","postalCode":"2050-000","fuels":{"gasoline95":2.034,"gasoline95Plus":2.104,"diesel":2.139,"dieselPremium":2.209,"lpg":0.999},"lastUpdated":"2026-08-10 04:15","extra":{"stationType":"Auto-estrada"},"services":["Assistência auto","Cafetaria","Calibragem de pneus","Descanso de pesados","Loja de Conveniência","Multibanco","Restaurante","Venda de carburante de qualidade superior","Via verde","WC","WC com fraldário","WC para deficientes"],"hours":{"weekdays":"Aberto 24 horas","saturday":"Aberto 24 horas","sunday":"Aberto 24 horas","holiday":"Aberto 24 horas"},"paymentMethods":["Dinheiro","MbWay","Multibanco","Outros"],"otherServices":null,"observations":null}},{"type":"Feature","geometry":{"type":"Point","coordinates":[-8.8905,39.0591]},"properties":{"id":"pt-65156","source":"PT","name":"GASNUNOS LDA","brand":"GALP","address":"EN 3 Km 8,9","municipality":"Azambuja","district":"Lisboa","postalCode":"2050-000","fuels":{"gasoline95":2.039,"gasoline95Plus":2.089,"diesel":2.129,"dieselPremium":2.179,"cngkg":2.659,"lng":2.617},"lastUpdated":"2026-08-07 17:35","extra":{"stationType":"Outro"},"services":["Cafetaria","Venda de carburante de qualidade superior","Venda de gás doméstico em garrafas"],"hours":{"weekdays":"06:00-22:00","saturday":"06:00-22:00","sunday":"06:00-22:00","holiday":"06:00-22:00"},"paymentMethods":["Dinheiro"],"otherServices":null,"observations":"Full Service"}},{"type":"Feature","geometry":{"type":"Point","coordinates":[-8.89039,39.05875]},"properties":{"id":"pt-65157","source":"PT","name":"GÁSNUNOS, LDA. (2)","brand":"GALP","address":"EN 3 Km 8,9","municipality":"Azambuja","district":"Lisboa","postalCode":"2050-000","fuels":{"gasoline95":2.039,"diesel":2.129,"dieselPremium":2.179,"dieselAgri":1.724},"lastUpdated":"2026-08-07 17:35","extra":{"stationType":"Outro"},"services":["Venda de carburante de qualidade superior","Venda de gás doméstico em garrafas","Venda de gasóleo agrícola"],"hours":{"weekdays":"06:00-21:00","saturday":"06:00-21:00","sunday":"06:00-21:00","holiday":"06:00-21:00"},"paymentMethods":["Dinheiro"],"otherServices":null,"observations":"Full Service"}},{"type":"Feature","geometry":{"type":"Point","coordinates":[-9.114181,39.188815]},"properties":{"id":"pt-65190","source":"PT","name":"LEAL & LEAL, LDA.","brand":"GALP","address":"EN 115 Km 30,05","municipality":"Cadaval","district":"Lisboa","postalCode":"2550-690","fuels":{"gasoline95":1.964,"gasoline95Plus":2.014,"diesel":2.067,"dieselPremium":2.117,"dieselAgri":1.624},"lastUpdated":"2026-08-10 00:00","extra":{"stationType":"Outro"},"services":["Venda de gás doméstico em garrafas","WC","AUTOvoucher"],"hours":{"weekdays":"07:00-21:00","saturday":"07:00-21:00","sunday":"07:00-21:00","holiday":"07:00-21:00"},"paymentMethods":["Dinheiro","MbWay","Multibanco"],"otherServices":null,"observations":null}},{"type":"Feature","geometry":{"type":"Point","coordinates":[-9.387309,38.735434]},"properties":{"id":"pt-65204","source":"PT","name":"São Januário . Com. Combustiveis, Lda","brand":"GALP","address":"EN 247-5 Km 6,3","municipality":"Cascais","district":"Lisboa","postalCode":"2765-000","fuels":{"gasoline95":2.049,"gasoline95Plus":2.099,"diesel":2.144,"dieselPremium":2.194},"lastUpdated":"2026-08-03 00:05","extra":{"stationType":"Outro"},"services":["Cafetaria","Lavagem","Loja de Conveniência","Multibanco","Venda de carburante de qualidade superior","Venda de gás doméstico em garrafas","WC","WC para deficientes"],"hours":{"weekdays":"Aberto 24 horas","saturday":"Aberto 24 horas","sunday":"Aberto 24 horas","holiday":"Aberto 24 horas"},"paymentMethods":["Dinheiro"],"otherServices":null,"observations":null}},{"type":"Feature","geometry":{"type":"Point","coordinates":[-9.338908,38.735378]},"properties":{"id":"pt-65205","source":"PT","name":"M & V SOUSA, LDA - TRAJOUCE","brand":"GALP","address":"EN 294 Km 5,75","municipality":"Cascais","district":"Lisboa","postalCode":"2785-653","fuels":{"gasoline95":1.989,"gasoline95Plus":2.039,"gasoline98Plus":2.199,"diesel":2.087,"dieselPremium":2.137},"lastUpdated":"2026-08-10 00:00","extra":{"stationType":"Outro"},"services":["Cafetaria","Lavagem","Loja de Conveniência","Multibanco","Venda de carburante de qualidade superior","Venda de gás doméstico em garrafas","Via verde","WC","WC para deficientes"],"hours":{"weekdays":"Aberto 24 horas","saturday":"Aberto 24 horas","sunday":"Aberto 24 horas","holiday":"Aberto 24 horas"},"paymentMethods":["Dinheiro"],"otherServices":null,"observations":null}},{"type":"Feature","geometry":{"type":"Point","coordinates":[-9.446281,38.71094]},"properties":{"id":"pt-65206","source":"PT","name":"GALP Birre","brand":"GALP","address":"Estrada da Torre","municipality":"Cascais","district":"Lisboa","postalCode":"2750-269","fuels":{"gasoline95":1.964,"gasoline95Plus":2.014,"gasoline98Plus":2.174,"diesel":2.082,"dieselPremium":2.132},"lastUpdated":"2026-08-10 03:50","extra":{"stationType":"Outro"},"services":["Cafetaria","Loja de Conveniência","Multibanco","Venda de gás doméstico em garrafas","Via verde","WC","WC com fraldário","WC para deficientes"],"hours":{"weekdays":"Aberto 24 horas","saturday":"Aberto 24 horas","sunday":"Aberto 24 horas","holiday":"Aberto 24 horas"},"paymentMethods":["Dinheiro","MbWay","Multibanco","Outros"],"otherServices":null,"observations":null}},{"type":"Feature","geometry":{"type":"Point","coordinates":[-9.441315,38.719755]},"properties":{"id":"pt-65207","source":"PT","name":"GALP Cascais - A.S. Adelino Amaro da Costa (Est. Malveira)","brand":"GALP","address":"Estrada da Malveira - Casal Queimado","municipality":"Cascais","district":"Lisboa","postalCode":"2750-278","fuels":{"gasoline95":1.964,"gasoline95Plus":2.014,"diesel":2.082,"dieselPremium":2.132},"lastUpdated":"2026-08-10 03:50","extra":{"stationType":"Outro"},"services":["Cafetaria","Lavagem","Loja de Conveniência","Multibanco","Venda de carburante de qualidade superior","Venda de gás doméstico em garrafas","Via verde","WC","WC para deficientes"],"hours":{"weekdays":"Aberto 24 horas","saturday":"Aberto 24 horas","sunday":"Aberto 24 horas","holiday":"Aberto 24 horas"},"paymentMethods":["Dinheiro","MbWay","Multibanco","Outros"],"otherServices":null,"observations":null}},{"type":"Feature","geometry":{"type":"Point","coordinates":[-9.393574,38.7112]},"properties":{"id":"pt-65209","source":"PT","name":"GALP Estoril","brand":"GALP","address":"Av. Bombeiros Voluntários, n.º 48-A","municipality":"Cascais","district":"Lisboa","postalCode":"2765-201","fuels":{"gasoline95":1.969,"gasoline95Plus":2.029,"gasoline98Plus":2.179,"diesel":2.067,"dieselPremium":2.127},"lastUpdated":"2026-08-10 04:30","extra":{"stationType":"Outro"},"services":["Cafetaria","Lavagem","Loja de Conveniência","Multibanco","Venda de gás doméstico em garrafas","WC","WC com fraldário","WC para deficientes"],"hours":{"weekdays":"Aberto 24 horas","saturday":"Aberto 24 horas","sunday":"Aberto 24 horas","holiday":"Aberto 24 horas"},"paymentMethods":["Dinheiro","MbWay","Multibanco","Outros"],"otherServices":null,"observations":null}},{"type":"Feature","geometry":{"type":"Point","coordinates":[-9.352706,38.687098]},"properties":{"id":"pt-65211","source":"PT","name":"SOCIEDADE DISTRIBUIDORA DE COMBUSTÍVEIS DA MARGINAL, LDA","brand":"GALP","address":"Largo da Igreja","municipality":"Cascais","district":"Lisboa","postalCode":"2775-222","fuels":{"gasoline95":2.079,"diesel":2.169,"dieselPremium":2.219},"lastUpdated":"2026-08-04 09:15","extra":{"stationType":"Outro"},"services":["Multibanco","Venda de carburante de qualidade superior","Venda de gás doméstico em garrafas","WC"],"hours":{"weekdays":"07:00-00:00","saturday":"07:00-00:00","sunday":"07:00-00:00","holiday":"07:00-00:00"},"paymentMethods":["Dinheiro"],"otherServices":null,"observations":"Full Service"}},{"type":"Feature","geometry":{"type":"Point","coordinates":[-9.36064,38.70078]},"properties":{"id":"pt-65212","source":"PT","name":"AMERICO OLIVEIRA E FILHOS, LDA","brand":"GALP","address":"Rua Combatentes do Ultramar / Rua Doutor Carlos Amaro ","municipality":"Cascais","district":"Lisboa","postalCode":"2765-000","fuels":{"gasoline95":1.989,"gasoline95Plus":2.039,"diesel":2.087,"dieselPremium":2.137},"lastUpdated":"2026-08-10 00:00","extra":{"stationType":"Outro"},"services":[],"hours":{"weekdays":"07:00-21:00","saturday":"08:00-20:00","sunday":"08:00-18:00","holiday":"08:00-18:00"},"paymentMethods":["Dinheiro"],"otherServices":null,"observations":null}},{"type":"Feature","geometry":{"type":"Point","coordinates":[-9.34072,38.70214]},"properties":{"id":"pt-65214","source":"PT","name":"SOCIEDADE DISTRIBUIDORA DE COMBUSTÍVEIS DA MARGINAL, LDA.","brand":"GALP","address":"Largo de São Domingos, 153","municipality":"Cascais","district":"Lisboa","postalCode":"2785-595","fuels":{"gasoline95":2.079,"gasoline95Plus":2.129,"diesel":2.169,"dieselPremium":2.219},"lastUpdated":"2026-08-04 09:15","extra":{"stationType":"Outro"},"services":["Venda de carburante de qualidade superior","Venda de gás doméstico em garrafas"],"hours":{"weekdays":"06:00-00:00","saturday":"06:00-00:00","sunday":"06:00-00:00","holiday":"06:00-00:00"},"paymentMethods":["Dinheiro","MbWay","Multibanco","Outros"],"otherServices":null,"observations":"Full Service"}},{"type":"Feature","geometry":{"type":"Point","coordinates":[-9.337358,38.722635]},"properties":{"id":"pt-65215","source":"PT","name":"MTPRINO & FILHOS, LDA","brand":"GALP","address":"EN 249-4 Km 9,77","municipality":"Cascais","district":"Lisboa","postalCode":"2785-654","fuels":{"gasoline95":1.989,"gasoline95Plus":2.039,"diesel":2.087,"dieselPremium":2.137},"lastUpdated":"2026-08-10 00:00","extra":{"stationType":"Outro"},"services":["Assistência auto","Cafetaria","Calibragem de pneus","Lavagem","Loja de Conveniência","Venda de carburante de qualidade superior","Venda de gás doméstico em garrafas","WC","WC para deficientes"],"hours":{"weekdays":"Aberto 24 horas","saturday":"Aberto 24 horas","sunday":"Aberto 24 horas","holiday":"Aberto 24 horas"},"paymentMethods":["Dinheiro"],"otherServices":null,"observations":null}},{"type":"Feature","geometry":{"type":"Point","coordinates":[-9.142749,38.740295]},"properties":{"id":"pt-65351","source":"PT","name":"GALP Rua Arco do Cego","brand":"GALP","address":"Rua Arco do Cego, 69 e 69/B","municipality":"Lisboa","district":"Lisboa","postalCode":"1000-020","fuels":{"gasoline95":1.989,"gasoline95Plus":2.049,"gasoline98Plus":2.199,"diesel":2.087,"dieselPremium":2.147},"lastUpdated":"2026-08-10 03:40","extra":{"stationType":"Outro"},"services":["Calibragem de pneus"],"hours":{"weekdays":"00:00-00:00","saturday":"00:00-00:00","sunday":"00:00-00:00","holiday":"00:00-00:00"},"paymentMethods":["Dinheiro","MbWay","Multibanco","Outros"],"otherServices":null,"observations":null}},{"type":"Feature","geometry":{"type":"Point","coordinates":[-9.12223,38.77945]},"properties":{"id":"pt-65352","source":"PT","name":"GALP A.S. Aeroporto (S/N)","brand":"GALP","address":"Avª Marechal CrAveiro Lopes","municipality":"Lisboa","district":"Lisboa","postalCode":"1700-277","fuels":{"gasoline95":1.989,"gasoline95Plus":2.049,"gasoline98Plus":2.199,"diesel":2.087,"dieselPremium":2.147,"lpg":0.949},"lastUpdated":"2026-08-10 03:40","extra":{"stationType":"Outro"},"services":["Cafetaria","Loja de Conveniência","Multibanco","Via verde","WC","WC com fraldário","WC para deficientes"],"hours":{"weekdays":"Aberto 24 horas","saturday":"Aberto 24 horas","sunday":"Aberto 24 horas","holiday":"Aberto 24 horas"},"paymentMethods":["Dinheiro","MbWay","Multibanco","Outros"],"otherServices":null,"observations":null}},{"type":"Feature","geometry":{"type":"Point","coordinates":[-9.123903,38.779526]},"properties":{"id":"pt-65353","source":"PT","name":"GALP Aeroporto (N/S)","brand":"GALP","address":"Avª Marechal Craveiro Lopes","municipality":"Lisboa","district":"Lisboa","postalCode":"1700-277","fuels":{"gasoline95":1.989,"gasoline95Plus":2.049,"gasoline98Plus":2.199,"diesel":2.087,"dieselPremium":2.147,"lpg":0.949},"lastUpdated":"2026-08-10 03:40","extra":{"stationType":"Outro"},"services":["Cafetaria","Loja de Conveniência","Multibanco","Via verde","WC","WC com fraldário","WC para deficientes"],"hours":null,"paymentMethods":["Dinheiro","MbWay","Multibanco","Outros"],"otherServices":null,"observations":null}},{"type":"Feature","geometry":{"type":"Point","coordinates":[-9.167463,38.78456]},"properties":{"id":"pt-65354","source":"PT","name":"GALP Calçada de Carriche (Lis/Odiv)","brand":"GALP","address":"Calçada de Carriche, 160","municipality":"Lisboa","district":"Lisboa","postalCode":"1750-054","fuels":{"gasoline95":2.079,"gasoline95Plus":2.129,"gasoline98Plus":2.289,"diesel":2.169,"dieselPremium":2.219},"lastUpdated":"2026-08-10 03:40","extra":{"stationType":"Outro"},"services":["Cafetaria","Calibragem de pneus","Loja de Conveniência","Multibanco","Via verde","WC","WC com fraldário","WC para deficientes"],"hours":{"weekdays":"Aberto 24 horas","saturday":"Aberto 24 horas","sunday":"Aberto 24 horas","holiday":"Aberto 24 horas"},"paymentMethods":["Dinheiro","MbWay","Multibanco","Outros"],"otherServices":null,"observations":null}},{"type":"Feature","geometry":{"type":"Point","coordinates":[-9.168789,38.784954]},"properties":{"id":"pt-65355","source":"PT","name":"GALP Calçada de Carriche II (Odv/Lis)","brand":"GALP","address":"Calçada Carriche","municipality":"Lisboa","district":"Lisboa","postalCode":"1750-054","fuels":{"gasoline95":2.069,"gasoline95Plus":2.119,"gasoline98Plus":2.279,"diesel":2.084,"dieselPremium":2.134},"lastUpdated":"2026-08-10 03:45","extra":{"stationType":"Outro"},"services":["Cafetaria","Loja de Conveniência","Multibanco","Via verde","WC","WC com fraldário","WC para deficientes"],"hours":{"weekdays":"07:00-23:30","saturday":"07:00-23:30","sunday":"07:00-23:30","holiday":"07:00-23:30"},"paymentMethods":["Dinheiro","MbWay","Multibanco","Outros"],"otherServices":null,"observations":null}},{"type":"Feature","geometry":{"type":"Point","coordinates":[-9.204177,38.694896]},"properties":{"id":"pt-65360","source":"PT","name":"TRANQUILO PLANALTO LDA","brand":"GALP","address":"Av. de Brasília","municipality":"Lisboa","district":"Lisboa","postalCode":"1400-038","fuels":{"gasoline95":2.077,"gasoline95Plus":2.137,"diesel":2.165,"dieselPremium":2.225},"lastUpdated":"2026-08-03 00:05","extra":{"stationType":"Outro"},"services":["Venda de carburante de qualidade superior","Venda de gás doméstico em garrafas"],"hours":{"weekdays":"Aberto 24 horas","saturday":"Aberto 24 horas","sunday":"Aberto 24 horas","holiday":"Aberto 24 horas"},"paymentMethods":["Dinheiro"],"otherServices":null,"observations":"Posto Marítimo"}},{"type":"Feature","geometry":{"type":"Point","coordinates":[-9.1992,38.75553]},"properties":{"id":"pt-65361","source":"PT","name":"GALP  - AUTO FASCINANTE, LDA.","brand":"GALP","address":"Estrada dos Arneiros nº 40 A-C","municipality":"Lisboa","district":"Lisboa","postalCode":"1500-052","fuels":{"gasoline95":2.049,"diesel":2.128,"dieselPremium":2.178},"lastUpdated":"2026-08-03 11:10","extra":{"stationType":"Outro"},"services":[],"hours":{"weekdays":"07:00-23:00","saturday":"07:00-23:00","sunday":"07:00-23:00","holiday":"07:00-23:00"},"paymentMethods":["Dinheiro"],"otherServices":null,"observations":null}},{"type":"Feature","geometry":{"type":"Point","coordinates":[-9.138758,38.754066]},"properties":{"id":"pt-65363","source":"PT","name":"JALCRIMAR, LDA","brand":"GALP","address":"Av. RIo de Janeiro nº 15-17","municipality":"Lisboa","district":"Lisboa","postalCode":"1700-330","fuels":{"gasoline95":2.073,"gasoline95Plus":2.124,"diesel":2.164,"dieselPremium":2.214},"lastUpdated":"2026-08-04 12:55","extra":{"stationType":"Outro"},"services":["Multibanco","WC","WC para deficientes"],"hours":{"weekdays":"07:00-00:00","saturday":"07:00-00:00","sunday":"07:00-00:00","holiday":"07:00-00:00"},"paymentMethods":["Dinheiro"],"otherServices":null,"observations":null}},{"type":"Feature","geometry":{"type":"Point","coordinates":[-9.158557,38.764263]},"properties":{"id":"pt-65365","source":"PT","name":"GALP Lumiar - Rua Francisco Stromp - 11294","brand":"GALP","address":"Rua Francisco Stromp - Lote 1- Lumiar","municipality":"Lisboa","district":"Lisboa","postalCode":"1600-410","fuels":{"gasoline95":1.989,"gasoline95Plus":2.049,"gasoline98Plus":2.199,"diesel":2.087,"dieselPremium":2.147},"lastUpdated":"2026-08-10 03:50","extra":{"stationType":"Outro"},"services":["Calibragem de pneus"],"hours":null,"paymentMethods":["Dinheiro"],"otherServices":null,"observations":null}},{"type":"Feature","geometry":{"type":"Point","coordinates":[-9.100733,38.766975]},"properties":{"id":"pt-65367","source":"PT","name":"GALP Av. Berlim","brand":"GALP","address":"Avª de Berlim","municipality":"Lisboa","district":"Lisboa","postalCode":"1800-000","fuels":{"gasoline95":1.989,"gasoline95Plus":2.039,"diesel":2.087,"dieselPremium":2.137},"lastUpdated":"2026-08-10 03:55","extra":{"stationType":"Outro"},"services":["Cafetaria","Loja de Conveniência","Multibanco","Venda de gás doméstico em garrafas","Via verde","WC","WC com fraldário","WC para deficientes"],"hours":{"weekdays":"Aberto 24 horas","saturday":"Aberto 24 horas","sunday":"Aberto 24 horas","holiday":"Aberto 24 horas"},"paymentMethods":["Dinheiro","MbWay","Multibanco","Outros"],"otherServices":null,"observations":null}},{"type":"Feature","geometry":{"type":"Point","coordinates":[-9.171036,38.767593]},"properties":{"id":"pt-65368","source":"PT","name":"GALP A.S. Telheiras - Eixo Norte-Sul (S/N)","brand":"GALP","address":"Rua Frederico George - Eixo N/S - Sentido S/N","municipality":"Lisboa","district":"Lisboa","postalCode":"1600-468","fuels":{"gasoline95":1.989,"gasoline95Plus":2.039,"gasoline98Plus":2.199,"diesel":2.087,"dieselPremium":2.137,"lpg":0.949},"lastUpdated":"2026-08-10 04:00","extra":{"stationType":"Outro"},"services":["Cafetaria","Lavagem","Loja de Conveniência","Multibanco","Venda de gás doméstico em garrafas","Via verde","WC com fraldário","WC para deficientes"],"hours":{"weekdays":"Aberto 24 horas","saturday":"Aberto 24 horas","sunday":"Aberto 24 horas","holiday":"Aberto 24 horas"},"paymentMethods":["Dinheiro","MbWay","Multibanco","Outros"],"otherServices":null,"observations":null}},{"type":"Feature","geometry":{"type":"Point","coordinates":[-9.167859,38.72313]},"properties":{"id":"pt-65370","source":"PT","name":"GALP Duarte Pacheco (LIS/CAS)","brand":"GALP","address":"Av Eng. Duarte Pacheco","municipality":"Lisboa","district":"Lisboa","postalCode":"1070-113","fuels":{"gasoline95":1.989,"gasoline95Plus":2.049,"gasoline98Plus":2.199,"diesel":2.087,"dieselPremium":2.147},"lastUpdated":"2026-08-10 04:40","extra":{"stationType":"Outro"},"services":["Cafetaria","Loja de Conveniência","Venda de gás doméstico em garrafas","WC","WC com fraldário","WC para deficientes"],"hours":{"weekdays":"Aberto 24 horas","saturday":"Aberto 24 horas","sunday":"Aberto 24 horas","holiday":"Aberto 24 horas"},"paymentMethods":["Dinheiro","MbWay","Multibanco","Outros"],"otherServices":null,"observations":null}},{"type":"Feature","geometry":{"type":"Point","coordinates":[-9.165655,38.765548]},"properties":{"id":"pt-65371","source":"PT","name":"GALP A.S. Lisboa - Av. Padre Cruz","brand":"GALP","address":"Av. Padre Cruz (Odiv/Lisboa)","municipality":"Lisboa","district":"Lisboa","postalCode":"1600-552","fuels":{"gasoline95":2.079,"gasoline95Plus":2.129,"gasoline98Plus":2.289,"diesel":2.169,"dieselPremium":2.219},"lastUpdated":"2026-08-10 04:40","extra":{"stationType":"Outro"},"services":["Cafetaria","Lavagem","Loja de Conveniência","Multibanco","Venda de carburante de qualidade superior","Venda de gás doméstico em garrafas","Via verde","WC","WC para deficientes"],"hours":{"weekdays":"Aberto 24 horas","saturday":"Aberto 24 horas","sunday":"Aberto 24 horas","holiday":"Aberto 24 horas"},"paymentMethods":["Dinheiro","MbWay","Multibanco","Outros"],"otherServices":null,"observations":null}},{"type":"Feature","geometry":{"type":"Point","coordinates":[-9.108631,38.763157]},"properties":{"id":"pt-65372","source":"PT","name":"GALP A.S. Olivais","brand":"GALP","address":"Avª de Pádua - Santa Maria dos Olivais","municipality":"Lisboa","district":"Lisboa","postalCode":"1800-000","fuels":{"gasoline95":1.989,"gasoline95Plus":2.039,"gasoline98Plus":2.287,"diesel":2.087,"dieselPremium":2.137},"lastUpdated":"2026-08-10 04:40","extra":{"stationType":"Outro"},"services":["Cafetaria","Loja de Conveniência","Venda de gás doméstico em garrafas","WC","WC para deficientes"],"hours":{"weekdays":"Aberto 24 horas","saturday":"Aberto 24 horas","sunday":"Aberto 24 horas","holiday":"Aberto 24 horas"},"paymentMethods":["Dinheiro","MbWay","Multibanco","Outros"],"otherServices":null,"observations":null}},{"type":"Feature","geometry":{"type":"Point","coordinates":[-9.204227,38.710487]},"properties":{"id":"pt-65373","source":"PT","name":"GALP Ajuda","brand":"GALP","address":"Avª Helen Keller","municipality":"Lisboa","district":"Lisboa","postalCode":"1400-081","fuels":{"gasoline95":1.979,"gasoline95Plus":2.039,"gasoline98Plus":2.189,"diesel":2.087,"dieselPremium":2.147},"lastUpdated":"2026-08-10 04:00","extra":{"stationType":"Outro"},"services":["Cafetaria","Loja de Conveniência","Multibanco","Via verde","WC","WC com fraldário","WC para deficientes"],"hours":{"weekdays":"Aberto 24 horas","saturday":"Aberto 24 horas","sunday":"Aberto 24 horas","holiday":"Aberto 24 horas"},"paymentMethods":["Dinheiro","MbWay","Outros"],"otherServices":null,"observations":null}},{"type":"Feature","geometry":{"type":"Point","coordinates":[-9.162437,38.826538]},"properties":{"id":"pt-65381","source":"PT","name":"Galp A.S. Loures (Lisboa-Loures)","brand":"GALP","address":"Rua da República nº. 4","municipality":"Loures","district":"Lisboa","postalCode":"2670-472","fuels":{"gasoline95":1.959,"gasoline95Plus":2.009,"diesel":2.062,"dieselPremium":2.112},"lastUpdated":"2026-08-10 03:45","extra":{"stationType":"Outro"},"services":["Cafetaria","Loja de Conveniência","Multibanco","Via verde","WC"],"hours":{"weekdays":"Aberto 24 horas","saturday":"Aberto 24 horas","sunday":"Aberto 24 horas","holiday":"Aberto 24 horas"},"paymentMethods":["Dinheiro","MbWay","Multibanco","Outros"],"otherServices":null,"observations":null}},{"type":"Feature","geometry":{"type":"Point","coordinates":[-9.118242,38.86072]},"properties":{"id":"pt-65383","source":"PT","name":"GALP São Julião do Tojal MSRI","brand":"GALP","address":"E.N.115/5","municipality":"Loures","district":"Lisboa","postalCode":"2660-366","fuels":{"gasoline95":2.049,"gasoline95Plus":2.099,"gasoline98Plus":2.259,"diesel":2.144,"dieselPremium":2.194},"lastUpdated":"2026-08-03 00:00","extra":{"stationType":"Outro"},"services":["Cafetaria","Multibanco","WC"],"hours":{"weekdays":"07:00-22:00","saturday":"07:00-22:00","sunday":"07:00-22:00","holiday":"07:00-22:00"},"paymentMethods":["Dinheiro"],"otherServices":null,"observations":null}},{"type":"Feature","geometry":{"type":"Point","coordinates":[-9.097843,38.821947]},"properties":{"id":"pt-65384","source":"PT","name":"MARVIMAR, LDA. (1)","brand":"GALP","address":"Av. Dom Afonso Henriques","municipality":"Loures","district":"Lisboa","postalCode":"2695-691","fuels":{"gasoline95":2.049,"gasoline95Plus":2.099,"diesel":2.144,"dieselPremium":2.194,"lpg":1.119},"lastUpdated":"2026-08-03 00:05","extra":{"stationType":"Outro"},"services":["Assistência auto","Lavagem","Multibanco","Venda de carburante de qualidade superior","Venda de gás doméstico em garrafas","WC"],"hours":{"weekdays":"06:00-00:00","saturday":"06:00-00:00","sunday":"06:00-00:00","holiday":"06:00-00:00"},"paymentMethods":["Dinheiro"],"otherServices":null,"observations":"Full Service"}},{"type":"Feature","geometry":{"type":"Point","coordinates":[-9.190916,38.83815]},"properties":{"id":"pt-65385","source":"PT","name":"Rodrigues  Lagarto, Pinheiro de Loures","brand":"GALP","address":"EN 8 (Rua Combatentes do Ultramar nº 15) Km 8,16","municipality":"Loures","district":"Lisboa","postalCode":"2670-506","fuels":{"gasoline95":1.959,"gasoline95Plus":2.009,"diesel":2.062,"dieselPremium":2.112,"dieselAgri":1.624},"lastUpdated":"2026-08-10 00:00","extra":{"stationType":"Outro"},"services":["Assistência auto","Loja de Conveniência","Multibanco","Venda de carburante de qualidade superior","Venda de gás doméstico em garrafas","Venda de gasóleo agrícola"],"hours":{"weekdays":"06:00-22:00","saturday":"06:00-22:00","sunday":"06:00-22:00","holiday":"06:00-22:00"},"paymentMethods":["Dinheiro"],"otherServices":null,"observations":"Full Service"}},{"type":"Feature","geometry":{"type":"Point","coordinates":[-9.10457,38.79592]},"properties":{"id":"pt-65386","source":"PT","name":"MARVIMAR, LDA. (2)","brand":"GALP","address":"EN 10 (Praça República nº 4) Km 141,9","municipality":"Loures","district":"Lisboa","postalCode":"2685-105","fuels":{"gasoline95":2.059,"gasoline95Plus":2.109,"diesel":2.154,"dieselPremium":2.204},"lastUpdated":"2026-08-03 00:05","extra":{"stationType":"Outro"},"services":["Loja de Conveniência","Multibanco","Venda de carburante de qualidade superior","Venda de gás doméstico em garrafas","WC"],"hours":{"weekdays":"Aberto 24 horas","saturday":"Aberto 24 horas","sunday":"Aberto 24 horas","holiday":"Aberto 24 horas"},"paymentMethods":["Dinheiro"],"otherServices":null,"observations":"Full Service"}},{"type":"Feature","geometry":{"type":"Point","coordinates":[-9.16355,38.827]},"properties":{"id":"pt-65387","source":"PT","name":"Petrosalsa - Distribuição de Combustíveis, Lda","brand":"GALP","address":"Rua da República nº 11","municipality":"Loures","district":"Lisboa","postalCode":"2670-472","fuels":{"gasoline95":2.049,"gasoline95Plus":2.099,"gasoline98Plus":2.259,"diesel":2.144,"dieselPremium":2.194},"lastUpdated":"2026-08-03 10:10","extra":{"stationType":"Outro"},"services":["Assistência auto","Cafetaria","Loja de Conveniência","Venda de carburante de qualidade superior","Venda de gás doméstico em garrafas","WC"],"hours":{"weekdays":"06:00-21:00","saturday":"06:00-21:00","sunday":"06:00-21:00","holiday":"06:00-21:00"},"paymentMethods":["Dinheiro"],"otherServices":null,"observations":"Full Service"}},{"type":"Feature","geometry":{"type":"Point","coordinates":[-9.11163,38.79007]},"properties":{"id":"pt-65389","source":"PT","name":"ACESSÓRIOS VICTÓRIA, LDA.","brand":"GALP","address":"Rua Estado da Índia nº 27-43","municipality":"Loures","district":"Lisboa","postalCode":"2685-051","fuels":{"gasoline95":2.059,"gasoline95Plus":2.109,"gasoline98Plus":2.269,"diesel":2.154,"dieselPremium":2.204},"lastUpdated":"2026-08-03 12:35","extra":{"stationType":"Outro"},"services":["Assistência auto","Venda de carburante de qualidade superior","Venda de gás doméstico em garrafas"],"hours":{"weekdays":"07:00-22:00","saturday":"07:00-22:00","sunday":"07:00-22:00","holiday":"07:00-22:00"},"paymentMethods":["Dinheiro"],"otherServices":null,"observations":"Full Service"}},{"type":"Feature","geometry":{"type":"Point","coordinates":[-9.399244,39.047134]},"properties":{"id":"pt-65395","source":"PT","name":"PETROPOVOA, LDA.","brand":"GALP","address":"EN 247 Km 39,542","municipality":"Mafra","district":"Lisboa","postalCode":"2640-202","fuels":{"gasoline95":2.019,"gasoline95Plus":2.069,"diesel":2.114,"dieselPremium":2.164,"dieselAgri":1.724},"lastUpdated":"2026-08-03 00:05","extra":{"stationType":"Outro"},"services":["Assistência auto","Venda de carburante de qualidade superior","Venda de gás doméstico em garrafas","Venda de gasóleo agrícola","WC"],"hours":{"weekdays":"06:00-22:00","saturday":"06:00-22:00","sunday":"06:00-22:00","holiday":"06:00-22:00"},"paymentMethods":["Dinheiro"],"otherServices":null,"observations":"Full Service"}},{"type":"Feature","geometry":{"type":"Point","coordinates":[-9.33038,38.94156]},"properties":{"id":"pt-65397","source":"PT","name":"AUTOMAFRA - PNEUS AC. COMB. VIAT., LDA.","brand":"GALP","address":"EN 116 (Av. 25 de Abril) Km 35,65","municipality":"Mafra","district":"Lisboa","postalCode":"2640-456","fuels":{"gasoline95":2.054,"gasoline95Plus":2.104,"gasoline98Plus":2.264,"diesel":2.149,"dieselPremium":2.199},"lastUpdated":"2026-08-04 17:20","extra":{"stationType":"Outro"},"services":["Loja de Conveniência","Venda de carburante de qualidade superior","Venda de gás doméstico em garrafas","WC"],"hours":{"weekdays":"Aberto 24 horas","saturday":"Aberto 24 horas","sunday":"Aberto 24 horas","holiday":"Aberto 24 horas"},"paymentMethods":["Dinheiro"],"otherServices":null,"observations":null}},{"type":"Feature","geometry":{"type":"Point","coordinates":[-9.27649,39.00374]},"properties":{"id":"pt-65398","source":"PT","name":"José Vasco Simões & Filhos, Lda","brand":"GALP","address":"EN 8 Km 33,5","municipality":"Mafra","district":"Lisboa","postalCode":"2665-000","fuels":{"gasoline95":2.049,"gasoline95Plus":2.099,"diesel":2.144,"dieselPremium":2.194},"lastUpdated":"2026-08-03 00:05","extra":{"stationType":"Outro"},"services":["Venda de carburante de qualidade superior","Venda de gás doméstico em garrafas","WC"],"hours":{"weekdays":"07:00-20:30","saturday":"07:00-20:30","sunday":"07:00-20:30","holiday":"07:00-20:30"},"paymentMethods":["Dinheiro"],"otherServices":null,"observations":"Full Service"}},{"type":"Feature","geometry":{"type":"Point","coordinates":[-9.414707,38.958479]},"properties":{"id":"pt-65399","source":"PT","name":"PETROPÓVOA LDA","brand":"GALP","address":"EN 247 (Rua Dr. Burnay nº 2) Km 51,7","municipality":"Mafra","district":"Lisboa","postalCode":"2655-319","fuels":{"gasoline95":2.024,"gasoline95Plus":2.074,"gasoline98Plus":2.234,"diesel":2.119,"dieselPremium":2.169},"lastUpdated":"2026-08-03 00:05","extra":{"stationType":"Outro"},"services":["Assistência auto","Multibanco","Venda de carburante de qualidade superior","Venda de gás doméstico em garrafas"],"hours":{"weekdays":"07:00-00:00","saturday":"07:00-00:00","sunday":"07:00-00:00","holiday":"07:00-00:00"},"paymentMethods":["Dinheiro"],"otherServices":null,"observations":"Full Service"}},{"type":"Feature","geometry":{"type":"Point","coordinates":[-9.236528,38.927774]},"properties":{"id":"pt-65400","source":"PT","name":"PETROMENINOS LDA","brand":"GALP","address":"EN 8 Km 20,36","municipality":"Mafra","district":"Lisboa","postalCode":"2665-522","fuels":{"gasoline95":2.049,"gasoline95Plus":2.099,"diesel":2.144,"dieselPremium":2.194},"lastUpdated":"2026-08-09 16:30","extra":{"stationType":"Outro"},"services":["Lavagem","Loja de Conveniência","Venda de carburante de qualidade superior","Venda de gás doméstico em garrafas","Via verde"],"hours":{"weekdays":"07:00-00:00","saturday":"07:00-00:00","sunday":"07:00-00:00","holiday":"07:00-00:00"},"paymentMethods":["Dinheiro"],"otherServices":null,"observations":null}},{"type":"Feature","geometry":{"type":"Point","coordinates":[-9.192035,38.78379]},"properties":{"id":"pt-65474","source":"PT","name":"GALP  Odivelas Parque","brand":"GALP","address":"Avenida Miguel Torga, Lote 2, Casal da Troca","municipality":"Odivelas","district":"Lisboa","postalCode":"2675-626","fuels":{"gasoline95":1.959,"gasoline95Plus":2.009,"gasoline98Plus":2.169,"diesel":2.062,"dieselPremium":2.112},"lastUpdated":"2026-08-10 04:00","extra":{"stationType":"Outro"},"services":["Calibragem de pneus"],"hours":null,"paymentMethods":["Dinheiro"],"otherServices":null,"observations":null}},{"type":"Feature","geometry":{"type":"Point","coordinates":[-9.201623,38.777993]},"properties":{"id":"pt-65476","source":"PT","name":"AUTO ABASTECEDORA DE COMBUSTÍVEIS DA PAIÃ, LDA.","brand":"GALP","address":"EN 576","municipality":"Odivelas","district":"Lisboa","postalCode":"1675-014","fuels":{"gasoline95":2.049,"diesel":2.128,"dieselPremium":2.178},"lastUpdated":"2026-08-03 11:10","extra":{"stationType":"Outro"},"services":["Venda de carburante de qualidade superior","Venda de gás doméstico em garrafas"],"hours":{"weekdays":"06:00-22:00","saturday":"06:00-22:00","sunday":"06:00-22:00","holiday":"06:00-22:00"},"paymentMethods":["Dinheiro"],"otherServices":null,"observations":"Full Service"}},{"type":"Feature","geometry":{"type":"Point","coordinates":[-9.197498,38.764119]},"properties":{"id":"pt-65478","source":"PT","name":"PETROFAST, LDA","brand":"GALP","address":"Praça Bento Jesus Caraça nº 10 A","municipality":"Odivelas","district":"Lisboa","postalCode":"1675-103","fuels":{"gasoline95":2.049,"gasoline95Plus":2.099,"diesel":2.144,"dieselPremium":2.194},"lastUpdated":"2026-08-03 00:05","extra":{"stationType":"Outro"},"services":["Assistência auto","Venda de carburante de qualidade superior","Venda de gás doméstico em garrafas"],"hours":{"weekdays":"06:00-23:30","saturday":"06:00-23:30","sunday":"06:00-23:30","holiday":"06:00-23:30"},"paymentMethods":["Dinheiro"],"otherServices":null,"observations":"Full Service"}},{"type":"Feature","geometry":{"type":"Point","coordinates":[-9.23939,38.70583]},"properties":{"id":"pt-65481","source":"PT","name":"PETROFAST - POSTOS DE ABASTECIMENTO, LDA.","brand":"GALP","address":"Av. Duque de Loulé nº 101","municipality":"Oeiras","district":"Lisboa","postalCode":"1495-000","fuels":{"gasoline95":2.077,"gasoline95Plus":2.137,"diesel":2.165,"dieselPremium":2.225},"lastUpdated":"2026-08-03 00:05","extra":{"stationType":"Outro"},"services":["Cafetaria","Loja de Conveniência","Multibanco","Venda de carburante de qualidade superior","Venda de gás doméstico em garrafas","Via verde","WC","WC para deficientes"],"hours":{"weekdays":"Aberto 24 horas","saturday":"Aberto 24 horas","sunday":"Aberto 24 horas","holiday":"Aberto 24 horas"},"paymentMethods":["Dinheiro"],"otherServices":null,"observations":null}},{"type":"Feature","geometry":{"type":"Point","coordinates":[-9.263533,38.715887]},"properties":{"id":"pt-65482","source":"PT","name":"GALP Queijas","brand":"GALP","address":"Estrada das Varzeas","municipality":"Oeiras","district":"Lisboa","postalCode":"2795-894","fuels":{"gasoline95":1.989,"gasoline95Plus":2.049,"diesel":2.087,"dieselPremium":2.147},"lastUpdated":"2026-08-10 03:55","extra":{"stationType":"Outro"},"services":["Cafetaria","Lavagem","Loja de Conveniência","Multibanco","Venda de carburante de qualidade superior","Venda de gás doméstico em garrafas","Via verde","WC","WC para deficientes"],"hours":{"weekdays":"07:00-23:30","saturday":"07:00-23:30","sunday":"07:00-23:30","holiday":"07:00-23:30"},"paymentMethods":["Dinheiro","MbWay","Multibanco","Outros"],"otherServices":null,"observations":null}},{"type":"Feature","geometry":{"type":"Point","coordinates":[-9.306199,38.700012]},"properties":{"id":"pt-65483","source":"PT","name":"GALP Oeiras Parque I","brand":"GALP","address":"Av. Eng. Álvaro Roquette (Rotunda do cemitério)","municipality":"Oeiras","district":"Lisboa","postalCode":"2780-002","fuels":{"gasoline95":1.979,"gasoline95Plus":2.034,"diesel":2.087,"dieselPremium":2.142},"lastUpdated":"2026-08-10 04:45","extra":{"stationType":"Outro"},"services":["Cafetaria","Loja de Conveniência","WC","WC com fraldário","WC para deficientes"],"hours":{"weekdays":"Aberto 24 horas","saturday":"Aberto 24 horas","sunday":"Aberto 24 horas","holiday":"Aberto 24 horas"},"paymentMethods":["Dinheiro","MbWay","Multibanco","Outros"],"otherServices":null,"observations":null}},{"type":"Feature","geometry":{"type":"Point","coordinates":[-9.304674,38.702644]},"properties":{"id":"pt-65484","source":"PT","name":"GALP Oeiras Parque II","brand":"GALP","address":"Av. Engº Álvaro Roquette (Rotunda Shopping)","municipality":"Oeiras","district":"Lisboa","postalCode":"2780-002","fuels":{"gasoline95":1.979,"gasoline95Plus":2.034,"gasoline98Plus":2.189,"diesel":2.087,"dieselPremium":2.142},"lastUpdated":"2026-08-10 04:25","extra":{"stationType":"Outro"},"services":["Cafetaria","Venda de gás doméstico em garrafas","WC","WC com fraldário","WC para deficientes"],"hours":{"weekdays":"07:00-23:30","saturday":"07:00-23:30","sunday":"07:00-23:30","holiday":"07:00-23:30"},"paymentMethods":["Dinheiro","MbWay","Multibanco","Outros"],"otherServices":null,"observations":null}},{"type":"Feature","geometry":{"type":"Point","coordinates":[-9.224214,38.733021]},"properties":{"id":"pt-65485","source":"PT","name":"GALP A.S. Alfragide (Lis/Ama)","brand":"GALP","address":"E.N. 117 Km 1,668","municipality":"Oeiras","district":"Lisboa","postalCode":"2720-412","fuels":{"gasoline95":1.989,"gasoline95Plus":2.039,"gasoline98Plus":2.199,"diesel":2.087,"dieselPremium":2.137},"lastUpdated":"2026-08-10 04:30","extra":{"stationType":"Outro"},"services":["Assistência auto","Cafetaria","Calibragem de pneus","Lavagem","Loja de Conveniência","Multibanco","Venda de carburante de qualidade superior","Venda de gás doméstico em garrafas","Via verde","WC","WC para deficientes"],"hours":{"weekdays":"Aberto 24 horas","saturday":"Aberto 24 horas","sunday":"Aberto 24 horas","holiday":"Aberto 24 horas"},"paymentMethods":["Dinheiro","MbWay","Multibanco","Outros"],"otherServices":null,"observations":null}},{"type":"Feature","geometry":{"type":"Point","coordinates":[-9.284689,38.715042]},"properties":{"id":"pt-65488","source":"PT","name":"GALP A.S. Oeiras (Lisb/Casc)","brand":"GALP","address":"A 5 A. E. Lisboa/Cascais Km 9.6","municipality":"Oeiras","district":"Lisboa","postalCode":"2780-201","fuels":{"gasoline95":2.009,"gasoline95Plus":2.069,"gasoline98Plus":2.219,"diesel":2.114,"dieselPremium":2.174,"lpg":0.964},"lastUpdated":"2026-08-10 04:30","extra":{"stationType":"Auto-estrada"},"services":["Calibragem de pneus"],"hours":{"weekdays":"Aberto 24 horas","saturday":"Aberto 24 horas","sunday":"Aberto 24 horas","holiday":"Aberto 24 horas"},"paymentMethods":["Dinheiro","MbWay","Multibanco","Outros"],"otherServices":null,"observations":null}},{"type":"Feature","geometry":{"type":"Point","coordinates":[-9.284626,38.715027]},"properties":{"id":"pt-65489","source":"PT","name":"GALP A.S. Oeiras (Casc/Lisb)","brand":"GALP","address":"A 5 - Km 9,6 - Cascais/Lisboa","municipality":"Oeiras","district":"Lisboa","postalCode":"2780-201","fuels":{"gasoline95":2.009,"gasoline95Plus":2.069,"gasoline98Plus":2.219,"diesel":2.114,"dieselPremium":2.174,"lpg":0.964},"lastUpdated":"2026-08-10 04:30","extra":{"stationType":"Auto-estrada"},"services":["Calibragem de pneus"],"hours":{"weekdays":"Aberto 24 horas","saturday":"Aberto 24 horas","sunday":"Aberto 24 horas","holiday":"Aberto 24 horas"},"paymentMethods":["Dinheiro","MbWay","Multibanco","Outros"],"otherServices":null,"observations":null}},{"type":"Feature","geometry":{"type":"Point","coordinates":[-9.324393,38.798481]},"properties":{"id":"pt-65655","source":"PT","name":"Alchemy Explorers – Combustíveis, Lda.","brand":"GALP","address":"Estrada das Mercês","municipality":"Sintra","district":"Lisboa","postalCode":"2725-093","fuels":{"gasoline95":2.072,"gasoline95Plus":2.122,"gasoline98Plus":2.282,"diesel":2.165,"dieselPremium":2.215},"lastUpdated":"2026-08-03 13:20","extra":{"stationType":"Outro"},"services":["Assistência auto","Cafetaria","Calibragem de pneus","Lavagem","Loja de Conveniência","Multibanco","Venda de carburante de qualidade superior","Venda de gás doméstico em garrafas","Via verde","WC","WC para deficientes"],"hours":{"weekdays":"Aberto 24 horas","saturday":"Aberto 24 horas","sunday":"Aberto 24 horas","holiday":"Aberto 24 horas"},"paymentMethods":["Dinheiro"],"otherServices":null,"observations":null}},{"type":"Feature","geometry":{"type":"Point","coordinates":[-9.341358,38.787727]},"properties":{"id":"pt-65657","source":"PT","name":"OPTIMISTIKPRIORITY - COMB., LDA.","brand":"GALP","address":"Rua António Feijó","municipality":"Sintra","district":"Lisboa","postalCode":"2725-223","fuels":{"gasoline95":2.072,"gasoline95Plus":2.122,"diesel":2.165,"dieselPremium":2.215},"lastUpdated":"2026-08-03 13:15","extra":{"stationType":"Outro"},"services":["Assistência auto","Cafetaria","Calibragem de pneus","Lavagem","Loja de Conveniência","Multibanco","Venda de carburante de qualidade superior","Venda de gás doméstico em garrafas","Via verde","WC","WC para deficientes"],"hours":{"weekdays":"Aberto 24 horas","saturday":"Aberto 24 horas","sunday":"Aberto 24 horas","holiday":"Aberto 24 horas"},"paymentMethods":["Dinheiro"],"otherServices":null,"observations":null}},{"type":"Feature","geometry":{"type":"Point","coordinates":[-9.348816,38.782043]},"properties":{"id":"pt-65659","source":"PT","name":"GPAB – Posto de abastecimento Unipessoal, Lda.","brand":"GALP","address":"Rua Leopoldo de Almeida","municipality":"Sintra","district":"Lisboa","postalCode":"2725-357","fuels":{"gasoline95":1.989,"gasoline95Plus":2.039,"diesel":2.087,"dieselPremium":2.137},"lastUpdated":"2026-08-10 00:00","extra":{"stationType":"Outro"},"services":["Cafetaria","Lavagem","Loja de Conveniência","Multibanco","Venda de carburante de qualidade superior","Venda de gás doméstico em garrafas","Via verde","WC"],"hours":{"weekdays":"07:00-00:00","saturday":"07:00-00:00","sunday":"07:00-00:00","holiday":"07:00-00:00"},"paymentMethods":["Dinheiro"],"otherServices":null,"observations":null}},{"type":"Feature","geometry":{"type":"Point","coordinates":[-9.32628,38.85937]},"properties":{"id":"pt-65661","source":"PT","name":"ALVES MOTA, LDA.","brand":"GALP","address":"EN 9 (Av. da Liberdade nº 158 C)","municipality":"Sintra","district":"Lisboa","postalCode":"2715-097","fuels":{"gasoline95":2.053,"gasoline95Plus":2.113,"gasoline98Plus":2.263,"diesel":2.144,"dieselPremium":2.204},"lastUpdated":"2026-08-03 00:05","extra":{"stationType":"Outro"},"services":["Assistência auto","Loja de Conveniência","Venda de carburante de qualidade superior","Venda de gás doméstico em garrafas","Venda de gasóleo agrícola","WC"],"hours":{"weekdays":"06:00-23:00","saturday":"06:00-23:00","sunday":"06:00-23:00","holiday":"06:00-23:00"},"paymentMethods":["Dinheiro"],"otherServices":null,"observations":null}},{"type":"Feature","geometry":{"type":"Point","coordinates":[-9.33217,38.80891]},"properties":{"id":"pt-65663","source":"PT","name":"ERFRAM - COMBUSTIVEIS ALGUEIRAO, LDA","brand":"GALP","address":"EN 250-1 (Largo José Lopes Miranda) Km 5,7","municipality":"Sintra","district":"Lisboa","postalCode":"2725-073","fuels":{"gasoline95":2.072,"gasoline95Plus":2.122,"diesel":2.165,"dieselPremium":2.215},"lastUpdated":"2026-08-03 13:15","extra":{"stationType":"Outro"},"services":["Assistência auto","Venda de carburante de qualidade superior","Venda de gás doméstico em garrafas"],"hours":{"weekdays":"07:00-23:00","saturday":"07:00-23:00","sunday":"07:00-23:00","holiday":"07:00-23:00"},"paymentMethods":["Dinheiro"],"otherServices":null,"observations":"Full Service"}},{"type":"Feature","geometry":{"type":"Point","coordinates":[-9.44707,38.80063]},"properties":{"id":"pt-65664","source":"PT","name":"AUTO PINTASSILGO, LDA","brand":"GALP","address":"EN 247 (Av. dos Bombeiros Voluntários nº 28) Km 79,7","municipality":"Sintra","district":"Lisboa","postalCode":"2705-180","fuels":{"gasoline95":2.067,"gasoline95Plus":2.127,"diesel":2.165,"dieselPremium":2.225},"lastUpdated":"2026-08-03 00:05","extra":{"stationType":"Outro"},"services":["Assistência auto","Venda de carburante de qualidade superior","Venda de gás doméstico em garrafas"],"hours":{"weekdays":"07:00-00:00","saturday":"07:00-00:00","sunday":"07:00-00:00","holiday":"07:00-00:00"},"paymentMethods":["Dinheiro"],"otherServices":null,"observations":"Full Service"}},{"type":"Feature","geometry":{"type":"Point","coordinates":[-9.41773,38.86304]},"properties":{"id":"pt-65667","source":"PT","name":"PETROPÓVOA - COMÉRCIO DE COMBUSTÍVEIS, LDA.","brand":"GALP","address":"Arneiro dos Marinheiros","municipality":"Sintra","district":"Lisboa","postalCode":"2710-343","fuels":{"gasoline95":2.053,"gasoline95Plus":2.113,"diesel":2.149,"dieselPremium":2.209},"lastUpdated":"2026-08-03 00:05","extra":{"stationType":"Outro"},"services":["Assistência auto","Loja de Conveniência","Multibanco","Venda de carburante de qualidade superior","Venda de gás doméstico em garrafas"],"hours":{"weekdays":"07:00-21:00","saturday":"07:00-21:00","sunday":"07:00-21:00","holiday":"07:00-21:00"},"paymentMethods":["Dinheiro"],"otherServices":null,"observations":"Full Service"}},{"type":"Feature","geometry":{"type":"Point","coordinates":[-9.151253,39.019272]},"properties":{"id":"pt-65668","source":"PT","name":"GALP Sobral de Monte Agraço","brand":"GALP","address":"Avenida Marquês de Pombal nº 30","municipality":"Sobral de Monte Agraço","district":"Lisboa","postalCode":"2590-041","fuels":{"gasoline95":1.959,"gasoline95Plus":2.019,"gasoline98Plus":2.169,"diesel":1.959,"dieselPremium":2.122},"lastUpdated":"2026-08-10 00:00","extra":{"stationType":"Outro"},"services":["Venda de carburante de qualidade superior","Venda de gás doméstico em garrafas","WC","AUTOvoucher"],"hours":{"weekdays":"Aberto 24 horas","saturday":"Aberto 24 horas","sunday":"Aberto 24 horas","holiday":"Aberto 24 horas"},"paymentMethods":["Dinheiro","Multibanco"],"otherServices":null,"observations":"Após as 22h abastecimento e pagamento automático"}},{"type":"Feature","geometry":{"type":"Point","coordinates":[-9.255656,39.100413]},"properties":{"id":"pt-65686","source":"PT","name":"PETROSALSA - DIST. COMB., LDA.(2)","brand":"GALP","address":"IC 1","municipality":"Torres Vedras","district":"Lisboa","postalCode":"2560-585","fuels":{"gasoline95":2.029,"gasoline95Plus":2.079,"gasoline98Plus":2.239,"diesel":2.124,"dieselPremium":2.174},"lastUpdated":"2026-08-03 10:10","extra":{"stationType":"Outro"},"services":["Cafetaria","Lavagem","Loja de Conveniência","Venda de carburante de qualidade superior","Venda de gás doméstico em garrafas","WC","WC para deficientes"],"hours":{"weekdays":"Aberto 24 horas","saturday":"Aberto 24 horas","sunday":"Aberto 24 horas","holiday":"Aberto 24 horas"},"paymentMethods":["Dinheiro"],"otherServices":null,"observations":null}},{"type":"Feature","geometry":{"type":"Point","coordinates":[-9.25591,39.100743]},"properties":{"id":"pt-65687","source":"PT","name":"PETROSALSA - DIST. COMB., LDA.(1)","brand":"GALP","address":"IC 1","municipality":"Torres Vedras","district":"Lisboa","postalCode":"2560-585","fuels":{"gasoline95":2.029,"gasoline95Plus":2.079,"diesel":2.124,"dieselPremium":2.174},"lastUpdated":"2026-08-03 10:10","extra":{"stationType":"Outro"},"services":["Cafetaria","Loja de Conveniência","Venda de carburante de qualidade superior","Venda de gás doméstico em garrafas","WC","WC para deficientes"],"hours":{"weekdays":"07:00-22:00","saturday":"07:00-22:00","sunday":"07:00-22:00","holiday":"07:00-22:00"},"paymentMethods":["Dinheiro"],"otherServices":null,"observations":null}},{"type":"Feature","geometry":{"type":"Point","coordinates":[-9.244309,39.070584]},"properties":{"id":"pt-65688","source":"PT","name":"PEREIRAS, LDA.(1)","brand":"GALP","address":"EN 8 Km 44","municipality":"Torres Vedras","district":"Lisboa","postalCode":"2564-911","fuels":{"gasoline95":2.029,"gasoline95Plus":2.079,"diesel":2.124,"dieselPremium":2.174},"lastUpdated":"2026-08-03 10:30","extra":{"stationType":"Outro"},"services":["Lavagem","Loja de Conveniência","Venda de carburante de qualidade superior","WC","WC para deficientes"],"hours":{"weekdays":"07:00-23:00","saturday":"07:00-23:00","sunday":"07:00-23:00","holiday":"07:00-23:00"},"paymentMethods":["Dinheiro"],"otherServices":null,"observations":null}},{"type":"Feature","geometry":{"type":"Point","coordinates":[-9.226294,39.15817]},"properties":{"id":"pt-65689","source":"PT","name":"GALP A8 A.S. Torres Vedras (N/S)","brand":"GALP","address":"A 8 Km 12.07","municipality":"Torres Vedras","district":"Lisboa","postalCode":"2565-646","fuels":{"gasoline95":1.999,"gasoline95Plus":2.059,"gasoline98Plus":2.209,"diesel":2.114,"dieselPremium":2.174,"lpg":0.999},"lastUpdated":"2026-08-10 03:50","extra":{"stationType":"Auto-estrada"},"services":["Cafetaria","Loja de Conveniência","Multibanco","WC","WC com fraldário","WC para deficientes"],"hours":{"weekdays":"07:00-00:00","saturday":"07:00-00:00","sunday":"07:00-00:00","holiday":"07:00-00:00"},"paymentMethods":["Dinheiro","MbWay","Multibanco","Outros"],"otherServices":null,"observations":null}},{"type":"Feature","geometry":{"type":"Point","coordinates":[-9.22618,39.15679]},"properties":{"id":"pt-65690","source":"PT","name":"GALP A8 A.S. Torres Vedras (S/N)","brand":"GALP","address":"A8 - km 12,070 - Sub lanço Carvalhal / Campelos","municipality":"Torres Vedras","district":"Lisboa","postalCode":"2565-646","fuels":{"gasoline95":1.999,"gasoline95Plus":2.059,"gasoline98Plus":2.209,"diesel":2.114,"dieselPremium":2.174,"lpg":0.999},"lastUpdated":"2026-08-10 03:50","extra":{"stationType":"Auto-estrada"},"services":["Cafetaria","Loja de Conveniência","Multibanco","WC","WC com fraldário","WC para deficientes"],"hours":{"weekdays":"07:00-00:00","saturday":"07:00-00:00","sunday":"07:00-00:00","holiday":"07:00-00:00"},"paymentMethods":["Dinheiro","MbWay","Multibanco","Outros"],"otherServices":null,"observations":null}},{"type":"Feature","geometry":{"type":"Point","coordinates":[-9.26694,39.09604]},"properties":{"id":"pt-65691","source":"PT","name":"PETROFROTA – POSTO DE ABASTECIMENTO, LDA","brand":"GALP","address":"EN 9 Km 66,5","municipality":"Torres Vedras","district":"Lisboa","postalCode":"2560-134","fuels":{"gasoline95":2.029,"diesel":2.124,"dieselPremium":2.174},"lastUpdated":"2026-08-03 00:05","extra":{"stationType":"Outro"},"services":["Cafetaria","Lavagem","Loja de Conveniência","Multibanco","Venda de carburante de qualidade superior","Venda de gás doméstico em garrafas","WC","WC para deficientes"],"hours":{"weekdays":"Aberto 24 horas","saturday":"Aberto 24 horas","sunday":"Aberto 24 horas","holiday":"Aberto 24 horas"},"paymentMethods":["Dinheiro"],"otherServices":null,"observations":null}},{"type":"Feature","geometry":{"type":"Point","coordinates":[-9.244646,39.070331]},"properties":{"id":"pt-65692","source":"PT","name":"PEREIRAS, LDA.(2)","brand":"GALP","address":"EN 8 Km 44","municipality":"Torres Vedras","district":"Lisboa","postalCode":"2560-000","fuels":{"gasoline95":2.029,"gasoline95Plus":2.079,"diesel":2.124,"dieselPremium":2.174},"lastUpdated":"2026-08-03 10:30","extra":{"stationType":"Outro"},"services":["Venda de carburante de qualidade superior"],"hours":{"weekdays":"07:00-23:00","saturday":"07:00-23:00","sunday":"07:00-23:00","holiday":"07:00-23:00"},"paymentMethods":["Dinheiro"],"otherServices":null,"observations":"Full Service"}},{"type":"Feature","geometry":{"type":"Point","coordinates":[-9.040554,38.889903]},"properties":{"id":"pt-65730","source":"PT","name":"PETROSALSA – Distribuição de Combustíveis, Lda.","brand":"GALP","address":"Rua Vilar Queiroz","municipality":"Vila Franca de Xira","district":"Lisboa","postalCode":"2615-000","fuels":{"gasoline95":2.079,"gasoline95Plus":2.129,"gasoline98Plus":2.289,"diesel":2.169,"dieselPremium":2.219},"lastUpdated":"2026-08-04 09:20","extra":{"stationType":"Outro"},"services":["Cafetaria","Lavagem","Loja de Conveniência","Multibanco","Venda de carburante de qualidade superior","Venda de gás doméstico em garrafas","Via verde","WC","WC para deficientes"],"hours":{"weekdays":"Aberto 24 horas","saturday":"Aberto 24 horas","sunday":"Aberto 24 horas","holiday":"Aberto 24 horas"},"paymentMethods":["Dinheiro"],"otherServices":null,"observations":null}},{"type":"Feature","geometry":{"type":"Point","coordinates":[-9.00729,38.93268]},"properties":{"id":"pt-65731","source":"PT","name":"Rodrigues & Lagarto, lda","brand":"GALP","address":"EN 10 Km 123,7","municipality":"Vila Franca de Xira","district":"Lisboa","postalCode":"2600-000","fuels":{"gasoline95":1.964,"gasoline95Plus":2.014,"diesel":2.067,"dieselPremium":2.117},"lastUpdated":"2026-08-10 00:00","extra":{"stationType":"Outro"},"services":["Lavagem","Loja de Conveniência","Venda de carburante de qualidade superior","Venda de gás doméstico em garrafas","WC","WC para deficientes"],"hours":{"weekdays":"07:00-22:00","saturday":"07:00-22:00","sunday":"07:00-22:00","holiday":"07:00-22:00"},"paymentMethods":["Dinheiro"],"otherServices":null,"observations":null}},{"type":"Feature","geometry":{"type":"Point","coordinates":[-8.983408,38.965427]},"properties":{"id":"pt-65732","source":"PT","name":"GALP VILA FRANCA XIRA","brand":"GALP","address":"EN 1 Km 24,7","municipality":"Vila Franca de Xira","district":"Lisboa","postalCode":"2600-000","fuels":{"gasoline95":2.079,"gasoline95Plus":2.129,"gasoline98Plus":2.289,"diesel":2.169,"dieselPremium":2.219,"lpg":0.944},"lastUpdated":"2026-08-04 09:20","extra":{"stationType":"Outro"},"services":["Assistência auto","Cafetaria","Calibragem de pneus","Lavagem","Loja de Conveniência","Multibanco","Venda de carburante de qualidade superior","Venda de gás doméstico em garrafas","Via verde","WC","WC para deficientes"],"hours":{"weekdays":"Aberto 24 horas","saturday":"Aberto 24 horas","sunday":"Aberto 24 horas","holiday":"Aberto 24 horas"},"paymentMethods":["Dinheiro"],"otherServices":null,"observations":null}},{"type":"Feature","geometry":{"type":"Point","coordinates":[-8.9831,38.96705]},"properties":{"id":"pt-65734","source":"PT","name":"Rodrigues e Lagarto ,lda","brand":"GALP","address":"EN 10 Km 25","municipality":"Vila Franca de Xira","district":"Lisboa","postalCode":"2600-000","fuels":{"gasoline95":1.989,"gasoline95Plus":2.039,"diesel":2.087,"dieselPremium":2.137},"lastUpdated":"2026-08-10 00:00","extra":{"stationType":"Outro"},"services":["Venda de carburante de qualidade superior","Venda de gás doméstico em garrafas","WC"],"hours":{"weekdays":"Aberto 24 horas","saturday":"Aberto 24 horas","sunday":"Aberto 24 horas","holiday":"Aberto 24 horas"},"paymentMethods":["Dinheiro"],"otherServices":null,"observations":"Full Service "}},{"type":"Feature","geometry":{"type":"Point","coordinates":[-9.230053,38.777041]},"properties":{"id":"pt-65836","source":"PT","name":"AMADORA - MOINHOS DA FUNCHEIRA","brand":"BP","address":"Estrada Serra da Mira nº 163","municipality":"Amadora","district":"Lisboa","postalCode":"2700-000","fuels":{"gasoline95":1.999,"gasoline98Plus":2.199,"diesel":2.109,"dieselPremium":2.229},"lastUpdated":"2026-08-10 00:00","extra":{"stationType":"Outro"},"services":["Cafetaria","Calibragem de pneus","Lavagem","Loja de Conveniência","Multibanco","Venda de carburante de qualidade superior","Venda de gás doméstico em garrafas","WC"],"hours":{"weekdays":"Aberto 24 horas","saturday":"Aberto 24 horas","sunday":"Aberto 24 horas","holiday":"Aberto 24 horas"},"paymentMethods":["Dinheiro","Multibanco"],"otherServices":null,"observations":null}},{"type":"Feature","geometry":{"type":"Point","coordinates":[-9.240932,38.755483]},"properties":{"id":"pt-65837","source":"PT","name":"BP AMADORA","brand":"BP","address":"Rua Gonçalves Ramos","municipality":"Amadora","district":"Lisboa","postalCode":"2700-439","fuels":{"gasoline95":1.949,"gasoline98Plus":2.199,"diesel":2.059,"dieselPremium":2.229},"lastUpdated":"2026-08-10 00:00","extra":{"stationType":"Outro"},"services":["Cafetaria","Calibragem de pneus","Lavagem","Loja de Conveniência","Multibanco","Venda de carburante de qualidade superior","Venda de gás doméstico em garrafas","WC","WC para deficientes"],"hours":{"weekdays":"Aberto 24 horas","saturday":"Aberto 24 horas","sunday":"Aberto 24 horas","holiday":"Aberto 24 horas"},"paymentMethods":["Dinheiro","MbWay","Multibanco"],"otherServices":null,"observations":null}},{"type":"Feature","geometry":{"type":"Point","coordinates":[-9.13308,38.963497]},"properties":{"id":"pt-65840","source":"PT","name":"PA GESTROIL Arranhó (Carbuiberia)","brand":"Genérico","address":"EN 115 - km 64,600","municipality":"Arruda dos Vinhos","district":"Lisboa","postalCode":"2630-058","fuels":{"gasoline95":2.013,"diesel":2.097,"dieselPremium":2.122,"dieselAgri":1.707},"lastUpdated":"2026-08-03 12:15","extra":{"stationType":"Outro"},"services":["Cafetaria","Multibanco","WC"],"hours":null,"paymentMethods":["Dinheiro"],"otherServices":null,"observations":null}},{"type":"Feature","geometry":{"type":"Point","coordinates":[-9.296572,38.761864]},"properties":{"id":"pt-65868","source":"PT","name":"BP Cacém - IC19","brand":"BP","address":"IC 19 (EN 249) Estrada Sintra-Lisboa - São Marcos","municipality":"Sintra","district":"Lisboa","postalCode":"2735-000","fuels":{"gasoline95":1.999,"gasoline98Plus":2.199,"diesel":2.109,"dieselPremium":2.229},"lastUpdated":"2026-08-10 00:00","extra":{"stationType":"Outro"},"services":["Loja de Conveniência","WC"],"hours":null,"paymentMethods":["Dinheiro"],"otherServices":null,"observations":null}},{"type":"Feature","geometry":{"type":"Point","coordinates":[-9.23525,38.723522]},"properties":{"id":"pt-65874","source":"PT","name":"BP CARNAXIDE","brand":"BP","address":"Av. do Forte","municipality":"Oeiras","district":"Lisboa","postalCode":"2795-000","fuels":{"gasoline95":1.999,"gasoline98Plus":2.199,"diesel":2.109,"dieselPremium":2.229},"lastUpdated":"2026-08-10 00:05","extra":{"stationType":"Outro"},"services":["Cafetaria","Calibragem de pneus","Lavagem","Loja de Conveniência","Multibanco","Venda de carburante de qualidade superior","Venda de gás doméstico em garrafas"],"hours":{"weekdays":"Aberto 24 horas","saturday":"Aberto 24 horas","sunday":"Aberto 24 horas","holiday":"Aberto 24 horas"},"paymentMethods":["Dinheiro"],"otherServices":null,"observations":null}},{"type":"Feature","geometry":{"type":"Point","coordinates":[-8.97294,39.01659]},"properties":{"id":"pt-65875","source":"PT","name":"CARREGADO","brand":"BP","address":"EN 1 Km 30,5","municipality":"Alenquer","district":"Lisboa","postalCode":"2580-000","fuels":{"gasoline95":1.999,"diesel":2.109,"dieselPremium":2.229},"lastUpdated":"2026-08-10 00:00","extra":{"stationType":"Outro"},"services":["Loja de Conveniência","Multibanco","Restaurante","Venda de gás doméstico em garrafas","WC"],"hours":{"weekdays":"07:00-23:59","saturday":"07:00-23:59","sunday":"07:00-21:00","holiday":"07:00-21:00"},"paymentMethods":["Dinheiro"],"otherServices":null,"observations":null}},{"type":"Feature","geometry":{"type":"Point","coordinates":[-9.449379,38.803135]},"properties":{"id":"pt-65890","source":"PT","name":"COLARES","brand":"BP","address":"Av. Bombeiros Voluntários","municipality":"Sintra","district":"Lisboa","postalCode":"2705-353","fuels":{"gasoline95":2.06,"diesel":2.168},"lastUpdated":"2026-08-03 10:10","extra":{"stationType":"Outro"},"services":["Multibanco","Venda de carburante de qualidade superior","Venda de gás doméstico em garrafas"],"hours":{"weekdays":"07:00-23:00","saturday":"07:00-23:00","sunday":"07:00-23:00","holiday":"07:00-23:00"},"paymentMethods":["Dinheiro"],"otherServices":null,"observations":null}},{"type":"Feature","geometry":{"type":"Point","coordinates":[-9.417686,38.982386]},"properties":{"id":"pt-65896","source":"PT","name":"ERICEIRA","brand":"BP","address":"EN 247, Mil Regos","municipality":"Mafra","district":"Lisboa","postalCode":"2655-319","fuels":{"gasoline95":2.049,"gasoline98Plus":2.299,"diesel":2.149,"dieselPremium":2.319,"lpg":0.999},"lastUpdated":"2026-08-03 12:30","extra":{"stationType":"Outro"},"services":["Cafetaria","Lavagem","Loja de Conveniência","Multibanco","Restaurante","Venda de carburante de qualidade superior","Venda de gás doméstico em garrafas","WC"],"hours":{"weekdays":"Aberto 24 horas","saturday":"Aberto 24 horas","sunday":"Aberto 24 horas","holiday":"Aberto 24 horas"},"paymentMethods":["Dinheiro"],"otherServices":null,"observations":null}},{"type":"Feature","geometry":{"type":"Point","coordinates":[-9.398216,38.703337]},"properties":{"id":"pt-65904","source":"PT","name":"ESTORIL - ST. ANTÓNIO","brand":"BP","address":"Estrada Marginal","municipality":"Cascais","district":"Lisboa","postalCode":"2765-249","fuels":{"gasoline95":2.059,"diesel":2.159,"dieselPremium":2.319},"lastUpdated":"2026-08-08 00:00","extra":{"stationType":"Outro"},"services":["Loja de Conveniência","Venda de gás doméstico em garrafas"],"hours":{"weekdays":"Aberto 24 horas","saturday":"Aberto 24 horas","sunday":"Aberto 24 horas","holiday":"Aberto 24 horas"},"paymentMethods":["Dinheiro"],"otherServices":null,"observations":null}},{"type":"Feature","geometry":{"type":"Point","coordinates":[-9.400081,38.70381]},"properties":{"id":"pt-65905","source":"PT","name":"ESTORIL - TAMARIZ","brand":"BP","address":"Estrada Marginal","municipality":"Cascais","district":"Lisboa","postalCode":"2765-249","fuels":{"gasoline95":2.059,"gasoline98Plus":2.299,"diesel":2.159,"dieselPremium":2.319},"lastUpdated":"2026-08-08 00:00","extra":{"stationType":"Outro"},"services":["Cafetaria","Lavagem","Loja de Conveniência","Venda de gás doméstico em garrafas","WC"],"hours":{"weekdays":"Aberto 24 horas","saturday":"Aberto 24 horas","sunday":"Aberto 24 horas","holiday":"Aberto 24 horas"},"paymentMethods":["Dinheiro"],"otherServices":null,"observations":null}},{"type":"Feature","geometry":{"type":"Point","coordinates":[-9.208396,38.785564]},"properties":{"id":"pt-65911","source":"PT","name":"PA Bp Famões","brand":"BP","address":"Rua Major João Luís de Moura - Alto de Famões","municipality":"Odivelas","district":"Lisboa","postalCode":"1685-650","fuels":{"gasoline95":1.999,"gasoline98Plus":2.199,"diesel":2.109,"dieselPremium":2.229},"lastUpdated":"2026-08-09 23:00","extra":{"stationType":"Outro"},"services":["Cafetaria","Multibanco","WC"],"hours":null,"paymentMethods":["Dinheiro"],"otherServices":null,"observations":null}},{"type":"Feature","geometry":{"type":"Point","coordinates":[-9.125385,38.76924]},"properties":{"id":"pt-65939","source":"PT","name":"BP AEROPORTO","brand":"BP","address":"Nova Rotunda Aeroporto de Lisboa - Av. de Berlim","municipality":"Lisboa","district":"Lisboa","postalCode":"1700-067","fuels":{"gasoline95":1.999,"gasoline98Plus":2.199,"diesel":2.109,"dieselPremium":2.229,"lpg":0.949},"lastUpdated":"2026-08-10 00:00","extra":{"stationType":"Outro"},"services":["Cafetaria","Loja de Conveniência"],"hours":null,"paymentMethods":["Dinheiro"],"otherServices":null,"observations":null}},{"type":"Feature","geometry":{"type":"Point","coordinates":[-9.163239,38.762511]},"properties":{"id":"pt-65943","source":"PT","name":"BP AV. PADRE CRUZ","brand":"BP","address":"Av. Padre Cruz","municipality":"Lisboa","district":"Lisboa","postalCode":"1600-000","fuels":{"gasoline95":1.999,"gasoline98Plus":2.199,"diesel":2.109,"dieselPremium":2.229,"lpg":0.949},"lastUpdated":"2026-08-10 00:00","extra":{"stationType":"Outro"},"services":["Cafetaria","Calibragem de pneus","Lavagem","Loja de Conveniência","Multibanco","Venda de carburante de qualidade superior","Venda de gás doméstico em garrafas","WC","WC para deficientes"],"hours":{"weekdays":"Aberto 24 horas","saturday":"Aberto 24 horas","sunday":"Aberto 24 horas","holiday":"Aberto 24 horas"},"paymentMethods":["Dinheiro"],"otherServices":null,"observations":null}},{"type":"Feature","geometry":{"type":"Point","coordinates":[-9.163124,38.738564]},"properties":{"id":"pt-65944","source":"PT","name":"BP - Lisboa - Av. Columbano","brand":"BP","address":"Av. Columbano Bordalo Pinheiro, 72 A/C","municipality":"Lisboa","district":"Lisboa","postalCode":"1070-064","fuels":{"gasoline95":2.099,"gasoline98Plus":2.299,"diesel":2.199,"dieselPremium":2.319},"lastUpdated":"2026-08-03 07:00","extra":{"stationType":"Outro"},"services":["Assistência auto","Calibragem de pneus","Lavagem","Venda de carburante de qualidade superior"],"hours":{"weekdays":"07:00-23:00","saturday":"07:00-23:00","sunday":"07:00-23:00","holiday":"07:00-23:00"},"paymentMethods":["Dinheiro"],"otherServices":null,"observations":null}},{"type":"Feature","geometry":{"type":"Point","coordinates":[-9.212198,38.69376]},"properties":{"id":"pt-65945","source":"PT","name":"BP BOM SUCESSO","brand":"BP","address":"Av. de Brasília","municipality":"Lisboa","district":"Lisboa","postalCode":"1400-038","fuels":{"gasoline95":2.099,"diesel":2.199,"dieselPremium":2.319},"lastUpdated":"2026-08-03 16:50","extra":{"stationType":"Outro"},"services":[],"hours":{"weekdays":"06:00-22:00","saturday":"06:00-22:00","sunday":"06:00-22:00","holiday":"06:00-22:00"},"paymentMethods":["Dinheiro","Multibanco"],"otherServices":null,"observations":null}},{"type":"Feature","geometry":{"type":"Point","coordinates":[-9.180556,38.759178]},"properties":{"id":"pt-65946","source":"PT","name":"BP ESTRADA DA LUZ","brand":"BP","address":"Estrada da Luz","municipality":"Lisboa","district":"Lisboa","postalCode":"1600-000","fuels":{"gasoline95":1.999,"gasoline98Plus":2.199,"diesel":2.109,"dieselPremium":2.229},"lastUpdated":"2026-08-10 00:00","extra":{"stationType":"Outro"},"services":["Cafetaria","Calibragem de pneus","Loja de Conveniência","Multibanco","Venda de carburante de qualidade superior","Venda de gás doméstico em garrafas","WC","WC para deficientes"],"hours":{"weekdays":"Aberto 24 horas","saturday":"Aberto 24 horas","sunday":"Aberto 24 horas","holiday":"Aberto 24 horas"},"paymentMethods":["Dinheiro"],"otherServices":null,"observations":null}},{"type":"Feature","geometry":{"type":"Point","coordinates":[-9.105285,38.773537]},"properties":{"id":"pt-65947","source":"PT","name":"BP Moscavide","brand":"BP","address":"Praça José Queirós ","municipality":"Lisboa","district":"Lisboa","postalCode":"1800-237","fuels":{"gasoline95":1.999,"gasoline98Plus":2.199,"diesel":2.109,"dieselPremium":2.229,"dieselAgri":1.639},"lastUpdated":"2026-08-09 23:45","extra":{"stationType":"Outro"},"services":["Cafetaria","Calibragem de pneus","Lavagem","Loja de Conveniência","Multibanco","Venda de carburante de qualidade superior","Venda de gás doméstico em garrafas","WC","WC para deficientes"],"hours":{"weekdays":"Aberto 24 horas","saturday":"Aberto 24 horas","sunday":null,"holiday":"Aberto 24 horas"},"paymentMethods":["Dinheiro"],"otherServices":null,"observations":null}},{"type":"Feature","geometry":{"type":"Point","coordinates":[-9.096182,38.775268]},"properties":{"id":"pt-65948","source":"PT","name":"BP PARQUE DAS NAÇÕES","brand":"BP","address":"Rua João Pinto Ribeiro Lt. 477","municipality":"Lisboa","district":"Lisboa","postalCode":"1800-000","fuels":{"gasoline95":1.999,"gasoline98Plus":2.199,"diesel":2.109,"dieselPremium":2.229},"lastUpdated":"2026-08-10 00:00","extra":{"stationType":"Outro"},"services":["Cafetaria","Calibragem de pneus","Loja de Conveniência","Multibanco","Venda de carburante de qualidade superior","Venda de gás doméstico em garrafas","WC","WC para deficientes"],"hours":{"weekdays":"Aberto 24 horas","saturday":"Aberto 24 horas","sunday":"Aberto 24 horas","holiday":"Aberto 24 horas"},"paymentMethods":["Dinheiro"],"otherServices":null,"observations":null}},{"type":"Feature","geometry":{"type":"Point","coordinates":[-9.161721,38.714312]},"properties":{"id":"pt-65949","source":"PT","name":"LISBOA - R. DOMINGOS SEQUEIRA","brand":"BP","address":"Rua Domingos Sequeira nº 20","municipality":"Lisboa","district":"Lisboa","postalCode":"1350-122","fuels":{"gasoline95":2.099,"gasoline98Plus":2.299,"diesel":2.199,"dieselPremium":2.319},"lastUpdated":"2026-08-04 09:00","extra":{"stationType":"Outro"},"services":["Assistência auto","Lavagem","Venda de carburante de qualidade superior","WC"],"hours":{"weekdays":"Aberto 24 horas","saturday":"Aberto 24 horas","sunday":"Aberto 24 horas","holiday":"Aberto 24 horas"},"paymentMethods":["Dinheiro"],"otherServices":null,"observations":null}},{"type":"Feature","geometry":{"type":"Point","coordinates":[-9.214458,38.711157]},"properties":{"id":"pt-65950","source":"PT","name":"BP RESTELO","brand":"BP","address":"Av. das Descobertas","municipality":"Lisboa","district":"Lisboa","postalCode":"1495-000","fuels":{"gasoline95":1.999,"gasoline98Plus":2.199,"diesel":2.109,"dieselPremium":2.229},"lastUpdated":"2026-08-10 00:05","extra":{"stationType":"Outro"},"services":["Cafetaria","Calibragem de pneus","Lavagem","Loja de Conveniência","Multibanco","Venda de carburante de qualidade superior","Venda de gás doméstico em garrafas","WC","WC para deficientes"],"hours":{"weekdays":"Aberto 24 horas","saturday":"Aberto 24 horas","sunday":"Aberto 24 horas","holiday":"Aberto 24 horas"},"paymentMethods":["Dinheiro"],"otherServices":null,"observations":null}},{"type":"Feature","geometry":{"type":"Point","coordinates":[-9.165657,38.8386]},"properties":{"id":"pt-65957","source":"PT","name":"BP QUINTA NOVA","brand":"BP","address":"EN 115","municipality":"Loures","district":"Lisboa","postalCode":"2670-000","fuels":{"gasoline95":2.099,"gasoline98Plus":2.299,"diesel":2.199,"dieselPremium":2.319},"lastUpdated":"2026-08-03 07:30","extra":{"stationType":"Outro"},"services":["Cafetaria","Calibragem de pneus","Lavagem","Loja de Conveniência","Multibanco","Venda de carburante de qualidade superior","Venda de gás doméstico em garrafas","WC","WC para deficientes"],"hours":{"weekdays":"Aberto 24 horas","saturday":"Aberto 24 horas","sunday":"Aberto 24 horas","holiday":"Aberto 24 horas"},"paymentMethods":["Dinheiro"],"otherServices":null,"observations":null}},{"type":"Feature","geometry":{"type":"Point","coordinates":[-9.3114,39.24488]},"properties":{"id":"pt-65959","source":"PT","name":"BP DA LOURINHÃ","brand":"BP","address":"Av. Dr. Catanho Menezes","municipality":"Lourinhã","district":"Lisboa","postalCode":"2530-117","fuels":{"gasoline95":1.959,"gasoline98Plus":2.199,"diesel":2.069,"dieselPremium":2.229},"lastUpdated":"2026-08-10 06:00","extra":{"stationType":"Outro"},"services":["Lavagem","Loja de Conveniência","Venda de gás doméstico em garrafas","WC","WC para deficientes"],"hours":{"weekdays":"06:30-00:00","saturday":"06:30-00:00","sunday":"06:30-00:00","holiday":"06:30-00:00"},"paymentMethods":["Dinheiro"],"otherServices":null,"observations":null}},{"type":"Feature","geometry":{"type":"Point","coordinates":[-9.297101,38.693822]},"properties":{"id":"pt-65992","source":"PT","name":"BP PAÇO DE ARCOS","brand":"BP","address":"Av. Bonneville Franco","municipality":"Oeiras","district":"Lisboa","postalCode":"2780-000","fuels":{"gasoline95":2.059,"gasoline98Plus":2.299,"diesel":2.159,"dieselPremium":2.319},"lastUpdated":"2026-08-08 00:00","extra":{"stationType":"Outro"},"services":["Cafetaria","Calibragem de pneus","Lavagem","Loja de Conveniência","Multibanco","Venda de carburante de qualidade superior","Venda de gás doméstico em garrafas","WC","WC para deficientes"],"hours":{"weekdays":"Aberto 24 horas","saturday":"Aberto 24 horas","sunday":"Aberto 24 horas","holiday":"Aberto 24 horas"},"paymentMethods":["Dinheiro"],"otherServices":null,"observations":null}},{"type":"Feature","geometry":{"type":"Point","coordinates":[-9.326478,38.852646]},"properties":{"id":"pt-66005","source":"PT","name":"BP - Pero Pinheiro","brand":"BP","address":"Av. 19 de Maio, 22","municipality":"Sintra","district":"Lisboa","postalCode":"2715-001","fuels":{"gasoline95":1.959,"gasoline98Plus":2.199,"diesel":2.069,"dieselPremium":2.229},"lastUpdated":"2026-08-10 00:00","extra":{"stationType":"Outro"},"services":["Loja de Conveniência","WC"],"hours":null,"paymentMethods":["Dinheiro"],"otherServices":null,"observations":null}},{"type":"Feature","geometry":{"type":"Point","coordinates":[-9.373986,38.788647]},"properties":{"id":"pt-66032","source":"PT","name":"BP Ramalhão","brand":"BP","address":"Av. Conde de Sucena - Ramalhão","municipality":"Sintra","district":"Lisboa","postalCode":"2710-153","fuels":{"gasoline95":1.959,"gasoline98Plus":2.199,"diesel":2.069,"dieselPremium":2.229},"lastUpdated":"2026-08-10 00:00","extra":{"stationType":"Outro"},"services":["Cafetaria","Loja de Conveniência","WC"],"hours":null,"paymentMethods":["Dinheiro"],"otherServices":null,"observations":null}},{"type":"Feature","geometry":{"type":"Point","coordinates":[-9.087986,38.823099]},"properties":{"id":"pt-66036","source":"PT","name":"BP S. JOÃO DA TALHA","brand":"BP","address":"EN 10 Km 138,4","municipality":"Loures","district":"Lisboa","postalCode":"2670-000","fuels":{"gasoline95":2.079,"gasoline98Plus":2.299,"diesel":2.179,"dieselPremium":2.319},"lastUpdated":"2026-08-03 07:25","extra":{"stationType":"Outro"},"services":["Cafetaria","Calibragem de pneus","Lavagem","Loja de Conveniência","Multibanco","Venda de carburante de qualidade superior","Venda de gás doméstico em garrafas","WC","WC para deficientes"],"hours":{"weekdays":"Aberto 24 horas","saturday":"Aberto 24 horas","sunday":"Aberto 24 horas","holiday":"Aberto 24 horas"},"paymentMethods":["Dinheiro"],"otherServices":null,"observations":null}},{"type":"Feature","geometry":{"type":"Point","coordinates":[-9.180973,38.848736]},"properties":{"id":"pt-66044","source":"PT","name":"SETE CASAS","brand":"BP","address":"EN 374","municipality":"Loures","district":"Lisboa","postalCode":"2670-000","fuels":{"gasoline95":2.019,"gasoline98Plus":2.219,"diesel":2.129,"dieselPremium":2.249},"lastUpdated":"2026-08-10 00:00","extra":{"stationType":"Outro"},"services":["Cafetaria","Lavagem","Loja de Conveniência","Venda de carburante de qualidade superior","Venda de gás doméstico em garrafas","WC","WC para deficientes"],"hours":{"weekdays":"Aberto 24 horas","saturday":"Aberto 24 horas","sunday":"Aberto 24 horas","holiday":"Aberto 24 horas"},"paymentMethods":["Dinheiro"],"otherServices":null,"observations":null}},{"type":"Feature","geometry":{"type":"Point","coordinates":[-9.24887,39.099525]},"properties":{"id":"pt-66054","source":"PT","name":"TORRES VEDRAS","brand":"BP","address":"Rotunda de Arenes (Ligação à A8)","municipality":"Torres Vedras","district":"Lisboa","postalCode":"2560-000","fuels":{"gasoline95":1.969,"gasoline98Plus":2.199,"diesel":2.079,"dieselPremium":2.229,"lpg":0.999},"lastUpdated":"2026-08-10 00:05","extra":{"stationType":"Outro"},"services":[],"hours":{"weekdays":"Aberto 24 horas","saturday":"Aberto 24 horas","sunday":"Aberto 24 horas","holiday":"Aberto 24 horas"},"paymentMethods":["Dinheiro"],"otherServices":null,"observations":null}},{"type":"Feature","geometry":{"type":"Point","coordinates":[-9.282505,38.936082]},"properties":{"id":"pt-66086","source":"PT","name":"A21 MAFRA (NORTE)","brand":"BP","address":"A 21 - Troço Malveira Mafra Km 13,7 e 13,9","municipality":"Mafra","district":"Lisboa","postalCode":"2640-367","fuels":{"gasoline95":2.099,"gasoline98Plus":2.299,"diesel":2.199,"dieselPremium":2.319},"lastUpdated":"2026-08-03 12:30","extra":{"stationType":"Auto-estrada"},"services":["Cafetaria","Calibragem de pneus","Descanso de pesados","Loja de Conveniência","Multibanco","Venda de carburante de qualidade superior","WC","WC para deficientes"],"hours":{"weekdays":"Aberto 24 horas","saturday":"Aberto 24 horas","sunday":"Aberto 24 horas","holiday":"Aberto 24 horas"},"paymentMethods":["Dinheiro"],"otherServices":null,"observations":null}},{"type":"Feature","geometry":{"type":"Point","coordinates":[-9.283496,38.935252]},"properties":{"id":"pt-66087","source":"PT","name":"A21 MAFRA (SUL)","brand":"BP","address":"A 21 - Troço Mafra - Malveira Km 13,7 e 13,9","municipality":"Mafra","district":"Lisboa","postalCode":"2640-367","fuels":{"gasoline95":2.099,"gasoline98Plus":2.299,"diesel":2.199,"dieselPremium":2.319},"lastUpdated":"2026-08-03 12:30","extra":{"stationType":"Auto-estrada"},"services":["Cafetaria","Calibragem de pneus","Descanso de pesados","Loja de Conveniência","Multibanco","Venda de carburante de qualidade superior","WC","WC para deficientes"],"hours":{"weekdays":"Aberto 24 horas","saturday":"Aberto 24 horas","sunday":"Aberto 24 horas","holiday":"Aberto 24 horas"},"paymentMethods":["Dinheiro"],"otherServices":null,"observations":null}},{"type":"Feature","geometry":{"type":"Point","coordinates":[-9.367508,38.693566]},"properties":{"id":"pt-66097","source":"PT","name":"BP S. PEDRO","brand":"BP","address":"Estrada Marginal EN 6 Km 14","municipality":"Cascais","district":"Lisboa","postalCode":"2765-000","fuels":{"gasoline95":2.059,"gasoline98Plus":2.299,"diesel":2.159,"dieselPremium":2.319},"lastUpdated":"2026-08-08 00:00","extra":{"stationType":"Outro"},"services":["Cafetaria","Calibragem de pneus","Loja de Conveniência","Multibanco","Venda de carburante de qualidade superior","Venda de gás doméstico em garrafas","WC","WC para deficientes"],"hours":{"weekdays":"Aberto 24 horas","saturday":"Aberto 24 horas","sunday":"Aberto 24 horas","holiday":"Aberto 24 horas"},"paymentMethods":["Dinheiro"],"otherServices":null,"observations":null}},{"type":"Feature","geometry":{"type":"Point","coordinates":[-9.4013,38.90096]},"properties":{"id":"pt-66236","source":"PT","name":"E.S. ASSAFORA","brand":"REPSOL","address":"Rua Nª Srª da Consolação, 73","municipality":"Sintra","district":"Lisboa","postalCode":"2705-499","fuels":{"gasoline95":1.979,"gasoline95Plus":2.049,"diesel":2.084,"dieselPremium":2.154},"lastUpdated":"2026-08-10 00:00","extra":{"stationType":"Outro"},"services":["Cafetaria","Venda de gás doméstico em garrafas","WC","WC para deficientes"],"hours":{"weekdays":"07:00-22:00","saturday":"07:00-22:00","sunday":"07:00-22:00","holiday":"07:00-22:00"},"paymentMethods":["Dinheiro"],"otherServices":null,"observations":null}},{"type":"Feature","geometry":{"type":"Point","coordinates":[-8.99704,38.94324]},"properties":{"id":"pt-66249","source":"PT","name":"MOEVE - Vila Franca Xira - Petroalves","brand":"MOEVE","address":"EN 10, Quinta do Paraiso  (Rua Gago Coutinho)","municipality":"Vila Franca de Xira","district":"Lisboa","postalCode":"2600-023","fuels":{"gasoline95":1.863,"gasoline95Plus":1.913,"diesel":1.969,"dieselPremium":2.019},"lastUpdated":"2026-08-10 00:00","extra":{"stationType":"Outro"},"services":["Calibragem de pneus"],"hours":null,"paymentMethods":["Dinheiro"],"otherServices":null,"observations":null}},{"type":"Feature","geometry":{"type":"Point","coordinates":[-9.262,38.84824]},"properties":{"id":"pt-66272","source":"PT","name":"ALMARGEM DO BISPO","brand":"CEPSA","address":"Av. General Humberto Delgado","municipality":"Sintra","district":"Lisboa","postalCode":"2715-226","fuels":{"gasoline95":1.913,"gasoline95Plus":1.963,"diesel":2.019,"dieselPremium":2.069,"dieselAgri":1.564},"lastUpdated":"2026-08-10 00:00","extra":{"stationType":"Outro"},"services":["Assistência auto","Loja de Conveniência","Multibanco","Venda de gasóleo agrícola","WC"],"hours":{"weekdays":"07:00-20:30","saturday":"07:00-20:30","sunday":"07:00-18:30","holiday":"07:00-19:00"},"paymentMethods":["Dinheiro","MbWay","Multibanco"],"otherServices":null,"observations":null}},{"type":"Feature","geometry":{"type":"Point","coordinates":[-9.448961,38.714752]},"properties":{"id":"pt-66294","source":"PT","name":"CEPSA Birre - Cascais","brand":"CEPSA","address":"Rua de Birre","municipality":"Cascais","district":"Lisboa","postalCode":"2750-234","fuels":{"gasoline95":1.979,"gasoline98Plus":2.189,"diesel":2.079,"dieselPremium":2.129},"lastUpdated":"2026-08-10 00:00","extra":{"stationType":"Outro"},"services":["Calibragem de pneus"],"hours":null,"paymentMethods":["Dinheiro","MbWay","Multibanco","Outros"],"otherServices":null,"observations":null}},{"type":"Feature","geometry":{"type":"Point","coordinates":[-9.420601,38.709633]},"properties":{"id":"pt-66295","source":"PT","name":"NOVA - Fontaínhas, Cascais","brand":"NOVA","address":"Rua de Alvide nº298","municipality":"Cascais","district":"Lisboa","postalCode":"2750-288","fuels":{"gasoline95":1.934,"gasoline95Plus":1.989,"diesel":2.039,"dieselPremium":2.079},"lastUpdated":"2026-08-04 00:05","extra":{"stationType":"Outro"},"services":["Assistência auto","Multibanco","Venda de gás doméstico em garrafas"],"hours":{"weekdays":"Aberto 24 horas","saturday":"Aberto 24 horas","sunday":"Aberto 24 horas","holiday":"Aberto 24 horas"},"paymentMethods":["Dinheiro","MbWay","Multibanco"],"otherServices":null,"observations":null}},{"type":"Feature","geometry":{"type":"Point","coordinates":[-9.435923,38.7053]},"properties":{"id":"pt-66296","source":"PT","name":"Cascais -  Torre","brand":"PRIO","address":"Rua Francisco de Almeida, Lote 28","municipality":"Cascais","district":"Lisboa","postalCode":"2750-163","fuels":{"gasoline95":1.954,"gasoline95Plus":1.944,"dieselPremium":2.044,"bioDiesel":2.014},"lastUpdated":"2026-08-10 00:00","extra":{"stationType":"Outro"},"services":["Calibragem de pneus","Lavagem","Venda de gás doméstico em garrafas","WC para deficientes","AUTOvoucher"],"hours":{"weekdays":"07:00-23:00","saturday":"07:00-23:00","sunday":"08:00-23:00","holiday":"08:00-23:00"},"paymentMethods":["Dinheiro","MbWay","Multibanco","Outros"],"otherServices":null,"observations":null}},{"type":"Feature","geometry":{"type":"Point","coordinates":[-9.186354,38.74702]},"properties":{"id":"pt-66331","source":"PT","name":"BP ESTRADA DE BENFICA","brand":"BP","address":"Estrada de Benfica, 396 A/B","municipality":"Lisboa","district":"Lisboa","postalCode":"1500-101","fuels":{"gasoline95":2.059,"gasoline98Plus":2.259,"diesel":2.159,"dieselPremium":2.279},"lastUpdated":"2026-08-10 00:00","extra":{"stationType":"Outro"},"services":["Assistência auto","Calibragem de pneus","Lavagem","Multibanco","Venda de carburante de qualidade superior","Venda de gás doméstico em garrafas","WC"],"hours":{"weekdays":"07:00-23:00","saturday":"07:00-23:00","sunday":"07:00-23:00","holiday":"07:00-23:00"},"paymentMethods":["Dinheiro","Multibanco","Outros"],"otherServices":null,"observations":null}},{"type":"Feature","geometry":{"type":"Point","coordinates":[-9.37184,39.08039]},"properties":{"id":"pt-66364","source":"PT","name":"Posto Casal do Aranha","brand":"PRIO","address":"EN 9 Km 55,65 - Casal do Aranha","municipality":"Torres Vedras","district":"Lisboa","postalCode":"2560-192","fuels":{"gasoline95":1.959,"gasoline95Plus":1.954,"diesel":2.014,"dieselPremium":2.012,"dieselAgri":1.549},"lastUpdated":"2026-08-03 23:30","extra":{"stationType":"Outro"},"services":["Cafetaria","Lavagem","Loja de Conveniência","Multibanco","Venda de gás doméstico em garrafas","Venda de gasóleo agrícola","WC"],"hours":{"weekdays":"Aberto 24 horas","saturday":"Aberto 24 horas","sunday":"Aberto 24 horas","holiday":"Aberto 24 horas"},"paymentMethods":["Dinheiro"],"otherServices":null,"observations":null}},{"type":"Feature","geometry":{"type":"Point","coordinates":[-9.368104,39.1139]},"properties":{"id":"pt-66371","source":"PT","name":"MOEVE Silveira","brand":"MOEVE","address":"RUA INÁCIO NUNES DA COSTA, Nº 19","municipality":"Torres Vedras","district":"Lisboa","postalCode":"2560-546","fuels":{"gasoline95":2.003,"gasoline98Plus":2.215,"diesel":2.099,"dieselPremium":2.149,"dieselAgri":1.644},"lastUpdated":"2026-08-03 00:00","extra":{"stationType":"Outro"},"services":["Calibragem de pneus"],"hours":null,"paymentMethods":["Dinheiro"],"otherServices":null,"observations":null}},{"type":"Feature","geometry":{"type":"Point","coordinates":[-9.138918,38.754309]},"properties":{"id":"pt-66401","source":"PT","name":"Galp - Garargem S. Miguel","brand":"GALP","address":"Av. Rio Janeiro nº 19 A","municipality":"Lisboa","district":"Lisboa","postalCode":"1700-330","fuels":{"gasoline95":2.074,"gasoline95Plus":2.124,"diesel":2.164,"dieselPremium":2.214},"lastUpdated":"2026-08-04 11:15","extra":{"stationType":"Outro"},"services":["Lavagem","Multibanco","WC"],"hours":{"weekdays":"07:00-00:00","saturday":"07:00-00:00","sunday":"07:00-00:00","holiday":"07:00-00:00"},"paymentMethods":["Dinheiro"],"otherServices":null,"observations":"Recolha de viaturas"}},{"type":"Feature","geometry":{"type":"Point","coordinates":[-9.274974,38.740003]},"properties":{"id":"pt-66403","source":"PT","name":"JVT. Combustíveis, Lda","brand":"GALP","address":"Est. Cruz Cavalinhos-Queluz Baixo","municipality":"Oeiras","district":"Lisboa","postalCode":"2745-000","fuels":{"gasoline95":2.079,"gasoline95Plus":2.139,"diesel":2.169,"dieselPremium":2.229},"lastUpdated":"2026-08-04 08:45","extra":{"stationType":"Outro"},"services":["Cafetaria","Lavagem","Loja de Conveniência","Multibanco","Venda de carburante de qualidade superior","Venda de gás doméstico em garrafas","WC"],"hours":{"weekdays":"Aberto 24 horas","saturday":"Aberto 24 horas","sunday":"Aberto 24 horas","holiday":"Aberto 24 horas"},"paymentMethods":["Dinheiro"],"otherServices":null,"observations":null}},{"type":"Feature","geometry":{"type":"Point","coordinates":[-9.044456,38.892242]},"properties":{"id":"pt-66406","source":"PT","name":"MARVIFORCE, LDA.","brand":"GALP","address":"Urb da Chasa - Rua Vasco da Gama","municipality":"Vila Franca de Xira","district":"Lisboa","postalCode":"2615-215","fuels":{"gasoline95":2.077,"gasoline95Plus":2.127,"diesel":2.165,"dieselPremium":2.215},"lastUpdated":"2026-08-03 00:05","extra":{"stationType":"Outro"},"services":["Venda de gás doméstico em garrafas","WC","WC para deficientes"],"hours":{"weekdays":"06:00-23:59","saturday":"06:00-23:59","sunday":"06:00-23:59","holiday":"06:00-23:59"},"paymentMethods":["Dinheiro"],"otherServices":null,"observations":null}},{"type":"Feature","geometry":{"type":"Point","coordinates":[-9.12895,38.76257]},"properties":{"id":"pt-66601","source":"PT","name":"REPSOL LISBOA ROTUNDA","brand":"REPSOL","address":"Rotunda do Aeroporto","municipality":"Lisboa","district":"Lisboa","postalCode":"1700-007","fuels":{"gasoline95":1.979,"gasoline95Plus":2.049,"gasoline98Plus":2.179,"diesel":2.084,"dieselPremium":2.154},"lastUpdated":"2026-08-10 00:05","extra":{"stationType":"Outro"},"services":["Calibragem de pneus"],"hours":null,"paymentMethods":["Dinheiro"],"otherServices":null,"observations":null}},{"type":"Feature","geometry":{"type":"Point","coordinates":[-9.175231,38.740514]},"properties":{"id":"pt-66602","source":"PT","name":"E.S. C. ALMOSTER I","brand":"REPSOL","address":"Rua Francisco Gentil Martins","municipality":"Lisboa","district":"Lisboa","postalCode":"1500-281","fuels":{"gasoline95":1.939,"gasoline95Plus":2.009,"gasoline98Plus":2.139,"diesel":2.044,"dieselPremium":2.114},"lastUpdated":"2026-08-10 00:00","extra":{"stationType":"Outro"},"services":["Lavagem","Loja de Conveniência","Venda de gás doméstico em garrafas","WC"],"hours":{"weekdays":"07:00-22:00","saturday":"07:00-22:00","sunday":"07:00-22:00","holiday":"07:00-22:00"},"paymentMethods":["Dinheiro"],"otherServices":null,"observations":null}},{"type":"Feature","geometry":{"type":"Point","coordinates":[-9.185189,38.745081]},"properties":{"id":"pt-66603","source":"PT","name":"E.S. C. ALMOSTER II","brand":"REPSOL","address":"Rua Conde Almoster 114","municipality":"Lisboa","district":"Lisboa","postalCode":"1500-198","fuels":{"gasoline95":1.979,"gasoline95Plus":2.049,"gasoline98Plus":2.179,"diesel":2.084,"dieselPremium":2.154},"lastUpdated":"2026-08-10 00:00","extra":{"stationType":"Outro"},"services":["Lavagem","Loja de Conveniência","Venda de gás doméstico em garrafas","WC"],"hours":{"weekdays":"07:00-23:00","saturday":"07:00-23:00","sunday":"07:00-23:00","holiday":"07:00-23:00"},"paymentMethods":["Dinheiro"],"otherServices":null,"observations":null}},{"type":"Feature","geometry":{"type":"Point","coordinates":[-8.97498,39.02384]},"properties":{"id":"pt-66604","source":"PT","name":"E.S. CARREGADO","brand":"REPSOL","address":"Rua Pinto Barreiros","municipality":"Alenquer","district":"Lisboa","postalCode":"2580-499","fuels":{"gasoline95":1.979,"gasoline95Plus":2.049,"diesel":2.084,"dieselPremium":2.154},"lastUpdated":"2026-08-10 00:00","extra":{"stationType":"Outro"},"services":["Loja de Conveniência","Venda de carburante de qualidade superior","Venda de gás doméstico em garrafas","WC"],"hours":{"weekdays":"07:00-23:00","saturday":"07:00-23:00","sunday":"07:00-23:00","holiday":"07:00-23:00"},"paymentMethods":["Dinheiro"],"otherServices":null,"observations":null}},{"type":"Feature","geometry":{"type":"Point","coordinates":[-9.202767,38.739]},"properties":{"id":"pt-66607","source":"PT","name":"ES CASA PIA - Gespost - Gestão e Administração de Postos de Abastecimento Unipessoal LDA","brand":"REPSOL","address":"Rotunda Pina Manique  ","municipality":"Lisboa","district":"Lisboa","postalCode":"1500-462","fuels":{"gasoline95":1.979,"gasoline95Plus":2.049,"gasoline98Plus":2.179,"diesel":2.084,"dieselPremium":2.154,"lpg":0.944},"lastUpdated":"2026-08-10 00:40","extra":{"stationType":"Outro"},"services":["Calibragem de pneus"],"hours":null,"paymentMethods":["Dinheiro"],"otherServices":null,"observations":null}},{"type":"Feature","geometry":{"type":"Point","coordinates":[-9.44306,38.72535]},"properties":{"id":"pt-66608","source":"PT","name":"E.S. CASCAIS","brand":"REPSOL","address":"EN 9 Mato Romão","municipality":"Cascais","district":"Lisboa","postalCode":"2750-000","fuels":{"gasoline95":1.979,"gasoline95Plus":2.049,"gasoline98Plus":2.179,"diesel":2.084,"dieselPremium":2.154},"lastUpdated":"2026-08-10 00:00","extra":{"stationType":"Outro"},"services":["Loja de Conveniência","Venda de carburante de qualidade superior","Venda de gás doméstico em garrafas","WC"],"hours":{"weekdays":"07:00-23:00","saturday":"07:00-23:00","sunday":"07:00-23:00","holiday":"07:00-23:00"},"paymentMethods":["Dinheiro"],"otherServices":null,"observations":null}},{"type":"Feature","geometry":{"type":"Point","coordinates":[-9.38999,38.7142]},"properties":{"id":"pt-66609","source":"PT","name":"E.S. ESTORIL","brand":"REPSOL","address":"Av. Conde de Barcelona","municipality":"Cascais","district":"Lisboa","postalCode":"2775-000","fuels":{"gasoline95":1.979,"gasoline95Plus":2.049,"gasoline98Plus":2.179,"diesel":2.084,"dieselPremium":2.154,"lpg":0.954},"lastUpdated":"2026-08-10 00:00","extra":{"stationType":"Outro"},"services":["Venda de carburante de qualidade superior","Venda de gás doméstico em garrafas","WC"],"hours":{"weekdays":"07:00-23:00","saturday":"07:00-23:00","sunday":"07:00-23:00","holiday":"07:00-23:00"},"paymentMethods":["Dinheiro"],"otherServices":null,"observations":null}},{"type":"Feature","geometry":{"type":"Point","coordinates":[-9.096331,38.75544]},"properties":{"id":"pt-66610","source":"PT","name":"ES EXPO - Gespost - Gestão e Administração de Postos de Abastecimento Unipessoal LDA","brand":"REPSOL","address":"Rua dos Argonautas nº 1 ","municipality":"Lisboa","district":"Lisboa","postalCode":"1990-215","fuels":{"gasoline95":1.979,"gasoline95Plus":2.049,"gasoline98Plus":2.179,"diesel":2.084,"dieselPremium":2.154},"lastUpdated":"2026-08-10 00:45","extra":{"stationType":"Outro"},"services":["Calibragem de pneus"],"hours":null,"paymentMethods":["Dinheiro"],"otherServices":null,"observations":null}},{"type":"Feature","geometry":{"type":"Point","coordinates":[-9.34819,38.69204]},"properties":{"id":"pt-66612","source":"PT","name":"E.S. PAREDE","brand":"REPSOL","address":"Av. Maristas","municipality":"Cascais","district":"Lisboa","postalCode":"2775-000","fuels":{"gasoline95":1.979,"gasoline95Plus":2.049,"gasoline98Plus":2.179,"diesel":2.084,"dieselPremium":2.154,"lpg":0.944},"lastUpdated":"2026-08-10 00:00","extra":{"stationType":"Outro"},"services":["Lavagem","Loja de Conveniência","Multibanco","Venda de carburante de qualidade superior","Venda de gás doméstico em garrafas","WC"],"hours":{"weekdays":"Aberto 24 horas","saturday":"Aberto 24 horas","sunday":"Aberto 24 horas","holiday":"Aberto 24 horas"},"paymentMethods":["Dinheiro"],"otherServices":null,"observations":null}},{"type":"Feature","geometry":{"type":"Point","coordinates":[-9.30175,38.72953]},"properties":{"id":"pt-66613","source":"PT","name":"E.S. LEIAO","brand":"REPSOL","address":"Variante à EN 249-3","municipality":"Oeiras","district":"Lisboa","postalCode":"2780-000","fuels":{"gasoline95":1.979,"gasoline95Plus":2.049,"gasoline98Plus":2.179,"diesel":2.084,"dieselPremium":2.154,"lpg":0.954},"lastUpdated":"2026-08-10 00:00","extra":{"stationType":"Outro"},"services":["Lavagem","Loja de Conveniência","Venda de carburante de qualidade superior","Venda de gás doméstico em garrafas","WC"],"hours":{"weekdays":"07:00-23:00","saturday":"07:00-23:00","sunday":"07:00-23:00","holiday":"07:00-23:00"},"paymentMethods":["Dinheiro"],"otherServices":null,"observations":null}},{"type":"Feature","geometry":{"type":"Point","coordinates":[-9.21072,38.74352]},"properties":{"id":"pt-66614","source":"PT","name":"E.S. BURACA","brand":"REPSOL","address":"Av. da República","municipality":"Amadora","district":"Lisboa","postalCode":"2700-000","fuels":{"gasoline95":1.979,"gasoline95Plus":2.049,"gasoline98Plus":2.179,"diesel":2.084,"dieselPremium":2.154},"lastUpdated":"2026-08-10 00:00","extra":{"stationType":"Outro"},"services":["Lavagem","Loja de Conveniência","Venda de carburante de qualidade superior","Venda de gás doméstico em garrafas","WC"],"hours":{"weekdays":"Aberto 24 horas","saturday":"Aberto 24 horas","sunday":"Aberto 24 horas","holiday":"Aberto 24 horas"},"paymentMethods":["Dinheiro"],"otherServices":null,"observations":null}},{"type":"Feature","geometry":{"type":"Point","coordinates":[-9.31278,39.24994]},"properties":{"id":"pt-66615","source":"PT","name":"E.S. LOURINHA","brand":"REPSOL","address":"EN 24 Km 12,2","municipality":"Lourinhã","district":"Lisboa","postalCode":"2530-000","fuels":{"gasoline95":1.929,"gasoline95Plus":1.989,"gasoline98Plus":2.119,"diesel":2.034,"dieselPremium":2.094},"lastUpdated":"2026-08-10 00:00","extra":{"stationType":"Outro"},"services":["Lavagem","Loja de Conveniência","Venda de carburante de qualidade superior","Venda de gás doméstico em garrafas","WC"],"hours":{"weekdays":"07:00-00:00","saturday":"07:00-00:00","sunday":"07:00-00:00","holiday":"07:00-00:00"},"paymentMethods":["Dinheiro"],"otherServices":null,"observations":null}},{"type":"Feature","geometry":{"type":"Point","coordinates":[-9.251492,38.939603]},"properties":{"id":"pt-66616","source":"PT","name":"E.S. MALVEIRA","brand":"REPSOL","address":"EN 8 Km 22,9","municipality":"Mafra","district":"Lisboa","postalCode":"2675-258","fuels":{"gasoline95":1.929,"gasoline95Plus":1.989,"diesel":2.034,"dieselPremium":2.094,"dieselAgri":1.634},"lastUpdated":"2026-08-10 00:00","extra":{"stationType":"Outro"},"services":["Lavagem","Loja de Conveniência","Multibanco","Venda de carburante de qualidade superior","Venda de gás doméstico em garrafas","Venda de gasóleo agrícola","WC"],"hours":{"weekdays":"07:00-00:00","saturday":"07:00-00:00","sunday":"07:00-00:00","holiday":"07:00-00:00"},"paymentMethods":["Dinheiro"],"otherServices":null,"observations":null}},{"type":"Feature","geometry":{"type":"Point","coordinates":[-9.21354,38.72416]},"properties":{"id":"pt-66617","source":"PT","name":"E.S. MAKRO-ALFRAGIDE","brand":"REPSOL","address":"Rua Quinta do Paizinho","municipality":"Oeiras","district":"Lisboa","postalCode":"2790-236","fuels":{"gasoline95":1.949,"gasoline95Plus":1.989,"diesel":2.054,"dieselPremium":2.114},"lastUpdated":"2026-08-10 00:00","extra":{"stationType":"Outro"},"services":["Venda de carburante de qualidade superior"],"hours":{"weekdays":"06:00-22:00","saturday":"06:00-22:00","sunday":"06:00-22:00","holiday":"06:00-22:00"},"paymentMethods":["Dinheiro"],"otherServices":null,"observations":null}},{"type":"Feature","geometry":{"type":"Point","coordinates":[-9.111011,38.865852]},"properties":{"id":"pt-66618","source":"PT","name":"ES MARL - Gespost - Gestão e Administração de Postos de Abastecimento Unipessoal LDA","brand":"REPSOL","address":"Lugar Quintanilho - MARL","municipality":"Loures","district":"Lisboa","postalCode":"2660-421","fuels":{"gasoline95":1.919,"gasoline95Plus":1.969,"diesel":2.024,"dieselPremium":2.074,"dieselAgri":1.604},"lastUpdated":"2026-08-10 00:40","extra":{"stationType":"Outro"},"services":["Calibragem de pneus"],"hours":null,"paymentMethods":["Dinheiro"],"otherServices":null,"observations":null}},{"type":"Feature","geometry":{"type":"Point","coordinates":[-9.39388,38.71275]},"properties":{"id":"pt-66619","source":"PT","name":"E.S. ALCOITAO","brand":"REPSOL","address":"Av. Bombeiros Voluntários nº 61","municipality":"Cascais","district":"Lisboa","postalCode":"2765-202","fuels":{"gasoline95":1.979,"gasoline95Plus":2.049,"gasoline98Plus":2.179,"diesel":2.084,"dieselPremium":2.154},"lastUpdated":"2026-08-10 00:00","extra":{"stationType":"Outro"},"services":["Calibragem de pneus","Lavagem","Loja de Conveniência","Multibanco","Venda de carburante de qualidade superior","Venda de gás doméstico em garrafas","WC"],"hours":{"weekdays":"Aberto 24 horas","saturday":"Aberto 24 horas","sunday":"Aberto 24 horas","holiday":"Aberto 24 horas"},"paymentMethods":["Dinheiro"],"otherServices":null,"observations":null}},{"type":"Feature","geometry":{"type":"Point","coordinates":[-8.912158,39.155494]},"properties":{"id":"pt-66620","source":"PT","name":"E.S. AVEIRAS A","brand":"REPSOL","address":"EN 366 Km 20 SITIO DOS POÇOS","municipality":"Azambuja","district":"Lisboa","postalCode":"2050-145","fuels":{"gasoline95":1.939,"gasoline95Plus":1.999,"diesel":2.044,"dieselPremium":2.104},"lastUpdated":"2026-08-10 00:00","extra":{"stationType":"Outro"},"services":["Loja de Conveniência","Venda de carburante de qualidade superior","Venda de gás doméstico em garrafas","WC"],"hours":{"weekdays":"07:00-23:00","saturday":"07:00-23:00","sunday":"07:00-23:00","holiday":"07:00-23:00"},"paymentMethods":["Dinheiro"],"otherServices":null,"observations":null}},{"type":"Feature","geometry":{"type":"Point","coordinates":[-8.914294,39.157917]},"properties":{"id":"pt-66621","source":"PT","name":"E.S. AVEIRAS B","brand":"REPSOL","address":"EN 366 Km 20 SITIO DOS POÇOS","municipality":"Azambuja","district":"Lisboa","postalCode":"2050-145","fuels":{"gasoline95":1.939,"diesel":2.044,"dieselPremium":2.104},"lastUpdated":"2026-08-10 00:00","extra":{"stationType":"Outro"},"services":["Loja de Conveniência","Venda de carburante de qualidade superior","Venda de gás doméstico em garrafas","WC"],"hours":{"weekdays":"06:00-22:00","saturday":"06:00-22:00","sunday":"Fechado","holiday":"Fechado"},"paymentMethods":["Dinheiro"],"otherServices":null,"observations":null}},{"type":"Feature","geometry":{"type":"Point","coordinates":[-9.258619,38.763733]},"properties":{"id":"pt-66623","source":"PT","name":"E.S. MASSAMÁ","brand":"REPSOL","address":"Av. General Humberto Delgado Lt.6\r\n\r\nMonte Abraão","municipality":"Sintra","district":"Lisboa","postalCode":"2745-280","fuels":{"gasoline95":1.979,"gasoline95Plus":2.049,"diesel":2.084,"dieselPremium":2.154},"lastUpdated":"2026-08-10 00:00","extra":{"stationType":"Outro"},"services":["Lavagem","WC"],"hours":{"weekdays":"Aberto 24 horas","saturday":"Aberto 24 horas","sunday":"Aberto 24 horas","holiday":"Aberto 24 horas"},"paymentMethods":["Dinheiro"],"otherServices":null,"observations":null}},{"type":"Feature","geometry":{"type":"Point","coordinates":[-9.442169,38.701767]},"properties":{"id":"pt-66624","source":"PT","name":"E.S. CASCAIS TORRE","brand":"REPSOL","address":"Rua Torre - Frente Cemitério","municipality":"Cascais","district":"Lisboa","postalCode":"2750-768","fuels":{"gasoline95":1.979,"gasoline95Plus":2.049,"gasoline98Plus":2.179,"diesel":2.084,"dieselPremium":2.154},"lastUpdated":"2026-08-10 00:00","extra":{"stationType":"Outro"},"services":["Venda de carburante de qualidade superior","Venda de gás doméstico em garrafas","WC"],"hours":{"weekdays":"07:00-23:00","saturday":"07:00-23:00","sunday":"07:00-23:00","holiday":"07:00-23:00"},"paymentMethods":["Dinheiro"],"otherServices":null,"observations":null}},{"type":"Feature","geometry":{"type":"Point","coordinates":[-8.9458,38.94252]},"properties":{"id":"pt-66625","source":"PT","name":"E.S. GADO BRAVO","brand":"REPSOL","address":"EN 10","municipality":"Vila Franca de Xira","district":"Lisboa","postalCode":"2601-000","fuels":{"gasoline95":1.929,"gasoline95Plus":1.989,"diesel":2.034,"dieselPremium":2.094,"dieselAgri":1.624},"lastUpdated":"2026-08-10 00:00","extra":{"stationType":"Outro"},"services":["Loja de Conveniência","Venda de carburante de qualidade superior","Venda de gás doméstico em garrafas","Venda de gasóleo agrícola","WC"],"hours":{"weekdays":"06:00-22:00","saturday":"06:00-22:00","sunday":"06:00-22:00","holiday":"06:00-22:00"},"paymentMethods":["Dinheiro"],"otherServices":null,"observations":null}},{"type":"Feature","geometry":{"type":"Point","coordinates":[-9.33875,38.71221]},"properties":{"id":"pt-66626","source":"PT","name":"E.S. MATO DA TORRE","brand":"REPSOL","address":"Estrada Mata da Torre","municipality":"Cascais","district":"Lisboa","postalCode":"2775-000","fuels":{"gasoline95":1.979,"gasoline95Plus":2.049,"gasoline98Plus":2.179,"diesel":2.084,"dieselPremium":2.154},"lastUpdated":"2026-08-10 00:00","extra":{"stationType":"Outro"},"services":["Cafetaria","Lavagem","Loja de Conveniência","Venda de carburante de qualidade superior","Venda de gás doméstico em garrafas","WC"],"hours":{"weekdays":"Aberto 24 horas","saturday":"Aberto 24 horas","sunday":"Aberto 24 horas","holiday":"Aberto 24 horas"},"paymentMethods":["Dinheiro"],"otherServices":null,"observations":null}},{"type":"Feature","geometry":{"type":"Point","coordinates":[-8.995561,39.155381]},"properties":{"id":"pt-66627","source":"PT","name":"E.S. MARES A","brand":"REPSOL","address":"IC 2 Km 48 MARES","municipality":"Alenquer","district":"Lisboa","postalCode":"2580-067","fuels":{"gasoline95":1.929,"gasoline95Plus":1.989,"diesel":2.034,"dieselPremium":2.094},"lastUpdated":"2026-08-10 00:00","extra":{"stationType":"Outro"},"services":["Cafetaria","Loja de Conveniência","Venda de carburante de qualidade superior","Venda de gás doméstico em garrafas","WC"],"hours":{"weekdays":"07:00-23:00","saturday":"07:00-23:00","sunday":"07:00-23:00","holiday":"07:00-23:00"},"paymentMethods":["Dinheiro"],"otherServices":null,"observations":null}},{"type":"Feature","geometry":{"type":"Point","coordinates":[-8.995161,39.15525]},"properties":{"id":"pt-66628","source":"PT","name":"E.S. MARES B","brand":"REPSOL","address":"IC 2 Km 48 MARES","municipality":"Alenquer","district":"Lisboa","postalCode":"2580-067","fuels":{"gasoline95":1.929,"diesel":2.034,"dieselAgri":1.624},"lastUpdated":"2026-08-10 00:00","extra":{"stationType":"Outro"},"services":["Cafetaria","Loja de Conveniência","Venda de carburante de qualidade superior","Venda de gás doméstico em garrafas","WC"],"hours":{"weekdays":"07:00-23:00","saturday":"07:00-23:00","sunday":"07:00-23:00","holiday":"07:00-23:00"},"paymentMethods":["Dinheiro"],"otherServices":null,"observations":null}},{"type":"Feature","geometry":{"type":"Point","coordinates":[-9.072481,38.864014]},"properties":{"id":"pt-66629","source":"PT","name":"E.S. QUINTA DA PIEDADE","brand":"REPSOL","address":"AV D VICENTE AFONSO VALENTE,Nº20","municipality":"Vila Franca de Xira","district":"Lisboa","postalCode":"2625-207","fuels":{"gasoline95":1.979,"gasoline95Plus":2.049,"diesel":2.084,"dieselPremium":2.154},"lastUpdated":"2026-08-10 00:45","extra":{"stationType":"Outro"},"services":["Lavagem","Loja de Conveniência","Venda de carburante de qualidade superior","Venda de gás doméstico em garrafas","WC"],"hours":{"weekdays":"07:00-23:00","saturday":"07:00-23:00","sunday":"07:00-23:00","holiday":"07:00-23:00"},"paymentMethods":["Dinheiro"],"otherServices":null,"observations":null}},{"type":"Feature","geometry":{"type":"Point","coordinates":[-9.24718,38.7564]},"properties":{"id":"pt-66630","source":"PT","name":"E.S. AMADORA-LIDO","brand":"REPSOL","address":"Estrada Velha Queluz nº 36","municipality":"Amadora","district":"Lisboa","postalCode":"2700-000","fuels":{"gasoline95":1.979,"gasoline95Plus":2.049,"gasoline98Plus":2.179,"diesel":2.084,"dieselPremium":2.154},"lastUpdated":"2026-08-10 00:00","extra":{"stationType":"Outro"},"services":["Assistência auto","Lavagem","Venda de carburante de qualidade superior","Venda de gás doméstico em garrafas","WC"],"hours":{"weekdays":"07:30-23:00","saturday":"07:30-23:00","sunday":"07:30-23:00","holiday":"07:30-23:00"},"paymentMethods":["Dinheiro"],"otherServices":null,"observations":null}},{"type":"Feature","geometry":{"type":"Point","coordinates":[-9.140311,38.763382]},"properties":{"id":"pt-66631","source":"PT","name":"ES 1138 - 2A CIRCULAR (NORTE/SUL) - Gespost - Gestão e Administração de Postos de Abastecimento Unipessoal LDA","brand":"REPSOL","address":"2ª Circular sentido Norte/Sul Avenida Marechal Craveiro Lopes  ","municipality":"Lisboa","district":"Lisboa","postalCode":"1700-284","fuels":{"gasoline95":1.979,"gasoline95Plus":2.049,"gasoline98Plus":2.179,"diesel":2.084,"dieselPremium":2.154,"lpg":0.954},"lastUpdated":"2026-08-10 00:15","extra":{"stationType":"Outro"},"services":["Calibragem de pneus"],"hours":null,"paymentMethods":["Dinheiro"],"otherServices":null,"observations":null}},{"type":"Feature","geometry":{"type":"Point","coordinates":[-9.032439,38.90655]},"properties":{"id":"pt-66633","source":"PT","name":"E.S. ALVERCA","brand":"REPSOL","address":"AV DO MARCO DA IV LEGUA 17","municipality":"Vila Franca de Xira","district":"Lisboa","postalCode":"2615-000","fuels":{"gasoline95":1.929,"gasoline95Plus":1.989,"gasoline98Plus":2.119,"diesel":2.034,"dieselPremium":2.094,"dieselAgri":1.634,"lpg":0.944},"lastUpdated":"2026-08-10 00:00","extra":{"stationType":"Outro"},"services":["Lavagem","Loja de Conveniência","Venda de gás doméstico em garrafas","WC"],"hours":{"weekdays":"05:30-21:00","saturday":"Fechado","sunday":"Fechado","holiday":"Fechado"},"paymentMethods":["Dinheiro"],"otherServices":null,"observations":null}},{"type":"Feature","geometry":{"type":"Point","coordinates":[-9.1608,38.859745]},"properties":{"id":"pt-66634","source":"PT","name":"REPSOL CREL Norte A","brand":"REPSOL","address":"A 9 km 21, Sub Lanco Loures/Bucelas ","municipality":"Loures","district":"Lisboa","postalCode":"2670-901","fuels":{"gasoline95":1.999,"gasoline95Plus":2.079,"diesel":2.109,"dieselPremium":2.194},"lastUpdated":"2026-08-10 00:40","extra":{"stationType":"Auto-estrada"},"services":["Calibragem de pneus"],"hours":null,"paymentMethods":["Dinheiro"],"otherServices":null,"observations":null}},{"type":"Feature","geometry":{"type":"Point","coordinates":[-9.161338,38.858597]},"properties":{"id":"pt-66635","source":"PT","name":"E.S. CREL NORTE B    A.S.","brand":"REPSOL","address":"A 9 km21 Sub Lanco Bucelas/Loures ","municipality":"Loures","district":"Lisboa","postalCode":"2670-901","fuels":{"gasoline95":1.999,"gasoline95Plus":2.079,"diesel":2.109,"dieselPremium":2.194,"lpg":1.014},"lastUpdated":"2026-08-10 00:05","extra":{"stationType":"Auto-estrada"},"services":["Calibragem de pneus"],"hours":null,"paymentMethods":["Dinheiro"],"otherServices":null,"observations":null}},{"type":"Feature","geometry":{"type":"Point","coordinates":[-9.37807,38.86095]},"properties":{"id":"pt-66636","source":"PT","name":"E.S. TERRUGEM","brand":"REPSOL","address":"Avenida 11 de Junho 13 - Godigana","municipality":"Sintra","district":"Lisboa","postalCode":"2705-408","fuels":{"gasoline95":1.919,"gasoline95Plus":1.989,"diesel":2.024,"dieselPremium":2.094},"lastUpdated":"2026-08-10 00:00","extra":{"stationType":"Outro"},"services":["Loja de Conveniência","Venda de carburante de qualidade superior","Venda de gás doméstico em garrafas","Venda de gasóleo agrícola","WC"],"hours":{"weekdays":"07:00-21:00","saturday":"07:00-21:00","sunday":"07:00-21:00","holiday":"07:00-21:00"},"paymentMethods":["Dinheiro"],"otherServices":null,"observations":null}},{"type":"Feature","geometry":{"type":"Point","coordinates":[-8.98142,38.97319]},"properties":{"id":"pt-66637","source":"PT","name":"E.S. V. FRANCA XIRA","brand":"REPSOL","address":"Rua Fernando Palha 20","municipality":"Vila Franca de Xira","district":"Lisboa","postalCode":"2600-000","fuels":{"gasoline95":1.979,"gasoline95Plus":2.049,"diesel":2.084,"dieselPremium":2.154,"dieselAgri":1.684},"lastUpdated":"2026-08-10 00:00","extra":{"stationType":"Outro"},"services":["Lavagem","Loja de Conveniência","Venda de carburante de qualidade superior","Venda de gás doméstico em garrafas","Venda de gasóleo agrícola","WC"],"hours":{"weekdays":"05:00-00:00","saturday":"05:00-00:00","sunday":"05:00-00:00","holiday":"05:00-00:00"},"paymentMethods":["Dinheiro"],"otherServices":null,"observations":null}},{"type":"Feature","geometry":{"type":"Point","coordinates":[-9.195666,38.884464]},"properties":{"id":"pt-66638","source":"PT","name":"REPSOL - A8 - Loures A","brand":"REPSOL","address":"AE 8 Sub Lanco Loures/Malveira Km 13,95 ","municipality":"Loures","district":"Lisboa","postalCode":"2670-901","fuels":{"gasoline95":1.989,"gasoline95Plus":2.069,"gasoline98Plus":2.189,"diesel":2.109,"dieselPremium":2.194},"lastUpdated":"2026-08-10 00:40","extra":{"stationType":"Auto-estrada"},"services":["Calibragem de pneus"],"hours":null,"paymentMethods":["Dinheiro"],"otherServices":null,"observations":null}},{"type":"Feature","geometry":{"type":"Point","coordinates":[-9.196856,38.884056]},"properties":{"id":"pt-66639","source":"PT","name":"Repsol - A8 - Loures B","brand":"REPSOL","address":"AE 8 Sub Lanco Loures/Malveira Km 13,95","municipality":"Loures","district":"Lisboa","postalCode":"2670-901","fuels":{"gasoline95":1.989,"gasoline95Plus":2.069,"gasoline98Plus":2.189,"diesel":2.109,"dieselPremium":2.194},"lastUpdated":"2026-08-10 00:40","extra":{"stationType":"Auto-estrada"},"services":["Calibragem de pneus"],"hours":null,"paymentMethods":["Dinheiro"],"otherServices":null,"observations":null}},{"type":"Feature","geometry":{"type":"Point","coordinates":[-9.361539,38.800419]},"properties":{"id":"pt-66640","source":"PT","name":"E.S. MEM MARTINS - OURESSA","brand":"REPSOL","address":"EM 623 (Av. Almirante Gago Coutinho)","municipality":"Sintra","district":"Lisboa","postalCode":"2725-320","fuels":{"gasoline95":1.939,"gasoline95Plus":1.989,"diesel":2.044,"dieselPremium":2.094},"lastUpdated":"2026-08-10 00:00","extra":{"stationType":"Outro"},"services":["Cafetaria","Lavagem","Loja de Conveniência","Venda de carburante de qualidade superior","Venda de gás doméstico em garrafas","WC"],"hours":{"weekdays":"07:00-22:00","saturday":"07:00-22:00","sunday":"07:00-22:00","holiday":"07:00-22:00"},"paymentMethods":["Dinheiro"],"otherServices":null,"observations":null}},{"type":"Feature","geometry":{"type":"Point","coordinates":[-9.157865,38.80508]},"properties":{"id":"pt-66641","source":"PT","name":"ES STO ANTONIO DE CAVALEIROS - Gespost - Gestão e Administração de Postos de Abastecimento Unipessoal LDA","brand":"REPSOL","address":"Estrada Nacional 8 km 13","municipality":"Odivelas","district":"Lisboa","postalCode":"2620-540","fuels":{"gasoline95":1.919,"gasoline95Plus":1.989,"gasoline98Plus":2.119,"diesel":2.024,"dieselPremium":2.094},"lastUpdated":"2026-08-10 00:35","extra":{"stationType":"Outro"},"services":["Calibragem de pneus"],"hours":null,"paymentMethods":["Dinheiro"],"otherServices":null,"observations":null}},{"type":"Feature","geometry":{"type":"Point","coordinates":[-9.337719,38.78318]},"properties":{"id":"pt-66642","source":"PT","name":"REPSOL MEM MARTINS A","brand":"REPSOL","address":"Alto do Forte Rua das Vagens - Mem Martins ","municipality":"Sintra","district":"Lisboa","postalCode":"2725-260","fuels":{"gasoline95":1.979,"gasoline95Plus":2.049,"gasoline98Plus":2.179,"diesel":2.084,"dieselPremium":2.154},"lastUpdated":"2026-08-10 00:40","extra":{"stationType":"Outro"},"services":["Calibragem de pneus"],"hours":null,"paymentMethods":["Dinheiro"],"otherServices":null,"observations":null}},{"type":"Feature","geometry":{"type":"Point","coordinates":[-9.338441,38.78333]},"properties":{"id":"pt-66643","source":"PT","name":"REPSOL Mem Martins B","brand":"REPSOL","address":"Alto do Forte Rua das Vagens - Mem Martins ","municipality":"Sintra","district":"Lisboa","postalCode":"2725-260","fuels":{"gasoline95":1.979,"gasoline95Plus":2.049,"gasoline98Plus":2.179,"diesel":2.084,"dieselPremium":2.154,"lpg":0.944},"lastUpdated":"2026-08-10 00:35","extra":{"stationType":"Outro"},"services":["Calibragem de pneus"],"hours":null,"paymentMethods":["Dinheiro"],"otherServices":null,"observations":null}},{"type":"Feature","geometry":{"type":"Point","coordinates":[-9.356381,38.80345]},"properties":{"id":"pt-66644","source":"PT","name":"ES ROT. DA CAVALEIRA - Gespost - Gestão e Administração de Postos de Abastecimento Unipessoal LDA","brand":"REPSOL","address":"Rotunda da Cavaleira  Algueirão ","municipality":"Sintra","district":"Lisboa","postalCode":"2710-418","fuels":{"gasoline95":1.979,"gasoline95Plus":2.049,"gasoline98Plus":2.179,"diesel":2.084,"dieselPremium":2.154,"lpg":0.924},"lastUpdated":"2026-08-10 00:40","extra":{"stationType":"Outro"},"services":["Calibragem de pneus"],"hours":null,"paymentMethods":["Dinheiro"],"otherServices":null,"observations":null}},{"type":"Feature","geometry":{"type":"Point","coordinates":[-9.179472,38.785313]},"properties":{"id":"pt-66645","source":"PT","name":"ES ODIVELAS - Gespost - Gestão e Administração de Postos de Abastecimento Unipessoal LDA","brand":"REPSOL","address":"Vale de Forno Rua Aires Ornelas ","municipality":"Odivelas","district":"Lisboa","postalCode":"2675-272","fuels":{"gasoline95":1.929,"gasoline95Plus":1.999,"diesel":2.034,"dieselPremium":2.104},"lastUpdated":"2026-08-10 00:35","extra":{"stationType":"Outro"},"services":["Calibragem de pneus"],"hours":null,"paymentMethods":["Dinheiro"],"otherServices":null,"observations":null}},{"type":"Feature","geometry":{"type":"Point","coordinates":[-9.159264,38.758]},"properties":{"id":"pt-66647","source":"PT","name":"ES CAMPO GRANDE - Gespost - Gestão e Administração de Postos de Abastecimento Unipessoal LDA","brand":"REPSOL","address":"Av. General Norton de Matos ao Campo Grande ","municipality":"Lisboa","district":"Lisboa","postalCode":"1600-104","fuels":{"gasoline95":1.939,"gasoline95Plus":2.009,"gasoline98Plus":2.139,"diesel":2.044,"dieselPremium":2.114},"lastUpdated":"2026-08-10 00:35","extra":{"stationType":"Outro"},"services":["Calibragem de pneus"],"hours":null,"paymentMethods":["Dinheiro"],"otherServices":null,"observations":null}},{"type":"Feature","geometry":{"type":"Point","coordinates":[-9.034739,38.904186]},"properties":{"id":"pt-66648","source":"PT","name":"E.S. ALVERCA II","brand":"REPSOL","address":"AV DO MARCO DA IV LEGUA 2","municipality":"Vila Franca de Xira","district":"Lisboa","postalCode":"2615-000","fuels":{"gasoline95":1.929,"gasoline95Plus":1.989,"diesel":2.034,"dieselPremium":2.094},"lastUpdated":"2026-08-10 00:00","extra":{"stationType":"Outro"},"services":["Lavagem","Loja de Conveniência","Venda de gás doméstico em garrafas","WC"],"hours":{"weekdays":"07:00-23:00","saturday":"07:00-23:00","sunday":"07:00-23:00","holiday":"07:00-23:00"},"paymentMethods":["Dinheiro"],"otherServices":null,"observations":null}},{"type":"Feature","geometry":{"type":"Point","coordinates":[-9.176011,38.7133]},"properties":{"id":"pt-66650","source":"PT","name":"ES AV. CEUTA - Gespost - Gestão e Administração de Postos de Abastecimento Unipessoal LDA","brand":"REPSOL","address":"Av.Ceuta,nº 61  ","municipality":"Lisboa","district":"Lisboa","postalCode":"1300-125","fuels":{"gasoline95":1.979,"gasoline95Plus":2.049,"diesel":2.084,"dieselPremium":2.154},"lastUpdated":"2026-08-10 00:10","extra":{"stationType":"Outro"},"services":["Calibragem de pneus"],"hours":null,"paymentMethods":["Dinheiro"],"otherServices":null,"observations":null}},{"type":"Feature","geometry":{"type":"Point","coordinates":[-9.279797,38.7327]},"properties":{"id":"pt-66651","source":"PT","name":"E.S. BARCARENA","brand":"REPSOL","address":"Rua Hortense Luz, 9 A","municipality":"Oeiras","district":"Lisboa","postalCode":"2730-231","fuels":{"gasoline95":1.979,"gasoline95Plus":2.049,"diesel":2.084,"dieselPremium":2.154},"lastUpdated":"2026-08-10 00:00","extra":{"stationType":"Outro"},"services":["Cafetaria","Loja de Conveniência","Venda de carburante de qualidade superior","Venda de gás doméstico em garrafas","WC"],"hours":{"weekdays":"07:00-22:00","saturday":"07:00-22:00","sunday":"07:00-22:00","holiday":"07:00-22:00"},"paymentMethods":["Dinheiro"],"otherServices":null,"observations":null}},{"type":"Feature","geometry":{"type":"Point","coordinates":[-9.15268,38.72426]},"properties":{"id":"pt-66653","source":"PT","name":"E.S. CASTILHO","brand":"REPSOL","address":"Rua Castilho nº 72-A","municipality":"Lisboa","district":"Lisboa","postalCode":"1200-000","fuels":{"gasoline95":1.979,"gasoline95Plus":2.049,"diesel":2.084,"dieselPremium":2.154},"lastUpdated":"2026-08-10 00:00","extra":{"stationType":"Outro"},"services":["Venda de carburante de qualidade superior"],"hours":{"weekdays":"08:00-19:00","saturday":"Fechado","sunday":"Fechado","holiday":"Fechado"},"paymentMethods":["Dinheiro"],"otherServices":null,"observations":null}},{"type":"Feature","geometry":{"type":"Point","coordinates":[-9.118286,38.74164]},"properties":{"id":"pt-66654","source":"PT","name":"ES OLAIAS - Gespost - Gestão e Administração de Postos de Abastecimento Unipessoal LDA","brand":"REPSOL","address":"Av.Dr.Carlos Pinhao ","municipality":"Lisboa","district":"Lisboa","postalCode":"1900-128","fuels":{"gasoline95":1.939,"gasoline95Plus":2.009,"gasoline98Plus":2.139,"diesel":2.044,"dieselPremium":2.114},"lastUpdated":"2026-08-10 00:40","extra":{"stationType":"Outro"},"services":["Calibragem de pneus"],"hours":null,"paymentMethods":["Dinheiro"],"otherServices":null,"observations":null}},{"type":"Feature","geometry":{"type":"Point","coordinates":[-9.1412,38.76278]},"properties":{"id":"pt-66655","source":"PT","name":"ES 1169 - 2A CIRCULAR (SUL/NORTE) - Gespost - Gestão e Administração de Postos de Abastecimento Unipessoal LDA","brand":"REPSOL","address":"2ª Circular sentido Sul/Norte Avenida Marechal Craveiro Lopes  ","municipality":"Lisboa","district":"Lisboa","postalCode":"1700-284","fuels":{"gasoline95":1.979,"gasoline95Plus":2.049,"gasoline98Plus":2.179,"diesel":2.084,"dieselPremium":2.154,"lpg":0.954},"lastUpdated":"2026-08-10 00:20","extra":{"stationType":"Outro"},"services":["Calibragem de pneus"],"hours":null,"paymentMethods":["Dinheiro"],"otherServices":null,"observations":null}},{"type":"Feature","geometry":{"type":"Point","coordinates":[-9.13851944444444,38.7416027777778]},"properties":{"id":"pt-66656","source":"PT","name":"E.S. PRAÇA DE LONDRES","brand":"REPSOL","address":"Av. Marconi nº 6 A e C","municipality":"Lisboa","district":"Lisboa","postalCode":"1000-205","fuels":{"gasoline95":1.979,"gasoline95Plus":2.049,"diesel":2.084,"dieselPremium":2.154},"lastUpdated":"2026-08-10 00:00","extra":{"stationType":"Outro"},"services":["Venda de carburante de qualidade superior","Venda de gás doméstico em garrafas","WC"],"hours":{"weekdays":"08:00-19:00","saturday":"08:00-13:00","sunday":"Fechado","holiday":"Fechado"},"paymentMethods":["Dinheiro"],"otherServices":null,"observations":null}},{"type":"Feature","geometry":{"type":"Point","coordinates":[-9.183167,38.755417]},"properties":{"id":"pt-66658","source":"PT","name":"ES REPSOL Benfica B - Estádio da Luz","brand":"REPSOL","address":"Av. Eusébio da Silva Ferreira (Estádio da Luz) ","municipality":"Lisboa","district":"Lisboa","postalCode":"1500-313","fuels":{"gasoline95":1.979,"gasoline95Plus":2.049,"gasoline98Plus":2.179,"diesel":2.084,"dieselPremium":2.154,"lpg":0.954},"lastUpdated":"2026-08-10 00:15","extra":{"stationType":"Outro"},"services":["Calibragem de pneus"],"hours":null,"paymentMethods":["Dinheiro"],"otherServices":null,"observations":null}},{"type":"Feature","geometry":{"type":"Point","coordinates":[-9.189067,38.750336]},"properties":{"id":"pt-66659","source":"PT","name":"ES BENFICA A (FONTE NOVA) - Gespost - Gestão e Administração de Postos de Abastecimento Unipessoal LDA","brand":"REPSOL","address":"Av. Eusébio da Silva Ferreira ( Fonte Nova)","municipality":"Lisboa","district":"Lisboa","postalCode":"1500-313","fuels":{"gasoline95":1.979,"gasoline95Plus":2.049,"gasoline98Plus":2.179,"diesel":2.084,"dieselPremium":2.154},"lastUpdated":"2026-08-10 00:15","extra":{"stationType":"Outro"},"services":["Calibragem de pneus"],"hours":null,"paymentMethods":["Dinheiro"],"otherServices":null,"observations":null}},{"type":"Feature","geometry":{"type":"Point","coordinates":[-9.26006,39.09764]},"properties":{"id":"pt-66661","source":"PT","name":"E.S. CHOUPAL","brand":"REPSOL","address":"EN 8","municipality":"Torres Vedras","district":"Lisboa","postalCode":"2560-000","fuels":{"gasoline95":1.939,"gasoline95Plus":1.999,"gasoline98Plus":2.129,"diesel":2.044,"dieselPremium":2.104},"lastUpdated":"2026-08-10 00:00","extra":{"stationType":"Outro"},"services":["Loja de Conveniência","Venda de carburante de qualidade superior","Venda de gás doméstico em garrafas","WC"],"hours":{"weekdays":"07:00-23:00","saturday":"08:00-00:00","sunday":"08:00-23:00","holiday":"08:00-23:00"},"paymentMethods":["Dinheiro"],"otherServices":null,"observations":null}},{"type":"Feature","geometry":{"type":"Point","coordinates":[-8.91299444444445,39.0494444444444]},"properties":{"id":"pt-66662","source":"PT","name":"E.S. V. N. RAINHA A","brand":"REPSOL","address":"EN nº3 Km 6720 ","municipality":"Azambuja","district":"Lisboa","postalCode":"2050-000","fuels":{"gasoline95":1.979,"gasoline95Plus":2.049,"diesel":2.084,"dieselPremium":2.154,"dieselAgri":1.684},"lastUpdated":"2026-08-10 00:00","extra":{"stationType":"Outro"},"services":["Venda de carburante de qualidade superior","Venda de gás doméstico em garrafas","Venda de gasóleo agrícola","WC"],"hours":{"weekdays":"07:00-23:00","saturday":"07:00-23:00","sunday":"07:00-23:00","holiday":"07:00-23:00"},"paymentMethods":["Dinheiro"],"otherServices":null,"observations":null}},{"type":"Feature","geometry":{"type":"Point","coordinates":[-8.91237,39.05004]},"properties":{"id":"pt-66663","source":"PT","name":"E.S. V. N. RAINHA B","brand":"REPSOL","address":"EN nº3 Km 6720","municipality":"Azambuja","district":"Lisboa","postalCode":"2050-000","fuels":{"gasoline95":1.979,"gasoline98Plus":2.179,"diesel":2.084,"dieselPremium":2.154},"lastUpdated":"2026-08-10 00:00","extra":{"stationType":"Outro"},"services":["Venda de carburante de qualidade superior","Venda de gás doméstico em garrafas","WC"],"hours":{"weekdays":"07:00-23:00","saturday":"Fechado","sunday":"Fechado","holiday":"Fechado"},"paymentMethods":["Dinheiro"],"otherServices":null,"observations":null}},{"type":"Feature","geometry":{"type":"Point","coordinates":[-9.2838,39.208634]},"properties":{"id":"pt-66664","source":"PT","name":"E.S. MARTELEIRA","brand":"REPSOL","address":"Av. do Araújo 17","municipality":"Lourinhã","district":"Lisboa","postalCode":"2530-338","fuels":{"gasoline95":1.929,"gasoline98Plus":2.119,"diesel":2.034,"dieselPremium":2.094,"dieselAgri":1.604},"lastUpdated":"2026-08-10 00:05","extra":{"stationType":"Outro"},"services":["Venda de carburante de qualidade superior","Venda de gás doméstico em garrafas","Venda de gasóleo agrícola","WC"],"hours":{"weekdays":"07:00-22:00","saturday":"07:00-22:00","sunday":"08:00-21:00","holiday":"08:00-21:00"},"paymentMethods":["Dinheiro"],"otherServices":null,"observations":null}},{"type":"Feature","geometry":{"type":"Point","coordinates":[-9.2822,39.14572]},"properties":{"id":"pt-66665","source":"PT","name":"E.S. A-DOS-CUNHADOS","brand":"REPSOL","address":"Rua 8 Setembro","municipality":"Torres Vedras","district":"Lisboa","postalCode":"2560-063","fuels":{"gasoline95":1.929,"gasoline95Plus":1.989,"gasoline98Plus":2.119,"diesel":2.034,"dieselPremium":2.094,"dieselAgri":1.639,"lpg":0.989},"lastUpdated":"2026-08-10 00:05","extra":{"stationType":"Outro"},"services":["Lavagem","Loja de Conveniência","Venda de carburante de qualidade superior","Venda de gás doméstico em garrafas","Venda de gasóleo agrícola","WC"],"hours":{"weekdays":"06:30-22:30","saturday":"06:30-22:30","sunday":"06:30-22:30","holiday":"06:30-22:30"},"paymentMethods":["Dinheiro"],"otherServices":null,"observations":"JetWash"}},{"type":"Feature","geometry":{"type":"Point","coordinates":[-9.26038,39.08198]},"properties":{"id":"pt-66666","source":"PT","name":"E.S. CONQUINHA","brand":"REPSOL","address":"Av. da Liberdade","municipality":"Torres Vedras","district":"Lisboa","postalCode":"2560-271","fuels":{"gasoline95":1.939,"gasoline95Plus":1.999,"gasoline98Plus":2.129,"diesel":2.044,"dieselPremium":2.104},"lastUpdated":"2026-08-10 00:00","extra":{"stationType":"Outro"},"services":["Lavagem","Loja de Conveniência","Venda de carburante de qualidade superior","Venda de gás doméstico em garrafas","WC"],"hours":{"weekdays":"Aberto 24 horas","saturday":"Aberto 24 horas","sunday":"Aberto 24 horas","holiday":"Aberto 24 horas"},"paymentMethods":["Dinheiro"],"otherServices":null,"observations":null}},{"type":"Feature","geometry":{"type":"Point","coordinates":[-9.25033055555556,38.9293111111111]},"properties":{"id":"pt-66667","source":"PT","name":"E.S. MALVEIRA II","brand":"REPSOL","address":"Bairro Miguel Ferreira","municipality":"Mafra","district":"Lisboa","postalCode":"2665-000","fuels":{"gasoline95":1.929,"gasoline95Plus":1.989,"gasoline98Plus":2.119,"diesel":2.034,"dieselPremium":2.094},"lastUpdated":"2026-08-10 00:00","extra":{"stationType":"Outro"},"services":["Cafetaria","Restaurante","Venda de carburante de qualidade superior","Venda de gás doméstico em garrafas"],"hours":{"weekdays":"07:00-23:00","saturday":"07:00-23:00","sunday":"07:00-23:00","holiday":"07:00-23:00"},"paymentMethods":["Dinheiro"],"otherServices":null,"observations":null}},{"type":"Feature","geometry":{"type":"Point","coordinates":[-9.18156,39.19317]},"properties":{"id":"pt-66668","source":"PT","name":"E.S. OUTEIRO CABECA","brand":"REPSOL","address":"Outeiro Cabeca","municipality":"Torres Vedras","district":"Lisboa","postalCode":"2560-000","fuels":{"gasoline95":1.929,"gasoline95Plus":1.989,"diesel":2.034,"dieselPremium":2.094,"dieselAgri":1.639},"lastUpdated":"2026-08-10 00:05","extra":{"stationType":"Outro"},"services":["Venda de carburante de qualidade superior","Venda de gasóleo agrícola","WC"],"hours":{"weekdays":"07:00-21:00","saturday":"07:00-21:00","sunday":"07:00-21:00","holiday":"07:00-21:00"},"paymentMethods":["Dinheiro"],"otherServices":null,"observations":null}},{"type":"Feature","geometry":{"type":"Point","coordinates":[-9.155217,38.903325]},"properties":{"id":"pt-66669","source":"PT","name":"E.S. FREIXIAL","brand":"REPSOL","address":"EN 116 Km 24,5","municipality":"Loures","district":"Lisboa","postalCode":"2670-676","fuels":{"gasoline95":1.929,"gasoline98Plus":2.119,"diesel":2.034,"dieselPremium":2.104,"dieselAgri":1.634},"lastUpdated":"2026-08-10 00:00","extra":{"stationType":"Outro"},"services":["Venda de carburante de qualidade superior","Venda de gás doméstico em garrafas","WC"],"hours":{"weekdays":"07:00-21:30","saturday":"07:00-21:30","sunday":"07:00-21:30","holiday":"07:00-21:30"},"paymentMethods":["Dinheiro"],"otherServices":null,"observations":null}},{"type":"Feature","geometry":{"type":"Point","coordinates":[-9.23465,38.74983]},"properties":{"id":"pt-66670","source":"PT","name":"E.S. AMADORA-BOREL","brand":"REPSOL","address":"Av. Conde Castro Guimarães - Borel","municipality":"Amadora","district":"Lisboa","postalCode":"2720-113","fuels":{"gasoline95":1.979,"gasoline95Plus":2.049,"gasoline98Plus":2.179,"diesel":2.084,"dieselPremium":2.154},"lastUpdated":"2026-08-10 00:40","extra":{"stationType":"Outro"},"services":["Lavagem","Loja de Conveniência","Venda de carburante de qualidade superior","Venda de gás doméstico em garrafas","WC"],"hours":{"weekdays":"07:00-23:30","saturday":"07:00-23:30","sunday":"07:00-23:30","holiday":"07:00-23:30"},"paymentMethods":["Dinheiro"],"otherServices":null,"observations":null}},{"type":"Feature","geometry":{"type":"Point","coordinates":[-9.10132,38.82893]},"properties":{"id":"pt-66900","source":"PT","name":"BP - Vale de Figueira","brand":"BP","address":"Rua Alfredo Vitorino Costa","municipality":"Loures","district":"Lisboa","postalCode":"2695-772","fuels":{"gasoline95":2.046,"gasoline98Plus":2.299,"diesel":2.148,"dieselPremium":2.319,"lpg":0.954},"lastUpdated":"2026-08-03 09:55","extra":{"stationType":"Outro"},"services":["Lavagem","Loja de Conveniência","Multibanco","Venda de gás doméstico em garrafas","WC"],"hours":{"weekdays":"Aberto 24 horas","saturday":"Aberto 24 horas","sunday":"Aberto 24 horas","holiday":"Aberto 24 horas"},"paymentMethods":["Dinheiro"],"otherServices":null,"observations":"Venda de Gelo"}},{"type":"Feature","geometry":{"type":"Point","coordinates":[-9.30844,38.70222]},"properties":{"id":"pt-66978","source":"PT","name":"BP - Oeiras (Cacilhas )","brand":"BP","address":"Rua do Colégio Militar","municipality":"Oeiras","district":"Lisboa","postalCode":"2780-239","fuels":{"gasoline95":1.969,"gasoline98Plus":2.199,"diesel":2.079,"dieselPremium":2.229,"lpg":0.969},"lastUpdated":"2026-08-10 00:00","extra":{"stationType":"Outro"},"services":["Cafetaria","Lavagem","Loja de Conveniência","Multibanco","Venda de gás doméstico em garrafas","WC","WC para deficientes"],"hours":{"weekdays":"Aberto 24 horas","saturday":"Aberto 24 horas","sunday":"Aberto 24 horas","holiday":"Aberto 24 horas"},"paymentMethods":["Dinheiro"],"otherServices":null,"observations":"Venda de G"}},{"type":"Feature","geometry":{"type":"Point","coordinates":[-9.0588088,39.281223]},"properties":{"id":"pt-66982","source":"PT","name":"BP Palhoça","brand":"BP","address":"EN 336 Km 0,5","municipality":"Cadaval","district":"Lisboa","postalCode":"2550-306","fuels":{"gasoline95":2.069,"gasoline98Plus":2.019,"diesel":2.169,"dieselPremium":2.319,"dieselAgri":1.744},"lastUpdated":"2026-08-03 00:05","extra":{"stationType":"Outro"},"services":["Loja de Conveniência","Venda de gás doméstico em garrafas","Venda de gasóleo agrícola","Venda de gasóleo para aquecimento"],"hours":{"weekdays":"07:00-22:00","saturday":"07:00-22:00","sunday":"07:00-22:00","holiday":"07:00-22:00"},"paymentMethods":["Dinheiro"],"otherServices":null,"observations":null}},{"type":"Feature","geometry":{"type":"Point","coordinates":[-9.08514,38.99802]},"properties":{"id":"pt-67031","source":"PT","name":"INTERMARCHÉ ARRUDA DOS VINHOS","brand":"INTERMARCHÉ","address":"Casais da Cruz - Fresca","municipality":"Arruda dos Vinhos","district":"Lisboa","postalCode":"2630-310","fuels":{"gasoline95":1.899,"gasoline98":1.999,"diesel":1.969,"dieselPremium":1.999},"lastUpdated":"2026-08-07 08:15","extra":{"stationType":"Outro"},"services":["Cafetaria","Descanso de pesados","Lavagem","Multibanco","Restaurante","Venda de gás doméstico em garrafas","WC","WC com fraldário","WC para deficientes"],"hours":{"weekdays":"Aberto 24 horas","saturday":"Aberto 24 horas","sunday":"Aberto 24 horas","holiday":"Aberto 24 horas"},"paymentMethods":["Dinheiro","MbWay","Multibanco"],"otherServices":null,"observations":null}},{"type":"Feature","geometry":{"type":"Point","coordinates":[-9.240278,38.71625]},"properties":{"id":"pt-67050","source":"PT","name":"GALP Linda-A-Velha","brand":"GALP","address":"AVENIDA 25 DE ABRIL, 10 - 10A","municipality":"Oeiras","district":"Lisboa","postalCode":"2795-195","fuels":{"gasoline95":2.085,"gasoline95Plus":2.145,"gasoline98Plus":2.295,"diesel":2.148,"dieselPremium":2.208},"lastUpdated":"2026-08-10 04:25","extra":{"stationType":"Outro"},"services":["Cafetaria","Loja de Conveniência","Multibanco","Venda de gás doméstico em garrafas","WC","WC com fraldário","WC para deficientes"],"hours":{"weekdays":"Aberto 24 horas","saturday":"Aberto 24 horas","sunday":"Aberto 24 horas","holiday":"Aberto 24 horas"},"paymentMethods":["Dinheiro","MbWay","Multibanco","Outros"],"otherServices":null,"observations":null}},{"type":"Feature","geometry":{"type":"Point","coordinates":[-9.3229,38.69455]},"properties":{"id":"pt-67051","source":"PT","name":"PCLX, LDA ","brand":"GALP","address":"Av. República nº 63","municipality":"Oeiras","district":"Lisboa","postalCode":"2780-160","fuels":{"gasoline95":2.077,"gasoline95Plus":2.127,"diesel":2.165,"dieselPremium":2.215},"lastUpdated":"2026-08-03 00:05","extra":{"stationType":"Outro"},"services":["Lavagem","Loja de Conveniência","Venda de gás doméstico em garrafas","WC"],"hours":{"weekdays":"Aberto 24 horas","saturday":"Aberto 24 horas","sunday":"Aberto 24 horas","holiday":"Aberto 24 horas"},"paymentMethods":["Dinheiro"],"otherServices":null,"observations":null}},{"type":"Feature","geometry":{"type":"Point","coordinates":[-9.07248,38.87462]},"properties":{"id":"pt-67073","source":"PT","name":"Galp Vialonga","brand":"GALP","address":"Variante EM 501","municipality":"Vila Franca de Xira","district":"Lisboa","postalCode":"2600-000","fuels":{"gasoline95":2.009,"gasoline95Plus":2.059,"diesel":2.104,"dieselPremium":2.154},"lastUpdated":"2026-08-06 09:40","extra":{"stationType":"Outro"},"services":["Cafetaria","Lavagem","Loja de Conveniência","Venda de gás doméstico em garrafas","WC","WC com fraldário","WC para deficientes"],"hours":{"weekdays":"Aberto 24 horas","saturday":"Aberto 24 horas","sunday":"Aberto 24 horas","holiday":"Aberto 24 horas"},"paymentMethods":["Dinheiro"],"otherServices":null,"observations":null}},{"type":"Feature","geometry":{"type":"Point","coordinates":[-9.226119,38.731133]},"properties":{"id":"pt-67261","source":"PT","name":"AUCHAN Alfragide","brand":"AUCHAN","address":"Rua da Quinta do Salrego (Rua Henrique Mendes) -  Lote 12 - Portela de Carnaxide","municipality":"Oeiras","district":"Lisboa","postalCode":"2790-144","fuels":{"gasoline95":1.959,"diesel":2.049,"dieselPremium":2.069,"lpg":0.879},"lastUpdated":"2026-08-04 08:55","extra":{"stationType":"Outro"},"services":["Calibragem de pneus"],"hours":{"weekdays":"Aberto 24 horas","saturday":"Aberto 24 horas","sunday":"Aberto 24 horas","holiday":"Aberto 24 horas"},"paymentMethods":["Dinheiro"],"otherServices":null,"observations":null}},{"type":"Feature","geometry":{"type":"Point","coordinates":[-9.041957,38.888622]},"properties":{"id":"pt-67263","source":"PT","name":"AUCHAN Alverca ","brand":"AUCHAN","address":"Qta. Drogas da Verdelha E.N.10","municipality":"Vila Franca de Xira","district":"Lisboa","postalCode":"2615-170","fuels":{"gasoline95":1.939,"diesel":1.989,"dieselPremium":2.019,"lpg":0.859},"lastUpdated":"2026-08-04 08:55","extra":{"stationType":"Outro"},"services":["Calibragem de pneus"],"hours":{"weekdays":"Aberto 24 horas","saturday":"Aberto 24 horas","sunday":"Aberto 24 horas","holiday":"Aberto 24 horas"},"paymentMethods":["Dinheiro"],"otherServices":null,"observations":null}},{"type":"Feature","geometry":{"type":"Point","coordinates":[-9.111503,38.7253]},"properties":{"id":"pt-67270","source":"PT","name":"Comblupe, Lda","brand":"BP","address":"Av. Infante D. Henrique, 61","municipality":"Lisboa","district":"Lisboa","postalCode":"1900-264","fuels":{"gasoline95":2.099,"gasoline98Plus":2.299,"diesel":2.199,"dieselPremium":2.319},"lastUpdated":"2026-08-03 07:00","extra":{"stationType":"Outro"},"services":["Calibragem de pneus","Loja de Conveniência","Venda de carburante de qualidade superior","Venda de gás doméstico em garrafas","WC"],"hours":{"weekdays":"07:00-23:00","saturday":"07:00-23:00","sunday":"07:00-23:00","holiday":"07:00-23:00"},"paymentMethods":["Dinheiro","Multibanco"],"otherServices":null,"observations":null}},{"type":"Feature","geometry":{"type":"Point","coordinates":[-9.10253,38.90236]},"properties":{"id":"pt-67342","source":"PT","name":"AB BUCELAS","brand":"ALVES BANDEIRA","address":"E.N 116 Km 29,250","municipality":"Loures","district":"Lisboa","postalCode":"2670-000","fuels":{"gasoline95":2.029,"diesel":2.119,"dieselPremium":2.144,"dieselAgri":1.699},"lastUpdated":"2026-08-05 16:50","extra":{"stationType":"Outro"},"services":["Loja de Conveniência","Venda de gasóleo agrícola"],"hours":{"weekdays":"07:00-21:00","saturday":"07:00-21:00","sunday":"07:00-21:00","holiday":"07:00-21:00"},"paymentMethods":["Dinheiro"],"otherServices":null,"observations":null}},{"type":"Feature","geometry":{"type":"Point","coordinates":[-9.320017,38.78218]},"properties":{"id":"pt-67352","source":"PT","name":"REPSOL - Rinchoa","brand":"REPSOL","address":"Gaveto da Av Gil Eanes e Av das Descobertas - Rinchoa ","municipality":"Sintra","district":"Lisboa","postalCode":"2635-388","fuels":{"gasoline95":1.979,"gasoline95Plus":2.049,"gasoline98Plus":2.179,"diesel":2.084,"dieselPremium":2.154},"lastUpdated":"2026-08-10 00:05","extra":{"stationType":"Outro"},"services":["Calibragem de pneus"],"hours":null,"paymentMethods":["Dinheiro"],"otherServices":null,"observations":null}},{"type":"Feature","geometry":{"type":"Point","coordinates":[-8.99835,39.20435]},"properties":{"id":"pt-67368","source":"PT","name":"BP Espinheira","brand":"BP","address":"E.N. 1 Km 54.300","municipality":"Azambuja","district":"Lisboa","postalCode":"2065-107","fuels":{"gasoline95":2.099,"diesel":2.199,"dieselPremium":2.319,"dieselAgri":1.744},"lastUpdated":"2026-08-03 06:45","extra":{"stationType":"Outro"},"services":["Venda de carburante de qualidade superior","Venda de gás doméstico em garrafas","Venda de gasóleo agrícola","WC"],"hours":{"weekdays":"Aberto 24 horas","saturday":"Aberto 24 horas","sunday":"Aberto 24 horas","holiday":"Aberto 24 horas"},"paymentMethods":["Dinheiro"],"otherServices":null,"observations":null}},{"type":"Feature","geometry":{"type":"Point","coordinates":[-9.11914,39.09751]},"properties":{"id":"pt-67473","source":"PT","name":"INTERMARCHÉ DE MERCEANA","brand":"INTERMARCHÉ","address":"E.N. 9 - Sitio do Moinho da Cruz","municipality":"Alenquer","district":"Lisboa","postalCode":"2580-087","fuels":{"gasoline95":1.949,"gasoline98":1.999,"diesel":1.999,"dieselPremium":2.029},"lastUpdated":"2026-08-03 20:30","extra":{"stationType":"Outro"},"services":["Cafetaria","Multibanco","Venda de gás doméstico em garrafas","WC","WC para deficientes"],"hours":{"weekdays":"Aberto 24 horas","saturday":"Aberto 24 horas","sunday":"Aberto 24 horas","holiday":"Aberto 24 horas"},"paymentMethods":["Dinheiro","Multibanco","Outros"],"otherServices":"Posto de Carregamento Electrico de Veiculos","observations":"Supermercado"}},{"type":"Feature","geometry":{"type":"Point","coordinates":[-9.12668,38.72997]},"properties":{"id":"pt-67499","source":"PT","name":"Nova - Reparadora Auto Penha","brand":"NOVA","address":"Avenida Mouzinho de Albuquerque nº 10 A/B","municipality":"Lisboa","district":"Lisboa","postalCode":"1170-264","fuels":{"gasoline95":2.009,"gasoline95Plus":2.039,"diesel":2.049,"dieselPremium":2.079},"lastUpdated":"2026-08-04 19:50","extra":{"stationType":"Outro"},"services":["Assistência auto","Calibragem de pneus","Lavagem"],"hours":{"weekdays":"Aberto 24 horas","saturday":"Aberto 24 horas","sunday":"Aberto 24 horas","holiday":"Aberto 24 horas"},"paymentMethods":["Dinheiro"],"otherServices":null,"observations":null}},{"type":"Feature","geometry":{"type":"Point","coordinates":[-9.31341,38.68486]},"properties":{"id":"pt-67563","source":"PT","name":"PRIO  Oeiras","brand":"PRIO","address":"Av. Marginal (EN 6 Km 8,200)","municipality":"Oeiras","district":"Lisboa","postalCode":"2780-000","fuels":{"gasoline95":1.924,"gasoline95Plus":1.819,"dieselPremium":1.969,"bioDiesel":1.939},"lastUpdated":"2026-08-10 01:10","extra":{"stationType":"Outro"},"services":["Cafetaria","Calibragem de pneus","Loja de Conveniência","Venda de carburante de qualidade superior","Venda de gás doméstico em garrafas","WC","WC para deficientes"],"hours":{"weekdays":"Aberto 24 horas","saturday":"Aberto 24 horas","sunday":"Aberto 24 horas","holiday":"Aberto 24 horas"},"paymentMethods":["Dinheiro","MbWay","Multibanco","Outros"],"otherServices":null,"observations":null}},{"type":"Feature","geometry":{"type":"Point","coordinates":[-9.010969,38.927486]},"properties":{"id":"pt-67820","source":"PT","name":"ALVES BANDEIRA Alhandra A","brand":"ALVES BANDEIRA","address":"ESTRADA NACIONAL 10","municipality":"Vila Franca de Xira","district":"Lisboa","postalCode":"2600-464","fuels":{"gasoline95":2.052,"diesel":2.148,"dieselPremium":2.184},"lastUpdated":"2026-08-03 10:50","extra":{"stationType":"Outro"},"services":["Calibragem de pneus"],"hours":null,"paymentMethods":["Dinheiro","MbWay","Multibanco","Outros"],"otherServices":null,"observations":null}},{"type":"Feature","geometry":{"type":"Point","coordinates":[-9.010797,38.927258]},"properties":{"id":"pt-67826","source":"PT","name":"ALVES BANDEIRA Alhandra B","brand":"ALVES BANDEIRA","address":"ESTRADA NACIONAL 10","municipality":"Vila Franca de Xira","district":"Lisboa","postalCode":"2600-464","fuels":{"gasoline95":2.052,"diesel":2.148,"dieselPremium":2.184},"lastUpdated":"2026-08-03 10:50","extra":{"stationType":"Outro"},"services":["Calibragem de pneus"],"hours":null,"paymentMethods":["Dinheiro","MbWay","Multibanco","Outros"],"otherServices":null,"observations":null}},{"type":"Feature","geometry":{"type":"Point","coordinates":[-9.313413,39.244804]},"properties":{"id":"pt-67843","source":"PT","name":"GAO PA Lourinhã","brand":"Genérico","address":"Av. António José de Almeida, 21","municipality":"Lourinhã","district":"Lisboa","postalCode":"2530-113","fuels":{"gasoline95":1.939,"gasoline98":1.999,"diesel":1.999,"dieselPremium":2.069,"dieselAgri":1.569},"lastUpdated":"2026-08-03 08:05","extra":{"stationType":"Outro"},"services":["Multibanco","WC"],"hours":null,"paymentMethods":["Dinheiro"],"otherServices":null,"observations":null}},{"type":"Feature","geometry":{"type":"Point","coordinates":[-9.164711,38.828503]},"properties":{"id":"pt-67886","source":"PT","name":"LOURES","brand":"BP","address":"Rua da Républica nº 24, A e B","municipality":"Loures","district":"Lisboa","postalCode":"2670-469","fuels":{"gasoline95":2.099,"gasoline98Plus":2.299,"diesel":2.199,"dieselPremium":2.319},"lastUpdated":"2026-08-03 06:55","extra":{"stationType":"Outro"},"services":["Multibanco","Venda de gás doméstico em garrafas","WC"],"hours":{"weekdays":"06:00-21:00","saturday":"06:00-21:00","sunday":"06:00-21:00","holiday":"06:00-21:00"},"paymentMethods":["Dinheiro"],"otherServices":null,"observations":null}},{"type":"Feature","geometry":{"type":"Point","coordinates":[-9.22107,39.1538]},"properties":{"id":"pt-67922","source":"PT","name":"ALVES BANDEIRA Ramalhal","brand":"ALVES BANDEIRA","address":"EN 8, Km 55","municipality":"Torres Vedras","district":"Lisboa","postalCode":"2565-646","fuels":{"gasoline95":2.039,"gasoline98":2.189,"diesel":2.124,"dieselPremium":2.144,"dieselAgri":1.699},"lastUpdated":"2026-08-03 11:35","extra":{"stationType":"Outro"},"services":["Loja de Conveniência","Venda de gás doméstico em garrafas","Venda de gasóleo agrícola","WC"],"hours":{"weekdays":"07:00-21:00","saturday":"07:00-13:00","sunday":"Fechado","holiday":"Fechado"},"paymentMethods":["Dinheiro","MbWay","Multibanco","Outros"],"otherServices":null,"observations":null}},{"type":"Feature","geometry":{"type":"Point","coordinates":[-9.13175,38.74398]},"properties":{"id":"pt-67937","source":"PT","name":"Estaçao de Serviço BP Areeiro","brand":"BP","address":"Av Almirante Gago Coutinho","municipality":"Lisboa","district":"Lisboa","postalCode":"1000-016","fuels":{"gasoline95":1.999,"gasoline98Plus":2.199,"diesel":2.109,"dieselPremium":2.229},"lastUpdated":"2026-08-10 00:00","extra":{"stationType":"Outro"},"services":["Assistência auto","Calibragem de pneus","Lavagem","Multibanco","Venda de carburante de qualidade superior","Venda de gás doméstico em garrafas","WC"],"hours":{"weekdays":"Aberto 24 horas","saturday":"Aberto 24 horas","sunday":"Aberto 24 horas","holiday":"Aberto 24 horas"},"paymentMethods":["Dinheiro"],"otherServices":null,"observations":"LOJA DE CONVENIENCIA"}},{"type":"Feature","geometry":{"type":"Point","coordinates":[-9.3148,39.24535]},"properties":{"id":"pt-68009","source":"PT","name":"LOURICOOP - LOURINHÃ","brand":"GALP","address":"Alameda Nossa Senhora dos Anjos","municipality":"Lourinhã","district":"Lisboa","postalCode":"2530-112","fuels":{"gasoline95":2.03,"diesel":2.044,"dieselPremium":2.109,"dieselAgri":1.634},"lastUpdated":"2026-08-04 00:00","extra":{"stationType":"Outro"},"services":["Multibanco","Venda de gás doméstico em garrafas","Venda de gasóleo agrícola","AUTOvoucher"],"hours":{"weekdays":"Aberto 24 horas","saturday":"Aberto 24 horas","sunday":"Aberto 24 horas","holiday":"Aberto 24 horas"},"paymentMethods":["Dinheiro","Multibanco"],"otherServices":null,"observations":null}},{"type":"Feature","geometry":{"type":"Point","coordinates":[-9.33941,39.09182]},"properties":{"id":"pt-68203","source":"PT","name":"BP CASALINHOS","brand":"BP","address":"EN 9 KM 59,3","municipality":"Torres Vedras","district":"Lisboa","postalCode":"2560-393","fuels":{"gasoline95":2.069,"gasoline98Plus":2.319,"diesel":2.169,"dieselPremium":2.299},"lastUpdated":"2026-08-09 06:50","extra":{"stationType":"Outro"},"services":["Cafetaria","Loja de Conveniência","Multibanco","Venda de gás doméstico em garrafas","WC","WC para deficientes"],"hours":{"weekdays":"Aberto 24 horas","saturday":"Aberto 24 horas","sunday":"Aberto 24 horas","holiday":"Aberto 24 horas"},"paymentMethods":["Dinheiro","Multibanco"],"otherServices":null,"observations":"Loja de Co"}},{"type":"Feature","geometry":{"type":"Point","coordinates":[-9.06379,38.86256]},"properties":{"id":"pt-68224","source":"PT","name":"Garagem da Bela Vista,Lda","brand":"GALP","address":"EN 10 nº58 a 68 (km 133,28)","municipality":"Vila Franca de Xira","district":"Lisboa","postalCode":"2625-122","fuels":{"gasoline95":1.989,"gasoline95Plus":2.039,"gasoline98Plus":2.199,"diesel":2.087,"dieselPremium":2.137},"lastUpdated":"2026-08-10 00:00","extra":{"stationType":"Outro"},"services":["Assistência auto","Cafetaria","Calibragem de pneus","Lavagem","Multibanco","Venda de carburante de qualidade superior","Venda de gás doméstico em garrafas","WC"],"hours":{"weekdays":"Aberto 24 horas","saturday":"Aberto 24 horas","sunday":"Aberto 24 horas","holiday":"Aberto 24 horas"},"paymentMethods":["Dinheiro"],"otherServices":null,"observations":"Recolhas de Veículos, Oficina de Reparações ,Entrega de Gás ao domicilio"}},{"type":"Feature","geometry":{"type":"Point","coordinates":[-9.31163,39.1356]},"properties":{"id":"pt-68338","source":"PT","name":"OS LINOS - Palhagueiras","brand":"GALP","address":"Rua do Parque nº2","municipality":"Torres Vedras","district":"Lisboa","postalCode":"2560-044","fuels":{"gasoline95":2.044,"gasoline98":2.063,"diesel":2.114,"dieselAgri":1.727},"lastUpdated":"2026-08-03 15:40","extra":{"stationType":"Outro"},"services":[],"hours":{"weekdays":"07:00-21:00","saturday":"07:00-21:00","sunday":"Fechado","holiday":"Fechado"},"paymentMethods":["Dinheiro"],"otherServices":null,"observations":"Loja de Lubrificantes (marca GALP)\r\n"}},{"type":"Feature","geometry":{"type":"Point","coordinates":[-8.99802,39.04954]},"properties":{"id":"pt-68406","source":"PT","name":"PRIO  Alenquer","brand":"PRIO","address":"EN 1 Km 35, Casal do Bravo","municipality":"Alenquer","district":"Lisboa","postalCode":"2580-355","fuels":{"gasoline95":1.924,"gasoline95Plus":1.849,"dieselPremium":1.924,"bioDiesel":1.894},"lastUpdated":"2026-08-10 01:10","extra":{"stationType":"Outro"},"services":["Cafetaria","Loja de Conveniência","Multibanco","Venda de gás doméstico em garrafas","WC","WC para deficientes"],"hours":{"weekdays":"07:00-23:00","saturday":"07:00-23:00","sunday":"07:00-23:00","holiday":"07:00-23:00"},"paymentMethods":["Dinheiro","MbWay","Multibanco","Outros"],"otherServices":null,"observations":null}},{"type":"Feature","geometry":{"type":"Point","coordinates":[-9.33026,38.93241]},"properties":{"id":"pt-68430","source":"PT","name":"INTERMARCHE MAFRA","brand":"INTERMARCHÉ","address":"Rua Almirante Gago Coutinho nº 7","municipality":"Mafra","district":"Lisboa","postalCode":"2640-487","fuels":{"gasoline95":1.859,"gasoline98":2.019,"diesel":1.949,"dieselPremium":1.989},"lastUpdated":"2026-08-03 09:50","extra":{"stationType":"Outro"},"services":[],"hours":{"weekdays":"Aberto 24 horas","saturday":"Aberto 24 horas","sunday":"Aberto 24 horas","holiday":"Aberto 24 horas"},"paymentMethods":["Dinheiro"],"otherServices":null,"observations":"SUPERMERCADO INTERMARCHE\r\nLAVAGENS E ASPIRAÇÃO\r\nCABELEIREIRO\r\nENGOMARIA\r\nLOJA DESPORTO\r\nPARAFARMÁCIA\r\nSAPATEIRO\r\nPAPELARIA\\TABACARIA\r\nPRONTO-A-VESTIR\r\nTELECOMINICAÇÕES\r\nINFORMÁTICA\r\nFLORISTA\r\nBAR"}},{"type":"Feature","geometry":{"type":"Point","coordinates":[-9.375063,39.078846]},"properties":{"id":"pt-68455","source":"PT","name":"Auto Pneus Aranha, lda / Petrin","brand":"PETRIN","address":"Rua do Aranha nº8","municipality":"Torres Vedras","district":"Lisboa","postalCode":"2560-192","fuels":{"gasoline95":1.989,"gasoline98":2.144,"diesel":2.064,"dieselPremium":2.149,"dieselAgri":1.669},"lastUpdated":"2026-08-04 10:20","extra":{"stationType":"Outro"},"services":["Assistência auto","Cafetaria","Calibragem de pneus","Multibanco","Venda de gás doméstico em garrafas","Venda de gasóleo agrícola","Venda de gasóleo para aquecimento","WC","WC para deficientes","AUTOvoucher"],"hours":{"weekdays":"07:00-21:30","saturday":"07:00-21:30","sunday":"07:00-21:30","holiday":"07:00-21:30"},"paymentMethods":["Dinheiro","MbWay","Multibanco","Outros"],"otherServices":"Venda de Adblue","observations":null}},{"type":"Feature","geometry":{"type":"Point","coordinates":[-9.395385,38.738075]},"properties":{"id":"pt-69082","source":"PT","name":"Alcoitão I (EST/SIN)","brand":"MOEVE","address":"EST. NAC. 6-8, KM 4, Nº.2952 E 2952A","municipality":"Cascais","district":"Lisboa","postalCode":"2765-143","fuels":{"gasoline95":1.913,"gasoline95Plus":1.963,"diesel":2.019,"dieselPremium":2.069},"lastUpdated":"2026-08-10 00:00","extra":{"stationType":"Outro"},"services":["Cafetaria","Loja de Conveniência","Multibanco","WC"],"hours":null,"paymentMethods":["Dinheiro"],"otherServices":null,"observations":null}},{"type":"Feature","geometry":{"type":"Point","coordinates":[-9.394775,38.73841]},"properties":{"id":"pt-69085","source":"PT","name":"Alcoitão II (SIN/EST)","brand":"MOEVE","address":"EN 6-8 - km 4, Nº.2879","municipality":"Cascais","district":"Lisboa","postalCode":"2645-143","fuels":{"gasoline95":1.913,"gasoline95Plus":1.963,"diesel":2.019,"dieselPremium":2.069},"lastUpdated":"2026-08-10 00:00","extra":{"stationType":"Outro"},"services":["Cafetaria","Loja de Conveniência","Multibanco","WC"],"hours":null,"paymentMethods":["Dinheiro"],"otherServices":null,"observations":null}},{"type":"Feature","geometry":{"type":"Point","coordinates":[-9.226974,38.7885]},"properties":{"id":"pt-69088","source":"PT","name":"CEPSA A-da-Beja","brand":"CEPSA","address":"Rua dos Plátanos (cruzamento c/Estrada de Santo Eloy) -A-da-Beja","municipality":"Amadora","district":"Lisboa","postalCode":"2650-087","fuels":{"gasoline95":1.893,"gasoline95Plus":1.943,"diesel":1.999,"dieselPremium":2.049},"lastUpdated":"2026-08-10 00:00","extra":{"stationType":"Outro"},"services":["Lavagem","Loja de Conveniência","Multibanco","WC"],"hours":null,"paymentMethods":["Dinheiro"],"otherServices":null,"observations":null}},{"type":"Feature","geometry":{"type":"Point","coordinates":[-9.417719,38.715504]},"properties":{"id":"pt-69099","source":"PT","name":"Abuxarda -Dramático de Cascais","brand":"MOEVE","address":"EN 9, LUGAR DA ABUXARDA, PAI DO VENTO","municipality":"Cascais","district":"Lisboa","postalCode":"2750-001","fuels":{"gasoline95":1.893,"gasoline95Plus":1.943,"diesel":1.999,"dieselPremium":1.999},"lastUpdated":"2026-08-10 00:00","extra":{"stationType":"Outro"},"services":["Cafetaria","Lavagem","Loja de Conveniência","Multibanco","WC","WC para deficientes"],"hours":null,"paymentMethods":["Dinheiro"],"otherServices":null,"observations":null}},{"type":"Feature","geometry":{"type":"Point","coordinates":[-9.386005,38.71149]},"properties":{"id":"pt-69121","source":"PT","name":"Galiza - Cascais","brand":"MOEVE","address":"RUA DO CAMPO SANTO, GALIZA","municipality":"Cascais","district":"Lisboa","postalCode":"2765-306","fuels":{"gasoline95":1.913,"gasoline95Plus":1.963,"diesel":2.019,"dieselPremium":2.069},"lastUpdated":"2026-08-10 00:00","extra":{"stationType":"Outro"},"services":["Loja de Conveniência","Multibanco","WC"],"hours":null,"paymentMethods":["Dinheiro"],"otherServices":null,"observations":null}},{"type":"Feature","geometry":{"type":"Point","coordinates":[-9.387480505,38.75988333]},"properties":{"id":"pt-69129","source":"PT","name":"Sintra - Av. Cascais","brand":"BP","address":"Avenida de Cascais nº620","municipality":"Sintra","district":"Lisboa","postalCode":"2710-329","fuels":{"gasoline95":1.959,"gasoline98":2.199,"diesel":2.069,"dieselPremium":2.229},"lastUpdated":"2026-08-10 00:00","extra":{"stationType":"Outro"},"services":[],"hours":{"weekdays":"Aberto 24 horas","saturday":"Aberto 24 horas","sunday":"Aberto 24 horas","holiday":"Aberto 24 horas"},"paymentMethods":["Dinheiro"],"otherServices":null,"observations":null}},{"type":"Feature","geometry":{"type":"Point","coordinates":[-9.207311,38.748505]},"properties":{"id":"pt-69130","source":"PT","name":"LISBOA - BENFICA","brand":"MOEVE","address":"RUA DA CASQUILHA - BENFICA","municipality":"Lisboa","district":"Lisboa","postalCode":"1500-152","fuels":{"gasoline95":1.913,"gasoline95Plus":1.963,"diesel":2.019,"dieselPremium":2.069},"lastUpdated":"2026-08-10 00:00","extra":{"stationType":"Outro"},"services":["Cafetaria","Lavagem","Loja de Conveniência","WC"],"hours":null,"paymentMethods":["Dinheiro"],"otherServices":null,"observations":null}},{"type":"Feature","geometry":{"type":"Point","coordinates":[-9.167921,38.722694]},"properties":{"id":"pt-69131","source":"PT","name":"BP Lisboa - Duarte Pacheco","brand":"BP","address":"Av. Duarte Pacheco (Cascais/Lisboa)","municipality":"Lisboa","district":"Lisboa","postalCode":"1070-113","fuels":{"gasoline95":1.999,"gasoline98Plus":2.199,"diesel":2.109,"dieselPremium":2.229},"lastUpdated":"2026-08-10 00:00","extra":{"stationType":"Outro"},"services":["Loja de Conveniência"],"hours":null,"paymentMethods":["Dinheiro"],"otherServices":null,"observations":null}},{"type":"Feature","geometry":{"type":"Point","coordinates":[-9.165147,38.751156]},"properties":{"id":"pt-69132","source":"PT","name":"Estádio Universitário","brand":"MOEVE","address":"CRUZAMENTO DA AV. EGAS MONIZ COM A AV.DOS COMBATENTES (LG.DAS FONSECAS)","municipality":"Lisboa","district":"Lisboa","postalCode":"1600-100","fuels":{"gasoline95":1.913,"gasoline95Plus":1.963,"diesel":2.019,"dieselPremium":2.069},"lastUpdated":"2026-08-10 00:00","extra":{"stationType":"Outro"},"services":["Loja de Conveniência","Multibanco","WC"],"hours":null,"paymentMethods":["Dinheiro"],"otherServices":null,"observations":null}},{"type":"Feature","geometry":{"type":"Point","coordinates":[-9.362967,38.72895]},"properties":{"id":"pt-69136","source":"PT","name":"MOEVE Manique -   Cascais","brand":"MOEVE","address":"Estrada da Quinta, 148","municipality":"Cascais","district":"Lisboa","postalCode":"2645-543","fuels":{"gasoline95":1.843,"gasoline95Plus":1.893,"diesel":1.949,"dieselPremium":1.999},"lastUpdated":"2026-08-10 00:00","extra":{"stationType":"Outro"},"services":["Cafetaria","Loja de Conveniência","Venda de gás doméstico em garrafas","WC"],"hours":null,"paymentMethods":["Dinheiro","MbWay","Multibanco","Outros"],"otherServices":null,"observations":null}},{"type":"Feature","geometry":{"type":"Point","coordinates":[-9.344361,38.784103]},"properties":{"id":"pt-69152","source":"PT","name":"CEPSA Mem Martins","brand":"MOEVE","address":"ESTRADA DE MEM MARTINS","municipality":"Sintra","district":"Lisboa","postalCode":"2725-011","fuels":{"gasoline95":1.843,"gasoline95Plus":1.893,"diesel":1.949,"dieselPremium":1.999},"lastUpdated":"2026-08-10 00:00","extra":{"stationType":"Outro"},"services":["Loja de Conveniência","Multibanco","WC"],"hours":null,"paymentMethods":["Dinheiro"],"otherServices":null,"observations":null}},{"type":"Feature","geometry":{"type":"Point","coordinates":[-9.306741,38.693493]},"properties":{"id":"pt-69157","source":"PT","name":"MOEVE Oeiras - Rua Cândido dos Reis","brand":"MOEVE","address":"Rua Cândido dos Reis, 9009","municipality":"Oeiras","district":"Lisboa","postalCode":"2780-213","fuels":{"gasoline95":1.913,"gasoline98Plus":2.125,"diesel":2.019,"dieselPremium":2.069},"lastUpdated":"2026-08-10 00:00","extra":{"stationType":"Outro"},"services":["Venda de gás doméstico em garrafas"],"hours":{"weekdays":"07:00-23:00","saturday":"07:00-23:00","sunday":"07:00-23:00","holiday":"07:00-23:00"},"paymentMethods":["Dinheiro","MbWay","Multibanco"],"otherServices":null,"observations":null}},{"type":"Feature","geometry":{"type":"Point","coordinates":[-9.168809,38.78914]},"properties":{"id":"pt-69159","source":"PT","name":"OLIVAL BASTO - LOURES","brand":"MOEVE","address":"RUA ANGOLA BOMBAS","municipality":"Odivelas","district":"Lisboa","postalCode":"2620-035","fuels":{"gasoline95":1.913,"gasoline95Plus":1.963,"diesel":2.019,"dieselPremium":2.069},"lastUpdated":"2026-08-10 00:00","extra":{"stationType":"Outro"},"services":["Cafetaria","Lavagem","Loja de Conveniência","Multibanco","WC","WC para deficientes"],"hours":null,"paymentMethods":["Dinheiro"],"otherServices":null,"observations":null}},{"type":"Feature","geometry":{"type":"Point","coordinates":[-9.200180593,38.80649998]},"properties":{"id":"pt-69178","source":"PT","name":"RAMADA - ODIVELAS","brand":"MOEVE","address":"E.N. 250/2 - Km 0,600 - Ramada","municipality":"Odivelas","district":"Lisboa","postalCode":"2675-387","fuels":{"gasoline95":1.913,"gasoline95Plus":1.963,"diesel":2.019,"dieselPremium":2.069},"lastUpdated":"2026-08-10 00:00","extra":{"stationType":"Outro"},"services":["Lavagem","Loja de Conveniência","Multibanco","WC","WC para deficientes"],"hours":{"weekdays":"Aberto 24 horas","saturday":"Aberto 24 horas","sunday":"Aberto 24 horas","holiday":"Aberto 24 horas"},"paymentMethods":["Dinheiro"],"otherServices":null,"observations":null}},{"type":"Feature","geometry":{"type":"Point","coordinates":[-9.212084,38.74952]},"properties":{"id":"pt-69639","source":"PT","name":"REPSOL Damaia","brand":"REPSOL","address":"Praceta da Índia - Damaia","municipality":"Amadora","district":"Lisboa","postalCode":"2720-299","fuels":{"gasoline95":2.029,"gasoline98":2.219,"diesel":2.119},"lastUpdated":"2026-08-03 10:45","extra":{"stationType":"Outro"},"services":["Calibragem de pneus"],"hours":{"weekdays":"07:00-20:30","saturday":"07:00-19:30","sunday":"Fechado","holiday":"Fechado"},"paymentMethods":["Dinheiro"],"otherServices":null,"observations":null}},{"type":"Feature","geometry":{"type":"Point","coordinates":[-9.35214,39.14946]},"properties":{"id":"pt-69666","source":"PT","name":"Posto Acrossuccess","brand":"PRIO","address":"EN 247 Km 23,840","municipality":"Torres Vedras","district":"Lisboa","postalCode":"2560-046","fuels":{"gasoline95":1.958,"gasoline98":2.084,"diesel":2.038,"dieselAgri":1.578},"lastUpdated":"2026-08-03 23:30","extra":{"stationType":"Outro"},"services":["Multibanco","Venda de gás doméstico em garrafas","Venda de gasóleo agrícola","WC"],"hours":{"weekdays":"07:00-23:00","saturday":"07:00-23:00","sunday":"07:00-23:00","holiday":"07:00-23:00"},"paymentMethods":["Dinheiro"],"otherServices":null,"observations":null}},{"type":"Feature","geometry":{"type":"Point","coordinates":[-9.2441,39.19514]},"properties":{"id":"pt-69725","source":"PT","name":"Jorge Manuel Henriques Lucio, Lda","brand":"GALP","address":"Av. 21 de Junho nº 7","municipality":"Torres Vedras","district":"Lisboa","postalCode":"2565-007","fuels":{"gasoline95":2.02,"gasoline95Plus":2.08,"diesel":2.11,"dieselPremium":2.17,"dieselAgri":1.72},"lastUpdated":"2026-08-04 10:00","extra":{"stationType":"Outro"},"services":["Cafetaria","Lavagem","Multibanco","Venda de gasóleo agrícola","WC"],"hours":{"weekdays":"07:00-20:00","saturday":"07:00-20:00","sunday":"07:00-20:00","holiday":"07:00-20:00"},"paymentMethods":["Dinheiro"],"otherServices":null,"observations":null}},{"type":"Feature","geometry":{"type":"Point","coordinates":[-9.21676,39.24973]},"properties":{"id":"pt-69747","source":"PT","name":"GALP Moita dos Ferreiros","brand":"GALP","address":"EN 361, nº95","municipality":"Lourinhã","district":"Lisboa","postalCode":"2530-481","fuels":{"gasoline95":2.03,"gasoline98Plus":2.267,"diesel":2.044,"dieselPremium":2.109,"dieselAgri":1.634},"lastUpdated":"2026-08-04 00:00","extra":{"stationType":"Outro"},"services":["Multibanco","Venda de gás doméstico em garrafas","Venda de gasóleo agrícola"],"hours":{"weekdays":"07:00-22:00","saturday":"07:00-22:00","sunday":"07:00-22:00","holiday":"07:00-22:00"},"paymentMethods":["Dinheiro"],"otherServices":null,"observations":null}},{"type":"Feature","geometry":{"type":"Point","coordinates":[-9.196336,38.948999]},"properties":{"id":"pt-70390","source":"PT","name":"Carreira & Gama, Lda. ","brand":"Genérico","address":"Av. 25 de Abril nº 56","municipality":"Mafra","district":"Lisboa","postalCode":"2665-314","fuels":{"gasoline95":2.049,"gasoline98":2.139,"diesel":2.099,"dieselPremium":2.179,"dieselAgri":1.62},"lastUpdated":"2026-08-03 17:45","extra":{"stationType":"Outro"},"services":[],"hours":{"weekdays":"07:00-22:00","saturday":"08:00-22:00","sunday":"08:00-13:00","holiday":"08:00-13:00"},"paymentMethods":["Dinheiro"],"otherServices":null,"observations":"multibanco"}},{"type":"Feature","geometry":{"type":"Point","coordinates":[-9.257027,39.078611]},"properties":{"id":"pt-70638","source":"PT","name":"RECHEIO TORRES VEDRAS","brand":"RECHEIO","address":"Zona Industrial Cruz Barro","municipality":"Torres Vedras","district":"Lisboa","postalCode":"2564-909","fuels":{"gasoline95":1.949,"diesel":1.999},"lastUpdated":"2026-08-04 06:00","extra":{"stationType":"Outro"},"services":[],"hours":{"weekdays":"08:00-19:00","saturday":"08:00-18:00","sunday":"Fechado","holiday":"Fechado"},"paymentMethods":["Dinheiro"],"otherServices":null,"observations":null}},{"type":"Feature","geometry":{"type":"Point","coordinates":[-9.09365,39.11641]},"properties":{"id":"pt-70725","source":"PT","name":"Atalaia","brand":"Genérico","address":"Rua Damião de Góis, n.º 6","municipality":"Alenquer","district":"Lisboa","postalCode":"2580-401","fuels":{"gasoline95":2.034,"diesel":2.134,"dieselAgri":1.744},"lastUpdated":"2026-08-05 12:20","extra":{"stationType":"Outro"},"services":["Multibanco","Venda de gás doméstico em garrafas","Venda de gasóleo agrícola","WC"],"hours":{"weekdays":"07:00-22:00","saturday":"07:00-22:00","sunday":"08:00-20:00","holiday":"08:00-20:00"},"paymentMethods":["Dinheiro"],"otherServices":null,"observations":null}},{"type":"Feature","geometry":{"type":"Point","coordinates":[-9.14285,38.74633]},"properties":{"id":"pt-70728","source":"PT","name":"SHELL Avenida de Roma","brand":"SHELL","address":"Praça Gonçalo Trancoso","municipality":"Lisboa","district":"Lisboa","postalCode":"1700-000","fuels":{"gasoline95":2.074,"diesel":2.164,"dieselPremium":2.244},"lastUpdated":"2026-08-09 01:15","extra":{"stationType":"Outro"},"services":["Calibragem de pneus","Multibanco"],"hours":{"weekdays":"08:00-22:00","saturday":"08:00-18:00","sunday":"08:00-14:00","holiday":"08:00-14:00"},"paymentMethods":["Dinheiro"],"otherServices":null,"observations":null}},{"type":"Feature","geometry":{"type":"Point","coordinates":[-9.14838,39.02191]},"properties":{"id":"pt-71114","source":"PT","name":"Posto de Sobral de Monte Agraço","brand":"GALP","address":"Av. 1º de Maio","municipality":"Sobral de Monte Agraço","district":"Lisboa","postalCode":"2590-001","fuels":{"gasoline95":1.969,"diesel":2.069,"dieselPremium":2.089,"dieselAgri":1.629,"lpg":0.98},"lastUpdated":"2026-08-03 14:30","extra":{"stationType":"Outro"},"services":["Venda de gás doméstico em garrafas"],"hours":{"weekdays":"08:30-19:00","saturday":"08:30-19:00","sunday":"Fechado","holiday":"Fechado"},"paymentMethods":["Dinheiro","Multibanco"],"otherServices":null,"observations":null}},{"type":"Feature","geometry":{"type":"Point","coordinates":[-9.279333,39.024929]},"properties":{"id":"pt-71214","source":"PT","name":"FREIXAUTO","brand":"ALVES BANDEIRA","address":"EN 8 nº 40","municipality":"Torres Vedras","district":"Lisboa","postalCode":"2565-773","fuels":{"gasoline95":2.079,"diesel":2.164,"dieselAgri":1.739},"lastUpdated":"2026-08-03 15:00","extra":{"stationType":"Outro"},"services":["Assistência auto","Venda de gás doméstico em garrafas","Venda de gasóleo agrícola","WC"],"hours":{"weekdays":"07:00-21:00","saturday":"07:00-19:00","sunday":"Fechado","holiday":"Fechado"},"paymentMethods":["Dinheiro","MbWay","Multibanco"],"otherServices":null,"observations":"OFICINA DE REPARACAO AUTOMOVEL E TRACTORES"}},{"type":"Feature","geometry":{"type":"Point","coordinates":[-8.98085,39.02912]},"properties":{"id":"pt-71699","source":"PT","name":"Intermarché Carregado","brand":"INTERMARCHÉ","address":"Quinta da Colónia Lote 2","municipality":"Alenquer","district":"Lisboa","postalCode":"2580-491","fuels":{"gasoline95":1.919,"gasoline98":2.009,"diesel":1.979,"dieselPremium":2.009},"lastUpdated":"2026-08-04 09:25","extra":{"stationType":"Outro"},"services":[],"hours":{"weekdays":"Aberto 24 horas","saturday":"Aberto 24 horas","sunday":"Aberto 24 horas","holiday":"Aberto 24 horas"},"paymentMethods":["Dinheiro"],"otherServices":null,"observations":null}},{"type":"Feature","geometry":{"type":"Point","coordinates":[-9.17052,38.83647]},"properties":{"id":"pt-71703","source":"PT","name":"Cooperativa Agrícola de Loures, CRL","brand":"BP","address":"Rua do Funchal, 45","municipality":"Loures","district":"Lisboa","postalCode":"2670-364","fuels":{"diesel":2.154,"dieselAgri":1.704},"lastUpdated":"2026-08-04 00:00","extra":{"stationType":"Outro"},"services":[],"hours":{"weekdays":"07:30-17:00","saturday":"08:00-13:00","sunday":"Fechado","holiday":"Fechado"},"paymentMethods":["Dinheiro"],"otherServices":null,"observations":null}},{"type":"Feature","geometry":{"type":"Point","coordinates":[-9.103673,38.939647]},"properties":{"id":"pt-71825","source":"PT","name":"Elisiário Forte","brand":"Genérico","address":"Rua de Santiago, nº40-D","municipality":"Arruda dos Vinhos","district":"Lisboa","postalCode":"2630-526","fuels":{"gasoline95":2.069,"gasoline98":2.232,"diesel":2.149,"dieselPremium":2.184,"dieselAgri":1.729},"lastUpdated":"2026-08-03 10:10","extra":{"stationType":"Outro"},"services":[],"hours":{"weekdays":"06:00-22:00","saturday":"06:00-22:00","sunday":"06:00-22:00","holiday":"06:00-22:00"},"paymentMethods":["Dinheiro"],"otherServices":null,"observations":null}},{"type":"Feature","geometry":{"type":"Point","coordinates":[-9.131519,39.057843]},"properties":{"id":"pt-72421","source":"PT","name":"Agricarmões, Lda","brand":"AUTO JULIO","address":"EN 115, nº17","municipality":"Torres Vedras","district":"Lisboa","postalCode":"2565-116","fuels":{"gasoline95":2.019,"diesel":2.069,"dieselPremium":2.089,"dieselAgri":1.65},"lastUpdated":"2026-08-03 12:35","extra":{"stationType":"Outro"},"services":[],"hours":{"weekdays":"07:00-21:00","saturday":"07:00-20:00","sunday":"Fechado","holiday":"Fechado"},"paymentMethods":["Dinheiro"],"otherServices":null,"observations":null}},{"type":"Feature","geometry":{"type":"Point","coordinates":[-8.95938,39.032]},"properties":{"id":"pt-72587","source":"PT","name":"CASAL PINHEIRO","brand":"BP","address":"EN 3  Km 2","municipality":"Alenquer","district":"Lisboa","postalCode":"2580-507","fuels":{"gasoline95":1.999,"diesel":2.109,"dieselPremium":2.229},"lastUpdated":"2026-08-10 00:00","extra":{"stationType":"Outro"},"services":["Loja de Conveniência","Multibanco","Venda de gás doméstico em garrafas","WC"],"hours":{"weekdays":"Aberto 24 horas","saturday":"00:00-23:00","sunday":"07:00-00:00","holiday":"07:00-00:00"},"paymentMethods":["Dinheiro"],"otherServices":null,"observations":null}},{"type":"Feature","geometry":{"type":"Point","coordinates":[-9.30593,39.15244]},"properties":{"id":"pt-72621","source":"PT","name":"INTERMARCHÉ SOBREIRO CURVO ","brand":"INTERMARCHÉ","address":"Vale da Murta","municipality":"Torres Vedras","district":"Lisboa","postalCode":"2560-562","fuels":{"gasoline95":1.969,"gasoline98":2.059,"diesel":2.025,"dieselPremium":2.055},"lastUpdated":"2026-08-03 12:30","extra":{"stationType":"Outro"},"services":["Cafetaria","Venda de gás doméstico em garrafas","WC"],"hours":{"weekdays":"Aberto 24 horas","saturday":"Aberto 24 horas","sunday":"Aberto 24 horas","holiday":"Aberto 24 horas"},"paymentMethods":["Dinheiro","MbWay","Multibanco"],"otherServices":null,"observations":"LAVAGEM AUTOMATICA\r\nASPIRAÇÃO"}},{"type":"Feature","geometry":{"type":"Point","coordinates":[-9.367671,39.037023]},"properties":{"id":"pt-72852","source":"PT","name":"Posto Energil","brand":"BP","address":"EN 9","municipality":"Mafra","district":"Lisboa","postalCode":"2640-203","fuels":{"gasoline95":2.034,"diesel":2.134,"dieselPremium":2.184},"lastUpdated":"2026-08-03 17:10","extra":{"stationType":"Outro"},"services":[],"hours":{"weekdays":"07:00-22:00","saturday":"07:00-22:00","sunday":"07:00-22:00","holiday":"07:00-22:00"},"paymentMethods":["Dinheiro","Multibanco"],"otherServices":null,"observations":null}},{"type":"Feature","geometry":{"type":"Point","coordinates":[-9.204574,38.76812]},"properties":{"id":"pt-73123","source":"PT","name":"MOEVE Pontinha","brand":"MOEVE","address":"RUA DE SANTO ELOY, LOTE 59","municipality":"Odivelas","district":"Lisboa","postalCode":"1675-178","fuels":{"gasoline95":1.903,"gasoline98Plus":2.115,"diesel":2.009,"dieselPremium":2.059},"lastUpdated":"2026-08-10 00:00","extra":{"stationType":"Outro"},"services":["Loja de Conveniência","Venda de gás doméstico em garrafas","WC"],"hours":null,"paymentMethods":["Dinheiro","MbWay","Multibanco"],"otherServices":null,"observations":null}},{"type":"Feature","geometry":{"type":"Point","coordinates":[-9.418377,38.71596]},"properties":{"id":"pt-73881","source":"PT","name":"AUCHAN Cascais","brand":"AUCHAN","address":"Av. De Sintra / Cascais nº 1617","municipality":"Cascais","district":"Lisboa","postalCode":"2755-318","fuels":{"gasoline95":1.939,"diesel":2.029,"dieselPremium":2.059,"lpg":0.899},"lastUpdated":"2026-08-04 08:55","extra":{"stationType":"Outro"},"services":["Calibragem de pneus"],"hours":{"weekdays":"Aberto 24 horas","saturday":"Aberto 24 horas","sunday":"Aberto 24 horas","holiday":"Aberto 24 horas"},"paymentMethods":["Dinheiro"],"otherServices":null,"observations":null}},{"type":"Feature","geometry":{"type":"Point","coordinates":[-8.9009,39.14384]},"properties":{"id":"pt-74279","source":"PT","name":"INTERMARCHÉ DE AVEIRAS DE CIMA","brand":"INTERMARCHÉ","address":"Rua dos Chães Lote 1","municipality":"Azambuja","district":"Lisboa","postalCode":"2050-098","fuels":{"gasoline95":1.909,"gasoline98":2.009,"diesel":1.999,"dieselPremium":2.039},"lastUpdated":"2026-08-04 10:00","extra":{"stationType":"Outro"},"services":["Multibanco","Venda de gás doméstico em garrafas"],"hours":{"weekdays":"Aberto 24 horas","saturday":"Aberto 24 horas","sunday":"Aberto 24 horas","holiday":"Aberto 24 horas"},"paymentMethods":["Dinheiro"],"otherServices":null,"observations":null}},{"type":"Feature","geometry":{"type":"Point","coordinates":[-9.234183,38.81048]},"properties":{"id":"pt-74646","source":"PT","name":"BP Caneças","brand":"BP","address":"E. N. 250 - Km 19,5 E","municipality":"Odivelas","district":"Lisboa","postalCode":"1685-355","fuels":{"gasoline95":1.999,"gasoline98":2.199,"diesel":2.109,"dieselPremium":2.229},"lastUpdated":"2026-08-10 00:00","extra":{"stationType":"Outro"},"services":["Cafetaria","Loja de Conveniência","WC"],"hours":null,"paymentMethods":["Dinheiro"],"otherServices":null,"observations":null}},{"type":"Feature","geometry":{"type":"Point","coordinates":[-9.254366,39.10158]},"properties":{"id":"pt-74656","source":"PT","name":"AUCHAN Torres Vedras","brand":"AUCHAN","address":"Rua António Alves Ferreira, Nº 2 ","municipality":"Torres Vedras","district":"Lisboa","postalCode":"2560-256","fuels":{"gasoline95":1.989,"diesel":2.059,"dieselPremium":2.079,"lpg":0.959},"lastUpdated":"2026-08-04 08:55","extra":{"stationType":"Outro"},"services":["Calibragem de pneus"],"hours":{"weekdays":"Aberto 24 horas","saturday":"Aberto 24 horas","sunday":"Aberto 24 horas","holiday":"Aberto 24 horas"},"paymentMethods":["Dinheiro"],"otherServices":null,"observations":null}},{"type":"Feature","geometry":{"type":"Point","coordinates":[-9.14816,38.74325]},"properties":{"id":"pt-74897","source":"PT","name":"Palace Garage Campo Pequeno","brand":"GALP","address":"Av. António Serpa 22-28","municipality":"Lisboa","district":"Lisboa","postalCode":"1050-027","fuels":{"gasoline95":2.079,"diesel":2.169,"dieselPremium":2.229},"lastUpdated":"2026-08-04 10:15","extra":{"stationType":"Outro"},"services":["Loja de Conveniência","Multibanco","WC","WC para deficientes"],"hours":{"weekdays":"Aberto 24 horas","saturday":"Aberto 24 horas","sunday":"Aberto 24 horas","holiday":"Aberto 24 horas"},"paymentMethods":["Dinheiro"],"otherServices":null,"observations":null}},{"type":"Feature","geometry":{"type":"Point","coordinates":[-9.183761,39.040105]},"properties":{"id":"pt-75353","source":"PT","name":"ALVES BANDEIRA Dois Portos","brand":"ALVES BANDEIRA","address":"Av. 25 de Abril, n.º77 A","municipality":"Torres Vedras","district":"Lisboa","postalCode":"2565-206","fuels":{"gasoline95":2.044,"diesel":2.129,"dieselAgri":1.704},"lastUpdated":"2026-08-03 11:20","extra":{"stationType":"Outro"},"services":["Assistência auto","Loja de Conveniência","Venda de gás doméstico em garrafas","Venda de gasóleo agrícola","WC"],"hours":{"weekdays":"07:00-22:00","saturday":"07:00-22:00","sunday":"07:00-22:00","holiday":"07:00-22:00"},"paymentMethods":["Dinheiro","MbWay","Multibanco","Outros"],"otherServices":null,"observations":null}},{"type":"Feature","geometry":{"type":"Point","coordinates":[-8.973561,39.220308]},"properties":{"id":"pt-75684","source":"PT","name":"ALVES BANDEIRA Ponderosa","brand":"ALVES BANDEIRA","address":"Estrada Nacional nº 1 km 57,3","municipality":"Azambuja","district":"Lisboa","postalCode":"2065-047","fuels":{"gasoline95":2.079,"diesel":2.164,"dieselPremium":2.184,"dieselAgri":1.739},"lastUpdated":"2026-08-03 11:40","extra":{"stationType":"Outro"},"services":["Cafetaria","Loja de Conveniência","Venda de gás doméstico em garrafas","Venda de gasóleo agrícola","WC","WC para deficientes"],"hours":{"weekdays":"07:00-22:00","saturday":"07:00-21:00","sunday":"07:00-21:00","holiday":"07:00-21:00"},"paymentMethods":["Dinheiro","MbWay","Multibanco","Outros"],"otherServices":null,"observations":null}},{"type":"Feature","geometry":{"type":"Point","coordinates":[-9.16848,38.79313]},"properties":{"id":"pt-75720","source":"PT","name":"bp odivelas","brand":"BP","address":"Rua General Alves Roçadas, EN8 (rotunda)","municipality":"Odivelas","district":"Lisboa","postalCode":"2675-286","fuels":{"gasoline95":1.999,"gasoline98Plus":2.199,"diesel":2.109,"dieselPremium":2.229},"lastUpdated":"2026-08-09 23:00","extra":{"stationType":"Outro"},"services":["Cafetaria","Calibragem de pneus","Descanso de pesados","Lavagem","Loja de Conveniência","Multibanco","Venda de carburante de qualidade superior","Venda de gás doméstico em garrafas","WC para deficientes"],"hours":{"weekdays":"Aberto 24 horas","saturday":"Aberto 24 horas","sunday":"Aberto 24 horas","holiday":"Aberto 24 horas"},"paymentMethods":["Dinheiro"],"otherServices":null,"observations":"telefone"}},{"type":"Feature","geometry":{"type":"Point","coordinates":[-9.251323,38.941265]},"properties":{"id":"pt-75750","source":"PT","name":"SODIMALVEIRA - SUPERMERCADOS, LDA","brand":"INTERMARCHÉ","address":"Rua da Lagoa, 27 - Edifício Intermarché Malveira","municipality":"Mafra","district":"Lisboa","postalCode":"2665-279","fuels":{"gasoline95":1.859,"gasoline98":2.019,"diesel":1.949,"dieselPremium":1.989},"lastUpdated":"2026-08-03 10:20","extra":{"stationType":"Outro"},"services":["Lavagem","Venda de carburante de qualidade superior","Venda de gás doméstico em garrafas","WC para deficientes"],"hours":{"weekdays":"Aberto 24 horas","saturday":"Aberto 24 horas","sunday":"Aberto 24 horas","holiday":"Aberto 24 horas"},"paymentMethods":["Dinheiro","MbWay","Multibanco","Outros"],"otherServices":null,"observations":null}},{"type":"Feature","geometry":{"type":"Point","coordinates":[-9.11878,38.754986]},"properties":{"id":"pt-75942","source":"PT","name":"Lisboa -Chelas","brand":"MOEVE","address":"Avenida do Santo Condestável - Bairro dos Loios - Lisboa","municipality":"Lisboa","district":"Lisboa","postalCode":"1950-392","fuels":{"gasoline95":1.963,"gasoline95Plus":2.013,"diesel":2.069,"dieselPremium":2.119},"lastUpdated":"2026-08-10 00:00","extra":{"stationType":"Outro"},"services":["Cafetaria","Loja de Conveniência","Multibanco","WC"],"hours":null,"paymentMethods":["Dinheiro"],"otherServices":null,"observations":null}},{"type":"Feature","geometry":{"type":"Point","coordinates":[-8.971373,38.9984]},"properties":{"id":"pt-75943","source":"PT","name":"PA - MOEVE Castanheira do Ribatejo","brand":"MOEVE","address":"EN 1, ao km 28.750 ( Av. Combatentes da Grande Guerra)","municipality":"Vila Franca de Xira","district":"Lisboa","postalCode":"2600-661","fuels":{"gasoline95":1.863,"gasoline98Plus":2.075,"diesel":1.969,"dieselPremium":2.019},"lastUpdated":"2026-08-10 00:00","extra":{"stationType":"Outro"},"services":["Calibragem de pneus"],"hours":null,"paymentMethods":["Dinheiro"],"otherServices":null,"observations":null}},{"type":"Feature","geometry":{"type":"Point","coordinates":[-9.051529,38.879505]},"properties":{"id":"pt-76352","source":"PT","name":"PRIO Alverca","brand":"PRIO","address":"EN 10 Km 131+200, Freguesia Forte da Casa","municipality":"Vila Franca de Xira","district":"Lisboa","postalCode":"2625-445","fuels":{"gasoline95":1.924,"gasoline95Plus":1.869,"dieselPremium":1.929,"bioDiesel":1.899},"lastUpdated":"2026-08-10 01:15","extra":{"stationType":"Outro"},"services":["Cafetaria","Lavagem","Loja de Conveniência","Venda de gás doméstico em garrafas","WC","WC para deficientes"],"hours":{"weekdays":"07:00-23:00","saturday":"07:00-23:00","sunday":"07:00-23:00","holiday":"07:00-23:00"},"paymentMethods":["Dinheiro","MbWay","Multibanco","Outros"],"otherServices":null,"observations":null}},{"type":"Feature","geometry":{"type":"Point","coordinates":[-9.466559,38.823728]},"properties":{"id":"pt-76354","source":"PT","name":"E.S. PRAIA DAS MAÇÃS","brand":"REPSOL","address":"Av. Eugene Levi,29 - Praia das Maçãs","municipality":"Sintra","district":"Lisboa","postalCode":"2075-306","fuels":{"gasoline95":1.979,"gasoline95Plus":2.049,"diesel":2.084,"dieselPremium":2.154},"lastUpdated":"2026-08-10 00:00","extra":{"stationType":"Outro"},"services":["Multibanco","Venda de carburante de qualidade superior","Venda de gás doméstico em garrafas","WC"],"hours":{"weekdays":"07:00-23:00","saturday":"07:00-23:00","sunday":"07:00-23:00","holiday":"07:00-23:00"},"paymentMethods":["Dinheiro"],"otherServices":null,"observations":null}},{"type":"Feature","geometry":{"type":"Point","coordinates":[-9.37107,39.06445]},"properties":{"id":"pt-76690","source":"PT","name":"E.S. S. PEDRO DA CADEIRA","brand":"REPSOL","address":"E.N.-9 ao Km 53, 700- D","municipality":"Torres Vedras","district":"Lisboa","postalCode":"2560-200","fuels":{"gasoline95":1.929,"gasoline95Plus":1.989,"diesel":2.034,"dieselPremium":2.094,"dieselAgri":1.624},"lastUpdated":"2026-08-10 00:00","extra":{"stationType":"Outro"},"services":["Loja de Conveniência","Venda de carburante de qualidade superior","Venda de gás doméstico em garrafas","Venda de gasóleo agrícola","WC"],"hours":{"weekdays":"07:30-22:00","saturday":"07:30-22:00","sunday":"07:30-22:00","holiday":"07:30-22:00"},"paymentMethods":["Dinheiro"],"otherServices":null,"observations":null}},{"type":"Feature","geometry":{"type":"Point","coordinates":[-9.224667,38.708874]},"properties":{"id":"pt-76935","source":"PT","name":"REPSOL Algés","brand":"REPSOL","address":"Av Bombeiros Voluntários - Quartel Novo ","municipality":"Oeiras","district":"Lisboa","postalCode":"1495-023","fuels":{"gasoline95":1.979,"gasoline95Plus":2.049,"diesel":2.084,"dieselPremium":2.154},"lastUpdated":"2026-08-10 00:15","extra":{"stationType":"Outro"},"services":["Calibragem de pneus"],"hours":null,"paymentMethods":["Dinheiro"],"otherServices":null,"observations":null}},{"type":"Feature","geometry":{"type":"Point","coordinates":[-9.07591,38.85147]},"properties":{"id":"pt-77405","source":"PT","name":"INTERMARCHÉ SANTA IRIA DA AZÓIA ","brand":"INTERMARCHÉ","address":"Rua Afonso de Albuquerque","municipality":"Loures","district":"Lisboa","postalCode":"2690-340","fuels":{"gasoline95":1.939,"diesel":1.989,"dieselPremium":2.009},"lastUpdated":"2026-08-03 14:30","extra":{"stationType":"Outro"},"services":[],"hours":{"weekdays":"Aberto 24 horas","saturday":"Aberto 24 horas","sunday":"Aberto 24 horas","holiday":"Aberto 24 horas"},"paymentMethods":["Dinheiro","Multibanco"],"otherServices":null,"observations":null}},{"type":"Feature","geometry":{"type":"Point","coordinates":[-9.348942,38.77376]},"properties":{"id":"pt-78005","source":"PT","name":"ABRUNHEIRA (ALB/SIN)","brand":"CEPSA","address":"LUGAR DE ABRUNHEIRA, LOTE 6, FREGUESIA DE SÃO PEDRO DE PENAFERRIM","municipality":"Sintra","district":"Lisboa","postalCode":"2710-089","fuels":{"gasoline95":1.913,"gasoline95Plus":1.963,"gasoline98Plus":2.125,"diesel":2.019,"dieselPremium":2.069},"lastUpdated":"2026-08-10 00:00","extra":{"stationType":"Outro"},"services":["Loja de Conveniência","Multibanco","WC"],"hours":null,"paymentMethods":["Dinheiro"],"otherServices":null,"observations":null}},{"type":"Feature","geometry":{"type":"Point","coordinates":[-8.876479,39.06548]},"properties":{"id":"pt-78200","source":"PT","name":"OURO NEGRO - Azambuja - Sul","brand":"Genérico","address":"E.N. 3 - Km 10.250 - ANTIGO CAMPO DA FEIRA","municipality":"Azambuja","district":"Lisboa","postalCode":"2050-319","fuels":{"gasoline95":1.909,"gasoline98":2.009,"diesel":1.999,"dieselPremium":2.029},"lastUpdated":"2026-08-04 16:10","extra":{"stationType":"Outro"},"services":["Multibanco","Restaurante","WC"],"hours":{"weekdays":"06:00-22:00","saturday":"06:00-22:00","sunday":"06:00-22:00","holiday":"00:00-00:00"},"paymentMethods":["Dinheiro"],"otherServices":null,"observations":null}},{"type":"Feature","geometry":{"type":"Point","coordinates":[-8.876442,39.065964]},"properties":{"id":"pt-78207","source":"PT","name":"OURO NEGRO - Azambuja_Norte","brand":"Genérico","address":"E.N. 3 - Km 10.250 ANTIGO CAMPO DA FEIRA","municipality":"Azambuja","district":"Lisboa","postalCode":"2050-319","fuels":{"gasoline95":1.909,"gasoline98":2.009,"diesel":1.999,"dieselPremium":2.029,"dieselAgri":1.605,"lpg":0.969},"lastUpdated":"2026-08-04 16:10","extra":{"stationType":"Outro"},"services":["Cafetaria","Loja de Conveniência","Multibanco","WC"],"hours":{"weekdays":"06:00-00:00","saturday":"06:00-00:00","sunday":"06:00-00:00","holiday":"00:00-00:00"},"paymentMethods":["Dinheiro"],"otherServices":null,"observations":null}},{"type":"Feature","geometry":{"type":"Point","coordinates":[-9.095701,39.23259]},"properties":{"id":"pt-78338","source":"PT","name":"P.A. COOPVAL","brand":"GALP","address":"ESTRADA NACIONAL 115, KM 26","municipality":"Cadaval","district":"Lisboa","postalCode":"2550-108","fuels":{"gasoline95":1.99,"gasoline95Plus":2.01,"diesel":2.088,"dieselPremium":2.108,"dieselAgri":1.665},"lastUpdated":"2026-08-03 09:55","extra":{"stationType":"Outro"},"services":["Cafetaria","Lavagem","Venda de gás doméstico em garrafas","Venda de gasóleo agrícola"],"hours":{"weekdays":"07:00-23:00","saturday":"09:00-23:00","sunday":"Fechado","holiday":"Fechado"},"paymentMethods":["Dinheiro","Multibanco"],"otherServices":null,"observations":null}},{"type":"Feature","geometry":{"type":"Point","coordinates":[-9.341431,38.740944]},"properties":{"id":"pt-78405","source":"PT","name":"PRIO Trajouce","brand":"PRIO","address":"Cruzamento da Rua Florêncio Freire, 44, com EN 249-4, Km 5,0","municipality":"Cascais","district":"Lisboa","postalCode":"2785-663","fuels":{"gasoline95":1.924,"gasoline95Plus":1.869,"dieselPremium":1.949,"bioDiesel":1.919},"lastUpdated":"2026-08-10 01:15","extra":{"stationType":"Outro"},"services":["Cafetaria","Loja de Conveniência","Venda de gás doméstico em garrafas","WC","WC para deficientes"],"hours":{"weekdays":"07:00-23:00","saturday":"07:00-23:00","sunday":"07:00-23:00","holiday":"07:00-23:00"},"paymentMethods":["Dinheiro","MbWay","Multibanco","Outros"],"otherServices":null,"observations":null}},{"type":"Feature","geometry":{"type":"Point","coordinates":[-9.174685,38.753811]},"properties":{"id":"pt-78630","source":"PT","name":"GASNUNOS,LDA","brand":"GALP","address":"Estrada da Luz","municipality":"Lisboa","district":"Lisboa","postalCode":"1600-000","fuels":{"gasoline95":2.079,"gasoline95Plus":2.129,"diesel":2.169,"dieselPremium":2.219},"lastUpdated":"2026-08-07 17:35","extra":{"stationType":"Outro"},"services":["Venda de carburante de qualidade superior","Venda de gás doméstico em garrafas"],"hours":{"weekdays":"Aberto 24 horas","saturday":"Aberto 24 horas","sunday":"Aberto 24 horas","holiday":"Aberto 24 horas"},"paymentMethods":["Dinheiro"],"otherServices":null,"observations":null}},{"type":"Feature","geometry":{"type":"Point","coordinates":[-9.33227,38.9516]},"properties":{"id":"pt-78668","source":"PT","name":"COPREL","brand":"GALP","address":"RUA FRANCISCO AUGUSTO LEITE, 4A DA PERRA","municipality":"Mafra","district":"Lisboa","postalCode":"2640-410","fuels":{"lpg":0.859},"lastUpdated":"2026-08-03 10:20","extra":{"stationType":"Outro"},"services":["Venda de gás doméstico em garrafas"],"hours":{"weekdays":"09:00-19:00","saturday":"09:00-13:00","sunday":"Fechado","holiday":"Fechado"},"paymentMethods":["Dinheiro","MbWay","Multibanco"],"otherServices":null,"observations":null}},{"type":"Feature","geometry":{"type":"Point","coordinates":[-9.350237,38.773853]},"properties":{"id":"pt-79005","source":"PT","name":"ABRUNHEIRA (SIN/ALB)","brand":"CEPSA","address":"LUGAR DE ABRUNHEIRA, LOTE 13, FREGUESIA DE SÃO PEDRO DE PENAFERRIM","municipality":"Sintra","district":"Lisboa","postalCode":"2710-089","fuels":{"gasoline95":1.913,"gasoline95Plus":1.963,"diesel":2.019,"dieselPremium":2.069},"lastUpdated":"2026-08-10 00:00","extra":{"stationType":"Outro"},"services":["Loja de Conveniência","Multibanco","WC"],"hours":{"weekdays":"07:00-23:00","saturday":"07:00-23:00","sunday":"07:00-23:00","holiday":"00:00-00:00"},"paymentMethods":["Dinheiro"],"otherServices":null,"observations":null}},{"type":"Feature","geometry":{"type":"Point","coordinates":[-9.222231,38.742642]},"properties":{"id":"pt-79461","source":"PT","name":"PRIO  Damaia","brand":"PRIO","address":"Av. Carlos Cumbre Tavares","municipality":"Amadora","district":"Lisboa","postalCode":"2720-505","fuels":{"gasoline95":1.924,"gasoline95Plus":1.889,"dieselPremium":1.989,"bioDiesel":1.959},"lastUpdated":"2026-08-10 01:15","extra":{"stationType":"Outro"},"services":["Cafetaria","Lavagem","Loja de Conveniência","Multibanco","Venda de gás doméstico em garrafas","WC","WC para deficientes"],"hours":{"weekdays":"07:00-23:00","saturday":"07:00-23:00","sunday":"07:00-23:00","holiday":"07:00-23:00"},"paymentMethods":["Dinheiro","MbWay","Multibanco","Outros"],"otherServices":null,"observations":null}},{"type":"Feature","geometry":{"type":"Point","coordinates":[-9.27852,38.76769]},"properties":{"id":"pt-79639","source":"PT","name":"Intermarché de Massamá","brand":"INTERMARCHÉ","address":"Av. Salgueiro Maia Lote 189 ","municipality":"Sintra","district":"Lisboa","postalCode":"2605-229","fuels":{"gasoline95":1.969,"gasoline98":2.109,"diesel":2.029,"dieselPremium":2.059},"lastUpdated":"2026-08-03 11:30","extra":{"stationType":"Outro"},"services":["Multibanco","Venda de gás doméstico em garrafas","WC"],"hours":{"weekdays":"Aberto 24 horas","saturday":"Aberto 24 horas","sunday":"Aberto 24 horas","holiday":"Aberto 24 horas"},"paymentMethods":["Dinheiro"],"otherServices":null,"observations":null}},{"type":"Feature","geometry":{"type":"Point","coordinates":[-8.98038,38.97552]},"properties":{"id":"pt-80002","source":"PT","name":"RECHEIO VILA FRANCA","brand":"RECHEIO","address":"QUINTA DO CABO,OLIVAL DOS  POCILGOS","municipality":"Vila Franca de Xira","district":"Lisboa","postalCode":"2600-277","fuels":{"gasoline95":1.949,"gasoline98":2.089,"diesel":1.979},"lastUpdated":"2026-08-04 06:00","extra":{"stationType":"Outro"},"services":[],"hours":{"weekdays":"07:00-19:00","saturday":"07:00-13:00","sunday":"Fechado","holiday":"Fechado"},"paymentMethods":["Dinheiro"],"otherServices":null,"observations":null}},{"type":"Feature","geometry":{"type":"Point","coordinates":[-9.16869,38.80744]},"properties":{"id":"pt-80310","source":"PT","name":"Prio - Sto. António dos Cavaleiros","brand":"PRIO","address":"Rua José Malhoa,1- Paradela","municipality":"Loures","district":"Lisboa","postalCode":"2660-699","fuels":{"gasoline95":1.919,"gasoline95Plus":1.919,"diesel":2.009,"dieselPremium":2.009,"lpg":0.889},"lastUpdated":"2026-08-03 14:45","extra":{"stationType":"Outro"},"services":["WC"],"hours":{"weekdays":"Aberto 24 horas","saturday":"Aberto 24 horas","sunday":"Aberto 24 horas","holiday":"Aberto 24 horas"},"paymentMethods":["Dinheiro"],"otherServices":null,"observations":"Entre as 23:00Horas e as 07:00Horas o serviço funciona exclusivamente através de sistema automático. "}},{"type":"Feature","geometry":{"type":"Point","coordinates":[-9.214423,38.79005]},"properties":{"id":"pt-80610","source":"PT","name":"PRIO  Famões","brand":"PRIO","address":"Quinta do Cebolim","municipality":"Odivelas","district":"Lisboa","postalCode":"1685-256","fuels":{"gasoline95":1.924,"gasoline95Plus":1.819,"dieselPremium":1.959,"bioDiesel":1.929},"lastUpdated":"2026-08-10 01:15","extra":{"stationType":"Outro"},"services":["Cafetaria","Lavagem","Venda de gás doméstico em garrafas","WC","WC para deficientes"],"hours":{"weekdays":"Aberto 24 horas","saturday":"Aberto 24 horas","sunday":"Aberto 24 horas","holiday":"Aberto 24 horas"},"paymentMethods":["Dinheiro","MbWay","Multibanco","Outros"],"otherServices":null,"observations":null}},{"type":"Feature","geometry":{"type":"Point","coordinates":[-9.12433,38.78936]},"properties":{"id":"pt-80870","source":"PT","name":"Posto Abastecimento BP Prior Velho","brand":"BP","address":"Av. Severiano Falcao","municipality":"Loures","district":"Lisboa","postalCode":"2685-378","fuels":{"gasoline95":1.999,"gasoline98Plus":2.199,"diesel":2.109,"dieselPremium":2.229},"lastUpdated":"2026-08-10 00:00","extra":{"stationType":"Outro"},"services":["Multibanco","Venda de gás doméstico em garrafas","WC"],"hours":{"weekdays":"Aberto 24 horas","saturday":"Aberto 24 horas","sunday":"Aberto 24 horas","holiday":"Aberto 24 horas"},"paymentMethods":["Dinheiro"],"otherServices":null,"observations":null}},{"type":"Feature","geometry":{"type":"Point","coordinates":[-9.19697,38.79903]},"properties":{"id":"pt-81712","source":"PT","name":"PRIO  Arroja","brand":"PRIO","address":"Av. Acácias/R. Sara Afonso, Lote 10","municipality":"Odivelas","district":"Lisboa","postalCode":"1685-655","fuels":{"gasoline95":1.924,"gasoline95Plus":1.839,"dieselPremium":1.979,"bioDiesel":1.949,"lpg":0.879},"lastUpdated":"2026-08-10 01:15","extra":{"stationType":"Outro"},"services":["Cafetaria","Lavagem","Loja de Conveniência","Venda de gás doméstico em garrafas","WC","WC para deficientes"],"hours":{"weekdays":"07:00-23:00","saturday":"07:00-23:00","sunday":"07:00-23:00","holiday":"07:00-23:00"},"paymentMethods":["Dinheiro","MbWay","Multibanco","Outros"],"otherServices":null,"observations":null}},{"type":"Feature","geometry":{"type":"Point","coordinates":[-9.27594,38.99703]},"properties":{"id":"pt-82365","source":"PT","name":"Adega Cooperativa de Azueira, CRL","brand":"GALP","address":"E.N. 8, km 14, nº1 - Carrascal","municipality":"Mafra","district":"Lisboa","postalCode":"2665-009","fuels":{"diesel":2.02,"dieselAgri":1.57},"lastUpdated":"2026-08-03 17:35","extra":{"stationType":"Outro"},"services":["Multibanco","Venda de gasóleo agrícola"],"hours":{"weekdays":"09:00-18:00","saturday":"09:00-13:00","sunday":"Fechado","holiday":"Fechado"},"paymentMethods":["Dinheiro"],"otherServices":null,"observations":null}},{"type":"Feature","geometry":{"type":"Point","coordinates":[-8.9711,39.00072]},"properties":{"id":"pt-83781","source":"PT","name":"PRIO Castanheira do  Ribatejo","brand":"PRIO","address":"Estrada Nacional 1 - km 29,000 / Rua do Carril (Quinta da Barroca)","municipality":"Vila Franca de Xira","district":"Lisboa","postalCode":"2600-660","fuels":{"gasoline95":1.924,"gasoline95Plus":1.849,"dieselPremium":1.924,"bioDiesel":1.894},"lastUpdated":"2026-08-10 01:15","extra":{"stationType":"Outro"},"services":["Cafetaria","Loja de Conveniência","Venda de gás doméstico em garrafas","WC","WC para deficientes"],"hours":{"weekdays":"07:00-23:00","saturday":"07:00-23:00","sunday":"07:00-23:00","holiday":"07:00-23:00"},"paymentMethods":["Dinheiro","MbWay","Multibanco","Outros"],"otherServices":null,"observations":null}},{"type":"Feature","geometry":{"type":"Point","coordinates":[-8.979027,39.03375]},"properties":{"id":"pt-83863","source":"PT","name":"Posto GNV Dourogás - Carregado","brand":"DOUROGAS NATURAL","address":"Caminho Municipal nº1132, Quinta da Mendanha","municipality":"Alenquer","district":"Lisboa","postalCode":"2580-588","fuels":{"cngm3":3.016,"lng":3.279},"lastUpdated":"2026-08-07 12:00","extra":{"stationType":"Outro"},"services":["Calibragem de pneus"],"hours":null,"paymentMethods":["Dinheiro"],"otherServices":null,"observations":null}},{"type":"Feature","geometry":{"type":"Point","coordinates":[-9.168613,38.80753]},"properties":{"id":"pt-84017","source":"PT","name":"Posto GNV Dourogás - Santo António dos Cavaleiros","brand":"DOUROGAS NATURAL","address":"Rua José Malhoa, Lote 16 Casal do Monte 2660-699 Stº António dos Cavaleiros","municipality":"Loures","district":"Lisboa","postalCode":"2660-699","fuels":{"cngm3":3.016},"lastUpdated":"2026-08-07 12:00","extra":{"stationType":"Outro"},"services":["Calibragem de pneus"],"hours":null,"paymentMethods":["Dinheiro"],"otherServices":null,"observations":null}},{"type":"Feature","geometry":{"type":"Point","coordinates":[-9.3177,39.25376]},"properties":{"id":"pt-84367","source":"PT","name":"E.S. LOURINHA II","brand":"REPSOL","address":"Quinta Maria Gil - Seixal","municipality":"Lourinhã","district":"Lisboa","postalCode":"2530-249","fuels":{"gasoline95":1.919,"diesel":2.024,"dieselAgri":1.624},"lastUpdated":"2026-08-10 00:00","extra":{"stationType":"Outro"},"services":["Cafetaria","Venda de carburante de qualidade superior","Venda de gás doméstico em garrafas","Venda de gasóleo agrícola","WC"],"hours":{"weekdays":"07:00-20:00","saturday":"07:00-20:00","sunday":"07:00-20:00","holiday":"07:00-20:00"},"paymentMethods":["Dinheiro"],"otherServices":null,"observations":"Venda de Produtos para Agricultura, Pecuária, Pet-Care, Jardim, Bricolage e Casa\r\n"}},{"type":"Feature","geometry":{"type":"Point","coordinates":[-9.345505,38.778625]},"properties":{"id":"pt-84656","source":"PT","name":"AUCHAN Sintra","brand":"AUCHAN","address":"Rua francisco lyon de castro","municipality":"Sintra","district":"Lisboa","postalCode":"2710-116","fuels":{"gasoline95":1.929,"diesel":1.999,"dieselPremium":2.049,"lpg":0.869},"lastUpdated":"2026-08-04 10:55","extra":{"stationType":"Outro"},"services":["Calibragem de pneus"],"hours":{"weekdays":"Aberto 24 horas","saturday":"Aberto 24 horas","sunday":"Aberto 24 horas","holiday":"Aberto 24 horas"},"paymentMethods":["Dinheiro"],"otherServices":null,"observations":null}},{"type":"Feature","geometry":{"type":"Point","coordinates":[-9.216102,38.77347]},"properties":{"id":"pt-86179","source":"PT","name":"AUCHAN Amadora (UBBO)","brand":"AUCHAN","address":"Av Lima de Freitas Parcela A","municipality":"Amadora","district":"Lisboa","postalCode":"2650-501","fuels":{"gasoline95":1.899,"diesel":1.999,"dieselPremium":2.019,"lpg":0.879},"lastUpdated":"2026-08-04 08:55","extra":{"stationType":"Outro"},"services":["Calibragem de pneus"],"hours":{"weekdays":"Aberto 24 horas","saturday":"Aberto 24 horas","sunday":"Aberto 24 horas","holiday":"Aberto 24 horas"},"paymentMethods":["Dinheiro"],"otherServices":null,"observations":null}},{"type":"Feature","geometry":{"type":"Point","coordinates":[-9.10864097,38.74944171]},"properties":{"id":"pt-86269","source":"PT","name":"Posto  BP Bela Vista","brand":"BP","address":"Av Marechal Antonio Spinola","municipality":"Lisboa","district":"Lisboa","postalCode":"1950-380","fuels":{"gasoline95":1.999,"gasoline98Plus":2.299,"diesel":2.109,"dieselPremium":2.229,"lpg":0.949},"lastUpdated":"2026-08-10 00:00","extra":{"stationType":"Outro"},"services":[],"hours":{"weekdays":"Aberto 24 horas","saturday":"Aberto 24 horas","sunday":"Aberto 24 horas","holiday":"Aberto 24 horas"},"paymentMethods":["Dinheiro"],"otherServices":null,"observations":null}},{"type":"Feature","geometry":{"type":"Point","coordinates":[-9.35839,38.82315]},"properties":{"id":"pt-86721","source":"PT","name":"BP Lourel Este","brand":"BP","address":"E.N. 9 KM 16.7 RAL\nSanta Maria - Posto BP Este","municipality":"Sintra","district":"Lisboa","postalCode":"2710-039","fuels":{"gasoline95":1.979,"gasoline98Plus":2.219,"diesel":2.089,"dieselPremium":2.249},"lastUpdated":"2026-08-10 00:00","extra":{"stationType":"Outro"},"services":[],"hours":{"weekdays":"Aberto 24 horas","saturday":"Aberto 24 horas","sunday":"Aberto 24 horas","holiday":"Aberto 24 horas"},"paymentMethods":["Dinheiro"],"otherServices":null,"observations":null}},{"type":"Feature","geometry":{"type":"Point","coordinates":[-9.358722,38.824036]},"properties":{"id":"pt-86722","source":"PT","name":"BP Lourel Oeste","brand":"BP","address":"E.N. 9 KM 16.7 RAL\nSanta Maria - Posto BP Oeste","municipality":"Sintra","district":"Lisboa","postalCode":"2710-039","fuels":{"gasoline95":1.979,"gasoline98Plus":2.219,"diesel":2.089,"dieselPremium":2.249},"lastUpdated":"2026-08-10 00:00","extra":{"stationType":"Outro"},"services":[],"hours":{"weekdays":"06:00-23:00","saturday":"06:00-23:00","sunday":"06:00-23:00","holiday":"06:00-23:00"},"paymentMethods":["Dinheiro"],"otherServices":null,"observations":null}},{"type":"Feature","geometry":{"type":"Point","coordinates":[-9.35789,38.7928]},"properties":{"id":"pt-86962","source":"PT","name":"PRIO A16 - SINTRA (nascente)","brand":"PRIO","address":"A16, km 9,500 – Sintra (lanço Ranholas/Lourel)","municipality":"Sintra","district":"Lisboa","postalCode":"2710-000","fuels":{"gasoline95":1.929,"gasoline95Plus":1.899,"dieselPremium":1.999,"dieselAgri":1.564,"bioDiesel":1.969},"lastUpdated":"2026-08-10 01:15","extra":{"stationType":"Auto-estrada"},"services":["Cafetaria","Descanso de pesados","Loja de Conveniência","Venda de gás doméstico em garrafas","WC","WC para deficientes"],"hours":{"weekdays":"Aberto 24 horas","saturday":"Aberto 24 horas","sunday":"Aberto 24 horas","holiday":"Aberto 24 horas"},"paymentMethods":["Dinheiro"],"otherServices":null,"observations":null}},{"type":"Feature","geometry":{"type":"Point","coordinates":[-9.35923,38.79298]},"properties":{"id":"pt-86964","source":"PT","name":"PRIO A16 - Sintra - Ranholas (poente)","brand":"PRIO","address":"A16 Lanço Lourel (IC16) / Ranholas (IC19) km 9,500 Lado Poente","municipality":"Sintra","district":"Lisboa","postalCode":"2710-738","fuels":{"gasoline95":1.929,"gasoline95Plus":1.899,"dieselPremium":1.999,"bioDiesel":1.969,"lpg":0.889},"lastUpdated":"2026-08-10 01:15","extra":{"stationType":"Auto-estrada"},"services":["Cafetaria","Descanso de pesados","Loja de Conveniência","Venda de gás doméstico em garrafas","WC","WC para deficientes"],"hours":{"weekdays":"Aberto 24 horas","saturday":"Aberto 24 horas","sunday":"Aberto 24 horas","holiday":"Aberto 24 horas"},"paymentMethods":["Dinheiro","MbWay","Multibanco","Outros"],"otherServices":null,"observations":null}},{"type":"Feature","geometry":{"type":"Point","coordinates":[-9.09955,38.86376]},"properties":{"id":"pt-87129","source":"PT","name":"Intermarché Vialonga","brand":"INTERMARCHÉ","address":"Urb. Terras Compridas, Lote 8\nEstrada da Várzea","municipality":"Vila Franca de Xira","district":"Lisboa","postalCode":"2625-716","fuels":{"gasoline95":1.939,"gasoline98":2.079,"diesel":1.999,"dieselPremium":2.029,"lpg":0.889},"lastUpdated":"2026-08-03 09:55","extra":{"stationType":"Outro"},"services":["Lavagem","Loja de Conveniência","WC","WC para deficientes"],"hours":{"weekdays":"Aberto 24 horas","saturday":"Aberto 24 horas","sunday":"Aberto 24 horas","holiday":"Aberto 24 horas"},"paymentMethods":["Dinheiro"],"otherServices":null,"observations":null}},{"type":"Feature","geometry":{"type":"Point","coordinates":[-9.15719,38.80804]},"properties":{"id":"pt-87314","source":"PT","name":"BP Flamenga","brand":"BP","address":"R. Almirante Gago Coutinho, Flamenga","municipality":"Loures","district":"Lisboa","postalCode":"2660-038","fuels":{"gasoline95":2.099,"gasoline98Plus":2.299,"diesel":2.199,"dieselPremium":2.319},"lastUpdated":"2026-08-03 09:00","extra":{"stationType":"Outro"},"services":["Cafetaria","Multibanco","Venda de gás doméstico em garrafas","WC","WC com fraldário","WC para deficientes"],"hours":{"weekdays":"Aberto 24 horas","saturday":"Aberto 24 horas","sunday":"Aberto 24 horas","holiday":"Aberto 24 horas"},"paymentMethods":["Dinheiro"],"otherServices":null,"observations":"Cafetatia"}},{"type":"Feature","geometry":{"type":"Point","coordinates":[-9.40785,38.96593]},"properties":{"id":"pt-87398","source":"PT","name":"INTERMARCHÉ Ericeira","brand":"INTERMARCHÉ","address":"Estrada Nacional 116, Km 1, Edifício INTERMARCHÉ","municipality":"Mafra","district":"Lisboa","postalCode":"2655-139","fuels":{"gasoline95":1.859,"gasoline98":2.019,"diesel":1.949,"dieselPremium":1.989,"lpg":0.869},"lastUpdated":"2026-08-03 09:30","extra":{"stationType":"Outro"},"services":["Lavagem","Loja de Conveniência","Multibanco","WC","WC para deficientes"],"hours":{"weekdays":"Aberto 24 horas","saturday":"Aberto 24 horas","sunday":"Aberto 24 horas","holiday":"Aberto 24 horas"},"paymentMethods":["Dinheiro"],"otherServices":null,"observations":null}},{"type":"Feature","geometry":{"type":"Point","coordinates":[-9.1470678,38.7880851]},"properties":{"id":"pt-87694","source":"PT","name":"PRIO Alta de Lisboa","brand":"PRIO","address":"Estrada Forte da Ameixoeira, Lote 29.1, Urbanização Alto do Lumiar\t\t\t\t\t\t\t","municipality":"Lisboa","district":"Lisboa","postalCode":"1750-114","fuels":{"gasoline95":1.929,"gasoline95Plus":1.899,"dieselPremium":1.999,"bioDiesel":1.969,"lpg":0.889},"lastUpdated":"2026-08-10 01:15","extra":{"stationType":"Outro"},"services":["Cafetaria","Loja de Conveniência","Multibanco","Venda de gás doméstico em garrafas","WC","WC para deficientes"],"hours":{"weekdays":"Aberto 24 horas","saturday":"Aberto 24 horas","sunday":"Aberto 24 horas","holiday":"Aberto 24 horas"},"paymentMethods":["Dinheiro","MbWay","Multibanco","Outros"],"otherServices":null,"observations":null}},{"type":"Feature","geometry":{"type":"Point","coordinates":[-9.1135722,38.8604472]},"properties":{"id":"pt-87976","source":"PT","name":"PRIO Vialonga","brand":"PRIO","address":"R 1º de Maio, Junqueira, Vialonga","municipality":"Vila Franca de Xira","district":"Lisboa","postalCode":"2625-717","fuels":{"gasoline95":1.924,"gasoline95Plus":1.859,"dieselPremium":1.964,"bioDiesel":1.934,"lpg":0.879},"lastUpdated":"2026-08-10 01:15","extra":{"stationType":"Outro"},"services":["Cafetaria","Lavagem","Loja de Conveniência","Multibanco","Venda de gás doméstico em garrafas","WC","WC para deficientes"],"hours":{"weekdays":"07:00-23:00","saturday":"07:00-23:00","sunday":"07:00-23:00","holiday":"07:00-23:00"},"paymentMethods":["Dinheiro","MbWay","Multibanco","Outros"],"otherServices":null,"observations":null}},{"type":"Feature","geometry":{"type":"Point","coordinates":[-8.8609,39.07408]},"properties":{"id":"pt-88032","source":"PT","name":"Intermarché Azambuja","brand":"INTERMARCHÉ","address":"Rua da EPAC, n.º 1","municipality":"Azambuja","district":"Lisboa","postalCode":"2050-260","fuels":{"gasoline95":1.909,"gasoline98":2.009,"diesel":1.999,"dieselPremium":2.039},"lastUpdated":"2026-08-03 21:00","extra":{"stationType":"Outro"},"services":["Cafetaria","Lavagem","Multibanco","WC"],"hours":{"weekdays":"Aberto 24 horas","saturday":"Aberto 24 horas","sunday":"Aberto 24 horas","holiday":"Aberto 24 horas"},"paymentMethods":["Dinheiro","Multibanco"],"otherServices":null,"observations":null}},{"type":"Feature","geometry":{"type":"Point","coordinates":[-9.38177,38.79963]},"properties":{"id":"pt-88424","source":"PT","name":"BP SINTRA MIRADOURO","brand":"BP","address":"Av. D. Francisco de Almeida, 47","municipality":"Sintra","district":"Lisboa","postalCode":"2710-562","fuels":{"gasoline95":1.959,"gasoline98Plus":2.199,"diesel":2.069,"dieselPremium":2.229},"lastUpdated":"2026-08-10 00:00","extra":{"stationType":"Outro"},"services":["Loja de Conveniência","Venda de gás doméstico em garrafas","WC"],"hours":{"weekdays":"07:00-23:00","saturday":"07:00-23:00","sunday":"07:00-23:00","holiday":"07:00-23:00"},"paymentMethods":["Dinheiro"],"otherServices":null,"observations":null}},{"type":"Feature","geometry":{"type":"Point","coordinates":[-9.34738,38.95843]},"properties":{"id":"pt-88867","source":"PT","name":"BP MAFRA CIRCULAR","brand":"BP","address":"EN 116, Km 7\nLugar Casal Mourão, Posto BP","municipality":"Mafra","district":"Lisboa","postalCode":"2640-410","fuels":{"gasoline95":1.989,"gasoline98Plus":2.219,"diesel":2.099,"dieselPremium":2.249},"lastUpdated":"2026-08-10 00:00","extra":{"stationType":"Outro"},"services":[],"hours":{"weekdays":"Aberto 24 horas","saturday":"Aberto 24 horas","sunday":"Aberto 24 horas","holiday":"Aberto 24 horas"},"paymentMethods":["Dinheiro"],"otherServices":null,"observations":null}},{"type":"Feature","geometry":{"type":"Point","coordinates":[-9.38309,38.75771]},"properties":{"id":"pt-89613","source":"PT","name":"BP Sintra - Linhó","brand":"BP","address":"Av. Pedro Álvares Cabral","municipality":"Sintra","district":"Lisboa","postalCode":"2710-144","fuels":{"gasoline95":1.959,"gasoline98Plus":2.199,"diesel":2.069,"dieselPremium":2.229,"dieselAgri":1.639},"lastUpdated":"2026-08-10 00:00","extra":{"stationType":"Outro"},"services":[],"hours":{"weekdays":"07:00-23:00","saturday":"07:00-23:00","sunday":"07:00-23:00","holiday":"07:00-23:00"},"paymentMethods":["Dinheiro"],"otherServices":null,"observations":null}},{"type":"Feature","geometry":{"type":"Point","coordinates":[-8.968787,39.000893]},"properties":{"id":"pt-89840","source":"PT","name":"PRIO Castanheira Truck ","brand":"PRIO","address":"Rua do Carril","municipality":"Vila Franca de Xira","district":"Lisboa","postalCode":"2600-622","fuels":{"dieselPremium":1.994,"dieselAgri":1.564,"bioDiesel":1.964},"lastUpdated":"2026-08-10 01:15","extra":{"stationType":"Outro"},"services":["Venda de carburante de qualidade superior","Venda de gasóleo agrícola","WC","WC para deficientes"],"hours":{"weekdays":"Aberto 24 horas","saturday":"Aberto 24 horas","sunday":"Aberto 24 horas","holiday":"Aberto 24 horas"},"paymentMethods":["MbWay","Multibanco","Outros"],"otherServices":null,"observations":null}},{"type":"Feature","geometry":{"type":"Point","coordinates":[-9.101732,38.824146]},"properties":{"id":"pt-90618","source":"PT","name":"Prio - S. João da talha","brand":"PRIO","address":"Rua Alfredo Vitorino Costa","municipality":"Loures","district":"Lisboa","postalCode":"2695-771","fuels":{"gasoline95":1.929,"gasoline95Plus":1.929,"diesel":2.014,"dieselPremium":2.014},"lastUpdated":"2026-08-03 09:30","extra":{"stationType":"Outro"},"services":["Calibragem de pneus"],"hours":{"weekdays":"Aberto 24 horas","saturday":"Aberto 24 horas","sunday":"Aberto 24 horas","holiday":"Aberto 24 horas"},"paymentMethods":["Dinheiro"],"otherServices":null,"observations":"Entre as 22h00 e as 07h00 o serviço funciona exclusivamente em sistema automático."}},{"type":"Feature","geometry":{"type":"Point","coordinates":[-9.42518,38.72402]},"properties":{"id":"pt-90739","source":"PT","name":"PRIO Alvide","brand":"PRIO","address":"Estrada das Tojas, nº 715","municipality":"Cascais","district":"Lisboa","postalCode":"2755-010","fuels":{"gasoline95":1.924,"gasoline95Plus":1.879,"dieselPremium":2.004,"bioDiesel":1.974},"lastUpdated":"2026-08-10 01:15","extra":{"stationType":"Outro"},"services":["Cafetaria","Loja de Conveniência","Venda de carburante de qualidade superior","Venda de gás doméstico em garrafas","WC"],"hours":{"weekdays":"07:00-23:00","saturday":"07:00-23:00","sunday":"07:00-23:00","holiday":"07:00-23:00"},"paymentMethods":["Dinheiro","MbWay","Multibanco","Outros"],"otherServices":null,"observations":null}},{"type":"Feature","geometry":{"type":"Point","coordinates":[-9.110679,39.092332]},"properties":{"id":"pt-90873","source":"PT","name":"Cooperativa Agrícola Sobral Monte Agraço Posto Merceana","brand":"GALP","address":"EN 9, Km 83.000","municipality":"Alenquer","district":"Lisboa","postalCode":"2580-087","fuels":{"gasoline95":1.969,"diesel":2.069,"dieselPremium":2.089,"dieselAgri":1.629},"lastUpdated":"2026-08-03 10:45","extra":{"stationType":"Outro"},"services":[],"hours":{"weekdays":"07:30-21:00","saturday":"07:30-21:00","sunday":"07:30-21:00","holiday":"07:30-21:00"},"paymentMethods":["Dinheiro"],"otherServices":null,"observations":null}},{"type":"Feature","geometry":{"type":"Point","coordinates":[-9.321895,39.177069]},"properties":{"id":"pt-91001","source":"PT","name":"ES VIMEIRO","brand":"REPSOL","address":"R. 21 Agosto, n.º 1","municipality":"Lourinhã","district":"Lisboa","postalCode":"2530-814","fuels":{"gasoline95":1.929,"gasoline95Plus":1.989,"diesel":2.034,"dieselPremium":2.094,"dieselAgri":1.639},"lastUpdated":"2026-08-10 00:00","extra":{"stationType":"Outro"},"services":["Venda de carburante de qualidade superior"],"hours":{"weekdays":"07:00-20:30","saturday":"07:00-20:30","sunday":"07:00-20:30","holiday":"07:00-20:30"},"paymentMethods":["Dinheiro"],"otherServices":null,"observations":null}},{"type":"Feature","geometry":{"type":"Point","coordinates":[-9.103216,38.791079]},"properties":{"id":"pt-91017","source":"PT","name":"Intersacavem Supermercados Lda","brand":"INTERMARCHÉ","address":"R. Cidade Goa, 22- 22A","municipality":"Loures","district":"Lisboa","postalCode":"2685-038","fuels":{"gasoline95":1.899,"gasoline95Plus":1.929,"diesel":1.999,"dieselPremium":2.029},"lastUpdated":"2026-08-06 08:10","extra":{"stationType":"Outro"},"services":[],"hours":{"weekdays":"Aberto 24 horas","saturday":"Aberto 24 horas","sunday":"Aberto 24 horas","holiday":"Aberto 24 horas"},"paymentMethods":["Dinheiro"],"otherServices":null,"observations":null}},{"type":"Feature","geometry":{"type":"Point","coordinates":[-8.90505,39.05592]},"properties":{"id":"pt-91018","source":"PT","name":"BP - JM - Azambuja","brand":"BP","address":"EN 3, Km 7,2","municipality":"Azambuja","district":"Lisboa","postalCode":"2050-306","fuels":{"diesel":2.199,"dieselAgri":1.744},"lastUpdated":"2026-08-03 10:05","extra":{"stationType":"Outro"},"services":[],"hours":{"weekdays":"08:00-17:00","saturday":"08:00-17:00","sunday":"Fechado","holiday":"Fechado"},"paymentMethods":["Dinheiro"],"otherServices":null,"observations":null}},{"type":"Feature","geometry":{"type":"Point","coordinates":[-9.23032,38.919766]},"properties":{"id":"pt-91183","source":"PT","name":"BP Venda do Pinheiro","brand":"BP","address":"Av. 9 de Julho, 31\n","municipality":"Mafra","district":"Lisboa","postalCode":"2665-000","fuels":{"gasoline95":2.019,"gasoline98Plus":2.219,"diesel":2.129,"dieselPremium":2.249},"lastUpdated":"2026-08-10 00:00","extra":{"stationType":"Outro"},"services":[],"hours":{"weekdays":"Aberto 24 horas","saturday":"Aberto 24 horas","sunday":"Aberto 24 horas","holiday":"Aberto 24 horas"},"paymentMethods":["Dinheiro"],"otherServices":null,"observations":null}},{"type":"Feature","geometry":{"type":"Point","coordinates":[-9.203457,38.763621]},"properties":{"id":"pt-91340","source":"PT","name":"PRIO Alfornelos","brand":"PRIO","address":"Av. Ruy Luis Gomes","municipality":"Amadora","district":"Lisboa","postalCode":"2650-125","fuels":{"gasoline95":1.924,"gasoline95Plus":1.859,"dieselPremium":1.964,"bioDiesel":1.934},"lastUpdated":"2026-08-10 01:15","extra":{"stationType":"Outro"},"services":["Cafetaria","Loja de Conveniência","Multibanco","Venda de carburante de qualidade superior","Venda de gás doméstico em garrafas","WC","WC com fraldário","WC para deficientes"],"hours":{"weekdays":"07:00-23:00","saturday":"07:00-23:00","sunday":"07:00-23:00","holiday":"07:00-23:00"},"paymentMethods":["Dinheiro","MbWay","Multibanco","Outros"],"otherServices":null,"observations":null}},{"type":"Feature","geometry":{"type":"Point","coordinates":[-9.171378,38.83211]},"properties":{"id":"pt-92642","source":"PT","name":"Prio - Loures","brand":"PRIO","address":"Largo José Paulo Oliveira","municipality":"Loures","district":"Lisboa","postalCode":"2670-380","fuels":{"gasoline95":1.869,"gasoline95Plus":1.839,"dieselPremium":1.979,"bioDiesel":1.949},"lastUpdated":"2026-08-10 00:05","extra":{"stationType":"Outro"},"services":["Calibragem de pneus"],"hours":{"weekdays":"Aberto 24 horas","saturday":"Aberto 24 horas","sunday":"Aberto 24 horas","holiday":"Aberto 24 horas"},"paymentMethods":["Dinheiro"],"otherServices":null,"observations":"Entre as 22h00 e as 07h00 o serviço funciona exclusivamente através de sistema automático."}},{"type":"Feature","geometry":{"type":"Point","coordinates":[-9.31653,38.76568]},"properties":{"id":"pt-92711","source":"PT","name":"Prio - Cacém","brand":"PRIO","address":"Rua José Gomes Ferreira Lt 40","municipality":"Sintra","district":"Lisboa","postalCode":"2735-600","fuels":{"gasoline95":1.939,"gasoline95Plus":1.939,"diesel":2.024,"dieselPremium":2.024},"lastUpdated":"2026-08-03 09:30","extra":{"stationType":"Outro"},"services":["Calibragem de pneus"],"hours":{"weekdays":"Aberto 24 horas","saturday":"Aberto 24 horas","sunday":"Aberto 24 horas","holiday":"Aberto 24 horas"},"paymentMethods":["Dinheiro"],"otherServices":null,"observations":"Entre as 22h00 e as 07h00 o serviço funciona exclusivamente através de sistema automático."}},{"type":"Feature","geometry":{"type":"Point","coordinates":[-9.38046,38.73763]},"properties":{"id":"pt-92926","source":"PT","name":"Prio - Manique","brand":"PRIO","address":"Estrada de Manique, nº 247 ","municipality":"Cascais","district":"Lisboa","postalCode":"2645-556","fuels":{"gasoline95":1.939,"gasoline95Plus":1.939,"diesel":2.024,"dieselPremium":2.024},"lastUpdated":"2026-08-03 09:30","extra":{"stationType":"Outro"},"services":["Calibragem de pneus"],"hours":{"weekdays":"Aberto 24 horas","saturday":"Aberto 24 horas","sunday":"Aberto 24 horas","holiday":"Aberto 24 horas"},"paymentMethods":["Dinheiro"],"otherServices":null,"observations":"Entre as 22h00 e as 07h00 o serviço funciona exclusivamente através de sistema automático. "}},{"type":"Feature","geometry":{"type":"Point","coordinates":[-9.23388,39.12902]},"properties":{"id":"pt-92969","source":"PT","name":"AUTO JULIO - Ramalhal (Zona Ind. Ameal)","brand":"GALP","address":"Polígono Industrial do Alto do Ameal, Pavilhão B-3","municipality":"Torres Vedras","district":"Lisboa","postalCode":"2565-641","fuels":{"diesel":2.038,"dieselPremium":2.048},"lastUpdated":"2026-08-03 13:20","extra":{"stationType":"Outro"},"services":[],"hours":{"weekdays":"Aberto 24 horas","saturday":"Aberto 24 horas","sunday":"Aberto 24 horas","holiday":"Aberto 24 horas"},"paymentMethods":["Multibanco"],"otherServices":null,"observations":"Posto sem Operador"}},{"type":"Feature","geometry":{"type":"Point","coordinates":[-9.201833,38.93424]},"properties":{"id":"pt-92970","source":"PT","name":"Auto Julio - Povoa Galega","brand":"AUTO JULIO","address":"Estrada de Calvos, Nº2A","municipality":"Mafra","district":"Lisboa","postalCode":"2665-314","fuels":{"gasoline95":2.092,"gasoline95Plus":2.092,"diesel":2.016,"dieselPremium":2.016,"dieselAgri":1.525},"lastUpdated":"2026-08-10 00:45","extra":{"stationType":"Outro"},"services":["Cafetaria","WC"],"hours":null,"paymentMethods":["Dinheiro","MbWay","Multibanco"],"otherServices":null,"observations":null}},{"type":"Feature","geometry":{"type":"Point","coordinates":[-9.323811,38.915226]},"properties":{"id":"pt-92971","source":"PT","name":"AJ - Igreja Nova","brand":"AUTO JULIO","address":"estrada nacional, nº9","municipality":"Mafra","district":"Lisboa","postalCode":"2640-321","fuels":{"gasoline95":2.092,"gasoline95Plus":2.092,"diesel":2.016,"dieselPremium":2.016,"dieselAgri":1.525},"lastUpdated":"2026-08-10 00:40","extra":{"stationType":"Outro"},"services":["Cafetaria","Loja de Conveniência","Multibanco","WC"],"hours":null,"paymentMethods":["Dinheiro"],"otherServices":null,"observations":null}},{"type":"Feature","geometry":{"type":"Point","coordinates":[-9.118376,38.78184]},"properties":{"id":"pt-93007","source":"PT","name":"CEPSA Portela - Moscavide","brand":"CEPSA","address":"Avenida dos Ralis / Travessa da Bica","municipality":"Loures","district":"Lisboa","postalCode":"2685-231","fuels":{"gasoline95":1.893,"gasoline95Plus":1.943,"diesel":1.999,"dieselPremium":2.049},"lastUpdated":"2026-08-10 00:00","extra":{"stationType":"Outro"},"services":["Cafetaria","Loja de Conveniência","Multibanco","WC"],"hours":null,"paymentMethods":["Dinheiro"],"otherServices":"GLOVO , PA","observations":null}},{"type":"Feature","geometry":{"type":"Point","coordinates":[-9.339039,38.719955]},"properties":{"id":"pt-93023","source":"PT","name":"Prio - Abóboda","brand":"PRIO","address":"ESTRADA NACIONAL 249.4 ao KM 7,4","municipality":"Cascais","district":"Lisboa","postalCode":"2785-756","fuels":{"gasoline95":1.939,"gasoline95Plus":1.939,"diesel":2.024,"dieselPremium":2.024},"lastUpdated":"2026-08-03 09:30","extra":{"stationType":"Outro"},"services":["Calibragem de pneus"],"hours":{"weekdays":"Aberto 24 horas","saturday":"Aberto 24 horas","sunday":"Aberto 24 horas","holiday":"Aberto 24 horas"},"paymentMethods":["Dinheiro"],"otherServices":null,"observations":"Entre as 22h00 e as 07h00 o serviço funciona exclusivamente em sistema automático.\n\n "}},{"type":"Feature","geometry":{"type":"Point","coordinates":[-9.187725,38.814148]},"properties":{"id":"pt-93034","source":"PT","name":"BP RAMADA","brand":"BP","address":"AV AUGUSTO HILÁRIO, LOTE 7","municipality":"Odivelas","district":"Lisboa","postalCode":"2620-528","fuels":{"gasoline95":1.999,"gasoline98Plus":2.199,"diesel":2.109,"dieselPremium":2.229},"lastUpdated":"2026-08-10 00:00","extra":{"stationType":"Outro"},"services":["Cafetaria","Calibragem de pneus","Loja de Conveniência","Multibanco","Venda de carburante de qualidade superior","Venda de gás doméstico em garrafas","WC","WC para deficientes","AUTOvoucher"],"hours":{"weekdays":"Aberto 24 horas","saturday":"Aberto 24 horas","sunday":"Aberto 24 horas","holiday":"Aberto 24 horas"},"paymentMethods":["Dinheiro","Outros"],"otherServices":null,"observations":null}},{"type":"Feature","geometry":{"type":"Point","coordinates":[-9.34075,38.955028]},"properties":{"id":"pt-93055","source":"PT","name":"Mafra","brand":"MOEVE","address":"EN 116 Km 7,7","municipality":"Mafra","district":"Lisboa","postalCode":"2640-523","fuels":{"gasoline95":1.913,"diesel":2.019,"dieselPremium":2.069,"dieselAgri":1.564},"lastUpdated":"2026-08-10 00:00","extra":{"stationType":"Outro"},"services":["Cafetaria","Loja de Conveniência","Venda de gasóleo agrícola","WC","AUTOvoucher"],"hours":{"weekdays":"07:00-22:00","saturday":"07:00-22:00","sunday":"07:00-22:00","holiday":"07:00-22:00"},"paymentMethods":["Dinheiro","MbWay","Multibanco"],"otherServices":null,"observations":null}},{"type":"Feature","geometry":{"type":"Point","coordinates":[-9.27681,39.16426]},"properties":{"id":"pt-93073","source":"PT","name":"PRIO A-dos-cunhados","brand":"PRIO","address":"EN 8-2 Km 8","municipality":"Torres Vedras","district":"Lisboa","postalCode":"2560-050","fuels":{"gasoline95":1.924,"gasoline95Plus":1.879,"dieselPremium":1.959,"bioDiesel":1.929},"lastUpdated":"2026-08-10 01:15","extra":{"stationType":"Outro"},"services":["Cafetaria","Calibragem de pneus","Loja de Conveniência","Venda de carburante de qualidade superior","Venda de gás doméstico em garrafas","WC","WC para deficientes","AUTOvoucher"],"hours":{"weekdays":"07:00-23:59","saturday":"07:00-23:59","sunday":"08:00-23:59","holiday":"08:00-23:59"},"paymentMethods":["Dinheiro","MbWay","Multibanco","Outros"],"otherServices":null,"observations":null}},{"type":"Feature","geometry":{"type":"Point","coordinates":[-9.214949,38.792127]},"properties":{"id":"pt-93086","source":"PT","name":"Posto de Abastecimento - Intermarché de Famões","brand":"INTERMARCHÉ","address":"Urb. Quinta do Segulim, Lote EA-01","municipality":"Odivelas","district":"Lisboa","postalCode":"1675-351","fuels":{"gasoline95":1.899,"gasoline95Plus":1.929,"gasoline98":2.019,"diesel":1.999,"dieselPremium":2.029,"lpg":0.879},"lastUpdated":"2026-08-03 13:15","extra":{"stationType":"Área comercial (Hipermercados)"},"services":["Lavagem","Venda de gás doméstico em garrafas","AUTOvoucher"],"hours":{"weekdays":"Aberto 24 horas","saturday":"Aberto 24 horas","sunday":"Aberto 24 horas","holiday":"Aberto 24 horas"},"paymentMethods":["Dinheiro","Multibanco"],"otherServices":null,"observations":null}},{"type":"Feature","geometry":{"type":"Point","coordinates":[-9.336308,38.802612]},"properties":{"id":"pt-93093","source":"PT","name":"INTERMARCHÉ Algueirão - Mem Martins","brand":"INTERMARCHÉ","address":"Avenida Capitães de Abril, Lote 103","municipality":"Sintra","district":"Lisboa","postalCode":"2725-037","fuels":{"gasoline95":1.929,"gasoline95Plus":1.979,"diesel":1.999,"dieselPremium":2.039,"lpg":0.869},"lastUpdated":"2026-08-04 07:00","extra":{"stationType":"Outro"},"services":["Lavagem","Venda de carburante de qualidade superior","Venda de gás doméstico em garrafas","WC para deficientes"],"hours":{"weekdays":"07:00-23:00","saturday":"07:00-23:00","sunday":"07:00-23:00","holiday":"07:00-23:00"},"paymentMethods":["Dinheiro","Multibanco"],"otherServices":null,"observations":null}},{"type":"Feature","geometry":{"type":"Point","coordinates":[-9.240119,39.2799]},"properties":{"id":"pt-93109","source":"PT","name":"OZ ENERGIA Reguengo Pequeno","brand":"OZ Energia","address":"E.N. 247, Nº1 ","municipality":"Lourinhã","district":"Lisboa","postalCode":"2530-694","fuels":{"gasoline95":2.029,"gasoline98":2.209,"diesel":2.119,"dieselPremium":2.169,"dieselAgri":1.709},"lastUpdated":"2026-08-08 11:30","extra":{"stationType":"Outro"},"services":["Calibragem de pneus"],"hours":{"weekdays":"07:30-21:00","saturday":"07:30-21:00","sunday":"Fechado","holiday":"Fechado"},"paymentMethods":["Dinheiro"],"otherServices":null,"observations":null}},{"type":"Feature","geometry":{"type":"Point","coordinates":[-9.337566,38.69595]},"properties":{"id":"pt-93143","source":"PT","name":"PRIO Carcavelos","brand":"PRIO","address":"Estrada da Alagoa, 96, Quinta da Alagoa","municipality":"Cascais","district":"Lisboa","postalCode":"2775-715","fuels":{"gasoline95":1.924,"gasoline95Plus":1.839,"dieselPremium":1.969,"bioDiesel":1.939},"lastUpdated":"2026-08-10 01:15","extra":{"stationType":"Outro"},"services":["Cafetaria","Loja de Conveniência","Venda de gás doméstico em garrafas","WC","WC com fraldário","WC para deficientes"],"hours":{"weekdays":"07:00-23:00","saturday":"07:00-23:00","sunday":"07:00-23:00","holiday":"07:00-23:00"},"paymentMethods":["Dinheiro","MbWay","Multibanco","Outros"],"otherServices":null,"observations":null}},{"type":"Feature","geometry":{"type":"Point","coordinates":[-9.3656,39.10673]},"properties":{"id":"pt-93151","source":"PT","name":"Intermarché Silveira","brand":"INTERMARCHÉ","address":"Rua Antonino Gomes","municipality":"Torres Vedras","district":"Lisboa","postalCode":"2560-531","fuels":{"gasoline95":1.969,"gasoline98":2.059,"diesel":2.025,"dieselPremium":2.055},"lastUpdated":"2026-08-03 12:15","extra":{"stationType":"Área comercial (Hipermercados)"},"services":["Cafetaria","Multibanco","Venda de gás doméstico em garrafas","WC"],"hours":{"weekdays":"Aberto 24 horas","saturday":"Aberto 24 horas","sunday":"Aberto 24 horas","holiday":"Aberto 24 horas"},"paymentMethods":["Dinheiro","MbWay","Multibanco","Outros"],"otherServices":null,"observations":null}},{"type":"Feature","geometry":{"type":"Point","coordinates":[-9.076041,39.223868]},"properties":{"id":"pt-93159","source":"PT","name":"Transforpel Combustíveis Chão de Sapo","brand":"TRANSFORPEL","address":"Rua 25 de Abril","municipality":"Cadaval","district":"Lisboa","postalCode":"2550-362","fuels":{"gasoline95":1.909,"diesel":1.949,"dieselPremium":1.979,"dieselAgri":1.551},"lastUpdated":"2026-08-05 19:10","extra":{"stationType":"Outro"},"services":["Calibragem de pneus","Multibanco","Venda de gasóleo agrícola","WC","WC para deficientes","AUTOvoucher"],"hours":{"weekdays":"Aberto 24 horas","saturday":"Aberto 24 horas","sunday":"Aberto 24 horas","holiday":"Aberto 24 horas"},"paymentMethods":["Dinheiro","MbWay","Multibanco","Outros"],"otherServices":null,"observations":null}},{"type":"Feature","geometry":{"type":"Point","coordinates":[-9.328885,38.728103]},"properties":{"id":"pt-93171","source":"PT","name":"BP Abóboda","brand":"BP","address":"Estrada Conceição da Abóboda","municipality":"Cascais","district":"Lisboa","postalCode":"2785-543","fuels":{"gasoline95":2.099,"gasoline98Plus":2.299,"diesel":2.199,"dieselPremium":2.319},"lastUpdated":"2026-08-03 16:50","extra":{"stationType":"Outro"},"services":["Cafetaria","Loja de Conveniência","Venda de gás doméstico em garrafas","WC","WC para deficientes"],"hours":{"weekdays":"06:00-22:00","saturday":"06:00-22:00","sunday":"06:00-22:00","holiday":"06:00-22:00"},"paymentMethods":["Dinheiro","Multibanco","Outros"],"otherServices":null,"observations":null}},{"type":"Feature","geometry":{"type":"Point","coordinates":[-8.989226,39.039504]},"properties":{"id":"pt-93194","source":"PT","name":"E.S. ALENQUER","brand":"REPSOL","address":"VARIANTE ALVARO PEDRO","municipality":"Alenquer","district":"Lisboa","postalCode":"2580-347","fuels":{"gasoline95":1.979,"gasoline95Plus":2.049,"diesel":2.084,"dieselPremium":2.154},"lastUpdated":"2026-08-10 00:00","extra":{"stationType":"Outro"},"services":["Cafetaria","Calibragem de pneus","Loja de Conveniência","Venda de gás doméstico em garrafas","WC","WC para deficientes"],"hours":{"weekdays":"06:30-22:30","saturday":"06:30-22:30","sunday":"06:30-22:30","holiday":"06:30-22:30"},"paymentMethods":["Dinheiro","Multibanco"],"otherServices":null,"observations":null}},{"type":"Feature","geometry":{"type":"Point","coordinates":[-9.304463,38.750997]},"properties":{"id":"pt-93196","source":"PT","name":"Oeiras Barcarena","brand":"BP","address":"Estrada de São Marcos Lote 2A, Barcarena","municipality":"Oeiras","district":"Lisboa","postalCode":"2730-267","fuels":{"gasoline95":2.099,"gasoline98Plus":2.299,"diesel":2.199,"dieselPremium":2.319},"lastUpdated":"2026-08-03 13:30","extra":{"stationType":"Outro"},"services":["Cafetaria","Lavagem","Loja de Conveniência","Venda de gás doméstico em garrafas","WC","WC para deficientes"],"hours":{"weekdays":"Aberto 24 horas","saturday":"Aberto 24 horas","sunday":"Aberto 24 horas","holiday":"Aberto 24 horas"},"paymentMethods":["Dinheiro","Multibanco","Outros"],"otherServices":null,"observations":null}},{"type":"Feature","geometry":{"type":"Point","coordinates":[-9.137479,38.728855]},"properties":{"id":"pt-93198","source":"PT","name":"PRIO Arroios","brand":"PRIO","address":"Rua José Estêvão N.º24","municipality":"Lisboa","district":"Lisboa","postalCode":"1150-203","fuels":{"gasoline95":1.889,"dieselPremium":1.989,"bioDiesel":1.959},"lastUpdated":"2026-08-10 01:15","extra":{"stationType":"Outro"},"services":["Venda de gás doméstico em garrafas"],"hours":{"weekdays":"07:00-22:00","saturday":"07:00-22:00","sunday":"07:00-22:00","holiday":"07:00-22:00"},"paymentMethods":["Dinheiro","MbWay","Multibanco","Outros"],"otherServices":null,"observations":null}},{"type":"Feature","geometry":{"type":"Point","coordinates":[-9.320098,39.213495]},"properties":{"id":"pt-93205","source":"PT","name":"PRIO Casais de Santa Bárbara - Lourinhã","brand":"PRIO","address":"EN 247, nº 19","municipality":"Lourinhã","district":"Lisboa","postalCode":"2530-731","fuels":{"gasoline95":1.924,"gasoline95Plus":1.859,"dieselPremium":1.959,"dieselAgri":1.484,"bioDiesel":1.929},"lastUpdated":"2026-08-10 01:10","extra":{"stationType":"Outro"},"services":["Cafetaria","Lavagem","Loja de Conveniência","Venda de gás doméstico em garrafas","Venda de gasóleo agrícola","WC"],"hours":{"weekdays":"06:00-22:00","saturday":"06:00-22:00","sunday":"06:00-22:00","holiday":"06:00-22:00"},"paymentMethods":["Dinheiro","MbWay","Multibanco","Outros"],"otherServices":null,"observations":null}},{"type":"Feature","geometry":{"type":"Point","coordinates":[-8.92489,39.169659]},"properties":{"id":"pt-93221","source":"PT","name":"PEGNV - Galp CLC","brand":"GALP","address":"Posto Galp GNV de Aveiras – EN 366, km 18","municipality":"Azambuja","district":"Lisboa","postalCode":"2050-145","fuels":{"cngkg":2.659,"lng":2.617},"lastUpdated":"2026-08-03 00:05","extra":{"stationType":"Outro"},"services":["Cafetaria","Loja de Conveniência","Multibanco","WC","WC para deficientes"],"hours":{"weekdays":"07:30-21:00","saturday":"07:30-21:00","sunday":"07:30-21:00","holiday":"07:30-21:00"},"paymentMethods":["Dinheiro","MbWay","Multibanco","Outros"],"otherServices":null,"observations":null}},{"type":"Feature","geometry":{"type":"Point","coordinates":[-9.07645,38.98681]},"properties":{"id":"pt-93225","source":"PT","name":"BP Arruda dos Vinhos","brand":"BP","address":"Quinta da Ponte e Costa","municipality":"Arruda dos Vinhos","district":"Lisboa","postalCode":"2634-909","fuels":{"gasoline95":1.999,"diesel":2.109,"dieselAgri":1.639,"lpg":1.059},"lastUpdated":"2026-08-10 00:00","extra":{"stationType":"Outro"},"services":["Multibanco","Venda de carburante de qualidade superior","Venda de gás doméstico em garrafas","Venda de gasóleo agrícola"],"hours":{"weekdays":"07:00-22:00","saturday":"07:00-22:00","sunday":"07:00-22:00","holiday":"07:00-22:00"},"paymentMethods":["Dinheiro","MbWay","Multibanco"],"otherServices":null,"observations":null}},{"type":"Feature","geometry":{"type":"Point","coordinates":[-9.229875,38.698994]},"properties":{"id":"pt-93231","source":"PT","name":"SHELL-ALGÉS","brand":"SHELL","address":"Largo 25 de Abril (Largo da Estação)","municipality":"Oeiras","district":"Lisboa","postalCode":"1495-128","fuels":{"gasoline95":1.989,"gasoline98Plus":2.139,"diesel":2.084,"dieselPremium":2.164},"lastUpdated":"2026-08-10 01:15","extra":{"stationType":"Outro"},"services":["Cafetaria","Calibragem de pneus","Loja de Conveniência","Venda de carburante de qualidade superior","Venda de gás doméstico em garrafas","WC","WC para deficientes"],"hours":{"weekdays":"07:00-23:00","saturday":"07:00-23:00","sunday":"07:00-23:00","holiday":"07:00-23:00"},"paymentMethods":["Dinheiro","MbWay","Multibanco","Outros"],"otherServices":null,"observations":null}},{"type":"Feature","geometry":{"type":"Point","coordinates":[-9.2098,39.060986]},"properties":{"id":"pt-93242","source":"PT","name":"BP Runa","brand":"BP","address":"E.N. 248, Rua da Liberdade, n.º 1A","municipality":"Torres Vedras","district":"Lisboa","postalCode":"2565-737","fuels":{"gasoline95":1.999,"gasoline98Plus":2.199,"diesel":2.109,"dieselPremium":2.229,"dieselAgri":1.639},"lastUpdated":"2026-08-09 22:00","extra":{"stationType":"Outro"},"services":["Cafetaria","Loja de Conveniência","Multibanco","Restaurante"],"hours":{"weekdays":"06:00-22:00","saturday":"06:00-22:00","sunday":"06:00-22:00","holiday":null},"paymentMethods":["Dinheiro"],"otherServices":null,"observations":null}},{"type":"Feature","geometry":{"type":"Point","coordinates":[-9.15215,38.75675]},"properties":{"id":"pt-93251","source":"PT","name":"PRIO Campo Grande","brand":"PRIO","address":"Campo Grande, 330","municipality":"Lisboa","district":"Lisboa","postalCode":"1700-097","fuels":{"gasoline95":1.924,"gasoline95Plus":1.849,"dieselPremium":1.979,"bioDiesel":1.949},"lastUpdated":"2026-08-10 01:10","extra":{"stationType":"Outro"},"services":["Venda de gás doméstico em garrafas"],"hours":{"weekdays":"07:00-23:00","saturday":"07:00-23:00","sunday":"07:00-23:00","holiday":"07:00-23:00"},"paymentMethods":["Dinheiro","MbWay","Multibanco","Outros"],"otherServices":null,"observations":null}},{"type":"Feature","geometry":{"type":"Point","coordinates":[-9.35202,38.68559]},"properties":{"id":"pt-93267","source":"PT","name":"PRIO - Parede","brand":"PRIO","address":"Rua Sampaio Bruno nº 2","municipality":"Cascais","district":"Lisboa","postalCode":"2775-279","fuels":{"gasoline95":1.924,"gasoline95Plus":1.869,"dieselPremium":1.969,"bioDiesel":1.939},"lastUpdated":"2026-08-10 01:10","extra":{"stationType":"Outro"},"services":["Venda de carburante de qualidade superior","Venda de gás doméstico em garrafas"],"hours":{"weekdays":"Aberto 24 horas","saturday":"Aberto 24 horas","sunday":"Aberto 24 horas","holiday":"Aberto 24 horas"},"paymentMethods":["Dinheiro","MbWay","Multibanco","Outros"],"otherServices":null,"observations":null}},{"type":"Feature","geometry":{"type":"Point","coordinates":[-9.1065,38.76307]},"properties":{"id":"pt-93268","source":"PT","name":"PRIO - Lisboa Expo","brand":"PRIO","address":"Av. de Pádua,14","municipality":"Lisboa","district":"Lisboa","postalCode":"1800-297","fuels":{"gasoline95":1.924,"gasoline95Plus":1.889,"dieselPremium":1.989,"bioDiesel":1.959},"lastUpdated":"2026-08-10 01:10","extra":{"stationType":"Outro"},"services":["Venda de carburante de qualidade superior","Venda de gás doméstico em garrafas"],"hours":{"weekdays":"07:00-00:00","saturday":"07:00-00:00","sunday":"07:00-00:00","holiday":"07:00-00:00"},"paymentMethods":["Dinheiro","MbWay","Multibanco","Outros"],"otherServices":null,"observations":"-Medidor d"}},{"type":"Feature","geometry":{"type":"Point","coordinates":[-9.293772,38.70494]},"properties":{"id":"pt-93269","source":"PT","name":"AUCHAN Paço de Arcos","brand":"AUCHAN","address":"Estrada Paço de Arcos Lote 2","municipality":"Oeiras","district":"Lisboa","postalCode":"2770-129","fuels":{"gasoline95":1.899,"gasoline95Plus":1.919,"diesel":1.989,"dieselPremium":2.009,"lpg":0.899},"lastUpdated":"2026-08-04 08:55","extra":{"stationType":"Área comercial (Hipermercados)"},"services":["Calibragem de pneus"],"hours":{"weekdays":"Aberto 24 horas","saturday":"Aberto 24 horas","sunday":"Aberto 24 horas","holiday":"Aberto 24 horas"},"paymentMethods":["Dinheiro"],"otherServices":null,"observations":null}},{"type":"Feature","geometry":{"type":"Point","coordinates":[-9.162333,38.845222]},"properties":{"id":"pt-93294","source":"PT","name":"SHELL Loures Infantado","brand":"SHELL","address":"Rua Casal do Letrado ( EN115, KM 82+300E), Infantado – Loures","municipality":"Loures","district":"Lisboa","postalCode":"2660-140","fuels":{"gasoline95":1.959,"gasoline98Plus":2.109,"diesel":2.064,"dieselPremium":2.144,"bioDiesel":2.074},"lastUpdated":"2026-08-10 01:15","extra":{"stationType":"Outro"},"services":["Cafetaria","Calibragem de pneus","Loja de Conveniência","Multibanco","Venda de carburante de qualidade superior","Venda de gás doméstico em garrafas","WC","WC com fraldário","WC para deficientes"],"hours":{"weekdays":"07:00-23:00","saturday":"07:00-23:00","sunday":"07:00-23:00","holiday":"07:00-23:00"},"paymentMethods":["Dinheiro","MbWay","Multibanco","Outros"],"otherServices":null,"observations":null}},{"type":"Feature","geometry":{"type":"Point","coordinates":[-9.379323,38.858]},"properties":{"id":"pt-93317","source":"PT","name":"P35 - SHELL Terrugem","brand":"SHELL","address":"EN 247 ao km 66,38 - Godigana","municipality":"Sintra","district":"Lisboa","postalCode":"2705-869","fuels":{"gasoline95":1.929,"gasoline98Plus":2.079,"diesel":2.029,"dieselPremium":2.109,"lpg":0.959},"lastUpdated":"2026-08-10 01:15","extra":{"stationType":"Outro"},"services":["Cafetaria","Calibragem de pneus","Loja de Conveniência","Venda de gás doméstico em garrafas","WC"],"hours":{"weekdays":"07:00-23:00","saturday":"07:00-23:00","sunday":"07:00-23:00","holiday":"07:00-23:00"},"paymentMethods":["Dinheiro","MbWay","Multibanco","Outros"],"otherServices":null,"observations":null}},{"type":"Feature","geometry":{"type":"Point","coordinates":[-9.316065,38.681157]},"properties":{"id":"pt-93324","source":"PT","name":"OEIRAS","brand":"BP","address":"Estrada Marginal","municipality":"Oeiras","district":"Lisboa","postalCode":"2780-267","fuels":{"gasoline95":2.099,"diesel":2.199,"dieselPremium":2.319},"lastUpdated":"2026-08-03 16:55","extra":{"stationType":"Outro"},"services":["Venda de carburante de qualidade superior"],"hours":{"weekdays":"07:00-23:59","saturday":"07:00-23:59","sunday":"07:00-23:59","holiday":"07:00-23:59"},"paymentMethods":["Dinheiro"],"otherServices":null,"observations":null}},{"type":"Feature","geometry":{"type":"Point","coordinates":[-9.27553,38.75066]},"properties":{"id":"pt-93325","source":"PT","name":"Prio - Massamá","brand":"PRIO","address":"Rua Sebastião e Silva, Lote 2E - Massamá Sul","municipality":"Sintra","district":"Lisboa","postalCode":"2745-838","fuels":{"gasoline95":1.939,"diesel":2.019,"dieselPremium":2.019},"lastUpdated":"2026-08-03 09:35","extra":{"stationType":"Outro"},"services":["Calibragem de pneus"],"hours":{"weekdays":"Aberto 24 horas","saturday":"Aberto 24 horas","sunday":"Aberto 24 horas","holiday":"Aberto 24 horas"},"paymentMethods":["Dinheiro"],"otherServices":null,"observations":"Entre as 22h00 e as 07h00 o serviço funciona exclusivamente através de sistema automático. "}},{"type":"Feature","geometry":{"type":"Point","coordinates":[-8.86899,39.195915]},"properties":{"id":"pt-93352","source":"PT","name":"TFUEL - MAÇUSSA","brand":"TFUEL","address":"Rua 25 de Abril, 82","municipality":"Azambuja","district":"Lisboa","postalCode":"2065-607","fuels":{"gasoline95":1.999,"diesel":2.069,"dieselPremium":2.139,"dieselAgri":1.609},"lastUpdated":"2026-08-10 04:00","extra":{"stationType":"Outro"},"services":["Cafetaria","Multibanco","WC"],"hours":null,"paymentMethods":["Dinheiro"],"otherServices":null,"observations":null}},{"type":"Feature","geometry":{"type":"Point","coordinates":[-9.119402,38.898187]},"properties":{"id":"pt-93360","source":"PT","name":"CEPSA Bucelas","brand":"CEPSA","address":"Rua Luís de Camões","municipality":"Loures","district":"Lisboa","postalCode":"2670-662","fuels":{"gasoline95":2.023,"gasoline98Plus":2.235,"diesel":2.119,"dieselPremium":2.169,"dieselAgri":1.714},"lastUpdated":"2026-08-03 00:00","extra":{"stationType":"Outro"},"services":["Loja de Conveniência","Multibanco","Venda de gás doméstico em garrafas","Venda de gasóleo agrícola","WC"],"hours":{"weekdays":"07:00-23:00","saturday":"07:00-23:00","sunday":"07:00-23:00","holiday":"07:00-23:00"},"paymentMethods":["Dinheiro"],"otherServices":null,"observations":null}},{"type":"Feature","geometry":{"type":"Point","coordinates":[-9.09503,38.80802]},"properties":{"id":"pt-93391","source":"PT","name":"E.LECLERC BOBADELA","brand":"LECLERC","address":"EN 10, Km 140","municipality":"Loures","district":"Lisboa","postalCode":"2695-444","fuels":{"gasoline95":1.909,"gasoline95Plus":1.939,"diesel":1.989,"dieselPremium":2.019},"lastUpdated":"2026-08-03 15:00","extra":{"stationType":"Outro"},"services":["Venda de gás doméstico em garrafas"],"hours":{"weekdays":"Aberto 24 horas","saturday":"Aberto 24 horas","sunday":"Aberto 24 horas","holiday":"Aberto 24 horas"},"paymentMethods":["Dinheiro","MbWay","Multibanco"],"otherServices":null,"observations":"AR AGUA"}},{"type":"Feature","geometry":{"type":"Point","coordinates":[-9.258642,39.101993]},"properties":{"id":"pt-93406","source":"PT","name":"INTER. T.VEDRAS","brand":"INTERMARCHÉ","address":"Rua Leonel Trindade, 14","municipality":"Torres Vedras","district":"Lisboa","postalCode":"2560-612","fuels":{"gasoline95":1.989,"gasoline98":1.999,"diesel":2.059,"dieselPremium":2.079},"lastUpdated":"2026-08-03 11:00","extra":{"stationType":"Outro"},"services":[],"hours":{"weekdays":"Aberto 24 horas","saturday":"Aberto 24 horas","sunday":"Aberto 24 horas","holiday":"Aberto 24 horas"},"paymentMethods":["Dinheiro"],"otherServices":null,"observations":null}},{"type":"Feature","geometry":{"type":"Point","coordinates":[-9.386889,38.71484]},"properties":{"id":"pt-93416","source":"PT","name":"SHELL Estoril","brand":"SHELL","address":"Rua do Campo Santo, Alto dos Gaios, Estoril, Cascais","municipality":"Cascais","district":"Lisboa","postalCode":"2765-335","fuels":{"gasoline95":1.934,"gasoline98Plus":2.084,"diesel":2.039,"dieselPremium":2.119,"bioDiesel":2.049},"lastUpdated":"2026-08-10 01:15","extra":{"stationType":"Outro"},"services":["Cafetaria","Calibragem de pneus","Loja de Conveniência","Venda de carburante de qualidade superior","Venda de gás doméstico em garrafas","WC","WC com fraldário","WC para deficientes"],"hours":{"weekdays":"07:00-23:00","saturday":"07:00-23:00","sunday":"07:00-23:00","holiday":"07:00-23:00"},"paymentMethods":["Dinheiro","MbWay","Multibanco","Outros"],"otherServices":"Aberto 24h em Terminal Exterior Automático","observations":null}},{"type":"Feature","geometry":{"type":"Point","coordinates":[-9.330827,38.791244]},"properties":{"id":"pt-93435","source":"PT","name":"MERCÊS","brand":"BP","address":"Rua Dr. João de Barros","municipality":"Sintra","district":"Lisboa","postalCode":"2725-487","fuels":{"gasoline95":1.969,"gasoline98Plus":2.199,"diesel":2.079,"dieselPremium":2.229},"lastUpdated":"2026-08-10 00:00","extra":{"stationType":"Outro"},"services":["Cafetaria","Calibragem de pneus","Lavagem","Loja de Conveniência","Multibanco","Venda de carburante de qualidade superior","Venda de gás doméstico em garrafas","WC"],"hours":{"weekdays":"Aberto 24 horas","saturday":"Aberto 24 horas","sunday":"Aberto 24 horas","holiday":"Aberto 24 horas"},"paymentMethods":["Dinheiro"],"otherServices":null,"observations":null}},{"type":"Feature","geometry":{"type":"Point","coordinates":[-9.340534,38.78593]},"properties":{"id":"pt-93441","source":"PT","name":"BP SINTRA - RIO DE MOURO","brand":"BP","address":"RUA ANTÓNIO FEIJO, 122","municipality":"Sintra","district":"Lisboa","postalCode":"2635-198","fuels":{"gasoline95":1.969,"gasoline98Plus":2.199,"diesel":2.079,"dieselPremium":2.229},"lastUpdated":"2026-08-10 00:05","extra":{"stationType":"Outro"},"services":["Cafetaria","Loja de Conveniência","Venda de gás doméstico em garrafas","WC","WC para deficientes"],"hours":{"weekdays":"07:00-23:00","saturday":"07:00-23:00","sunday":"07:00-23:00","holiday":"07:00-23:00"},"paymentMethods":["Dinheiro","Multibanco"],"otherServices":null,"observations":null}},{"type":"Feature","geometry":{"type":"Point","coordinates":[-9.34065,38.69034]},"properties":{"id":"pt-93449","source":"PT","name":"Bp Carcavelos","brand":"BP","address":"Rua Dr. José Joaquim Almeida, 1062","municipality":"Cascais","district":"Lisboa","postalCode":"2775-594","fuels":{"gasoline95":2.059,"gasoline98Plus":2.299,"diesel":2.159,"dieselPremium":2.319},"lastUpdated":"2026-08-08 00:00","extra":{"stationType":"Outro"},"services":["Cafetaria","Calibragem de pneus","Lavagem","Loja de Conveniência","Venda de carburante de qualidade superior","Venda de gás doméstico em garrafas","WC","WC para deficientes"],"hours":{"weekdays":"Aberto 24 horas","saturday":"Aberto 24 horas","sunday":"Aberto 24 horas","holiday":"Aberto 24 horas"},"paymentMethods":["Dinheiro","MbWay","Multibanco"],"otherServices":null,"observations":"Carwash\r\nA"}},{"type":"Feature","geometry":{"type":"Point","coordinates":[-9.13015,38.72117]},"properties":{"id":"pt-93454","source":"PT","name":"OZ ENERGIA - GRAÇA","brand":"OZ Energia","address":"Rua da Graça 2-D","municipality":"Lisboa","district":"Lisboa","postalCode":"1170-169","fuels":{"gasoline95":1.989,"gasoline98":2.209,"diesel":2.049},"lastUpdated":"2026-08-09 23:50","extra":{"stationType":"Outro"},"services":[],"hours":{"weekdays":"Aberto 24 horas","saturday":"Aberto 24 horas","sunday":"Aberto 24 horas","holiday":"Aberto 24 horas"},"paymentMethods":["Dinheiro"],"otherServices":null,"observations":null}},{"type":"Feature","geometry":{"type":"Point","coordinates":[-9.15684,38.72861]},"properties":{"id":"pt-93456","source":"PT","name":"OZ ENERGIA - CASTILHO","brand":"OZ Energia","address":"Rua Castilho, 209-A","municipality":"Lisboa","district":"Lisboa","postalCode":"1070-051","fuels":{"gasoline95":2.039,"gasoline98":2.214,"diesel":2.109},"lastUpdated":"2026-08-09 23:50","extra":{"stationType":"Outro"},"services":[],"hours":{"weekdays":"Aberto 24 horas","saturday":"Aberto 24 horas","sunday":"Aberto 24 horas","holiday":"Aberto 24 horas"},"paymentMethods":["Dinheiro"],"otherServices":null,"observations":null}},{"type":"Feature","geometry":{"type":"Point","coordinates":[-9.126718,38.788727]},"properties":{"id":"pt-93462","source":"PT","name":"PAGPL OZ ENERGIA -  PRIOR VELHO","brand":"OZ Energia","address":"Rua José Fonseca Carvalho, 5","municipality":"Loures","district":"Lisboa","postalCode":"2685-869","fuels":{"lpg":0.909},"lastUpdated":"2026-08-09 23:50","extra":{"stationType":"Outro"},"services":["Calibragem de pneus"],"hours":null,"paymentMethods":["Dinheiro"],"otherServices":null,"observations":null}},{"type":"Feature","geometry":{"type":"Point","coordinates":[-9.275189,38.750595]},"properties":{"id":"pt-93463","source":"PT","name":"OZ ENERGIA -  MASSAMÁ","brand":"OZ Energia","address":"Rua Sebastião e Silva, LT E2, Massamá","municipality":"Sintra","district":"Lisboa","postalCode":"2745-838","fuels":{"lpg":0.899},"lastUpdated":"2026-08-09 23:50","extra":{"stationType":"Outro"},"services":["Calibragem de pneus"],"hours":null,"paymentMethods":["Dinheiro"],"otherServices":null,"observations":null}},{"type":"Feature","geometry":{"type":"Point","coordinates":[-9.358659,38.835155]},"properties":{"id":"pt-93464","source":"PT","name":"OZ ENERGIA -  TERRUGEM","brand":"OZ Energia","address":"Avenida da Aviação Portuguesa, nº 110, Vila Verde - Terrugem","municipality":"Sintra","district":"Lisboa","postalCode":"2705-845","fuels":{"lpg":0.899},"lastUpdated":"2026-08-09 23:50","extra":{"stationType":"Outro"},"services":["WC"],"hours":null,"paymentMethods":["Dinheiro"],"otherServices":null,"observations":null}},{"type":"Feature","geometry":{"type":"Point","coordinates":[-9.2892,38.710672]},"properties":{"id":"pt-93468","source":"PT","name":"OZ ENERGIA - PAÇO DE ARCOS","brand":"OZ Energia","address":"Rua Calvet Magalhães, 145","municipality":"Oeiras","district":"Lisboa","postalCode":"2770-228","fuels":{"lpg":0.929},"lastUpdated":"2026-08-09 23:50","extra":{"stationType":"Outro"},"services":[],"hours":{"weekdays":"08:00-20:00","saturday":"08:00-20:00","sunday":"08:00-20:00","holiday":"08:00-20:00"},"paymentMethods":["Multibanco"],"otherServices":null,"observations":null}},{"type":"Feature","geometry":{"type":"Point","coordinates":[-9.094993,38.807922]},"properties":{"id":"pt-93472","source":"PT","name":"OZ ENERGIA - BOBADELA  (GPL Auto)","brand":"OZ Energia","address":"Estrada Nacional 10, Km140","municipality":"Loures","district":"Lisboa","postalCode":"2695-444","fuels":{"lpg":0.969},"lastUpdated":"2026-08-09 23:50","extra":{"stationType":"Outro"},"services":["Calibragem de pneus"],"hours":null,"paymentMethods":["Dinheiro"],"otherServices":null,"observations":null}},{"type":"Feature","geometry":{"type":"Point","coordinates":[-9.41548,38.69325]},"properties":{"id":"pt-93503","source":"PT","name":"CEPSA  Marina de Cascais","brand":"CEPSA","address":"Marina de Cascais","municipality":"Cascais","district":"Lisboa","postalCode":"2750-800","fuels":{"gasoline95":2.193,"diesel":2.289,"dieselAgri":1.82},"lastUpdated":"2026-08-03 09:00","extra":{"stationType":"Outro"},"services":["Cafetaria","Multibanco","WC"],"hours":{"weekdays":"09:00-20:00","saturday":"09:00-20:00","sunday":"09:00-20:00","holiday":"09:00-20:00"},"paymentMethods":["Dinheiro","Multibanco"],"otherServices":null,"observations":null}},{"type":"Feature","geometry":{"type":"Point","coordinates":[-9.165253,38.719322]},"properties":{"id":"pt-93547","source":"PT","name":"TFUEL - CAMPO DE OURIQUE","brand":"TFUEL","address":"Rua Correia Teles, nº 20 B","municipality":"Lisboa","district":"Lisboa","postalCode":"1350-099","fuels":{"gasoline95":2.099,"diesel":2.159,"dieselPremium":2.219},"lastUpdated":"2026-08-10 04:00","extra":{"stationType":"Outro"},"services":["Multibanco"],"hours":null,"paymentMethods":["Dinheiro"],"otherServices":null,"observations":null}},{"type":"Feature","geometry":{"type":"Point","coordinates":[-9.31306,39.25118]},"properties":{"id":"pt-93554","source":"PT","name":"PAC INTERMARCHE LOURINHA","brand":"INTERMARCHÉ","address":"Rua Ildo Hermogenes da Silva Marques,1","municipality":"Lourinhã","district":"Lisboa","postalCode":"2530-320","fuels":{"gasoline95":1.969,"gasoline98":2.069,"diesel":2.019,"dieselPremium":2.079},"lastUpdated":"2026-08-04 07:30","extra":{"stationType":"Outro"},"services":["Venda de gás doméstico em garrafas"],"hours":{"weekdays":"Aberto 24 horas","saturday":"Aberto 24 horas","sunday":"Aberto 24 horas","holiday":"Aberto 24 horas"},"paymentMethods":["Dinheiro","Multibanco"],"otherServices":null,"observations":null}},{"type":"Feature","geometry":{"type":"Point","coordinates":[-9.399063,38.871094]},"properties":{"id":"pt-93581","source":"PT","name":"OZ ENERGIA - S. João das Lampas","brand":"OZ Energia","address":"AVENIDA CENTRAL, 15","municipality":"Sintra","district":"Lisboa","postalCode":"2705-737","fuels":{"gasoline95":1.949,"gasoline95Plus":1.989,"diesel":2.019,"dieselPremium":1.794,"dieselAgri":1.624},"lastUpdated":"2026-08-09 23:50","extra":{"stationType":"Outro"},"services":["Cafetaria","Venda de gás doméstico em garrafas","Venda de gasóleo agrícola","WC"],"hours":{"weekdays":"Aberto 24 horas","saturday":"Aberto 24 horas","sunday":"Aberto 24 horas","holiday":"Aberto 24 horas"},"paymentMethods":["Dinheiro","Multibanco","Outros"],"otherServices":null,"observations":null}},{"type":"Feature","geometry":{"type":"Point","coordinates":[-9.212827,38.75401]},"properties":{"id":"pt-93584","source":"PT","name":"ALVES BANDEIRA Venda Nova","brand":"ALVES BANDEIRA","address":"Praceta Avelar Brotero","municipality":"Amadora","district":"Lisboa","postalCode":"2700-310","fuels":{"gasoline95":2.069,"gasoline95Plus":2.084,"diesel":2.154,"dieselPremium":2.174},"lastUpdated":"2026-08-03 11:20","extra":{"stationType":"Outro"},"services":["Calibragem de pneus"],"hours":null,"paymentMethods":["Dinheiro","MbWay","Multibanco","Outros"],"otherServices":null,"observations":null}},{"type":"Feature","geometry":{"type":"Point","coordinates":[-9.20655,38.7011]},"properties":{"id":"pt-93607","source":"PT","name":"REPSOL Belenenses","brand":"REPSOL","address":"Av Ilha da Madeira ","municipality":"Lisboa","district":"Lisboa","postalCode":"1400-203","fuels":{"gasoline95":1.979,"gasoline95Plus":2.049,"gasoline98Plus":2.179,"diesel":2.084,"dieselPremium":2.154},"lastUpdated":"2026-08-10 00:45","extra":{"stationType":"Outro"},"services":["Calibragem de pneus"],"hours":{"weekdays":"07:00-23:00","saturday":"07:00-23:00","sunday":"07:00-23:00","holiday":null},"paymentMethods":["Dinheiro"],"otherServices":null,"observations":null}},{"type":"Feature","geometry":{"type":"Point","coordinates":[-9.109774,38.79364]},"properties":{"id":"pt-93610","source":"PT","name":"PA 4L Combustiveis","brand":"Genérico","address":"Rua Salvador Allende, nº 9-A","municipality":"Loures","district":"Lisboa","postalCode":"2685-114","fuels":{"diesel":1.989,"dieselPremium":2.019},"lastUpdated":"2026-08-04 16:10","extra":{"stationType":"Outro"},"services":["Cafetaria","WC"],"hours":{"weekdays":"06:00-00:00","saturday":"06:00-00:00","sunday":"06:00-00:00","holiday":"00:00-00:00"},"paymentMethods":["Dinheiro"],"otherServices":null,"observations":null}},{"type":"Feature","geometry":{"type":"Point","coordinates":[-9.161459,39.116085]},"properties":{"id":"pt-93773","source":"PT","name":"PA Maxial - Ereira","brand":"Genérico","address":"Rua Comissão da Estrada, nº2, Ereira - Maxial","municipality":"Torres Vedras","district":"Lisboa","postalCode":"2565-453","fuels":{"gasoline95":2.06,"gasoline98":2.24,"diesel":2.148,"dieselAgri":1.745},"lastUpdated":"2026-08-03 14:45","extra":{"stationType":"Outro"},"services":["Calibragem de pneus"],"hours":{"weekdays":"07:00-20:00","saturday":"07:00-20:00","sunday":"07:00-20:00","holiday":"07:00-20:00"},"paymentMethods":["Dinheiro"],"otherServices":null,"observations":null}},{"type":"Feature","geometry":{"type":"Point","coordinates":[-9.322936,39.05678]},"properties":{"id":"pt-93793","source":"PT","name":"PA Coop São Mamede da Ventosa","brand":"Genérico","address":"Avenida 10 de Junho, Nº8 - Ventosa","municipality":"Torres Vedras","district":"Lisboa","postalCode":"2565-831","fuels":{"diesel":2.004,"dieselAgri":1.544},"lastUpdated":"2026-08-03 10:40","extra":{"stationType":"Outro"},"services":["Calibragem de pneus"],"hours":{"weekdays":"09:00-18:00","saturday":"09:00-13:00","sunday":"Fechado","holiday":"Fechado"},"paymentMethods":["Dinheiro"],"otherServices":null,"observations":null}},{"type":"Feature","geometry":{"type":"Point","coordinates":[-9.076428,38.988396]},"properties":{"id":"pt-93892","source":"PT","name":"REPSOL Arruda dos Vinhos","brand":"REPSOL","address":"Rua .Eng. Francisco Borges nº 18","municipality":"Arruda dos Vinhos","district":"Lisboa","postalCode":"2630-262","fuels":{"gasoline95":1.979,"gasoline98Plus":2.179,"diesel":2.084,"dieselPremium":2.154,"dieselAgri":1.624},"lastUpdated":"2026-08-10 00:00","extra":{"stationType":"Outro"},"services":["Cafetaria","Lavagem","Loja de Conveniência","Venda de gás doméstico em garrafas","Venda de gasóleo agrícola","WC","WC para deficientes"],"hours":{"weekdays":"Aberto 24 horas","saturday":"Aberto 24 horas","sunday":"Aberto 24 horas","holiday":"Aberto 24 horas"},"paymentMethods":["Dinheiro","MbWay","Multibanco","Outros"],"otherServices":null,"observations":"Loja aberta todos os dias da semana (incluindo feridos) - 07:00 às 22:00\n\nRodovia aberta 24 horas - Temos serviço de Pay Go"}},{"type":"Feature","geometry":{"type":"Point","coordinates":[-9.359439,39.13693]},"properties":{"id":"pt-93899","source":"PT","name":"E.S. Silveira","brand":"REPSOL","address":"Rua Senhora da Graça, 109 - Brejenjas - Silveira","municipality":"Torres Vedras","district":"Lisboa","postalCode":"2560-030","fuels":{"gasoline95":1.929,"gasoline95Plus":1.989,"gasoline98Plus":2.119,"diesel":2.034,"dieselPremium":2.094,"dieselAgri":1.624},"lastUpdated":"2026-08-10 00:00","extra":{"stationType":"Outro"},"services":["Multibanco","Venda de gás doméstico em garrafas","Venda de gasóleo agrícola"],"hours":null,"paymentMethods":["Dinheiro"],"otherServices":null,"observations":null}},{"type":"Feature","geometry":{"type":"Point","coordinates":[-9.289212,38.710697]},"properties":{"id":"pt-94254","source":"PT","name":"PRIO Paço de Arcos","brand":"PRIO","address":"Rua Calvet Magalhães, 145A","municipality":"Oeiras","district":"Lisboa","postalCode":"2770-228","fuels":{"gasoline95":1.919,"gasoline95Plus":1.919,"diesel":2.009,"dieselPremium":2.009},"lastUpdated":"2026-08-03 09:35","extra":{"stationType":"Outro"},"services":["Calibragem de pneus","Venda de carburante de qualidade superior","Venda de gás doméstico em garrafas"],"hours":{"weekdays":"Aberto 24 horas","saturday":"Aberto 24 horas","sunday":"Aberto 24 horas","holiday":"Aberto 24 horas"},"paymentMethods":["Dinheiro"],"otherServices":null,"observations":"Entre as 22h00 e as 07h00 o serviço funciona exclusivamente através de sistema automático.  "}},{"type":"Feature","geometry":{"type":"Point","coordinates":[-9.219003,38.72214]},"properties":{"id":"pt-94278","source":"PT","name":"GALP Carnaxide (Qta. do Minote)","brand":"GALP","address":"Rua Sertório Monte Pereira, 2 - Zona Industrial da Outurela","municipality":"Oeiras","district":"Lisboa","postalCode":"2794-051","fuels":{"gasoline95":1.989,"gasoline95Plus":2.039,"diesel":2.087,"dieselPremium":2.137,"lpg":0.939},"lastUpdated":"2026-08-10 00:00","extra":{"stationType":"Outro"},"services":["Loja de Conveniência","WC"],"hours":{"weekdays":"07:00-22:00","saturday":"07:00-22:00","sunday":"07:00-22:00","holiday":"07:00-22:00"},"paymentMethods":["Dinheiro"],"otherServices":null,"observations":"Tem duas B"}},{"type":"Feature","geometry":{"type":"Point","coordinates":[-9.295987,38.786263]},"properties":{"id":"pt-94281","source":"PT","name":"SHELL Mira-Sintra  (A16 Norte)","brand":"SHELL","address":"A 16 - IC16 - km 2,600 a 3,100","municipality":"Sintra","district":"Lisboa","postalCode":"2715-311","fuels":{"gasoline95":1.964,"gasoline98Plus":2.114,"diesel":2.064,"dieselPremium":2.144,"bioDiesel":2.074},"lastUpdated":"2026-08-10 01:15","extra":{"stationType":"Auto-estrada"},"services":["Cafetaria","Descanso de pesados","Loja de Conveniência","Multibanco","Restaurante","Venda de carburante de qualidade superior","Venda de gás doméstico em garrafas","WC","WC com fraldário","WC para deficientes"],"hours":{"weekdays":"Aberto 24 horas","saturday":"Aberto 24 horas","sunday":"Aberto 24 horas","holiday":"Aberto 24 horas"},"paymentMethods":["Dinheiro","MbWay","Multibanco","Outros"],"otherServices":null,"observations":null}},{"type":"Feature","geometry":{"type":"Point","coordinates":[-9.127039,38.788696]},"properties":{"id":"pt-94340","source":"PT","name":"Prio - Prior Velho","brand":"PRIO","address":"Rua José Fonseca Carvalho, Lote 5","municipality":"Loures","district":"Lisboa","postalCode":"2685-869","fuels":{"gasoline95":1.949,"gasoline95Plus":1.949,"diesel":2.034,"dieselPremium":2.034},"lastUpdated":"2026-08-03 09:30","extra":{"stationType":"Outro"},"services":["Calibragem de pneus"],"hours":{"weekdays":"Aberto 24 horas","saturday":"Aberto 24 horas","sunday":"Aberto 24 horas","holiday":"Aberto 24 horas"},"paymentMethods":["Dinheiro"],"otherServices":null,"observations":"Entre as 22h00 e as 07h00 o serviço funciona exclusivamente através de sistema automático. "}},{"type":"Feature","geometry":{"type":"Point","coordinates":[-9.067583,38.85916]},"properties":{"id":"pt-94358","source":"PT","name":"GALP Póvoa de Santa Iria MSRI","brand":"GALP","address":"EN 10 km 133","municipality":"Vila Franca de Xira","district":"Lisboa","postalCode":"2625-122","fuels":{"gasoline95":1.989,"gasoline95Plus":2.039,"diesel":2.087,"dieselPremium":2.137},"lastUpdated":"2026-08-10 00:00","extra":{"stationType":"Outro"},"services":["Cafetaria","Multibanco","WC"],"hours":null,"paymentMethods":["Dinheiro"],"otherServices":null,"observations":null}},{"type":"Feature","geometry":{"type":"Point","coordinates":[-9.217662,38.693817]},"properties":{"id":"pt-94384","source":"PT","name":"Galp Avenida da Índia","brand":"GALP","address":"Avª da Índia e Rua Fernão Mendes Pinto","municipality":"Lisboa","district":"Lisboa","postalCode":"1400-207","fuels":{"gasoline95":1.989,"gasoline95Plus":2.049,"diesel":2.087,"dieselPremium":2.147},"lastUpdated":"2026-08-10 00:00","extra":{"stationType":"Outro"},"services":["Cafetaria","Venda de gás doméstico em garrafas"],"hours":null,"paymentMethods":["Dinheiro","MbWay","Multibanco","Outros"],"otherServices":null,"observations":null}},{"type":"Feature","geometry":{"type":"Point","coordinates":[-9.436324,38.710285]},"properties":{"id":"pt-94405","source":"PT","name":"GALP CASCAIS sentido Lisboa/Cobre","brand":"GALP","address":"Avenida Eng. Adelino Amaro da Costa","municipality":"Cascais","district":"Lisboa","postalCode":"2750-281","fuels":{"gasoline95":2.054,"gasoline95Plus":2.104,"diesel":2.164,"dieselPremium":2.214},"lastUpdated":"2026-08-04 16:45","extra":{"stationType":"Outro"},"services":["Cafetaria","Loja de Conveniência","Multibanco","Venda de gás doméstico em garrafas","WC"],"hours":null,"paymentMethods":["Dinheiro"],"otherServices":null,"observations":null}},{"type":"Feature","geometry":{"type":"Point","coordinates":[-9.356473,38.799732]},"properties":{"id":"pt-94431","source":"PT","name":"BP  Mem Martins","brand":"BP","address":"Avenida Almirante Gago Coutinho - Parcela B","municipality":"Sintra","district":"Lisboa","postalCode":"2725-320","fuels":{"gasoline95":1.969,"gasoline98Plus":2.199,"diesel":2.079,"dieselPremium":2.229},"lastUpdated":"2026-08-10 00:05","extra":{"stationType":"Outro"},"services":["Calibragem de pneus"],"hours":null,"paymentMethods":["Dinheiro"],"otherServices":null,"observations":null}},{"type":"Feature","geometry":{"type":"Point","coordinates":[-9.234634,38.743584]},"properties":{"id":"pt-94435","source":"PT","name":"GALP Amadora - Posição 11538","brand":"GALP","address":"E.N.117 Km 249 - Modelo Continente - Venteira","municipality":"Amadora","district":"Lisboa","postalCode":"2724-510","fuels":{"gasoline95":2.049,"gasoline95Plus":2.099,"diesel":2.149,"dieselPremium":2.199},"lastUpdated":"2026-08-04 09:15","extra":{"stationType":"Outro"},"services":["Calibragem de pneus"],"hours":null,"paymentMethods":["Dinheiro"],"otherServices":null,"observations":null}},{"type":"Feature","geometry":{"type":"Point","coordinates":[-9.197373,38.971996]},"properties":{"id":"pt-94465","source":"PT","name":"GASAUTO - REPSOL Sapataria","brand":"REPSOL","address":"Avª Nossa Srª Purificação,67","municipality":"Sobral de Monte Agraço","district":"Lisboa","postalCode":"2590-430","fuels":{"gasoline95":2.029,"gasoline95Plus":2.099,"diesel":2.119,"dieselPremium":2.189,"dieselAgri":1.734},"lastUpdated":"2026-08-03 11:25","extra":{"stationType":"Outro"},"services":["Calibragem de pneus"],"hours":null,"paymentMethods":["Dinheiro"],"otherServices":null,"observations":null}},{"type":"Feature","geometry":{"type":"Point","coordinates":[-9.144341,39.027058]},"properties":{"id":"pt-94500","source":"PT","name":"Interagraço Supermercados, Lda","brand":"INTERMARCHÉ","address":"Casal da Espinheira","municipality":"Sobral de Monte Agraço","district":"Lisboa","postalCode":"2590-057","fuels":{"gasoline95":1.949,"diesel":1.999,"dieselPremium":2.029},"lastUpdated":"2026-08-03 12:00","extra":{"stationType":"Outro"},"services":["Cafetaria","Multibanco"],"hours":{"weekdays":"Aberto 24 horas","saturday":"Aberto 24 horas","sunday":"Aberto 24 horas","holiday":"Aberto 24 horas"},"paymentMethods":["Dinheiro","Multibanco"],"otherServices":null,"observations":null}},{"type":"Feature","geometry":{"type":"Point","coordinates":[-9.146702,38.73704]},"properties":{"id":"pt-94543","source":"PT","name":"Repsol - MIGUEL BOMBARDA","brand":"REPSOL","address":"Av. Miguel Bombarda nº 29-A","municipality":"Lisboa","district":"Lisboa","postalCode":"1050-161","fuels":{"gasoline95":2.079,"gasoline95Plus":2.149,"diesel":2.169,"dieselPremium":2.239},"lastUpdated":"2026-08-03 15:15","extra":{"stationType":"Outro"},"services":["Calibragem de pneus"],"hours":null,"paymentMethods":["Dinheiro"],"otherServices":null,"observations":null}},{"type":"Feature","geometry":{"type":"Point","coordinates":[-9.137757,38.79364]},"properties":{"id":"pt-94581","source":"PT","name":"GALP Camarate - Posição 11174","brand":"GALP","address":"Rua dos Bombeiros Voluntários - Bairro de São Francisco","municipality":"Loures","district":"Lisboa","postalCode":"2680-534","fuels":{"gasoline95":2.059,"gasoline95Plus":2.109,"diesel":2.154,"dieselPremium":2.204},"lastUpdated":"2026-08-03 10:10","extra":{"stationType":"Outro"},"services":["Cafetaria","Loja de Conveniência","Multibanco","WC"],"hours":null,"paymentMethods":["Dinheiro"],"otherServices":null,"observations":null}},{"type":"Feature","geometry":{"type":"Point","coordinates":[-9.121651,38.72271]},"properties":{"id":"pt-94614","source":"PT","name":"GALP Avenida Mouzinho de Albuquerque ","brand":"GALP","address":"Av .MOUZINHO DE ALBUQUERQUE posto GALP","municipality":"Lisboa","district":"Lisboa","postalCode":"1170-268","fuels":{"gasoline95":2.059,"gasoline95Plus":2.109,"diesel":2.154,"dieselPremium":2.204},"lastUpdated":"2026-08-03 12:10","extra":{"stationType":"Outro"},"services":["Calibragem de pneus"],"hours":null,"paymentMethods":["Dinheiro"],"otherServices":null,"observations":null}},{"type":"Feature","geometry":{"type":"Point","coordinates":[-9.365894,39.10602]},"properties":{"id":"pt-94616","source":"PT","name":"NOVA  Silveira","brand":"NOVA","address":"Estrada Municipal Silveira - Coutada","municipality":"Torres Vedras","district":"Lisboa","postalCode":"2560-401","fuels":{"gasoline95":1.969,"gasoline95Plus":1.999,"diesel":2.025,"dieselPremium":2.055,"dieselAgri":1.529},"lastUpdated":"2026-08-03 15:35","extra":{"stationType":"Outro"},"services":["Calibragem de pneus"],"hours":{"weekdays":"07:00-21:00","saturday":"07:00-21:00","sunday":"07:00-21:00","holiday":"07:00-21:00"},"paymentMethods":["Dinheiro","Multibanco"],"otherServices":null,"observations":null}},{"type":"Feature","geometry":{"type":"Point","coordinates":[-9.130273,38.749104]},"properties":{"id":"pt-94618","source":"PT","name":"GALP Gago Coutinho","brand":"GALP","address":"Av. Almirante Gago Coutinho","municipality":"Lisboa","district":"Lisboa","postalCode":"1700-031","fuels":{"gasoline95":2.079,"gasoline95Plus":2.139,"gasoline98Plus":2.289,"diesel":2.169,"dieselPremium":2.229},"lastUpdated":"2026-08-10 04:20","extra":{"stationType":"Outro"},"services":["Calibragem de pneus"],"hours":{"weekdays":"Aberto 24 horas","saturday":"Aberto 24 horas","sunday":"Aberto 24 horas","holiday":"Aberto 24 horas"},"paymentMethods":["Dinheiro","MbWay","Multibanco","Outros"],"otherServices":null,"observations":null}},{"type":"Feature","geometry":{"type":"Point","coordinates":[-9.173125,38.82079]},"properties":{"id":"pt-94623","source":"PT","name":"INTERMARCHÉ St. António dos Cavaleiros","brand":"INTERMARCHÉ","address":"Avenida Prof. Dr. Armando dos Santos Ferreira","municipality":"Loures","district":"Lisboa","postalCode":"2670-339","fuels":{"gasoline95":1.899,"gasoline95Plus":1.909,"gasoline98":2.099,"diesel":1.989,"dieselPremium":1.999},"lastUpdated":"2026-08-03 10:25","extra":{"stationType":"Outro"},"services":["Calibragem de pneus"],"hours":{"weekdays":"Aberto 24 horas","saturday":"Aberto 24 horas","sunday":"Aberto 24 horas","holiday":"Aberto 24 horas"},"paymentMethods":["Dinheiro"],"otherServices":null,"observations":null}},{"type":"Feature","geometry":{"type":"Point","coordinates":[-8.99221,39.09391]},"properties":{"id":"pt-94625","source":"PT","name":"ASOTA-EXP.A.S.COMB.LUB.OTA LDA","brand":"GALP","address":"IC2 Km 41 - Ota","municipality":"Alenquer","district":"Lisboa","postalCode":"2580-243","fuels":{"gasoline95":2.049,"gasoline95Plus":2.099,"diesel":2.144,"dieselPremium":2.194,"dieselAgri":1.164},"lastUpdated":"2026-08-02 23:15","extra":{"stationType":"Outro"},"services":["Cafetaria","Multibanco","WC"],"hours":null,"paymentMethods":["Dinheiro"],"otherServices":null,"observations":null}},{"type":"Feature","geometry":{"type":"Point","coordinates":[-9.298369,38.787167]},"properties":{"id":"pt-94647","source":"PT","name":"SHELL Mira-Sintra  (A16 Sul)","brand":"SHELL","address":"A 16 - IC16 - km 2,600 a 3,100","municipality":"Sintra","district":"Lisboa","postalCode":"2735-395","fuels":{"gasoline95":1.964,"gasoline98Plus":2.114,"diesel":2.064,"dieselPremium":2.144,"bioDiesel":2.074,"lpg":0.969},"lastUpdated":"2026-08-10 01:15","extra":{"stationType":"Auto-estrada"},"services":["Cafetaria","Calibragem de pneus","Descanso de pesados","Loja de Conveniência","Restaurante","Venda de carburante de qualidade superior","Venda de gás doméstico em garrafas","WC","WC com fraldário","WC para deficientes"],"hours":{"weekdays":"Aberto 24 horas","saturday":"Aberto 24 horas","sunday":"Aberto 24 horas","holiday":"Aberto 24 horas"},"paymentMethods":["Dinheiro","MbWay","Multibanco","Outros"],"otherServices":null,"observations":null}},{"type":"Feature","geometry":{"type":"Point","coordinates":[-9.345892,38.786724]},"properties":{"id":"pt-94676","source":"PT","name":"GALP Mem Martins (Coudel)","brand":"GALP","address":"Rua do Coudel","municipality":"Sintra","district":"Lisboa","postalCode":"2725-037","fuels":{"gasoline95":1.989,"gasoline95Plus":2.039,"diesel":2.087,"dieselPremium":2.137},"lastUpdated":"2026-08-10 00:00","extra":{"stationType":"Outro"},"services":["Cafetaria","Loja de Conveniência","Multibanco","WC"],"hours":{"weekdays":"07:00-22:00","saturday":"07:00-22:00","sunday":"07:00-22:00","holiday":"07:00-22:00"},"paymentMethods":["Dinheiro"],"otherServices":null,"observations":"Tem uma Bomba com sistema Pay & Go"}},{"type":"Feature","geometry":{"type":"Point","coordinates":[-9.381552,38.85311]},"properties":{"id":"pt-94697","source":"PT","name":"INTERMARCHÉ Terrugem","brand":"INTERMARCHÉ","address":"Rua Alto dos Moinhos - Edifício Intermarché","municipality":"Sintra","district":"Lisboa","postalCode":"2705-844","fuels":{"gasoline95":1.859,"gasoline95Plus":1.899,"gasoline98":2.019,"diesel":1.949,"dieselPremium":1.989},"lastUpdated":"2026-08-03 09:10","extra":{"stationType":"Área comercial (Hipermercados)"},"services":["Calibragem de pneus","Multibanco","Venda de gás doméstico em garrafas","WC"],"hours":{"weekdays":"Aberto 24 horas","saturday":"Aberto 24 horas","sunday":"Aberto 24 horas","holiday":"Aberto 24 horas"},"paymentMethods":["Dinheiro","MbWay","Multibanco"],"otherServices":null,"observations":null}},{"type":"Feature","geometry":{"type":"Point","coordinates":[-9.37349,38.84008]},"properties":{"id":"pt-94739","source":"PT","name":"Oz Terrugem (Petrosintra)","brand":"OZ Energia","address":"Av. 29 de Agosto, 16/18","municipality":"Sintra","district":"Lisboa","postalCode":"2705-869","fuels":{"gasoline95":1.944,"gasoline95Plus":1.984,"diesel":2.034,"dieselPremium":2.074},"lastUpdated":"2026-08-03 16:45","extra":{"stationType":"Outro"},"services":["Cafetaria","Multibanco","WC"],"hours":null,"paymentMethods":["Dinheiro"],"otherServices":null,"observations":null}},{"type":"Feature","geometry":{"type":"Point","coordinates":[-9.279598,38.766922]},"properties":{"id":"pt-94747","source":"PT","name":"PETROPRIX Sintra 1 - Massamá","brand":"PETROPRIX ","address":"Avenida Salgueiro Maia n.º 101 e Rua Cidade de Hull n.º 29","municipality":"Sintra","district":"Lisboa","postalCode":"2735-211","fuels":{"gasoline95":1.959,"diesel":2.019},"lastUpdated":"2026-08-03 13:55","extra":{"stationType":"Outro"},"services":["Multibanco"],"hours":{"weekdays":"Aberto 24 horas","saturday":"Aberto 24 horas","sunday":"Aberto 24 horas","holiday":"Aberto 24 horas"},"paymentMethods":["Dinheiro","Multibanco"],"otherServices":null,"observations":null}},{"type":"Feature","geometry":{"type":"Point","coordinates":[-9.146946,38.854717]},"properties":{"id":"pt-94755","source":"PT","name":"BP Tojal","brand":"BP","address":"Rua Maria Amália Vaz de Carvalho, Casal da Confeiteira","municipality":"Loures","district":"Lisboa","postalCode":"2660-194","fuels":{"gasoline95":2.019,"gasoline98Plus":2.219,"diesel":2.129,"dieselPremium":2.249},"lastUpdated":"2026-08-10 00:00","extra":{"stationType":"Outro"},"services":["Cafetaria","Lavagem","Loja de Conveniência","Multibanco","Venda de gás doméstico em garrafas","WC","WC para deficientes"],"hours":{"weekdays":"Aberto 24 horas","saturday":"Aberto 24 horas","sunday":"Aberto 24 horas","holiday":"Aberto 24 horas"},"paymentMethods":["Dinheiro","MbWay","Multibanco","Outros"],"otherServices":null,"observations":null}},{"type":"Feature","geometry":{"type":"Point","coordinates":[-9.13956,38.74584]},"properties":{"id":"pt-94762","source":"PT","name":"GALP Frei Miguel Contreiras  (Av. Roma)","brand":"GALP","address":"Av. Frei Miguel Contreiras 56 A e 56 C","municipality":"Lisboa","district":"Lisboa","postalCode":"1700-213","fuels":{"gasoline95":1.989,"diesel":2.087,"dieselPremium":2.147},"lastUpdated":"2026-08-10 00:00","extra":{"stationType":"Outro"},"services":["Cafetaria","Loja de Conveniência","Multibanco","WC","WC com fraldário","WC para deficientes"],"hours":{"weekdays":"07:00-22:00","saturday":"07:00-22:00","sunday":"07:00-22:00","holiday":"07:00-22:00"},"paymentMethods":["Dinheiro","MbWay","Multibanco"],"otherServices":null,"observations":null}},{"type":"Feature","geometry":{"type":"Point","coordinates":[-9.261762,38.70403]},"properties":{"id":"pt-94820","source":"PT","name":"GALP Caxias Norte-Sul - Posição 11836","brand":"GALP","address":"EN 6-3, km 0,400","municipality":"Oeiras","district":"Lisboa","postalCode":"2760-059","fuels":{"gasoline95":2.079,"gasoline95Plus":2.139,"diesel":2.169,"dieselPremium":2.229},"lastUpdated":"2026-08-04 09:15","extra":{"stationType":"Outro"},"services":["Calibragem de pneus"],"hours":null,"paymentMethods":["Dinheiro"],"otherServices":null,"observations":null}},{"type":"Feature","geometry":{"type":"Point","coordinates":[-9.260518,38.702454]},"properties":{"id":"pt-94821","source":"PT","name":"GALP Caxias Sul-Norte - Posição 11837","brand":"GALP","address":"EN 6-3, km 0,200","municipality":"Oeiras","district":"Lisboa","postalCode":"2760-059","fuels":{"gasoline95":2.079,"gasoline95Plus":2.139,"diesel":2.169,"dieselPremium":2.229},"lastUpdated":"2026-08-04 09:20","extra":{"stationType":"Outro"},"services":["Calibragem de pneus"],"hours":null,"paymentMethods":["Dinheiro"],"otherServices":null,"observations":null}},{"type":"Feature","geometry":{"type":"Point","coordinates":[-8.970995,39.00038]},"properties":{"id":"pt-94864","source":"PT","name":"PETROPRIX Castanheira - Vila Franca de Xira","brand":"PETROPRIX ","address":"Rua do Carril - Casal do Machado, Lote 1","municipality":"Vila Franca de Xira","district":"Lisboa","postalCode":"2600-661","fuels":{"gasoline95":1.909,"diesel":1.959},"lastUpdated":"2026-08-05 08:20","extra":{"stationType":"Outro"},"services":["Multibanco"],"hours":{"weekdays":"Aberto 24 horas","saturday":"Aberto 24 horas","sunday":"Aberto 24 horas","holiday":"Aberto 24 horas"},"paymentMethods":["Dinheiro","Multibanco"],"otherServices":null,"observations":null}},{"type":"Feature","geometry":{"type":"Point","coordinates":[-9.432345,38.7063]},"properties":{"id":"pt-94893","source":"PT","name":"BP Cascais - Adelino Amaro Costa","brand":"BP","address":"Av. Engenheiro Adelino Amaro da Costa 1210","municipality":"Cascais","district":"Lisboa","postalCode":"2750-453","fuels":{"gasoline95":1.999,"gasoline98Plus":2.199,"diesel":2.109,"dieselPremium":2.229},"lastUpdated":"2026-08-10 00:00","extra":{"stationType":"Outro"},"services":["Calibragem de pneus"],"hours":null,"paymentMethods":["Dinheiro"],"otherServices":null,"observations":null}},{"type":"Feature","geometry":{"type":"Point","coordinates":[-9.346223,38.771717]},"properties":{"id":"pt-94895","source":"PT","name":"BP Sintra -  Abrunheira","brand":"BP","address":"Rua Rosa Maria Lobato Faria, 15 e 19","municipality":"Sintra","district":"Lisboa","postalCode":"2710-022","fuels":{"gasoline95":1.969,"gasoline98Plus":2.199,"diesel":2.079,"dieselPremium":2.229},"lastUpdated":"2026-08-10 00:00","extra":{"stationType":"Outro"},"services":["Calibragem de pneus"],"hours":null,"paymentMethods":["Dinheiro"],"otherServices":null,"observations":null}},{"type":"Feature","geometry":{"type":"Point","coordinates":[-9.146076,38.82265]},"properties":{"id":"pt-94923","source":"PT","name":"PLENERGY - LOURES I ","brand":"PLENERGY","address":"Rua 28 de Setembro / E.N.250 ao km 29,120 (lado esquerdo)","municipality":"Loures","district":"Lisboa","postalCode":"2660-018","fuels":{"gasoline95":1.889,"gasoline95Plus":1.909,"diesel":1.969,"dieselPremium":1.989},"lastUpdated":"2026-08-06 13:00","extra":{"stationType":"Outro"},"services":["Calibragem de pneus"],"hours":{"weekdays":"Aberto 24 horas","saturday":"Aberto 24 horas","sunday":"Aberto 24 horas","holiday":"Aberto 24 horas"},"paymentMethods":["Dinheiro","Multibanco"],"otherServices":null,"observations":null}},{"type":"Feature","geometry":{"type":"Point","coordinates":[-9.145805,38.823288]},"properties":{"id":"pt-95147","source":"PT","name":"PETROPRIX Loures 1 - Frielas","brand":"PETROPRIX ","address":"EN 250 AO KM 29,230, LADO ESQUERDO","municipality":"Loures","district":"Lisboa","postalCode":"2660-001","fuels":{"gasoline95":1.889,"diesel":1.969},"lastUpdated":"2026-08-06 07:35","extra":{"stationType":"Outro"},"services":["Multibanco"],"hours":{"weekdays":"Aberto 24 horas","saturday":"Aberto 24 horas","sunday":"Aberto 24 horas","holiday":"Aberto 24 horas"},"paymentMethods":["Dinheiro","Multibanco"],"otherServices":null,"observations":null}},{"type":"Feature","geometry":{"type":"Point","coordinates":[-9.210954,38.813442]},"properties":{"id":"pt-95172","source":"PT","name":"GALP Caneças Norte (11499) B","brand":"GALP","address":"Rua Luis de Camões","municipality":"Odivelas","district":"Lisboa","postalCode":"1685-601","fuels":{"gasoline95":2.049,"gasoline95Plus":2.099,"gasoline98Plus":2.259,"diesel":2.144,"dieselPremium":2.194,"dieselAgri":1.629,"lpg":0.944},"lastUpdated":"2026-08-03 08:50","extra":{"stationType":"Outro"},"services":["Calibragem de pneus"],"hours":null,"paymentMethods":["Dinheiro"],"otherServices":null,"observations":null}},{"type":"Feature","geometry":{"type":"Point","coordinates":[-9.211856,38.81325]},"properties":{"id":"pt-95174","source":"PT","name":"GALP Caneças Sul (14680) A","brand":"GALP","address":"Rua Luis de Camões","municipality":"Odivelas","district":"Lisboa","postalCode":"1685-525","fuels":{"gasoline95":2.049,"gasoline95Plus":2.099,"gasoline98Plus":2.259,"diesel":2.144,"dieselPremium":2.194},"lastUpdated":"2026-08-03 08:45","extra":{"stationType":"Outro"},"services":["Calibragem de pneus"],"hours":null,"paymentMethods":["Dinheiro"],"otherServices":null,"observations":null}},{"type":"Feature","geometry":{"type":"Point","coordinates":[-9.387909,38.75701]},"properties":{"id":"pt-95182","source":"PT","name":"GALP Linhó","brand":"GALP","address":"P.Galp - E.N.9 ao Km.7,600 - S. Pedro de Penaferrim","municipality":"Sintra","district":"Lisboa","postalCode":"2710-323","fuels":{"gasoline95":1.959,"gasoline95Plus":2.009,"diesel":2.062,"dieselPremium":2.112},"lastUpdated":"2026-08-10 00:00","extra":{"stationType":"Outro"},"services":["Calibragem de pneus"],"hours":{"weekdays":"08:00-22:00","saturday":"09:00-19:00","sunday":"09:00-19:00","holiday":"09:00-19:00"},"paymentMethods":["Dinheiro"],"otherServices":null,"observations":null}},{"type":"Feature","geometry":{"type":"Point","coordinates":[-9.35447,38.77212]},"properties":{"id":"pt-95185","source":"PT","name":"Repsol Abrunheira","brand":"REPSOL","address":"E. N. 249-4 km 1,0","municipality":"Sintra","district":"Lisboa","postalCode":"2725-114","fuels":{"gasoline95":1.929,"gasoline95Plus":1.989,"diesel":2.034,"dieselPremium":2.094,"lpg":0.944},"lastUpdated":"2026-08-10 00:00","extra":{"stationType":"Outro"},"services":["Cafetaria","Loja de Conveniência","Venda de gás doméstico em garrafas"],"hours":{"weekdays":"07:00-22:00","saturday":"07:00-22:00","sunday":"07:00-22:00","holiday":"00:00-00:00"},"paymentMethods":["Dinheiro","MbWay","Multibanco","Outros"],"otherServices":null,"observations":null}},{"type":"Feature","geometry":{"type":"Point","coordinates":[-9.148851,38.81879]},"properties":{"id":"pt-95186","source":"PT","name":"REPSOL Frielas","brand":"REPSOL","address":"Rua 28 Setembro, 56 - Fonte de Frielas","municipality":"Loures","district":"Lisboa","postalCode":"2660-001","fuels":{"gasoline95":1.929,"gasoline95Plus":1.989,"gasoline98Plus":2.149,"diesel":2.034,"dieselPremium":2.094},"lastUpdated":"2026-08-10 00:00","extra":{"stationType":"Outro"},"services":["Cafetaria","Loja de Conveniência"],"hours":{"weekdays":"07:00-23:00","saturday":"07:00-23:00","sunday":"07:00-23:00","holiday":"07:00-23:00"},"paymentMethods":["Dinheiro","MbWay","Multibanco","Outros"],"otherServices":null,"observations":null}},{"type":"Feature","geometry":{"type":"Point","coordinates":[-9.083812,38.836376]},"properties":{"id":"pt-95187","source":"PT","name":"REPSOL Santa Iria de Azoia","brand":"REPSOL","address":"Estrada Nacional 10, km136, Anaia","municipality":"Loures","district":"Lisboa","postalCode":"2690-366","fuels":{"gasoline95":1.929,"gasoline95Plus":1.989,"diesel":2.034,"dieselPremium":2.094},"lastUpdated":"2026-08-10 00:00","extra":{"stationType":"Outro"},"services":["WC"],"hours":{"weekdays":"06:00-23:00","saturday":"06:00-23:00","sunday":"06:00-23:00","holiday":"06:00-23:00"},"paymentMethods":["Dinheiro","MbWay","Multibanco","Outros"],"otherServices":null,"observations":null}},{"type":"Feature","geometry":{"type":"Point","coordinates":[-9.44785,38.6962]},"properties":{"id":"pt-95213","source":"PT","name":"REPSOL Cascais - Guia","brand":"REPSOL","address":"Repsol - Estrada do Guincho","municipality":"Cascais","district":"Lisboa","postalCode":"2750-001","fuels":{"gasoline95":1.979,"gasoline95Plus":2.049,"gasoline98Plus":2.179,"diesel":2.084,"dieselPremium":2.154},"lastUpdated":"2026-08-10 00:00","extra":{"stationType":"Outro"},"services":["Loja de Conveniência","Multibanco","WC"],"hours":null,"paymentMethods":["Dinheiro"],"otherServices":null,"observations":null}},{"type":"Feature","geometry":{"type":"Point","coordinates":[-9.060407,39.287643]},"properties":{"id":"pt-95214","source":"PT","name":"PAC VALCARCE Figueiros Palhoça","brand":"Genérico","address":"ESTRADA NACIONAL 115, KM 18, PALHOÇA","municipality":"Cadaval","district":"Lisboa","postalCode":"2550-306","fuels":{"gasoline95":1.989,"gasoline95Plus":2.054,"diesel":2.038,"dieselPremium":2.078,"dieselAgri":1.538},"lastUpdated":"2026-08-07 00:00","extra":{"stationType":"Outro"},"services":["Cafetaria","Loja de Conveniência","Multibanco","Restaurante","Venda de gás doméstico em garrafas","Venda de gasóleo agrícola","WC","WC para deficientes"],"hours":{"weekdays":"06:00-21:00","saturday":"06:00-21:00","sunday":"07:00-21:00","holiday":"06:00-21:00"},"paymentMethods":["Dinheiro","MbWay","Multibanco","Outros"],"otherServices":null,"observations":null}},{"type":"Feature","geometry":{"type":"Point","coordinates":[-9.2116,38.76446]},"properties":{"id":"pt-95259","source":"PT","name":"GALP - Brandoa","brand":"Genérico","address":"Avª Prof. Ruy Luis Gomes","municipality":"Amadora","district":"Lisboa","postalCode":"2650-125","fuels":{"gasoline95":2.049,"gasoline95Plus":2.099,"diesel":2.144,"dieselPremium":2.194},"lastUpdated":"2026-08-04 14:50","extra":{"stationType":"Outro"},"services":["Cafetaria","Calibragem de pneus","Loja de Conveniência","Multibanco","WC para deficientes"],"hours":{"weekdays":"Aberto 24 horas","saturday":"Aberto 24 horas","sunday":"Aberto 24 horas","holiday":"Aberto 24 horas"},"paymentMethods":["Dinheiro","MbWay","Multibanco","Outros"],"otherServices":null,"observations":null}}]}